x-axis,1,2,3
second,Volt,Volt,Volt
+2.9000000E-03,+10.5950844E-03,-102.8712314E-03,+142.9569708E-03
+2.9001000E-03,+5.8677760E-03,-102.9497490E-03,+142.9569708E-03
+2.9002000E-03,+2.1303389E-03,-102.4786435E-03,+142.9569708E-03
+2.9003000E-03,-1.2743014E-03,-102.6749374E-03,+142.9569708E-03
+2.9004000E-03,-3.6819255E-03,-102.5571610E-03,+142.9569708E-03
+2.9005000E-03,-4.8358592E-03,-102.8712314E-03,+142.9569708E-03
+2.9006000E-03,-5.6940957E-03,-102.8712314E-03,+142.9569708E-03
+2.9007000E-03,-4.4662377E-03,-102.5179023E-03,+142.9569708E-03
+2.9008000E-03,-2.2748903E-03,-102.7141962E-03,+142.9569708E-03
+2.9009000E-03,+1.5408681E-03,-102.6356786E-03,+142.9569708E-03
+2.9010000E-03,+5.8859136E-03,-102.4001259E-03,+142.9569708E-03
+2.9011000E-03,+11.2178074E-03,-102.5179023E-03,+142.9569708E-03
+2.9012000E-03,+17.3235705E-03,-103.0282666E-03,+142.9569708E-03
+2.9013000E-03,+22.3561945E-03,-102.7927138E-03,+142.9569708E-03
+2.9014000E-03,+26.7699429E-03,-102.5571610E-03,+142.9569708E-03
+2.9015000E-03,+30.1251172E-03,-102.2430907E-03,+142.9569708E-03
+2.9016000E-03,+32.3095942E-03,-102.5571610E-03,+142.9569708E-03
+2.9017000E-03,+32.6088640E-03,-102.7141962E-03,+142.9569708E-03
+2.9018000E-03,+31.3279674E-03,-102.4001259E-03,+142.9569708E-03
+2.9019000E-03,+29.9223063E-03,-102.2430907E-03,+142.9569708E-03
+2.9020000E-03,+27.1717174E-03,-102.7141962E-03,+142.9569708E-03
+2.9021000E-03,+23.1091782E-03,-102.5179023E-03,+142.9569708E-03
+2.9022000E-03,+18.9449587E-03,-102.4786435E-03,+142.9569708E-03
+2.9023000E-03,+14.4155147E-03,-102.3216083E-03,+142.9569708E-03
+2.9024000E-03,+10.0465606E-03,-102.7141962E-03,+142.9569708E-03
+2.9025000E-03,+5.6740339E-03,-102.7141962E-03,+142.9569708E-03
+2.9026000E-03,+1.9973301E-03,-102.4786435E-03,+142.9569708E-03
+2.9027000E-03,-1.0624217E-03,-102.4393847E-03,+142.9569708E-03
+2.9028000E-03,-3.8852860E-03,-102.8712314E-03,+142.9569708E-03
+2.9029000E-03,-5.0837392E-03,-102.9890078E-03,+142.9569708E-03
+2.9030000E-03,-5.3016648E-03,-102.7927138E-03,+142.9569708E-03
+2.9031000E-03,-4.3697788E-03,-102.4393847E-03,+142.9569708E-03
+2.9032000E-03,-2.1737597E-03,-102.8712314E-03,+142.9569708E-03
+2.9033000E-03,+1.4507299E-03,-102.8712314E-03,+142.9569708E-03
+2.9034000E-03,+6.6526379E-03,-102.6356786E-03,+142.9569708E-03
+2.9035000E-03,+11.8974164E-03,-102.4001259E-03,+142.9569708E-03
+2.9036000E-03,+17.5071446E-03,-102.5571610E-03,+142.9569708E-03
+2.9037000E-03,+23.0575136E-03,-102.9497490E-03,+142.9569708E-03
+2.9038000E-03,+27.1184040E-03,-102.5571610E-03,+142.9569708E-03
+2.9039000E-03,+30.2116828E-03,-102.2430907E-03,+142.9569708E-03
+2.9040000E-03,+31.7039096E-03,-102.5571610E-03,+142.9569708E-03
+2.9041000E-03,+32.4830003E-03,-102.7141962E-03,+142.9569708E-03
+2.9042000E-03,+31.6544435E-03,-102.4001259E-03,+142.9569708E-03
+2.9043000E-03,+29.4817833E-03,-102.2038319E-03,+142.9569708E-03
+2.9044000E-03,+26.5660327E-03,-102.7141962E-03,+142.9569708E-03
+2.9045000E-03,+22.5991279E-03,-102.7534550E-03,+142.9569708E-03
+2.9046000E-03,+18.5288940E-03,-102.5571610E-03,+142.9569708E-03
+2.9047000E-03,+14.0200608E-03,-102.4001259E-03,+142.9569708E-03
+2.9048000E-03,+9.6288470E-03,-102.8712314E-03,+142.9569708E-03
+2.9049000E-03,+5.7515308E-03,-102.7534550E-03,+142.9569708E-03
+2.9050000E-03,+1.6845946E-03,-102.5571610E-03,+142.9569708E-03
+2.9051000E-03,-1.3735084E-03,-102.5179023E-03,+142.9569708E-03
+2.9052000E-03,-3.7610712E-03,-102.8712314E-03,+142.9569708E-03
+2.9053000E-03,-5.1777248E-03,-103.2638193E-03,+142.9569708E-03
+2.9054000E-03,-5.1653583E-03,-102.6356786E-03,+142.9569708E-03
+2.9055000E-03,-4.4318862E-03,-102.4786435E-03,+142.9569708E-03
+2.9056000E-03,-1.7318627E-03,-102.7141962E-03,+142.9569708E-03
+2.9057000E-03,+2.0039256E-03,-102.9890078E-03,+142.9569708E-03
+2.9058000E-03,+6.8032346E-03,-102.5571610E-03,+142.9569708E-03
+2.9059000E-03,+12.1469453E-03,-102.5571610E-03,+142.9569708E-03
+2.9060000E-03,+17.5928858E-03,-102.8712314E-03,+142.9569708E-03
+2.9061000E-03,+23.1751330E-03,-103.0675254E-03,+142.9569708E-03
+2.9062000E-03,+27.4168493E-03,-102.4786435E-03,+142.9569708E-03
+2.9063000E-03,+30.2658207E-03,-102.2038319E-03,+142.9569708E-03
+2.9064000E-03,+32.1655930E-03,-102.7141962E-03,+142.9569708E-03
+2.9065000E-03,+32.4673361E-03,-102.7927138E-03,+142.9569708E-03
+2.9066000E-03,+31.5478166E-03,-102.3216083E-03,+142.9569708E-03
+2.9067000E-03,+29.3446524E-03,-102.3216083E-03,+142.9569708E-03
+2.9068000E-03,+26.0372953E-03,-102.7141962E-03,+142.9569708E-03
+2.9069000E-03,+22.4892033E-03,-103.1067842E-03,+142.9569708E-03
+2.9070000E-03,+18.0908444E-03,-102.4001259E-03,+142.9569708E-03
+2.9071000E-03,+14.3550561E-03,-102.2430907E-03,+142.9569708E-03
+2.9072000E-03,+9.4617616E-03,-102.8712314E-03,+142.9569708E-03
+2.9073000E-03,+5.4033445E-03,-103.0282666E-03,+142.9569708E-03
+2.9074000E-03,+1.6241360E-03,-102.7141962E-03,+142.9569708E-03
+2.9075000E-03,-1.7008090E-03,-102.4786435E-03,+142.9569708E-03
+2.9076000E-03,-3.6841240E-03,-103.0282666E-03,+142.9569708E-03
+2.9077000E-03,-5.3263978E-03,-103.0282666E-03,+142.9569708E-03
+2.9078000E-03,-5.4044443E-03,-102.7141962E-03,+142.9569708E-03
+2.9079000E-03,-4.1999453E-03,-102.4001259E-03,+142.9569708E-03
+2.9080000E-03,-1.8231001E-03,-102.5571610E-03,+142.9569708E-03
+2.9081000E-03,+2.2894548E-03,-102.8712314E-03,+142.9569708E-03
+2.9082000E-03,+6.8241203E-03,-102.5571610E-03,+142.9569708E-03
+2.9083000E-03,+12.4692992E-03,-102.4786435E-03,+142.9569708E-03
+2.9084000E-03,+18.1589977E-03,-102.5571610E-03,+142.9569708E-03
+2.9085000E-03,+23.2300953E-03,-102.9497490E-03,+142.9569708E-03
+2.9086000E-03,+27.6608820E-03,-102.4001259E-03,+142.9569708E-03
+2.9087000E-03,+30.4777004E-03,-102.2430907E-03,+142.9569708E-03
+2.9088000E-03,+32.3150905E-03,-102.4001259E-03,+142.9569708E-03
+2.9089000E-03,+32.6503606E-03,-102.6749374E-03,+142.9569708E-03
+2.9090000E-03,+31.3191734E-03,-102.4001259E-03,+142.9569708E-03
+2.9091000E-03,+29.2295063E-03,-102.0860555E-03,+142.9569708E-03
+2.9092000E-03,+26.0669750E-03,-102.5571610E-03,+142.9569708E-03
+2.9093000E-03,+22.3677366E-03,-102.5571610E-03,+142.9569708E-03
+2.9094000E-03,+17.8352696E-03,-102.4001259E-03,+142.9569708E-03
+2.9095000E-03,+13.6031717E-03,-102.2038319E-03,+142.9569708E-03
+2.9096000E-03,+9.5595945E-03,-102.5571610E-03,+142.9569708E-03
+2.9097000E-03,+4.8366831E-03,-102.7534550E-03,+142.9569708E-03
+2.9098000E-03,+1.1701473E-03,-102.6356786E-03,+142.9569708E-03
+2.9099000E-03,-1.9187345E-03,-102.2038319E-03,+142.9569708E-03
+2.9100000E-03,-3.8819883E-03,-103.0282666E-03,+142.9569708E-03
+2.9101000E-03,-4.9960743E-03,-103.1067842E-03,+142.9569708E-03
+2.9102000E-03,-5.4159864E-03,-102.6356786E-03,+142.9569708E-03
+2.9103000E-03,-3.7959723E-03,-102.5179023E-03,+142.9569708E-03
+2.9104000E-03,-1.6428237E-03,-103.0282666E-03,+142.9569708E-03
+2.9105000E-03,+2.0973615E-03,-102.7534550E-03,+142.9569708E-03
+2.9106000E-03,+7.2874525E-03,-102.7141962E-03,+142.9569708E-03
+2.9107000E-03,+12.6111020E-03,-102.4001259E-03,+142.9569708E-03
+2.9108000E-03,+18.4118243E-03,-102.8712314E-03,+142.9569708E-03
+2.9109000E-03,+23.4359291E-03,-102.8319726E-03,+142.9569708E-03
+2.9110000E-03,+27.9208537E-03,-102.4001259E-03,+142.9569708E-03
+2.9111000E-03,+30.8893681E-03,-102.0075379E-03,+142.9569708E-03
+2.9112000E-03,+32.0644623E-03,-102.7141962E-03,+142.9569708E-03
+2.9113000E-03,+32.5921005E-03,-102.8319726E-03,+142.9569708E-03
+2.9114000E-03,+31.4214033E-03,-102.4001259E-03,+142.9569708E-03
+2.9115000E-03,+29.1187573E-03,-102.2038319E-03,+142.9569708E-03
+2.9116000E-03,+25.9515541E-03,-102.5571610E-03,+142.9569708E-03
+2.9117000E-03,+21.9887715E-03,-102.9497490E-03,+142.9569708E-03
+2.9118000E-03,+17.9748739E-03,-102.5571610E-03,+142.9569708E-03
+2.9119000E-03,+13.2170615E-03,-102.2430907E-03,+142.9569708E-03
+2.9120000E-03,+8.9923834E-03,-102.7141962E-03,+142.9569708E-03
+2.9121000E-03,+5.0774180E-03,-102.6749374E-03,+142.9569708E-03
+2.9122000E-03,+876.6486E-06,-102.5571610E-03,+142.9569708E-03
+2.9123000E-03,-1.9354980E-03,-102.5179023E-03,+142.9569708E-03
+2.9124000E-03,-4.1633953E-03,-103.0282666E-03,+142.9569708E-03
+2.9125000E-03,-5.0535100E-03,-103.2245605E-03,+142.9569708E-03
+2.9126000E-03,-5.0735712E-03,-102.5571610E-03,+142.9569708E-03
+2.9127000E-03,-4.0669365E-03,-102.4786435E-03,+142.9569708E-03
+2.9128000E-03,-1.3350348E-03,-102.8712314E-03,+142.9569708E-03
+2.9129000E-03,+2.4241125E-03,-102.9497490E-03,+142.9569708E-03
+2.9130000E-03,+7.6331655E-03,-102.5571610E-03,+142.9569708E-03
+2.9131000E-03,+13.0277163E-03,-102.4001259E-03,+142.9569708E-03
+2.9132000E-03,+18.6217803E-03,-102.5571610E-03,+142.9569708E-03
+2.9133000E-03,+24.0009417E-03,-102.6749374E-03,+142.9569708E-03
+2.9134000E-03,+27.7796006E-03,-102.5571610E-03,+142.9569708E-03
+2.9135000E-03,+30.7761458E-03,-102.1645731E-03,+142.9569708E-03
+2.9136000E-03,+32.2854108E-03,-102.4001259E-03,+142.9569708E-03
+2.9137000E-03,+32.5901768E-03,-102.7927138E-03,+142.9569708E-03
+2.9138000E-03,+31.5758474E-03,-102.4786435E-03,+142.9569708E-03
+2.9139000E-03,+28.8563122E-03,-102.2038319E-03,+142.9569708E-03
+2.9140000E-03,+25.6888343E-03,-102.7141962E-03,+142.9569708E-03
+2.9141000E-03,+21.6260202E-03,-102.8319726E-03,+142.9569708E-03
+2.9142000E-03,+17.5016484E-03,-102.5571610E-03,+142.9569708E-03
+2.9143000E-03,+12.8147373E-03,-102.3608671E-03,+142.9569708E-03
+2.9144000E-03,+8.4493558E-03,-102.8712314E-03,+142.9569708E-03
+2.9145000E-03,+4.7743009E-03,-102.8712314E-03,+142.9569708E-03
+2.9146000E-03,+856.8622E-06,-102.6356786E-03,+142.9569708E-03
+2.9147000E-03,-2.1484770E-03,-102.4786435E-03,+142.9569708E-03
+2.9148000E-03,-4.2249531E-03,-102.7141962E-03,+142.9569708E-03
+2.9149000E-03,-5.2582446E-03,-102.8712314E-03,+142.9569708E-03
+2.9150000E-03,-4.8427295E-03,-102.7141962E-03,+142.9569708E-03
+2.9151000E-03,-3.8316978E-03,-102.3608671E-03,+142.9569708E-03
+2.9152000E-03,-1.1250788E-03,-102.7141962E-03,+142.9569708E-03
+2.9153000E-03,+3.1284545E-03,-102.9890078E-03,+142.9569708E-03
+2.9154000E-03,+7.7727697E-03,-102.5571610E-03,+142.9569708E-03
+2.9155000E-03,+13.5133083E-03,-102.3608671E-03,+142.9569708E-03
+2.9156000E-03,+18.9317677E-03,-102.5571610E-03,+142.9569708E-03
+2.9157000E-03,+24.0657972E-03,-102.6749374E-03,+142.9569708E-03
+2.9158000E-03,+28.1258631E-03,-102.4001259E-03,+142.9569708E-03
+2.9159000E-03,+30.7624052E-03,-102.2038319E-03,+142.9569708E-03
+2.9160000E-03,+32.4382060E-03,-102.7141962E-03,+142.9569708E-03
+2.9161000E-03,+32.4453511E-03,-102.5571610E-03,+142.9569708E-03
+2.9162000E-03,+31.0504077E-03,-102.4786435E-03,+142.9569708E-03
+2.9163000E-03,+28.3462620E-03,-102.3216083E-03,+142.9569708E-03
+2.9164000E-03,+25.0193933E-03,-102.8712314E-03,+142.9569708E-03
+2.9165000E-03,+21.4627822E-03,-102.8712314E-03,+142.9569708E-03
+2.9166000E-03,+16.8272609E-03,-102.5571610E-03,+142.9569708E-03
+2.9167000E-03,+12.5500938E-03,-102.2823495E-03,+142.9569708E-03
+2.9168000E-03,+8.3625153E-03,-102.5571610E-03,+142.9569708E-03
+2.9169000E-03,+4.3238847E-03,-102.9104902E-03,+142.9569708E-03
+2.9170000E-03,+497.9583E-06,-102.4786435E-03,+142.9569708E-03
+2.9171000E-03,-2.4037769E-03,-102.5179023E-03,+142.9569708E-03
+2.9172000E-03,-4.1304179E-03,-103.1853017E-03,+142.9569708E-03
+2.9173000E-03,-5.1796485E-03,-103.1067842E-03,+142.9569708E-03
+2.9174000E-03,-5.0290517E-03,-102.7927138E-03,+142.9569708E-03
+2.9175000E-03,-3.4980766E-03,-102.4001259E-03,+142.9569708E-03
+2.9176000E-03,-685.3803E-06,-102.8712314E-03,+142.9569708E-03
+2.9177000E-03,+3.3867773E-03,-102.9497490E-03,+142.9569708E-03
+2.9178000E-03,+8.4009890E-03,-102.4786435E-03,+142.9569708E-03
+2.9179000E-03,+13.9057392E-03,-102.5179023E-03,+142.9569708E-03
+2.9180000E-03,+19.4231308E-03,-102.8712314E-03,+142.9569708E-03
+2.9181000E-03,+24.4950529E-03,-102.7927138E-03,+142.9569708E-03
+2.9182000E-03,+28.5727067E-03,-102.4786435E-03,+142.9569708E-03
+2.9183000E-03,+31.1094922E-03,-102.3608671E-03,+142.9569708E-03
+2.9184000E-03,+32.4964661E-03,-102.7141962E-03,+142.9569708E-03
+2.9185000E-03,+32.3244341E-03,-102.5571610E-03,+142.9569708E-03
+2.9186000E-03,+30.7975811E-03,-102.3216083E-03,+142.9569708E-03
+2.9187000E-03,+28.5669357E-03,-102.2038319E-03,+142.9569708E-03
+2.9188000E-03,+25.0248895E-03,-102.7141962E-03,+142.9569708E-03
+2.9189000E-03,+21.1379549E-03,-102.9497490E-03,+142.9569708E-03
+2.9190000E-03,+16.5689380E-03,-102.3216083E-03,+142.9569708E-03
+2.9191000E-03,+12.2293887E-03,-102.3608671E-03,+142.9569708E-03
+2.9192000E-03,+8.3812025E-03,-102.5571610E-03,+142.9569708E-03
+2.9193000E-03,+3.9616831E-03,-102.7141962E-03,+142.9569708E-03
+2.9194000E-03,+472.6756E-06,-102.7141962E-03,+142.9569708E-03
+2.9195000E-03,-2.4807242E-03,-102.4786435E-03,+142.9569708E-03
+2.9196000E-03,-4.5063601E-03,-102.8712314E-03,+142.9569708E-03
+2.9197000E-03,-5.3351918E-03,-103.1067842E-03,+142.9569708E-03
+2.9198000E-03,-5.1252358E-03,-102.6356786E-03,+142.9569708E-03
+2.9199000E-03,-3.4051902E-03,-102.4001259E-03,+142.9569708E-03
+2.9200000E-03,-733.7471E-06,-102.4001259E-03,+142.9569708E-03
+2.9201000E-03,+3.3150515E-03,-102.8319726E-03,+142.9569708E-03
+2.9202000E-03,+8.7483508E-03,-102.4001259E-03,+142.9569708E-03
+2.9203000E-03,+14.1857722E-03,-102.4786435E-03,+142.9569708E-03
+2.9204000E-03,+19.7507062E-03,-102.7141962E-03,+142.9569708E-03
+2.9205000E-03,+24.6305350E-03,-102.9104902E-03,+142.9569708E-03
+2.9206000E-03,+28.7183568E-03,-102.5571610E-03,+142.9569708E-03
+2.9207000E-03,+31.1188358E-03,-102.0860555E-03,+142.9569708E-03
+2.9208000E-03,+32.3337777E-03,-102.5571610E-03,+142.9569708E-03
+2.9209000E-03,+32.3769231E-03,-102.7534550E-03,+142.9569708E-03
+2.9210000E-03,+30.7530616E-03,-102.6356786E-03,+142.9569708E-03
+2.9211000E-03,+28.2794828E-03,-102.2038319E-03,+142.9569708E-03
+2.9212000E-03,+25.0809511E-03,-102.7141962E-03,+142.9569708E-03
+2.9213000E-03,+21.0741986E-03,-102.9890078E-03,+142.9569708E-03
+2.9214000E-03,+16.7272295E-03,-102.3216083E-03,+142.9569708E-03
+2.9215000E-03,+12.2557706E-03,-102.2823495E-03,+142.9569708E-03
+2.9216000E-03,+7.9766799E-03,-102.7141962E-03,+142.9569708E-03
+2.9217000E-03,+4.0718825E-03,-102.9104902E-03,+142.9569708E-03
+2.9218000E-03,+323.7277E-06,-102.7927138E-03,+142.9569708E-03
+2.9219000E-03,-2.4614874E-03,-102.3216083E-03,+142.9569708E-03
+2.9220000E-03,-4.2634267E-03,-102.7141962E-03,+142.9569708E-03
+2.9221000E-03,-5.1114952E-03,-103.1067842E-03,+142.9569708E-03
+2.9222000E-03,-5.1615109E-03,-102.7927138E-03,+142.9569708E-03
+2.9223000E-03,-3.6824751E-03,-102.5179023E-03,+142.9569708E-03
+2.9224000E-03,-269.8652E-06,-102.7141962E-03,+142.9569708E-03
+2.9225000E-03,+3.9047971E-03,-102.8712314E-03,+142.9569708E-03
+2.9226000E-03,+8.8373897E-03,-102.6356786E-03,+142.9569708E-03
+2.9227000E-03,+14.5218667E-03,-102.4786435E-03,+142.9569708E-03
+2.9228000E-03,+19.9947388E-03,-102.7141962E-03,+142.9569708E-03
+2.9229000E-03,+24.9034228E-03,-102.7927138E-03,+142.9569708E-03
+2.9230000E-03,+28.5562180E-03,-102.6356786E-03,+142.9569708E-03
+2.9231000E-03,+31.2578904E-03,-102.3216083E-03,+142.9569708E-03
+2.9232000E-03,+32.2436395E-03,-102.5571610E-03,+142.9569708E-03
+2.9233000E-03,+31.8927051E-03,-102.8712314E-03,+142.9569708E-03
+2.9234000E-03,+30.4711049E-03,-102.4786435E-03,+142.9569708E-03
+2.9235000E-03,+27.8450057E-03,-102.0860555E-03,+142.9569708E-03
+2.9236000E-03,+24.5005491E-03,-102.7141962E-03,+142.9569708E-03
+2.9237000E-03,+20.5504078E-03,-102.7927138E-03,+142.9569708E-03
+2.9238000E-03,+16.2105837E-03,-102.5571610E-03,+142.9569708E-03
+2.9239000E-03,+11.8075530E-03,-102.3608671E-03,+142.9569708E-03
+2.9240000E-03,+7.6051347E-03,-102.7141962E-03,+142.9569708E-03
+2.9241000E-03,+3.8580792E-03,-102.9104902E-03,+142.9569708E-03
+2.9242000E-03,+39.0230E-06,-102.7141962E-03,+142.9569708E-03
+2.9243000E-03,-2.6164811E-03,-102.4786435E-03,+142.9569708E-03
+2.9244000E-03,-4.3414732E-03,-102.8712314E-03,+142.9569708E-03
+2.9245000E-03,-5.2950693E-03,-103.1067842E-03,+142.9569708E-03
+2.9246000E-03,-4.9290203E-03,-102.7141962E-03,+142.9569708E-03
+2.9247000E-03,-3.1570354E-03,-102.5179023E-03,+142.9569708E-03
+2.9248000E-03,-17.0386E-06,-103.0282666E-03,+142.9569708E-03
+2.9249000E-03,+4.3071212E-03,-102.8712314E-03,+142.9569708E-03
+2.9250000E-03,+9.2457597E-03,-102.4001259E-03,+142.9569708E-03
+2.9251000E-03,+14.8557628E-03,-102.2430907E-03,+142.9569708E-03
+2.9252000E-03,+20.2695504E-03,-102.5571610E-03,+142.9569708E-03
+2.9253000E-03,+25.2057155E-03,-102.9104902E-03,+142.9569708E-03
+2.9254000E-03,+29.0866043E-03,-102.3216083E-03,+142.9569708E-03
+2.9255000E-03,+31.4774648E-03,-102.0860555E-03,+142.9569708E-03
+2.9256000E-03,+32.5228480E-03,-102.5571610E-03,+142.9569708E-03
+2.9257000E-03,+31.7657422E-03,-102.7534550E-03,+142.9569708E-03
+2.9258000E-03,+30.3980051E-03,-102.4786435E-03,+142.9569708E-03
+2.9259000E-03,+27.8293415E-03,-102.2038319E-03,+142.9569708E-03
+2.9260000E-03,+24.0982250E-03,-102.5571610E-03,+142.9569708E-03
+2.9261000E-03,+20.1337935E-03,-102.8319726E-03,+142.9569708E-03
+2.9262000E-03,+15.8621227E-03,-102.4786435E-03,+142.9569708E-03
+2.9263000E-03,+11.4964663E-03,-102.3608671E-03,+142.9569708E-03
+2.9264000E-03,+7.0522139E-03,-102.5571610E-03,+142.9569708E-03
+2.9265000E-03,+3.4884576E-03,-102.8712314E-03,+142.9569708E-03
+2.9266000E-03,+162.6882E-06,-102.5571610E-03,+142.9569708E-03
+2.9267000E-03,-2.8596893E-03,-102.4786435E-03,+142.9569708E-03
+2.9268000E-03,-4.6184833E-03,-102.7141962E-03,+142.9569708E-03
+2.9269000E-03,-5.3404132E-03,-103.1067842E-03,+142.9569708E-03
+2.9270000E-03,-4.7861183E-03,-102.5571610E-03,+142.9569708E-03
+2.9271000E-03,-3.1828677E-03,-102.4001259E-03,+142.9569708E-03
+2.9272000E-03,-136.8564E-06,-102.5571610E-03,+142.9569708E-03
+2.9273000E-03,+4.4824510E-03,-102.9890078E-03,+142.9569708E-03
+2.9274000E-03,+9.5040825E-03,-102.7141962E-03,+142.9569708E-03
+2.9275000E-03,+15.0800090E-03,-102.2430907E-03,+142.9569708E-03
+2.9276000E-03,+20.5762401E-03,-102.5571610E-03,+142.9569708E-03
+2.9277000E-03,+25.2774414E-03,-103.0282666E-03,+142.9569708E-03
+2.9278000E-03,+29.1992771E-03,-102.3216083E-03,+142.9569708E-03
+2.9279000E-03,+31.4005176E-03,-102.1253143E-03,+142.9569708E-03
+2.9280000E-03,+32.3799460E-03,-102.2430907E-03,+142.9569708E-03
+2.9281000E-03,+31.7599711E-03,-102.7927138E-03,+142.9569708E-03
+2.9282000E-03,+30.1012086E-03,-102.4786435E-03,+142.9569708E-03
+2.9283000E-03,+27.8961207E-03,-102.3608671E-03,+142.9569708E-03
+2.9284000E-03,+24.2323330E-03,-103.0282666E-03,+142.9569708E-03
+2.9285000E-03,+19.8059433E-03,-103.1067842E-03,+142.9569708E-03
+2.9286000E-03,+15.6362276E-03,-102.5571610E-03,+142.9569708E-03
+2.9287000E-03,+11.5135046E-03,-102.5179023E-03,+142.9569708E-03
+2.9288000E-03,+7.3468118E-03,-102.8712314E-03,+142.9569708E-03
+2.9289000E-03,+3.1454928E-03,-102.8712314E-03,+142.9569708E-03
+2.9290000E-03,+64.8553E-06,-102.8712314E-03,+142.9569708E-03
+2.9291000E-03,-2.6351683E-03,-102.5179023E-03,+142.9569708E-03
+2.9292000E-03,-4.5426353E-03,-102.8712314E-03,+142.9569708E-03
+2.9293000E-03,-5.2741836E-03,-103.2245605E-03,+142.9569708E-03
+2.9294000E-03,-4.7377515E-03,-102.7927138E-03,+142.9569708E-03
+2.9295000E-03,-2.7651541E-03,-102.5571610E-03,+142.9569708E-03
+2.9296000E-03,+141.2529E-06,-102.8712314E-03,+142.9569708E-03
+2.9297000E-03,+4.5690166E-03,-102.9890078E-03,+142.9569708E-03
+2.9298000E-03,+9.8360549E-03,-102.6356786E-03,+142.9569708E-03
+2.9299000E-03,+15.4048362E-03,-102.5964198E-03,+142.9569708E-03
+2.9300000E-03,+21.0610077E-03,-102.7141962E-03,+142.9569708E-03
+2.9301000E-03,+25.7099947E-03,-102.9497490E-03,+142.9569708E-03
+2.9302000E-03,+29.2646822E-03,-102.4001259E-03,+142.9569708E-03
+2.9303000E-03,+31.3103794E-03,-102.1645731E-03,+142.9569708E-03
+2.9304000E-03,+32.1622952E-03,-102.4001259E-03,+142.9569708E-03
+2.9305000E-03,+31.8152082E-03,-102.6749374E-03,+142.9569708E-03
+2.9306000E-03,+29.9753449E-03,-102.5571610E-03,+142.9569708E-03
+2.9307000E-03,+27.1577020E-03,-102.4786435E-03,+142.9569708E-03
+2.9308000E-03,+23.5453041E-03,-102.7141962E-03,+142.9569708E-03
+2.9309000E-03,+19.7383397E-03,-102.9890078E-03,+142.9569708E-03
+2.9310000E-03,+15.5026692E-03,-102.7141962E-03,+142.9569708E-03
+2.9311000E-03,+10.8105367E-03,-102.2430907E-03,+142.9569708E-03
+2.9312000E-03,+6.8631435E-03,-102.8712314E-03,+142.9569708E-03
+2.9313000E-03,+3.1246071E-03,-102.8712314E-03,+142.9569708E-03
+2.9314000E-03,-238.5367E-06,-102.6356786E-03,+142.9569708E-03
+2.9315000E-03,-3.0864088E-03,-102.4001259E-03,+142.9569708E-03
+2.9316000E-03,-4.8548212E-03,-102.8712314E-03,+142.9569708E-03
+2.9317000E-03,-5.1494192E-03,-103.1853017E-03,+142.9569708E-03
+2.9318000E-03,-4.6536591E-03,-102.7927138E-03,+142.9569708E-03
+2.9319000E-03,-2.8377044E-03,-102.4001259E-03,+142.9569708E-03
+2.9320000E-03,+713.9601E-06,-102.5571610E-03,+142.9569708E-03
+2.9321000E-03,+5.0642271E-03,-102.8712314E-03,+142.9569708E-03
+2.9322000E-03,+10.1421950E-03,-102.4001259E-03,+142.9569708E-03
+2.9323000E-03,+15.8176032E-03,-102.3608671E-03,+142.9569708E-03
+2.9324000E-03,+21.5688594E-03,-102.7141962E-03,+142.9569708E-03
+2.9325000E-03,+26.1249602E-03,-102.7927138E-03,+142.9569708E-03
+2.9326000E-03,+29.3883474E-03,-102.5571610E-03,+142.9569708E-03
+2.9327000E-03,+31.7572230E-03,-102.2038319E-03,+142.9569708E-03
+2.9328000E-03,+32.4865729E-03,-102.4001259E-03,+142.9569708E-03
+2.9329000E-03,+31.6291608E-03,-102.8319726E-03,+142.9569708E-03
+2.9330000E-03,+29.8291451E-03,-102.4786435E-03,+142.9569708E-03
+2.9331000E-03,+26.9153182E-03,-102.4786435E-03,+142.9569708E-03
+2.9332000E-03,+23.2320190E-03,-102.4001259E-03,+142.9569708E-03
+2.9333000E-03,+19.2304879E-03,-102.9890078E-03,+142.9569708E-03
+2.9334000E-03,+15.3410800E-03,-102.4786435E-03,+142.9569708E-03
+2.9335000E-03,+10.9243087E-03,-102.4001259E-03,+142.9569708E-03
+2.9336000E-03,+6.3772767E-03,-102.7141962E-03,+142.9569708E-03
+2.9337000E-03,+2.7717491E-03,-103.0282666E-03,+142.9569708E-03
+2.9338000E-03,-478.1724E-06,-102.7141962E-03,+142.9569708E-03
+2.9339000E-03,-3.1180122E-03,-102.5571610E-03,+142.9569708E-03
+2.9340000E-03,-4.9460586E-03,-102.8712314E-03,+142.9569708E-03
+2.9341000E-03,-5.4124138E-03,-103.1067842E-03,+142.9569708E-03
+2.9342000E-03,-4.5376887E-03,-102.4001259E-03,+142.9569708E-03
+2.9343000E-03,-2.7909864E-03,-102.4001259E-03,+142.9569708E-03
+2.9344000E-03,+657.8986E-06,-102.5571610E-03,+142.9569708E-03
+2.9345000E-03,+5.4223065E-03,-102.7141962E-03,+142.9569708E-03
+2.9346000E-03,+10.8715448E-03,-102.5571610E-03,+142.9569708E-03
+2.9347000E-03,+16.2790118E-03,-102.4786435E-03,+142.9569708E-03
+2.9348000E-03,+21.4842175E-03,-102.5571610E-03,+142.9569708E-03
+2.9349000E-03,+26.3731150E-03,-102.7927138E-03,+142.9569708E-03
+2.9350000E-03,+29.9407186E-03,-102.7141962E-03,+142.9569708E-03
+2.9351000E-03,+31.5269309E-03,-101.9290203E-03,+142.9569708E-03
+2.9352000E-03,+32.0974397E-03,-102.5571610E-03,+142.9569708E-03
+2.9353000E-03,+31.7956966E-03,-102.7141962E-03,+142.9569708E-03
+2.9354000E-03,+29.9176345E-03,-102.5571610E-03,+142.9569708E-03
+2.9355000E-03,+26.8122639E-03,-102.4786435E-03,+142.9569708E-03
+2.9356000E-03,+23.0121697E-03,-102.7141962E-03,+142.9569708E-03
+2.9357000E-03,+19.2692363E-03,-102.9497490E-03,+142.9569708E-03
+2.9358000E-03,+14.6881277E-03,-102.4786435E-03,+142.9569708E-03
+2.9359000E-03,+10.4007926E-03,-102.5179023E-03,+142.9569708E-03
+2.9360000E-03,+6.3816737E-03,-102.7141962E-03,+142.9569708E-03
+2.9361000E-03,+2.5617930E-03,-103.0282666E-03,+142.9569708E-03
+2.9362000E-03,-806.2974E-06,-102.7141962E-03,+142.9569708E-03
+2.9363000E-03,-3.3084566E-03,-102.3608671E-03,+142.9569708E-03
+2.9364000E-03,-4.6217810E-03,-102.8712314E-03,+142.9569708E-03
+2.9365000E-03,-5.4132383E-03,-103.1460430E-03,+142.9569708E-03
+2.9366000E-03,-4.7146673E-03,-102.7141962E-03,+142.9569708E-03
+2.9367000E-03,-2.3845401E-03,-102.7141962E-03,+142.9569708E-03
+2.9368000E-03,+1.0745129E-03,-102.7141962E-03,+142.9569708E-03
+2.9369000E-03,+5.5948882E-03,-102.9497490E-03,+142.9569708E-03
+2.9370000E-03,+10.9616830E-03,-102.6356786E-03,+142.9569708E-03
+2.9371000E-03,+16.7717489E-03,-102.4786435E-03,+142.9569708E-03
+2.9372000E-03,+21.8227853E-03,-102.7141962E-03,+142.9569708E-03
+2.9373000E-03,+26.3901533E-03,-102.8319726E-03,+142.9569708E-03
+2.9374000E-03,+29.9533600E-03,-102.4001259E-03,+142.9569708E-03
+2.9375000E-03,+31.9383238E-03,-102.3608671E-03,+142.9569708E-03
+2.9376000E-03,+32.3238844E-03,-102.4001259E-03,+142.9569708E-03
+2.9377000E-03,+31.5131903E-03,-102.9497490E-03,+142.9569708E-03
+2.9378000E-03,+29.6972356E-03,-102.3216083E-03,+142.9569708E-03
+2.9379000E-03,+26.7221257E-03,-102.3216083E-03,+142.9569708E-03
+2.9380000E-03,+22.8132061E-03,-102.7141962E-03,+142.9569708E-03
+2.9381000E-03,+18.8910956E-03,-102.9104902E-03,+142.9569708E-03
+2.9382000E-03,+14.5512716E-03,-102.6356786E-03,+142.9569708E-03
+2.9383000E-03,+10.1683021E-03,-102.4786435E-03,+142.9569708E-03
+2.9384000E-03,+5.9705556E-03,-102.7141962E-03,+142.9569708E-03
+2.9385000E-03,+2.3606310E-03,-102.8319726E-03,+142.9569708E-03
+2.9386000E-03,-865.1070E-06,-102.6356786E-03,+142.9569708E-03
+2.9387000E-03,-3.5483671E-03,-102.4786435E-03,+142.9569708E-03
+2.9388000E-03,-4.9823338E-03,-102.7141962E-03,+142.9569708E-03
+2.9389000E-03,-5.1590376E-03,-103.1853017E-03,+142.9569708E-03
+2.9390000E-03,-4.5459330E-03,-102.7141962E-03,+142.9569708E-03
+2.9391000E-03,-2.3103410E-03,-102.3608671E-03,+142.9569708E-03
+2.9392000E-03,+1.2262089E-03,-102.5571610E-03,+142.9569708E-03
+2.9393000E-03,+5.9944642E-03,-102.9890078E-03,+142.9569708E-03
+2.9394000E-03,+11.2568306E-03,-102.3216083E-03,+142.9569708E-03
+2.9395000E-03,+16.7610313E-03,-102.3216083E-03,+142.9569708E-03
+2.9396000E-03,+22.3801031E-03,-102.5571610E-03,+142.9569708E-03
+2.9397000E-03,+26.7067363E-03,-102.6356786E-03,+142.9569708E-03
+2.9398000E-03,+29.9654517E-03,-102.4786435E-03,+142.9569708E-03
+2.9399000E-03,+31.8558804E-03,-102.3216083E-03,+142.9569708E-03
+2.9400000E-03,+32.1051344E-03,-102.5571610E-03,+142.9569708E-03
+2.9401000E-03,+31.3153260E-03,-102.6749374E-03,+142.9569708E-03
+2.9402000E-03,+29.1948801E-03,-102.4001259E-03,+142.9569708E-03
+2.9403000E-03,+26.3497560E-03,-102.1645731E-03,+142.9569708E-03
+2.9404000E-03,+22.6999838E-03,-102.7141962E-03,+142.9569708E-03
+2.9405000E-03,+18.5437338E-03,-103.2245605E-03,+142.9569708E-03
+2.9406000E-03,+14.4952100E-03,-102.7141962E-03,+142.9569708E-03
+2.9407000E-03,+10.1512638E-03,-102.4001259E-03,+142.9569708E-03
+2.9408000E-03,+5.8969061E-03,-102.7141962E-03,+142.9569708E-03
+2.9409000E-03,+2.0528420E-03,-103.0282666E-03,+142.9569708E-03
+2.9410000E-03,-1.0811089E-03,-102.6356786E-03,+142.9569708E-03
+2.9411000E-03,-3.1578598E-03,-102.6356786E-03,+142.9569708E-03
+2.9412000E-03,-4.7624845E-03,-103.0282666E-03,+142.9569708E-03
+2.9413000E-03,-5.2288397E-03,-102.9497490E-03,+142.9569708E-03
+2.9414000E-03,-4.2634267E-03,-102.7141962E-03,+142.9569708E-03
+2.9415000E-03,-1.9899107E-03,-102.4001259E-03,+142.9569708E-03
+2.9416000E-03,+1.6098458E-03,-102.4001259E-03,+142.9569708E-03
+2.9417000E-03,+6.0104032E-03,-102.9890078E-03,+142.9569708E-03
+2.9418000E-03,+11.6838878E-03,-102.5571610E-03,+142.9569708E-03
+2.9419000E-03,+17.3051581E-03,-102.2430907E-03,+142.9569708E-03
+2.9420000E-03,+22.3438280E-03,-102.4001259E-03,+142.9569708E-03
+2.9421000E-03,+27.0664646E-03,-102.9497490E-03,+142.9569708E-03
+2.9422000E-03,+29.9632532E-03,-102.6356786E-03,+142.9569708E-03
+2.9423000E-03,+31.7520016E-03,-102.2430907E-03,+142.9569708E-03
+2.9424000E-03,+31.8698957E-03,-102.4001259E-03,+142.9569708E-03
+2.9425000E-03,+31.0740415E-03,-102.5179023E-03,+142.9569708E-03
+2.9426000E-03,+29.0789096E-03,-102.1645731E-03,+142.9569708E-03
+2.9427000E-03,+25.8790039E-03,-102.4786435E-03,+142.9569708E-03
+2.9428000E-03,+22.2306057E-03,-102.4001259E-03,+142.9569708E-03
+2.9429000E-03,+18.1210737E-03,-102.9497490E-03,+142.9569708E-03
+2.9430000E-03,+14.0577100E-03,-102.4001259E-03,+142.9569708E-03
+2.9431000E-03,+9.9195976E-03,-102.2038319E-03,+142.9569708E-03
+2.9432000E-03,+5.5231624E-03,-102.5571610E-03,+142.9569708E-03
+2.9433000E-03,+2.2825845E-03,-102.8712314E-03,+142.9569708E-03
+2.9434000E-03,-1.1234299E-03,-102.4786435E-03,+142.9569708E-03
+2.9435000E-03,-3.7371626E-03,-102.3608671E-03,+142.9569708E-03
+2.9436000E-03,-4.9207760E-03,-102.8712314E-03,+142.9569708E-03
+2.9437000E-03,-5.2373589E-03,-102.9890078E-03,+142.9569708E-03
+2.9438000E-03,-4.0281880E-03,-102.7141962E-03,+142.9569708E-03
+2.9439000E-03,-2.0231629E-03,-102.5571610E-03,+142.9569708E-03
+2.9440000E-03,+1.7175719E-03,-102.7141962E-03,+142.9569708E-03
+2.9441000E-03,+6.7224400E-03,-102.9497490E-03,+142.9569708E-03
+2.9442000E-03,+12.0087151E-03,-102.5571610E-03,+142.9569708E-03
+2.9443000E-03,+17.7132533E-03,-102.4786435E-03,+142.9569708E-03
+2.9444000E-03,+22.6790981E-03,-102.7141962E-03,+142.9569708E-03
+2.9445000E-03,+27.2211835E-03,-102.8319726E-03,+142.9569708E-03
+2.9446000E-03,+30.3001721E-03,-102.4786435E-03,+142.9569708E-03
+2.9447000E-03,+31.8998502E-03,-102.3608671E-03,+142.9569708E-03
+2.9448000E-03,+32.2326470E-03,-102.0860555E-03,+142.9569708E-03
+2.9449000E-03,+31.1694011E-03,-102.6749374E-03,+142.9569708E-03
+2.9450000E-03,+29.0184511E-03,-102.5571610E-03,+142.9569708E-03
+2.9451000E-03,+25.6632768E-03,-102.4786435E-03,+142.9569708E-03
+2.9452000E-03,+21.7073645E-03,-102.8712314E-03,+142.9569708E-03
+2.9453000E-03,+18.0026299E-03,-102.9497490E-03,+142.9569708E-03
+2.9454000E-03,+13.5943777E-03,-102.5571610E-03,+142.9569708E-03
+2.9455000E-03,+9.4422499E-03,-102.6749374E-03,+142.9569708E-03
+2.9456000E-03,+5.4703985E-03,-102.7141962E-03,+142.9569708E-03
+2.9457000E-03,+1.6233116E-03,-102.9890078E-03,+142.9569708E-03
+2.9458000E-03,-1.2674312E-03,-102.6356786E-03,+142.9569708E-03
+2.9459000E-03,-3.6357571E-03,-102.7534550E-03,+142.9569708E-03
+2.9460000E-03,-5.0197081E-03,-102.8712314E-03,+142.9569708E-03
+2.9461000E-03,-5.3717417E-03,-103.0282666E-03,+142.9569708E-03
+2.9462000E-03,-4.2035178E-03,-102.6356786E-03,+142.9569708E-03
+2.9463000E-03,-1.5463649E-03,-102.6356786E-03,+142.9569708E-03
+2.9464000E-03,+1.7373584E-03,-102.7141962E-03,+142.9569708E-03
+2.9465000E-03,+6.9167318E-03,-102.9890078E-03,+142.9569708E-03
+2.9466000E-03,+12.3198017E-03,-102.7141962E-03,+142.9569708E-03
+2.9467000E-03,+17.9833931E-03,-102.5571610E-03,+142.9569708E-03
+2.9468000E-03,+23.0407501E-03,-102.5571610E-03,+142.9569708E-03
+2.9469000E-03,+27.1766640E-03,-102.7927138E-03,+142.9569708E-03
+2.9470000E-03,+30.4540666E-03,-102.4001259E-03,+142.9569708E-03
+2.9471000E-03,+31.9212855E-03,-102.2038319E-03,+142.9569708E-03
+2.9472000E-03,+32.0611646E-03,-102.2430907E-03,+142.9569708E-03
+2.9473000E-03,+30.9075057E-03,-102.5571610E-03,+142.9569708E-03
+2.9474000E-03,+28.3347199E-03,-102.4001259E-03,+142.9569708E-03
+2.9475000E-03,+25.5767111E-03,-102.3608671E-03,+142.9569708E-03
+2.9476000E-03,+21.7656245E-03,-102.7141962E-03,+142.9569708E-03
+2.9477000E-03,+17.9306293E-03,-102.9497490E-03,+142.9569708E-03
+2.9478000E-03,+13.6081183E-03,-102.4001259E-03,+142.9569708E-03
+2.9479000E-03,+9.0410251E-03,-102.1253143E-03,+142.9569708E-03
+2.9480000E-03,+5.5121699E-03,-102.5571610E-03,+142.9569708E-03
+2.9481000E-03,+1.5452651E-03,-102.9497490E-03,+142.9569708E-03
+2.9482000E-03,-1.5928080E-03,-102.6356786E-03,+142.9569708E-03
+2.9483000E-03,-3.7366130E-03,-102.5179023E-03,+142.9569708E-03
+2.9484000E-03,-4.9361654E-03,-102.8712314E-03,+142.9569708E-03
+2.9485000E-03,-5.0136623E-03,-103.0675254E-03,+142.9569708E-03
+2.9486000E-03,-4.3051981E-03,-102.5571610E-03,+142.9569708E-03
+2.9487000E-03,-1.6450222E-03,-102.6749374E-03,+142.9569708E-03
+2.9488000E-03,+2.4046008E-03,-102.7141962E-03,+142.9569708E-03
+2.9489000E-03,+7.1728561E-03,-103.1067842E-03,+142.9569708E-03
+2.9490000E-03,+12.9073488E-03,-102.4001259E-03,+142.9569708E-03
+2.9491000E-03,+18.0364317E-03,-102.3608671E-03,+142.9569708E-03
+2.9492000E-03,+23.4100968E-03,-102.5571610E-03,+142.9569708E-03
+2.9493000E-03,+27.7026533E-03,-102.8319726E-03,+142.9569708E-03
+2.9494000E-03,+30.3661269E-03,-102.3216083E-03,+142.9569708E-03
+2.9495000E-03,+32.1032108E-03,-102.2038319E-03,+142.9569708E-03
+2.9496000E-03,+31.8336206E-03,-102.2430907E-03,+142.9569708E-03
+2.9497000E-03,+30.7953826E-03,-102.8319726E-03,+142.9569708E-03
+2.9498000E-03,+28.5045534E-03,-102.2430907E-03,+142.9569708E-03
+2.9499000E-03,+25.3771980E-03,-102.3216083E-03,+142.9569708E-03
+2.9500000E-03,+21.7678230E-03,-102.7141962E-03,+142.9569708E-03
+2.9501000E-03,+17.1509889E-03,-102.9497490E-03,+142.9569708E-03
+2.9502000E-03,+13.0656403E-03,-102.4786435E-03,+142.9569708E-03
+2.9503000E-03,+8.7587936E-03,-102.3608671E-03,+142.9569708E-03
+2.9504000E-03,+4.8834011E-03,-102.5571610E-03,+142.9569708E-03
+2.9505000E-03,+1.3605917E-03,-102.9104902E-03,+142.9569708E-03
+2.9506000E-03,-1.9742465E-03,-102.4786435E-03,+142.9569708E-03
+2.9507000E-03,-3.7525520E-03,-102.5179023E-03,+142.9569708E-03
+2.9508000E-03,-5.5627358E-03,-102.7141962E-03,+142.9569708E-03
+2.9509000E-03,-5.5525677E-03,-103.2245605E-03,+142.9569708E-03
+2.9510000E-03,-4.0243407E-03,-102.5571610E-03,+142.9569708E-03
+2.9511000E-03,-1.5771438E-03,-102.3216083E-03,+142.9569708E-03
+2.9512000E-03,+2.7409702E-03,-102.5571610E-03,+142.9569708E-03
+2.9513000E-03,+7.4702022E-03,-102.8712314E-03,+142.9569708E-03
+2.9514000E-03,+13.1140071E-03,-102.5571610E-03,+142.9569708E-03
+2.9515000E-03,+18.8894468E-03,-102.3216083E-03,+142.9569708E-03
+2.9516000E-03,+23.7222828E-03,-102.5571610E-03,+142.9569708E-03
+2.9517000E-03,+27.9807626E-03,-102.9890078E-03,+142.9569708E-03
+2.9518000E-03,+30.6579768E-03,-102.5571610E-03,+142.9569708E-03
+2.9519000E-03,+32.3802208E-03,-102.3608671E-03,+142.9569708E-03
+2.9520000E-03,+32.1227224E-03,-102.5571610E-03,+142.9569708E-03
+2.9521000E-03,+30.6516561E-03,-102.6749374E-03,+142.9569708E-03
+2.9522000E-03,+28.7046163E-03,-102.2430907E-03,+142.9569708E-03
+2.9523000E-03,+25.2738688E-03,-102.4786435E-03,+142.9569708E-03
+2.9524000E-03,+21.3764913E-03,-102.5571610E-03,+142.9569708E-03
+2.9525000E-03,+17.2139207E-03,-103.0675254E-03,+142.9569708E-03
+2.9526000E-03,+12.8347986E-03,-102.2430907E-03,+142.9569708E-03
+2.9527000E-03,+8.8511303E-03,-102.4786435E-03,+142.9569708E-03
+2.9528000E-03,+4.4810769E-03,-102.5571610E-03,+142.9569708E-03
+2.9529000E-03,+1.3987905E-03,-102.9890078E-03,+142.9569708E-03
+2.9530000E-03,-1.9044443E-03,-102.7927138E-03,+142.9569708E-03
+2.9531000E-03,-4.4670621E-03,-102.5964198E-03,+142.9569708E-03
+2.9532000E-03,-5.1472207E-03,-102.7141962E-03,+142.9569708E-03
+2.9533000E-03,-5.2887486E-03,-102.8712314E-03,+142.9569708E-03
+2.9534000E-03,-3.8644004E-03,-102.7141962E-03,+142.9569708E-03
+2.9535000E-03,-1.3300882E-03,-102.3608671E-03,+142.9569708E-03
+2.9536000E-03,+2.7222830E-03,-102.5571610E-03,+142.9569708E-03
+2.9537000E-03,+7.7892584E-03,-103.0282666E-03,+142.9569708E-03
+2.9538000E-03,+13.1761145E-03,-102.5571610E-03,+142.9569708E-03
+2.9539000E-03,+18.8638893E-03,-102.2038319E-03,+142.9569708E-03
+2.9540000E-03,+23.8333066E-03,-102.8712314E-03,+142.9569708E-03
+2.9541000E-03,+28.0167629E-03,-102.9890078E-03,+142.9569708E-03
+2.9542000E-03,+30.7387714E-03,-102.4786435E-03,+142.9569708E-03
+2.9543000E-03,+31.8613766E-03,-102.4001259E-03,+142.9569708E-03
+2.9544000E-03,+31.7918493E-03,-102.2430907E-03,+142.9569708E-03
+2.9545000E-03,+30.4738530E-03,-102.7141962E-03,+142.9569708E-03
+2.9546000E-03,+28.2775591E-03,-102.4786435E-03,+142.9569708E-03
+2.9547000E-03,+24.9149649E-03,-102.5964198E-03,+142.9569708E-03
+2.9548000E-03,+20.6388971E-03,-102.5571610E-03,+142.9569708E-03
+2.9549000E-03,+17.1163626E-03,-102.8319726E-03,+142.9569708E-03
+2.9550000E-03,+12.8782188E-03,-102.7141962E-03,+142.9569708E-03
+2.9551000E-03,+8.4718903E-03,-102.3608671E-03,+142.9569708E-03
+2.9552000E-03,+4.4590920E-03,-102.5571610E-03,+142.9569708E-03
+2.9553000E-03,+1.0181765E-03,-102.9104902E-03,+142.9569708E-03
+2.9554000E-03,-1.4147302E-03,-102.6356786E-03,+142.9569708E-03
+2.9555000E-03,-4.0485241E-03,-102.5571610E-03,+142.9569708E-03
+2.9556000E-03,-5.1153426E-03,-102.7141962E-03,+142.9569708E-03
+2.9557000E-03,-4.8732336E-03,-103.2638193E-03,+142.9569708E-03
+2.9558000E-03,-3.4857100E-03,-102.5571610E-03,+142.9569708E-03
+2.9559000E-03,-653.7770E-06,-102.3608671E-03,+142.9569708E-03
+2.9560000E-03,+3.1685770E-03,-102.7141962E-03,+142.9569708E-03
+2.9561000E-03,+8.4551268E-03,-103.0282666E-03,+142.9569708E-03
+2.9562000E-03,+14.0131905E-03,-102.5571610E-03,+142.9569708E-03
+2.9563000E-03,+19.2983664E-03,-102.2430907E-03,+142.9569708E-03
+2.9564000E-03,+24.3565478E-03,-102.7141962E-03,+142.9569708E-03
+2.9565000E-03,+28.1222906E-03,-102.7927138E-03,+142.9569708E-03
+2.9566000E-03,+30.9168493E-03,-102.4786435E-03,+142.9569708E-03
+2.9567000E-03,+31.9207359E-03,-102.2038319E-03,+142.9569708E-03
+2.9568000E-03,+31.4675716E-03,-102.5571610E-03,+142.9569708E-03
+2.9569000E-03,+30.1396822E-03,-102.7927138E-03,+142.9569708E-03
+2.9570000E-03,+27.6784699E-03,-102.5571610E-03,+142.9569708E-03
+2.9571000E-03,+24.6222906E-03,-102.4786435E-03,+142.9569708E-03
+2.9572000E-03,+20.4432313E-03,-102.7141962E-03,+142.9569708E-03
+2.9573000E-03,+16.3163862E-03,-102.9104902E-03,+142.9569708E-03
+2.9574000E-03,+12.3220002E-03,-102.5571610E-03,+142.9569708E-03
+2.9575000E-03,+7.8024494E-03,-102.3608671E-03,+142.9569708E-03
+2.9576000E-03,+4.2238533E-03,-102.5571610E-03,+142.9569708E-03
+2.9577000E-03,+808.2205E-06,-102.8712314E-03,+142.9569708E-03
+2.9578000E-03,-2.1754085E-03,-102.7141962E-03,+142.9569708E-03
+2.9579000E-03,-4.2999767E-03,-102.4393847E-03,+142.9569708E-03
+2.9580000E-03,-5.3747647E-03,-102.7141962E-03,+142.9569708E-03
+2.9581000E-03,-4.7781488E-03,-103.0675254E-03,+142.9569708E-03
+2.9582000E-03,-3.4159079E-03,-102.7141962E-03,+142.9569708E-03
+2.9583000E-03,-501.2565E-06,-102.4001259E-03,+142.9569708E-03
+2.9584000E-03,+3.8270254E-03,-102.7141962E-03,+142.9569708E-03
+2.9585000E-03,+8.6991595E-03,-102.8712314E-03,+142.9569708E-03
+2.9586000E-03,+14.2077571E-03,-102.4001259E-03,+142.9569708E-03
+2.9587000E-03,+19.9186160E-03,-102.4001259E-03,+142.9569708E-03
+2.9588000E-03,+24.9457438E-03,-102.5571610E-03,+142.9569708E-03
+2.9589000E-03,+28.5053779E-03,-102.8319726E-03,+142.9569708E-03
+2.9590000E-03,+30.6733662E-03,-102.4001259E-03,+142.9569708E-03
+2.9591000E-03,+32.0369812E-03,-102.2430907E-03,+142.9569708E-03
+2.9592000E-03,+31.5005490E-03,-102.2430907E-03,+142.9569708E-03
+2.9593000E-03,+30.0462463E-03,-102.7927138E-03,+142.9569708E-03
+2.9594000E-03,+27.7554172E-03,-102.4001259E-03,+142.9569708E-03
+2.9595000E-03,+24.3749602E-03,-102.5571610E-03,+142.9569708E-03
+2.9596000E-03,+20.3519939E-03,-102.5571610E-03,+142.9569708E-03
+2.9597000E-03,+16.0165668E-03,-102.8319726E-03,+142.9569708E-03
+2.9598000E-03,+12.1725027E-03,-102.6356786E-03,+142.9569708E-03
+2.9599000E-03,+8.0783602E-03,-102.3216083E-03,+142.9569708E-03
+2.9600000E-03,+3.7830556E-03,-102.4001259E-03,+142.9569708E-03
+2.9601000E-03,+690.0515E-06,-103.0282666E-03,+142.9569708E-03
+2.9602000E-03,-2.3320511E-03,-102.4786435E-03,+142.9569708E-03
+2.9603000E-03,-4.4019318E-03,-102.8319726E-03,+142.9569708E-03
+2.9604000E-03,-5.4352232E-03,-102.5571610E-03,+142.9569708E-03
+2.9605000E-03,-4.9331425E-03,-103.0675254E-03,+142.9569708E-03
+2.9606000E-03,-3.3527012E-03,-102.7927138E-03,+142.9569708E-03
+2.9607000E-03,-751.3351E-06,-102.7534550E-03,+142.9569708E-03
+2.9608000E-03,+3.7808571E-03,-102.7141962E-03,+142.9569708E-03
+2.9609000E-03,+9.1127509E-03,-102.9497490E-03,+142.9569708E-03
+2.9610000E-03,+14.4556371E-03,-102.7141962E-03,+142.9569708E-03
+2.9611000E-03,+19.8397451E-03,-102.3216083E-03,+142.9569708E-03
+2.9612000E-03,+24.6137714E-03,-102.4001259E-03,+142.9569708E-03
+2.9613000E-03,+28.8318540E-03,-102.6749374E-03,+142.9569708E-03
+2.9614000E-03,+30.9635672E-03,-102.4001259E-03,+142.9569708E-03
+2.9615000E-03,+31.6843979E-03,-102.2038319E-03,+142.9569708E-03
+2.9616000E-03,+31.7368870E-03,-102.4001259E-03,+142.9569708E-03
+2.9617000E-03,+30.1130255E-03,-102.4786435E-03,+142.9569708E-03
+2.9618000E-03,+27.4322388E-03,-102.4786435E-03,+142.9569708E-03
+2.9619000E-03,+23.9250937E-03,-102.5964198E-03,+142.9569708E-03
+2.9620000E-03,+20.1167552E-03,-102.5571610E-03,+142.9569708E-03
+2.9621000E-03,+15.8533287E-03,-102.8319726E-03,+142.9569708E-03
+2.9622000E-03,+11.7580869E-03,-102.5571610E-03,+142.9569708E-03
+2.9623000E-03,+7.9291375E-03,-102.3608671E-03,+142.9569708E-03
+2.9624000E-03,+3.7401850E-03,-102.4001259E-03,+142.9569708E-03
+2.9625000E-03,+243.2080E-06,-102.9890078E-03,+142.9569708E-03
+2.9626000E-03,-2.2221265E-03,-102.7927138E-03,+142.9569708E-03
+2.9627000E-03,-4.5904525E-03,-102.5179023E-03,+142.9569708E-03
+2.9628000E-03,-5.2230687E-03,-102.8712314E-03,+142.9569708E-03
+2.9629000E-03,-4.9026384E-03,-103.1460430E-03,+142.9569708E-03
+2.9630000E-03,-3.0861340E-03,-102.6356786E-03,+142.9569708E-03
+2.9631000E-03,-82.1689E-06,-102.3216083E-03,+142.9569708E-03
+2.9632000E-03,+3.9424463E-03,-102.4001259E-03,+142.9569708E-03
+2.9633000E-03,+9.4202650E-03,-102.8319726E-03,+142.9569708E-03
+2.9634000E-03,+14.7095630E-03,-102.5571610E-03,+142.9569708E-03
+2.9635000E-03,+20.0549226E-03,-102.1253143E-03,+142.9569708E-03
+2.9636000E-03,+24.9864159E-03,-102.7141962E-03,+142.9569708E-03
+2.9637000E-03,+28.8310296E-03,-103.0675254E-03,+142.9569708E-03
+2.9638000E-03,+31.0212777E-03,-102.4001259E-03,+142.9569708E-03
+2.9639000E-03,+31.8421398E-03,-102.2038319E-03,+142.9569708E-03
+2.9640000E-03,+31.6489473E-03,-102.4001259E-03,+142.9569708E-03
+2.9641000E-03,+29.7873738E-03,-102.6749374E-03,+142.9569708E-03
+2.9642000E-03,+27.0672890E-03,-102.5571610E-03,+142.9569708E-03
+2.9643000E-03,+23.8687573E-03,-102.3216083E-03,+142.9569708E-03
+2.9644000E-03,+20.0453042E-03,-102.5571610E-03,+142.9569708E-03
+2.9645000E-03,+16.0443227E-03,-102.8712314E-03,+142.9569708E-03
+2.9646000E-03,+11.6311240E-03,-102.4786435E-03,+142.9569708E-03
+2.9647000E-03,+7.4298049E-03,-102.2430907E-03,+142.9569708E-03
+2.9648000E-03,+3.6269626E-03,-102.7141962E-03,+142.9569708E-03
+2.9649000E-03,+28.8549E-06,-102.9104902E-03,+142.9569708E-03
+2.9650000E-03,-2.5628928E-03,-102.7141962E-03,+142.9569708E-03
+2.9651000E-03,-4.5698416E-03,-102.6356786E-03,+142.9569708E-03
+2.9652000E-03,-5.3351918E-03,-102.7141962E-03,+142.9569708E-03
+2.9653000E-03,-4.7080718E-03,-103.1067842E-03,+142.9569708E-03
+2.9654000E-03,-3.1372490E-03,-102.6356786E-03,+142.9569708E-03
+2.9655000E-03,+139.0544E-06,-102.3608671E-03,+142.9569708E-03
+2.9656000E-03,+4.3062968E-03,-102.5571610E-03,+142.9569708E-03
+2.9657000E-03,+9.6082361E-03,-102.9890078E-03,+142.9569708E-03
+2.9658000E-03,+15.3229424E-03,-102.2430907E-03,+142.9569708E-03
+2.9659000E-03,+20.6215840E-03,-102.6356786E-03,+142.9569708E-03
+2.9660000E-03,+25.5899021E-03,-102.4001259E-03,+142.9569708E-03
+2.9661000E-03,+28.9041294E-03,-102.7927138E-03,+142.9569708E-03
+2.9662000E-03,+31.0317205E-03,-102.4001259E-03,+142.9569708E-03
+2.9663000E-03,+31.7690399E-03,-102.3216083E-03,+142.9569708E-03
+2.9664000E-03,+31.3169749E-03,-102.4001259E-03,+142.9569708E-03
+2.9665000E-03,+29.7255412E-03,-102.8712314E-03,+142.9569708E-03
+2.9666000E-03,+26.8260045E-03,-102.4001259E-03,+142.9569708E-03
+2.9667000E-03,+23.6689693E-03,-102.3608671E-03,+142.9569708E-03
+2.9668000E-03,+19.7781873E-03,-102.4001259E-03,+142.9569708E-03
+2.9669000E-03,+15.4619971E-03,-103.2245605E-03,+142.9569708E-03
+2.9670000E-03,+11.2414412E-03,-102.4001259E-03,+142.9569708E-03
+2.9671000E-03,+7.2569485E-03,-102.2038319E-03,+142.9569708E-03
+2.9672000E-03,+3.5983822E-03,-102.4001259E-03,+142.9569708E-03
+2.9673000E-03,+118.9931E-06,-103.0675254E-03,+142.9569708E-03
+2.9674000E-03,-2.8305593E-03,-102.4786435E-03,+142.9569708E-03
+2.9675000E-03,-4.5277954E-03,-102.7141962E-03,+142.9569708E-03
+2.9676000E-03,-5.4605059E-03,-102.8712314E-03,+142.9569708E-03
+2.9677000E-03,-4.6066664E-03,-103.1460430E-03,+142.9569708E-03
+2.9678000E-03,-2.9239952E-03,-102.7927138E-03,+142.9569708E-03
+2.9679000E-03,+33.8015E-06,-102.3608671E-03,+142.9569708E-03
+2.9680000E-03,+4.8086523E-03,-102.5571610E-03,+142.9569708E-03
+2.9681000E-03,+10.1070191E-03,-102.9890078E-03,+142.9569708E-03
+2.9682000E-03,+15.5884104E-03,-102.4786435E-03,+142.9569708E-03
+2.9683000E-03,+20.9576785E-03,-102.3608671E-03,+142.9569708E-03
+2.9684000E-03,+25.7734762E-03,-102.5571610E-03,+142.9569708E-03
+2.9685000E-03,+29.2907893E-03,-102.9497490E-03,+142.9569708E-03
+2.9686000E-03,+30.9300402E-03,-102.4786435E-03,+142.9569708E-03
+2.9687000E-03,+32.0048282E-03,-102.2038319E-03,+142.9569708E-03
+2.9688000E-03,+31.4928543E-03,-102.4001259E-03,+142.9569708E-03
+2.9689000E-03,+29.5227303E-03,-102.7534550E-03,+142.9569708E-03
+2.9690000E-03,+26.5924147E-03,-102.4001259E-03,+142.9569708E-03
+2.9691000E-03,+23.0157423E-03,-102.3608671E-03,+142.9569708E-03
+2.9692000E-03,+19.5737275E-03,-102.4001259E-03,+142.9569708E-03
+2.9693000E-03,+14.9060533E-03,-103.2245605E-03,+142.9569708E-03
+2.9694000E-03,+10.7401849E-03,-102.4786435E-03,+142.9569708E-03
+2.9695000E-03,+6.8895254E-03,-102.4001259E-03,+142.9569708E-03
+2.9696000E-03,+3.0674463E-03,-102.4001259E-03,+142.9569708E-03
+2.9697000E-03,-127.5128E-06,-102.9104902E-03,+142.9569708E-03
+2.9698000E-03,-3.1680279E-03,-102.5571610E-03,+142.9569708E-03
+2.9699000E-03,-4.7270338E-03,-102.5179023E-03,+142.9569708E-03
+2.9700000E-03,-5.4330247E-03,-102.7141962E-03,+142.9569708E-03
+2.9701000E-03,-4.8586686E-03,-102.9497490E-03,+142.9569708E-03
+2.9702000E-03,-2.8981629E-03,-102.6356786E-03,+142.9569708E-03
+2.9703000E-03,+337.7431E-06,-102.4393847E-03,+142.9569708E-03
+2.9704000E-03,+5.0493872E-03,-102.2430907E-03,+142.9569708E-03
+2.9705000E-03,+10.4260753E-03,-102.8319726E-03,+142.9569708E-03
+2.9706000E-03,+16.0951629E-03,-102.4786435E-03,+142.9569708E-03
+2.9707000E-03,+21.5542944E-03,-102.5179023E-03,+142.9569708E-03
+2.9708000E-03,+25.9790353E-03,-102.5571610E-03,+142.9569708E-03
+2.9709000E-03,+29.3603166E-03,-102.7927138E-03,+142.9569708E-03
+2.9710000E-03,+31.2422262E-03,-102.4001259E-03,+142.9569708E-03
+2.9711000E-03,+32.0735311E-03,-102.2430907E-03,+142.9569708E-03
+2.9712000E-03,+31.5588091E-03,-102.4001259E-03,+142.9569708E-03
+2.9713000E-03,+29.4075842E-03,-102.7141962E-03,+142.9569708E-03
+2.9714000E-03,+26.5044750E-03,-102.3216083E-03,+142.9569708E-03
+2.9715000E-03,+23.1157737E-03,-102.4786435E-03,+142.9569708E-03
+2.9716000E-03,+19.2186710E-03,-102.4001259E-03,+142.9569708E-03
+2.9717000E-03,+15.0673677E-03,-103.1067842E-03,+142.9569708E-03
+2.9718000E-03,+10.5934356E-03,-102.6356786E-03,+142.9569708E-03
+2.9719000E-03,+6.6812183E-03,-102.2823495E-03,+142.9569708E-03
+2.9720000E-03,+2.8585895E-03,-102.7141962E-03,+142.9569708E-03
+2.9721000E-03,-388.3090E-06,-103.0282666E-03,+142.9569708E-03
+2.9722000E-03,-3.0009424E-03,-102.7141962E-03,+142.9569708E-03
+2.9723000E-03,-4.9545778E-03,-102.6356786E-03,+142.9569708E-03
+2.9724000E-03,-5.5946139E-03,-102.5571610E-03,+142.9569708E-03
+2.9725000E-03,-4.7984848E-03,-103.3815957E-03,+142.9569708E-03
+2.9726000E-03,-2.5348621E-03,-102.7141962E-03,+142.9569708E-03
+2.9727000E-03,+589.4705E-06,-102.5179023E-03,+142.9569708E-03
+2.9728000E-03,+5.1164413E-03,-102.5571610E-03,+142.9569708E-03
+2.9729000E-03,+10.7179252E-03,-103.0675254E-03,+142.9569708E-03
+2.9730000E-03,+16.3062181E-03,-102.6356786E-03,+142.9569708E-03
+2.9731000E-03,+21.5677602E-03,-102.3608671E-03,+142.9569708E-03
+2.9732000E-03,+25.8888971E-03,-102.4001259E-03,+142.9569708E-03
+2.9733000E-03,+29.3638892E-03,-102.8319726E-03,+142.9569708E-03
+2.9734000E-03,+31.3345628E-03,-102.4001259E-03,+142.9569708E-03
+2.9735000E-03,+31.7786583E-03,-102.4786435E-03,+142.9569708E-03
+2.9736000E-03,+31.0157814E-03,-102.5571610E-03,+142.9569708E-03
+2.9737000E-03,+29.1896587E-03,-102.7534550E-03,+142.9569708E-03
+2.9738000E-03,+26.2813280E-03,-102.3216083E-03,+142.9569708E-03
+2.9739000E-03,+22.8448095E-03,-102.1645731E-03,+142.9569708E-03
+2.9740000E-03,+18.7987590E-03,-102.5571610E-03,+142.9569708E-03
+2.9741000E-03,+14.8038234E-03,-102.9890078E-03,+142.9569708E-03
+2.9742000E-03,+10.6335580E-03,-102.4786435E-03,+142.9569708E-03
+2.9743000E-03,+6.3899180E-03,-102.3216083E-03,+142.9569708E-03
+2.9744000E-03,+2.7640544E-03,-102.7141962E-03,+142.9569708E-03
+2.9745000E-03,-507.8520E-06,-102.9104902E-03,+142.9569708E-03
+2.9746000E-03,-2.9872019E-03,-102.4786435E-03,+142.9569708E-03
+2.9747000E-03,-4.7718281E-03,-102.4001259E-03,+142.9569708E-03
+2.9748000E-03,-5.3066114E-03,-102.5571610E-03,+142.9569708E-03
+2.9749000E-03,-4.3612596E-03,-103.1067842E-03,+142.9569708E-03
+2.9750000E-03,-2.2776384E-03,-102.6356786E-03,+142.9569708E-03
+2.9751000E-03,+1.3575688E-03,-102.3216083E-03,+142.9569708E-03
+2.9752000E-03,+5.6935455E-03,-102.5571610E-03,+142.9569708E-03
+2.9753000E-03,+11.3181136E-03,-102.7141962E-03,+142.9569708E-03
+2.9754000E-03,+16.9086051E-03,-102.4786435E-03,+142.9569708E-03
+2.9755000E-03,+21.9208930E-03,-102.3608671E-03,+142.9569708E-03
+2.9756000E-03,+26.5495440E-03,-102.4001259E-03,+142.9569708E-03
+2.9757000E-03,+29.5260280E-03,-102.9890078E-03,+142.9569708E-03
+2.9758000E-03,+31.2378292E-03,-102.4001259E-03,+142.9569708E-03
+2.9759000E-03,+31.6709322E-03,-102.2038319E-03,+142.9569708E-03
+2.9760000E-03,+30.9421319E-03,-102.4001259E-03,+142.9569708E-03
+2.9761000E-03,+29.0033364E-03,-102.7141962E-03,+142.9569708E-03
+2.9762000E-03,+25.8812023E-03,-102.5571610E-03,+142.9569708E-03
+2.9763000E-03,+22.4512793E-03,-102.2038319E-03,+142.9569708E-03
+2.9764000E-03,+18.4865730E-03,-102.7141962E-03,+142.9569708E-03
+2.9765000E-03,+14.3432392E-03,-103.1853018E-03,+142.9569708E-03
+2.9766000E-03,+10.1691265E-03,-102.4786435E-03,+142.9569708E-03
+2.9767000E-03,+6.0958696E-03,-102.3216083E-03,+142.9569708E-03
+2.9768000E-03,+2.4496699E-03,-102.5571610E-03,+142.9569708E-03
+2.9769000E-03,-856.8627E-06,-102.8712314E-03,+142.9569708E-03
+2.9770000E-03,-3.4010681E-03,-102.7927138E-03,+142.9569708E-03
+2.9771000E-03,-4.9850819E-03,-102.6356786E-03,+142.9569708E-03
+2.9772000E-03,-5.6682634E-03,-102.8712314E-03,+142.9569708E-03
+2.9773000E-03,-4.4711843E-03,-103.2245605E-03,+142.9569708E-03
+2.9774000E-03,-2.1451793E-03,-102.7927138E-03,+142.9569708E-03
+2.9775000E-03,+1.2432472E-03,-102.4786435E-03,+142.9569708E-03
+2.9776000E-03,+6.1563282E-03,-102.4001259E-03,+142.9569708E-03
+2.9777000E-03,+11.6800404E-03,-102.7534550E-03,+142.9569708E-03
+2.9778000E-03,+17.2620127E-03,-102.4001259E-03,+142.9569708E-03
+2.9779000E-03,+22.0904517E-03,-102.3216083E-03,+142.9569708E-03
+2.9780000E-03,+26.5132689E-03,-102.4001259E-03,+142.9569708E-03
+2.9781000E-03,+30.0943383E-03,-102.8712314E-03,+142.9569708E-03
+2.9782000E-03,+31.5895880E-03,-102.4001259E-03,+142.9569708E-03
+2.9783000E-03,+31.7300167E-03,-102.2430907E-03,+142.9569708E-03
+2.9784000E-03,+30.8882689E-03,-102.5571610E-03,+142.9569708E-03
+2.9785000E-03,+28.9890462E-03,-102.7534550E-03,+142.9569708E-03
+2.9786000E-03,+26.1065478E-03,-102.5571610E-03,+142.9569708E-03
+2.9787000E-03,+22.3550953E-03,-102.4786435E-03,+142.9569708E-03
+2.9788000E-03,+18.5151534E-03,-102.5571610E-03,+142.9569708E-03
+2.9789000E-03,+14.4223849E-03,-102.9890078E-03,+142.9569708E-03
+2.9790000E-03,+10.0861334E-03,-102.4786435E-03,+142.9569708E-03
+2.9791000E-03,+5.8729975E-03,-102.4001259E-03,+142.9569708E-03
+2.9792000E-03,+2.2199275E-03,-102.4001259E-03,+142.9569708E-03
+2.9793000E-03,-800.8011E-06,-102.8319726E-03,+142.9569708E-03
+2.9794000E-03,-3.6571924E-03,-102.6356786E-03,+142.9569708E-03
+2.9795000E-03,-5.1430985E-03,-102.8319726E-03,+142.9569708E-03
+2.9796000E-03,-5.4901855E-03,-102.8712314E-03,+142.9569708E-03
+2.9797000E-03,-4.5374139E-03,-103.1460430E-03,+142.9569708E-03
+2.9798000E-03,-2.1396830E-03,-102.5571610E-03,+142.9569708E-03
+2.9799000E-03,+1.4303939E-03,-102.2430907E-03,+142.9569708E-03
+2.9800000E-03,+6.3080242E-03,-102.5571610E-03,+142.9569708E-03
+2.9801000E-03,+11.5577493E-03,-102.7534550E-03,+142.9569708E-03
+2.9802000E-03,+17.0498582E-03,-102.5571610E-03,+142.9569708E-03
+2.9803000E-03,+22.3452021E-03,-102.3216083E-03,+142.9569708E-03
+2.9804000E-03,+26.5341546E-03,-102.5571610E-03,+142.9569708E-03
+2.9805000E-03,+29.6944875E-03,-102.7141962E-03,+142.9569708E-03
+2.9806000E-03,+31.1345000E-03,-102.4001259E-03,+142.9569708E-03
+2.9807000E-03,+31.7756354E-03,-102.3216083E-03,+142.9569708E-03
+2.9808000E-03,+30.7167865E-03,-102.4001259E-03,+142.9569708E-03
+2.9809000E-03,+28.4237589E-03,-102.7927138E-03,+142.9569708E-03
+2.9810000E-03,+25.7223613E-03,-102.5571610E-03,+142.9569708E-03
+2.9811000E-03,+22.1929565E-03,-102.3216083E-03,+142.9569708E-03
+2.9812000E-03,+18.2656245E-03,-102.5571610E-03,+142.9569708E-03
+2.9813000E-03,+14.1110235E-03,-102.8319726E-03,+142.9569708E-03
+2.9814000E-03,+9.8294594E-03,-102.7141962E-03,+142.9569708E-03
+2.9815000E-03,+5.7880807E-03,-102.4786435E-03,+142.9569708E-03
+2.9816000E-03,+1.9110393E-03,-102.4001259E-03,+142.9569708E-03
+2.9817000E-03,-932.1611E-06,-102.9890078E-03,+142.9569708E-03
+2.9818000E-03,-3.2845480E-03,-102.5571610E-03,+142.9569708E-03
+2.9819000E-03,-4.9353410E-03,-102.7927138E-03,+142.9569708E-03
+2.9820000E-03,-5.0845637E-03,-102.7141962E-03,+142.9569708E-03
+2.9821000E-03,-4.2716711E-03,-103.0282666E-03,+142.9569708E-03
+2.9822000E-03,-1.6703049E-03,-102.6356786E-03,+142.9569708E-03
+2.9823000E-03,+2.0003530E-03,-102.2038319E-03,+142.9569708E-03
+2.9824000E-03,+6.7521196E-03,-102.4001259E-03,+142.9569708E-03
+2.9825000E-03,+12.3178780E-03,-102.7141962E-03,+142.9569708E-03
+2.9826000E-03,+17.6060768E-03,-102.4001259E-03,+142.9569708E-03
+2.9827000E-03,+22.8126565E-03,-102.3608671E-03,+142.9569708E-03
+2.9828000E-03,+26.8100654E-03,-102.4001259E-03,+142.9569708E-03
+2.9829000E-03,+29.6747010E-03,-102.8712314E-03,+142.9569708E-03
+2.9830000E-03,+31.4692205E-03,-102.3216083E-03,+142.9569708E-03
+2.9831000E-03,+31.3573722E-03,-102.2823495E-03,+142.9569708E-03
+2.9832000E-03,+30.4606621E-03,-102.2430907E-03,+142.9569708E-03
+2.9833000E-03,+28.2563986E-03,-102.7141962E-03,+142.9569708E-03
+2.9834000E-03,+25.3172890E-03,-102.5571610E-03,+142.9569708E-03
+2.9835000E-03,+21.6301424E-03,-102.4786435E-03,+142.9569708E-03
+2.9836000E-03,+17.7324901E-03,-102.4001259E-03,+142.9569708E-03
+2.9837000E-03,+13.7199666E-03,-103.1067842E-03,+142.9569708E-03
+2.9838000E-03,+9.2177289E-03,-102.6356786E-03,+142.9569708E-03
+2.9839000E-03,+5.4893605E-03,-102.4393847E-03,+142.9569708E-03
+2.9840000E-03,+1.9835895E-03,-102.7141962E-03,+142.9569708E-03
+2.9841000E-03,-1.3405310E-03,-102.9104902E-03,+142.9569708E-03
+2.9842000E-03,-3.5373746E-03,-102.7927138E-03,+142.9569708E-03
+2.9843000E-03,-5.1766255E-03,-102.8712314E-03,+142.9569708E-03
+2.9844000E-03,-5.2868250E-03,-102.5571610E-03,+142.9569708E-03
+2.9845000E-03,-4.2620527E-03,-103.0675254E-03,+142.9569708E-03
+2.9846000E-03,-1.8791617E-03,-102.7141962E-03,+142.9569708E-03
+2.9847000E-03,+2.1883241E-03,-102.5179023E-03,+142.9569708E-03
+2.9848000E-03,+6.9818621E-03,-102.4001259E-03,+142.9569708E-03
+2.9849000E-03,+12.6699116E-03,-102.7534550E-03,+142.9569708E-03
+2.9850000E-03,+18.2403419E-03,-102.6356786E-03,+142.9569708E-03
+2.9851000E-03,+23.1089034E-03,-102.3216083E-03,+142.9569708E-03
+2.9852000E-03,+27.2783443E-03,-102.4001259E-03,+142.9569708E-03
+2.9853000E-03,+29.9489630E-03,-102.7927138E-03,+142.9569708E-03
+2.9854000E-03,+31.5390226E-03,-102.4786435E-03,+142.9569708E-03
+2.9855000E-03,+31.6008552E-03,-102.2823495E-03,+142.9569708E-03
+2.9856000E-03,+30.3485390E-03,-102.4001259E-03,+142.9569708E-03
+2.9857000E-03,+28.3973769E-03,-102.8712314E-03,+142.9569708E-03
+2.9858000E-03,+25.1062338E-03,-102.3216083E-03,+142.9569708E-03
+2.9859000E-03,+21.5960658E-03,-102.4393847E-03,+142.9569708E-03
+2.9860000E-03,+17.5522137E-03,-102.4001259E-03,+142.9569708E-03
+2.9861000E-03,+13.4492772E-03,-102.9890078E-03,+142.9569708E-03
+2.9862000E-03,+9.5073803E-03,-102.3216083E-03,+142.9569708E-03
+2.9863000E-03,+5.2582440E-03,-102.3216083E-03,+142.9569708E-03
+2.9864000E-03,+1.7747328E-03,-102.5571610E-03,+142.9569708E-03
+2.9865000E-03,-1.2567135E-03,-103.0282666E-03,+142.9569708E-03
+2.9866000E-03,-3.8330718E-03,-102.8712314E-03,+142.9569708E-03
+2.9867000E-03,-5.0757697E-03,-102.4786435E-03,+142.9569708E-03
+2.9868000E-03,-5.2967182E-03,-102.5571610E-03,+142.9569708E-03
+2.9869000E-03,-3.8108121E-03,-103.1853018E-03,+142.9569708E-03
+2.9870000E-03,-1.3394318E-03,-102.7141962E-03,+142.9569708E-03
+2.9871000E-03,+2.2306451E-03,-102.3608671E-03,+142.9569708E-03
+2.9872000E-03,+7.2742616E-03,-102.5571610E-03,+142.9569708E-03
+2.9873000E-03,+12.8320505E-03,-102.7141962E-03,+142.9569708E-03
+2.9874000E-03,+18.4167709E-03,-102.4001259E-03,+142.9569708E-03
+2.9875000E-03,+23.1940950E-03,-102.6356786E-03,+142.9569708E-03
+2.9876000E-03,+27.2552601E-03,-102.7141962E-03,+142.9569708E-03
+2.9877000E-03,+30.3356228E-03,-102.7927138E-03,+142.9569708E-03
+2.9878000E-03,+31.4093116E-03,-102.4001259E-03,+142.9569708E-03
+2.9879000E-03,+31.2015540E-03,-102.1645731E-03,+142.9569708E-03
+2.9880000E-03,+30.0275591E-03,-102.2430907E-03,+142.9569708E-03
+2.9881000E-03,+28.0871147E-03,-102.9890078E-03,+142.9569708E-03
+2.9882000E-03,+24.9985076E-03,-102.5571610E-03,+142.9569708E-03
+2.9883000E-03,+21.0491908E-03,-102.3216083E-03,+142.9569708E-03
+2.9884000E-03,+17.3950215E-03,-102.4001259E-03,+142.9569708E-03
+2.9885000E-03,+13.1604503E-03,-103.1067842E-03,+142.9569708E-03
+2.9886000E-03,+9.1314381E-03,-102.6356786E-03,+142.9569708E-03
+2.9887000E-03,+5.0274023E-03,-102.4393847E-03,+142.9569708E-03
+2.9888000E-03,+1.4097830E-03,-102.4001259E-03,+142.9569708E-03
+2.9889000E-03,-1.3468517E-03,-103.1460430E-03,+142.9569708E-03
+2.9890000E-03,-4.2161591E-03,-102.5571610E-03,+142.9569708E-03
+2.9891000E-03,-5.3409628E-03,-102.5179023E-03,+142.9569708E-03
+2.9892000E-03,-5.2560461E-03,-102.5571610E-03,+142.9569708E-03
+2.9893000E-03,-3.8251023E-03,-102.9890078E-03,+142.9569708E-03
+2.9894000E-03,-1.0190015E-03,-102.7141962E-03,+142.9569708E-03
+2.9895000E-03,+2.5398081E-03,-102.3608671E-03,+142.9569708E-03
+2.9896000E-03,+7.9239161E-03,-102.7141962E-03,+142.9569708E-03
+2.9897000E-03,+13.4594452E-03,-102.9890078E-03,+142.9569708E-03
+2.9898000E-03,+18.7399493E-03,-102.4001259E-03,+142.9569708E-03
+2.9899000E-03,+23.8074743E-03,-102.2823495E-03,+142.9569708E-03
+2.9900000E-03,+27.5916295E-03,-102.4001259E-03,+142.9569708E-03
+2.9901000E-03,+30.6420377E-03,-102.8319726E-03,+142.9569708E-03
+2.9902000E-03,+31.6984133E-03,-102.4786435E-03,+142.9569708E-03
+2.9903000E-03,+31.2823486E-03,-102.3216083E-03,+142.9569708E-03
+2.9904000E-03,+30.1297890E-03,-102.4001259E-03,+142.9569708E-03
+2.9905000E-03,+27.7817991E-03,-102.8712314E-03,+142.9569708E-03
+2.9906000E-03,+24.7280931E-03,-102.4786435E-03,+142.9569708E-03
+2.9907000E-03,+20.8625937E-03,-102.7141962E-03,+142.9569708E-03
+2.9908000E-03,+16.7816421E-03,-102.4001259E-03,+142.9569708E-03
+2.9909000E-03,+13.1260988E-03,-102.9890078E-03,+142.9569708E-03
+2.9910000E-03,+8.8263973E-03,-102.3216083E-03,+142.9569708E-03
+2.9911000E-03,+4.6907582E-03,-102.4001259E-03,+142.9569708E-03
+2.9912000E-03,+917.3207E-06,-102.7141962E-03,+142.9569708E-03
+2.9913000E-03,-1.8409629E-03,-103.3030781E-03,+142.9569708E-03
+2.9914000E-03,-4.1881284E-03,-102.6356786E-03,+142.9569708E-03
+2.9915000E-03,-5.6847521E-03,-102.6356786E-03,+142.9569708E-03
+2.9916000E-03,-5.0647772E-03,-102.5571610E-03,+142.9569708E-03
+2.9917000E-03,-3.5148401E-03,-103.1067842E-03,+142.9569708E-03
+2.9918000E-03,-1.0679180E-03,-102.6356786E-03,+142.9569708E-03
+2.9919000E-03,+2.9039334E-03,-102.3608671E-03,+142.9569708E-03
+2.9920000E-03,+7.8876410E-03,-102.4001259E-03,+142.9569708E-03
+2.9921000E-03,+13.7589898E-03,-102.8319726E-03,+142.9569708E-03
+2.9922000E-03,+18.8801032E-03,-102.4001259E-03,+142.9569708E-03
+2.9923000E-03,+23.7896116E-03,-102.5571610E-03,+142.9569708E-03
+2.9924000E-03,+27.7719058E-03,-102.4001259E-03,+142.9569708E-03
+2.9925000E-03,+30.3927836E-03,-102.7927138E-03,+142.9569708E-03
+2.9926000E-03,+31.5384730E-03,-102.4786435E-03,+142.9569708E-03
+2.9927000E-03,+30.8882689E-03,-102.4786435E-03,+142.9569708E-03
+2.9928000E-03,+29.9945817E-03,-102.0860555E-03,+142.9569708E-03
+2.9929000E-03,+27.8342881E-03,-102.8712314E-03,+142.9569708E-03
+2.9930000E-03,+24.4774649E-03,-102.5571610E-03,+142.9569708E-03
+2.9931000E-03,+20.8444562E-03,-102.4786435E-03,+142.9569708E-03
+2.9932000E-03,+16.5815793E-03,-102.5571610E-03,+142.9569708E-03
+2.9933000E-03,+12.7732408E-03,-102.9890078E-03,+142.9569708E-03
+2.9934000E-03,+8.5862120E-03,-102.4786435E-03,+142.9569708E-03
+2.9935000E-03,+4.6509105E-03,-102.4393847E-03,+142.9569708E-03
+2.9936000E-03,+1.1569564E-03,-102.5571610E-03,+142.9569708E-03
+2.9937000E-03,-2.1622176E-03,-102.9890078E-03,+142.9569708E-03
+2.9938000E-03,-3.9979588E-03,-102.7141962E-03,+142.9569708E-03
+2.9939000E-03,-5.0727468E-03,-102.7534550E-03,+142.9569708E-03
+2.9940000E-03,-5.0449908E-03,-102.8712314E-03,+142.9569708E-03
+2.9941000E-03,-3.3722129E-03,-102.8712314E-03,+142.9569708E-03
+2.9942000E-03,-863.4582E-06,-102.4001259E-03,+142.9569708E-03
+2.9943000E-03,+3.3340135E-03,-102.3608671E-03,+142.9569708E-03
+2.9944000E-03,+8.3768055E-03,-102.2430907E-03,+142.9569708E-03
+2.9945000E-03,+14.1220159E-03,-102.9497490E-03,+142.9569708E-03
+2.9946000E-03,+19.6451785E-03,-102.4001259E-03,+142.9569708E-03
+2.9947000E-03,+23.9764834E-03,-102.3608671E-03,+142.9569708E-03
+2.9948000E-03,+27.9983506E-03,-102.4001259E-03,+142.9569708E-03
+2.9949000E-03,+30.0624601E-03,-102.6749374E-03,+142.9569708E-03
+2.9950000E-03,+31.1196602E-03,-102.4786435E-03,+142.9569708E-03
+2.9951000E-03,+31.0946524E-03,-102.0467967E-03,+142.9569708E-03
+2.9952000E-03,+29.7813279E-03,-102.2430907E-03,+142.9569708E-03
+2.9953000E-03,+27.3264363E-03,-102.7141962E-03,+142.9569708E-03
+2.9954000E-03,+23.9965447E-03,-102.4001259E-03,+142.9569708E-03
+2.9955000E-03,+20.5765149E-03,-102.4001259E-03,+142.9569708E-03
+2.9956000E-03,+16.7178859E-03,-102.5571610E-03,+142.9569708E-03
+2.9957000E-03,+12.2925954E-03,-102.9890078E-03,+142.9569708E-03
+2.9958000E-03,+8.1443150E-03,-102.5571610E-03,+142.9569708E-03
+2.9959000E-03,+4.1611963E-03,-102.3608671E-03,+142.9569708E-03
+2.9960000E-03,+737.0443E-06,-102.4001259E-03,+142.9569708E-03
+2.9961000E-03,-2.2111340E-03,-102.9104902E-03,+142.9569708E-03
+2.9962000E-03,-4.2683733E-03,-102.5571610E-03,+142.9569708E-03
+2.9963000E-03,-5.1142433E-03,-102.4786435E-03,+142.9569708E-03
+2.9964000E-03,-5.1834958E-03,-102.7141962E-03,+142.9569708E-03
+2.9965000E-03,-3.3249453E-03,-103.2638193E-03,+142.9569708E-03
+2.9966000E-03,-330.8734E-06,-102.6356786E-03,+142.9569708E-03
+2.9967000E-03,+3.6497720E-03,-102.5964198E-03,+142.9569708E-03
+2.9968000E-03,+8.8296950E-03,-102.4001259E-03,+142.9569708E-03
+2.9969000E-03,+14.2739867E-03,-102.8319726E-03,+142.9569708E-03
+2.9970000E-03,+19.8765699E-03,-102.3216083E-03,+142.9569708E-03
+2.9971000E-03,+24.3134024E-03,-102.5964198E-03,+142.9569708E-03
+2.9972000E-03,+27.8235704E-03,-102.4001259E-03,+142.9569708E-03
+2.9973000E-03,+30.5722356E-03,-102.9497490E-03,+142.9569708E-03
+2.9974000E-03,+31.3950214E-03,-102.2430907E-03,+142.9569708E-03
+2.9975000E-03,+31.1402711E-03,-102.4393847E-03,+142.9569708E-03
+2.9976000E-03,+29.5603794E-03,-102.2430907E-03,+142.9569708E-03
+2.9977000E-03,+27.3618870E-03,-102.7534550E-03,+142.9569708E-03
+2.9978000E-03,+24.3015855E-03,-102.3216083E-03,+142.9569708E-03
+2.9979000E-03,+20.0557470E-03,-102.4786435E-03,+142.9569708E-03
+2.9980000E-03,+16.0748268E-03,-102.2430907E-03,+142.9569708E-03
+2.9981000E-03,+12.1620599E-03,-102.8712314E-03,+142.9569708E-03
+2.9982000E-03,+8.0415355E-03,-102.7141962E-03,+142.9569708E-03
+2.9983000E-03,+4.2147846E-03,-102.4001259E-03,+142.9569708E-03
+2.9984000E-03,+361.1021E-06,-102.5571610E-03,+142.9569708E-03
+2.9985000E-03,-2.1292402E-03,-103.0282666E-03,+142.9569708E-03
+2.9986000E-03,-4.3673055E-03,-102.5571610E-03,+142.9569708E-03
+2.9987000E-03,-5.4618799E-03,-102.7534550E-03,+142.9569708E-03
+2.9988000E-03,-4.8361340E-03,-102.5571610E-03,+142.9569708E-03
+2.9989000E-03,-3.2059519E-03,-102.9890078E-03,+142.9569708E-03
+2.9990000E-03,-67.0543E-06,-102.5571610E-03,+142.9569708E-03
+2.9991000E-03,+3.9418967E-03,-102.3216083E-03,+142.9569708E-03
+2.9992000E-03,+9.2243244E-03,-102.4001259E-03,+142.9569708E-03
+2.9993000E-03,+14.8398237E-03,-102.8319726E-03,+142.9569708E-03
+2.9994000E-03,+19.6847514E-03,-102.3216083E-03,+142.9569708E-03
+2.9995000E-03,+24.7250701E-03,-102.3216083E-03,+142.9569708E-03
+2.9996000E-03,+28.2907501E-03,-102.5571610E-03,+142.9569708E-03
+2.9997000E-03,+30.3650277E-03,-102.9497490E-03,+142.9569708E-03
+2.9998000E-03,+31.2306841E-03,-102.4786435E-03,+142.9569708E-03
+2.9999000E-03,+30.8206652E-03,-102.3608671E-03,+142.9569708E-03
+3.0000000E-03,+29.6351282E-03,-102.4001259E-03,+142.9569708E-03
+3.0001000E-03,+26.8114395E-03,-102.6749374E-03,+142.9569708E-03
+3.0002000E-03,+23.5738845E-03,-102.4001259E-03,+142.9569708E-03
+3.0003000E-03,+20.1222514E-03,-102.4786435E-03,+142.9569708E-03
+3.0004000E-03,+15.9484135E-03,-102.4001259E-03,+142.9569708E-03
+3.0005000E-03,+11.9125310E-03,-103.1067842E-03,+142.9569708E-03
+3.0006000E-03,+7.7485863E-03,-102.5571610E-03,+142.9569708E-03
+3.0007000E-03,+4.2975028E-03,-102.4001259E-03,+142.9569708E-03
+3.0008000E-03,+409.4690E-06,-102.5571610E-03,+142.9569708E-03
+3.0009000E-03,-2.6335194E-03,-103.0675254E-03,+142.9569708E-03
+3.0010000E-03,-4.2244035E-03,-102.5571610E-03,+142.9569708E-03
+3.0011000E-03,-5.1238617E-03,-102.8319726E-03,+142.9569708E-03
+3.0012000E-03,-4.7481943E-03,-102.5571610E-03,+142.9569708E-03
+3.0013000E-03,-3.2188680E-03,-103.1067842E-03,+142.9569708E-03
+3.0014000E-03,+217.6505E-06,-102.6356786E-03,+142.9569708E-03
+3.0015000E-03,+4.6940559E-03,-102.4786435E-03,+142.9569708E-03
+3.0016000E-03,+9.2605995E-03,-102.4001259E-03,+142.9569708E-03
+3.0017000E-03,+14.8519154E-03,-102.9890078E-03,+142.9569708E-03
+3.0018000E-03,+20.2651534E-03,-102.3216083E-03,+142.9569708E-03
+3.0019000E-03,+24.9427209E-03,-102.5571610E-03,+142.9569708E-03
+3.0020000E-03,+28.4809196E-03,-102.2430907E-03,+142.9569708E-03
+3.0021000E-03,+30.4073486E-03,-102.8319726E-03,+142.9569708E-03
+3.0022000E-03,+31.2834479E-03,-102.7141962E-03,+142.9569708E-03
+3.0023000E-03,+30.5936709E-03,-102.4393847E-03,+142.9569708E-03
+3.0024000E-03,+29.1426659E-03,-102.4001259E-03,+142.9569708E-03
+3.0025000E-03,+26.7740651E-03,-102.7927138E-03,+142.9569708E-03
+3.0026000E-03,+23.5414568E-03,-102.5571610E-03,+142.9569708E-03
+3.0027000E-03,+20.0958695E-03,-102.4786435E-03,+142.9569708E-03
+3.0028000E-03,+15.7736334E-03,-102.4001259E-03,+142.9569708E-03
+3.0029000E-03,+11.8534465E-03,-103.0675254E-03,+142.9569708E-03
+3.0030000E-03,+7.5292867E-03,-102.2430907E-03,+142.9569708E-03
+3.0031000E-03,+3.5126410E-03,-102.4786435E-03,+142.9569708E-03
+3.0032000E-03,+222.5971E-06,-102.5571610E-03,+142.9569708E-03
+3.0033000E-03,-2.6838099E-03,-102.8712314E-03,+142.9569708E-03
+3.0034000E-03,-4.5470323E-03,-102.7141962E-03,+142.9569708E-03
+3.0035000E-03,-5.1172662E-03,-102.8712314E-03,+142.9569708E-03
+3.0036000E-03,-4.8372333E-03,-102.7141962E-03,+142.9569708E-03
+3.0037000E-03,-3.0520574E-03,-103.0282666E-03,+142.9569708E-03
+3.0038000E-03,+54.9620E-06,-102.4001259E-03,+142.9569708E-03
+3.0039000E-03,+4.5025122E-03,-102.2430907E-03,+142.9569708E-03
+3.0040000E-03,+9.8179173E-03,-102.5571610E-03,+142.9569708E-03
+3.0041000E-03,+15.0997954E-03,-102.7141962E-03,+142.9569708E-03
+3.0042000E-03,+20.7493714E-03,-102.5571610E-03,+142.9569708E-03
+3.0043000E-03,+25.0364316E-03,-102.4786435E-03,+142.9569708E-03
+3.0044000E-03,+28.2676659E-03,-102.4001259E-03,+142.9569708E-03
+3.0045000E-03,+30.7115650E-03,-103.0282666E-03,+142.9569708E-03
+3.0046000E-03,+31.1630804E-03,-102.3216083E-03,+142.9569708E-03
+3.0047000E-03,+30.7178857E-03,-102.1645731E-03,+142.9569708E-03
+3.0048000E-03,+29.0316420E-03,-102.2430907E-03,+142.9569708E-03
+3.0049000E-03,+26.8356229E-03,-102.6749374E-03,+142.9569708E-03
+3.0050000E-03,+23.4381276E-03,-102.4786435E-03,+142.9569708E-03
+3.0051000E-03,+19.4506120E-03,-102.4393847E-03,+142.9569708E-03
+3.0052000E-03,+15.5252037E-03,-102.5571610E-03,+142.9569708E-03
+3.0053000E-03,+11.3469688E-03,-103.1460430E-03,+142.9569708E-03
+3.0054000E-03,+7.5858979E-03,-102.7141962E-03,+142.9569708E-03
+3.0055000E-03,+3.5849165E-03,-102.5964198E-03,+142.9569708E-03
+3.0056000E-03,+110.4740E-06,-102.4001259E-03,+142.9569708E-03
+3.0057000E-03,-2.4719302E-03,-103.0675254E-03,+142.9569708E-03
+3.0058000E-03,-4.6437659E-03,-102.7141962E-03,+142.9569708E-03
+3.0059000E-03,-5.1463963E-03,-102.7141962E-03,+142.9569708E-03
+3.0060000E-03,-4.9042873E-03,-102.8712314E-03,+142.9569708E-03
+3.0061000E-03,-2.7379478E-03,-102.9890078E-03,+142.9569708E-03
+3.0062000E-03,+628.2189E-06,-102.7927138E-03,+142.9569708E-03
+3.0063000E-03,+4.6327729E-03,-102.5179023E-03,+142.9569708E-03
+3.0064000E-03,+10.1487904E-03,-102.4001259E-03,+142.9569708E-03
+3.0065000E-03,+15.6101205E-03,-103.0282666E-03,+142.9569708E-03
+3.0066000E-03,+20.8653418E-03,-102.6356786E-03,+142.9569708E-03
+3.0067000E-03,+25.1721885E-03,-102.5571610E-03,+142.9569708E-03
+3.0068000E-03,+28.3786897E-03,-102.4001259E-03,+142.9569708E-03
+3.0069000E-03,+30.6994733E-03,-102.8319726E-03,+142.9569708E-03
+3.0070000E-03,+31.1257061E-03,-102.4001259E-03,+142.9569708E-03
+3.0071000E-03,+30.5260672E-03,-102.3216083E-03,+142.9569708E-03
+3.0072000E-03,+28.9876722E-03,-102.5571610E-03,+142.9569708E-03
+3.0073000E-03,+26.1749759E-03,-102.8712314E-03,+142.9569708E-03
+3.0074000E-03,+23.0412997E-03,-102.7141962E-03,+142.9569708E-03
+3.0075000E-03,+19.2227932E-03,-102.2823495E-03,+142.9569708E-03
+3.0076000E-03,+15.3460266E-03,-102.4001259E-03,+142.9569708E-03
+3.0077000E-03,+11.0386303E-03,-102.9890078E-03,+142.9569708E-03
+3.0078000E-03,+6.8977698E-03,-102.4001259E-03,+142.9569708E-03
+3.0079000E-03,+3.3406090E-03,-102.3608671E-03,+142.9569708E-03
+3.0080000E-03,-268.7660E-06,-102.4001259E-03,+142.9569708E-03
+3.0081000E-03,-2.9819804E-03,-102.8712314E-03,+142.9569708E-03
+3.0082000E-03,-4.7223620E-03,-102.8712314E-03,+142.9569708E-03
+3.0083000E-03,-5.3709173E-03,-102.5571610E-03,+142.9569708E-03
+3.0084000E-03,-4.4931692E-03,-102.7141962E-03,+142.9569708E-03
+3.0085000E-03,-2.6931535E-03,-102.9890078E-03,+142.9569708E-03
+3.0086000E-03,+848.0682E-06,-102.7141962E-03,+142.9569708E-03
+3.0087000E-03,+5.3997720E-03,-102.4786435E-03,+142.9569708E-03
+3.0088000E-03,+10.5236334E-03,-102.5571610E-03,+142.9569708E-03
+3.0089000E-03,+16.1253921E-03,-102.8319726E-03,+142.9569708E-03
+3.0090000E-03,+21.3836364E-03,-102.5571610E-03,+142.9569708E-03
+3.0091000E-03,+25.9130805E-03,-102.5571610E-03,+142.9569708E-03
+3.0092000E-03,+28.7062651E-03,-102.4001259E-03,+142.9569708E-03
+3.0093000E-03,+30.6016404E-03,-102.9890078E-03,+142.9569708E-03
+3.0094000E-03,+31.4978009E-03,-102.4001259E-03,+142.9569708E-03
+3.0095000E-03,+30.6653967E-03,-102.4393847E-03,+142.9569708E-03
+3.0096000E-03,+28.8359762E-03,-102.2430907E-03,+142.9569708E-03
+3.0097000E-03,+26.0296006E-03,-102.9497490E-03,+142.9569708E-03
+3.0098000E-03,+22.7538469E-03,-102.4786435E-03,+142.9569708E-03
+3.0099000E-03,+18.8108507E-03,-102.4001259E-03,+142.9569708E-03
+3.0100000E-03,+14.7249525E-03,-102.7141962E-03,+142.9569708E-03
+3.0101000E-03,+11.0174698E-03,-102.9497490E-03,+142.9569708E-03
+3.0102000E-03,+6.7719061E-03,-102.7141962E-03,+142.9569708E-03
+3.0103000E-03,+2.7035958E-03,-102.6356786E-03,+142.9569708E-03
+3.0104000E-03,-606.2346E-06,-102.5571610E-03,+142.9569708E-03
+3.0105000E-03,-3.1328520E-03,-103.0282666E-03,+142.9569708E-03
+3.0106000E-03,-4.5541774E-03,-102.7141962E-03,+142.9569708E-03
+3.0107000E-03,-5.4250552E-03,-102.6356786E-03,+142.9569708E-03
+3.0108000E-03,-4.6789418E-03,-102.5571610E-03,+142.9569708E-03
+3.0109000E-03,-2.3177609E-03,-103.1460430E-03,+142.9569708E-03
+3.0110000E-03,+1.1652007E-03,-102.6356786E-03,+142.9569708E-03
+3.0111000E-03,+5.6715606E-03,-102.4393847E-03,+142.9569708E-03
+3.0112000E-03,+10.7247955E-03,-102.4001259E-03,+142.9569708E-03
+3.0113000E-03,+16.3394703E-03,-102.9104902E-03,+142.9569708E-03
+3.0114000E-03,+21.4831182E-03,-102.4786435E-03,+142.9569708E-03
+3.0115000E-03,+25.7602853E-03,-102.5571610E-03,+142.9569708E-03
+3.0116000E-03,+29.0096571E-03,-102.4001259E-03,+142.9569708E-03
+3.0117000E-03,+30.6038389E-03,-102.7534550E-03,+142.9569708E-03
+3.0118000E-03,+31.2334322E-03,-102.4001259E-03,+142.9569708E-03
+3.0119000E-03,+30.2847827E-03,-102.3216083E-03,+142.9569708E-03
+3.0120000E-03,+28.5732563E-03,-102.0860555E-03,+142.9569708E-03
+3.0121000E-03,+26.1499680E-03,-102.7141962E-03,+142.9569708E-03
+3.0122000E-03,+22.4713406E-03,-102.4786435E-03,+142.9569708E-03
+3.0123000E-03,+18.7929879E-03,-102.4786435E-03,+142.9569708E-03
+3.0124000E-03,+14.7161585E-03,-102.4001259E-03,+142.9569708E-03
+3.0125000E-03,+10.4148080E-03,-103.1067842E-03,+142.9569708E-03
+3.0126000E-03,+6.4646668E-03,-102.4786435E-03,+142.9569708E-03
+3.0127000E-03,+2.8203907E-03,-102.5964198E-03,+142.9569708E-03
+3.0128000E-03,-230.2923E-06,-102.4001259E-03,+142.9569708E-03
+3.0129000E-03,-3.1603331E-03,-102.8712314E-03,+142.9569708E-03
+3.0130000E-03,-4.9301196E-03,-102.7141962E-03,+142.9569708E-03
+3.0131000E-03,-5.3373903E-03,-102.6356786E-03,+142.9569708E-03
+3.0132000E-03,-4.1567999E-03,-102.7141962E-03,+142.9569708E-03
+3.0133000E-03,-2.0561403E-03,-103.0282666E-03,+142.9569708E-03
+3.0134000E-03,+1.2542397E-03,-102.4001259E-03,+142.9569708E-03
+3.0135000E-03,+5.7930273E-03,-102.4393847E-03,+142.9569708E-03
+3.0136000E-03,+11.1128294E-03,-102.0860555E-03,+142.9569708E-03
+3.0137000E-03,+16.6365416E-03,-102.7141962E-03,+142.9569708E-03
+3.0138000E-03,+21.7507847E-03,-102.4786435E-03,+142.9569708E-03
+3.0139000E-03,+25.9512793E-03,-102.4393847E-03,+142.9569708E-03
+3.0140000E-03,+28.9579925E-03,-102.4001259E-03,+142.9569708E-03
+3.0141000E-03,+30.5007846E-03,-102.8319726E-03,+142.9569708E-03
+3.0142000E-03,+31.0767896E-03,-102.5571610E-03,+142.9569708E-03
+3.0143000E-03,+30.4254862E-03,-102.3216083E-03,+142.9569708E-03
+3.0144000E-03,+28.5336835E-03,-102.0860555E-03,+142.9569708E-03
+3.0145000E-03,+25.7916138E-03,-102.7141962E-03,+142.9569708E-03
+3.0146000E-03,+22.4163783E-03,-102.4786435E-03,+142.9569708E-03
+3.0147000E-03,+18.1908758E-03,-102.5571610E-03,+142.9569708E-03
+3.0148000E-03,+14.2083067E-03,-102.4001259E-03,+142.9569708E-03
+3.0149000E-03,+10.2697075E-03,-103.2245605E-03,+142.9569708E-03
+3.0150000E-03,+6.1596259E-03,-102.5571610E-03,+142.9569708E-03
+3.0151000E-03,+2.3361728E-03,-102.4786435E-03,+142.9569708E-03
+3.0152000E-03,-1.0448338E-03,-102.4001259E-03,+142.9569708E-03
+3.0153000E-03,-3.1702264E-03,-103.3423369E-03,+142.9569708E-03
+3.0154000E-03,-5.1186403E-03,-102.8712314E-03,+142.9569708E-03
+3.0155000E-03,-5.4044443E-03,-102.7141962E-03,+142.9569708E-03
+3.0156000E-03,-4.1754870E-03,-102.5571610E-03,+142.9569708E-03
+3.0157000E-03,-1.7873746E-03,-103.1460430E-03,+142.9569708E-03
+3.0158000E-03,+1.5411429E-03,-102.4786435E-03,+142.9569708E-03
+3.0159000E-03,+6.0439302E-03,-102.3216083E-03,+142.9569708E-03
+3.0160000E-03,+11.7163155E-03,-102.2430907E-03,+142.9569708E-03
+3.0161000E-03,+17.0891563E-03,-102.9104902E-03,+142.9569708E-03
+3.0162000E-03,+21.9129235E-03,-102.4001259E-03,+142.9569708E-03
+3.0163000E-03,+26.1348534E-03,-102.2823495E-03,+142.9569708E-03
+3.0164000E-03,+29.2932626E-03,-102.4001259E-03,+142.9569708E-03
+3.0165000E-03,+30.9924225E-03,-102.7534550E-03,+142.9569708E-03
+3.0166000E-03,+31.0416137E-03,-102.4786435E-03,+142.9569708E-03
+3.0167000E-03,+30.0657579E-03,-102.5964198E-03,+142.9569708E-03
+3.0168000E-03,+28.2335893E-03,-102.2430907E-03,+142.9569708E-03
+3.0169000E-03,+25.4535956E-03,-102.7141962E-03,+142.9569708E-03
+3.0170000E-03,+22.1756433E-03,-102.4001259E-03,+142.9569708E-03
+3.0171000E-03,+18.3733507E-03,-102.3608671E-03,+142.9569708E-03
+3.0172000E-03,+14.2709638E-03,-102.2430907E-03,+142.9569708E-03
+3.0173000E-03,+10.1729739E-03,-102.8712314E-03,+142.9569708E-03
+3.0174000E-03,+5.9820977E-03,-102.5571610E-03,+142.9569708E-03
+3.0175000E-03,+2.2886304E-03,-102.3216083E-03,+142.9569708E-03
+3.0176000E-03,-1.1426667E-03,-102.4001259E-03,+142.9569708E-03
+3.0177000E-03,-3.3892512E-03,-102.9890078E-03,+142.9569708E-03
+3.0178000E-03,-4.8899971E-03,-102.7141962E-03,+142.9569708E-03
+3.0179000E-03,-5.2475269E-03,-102.8712314E-03,+142.9569708E-03
+3.0180000E-03,-4.1326164E-03,-102.4001259E-03,+142.9569708E-03
+3.0181000E-03,-1.8145810E-03,-103.1067842E-03,+142.9569708E-03
+3.0182000E-03,+2.0643841E-03,-102.4001259E-03,+142.9569708E-03
+3.0183000E-03,+6.4388345E-03,-102.2823495E-03,+142.9569708E-03
+3.0184000E-03,+11.8130492E-03,-102.0860555E-03,+142.9569708E-03
+3.0185000E-03,+17.4192049E-03,-102.9104902E-03,+142.9569708E-03
+3.0186000E-03,+22.0794593E-03,-102.3216083E-03,+142.9569708E-03
+3.0187000E-03,+26.2903967E-03,-102.2823495E-03,+142.9569708E-03
+3.0188000E-03,+29.1404674E-03,-102.4001259E-03,+142.9569708E-03
+3.0189000E-03,+30.9132767E-03,-102.8319726E-03,+142.9569708E-03
+3.0190000E-03,+30.9872010E-03,-102.3216083E-03,+142.9569708E-03
+3.0191000E-03,+29.8604737E-03,-102.3216083E-03,+142.9569708E-03
+3.0192000E-03,+28.1258631E-03,-102.2430907E-03,+142.9569708E-03
+3.0193000E-03,+25.3186631E-03,-102.9890078E-03,+142.9569708E-03
+3.0194000E-03,+21.9277633E-03,-102.6356786E-03,+142.9569708E-03
+3.0195000E-03,+18.0861726E-03,-102.3216083E-03,+142.9569708E-03
+3.0196000E-03,+13.8818306E-03,-102.4001259E-03,+142.9569708E-03
+3.0197000E-03,+9.8253373E-03,-103.1067842E-03,+142.9569708E-03
+3.0198000E-03,+5.6539727E-03,-102.4786435E-03,+142.9569708E-03
+3.0199000E-03,+2.2732409E-03,-102.6356786E-03,+142.9569708E-03
+3.0200000E-03,-1.0756127E-03,-102.5571610E-03,+142.9569708E-03
+3.0201000E-03,-3.7396359E-03,-103.0675254E-03,+142.9569708E-03
+3.0202000E-03,-4.9713413E-03,-102.6356786E-03,+142.9569708E-03
+3.0203000E-03,-5.1439230E-03,-102.7927138E-03,+142.9569708E-03
+3.0204000E-03,-4.0567684E-03,-102.7141962E-03,+142.9569708E-03
+3.0205000E-03,-1.6183655E-03,-103.1067842E-03,+142.9569708E-03
+3.0206000E-03,+2.3606310E-03,-102.5571610E-03,+142.9569708E-03
+3.0207000E-03,+7.0390229E-03,-102.5179023E-03,+142.9569708E-03
+3.0208000E-03,+12.1043495E-03,-102.0860555E-03,+142.9569708E-03
+3.0209000E-03,+17.5574351E-03,-102.9104902E-03,+142.9569708E-03
+3.0210000E-03,+22.8220001E-03,-102.3216083E-03,+142.9569708E-03
+3.0211000E-03,+26.5498189E-03,-102.5571610E-03,+142.9569708E-03
+3.0212000E-03,+29.2317048E-03,-102.5571610E-03,+142.9569708E-03
+3.0213000E-03,+30.7725732E-03,-102.8319726E-03,+142.9569708E-03
+3.0214000E-03,+30.9828040E-03,-102.4786435E-03,+142.9569708E-03
+3.0215000E-03,+29.8813593E-03,-102.4393847E-03,+142.9569708E-03
+3.0216000E-03,+27.9181056E-03,-102.4001259E-03,+142.9569708E-03
+3.0217000E-03,+25.2208302E-03,-102.6749374E-03,+142.9569708E-03
+3.0218000E-03,+21.7694719E-03,-102.7927138E-03,+142.9569708E-03
+3.0219000E-03,+17.6942913E-03,-102.4393847E-03,+142.9569708E-03
+3.0220000E-03,+13.4970944E-03,-102.5571610E-03,+142.9569708E-03
+3.0221000E-03,+9.7110157E-03,-103.2245605E-03,+142.9569708E-03
+3.0222000E-03,+5.7320191E-03,-102.7141962E-03,+142.9569708E-03
+3.0223000E-03,+1.7717098E-03,-102.5964198E-03,+142.9569708E-03
+3.0224000E-03,-1.3812031E-03,-102.4001259E-03,+142.9569708E-03
+3.0225000E-03,-3.9641569E-03,-103.0282666E-03,+142.9569708E-03
+3.0226000E-03,-5.0834644E-03,-102.5571610E-03,+142.9569708E-03
+3.0227000E-03,-5.0768689E-03,-102.5571610E-03,+142.9569708E-03
+3.0228000E-03,-3.9402483E-03,-102.7141962E-03,+142.9569708E-03
+3.0229000E-03,-1.5271281E-03,-103.0675254E-03,+142.9569708E-03
+3.0230000E-03,+2.1435299E-03,-102.5571610E-03,+142.9569708E-03
+3.0231000E-03,+7.2668417E-03,-102.4393847E-03,+142.9569708E-03
+3.0232000E-03,+12.7529047E-03,-102.2430907E-03,+142.9569708E-03
+3.0233000E-03,+17.8894075E-03,-102.8712314E-03,+142.9569708E-03
+3.0234000E-03,+22.6103952E-03,-102.4786435E-03,+142.9569708E-03
+3.0235000E-03,+26.4558333E-03,-102.4393847E-03,+142.9569708E-03
+3.0236000E-03,+29.4680428E-03,-102.4001259E-03,+142.9569708E-03
+3.0237000E-03,+30.9138263E-03,-103.0282666E-03,+142.9569708E-03
+3.0238000E-03,+30.7986803E-03,-102.4001259E-03,+142.9569708E-03
+3.0239000E-03,+30.0946131E-03,-102.2823495E-03,+142.9569708E-03
+3.0240000E-03,+27.7993870E-03,-102.0860555E-03,+142.9569708E-03
+3.0241000E-03,+24.9913625E-03,-102.8319726E-03,+142.9569708E-03
+3.0242000E-03,+21.3138343E-03,-102.4786435E-03,+142.9569708E-03
+3.0243000E-03,+17.5109920E-03,-102.5179022E-03,+142.9569708E-03
+3.0244000E-03,+13.5047892E-03,-102.4001259E-03,+142.9569708E-03
+3.0245000E-03,+9.0734528E-03,-102.9890078E-03,+142.9569708E-03
+3.0246000E-03,+5.2598929E-03,-102.4786435E-03,+142.9569708E-03
+3.0247000E-03,+1.5463644E-03,-102.4786435E-03,+142.9569708E-03
+3.0248000E-03,-1.6834958E-03,-102.2430907E-03,+142.9569708E-03
+3.0249000E-03,-3.8369192E-03,-103.0282666E-03,+142.9569708E-03
+3.0250000E-03,-5.0411434E-03,-102.5571610E-03,+142.9569708E-03
+3.0251000E-03,-4.9496312E-03,-102.7141962E-03,+142.9569708E-03
+3.0252000E-03,-3.8622019E-03,-102.5571610E-03,+142.9569708E-03
+3.0253000E-03,-1.0409864E-03,-102.9104902E-03,+142.9569708E-03
+3.0254000E-03,+2.7569092E-03,-102.6356786E-03,+142.9569708E-03
+3.0255000E-03,+7.4504158E-03,-102.4393847E-03,+142.9569708E-03
+3.0256000E-03,+13.1706183E-03,-102.2430907E-03,+142.9569708E-03
+3.0257000E-03,+18.2656245E-03,-102.6356786E-03,+142.9569708E-03
+3.0258000E-03,+23.0495441E-03,-102.4786435E-03,+142.9569708E-03
+3.0259000E-03,+27.0362353E-03,-102.6356786E-03,+142.9569708E-03
+3.0260000E-03,+29.5449900E-03,-102.2430907E-03,+142.9569708E-03
+3.0261000E-03,+30.8720550E-03,-102.7534550E-03,+142.9569708E-03
+3.0262000E-03,+30.6502821E-03,-102.5571610E-03,+142.9569708E-03
+3.0263000E-03,+29.8261222E-03,-102.1645731E-03,+142.9569708E-03
+3.0264000E-03,+27.7125466E-03,-102.0860555E-03,+142.9569708E-03
+3.0265000E-03,+24.6915431E-03,-103.0282666E-03,+142.9569708E-03
+3.0266000E-03,+20.9983506E-03,-102.4786435E-03,+142.9569708E-03
+3.0267000E-03,+16.9630178E-03,-102.5571610E-03,+142.9569708E-03
+3.0268000E-03,+13.2255806E-03,-102.5571610E-03,+142.9569708E-03
+3.0269000E-03,+8.7827022E-03,-102.9104902E-03,+142.9569708E-03
+3.0270000E-03,+4.9510047E-03,-102.6356786E-03,+142.9569708E-03
+3.0271000E-03,+1.2542397E-03,-102.4786435E-03,+142.9569708E-03
+3.0272000E-03,-2.2045386E-03,-102.5571610E-03,+142.9569708E-03
+3.0273000E-03,-4.0174704E-03,-102.7534550E-03,+142.9569708E-03
+3.0274000E-03,-5.3214512E-03,-102.6356786E-03,+142.9569708E-03
+3.0275000E-03,-5.1903661E-03,-102.5964198E-03,+142.9569708E-03
+3.0276000E-03,-3.6379556E-03,-102.7141962E-03,+142.9569708E-03
+3.0277000E-03,-948.9246E-06,-102.9104902E-03,+142.9569708E-03
+3.0278000E-03,+3.3125782E-03,-102.3216083E-03,+142.9569708E-03
+3.0279000E-03,+7.8205869E-03,-102.5571610E-03,+142.9569708E-03
+3.0280000E-03,+13.1145567E-03,-102.0860555E-03,+142.9569708E-03
+3.0281000E-03,+18.8597671E-03,-102.7141962E-03,+142.9569708E-03
+3.0282000E-03,+23.4584637E-03,-102.4786435E-03,+142.9569708E-03
+3.0283000E-03,+27.1675952E-03,-102.5571610E-03,+142.9569708E-03
+3.0284000E-03,+29.5834636E-03,-102.2430907E-03,+142.9569708E-03
+3.0285000E-03,+31.0185295E-03,-102.8712314E-03,+142.9569708E-03
+3.0286000E-03,+30.9388342E-03,-102.1645731E-03,+142.9569708E-03
+3.0287000E-03,+29.5320739E-03,-102.1645731E-03,+142.9569708E-03
+3.0288000E-03,+27.7048518E-03,-102.0860555E-03,+142.9569708E-03
+3.0289000E-03,+24.4087620E-03,-102.9497490E-03,+142.9569708E-03
+3.0290000E-03,+20.9538312E-03,-102.5571610E-03,+142.9569708E-03
+3.0291000E-03,+17.1757219E-03,-102.7534550E-03,+142.9569708E-03
+3.0292000E-03,+12.9485706E-03,-102.5571610E-03,+142.9569708E-03
+3.0293000E-03,+8.8406875E-03,-102.8712314E-03,+142.9569708E-03
+3.0294000E-03,+4.3634576E-03,-102.4786435E-03,+142.9569708E-03
+3.0295000E-03,+1.1239790E-03,-102.3216083E-03,+142.9569708E-03
+3.0296000E-03,-2.1264921E-03,-102.4001259E-03,+142.9569708E-03
+3.0297000E-03,-4.1903269E-03,-103.0282666E-03,+142.9569708E-03
+3.0298000E-03,-5.0070668E-03,-102.7927138E-03,+142.9569708E-03
+3.0299000E-03,-5.1557399E-03,-102.5571610E-03,+142.9569708E-03
+3.0300000E-03,-3.5829933E-03,-102.7141962E-03,+142.9569708E-03
+3.0301000E-03,-668.3420E-06,-102.8712314E-03,+142.9569708E-03
+3.0302000E-03,+3.2609136E-03,-102.7141962E-03,+142.9569708E-03
+3.0303000E-03,+8.1847123E-03,-102.1645731E-03,+142.9569708E-03
+3.0304000E-03,+13.4959952E-03,-102.2430907E-03,+142.9569708E-03
+3.0305000E-03,+19.1263343E-03,-102.8712314E-03,+142.9569708E-03
+3.0306000E-03,+23.5183726E-03,-102.4786435E-03,+142.9569708E-03
+3.0307000E-03,+27.0950450E-03,-102.2823495E-03,+142.9569708E-03
+3.0308000E-03,+29.8527789E-03,-102.5571610E-03,+142.9569708E-03
+3.0309000E-03,+30.6983741E-03,-102.8712314E-03,+142.9569708E-03
+3.0310000E-03,+30.8547419E-03,-102.4786435E-03,+142.9569708E-03
+3.0311000E-03,+29.4328669E-03,-102.2430907E-03,+142.9569708E-03
+3.0312000E-03,+27.1750151E-03,-102.0860555E-03,+142.9569708E-03
+3.0313000E-03,+24.2163940E-03,-102.5179023E-03,+142.9569708E-03
+3.0314000E-03,+20.4130020E-03,-102.4001259E-03,+142.9569708E-03
+3.0315000E-03,+16.9341626E-03,-102.4393847E-03,+142.9569708E-03
+3.0316000E-03,+12.5011774E-03,-102.2430907E-03,+142.9569708E-03
+3.0317000E-03,+8.3957676E-03,-103.1853017E-03,+142.9569708E-03
+3.0318000E-03,+4.4728326E-03,-102.5571610E-03,+142.9569708E-03
+3.0319000E-03,+619.4250E-06,-102.4393847E-03,+142.9569708E-03
+3.0320000E-03,-1.9649029E-03,-102.4001259E-03,+142.9569708E-03
+3.0321000E-03,-4.1675175E-03,-103.0675254E-03,+142.9569708E-03
+3.0322000E-03,-4.9933262E-03,-102.4786435E-03,+142.9569708E-03
+3.0323000E-03,-4.7858435E-03,-102.5964198E-03,+142.9569708E-03
+3.0324000E-03,-3.4137094E-03,-102.5571610E-03,+142.9569708E-03
+3.0325000E-03,-265.4682E-06,-103.0282666E-03,+142.9569708E-03
+3.0326000E-03,+3.5582597E-03,-102.5571610E-03,+142.9569708E-03
+3.0327000E-03,+8.5323489E-03,-102.4001259E-03,+142.9569708E-03
+3.0328000E-03,+13.8114788E-03,-102.0860555E-03,+142.9569708E-03
+3.0329000E-03,+19.2324116E-03,-102.8712314E-03,+142.9569708E-03
+3.0330000E-03,+24.0047890E-03,-102.3216083E-03,+142.9569708E-03
+3.0331000E-03,+27.4091546E-03,-102.4001259E-03,+142.9569708E-03
+3.0332000E-03,+29.8384887E-03,-102.4001259E-03,+142.9569708E-03
+3.0333000E-03,+30.8717802E-03,-103.0282666E-03,+142.9569708E-03
+3.0334000E-03,+30.6761144E-03,-102.4001259E-03,+142.9569708E-03
+3.0335000E-03,+29.3625151E-03,-102.2823495E-03,+142.9569708E-03
+3.0336000E-03,+27.1596257E-03,-102.0860555E-03,+142.9569708E-03
+3.0337000E-03,+24.1982564E-03,-102.8319726E-03,+142.9569708E-03
+3.0338000E-03,+20.2981308E-03,-102.4786435E-03,+142.9569708E-03
+3.0339000E-03,+16.1245677E-03,-102.5964198E-03,+142.9569708E-03
+3.0340000E-03,+12.2153734E-03,-102.4001259E-03,+142.9569708E-03
+3.0341000E-03,+8.0269704E-03,-102.9890078E-03,+142.9569708E-03
+3.0342000E-03,+4.1381121E-03,-102.5571610E-03,+142.9569708E-03
+3.0343000E-03,+324.8270E-06,-102.3608671E-03,+142.9569708E-03
+3.0344000E-03,-2.6244506E-03,-102.4001259E-03,+142.9569708E-03
+3.0345000E-03,-4.5154289E-03,-103.0282666E-03,+142.9569708E-03
+3.0346000E-03,-5.5402012E-03,-102.7927138E-03,+142.9569708E-03
+3.0347000E-03,-4.7611105E-03,-102.5964198E-03,+142.9569708E-03
+3.0348000E-03,-3.1465926E-03,-102.4001259E-03,+142.9569708E-03
+3.0349000E-03,-196.2157E-06,-102.9890078E-03,+142.9569708E-03
+3.0350000E-03,+4.0655619E-03,-102.2430907E-03,+142.9569708E-03
+3.0351000E-03,+8.8678938E-03,-102.2430907E-03,+142.9569708E-03
+3.0352000E-03,+14.3369185E-03,-102.2430907E-03,+142.9569708E-03
+3.0353000E-03,+19.3890542E-03,-102.9104902E-03,+142.9569708E-03
+3.0354000E-03,+24.0020409E-03,-102.4786435E-03,+142.9569708E-03
+3.0355000E-03,+27.5473848E-03,-102.5571610E-03,+142.9569708E-03
+3.0356000E-03,+29.5537840E-03,-102.2430907E-03,+142.9569708E-03
+3.0357000E-03,+31.0201784E-03,-102.8712314E-03,+142.9569708E-03
+3.0358000E-03,+30.6288468E-03,-102.2430907E-03,+142.9569708E-03
+3.0359000E-03,+29.2732014E-03,-102.4393847E-03,+142.9569708E-03
+3.0360000E-03,+26.7847827E-03,-102.0860555E-03,+142.9569708E-03
+3.0361000E-03,+23.6928779E-03,-102.7534550E-03,+142.9569708E-03
+3.0362000E-03,+20.4586208E-03,-102.4001259E-03,+142.9569708E-03
+3.0363000E-03,+15.8670693E-03,-102.5964198E-03,+142.9569708E-03
+3.0364000E-03,+12.1450216E-03,-102.5571610E-03,+142.9569708E-03
+3.0365000E-03,+8.1003451E-03,-102.8712314E-03,+142.9569708E-03
+3.0366000E-03,+3.8671479E-03,-102.6356786E-03,+142.9569708E-03
+3.0367000E-03,+510.0500E-06,-102.5964198E-03,+142.9569708E-03
+3.0368000E-03,-2.4628614E-03,-102.4001259E-03,+142.9569708E-03
+3.0369000E-03,-4.2109377E-03,-103.1067842E-03,+142.9569708E-03
+3.0370000E-03,-5.0966554E-03,-102.6356786E-03,+142.9569708E-03
+3.0371000E-03,-4.9037377E-03,-102.6356786E-03,+142.9569708E-03
+3.0372000E-03,-2.8453991E-03,-102.4001259E-03,+142.9569708E-03
+3.0373000E-03,+53.8628E-06,-102.8319726E-03,+142.9569708E-03
+3.0374000E-03,+4.3106938E-03,-102.5571610E-03,+142.9569708E-03
+3.0375000E-03,+9.2166296E-03,-102.4786435E-03,+142.9569708E-03
+3.0376000E-03,+14.3665982E-03,-102.2430907E-03,+142.9569708E-03
+3.0377000E-03,+19.6619420E-03,-102.7927138E-03,+142.9569708E-03
+3.0378000E-03,+24.1691263E-03,-102.2430907E-03,+142.9569708E-03
+3.0379000E-03,+27.8153261E-03,-102.5571610E-03,+142.9569708E-03
+3.0380000E-03,+29.6834950E-03,-102.2430907E-03,+142.9569708E-03
+3.0381000E-03,+30.5606935E-03,-102.7534550E-03,+142.9569708E-03
+3.0382000E-03,+30.3216074E-03,-102.4001259E-03,+142.9569708E-03
+3.0383000E-03,+28.6944482E-03,-102.4786435E-03,+142.9569708E-03
+3.0384000E-03,+26.6550717E-03,-102.2430907E-03,+142.9569708E-03
+3.0385000E-03,+23.4768761E-03,-102.7141962E-03,+142.9569708E-03
+3.0386000E-03,+19.7408130E-03,-102.5571610E-03,+142.9569708E-03
+3.0387000E-03,+15.7700608E-03,-102.4393847E-03,+142.9569708E-03
+3.0388000E-03,+11.8273394E-03,-102.4001259E-03,+142.9569708E-03
+3.0389000E-03,+7.8304802E-03,-103.0675254E-03,+142.9569708E-03
+3.0390000E-03,+3.4483351E-03,-102.3216083E-03,+142.9569708E-03
+3.0391000E-03,+166.8104E-06,-102.4786435E-03,+142.9569708E-03
+3.0392000E-03,-2.4727546E-03,-102.4001259E-03,+142.9569708E-03
+3.0393000E-03,-4.4412298E-03,-102.9104902E-03,+142.9569708E-03
+3.0394000E-03,-5.0845637E-03,-102.5571610E-03,+142.9569708E-03
+3.0395000E-03,-4.9298448E-03,-102.7141962E-03,+142.9569708E-03
+3.0396000E-03,-2.7541617E-03,-102.5571610E-03,+142.9569708E-03
+3.0397000E-03,+282.2312E-06,-102.8712314E-03,+142.9569708E-03
+3.0398000E-03,+4.6239789E-03,-102.6356786E-03,+142.9569708E-03
+3.0399000E-03,+9.8137952E-03,-102.4393847E-03,+142.9569708E-03
+3.0400000E-03,+14.8656560E-03,-102.2430907E-03,+142.9569708E-03
+3.0401000E-03,+20.2934590E-03,-102.7141962E-03,+142.9569708E-03
+3.0402000E-03,+24.5467174E-03,-102.3216083E-03,+142.9569708E-03
+3.0403000E-03,+27.8340132E-03,-102.7141962E-03,+142.9569708E-03
+3.0404000E-03,+30.1429799E-03,-102.2430907E-03,+142.9569708E-03
+3.0405000E-03,+30.9561473E-03,-102.9890078E-03,+142.9569708E-03
+3.0406000E-03,+30.4958380E-03,-102.4786435E-03,+142.9569708E-03
+3.0407000E-03,+28.9373816E-03,-102.3216083E-03,+142.9569708E-03
+3.0408000E-03,+26.4429172E-03,-102.0860555E-03,+142.9569708E-03
+3.0409000E-03,+23.6293965E-03,-102.7534550E-03,+142.9569708E-03
+3.0410000E-03,+19.7243243E-03,-102.2430907E-03,+142.9569708E-03
+3.0411000E-03,+15.4108821E-03,-102.5179022E-03,+142.9569708E-03
+3.0412000E-03,+11.3029990E-03,-102.5571610E-03,+142.9569708E-03
+3.0413000E-03,+7.2401850E-03,-103.1853018E-03,+142.9569708E-03
+3.0414000E-03,+3.5357252E-03,-102.5571610E-03,+142.9569708E-03
+3.0415000E-03,-208.0326E-06,-102.7141962E-03,+142.9569708E-03
+3.0416000E-03,-2.8190172E-03,-102.4001259E-03,+142.9569708E-03
+3.0417000E-03,-4.6583309E-03,-102.9104902E-03,+142.9569708E-03
+3.0418000E-03,-5.4099405E-03,-102.5571610E-03,+142.9569708E-03
+3.0419000E-03,-4.7053237E-03,-102.8712314E-03,+142.9569708E-03
+3.0420000E-03,-2.8673840E-03,-102.7141962E-03,+142.9569708E-03
+3.0421000E-03,+643.6084E-06,-103.0282666E-03,+142.9569708E-03
+3.0422000E-03,+4.6547578E-03,-102.5571610E-03,+142.9569708E-03
+3.0423000E-03,+9.6708931E-03,-102.4393847E-03,+142.9569708E-03
+3.0424000E-03,+15.3163469E-03,-102.0860555E-03,+142.9569708E-03
+3.0425000E-03,+20.4465290E-03,-102.6356786E-03,+142.9569708E-03
+3.0426000E-03,+24.8665981E-03,-102.6356786E-03,+142.9569708E-03
+3.0427000E-03,+27.7158443E-03,-102.4393847E-03,+142.9569708E-03
+3.0428000E-03,+29.9231307E-03,-102.2430907E-03,+142.9569708E-03
+3.0429000E-03,+31.0729422E-03,-102.7141962E-03,+142.9569708E-03
+3.0430000E-03,+30.5568461E-03,-102.4001259E-03,+142.9569708E-03
+3.0431000E-03,+29.0756119E-03,-102.2823495E-03,+142.9569708E-03
+3.0432000E-03,+26.2230679E-03,-102.0860555E-03,+142.9569708E-03
+3.0433000E-03,+23.4282344E-03,-102.9890078E-03,+142.9569708E-03
+3.0434000E-03,+19.6133004E-03,-102.4786435E-03,+142.9569708E-03
+3.0435000E-03,+15.5023944E-03,-102.6749374E-03,+142.9569708E-03
+3.0436000E-03,+11.3909387E-03,-102.4001259E-03,+142.9569708E-03
+3.0437000E-03,+7.0316030E-03,-102.9890078E-03,+142.9569708E-03
+3.0438000E-03,+3.2070506E-03,-102.5571610E-03,+142.9569708E-03
+3.0439000E-03,-47.2678E-06,-102.3608671E-03,+142.9569708E-03
+3.0440000E-03,-2.9894004E-03,-102.2430907E-03,+142.9569708E-03
+3.0441000E-03,-4.3519160E-03,-103.0675254E-03,+142.9569708E-03
+3.0442000E-03,-5.3055121E-03,-102.6356786E-03,+142.9569708E-03
+3.0443000E-03,-4.5497804E-03,-102.7927138E-03,+142.9569708E-03
+3.0444000E-03,-2.4661592E-03,-102.4001259E-03,+142.9569708E-03
+3.0445000E-03,+743.3650E-06,-103.2638193E-03,+142.9569708E-03
+3.0446000E-03,+5.2983665E-03,-102.4786435E-03,+142.9569708E-03
+3.0447000E-03,+10.0789883E-03,-102.1253143E-03,+142.9569708E-03
+3.0448000E-03,+15.6054487E-03,-102.2430907E-03,+142.9569708E-03
+3.0449000E-03,+20.5597514E-03,-102.7534550E-03,+142.9569708E-03
+3.0450000E-03,+24.8039410E-03,-102.5571610E-03,+142.9569708E-03
+3.0451000E-03,+28.1016797E-03,-102.4001259E-03,+142.9569708E-03
+3.0452000E-03,+29.8472827E-03,-102.4001259E-03,+142.9569708E-03
+3.0453000E-03,+30.7871382E-03,-102.9497490E-03,+142.9569708E-03
+3.0454000E-03,+30.1034071E-03,-102.4786435E-03,+142.9569708E-03
+3.0455000E-03,+28.4702020E-03,-102.4001259E-03,+142.9569708E-03
+3.0456000E-03,+25.9812338E-03,-102.0860555E-03,+142.9569708E-03
+3.0457000E-03,+22.8404125E-03,-102.9104902E-03,+142.9569708E-03
+3.0458000E-03,+19.2467018E-03,-102.4786435E-03,+142.9569708E-03
+3.0459000E-03,+15.1693228E-03,-102.6749374E-03,+142.9569708E-03
+3.0460000E-03,+10.9919123E-03,-102.4001259E-03,+142.9569708E-03
+3.0461000E-03,+6.7793260E-03,-102.8712314E-03,+142.9569708E-03
+3.0462000E-03,+2.8355054E-03,-102.7141962E-03,+142.9569708E-03
+3.0463000E-03,-578.2038E-06,-102.5964198E-03,+142.9569708E-03
+3.0464000E-03,-3.0520574E-03,-102.4001259E-03,+142.9569708E-03
+3.0465000E-03,-4.5341161E-03,-102.9497490E-03,+142.9569708E-03
+3.0466000E-03,-5.4011466E-03,-102.7927138E-03,+142.9569708E-03
+3.0467000E-03,-4.6550332E-03,-102.8319726E-03,+142.9569708E-03
+3.0468000E-03,-2.2243250E-03,-102.5571610E-03,+142.9569708E-03
+3.0469000E-03,+1.2800719E-03,-102.9890078E-03,+142.9569708E-03
+3.0470000E-03,+5.7633476E-03,-102.4786435E-03,+142.9569708E-03
+3.0471000E-03,+10.7206733E-03,-102.5571610E-03,+142.9569708E-03
+3.0472000E-03,+15.9484135E-03,-102.0860555E-03,+142.9569708E-03
+3.0473000E-03,+21.2036349E-03,-102.8319726E-03,+142.9569708E-03
+3.0474000E-03,+25.2309982E-03,-102.4786435E-03,+142.9569708E-03
+3.0475000E-03,+28.3833615E-03,-102.4786435E-03,+142.9569708E-03
+3.0476000E-03,+30.1792551E-03,-101.9290204E-03,+142.9569708E-03
+3.0477000E-03,+30.6953512E-03,-102.7141962E-03,+142.9569708E-03
+3.0478000E-03,+30.1242928E-03,-102.4001259E-03,+142.9569708E-03
+3.0479000E-03,+28.4207359E-03,-102.4393847E-03,+142.9569708E-03
+3.0480000E-03,+25.8284385E-03,-102.0860555E-03,+142.9569708E-03
+3.0481000E-03,+22.6505177E-03,-102.9497490E-03,+142.9569708E-03
+3.0482000E-03,+18.7789725E-03,-102.5571610E-03,+142.9569708E-03
+3.0483000E-03,+14.6095316E-03,-102.4786435E-03,+142.9569708E-03
+3.0484000E-03,+10.3785329E-03,-102.4001259E-03,+142.9569708E-03
+3.0485000E-03,+6.6512638E-03,-103.0282666E-03,+142.9569708E-03
+3.0486000E-03,+2.6574275E-03,-102.7141962E-03,+142.9569708E-03
+3.0487000E-03,-841.7481E-06,-102.4786435E-03,+142.9569708E-03
+3.0488000E-03,-3.3301667E-03,-102.2430907E-03,+142.9569708E-03
+3.0489000E-03,-4.8597678E-03,-102.8712314E-03,+142.9569708E-03
+3.0490000E-03,-5.0125630E-03,-102.4786435E-03,+142.9569708E-03
+3.0491000E-03,-4.3626337E-03,-102.5571610E-03,+142.9569708E-03
+3.0492000E-03,-2.2232258E-03,-102.4001259E-03,+142.9569708E-03
+3.0493000E-03,+1.1627274E-03,-103.1460430E-03,+142.9569708E-03
+3.0494000E-03,+5.5687811E-03,-102.7141962E-03,+142.9569708E-03
+3.0495000E-03,+11.1815323E-03,-102.4786435E-03,+142.9569708E-03
+3.0496000E-03,+16.2474085E-03,-102.2430907E-03,+142.9569708E-03
+3.0497000E-03,+21.2539254E-03,-102.7534550E-03,+142.9569708E-03
+3.0498000E-03,+25.4568933E-03,-102.4786435E-03,+142.9569708E-03
+3.0499000E-03,+28.6735625E-03,-102.5179022E-03,+142.9569708E-03
+3.0500000E-03,+30.1012086E-03,-102.2430907E-03,+142.9569708E-03
+3.0501000E-03,+30.5142503E-03,-102.7141962E-03,+142.9569708E-03
+3.0502000E-03,+30.2122324E-03,-102.4786435E-03,+142.9569708E-03
+3.0503000E-03,+28.7579297E-03,-102.2823495E-03,+142.9569708E-03
+3.0504000E-03,+25.7932627E-03,-101.9290204E-03,+142.9569708E-03
+3.0505000E-03,+22.3174461E-03,-102.5964198E-03,+142.9569708E-03
+3.0506000E-03,+18.6256277E-03,-102.4001259E-03,+142.9569708E-03
+3.0507000E-03,+14.6229974E-03,-102.2823495E-03,+142.9569708E-03
+3.0508000E-03,+10.2015543E-03,-102.0860555E-03,+142.9569708E-03
+3.0509000E-03,+6.2439931E-03,-103.0282666E-03,+142.9569708E-03
+3.0510000E-03,+2.5595946E-03,-102.5571610E-03,+142.9569708E-03
+3.0511000E-03,-964.8636E-06,-102.5571610E-03,+142.9569708E-03
+3.0512000E-03,-3.4884581E-03,-102.2430907E-03,+142.9569708E-03
+3.0513000E-03,-4.7187895E-03,-103.0675254E-03,+142.9569708E-03
+3.0514000E-03,-4.9092339E-03,-102.7927138E-03,+142.9569708E-03
+3.0515000E-03,-4.1570747E-03,-102.4786435E-03,+142.9569708E-03
+3.0516000E-03,-1.9286278E-03,-102.4001259E-03,+142.9569708E-03
+3.0517000E-03,+1.8494815E-03,-102.9890078E-03,+142.9569708E-03
+3.0518000E-03,+6.2607566E-03,-102.4001259E-03,+142.9569708E-03
+3.0519000E-03,+11.1122797E-03,-102.4393847E-03,+142.9569708E-03
+3.0520000E-03,+16.5694876E-03,-102.0860555E-03,+142.9569708E-03
+3.0521000E-03,+21.3693462E-03,-102.9104902E-03,+142.9569708E-03
+3.0522000E-03,+25.4568933E-03,-102.3216083E-03,+142.9569708E-03
+3.0523000E-03,+28.4144153E-03,-102.4001259E-03,+142.9569708E-03
+3.0524000E-03,+30.1814535E-03,-102.0860555E-03,+142.9569708E-03
+3.0525000E-03,+30.7044199E-03,-103.1067842E-03,+142.9569708E-03
+3.0526000E-03,+29.6147921E-03,-102.5571610E-03,+142.9569708E-03
+3.0527000E-03,+28.2187494E-03,-102.5964198E-03,+142.9569708E-03
+3.0528000E-03,+25.5338405E-03,-101.9290204E-03,+142.9569708E-03
+3.0529000E-03,+21.9494734E-03,-102.6356786E-03,+142.9569708E-03
+3.0530000E-03,+18.2568306E-03,-102.4001259E-03,+142.9569708E-03
+3.0531000E-03,+14.2673912E-03,-102.5571610E-03,+142.9569708E-03
+3.0532000E-03,+10.0674462E-03,-102.2430907E-03,+142.9569708E-03
+3.0533000E-03,+6.0310141E-03,-102.8319726E-03,+142.9569708E-03
+3.0534000E-03,+2.4507692E-03,-102.7927138E-03,+142.9569708E-03
+3.0535000E-03,-1.0113068E-03,-102.5964198E-03,+142.9569708E-03
+3.0536000E-03,-3.6654368E-03,-102.4001259E-03,+142.9569708E-03
+3.0537000E-03,-4.8278897E-03,-103.0282666E-03,+142.9569708E-03
+3.0538000E-03,-4.9949751E-03,-102.6356786E-03,+142.9569708E-03
+3.0539000E-03,-4.0433027E-03,-102.7141962E-03,+142.9569708E-03
+3.0540000E-03,-1.6955876E-03,-102.4001259E-03,+142.9569708E-03
+3.0541000E-03,+2.0267349E-03,-103.1853018E-03,+142.9569708E-03
+3.0542000E-03,+6.8257691E-03,-102.4786435E-03,+142.9569708E-03
+3.0543000E-03,+11.6465134E-03,-102.2823495E-03,+142.9569708E-03
+3.0544000E-03,+16.6662213E-03,-102.0860555E-03,+142.9569708E-03
+3.0545000E-03,+21.8989081E-03,-102.8712314E-03,+142.9569708E-03
+3.0546000E-03,+25.8256904E-03,-102.6356786E-03,+142.9569708E-03
+3.0547000E-03,+28.4965839E-03,-102.4001259E-03,+142.9569708E-03
+3.0548000E-03,+30.2924774E-03,-102.2430907E-03,+142.9569708E-03
+3.0549000E-03,+30.9113530E-03,-102.8712314E-03,+142.9569708E-03
+3.0550000E-03,+29.9951313E-03,-102.2430907E-03,+142.9569708E-03
+3.0551000E-03,+27.8167001E-03,-102.4001259E-03,+142.9569708E-03
+3.0552000E-03,+25.0919436E-03,-102.0860555E-03,+142.9569708E-03
+3.0553000E-03,+22.1794907E-03,-102.6356786E-03,+142.9569708E-03
+3.0554000E-03,+18.2233036E-03,-102.4001259E-03,+142.9569708E-03
+3.0555000E-03,+13.8004864E-03,-102.7141962E-03,+142.9569708E-03
+3.0556000E-03,+9.7981309E-03,-102.4001259E-03,+142.9569708E-03
+3.0557000E-03,+5.8815166E-03,-103.0675254E-03,+142.9569708E-03
+3.0558000E-03,+2.0418496E-03,-102.5571610E-03,+142.9569708E-03
+3.0559000E-03,-1.2055986E-03,-102.3608671E-03,+142.9569708E-03
+3.0560000E-03,-3.4301981E-03,-102.4001259E-03,+142.9569708E-03
+3.0561000E-03,-4.7086214E-03,-103.0675254E-03,+142.9569708E-03
+3.0562000E-03,-4.9938758E-03,-102.6356786E-03,+142.9569708E-03
+3.0563000E-03,-3.8987518E-03,-102.9104902E-03,+142.9569708E-03
+3.0564000E-03,-1.5175097E-03,-102.4001259E-03,+142.9569708E-03
+3.0565000E-03,+2.0844454E-03,-103.0675254E-03,+142.9569708E-03
+3.0566000E-03,+6.5361177E-03,-102.5571610E-03,+142.9569708E-03
+3.0567000E-03,+11.5552760E-03,-102.4786435E-03,+142.9569708E-03
+3.0568000E-03,+16.7794436E-03,-102.2430907E-03,+142.9569708E-03
+3.0569000E-03,+21.7235783E-03,-102.8712314E-03,+142.9569708E-03
+3.0570000E-03,+25.6322231E-03,-102.4786435E-03,+142.9569708E-03
+3.0571000E-03,+28.5408286E-03,-102.5179022E-03,+142.9569708E-03
+3.0572000E-03,+30.3188593E-03,-102.4001259E-03,+142.9569708E-03
+3.0573000E-03,+30.4864944E-03,-102.8319726E-03,+142.9569708E-03
+3.0574000E-03,+29.6037997E-03,-102.4001259E-03,+142.9569708E-03
+3.0575000E-03,+27.8689143E-03,-102.1645731E-03,+142.9569708E-03
+3.0576000E-03,+25.2172576E-03,-102.2430907E-03,+142.9569708E-03
+3.0577000E-03,+21.7101126E-03,-102.7927138E-03,+142.9569708E-03
+3.0578000E-03,+17.9495913E-03,-102.3216083E-03,+142.9569708E-03
+3.0579000E-03,+14.2423834E-03,-102.6356786E-03,+142.9569708E-03
+3.0580000E-03,+9.7255807E-03,-102.2430907E-03,+142.9569708E-03
+3.0581000E-03,+5.3420616E-03,-102.9890078E-03,+142.9569708E-03
+3.0582000E-03,+1.8450845E-03,-102.5571610E-03,+142.9569708E-03
+3.0583000E-03,-992.8944E-06,-102.4786435E-03,+142.9569708E-03
+3.0584000E-03,-3.6192684E-03,-102.0860555E-03,+142.9569708E-03
+3.0585000E-03,-4.9537534E-03,-103.0675254E-03,+142.9569708E-03
+3.0586000E-03,-4.7954619E-03,-102.7141962E-03,+142.9569708E-03
+3.0587000E-03,-3.5912377E-03,-102.8712314E-03,+142.9569708E-03
+3.0588000E-03,-1.2954619E-03,-102.4001259E-03,+142.9569708E-03
+3.0589000E-03,+2.3408445E-03,-103.1067842E-03,+142.9569708E-03
+3.0590000E-03,+7.3182314E-03,-102.4001259E-03,+142.9569708E-03
+3.0591000E-03,+12.3096337E-03,-102.1645731E-03,+142.9569708E-03
+3.0592000E-03,+17.0927288E-03,-102.2430907E-03,+142.9569708E-03
+3.0593000E-03,+22.0709401E-03,-103.1460430E-03,+142.9569708E-03
+3.0594000E-03,+26.1043493E-03,-102.3216083E-03,+142.9569708E-03
+3.0595000E-03,+28.6370126E-03,-102.3608671E-03,+142.9569708E-03
+3.0596000E-03,+29.9923832E-03,-102.2430907E-03,+142.9569708E-03
+3.0597000E-03,+30.5870754E-03,-102.9890078E-03,+142.9569708E-03
+3.0598000E-03,+29.7598926E-03,-102.4001259E-03,+142.9569708E-03
+3.0599000E-03,+27.3679329E-03,-102.5571610E-03,+142.9569708E-03
+3.0600000E-03,+24.7401848E-03,-102.0860555E-03,+142.9569708E-03
+3.0601000E-03,+21.4465683E-03,-102.8712314E-03,+142.9569708E-03
+3.0602000E-03,+17.5571604E-03,-102.4001259E-03,+142.9569708E-03
+3.0603000E-03,+13.4544987E-03,-102.6749374E-03,+142.9569708E-03
+3.0604000E-03,+9.2386146E-03,-102.5571610E-03,+142.9569708E-03
+3.0605000E-03,+5.4269783E-03,-102.8712314E-03,+142.9569708E-03
+3.0606000E-03,+1.4438596E-03,-102.6356786E-03,+142.9569708E-03
+3.0607000E-03,-1.6068234E-03,-102.5964198E-03,+142.9569708E-03
+3.0608000E-03,-3.6852232E-03,-102.2430907E-03,+142.9569708E-03
+3.0609000E-03,-5.1029760E-03,-103.0675254E-03,+142.9569708E-03
+3.0610000E-03,-5.0928080E-03,-102.7927138E-03,+142.9569708E-03
+3.0611000E-03,-3.7390863E-03,-102.5571610E-03,+142.9569708E-03
+3.0612000E-03,-1.0437346E-03,-102.5571610E-03,+142.9569708E-03
+3.0613000E-03,+2.9459796E-03,-103.1460430E-03,+142.9569708E-03
+3.0614000E-03,+7.4226598E-03,-102.3216083E-03,+142.9569708E-03
+3.0615000E-03,+12.5080476E-03,-102.5179022E-03,+142.9569708E-03
+3.0616000E-03,+17.6324587E-03,-102.0860555E-03,+142.9569708E-03
+3.0617000E-03,+22.3680114E-03,-102.8319726E-03,+142.9569708E-03
+3.0618000E-03,+26.3918022E-03,-102.4786435E-03,+142.9569708E-03
+3.0619000E-03,+28.7876093E-03,-102.6356786E-03,+142.9569708E-03
+3.0620000E-03,+30.2155302E-03,-102.2430907E-03,+142.9569708E-03
+3.0621000E-03,+30.6079611E-03,-102.9890078E-03,+142.9569708E-03
+3.0622000E-03,+29.5818147E-03,-102.4001259E-03,+142.9569708E-03
+3.0623000E-03,+27.6490651E-03,-102.2038319E-03,+142.9569708E-03
+3.0624000E-03,+24.7225968E-03,-102.2430907E-03,+142.9569708E-03
+3.0625000E-03,+21.5001565E-03,-102.7534550E-03,+142.9569708E-03
+3.0626000E-03,+17.3098300E-03,-102.5571610E-03,+142.9569708E-03
+3.0627000E-03,+13.0722358E-03,-102.6749374E-03,+142.9569708E-03
+3.0628000E-03,+9.1704613E-03,-102.0860555E-03,+142.9569708E-03
+3.0629000E-03,+5.0477384E-03,-103.1460430E-03,+142.9569708E-03
+3.0630000E-03,+1.4174777E-03,-102.6356786E-03,+142.9569708E-03
+3.0631000E-03,-2.0704305E-03,-102.5571610E-03,+142.9569708E-03
+3.0632000E-03,-4.0754556E-03,-102.2430907E-03,+142.9569708E-03
+3.0633000E-03,-5.0158608E-03,-103.1067842E-03,+142.9569708E-03
+3.0634000E-03,-5.1351290E-03,-102.6356786E-03,+142.9569708E-03
+3.0635000E-03,-3.4774657E-03,-102.8319726E-03,+142.9569708E-03
+3.0636000E-03,-959.0926E-06,-102.5571610E-03,+142.9569708E-03
+3.0637000E-03,+2.9143763E-03,-103.0675254E-03,+142.9569708E-03
+3.0638000E-03,+7.6985706E-03,-102.4786435E-03,+142.9569708E-03
+3.0639000E-03,+12.8048441E-03,-102.4393847E-03,+142.9569708E-03
+3.0640000E-03,+17.8918808E-03,-102.0860555E-03,+142.9569708E-03
+3.0641000E-03,+22.4372639E-03,-102.8712314E-03,+142.9569708E-03
+3.0642000E-03,+26.4687494E-03,-102.3216083E-03,+142.9569708E-03
+3.0643000E-03,+29.0506040E-03,-102.6749374E-03,+142.9569708E-03
+3.0644000E-03,+30.2089347E-03,-102.4001259E-03,+142.9569708E-03
+3.0645000E-03,+30.6291216E-03,-102.8712314E-03,+142.9569708E-03
+3.0646000E-03,+29.4053857E-03,-102.5571610E-03,+142.9569708E-03
+3.0647000E-03,+27.4902240E-03,-102.4786435E-03,+142.9569708E-03
+3.0648000E-03,+24.6115730E-03,-101.9290204E-03,+142.9569708E-03
+3.0649000E-03,+21.0763971E-03,-102.7927138E-03,+142.9569708E-03
+3.0650000E-03,+17.3483036E-03,-102.4786435E-03,+142.9569708E-03
+3.0651000E-03,+12.9010282E-03,-102.6749374E-03,+142.9569708E-03
+3.0652000E-03,+8.7648395E-03,-102.7141962E-03,+142.9569708E-03
+3.0653000E-03,+4.7297814E-03,-102.9104902E-03,+142.9569708E-03
+3.0654000E-03,+1.0041612E-03,-102.6356786E-03,+142.9569708E-03
+3.0655000E-03,-1.7373589E-03,-102.4001259E-03,+142.9569708E-03
+3.0656000E-03,-3.9270574E-03,-102.4001259E-03,+142.9569708E-03
+3.0657000E-03,-4.7531409E-03,-102.9104902E-03,+142.9569708E-03
+3.0658000E-03,-4.7674311E-03,-102.5571610E-03,+142.9569708E-03
+3.0659000E-03,-3.2032038E-03,-102.6749374E-03,+142.9569708E-03
+3.0660000E-03,-544.6768E-06,-102.4001259E-03,+142.9569708E-03
+3.0661000E-03,+2.9833540E-03,-103.0675254E-03,+142.9569708E-03
+3.0662000E-03,+8.0239475E-03,-102.7141962E-03,+142.9569708E-03
+3.0663000E-03,+13.1975498E-03,-102.6749374E-03,+142.9569708E-03
+3.0664000E-03,+18.0831496E-03,-101.9290204E-03,+142.9569708E-03
+3.0665000E-03,+22.8294200E-03,-102.7534550E-03,+142.9569708E-03
+3.0666000E-03,+26.5682312E-03,-102.5571610E-03,+142.9569708E-03
+3.0667000E-03,+29.2385751E-03,-102.4001259E-03,+142.9569708E-03
+3.0668000E-03,+30.0242613E-03,-102.2430907E-03,+142.9569708E-03
+3.0669000E-03,+30.0679564E-03,-102.9497490E-03,+142.9569708E-03
+3.0670000E-03,+29.3081024E-03,-102.4786435E-03,+142.9569708E-03
+3.0671000E-03,+27.1230758E-03,-102.5571610E-03,+142.9569708E-03
+3.0672000E-03,+24.4477853E-03,-102.0860555E-03,+142.9569708E-03
+3.0673000E-03,+20.6776456E-03,-102.8712314E-03,+142.9569708E-03
+3.0674000E-03,+16.8058256E-03,-102.4786435E-03,+142.9569708E-03
+3.0675000E-03,+12.8133633E-03,-102.5179022E-03,+142.9569708E-03
+3.0676000E-03,+8.4383633E-03,-102.4001259E-03,+142.9569708E-03
+3.0677000E-03,+4.6324981E-03,-103.0675254E-03,+142.9569708E-03
+3.0678000E-03,+850.2667E-06,-102.7927138E-03,+142.9569708E-03
+3.0679000E-03,-1.7747333E-03,-102.5179022E-03,+142.9569708E-03
+3.0680000E-03,-3.9380498E-03,-102.4001259E-03,+142.9569708E-03
+3.0681000E-03,-5.0422427E-03,-102.9104902E-03,+142.9569708E-03
+3.0682000E-03,-4.4893218E-03,-102.7927138E-03,+142.9569708E-03
+3.0683000E-03,-3.1608828E-03,-102.7534550E-03,+142.9569708E-03
+3.0684000E-03,-229.1931E-06,-102.4001259E-03,+142.9569708E-03
+3.0685000E-03,+3.5763973E-03,-102.9890078E-03,+142.9569708E-03
+3.0686000E-03,+8.2020254E-03,-102.5571610E-03,+142.9569708E-03
+3.0687000E-03,+13.7980131E-03,-102.5571610E-03,+142.9569708E-03
+3.0688000E-03,+18.3249838E-03,-102.0860555E-03,+142.9569708E-03
+3.0689000E-03,+22.9591311E-03,-103.0675254E-03,+142.9569708E-03
+3.0690000E-03,+26.5083223E-03,-102.4001259E-03,+142.9569708E-03
+3.0691000E-03,+28.9112745E-03,-102.4393847E-03,+142.9569708E-03
+3.0692000E-03,+30.4804485E-03,-102.0860555E-03,+142.9569708E-03
+3.0693000E-03,+30.2004156E-03,-102.9497490E-03,+142.9569708E-03
+3.0694000E-03,+29.1646508E-03,-102.4001259E-03,+142.9569708E-03
+3.0695000E-03,+26.9433490E-03,-102.3608671E-03,+142.9569708E-03
+3.0696000E-03,+23.9981936E-03,-102.0860555E-03,+142.9569708E-03
+3.0697000E-03,+20.5424383E-03,-102.6749374E-03,+142.9569708E-03
+3.0698000E-03,+16.4188909E-03,-102.4786435E-03,+142.9569708E-03
+3.0699000E-03,+12.2450530E-03,-102.6356786E-03,+142.9569708E-03
+3.0700000E-03,+7.9942679E-03,-102.4001259E-03,+142.9569708E-03
+3.0701000E-03,+4.2249526E-03,-103.0675254E-03,+142.9569708E-03
+3.0702000E-03,+759.0293E-06,-102.7141962E-03,+142.9569708E-03
+3.0703000E-03,-2.1968438E-03,-102.4393847E-03,+142.9569708E-03
+3.0704000E-03,-4.0468752E-03,-102.4001259E-03,+142.9569708E-03
+3.0705000E-03,-5.0779682E-03,-102.8712314E-03,+142.9569708E-03
+3.0706000E-03,-4.4508482E-03,-102.5571610E-03,+142.9569708E-03
+3.0707000E-03,-2.8341318E-03,-102.6356786E-03,+142.9569708E-03
+3.0708000E-03,-220.3991E-06,-102.4001259E-03,+142.9569708E-03
+3.0709000E-03,+3.8069642E-03,-102.9104902E-03,+142.9569708E-03
+3.0710000E-03,+8.6692050E-03,-102.4786435E-03,+142.9569708E-03
+3.0711000E-03,+14.0626566E-03,-102.5964198E-03,+142.9569708E-03
+3.0712000E-03,+18.8888971E-03,-102.0860555E-03,+142.9569708E-03
+3.0713000E-03,+23.2996226E-03,-102.7534550E-03,+142.9569708E-03
+3.0714000E-03,+27.1013656E-03,-102.4001259E-03,+142.9569708E-03
+3.0715000E-03,+29.2627585E-03,-103.0282666E-03,+142.9569708E-03
+3.0716000E-03,+30.3210578E-03,-102.2430907E-03,+142.9569708E-03
+3.0717000E-03,+30.3356228E-03,-103.1853018E-03,+142.9569708E-03
+3.0718000E-03,+29.0481307E-03,-102.4001259E-03,+142.9569708E-03
+3.0719000E-03,+26.8903104E-03,-102.2038319E-03,+142.9569708E-03
+3.0720000E-03,+23.5134260E-03,-102.0860555E-03,+142.9569708E-03
+3.0721000E-03,+20.1667709E-03,-102.5964198E-03,+142.9569708E-03
+3.0722000E-03,+16.1880492E-03,-102.4001259E-03,+142.9569708E-03
+3.0723000E-03,+11.9004393E-03,-102.6749374E-03,+142.9569708E-03
+3.0724000E-03,+7.7645254E-03,-102.4001259E-03,+142.9569708E-03
+3.0725000E-03,+3.8852855E-03,-103.1067842E-03,+142.9569708E-03
+3.0726000E-03,+536.9815E-06,-102.5571610E-03,+142.9569708E-03
+3.0727000E-03,-2.4210901E-03,-102.3216083E-03,+142.9569708E-03
+3.0728000E-03,-4.1952735E-03,-102.0860555E-03,+142.9569708E-03
+3.0729000E-03,-4.8394317E-03,-103.1853018E-03,+142.9569708E-03
+3.0730000E-03,-4.6954305E-03,-102.6356786E-03,+142.9569708E-03
+3.0731000E-03,-2.6744663E-03,-102.8319726E-03,+142.9569708E-03
+3.0732000E-03,+123.6649E-06,-102.2430907E-03,+142.9569708E-03
+3.0733000E-03,+3.9666297E-03,-103.0282666E-03,+142.9569708E-03
+3.0734000E-03,+9.0171165E-03,-102.5571610E-03,+142.9569708E-03
+3.0735000E-03,+14.1014050E-03,-102.3608671E-03,+142.9569708E-03
+3.0736000E-03,+19.0197074E-03,-102.2430907E-03,+142.9569708E-03
+3.0737000E-03,+23.4708302E-03,-102.8712314E-03,+142.9569708E-03
+3.0738000E-03,+26.9694561E-03,-102.4786435E-03,+142.9569708E-03
+3.0739000E-03,+29.6546398E-03,-102.6749374E-03,+142.9569708E-03
+3.0740000E-03,+30.2759887E-03,-102.0860555E-03,+142.9569708E-03
+3.0741000E-03,+30.2498816E-03,-102.8712314E-03,+142.9569708E-03
+3.0742000E-03,+29.0673675E-03,-102.2430907E-03,+142.9569708E-03
+3.0743000E-03,+26.4143368E-03,-102.2038319E-03,+142.9569708E-03
+3.0744000E-03,+23.5991672E-03,-102.0860555E-03,+142.9569708E-03
+3.0745000E-03,+19.8435925E-03,-102.6356786E-03,+142.9569708E-03
+3.0746000E-03,+16.1297891E-03,-102.4001259E-03,+142.9569708E-03
+3.0747000E-03,+11.6363454E-03,-102.5571610E-03,+142.9569708E-03
+3.0748000E-03,+7.6688910E-03,-102.4001259E-03,+142.9569708E-03
+3.0749000E-03,+4.0281875E-03,-102.9890078E-03,+142.9569708E-03
+3.0750000E-03,+423.2095E-06,-102.6356786E-03,+142.9569708E-03
+3.0751000E-03,-2.2386152E-03,-102.5964198E-03,+142.9569708E-03
+3.0752000E-03,-4.3854431E-03,-102.2430907E-03,+142.9569708E-03
+3.0753000E-03,-4.7514921E-03,-102.8319726E-03,+142.9569708E-03
+3.0754000E-03,-4.3216868E-03,-102.4786435E-03,+142.9569708E-03
+3.0755000E-03,-2.8462235E-03,-102.7141962E-03,+142.9569708E-03
+3.0756000E-03,+423.7591E-06,-102.4001259E-03,+142.9569708E-03
+3.0757000E-03,+4.5250468E-03,-102.7927138E-03,+142.9569708E-03
+3.0758000E-03,+9.1539726E-03,-102.4786435E-03,+142.9569708E-03
+3.0759000E-03,+14.1052524E-03,-102.3216083E-03,+142.9569708E-03
+3.0760000E-03,+19.2901220E-03,-102.2430907E-03,+142.9569708E-03
+3.0761000E-03,+23.8404517E-03,-102.9497490E-03,+142.9569708E-03
+3.0762000E-03,+26.6973927E-03,-102.4786435E-03,+142.9569708E-03
+3.0763000E-03,+29.3965917E-03,-102.6749374E-03,+142.9569708E-03
+3.0764000E-03,+30.3221571E-03,-102.4001259E-03,+142.9569708E-03
+3.0765000E-03,+29.9739708E-03,-102.8712314E-03,+142.9569708E-03
+3.0766000E-03,+28.6326156E-03,-102.4001259E-03,+142.9569708E-03
+3.0767000E-03,+26.4566577E-03,-102.5964198E-03,+142.9569708E-03
+3.0768000E-03,+23.6541295E-03,-101.9290204E-03,+142.9569708E-03
+3.0769000E-03,+19.6861255E-03,-102.7927138E-03,+142.9569708E-03
+3.0770000E-03,+15.6318306E-03,-102.6356786E-03,+142.9569708E-03
+3.0771000E-03,+11.8182707E-03,-102.5179022E-03,+142.9569708E-03
+3.0772000E-03,+7.4391485E-03,-102.2430907E-03,+142.9569708E-03
+3.0773000E-03,+3.6019548E-03,-102.8712314E-03,+142.9569708E-03
+3.0774000E-03,+76.3974E-06,-102.4001259E-03,+142.9569708E-03
+3.0775000E-03,-2.4084487E-03,-102.4393847E-03,+142.9569708E-03
+3.0776000E-03,-4.0160963E-03,-102.2430907E-03,+142.9569708E-03
+3.0777000E-03,-4.9334173E-03,-103.0675254E-03,+142.9569708E-03
+3.0778000E-03,-4.1540517E-03,-102.5571610E-03,+142.9569708E-03
+3.0779000E-03,-2.4521438E-03,-102.5964198E-03,+142.9569708E-03
+3.0780000E-03,+320.4300E-06,-102.7141962E-03,+142.9569708E-03
+3.0781000E-03,+4.7674306E-03,-103.0282666E-03,+142.9569708E-03
+3.0782000E-03,+9.6662213E-03,-102.5571610E-03,+142.9569708E-03
+3.0783000E-03,+14.9673362E-03,-102.4786435E-03,+142.9569708E-03
+3.0784000E-03,+19.5748268E-03,-102.0860555E-03,+142.9569708E-03
+3.0785000E-03,+23.8234134E-03,-102.6749374E-03,+142.9569708E-03
+3.0786000E-03,+27.2673518E-03,-102.3216083E-03,+142.9569708E-03
+3.0787000E-03,+29.1302994E-03,-102.6356786E-03,+142.9569708E-03
+3.0788000E-03,+30.2496068E-03,-102.2430907E-03,+142.9569708E-03
+3.0789000E-03,+30.0476203E-03,-102.8319726E-03,+142.9569708E-03
+3.0790000E-03,+28.8848926E-03,-102.4786435E-03,+142.9569708E-03
+3.0791000E-03,+26.4989787E-03,-102.4393847E-03,+142.9569708E-03
+3.0792000E-03,+22.8868557E-03,-102.0860555E-03,+142.9569708E-03
+3.0793000E-03,+19.3942756E-03,-102.6356786E-03,+142.9569708E-03
+3.0794000E-03,+15.4026378E-03,-102.4786435E-03,+142.9569708E-03
+3.0795000E-03,+11.3714271E-03,-102.6356786E-03,+142.9569708E-03
+3.0796000E-03,+7.0906875E-03,-102.2430907E-03,+142.9569708E-03
+3.0797000E-03,+3.1575845E-03,-103.1067842E-03,+142.9569708E-03
+3.0798000E-03,-59.3596E-06,-102.7141962E-03,+142.9569708E-03
+3.0799000E-03,-3.0405153E-03,-102.5179022E-03,+142.9569708E-03
+3.0800000E-03,-4.3667559E-03,-102.4001259E-03,+142.9569708E-03
+3.0801000E-03,-4.8218438E-03,-103.0675254E-03,+142.9569708E-03
+3.0802000E-03,-4.2815643E-03,-102.6356786E-03,+142.9569708E-03
+3.0803000E-03,-2.3207839E-03,-102.5571610E-03,+142.9569708E-03
+3.0804000E-03,+711.7616E-06,-102.2430907E-03,+142.9569708E-03
+3.0805000E-03,+5.1744265E-03,-102.9104902E-03,+142.9569708E-03
+3.0806000E-03,+9.8662842E-03,-102.4786435E-03,+142.9569708E-03
+3.0807000E-03,+14.9871227E-03,-102.2823495E-03,+142.9569708E-03
+3.0808000E-03,+20.0661898E-03,-102.2430907E-03,+142.9569708E-03
+3.0809000E-03,+23.9665902E-03,-102.7534550E-03,+142.9569708E-03
+3.0810000E-03,+27.3943148E-03,-102.6356786E-03,+142.9569708E-03
+3.0811000E-03,+29.4405616E-03,-102.5179022E-03,+142.9569708E-03
+3.0812000E-03,+30.4056998E-03,-102.2430907E-03,+142.9569708E-03
+3.0813000E-03,+30.1558961E-03,-103.0282666E-03,+142.9569708E-03
+3.0814000E-03,+28.4034228E-03,-102.5571610E-03,+142.9569708E-03
+3.0815000E-03,+26.2085029E-03,-102.2823495E-03,+142.9569708E-03
+3.0816000E-03,+22.7923205E-03,-102.2430907E-03,+142.9569708E-03
+3.0817000E-03,+19.3876801E-03,-102.7927138E-03,+142.9569708E-03
+3.0818000E-03,+15.3037056E-03,-102.4786435E-03,+142.9569708E-03
+3.0819000E-03,+10.6423520E-03,-102.5571610E-03,+142.9569708E-03
+3.0820000E-03,+7.0939852E-03,-102.2430907E-03,+142.9569708E-03
+3.0821000E-03,+2.9762089E-03,-103.0675254E-03,+142.9569708E-03
+3.0822000E-03,-273.7126E-06,-102.7927138E-03,+142.9569708E-03
+3.0823000E-03,-2.7632304E-03,-102.4393847E-03,+142.9569708E-03
+3.0824000E-03,-4.6019946E-03,-102.0860555E-03,+142.9569708E-03
+3.0825000E-03,-4.7745762E-03,-103.0282666E-03,+142.9569708E-03
+3.0826000E-03,-4.4755813E-03,-102.5571610E-03,+142.9569708E-03
+3.0827000E-03,-2.0880185E-03,-102.7534550E-03,+142.9569708E-03
+3.0828000E-03,+1.2207126E-03,-102.4001259E-03,+142.9569708E-03
+3.0829000E-03,+5.2354346E-03,-103.1067842E-03,+142.9569708E-03
+3.0830000E-03,+10.1119657E-03,-102.5571611E-03,+142.9569708E-03
+3.0831000E-03,+15.0582989E-03,-102.2038319E-03,+142.9569708E-03
+3.0832000E-03,+20.2475655E-03,-102.0860555E-03,+142.9569708E-03
+3.0833000E-03,+24.4848848E-03,-102.7534550E-03,+142.9569708E-03
+3.0834000E-03,+27.4663154E-03,-102.4786435E-03,+142.9569708E-03
+3.0835000E-03,+29.6840446E-03,-102.5964198E-03,+142.9569708E-03
+3.0836000E-03,+30.2990729E-03,-102.0860555E-03,+142.9569708E-03
+3.0837000E-03,+29.9602303E-03,-102.6749374E-03,+142.9569708E-03
+3.0838000E-03,+28.2742614E-03,-102.4001259E-03,+142.9569708E-03
+3.0839000E-03,+25.8188201E-03,-102.7141962E-03,+142.9569708E-03
+3.0840000E-03,+22.8209009E-03,-101.9290204E-03,+142.9569708E-03
+3.0841000E-03,+18.7759496E-03,-102.9497490E-03,+142.9569708E-03
+3.0842000E-03,+14.8365260E-03,-102.4001259E-03,+142.9569708E-03
+3.0843000E-03,+10.6200923E-03,-102.7141962E-03,+142.9569708E-03
+3.0844000E-03,+6.5454614E-03,-102.5571610E-03,+142.9569708E-03
+3.0845000E-03,+2.8047265E-03,-103.3030781E-03,+142.9569708E-03
+3.0846000E-03,-678.2352E-06,-102.7141962E-03,+142.9569708E-03
+3.0847000E-03,-3.0380420E-03,-102.5571610E-03,+142.9569708E-03
+3.0848000E-03,-4.5910021E-03,-102.0860555E-03,+142.9569708E-03
+3.0849000E-03,-4.9169286E-03,-103.0282666E-03,+142.9569708E-03
+3.0850000E-03,-4.0886466E-03,-102.7141962E-03,+142.9569708E-03
+3.0851000E-03,-2.1067057E-03,-103.0282666E-03,+142.9569708E-03
+3.0852000E-03,+1.4229739E-03,-102.4001259E-03,+142.9569708E-03
+3.0853000E-03,+5.5511931E-03,-102.9890078E-03,+142.9569708E-03
+3.0854000E-03,+10.6319091E-03,-102.5571611E-03,+142.9569708E-03
+3.0855000E-03,+15.7381827E-03,-102.4786435E-03,+142.9569708E-03
+3.0856000E-03,+20.2068933E-03,-102.2430907E-03,+142.9569708E-03
+3.0857000E-03,+24.7712385E-03,-102.8712314E-03,+142.9569708E-03
+3.0858000E-03,+27.8428072E-03,-102.4786435E-03,+142.9569708E-03
+3.0859000E-03,+29.8846571E-03,-102.4786435E-03,+142.9569708E-03
+3.0860000E-03,+30.4573644E-03,-102.0860555E-03,+142.9569708E-03
+3.0861000E-03,+29.8593744E-03,-102.9497490E-03,+142.9569708E-03
+3.0862000E-03,+28.4193619E-03,-102.4001259E-03,+142.9569708E-03
+3.0863000E-03,+25.6162840E-03,-102.4786435E-03,+142.9569708E-03
+3.0864000E-03,+22.4691421E-03,-102.0860555E-03,+142.9569708E-03
+3.0865000E-03,+18.8581183E-03,-102.9497490E-03,+142.9569708E-03
+3.0866000E-03,+14.7255021E-03,-102.5571610E-03,+142.9569708E-03
+3.0867000E-03,+10.5162135E-03,-102.4786435E-03,+142.9569708E-03
+3.0868000E-03,+5.9980367E-03,-102.4001259E-03,+142.9569708E-03
+3.0869000E-03,+2.4342805E-03,-102.9497490E-03,+142.9569708E-03
+3.0870000E-03,-632.0668E-06,-102.7927138E-03,+142.9569708E-03
+3.0871000E-03,-3.1262565E-03,-102.6356786E-03,+142.9569708E-03
+3.0872000E-03,-4.4206189E-03,-102.0860555E-03,+142.9569708E-03
+3.0873000E-03,-4.8251415E-03,-102.9104902E-03,+142.9569708E-03
+3.0874000E-03,-4.0226918E-03,-102.7141962E-03,+142.9569708E-03
+3.0875000E-03,-2.0888429E-03,-102.7927138E-03,+142.9569708E-03
+3.0876000E-03,+1.1679488E-03,-102.4001259E-03,+142.9569708E-03
+3.0877000E-03,+5.9873191E-03,-102.9497490E-03,+142.9569708E-03
+3.0878000E-03,+10.6396039E-03,-102.6356786E-03,+142.9569708E-03
+3.0879000E-03,+15.4886538E-03,-102.2823495E-03,+142.9569708E-03
+3.0880000E-03,+20.4366358E-03,-102.0860555E-03,+142.9569708E-03
+3.0881000E-03,+24.7937730E-03,-102.8712314E-03,+142.9569708E-03
+3.0882000E-03,+27.9126093E-03,-102.5571611E-03,+142.9569708E-03
+3.0883000E-03,+29.6645330E-03,-102.3608671E-03,+142.9569708E-03
+3.0884000E-03,+30.5628920E-03,-102.4001259E-03,+142.9569708E-03
+3.0885000E-03,+29.7978166E-03,-102.7927138E-03,+142.9569708E-03
+3.0886000E-03,+27.9560296E-03,-102.4786435E-03,+142.9569708E-03
+3.0887000E-03,+25.5613217E-03,-102.2430907E-03,+142.9569708E-03
+3.0888000E-03,+22.3932941E-03,-102.0860555E-03,+142.9569708E-03
+3.0889000E-03,+18.7289568E-03,-102.9497490E-03,+142.9569708E-03
+3.0890000E-03,+14.1027791E-03,-102.5571611E-03,+142.9569708E-03
+3.0891000E-03,+10.0792631E-03,-102.7534550E-03,+142.9569708E-03
+3.0892000E-03,+6.0903734E-03,-102.4001259E-03,+142.9569708E-03
+3.0893000E-03,+2.3064931E-03,-102.7534550E-03,+142.9569708E-03
+3.0894000E-03,-712.8614E-06,-102.4786435E-03,+142.9569708E-03
+3.0895000E-03,-3.0622254E-03,-102.4393847E-03,+142.9569708E-03
+3.0896000E-03,-4.3964355E-03,-102.0860555E-03,+142.9569708E-03
+3.0897000E-03,-4.7432477E-03,-103.1067842E-03,+142.9569708E-03
+3.0898000E-03,-4.0106001E-03,-102.7927138E-03,+142.9569708E-03
+3.0899000E-03,-1.5469145E-03,-102.7141962E-03,+142.9569708E-03
+3.0900000E-03,+1.7274652E-03,-102.2430907E-03,+142.9569708E-03
+3.0901000E-03,+6.1928781E-03,-103.1067842E-03,+142.9569708E-03
+3.0902000E-03,+11.2777163E-03,-102.6356786E-03,+142.9569708E-03
+3.0903000E-03,+16.0360784E-03,-102.5571610E-03,+142.9569708E-03
+3.0904000E-03,+20.8037840E-03,-101.9290204E-03,+142.9569708E-03
+3.0905000E-03,+24.9243085E-03,-102.9497490E-03,+142.9569708E-03
+3.0906000E-03,+28.0439693E-03,-102.5571611E-03,+142.9569708E-03
+3.0907000E-03,+29.7093273E-03,-102.6356786E-03,+142.9569708E-03
+3.0908000E-03,+30.1528732E-03,-102.2430907E-03,+142.9569708E-03
+3.0909000E-03,+29.9404438E-03,-102.7927138E-03,+142.9569708E-03
+3.0910000E-03,+27.8730365E-03,-102.3216083E-03,+142.9569708E-03
+3.0911000E-03,+25.0878214E-03,-102.4001259E-03,+142.9569708E-03
+3.0912000E-03,+21.9228167E-03,-102.0860555E-03,+142.9569708E-03
+3.0913000E-03,+17.9927367E-03,-102.8712314E-03,+142.9569708E-03
+3.0914000E-03,+13.9411899E-03,-102.6356786E-03,+142.9569708E-03
+3.0915000E-03,+9.8058256E-03,-102.7927138E-03,+142.9569708E-03
+3.0916000E-03,+6.0464036E-03,-102.5571610E-03,+142.9569708E-03
+3.0917000E-03,+2.1671637E-03,-102.9890078E-03,+142.9569708E-03
+3.0918000E-03,-1.1239795E-03,-102.7141962E-03,+142.9569708E-03
+3.0919000E-03,-3.2389292E-03,-102.5179022E-03,+142.9569708E-03
+3.0920000E-03,-4.5866051E-03,-102.2430907E-03,+142.9569708E-03
+3.0921000E-03,-4.6434911E-03,-103.1067842E-03,+142.9569708E-03
+3.0922000E-03,-3.7967967E-03,-102.7141962E-03,+142.9569708E-03
+3.0923000E-03,-1.1679494E-03,-102.8319726E-03,+142.9569708E-03
+3.0924000E-03,+2.3419438E-03,-102.2430907E-03,+142.9569708E-03
+3.0925000E-03,+6.5254001E-03,-102.9104902E-03,+142.9569708E-03
+3.0926000E-03,+11.5135046E-03,-102.5571611E-03,+142.9569708E-03
+3.0927000E-03,+16.5758083E-03,-102.4786435E-03,+142.9569708E-03
+3.0928000E-03,+21.2302916E-03,-102.2430907E-03,+142.9569708E-03
+3.0929000E-03,+25.1427837E-03,-102.9104902E-03,+142.9569708E-03
+3.0930000E-03,+28.1769781E-03,-102.4786435E-03,+142.9569708E-03
+3.0931000E-03,+29.9846885E-03,-102.6749374E-03,+142.9569708E-03
+3.0932000E-03,+30.2507061E-03,-102.0860555E-03,+142.9569708E-03
+3.0933000E-03,+29.6686552E-03,-102.7534550E-03,+142.9569708E-03
+3.0934000E-03,+27.5932783E-03,-102.4001259E-03,+142.9569708E-03
+3.0935000E-03,+24.7701392E-03,-102.5571610E-03,+142.9569708E-03
+3.0936000E-03,+21.5974398E-03,-102.4001259E-03,+142.9569708E-03
+3.0937000E-03,+17.7492536E-03,-102.6356786E-03,+142.9569708E-03
+3.0938000E-03,+13.5965762E-03,-102.5571611E-03,+142.9569708E-03
+3.0939000E-03,+9.3658523E-03,-102.7141962E-03,+142.9569708E-03
+3.0940000E-03,+5.5275594E-03,-102.5571610E-03,+142.9569708E-03
+3.0941000E-03,+1.9533603E-03,-103.0675254E-03,+142.9569708E-03
+3.0942000E-03,-1.3740580E-03,-102.7141962E-03,+142.9569708E-03
+3.0943000E-03,-3.3178002E-03,-102.6356786E-03,+142.9569708E-03
+3.0944000E-03,-4.2546328E-03,-102.2430907E-03,+142.9569708E-03
+3.0945000E-03,-4.6462392E-03,-103.0282666E-03,+142.9569708E-03
+3.0946000E-03,-3.3329148E-03,-102.6356786E-03,+142.9569708E-03
+3.0947000E-03,-1.1140863E-03,-102.6356786E-03,+142.9569708E-03
+3.0948000E-03,+2.4210895E-03,-102.4001259E-03,+142.9569708E-03
+3.0949000E-03,+6.8595709E-03,-102.9890078E-03,+142.9569708E-03
+3.0950000E-03,+11.6833382E-03,-102.5571611E-03,+142.9569708E-03
+3.0951000E-03,+16.6557784E-03,-102.4001259E-03,+142.9569708E-03
+3.0952000E-03,+21.2566735E-03,-101.9290204E-03,+142.9569708E-03
+3.0953000E-03,+25.5382375E-03,-102.7141962E-03,+142.9569708E-03
+3.0954000E-03,+28.4616828E-03,-102.4786435E-03,+142.9569708E-03
+3.0955000E-03,+30.1303386E-03,-102.6749374E-03,+142.9569708E-03
+3.0956000E-03,+30.2715917E-03,-102.0860555E-03,+142.9569708E-03
+3.0957000E-03,+29.6024256E-03,-103.0675254E-03,+142.9569708E-03
+3.0958000E-03,+27.7867457E-03,-102.3216083E-03,+142.9569708E-03
+3.0959000E-03,+24.7759103E-03,-102.2038319E-03,+142.9569708E-03
+3.0960000E-03,+21.4061710E-03,-101.9290204E-03,+142.9569708E-03
+3.0961000E-03,+17.4508083E-03,-102.8319726E-03,+142.9569708E-03
+3.0962000E-03,+13.4745599E-03,-102.5571610E-03,+142.9569708E-03
+3.0963000E-03,+9.0443228E-03,-102.5571610E-03,+142.9569708E-03
+3.0964000E-03,+4.9427604E-03,-102.2430907E-03,+142.9569708E-03
+3.0965000E-03,+1.6494187E-03,-103.0675254E-03,+142.9569708E-03
+3.0966000E-03,-1.4597992E-03,-102.6356786E-03,+142.9569708E-03
+3.0967000E-03,-3.4969773E-03,-102.7141962E-03,+142.9569708E-03
+3.0968000E-03,-4.5393375E-03,-102.2430907E-03,+142.9569708E-03
+3.0969000E-03,-4.5118564E-03,-103.2245605E-03,+142.9569708E-03
+3.0970000E-03,-3.3581975E-03,-102.5571611E-03,+142.9569708E-03
+3.0971000E-03,-895.3363E-06,-102.9497490E-03,+142.9569708E-03
+3.0972000E-03,+2.6882063E-03,-102.4001259E-03,+142.9569708E-03
+3.0973000E-03,+7.0901378E-03,-102.8319726E-03,+142.9569708E-03
+3.0974000E-03,+11.8993400E-03,-102.4786435E-03,+142.9569708E-03
+3.0975000E-03,+17.0803623E-03,-102.4001259E-03,+142.9569708E-03
+3.0976000E-03,+21.7238531E-03,-101.9290204E-03,+142.9569708E-03
+3.0977000E-03,+25.5297184E-03,-102.5964198E-03,+142.9569708E-03
+3.0978000E-03,+28.3336207E-03,-102.4786435E-03,+142.9569708E-03
+3.0979000E-03,+29.8252978E-03,-102.5179022E-03,+142.9569708E-03
+3.0980000E-03,+30.3221571E-03,-102.4001259E-03,+142.9569708E-03
+3.0981000E-03,+29.3834008E-03,-102.8712314E-03,+142.9569708E-03
+3.0982000E-03,+27.5597513E-03,-102.2430907E-03,+142.9569708E-03
+3.0983000E-03,+24.7338641E-03,-102.4393847E-03,+142.9569708E-03
+3.0984000E-03,+21.1566421E-03,-101.9290204E-03,+142.9569708E-03
+3.0985000E-03,+17.3779832E-03,-102.9104902E-03,+142.9569708E-03
+3.0986000E-03,+13.0650907E-03,-102.4786435E-03,+142.9569708E-03
+3.0987000E-03,+9.1514993E-03,-102.8712314E-03,+142.9569708E-03
+3.0988000E-03,+5.0285016E-03,-102.4001259E-03,+142.9569708E-03
+3.0989000E-03,+1.3974165E-03,-102.8712314E-03,+142.9569708E-03
+3.0990000E-03,-1.4031881E-03,-102.4786435E-03,+142.9569708E-03
+3.0991000E-03,-3.7731629E-03,-102.5571610E-03,+142.9569708E-03
+3.0992000E-03,-4.5866051E-03,-102.4001259E-03,+142.9569708E-03
+3.0993000E-03,-4.7069726E-03,-102.8712314E-03,+142.9569708E-03
+3.0994000E-03,-3.2949908E-03,-102.7927138E-03,+142.9569708E-03
+3.0995000E-03,-754.3580E-06,-102.7927138E-03,+142.9569708E-03
+3.0996000E-03,+2.7618558E-03,-102.2430907E-03,+142.9569708E-03
+3.0997000E-03,+7.2470552E-03,-102.9104902E-03,+142.9569708E-03
+3.0998000E-03,+12.2109763E-03,-102.4786435E-03,+142.9569708E-03
+3.0999000E-03,+17.4222279E-03,-102.4001259E-03,+142.9569708E-03
x-axis,F1
Hertz,Volt
+123.0000E+03,
+123.5000E+03,+76.033E-06
+124.0000E+03,+78.971E-06
+124.5000E+03,+81.909E-06
+125.0000E+03,+84.846E-06
+125.5000E+03,+87.784E-06
+126.0000E+03,+85.529E-06
+126.5000E+03,+65.887E-06
+127.0000E+03,+46.245E-06
+127.5000E+03,+26.604E-06
+128.0000E+03,+24.496E-06
+128.5000E+03,+47.075E-06
+129.0000E+03,+69.654E-06
+129.5000E+03,+92.233E-06
+130.0000E+03,+94.956E-06
+130.5000E+03,+84.473E-06
+131.0000E+03,+73.989E-06
+131.5000E+03,+63.506E-06
+132.0000E+03,+60.220E-06
+132.5000E+03,+58.896E-06
+133.0000E+03,+57.571E-06
+133.5000E+03,+56.246E-06
+134.0000E+03,+67.844E-06
+134.5000E+03,+79.824E-06
+135.0000E+03,+91.805E-06
+135.5000E+03,+98.513E-06
+136.0000E+03,+76.797E-06
+136.5000E+03,+55.082E-06
+137.0000E+03,+33.367E-06
+137.5000E+03,+25.276E-06
+138.0000E+03,+43.420E-06
+138.5000E+03,+61.564E-06
+139.0000E+03,+79.708E-06
+139.5000E+03,+87.529E-06
+140.0000E+03,+86.089E-06
+140.5000E+03,+84.649E-06
+141.0000E+03,+83.209E-06
+141.5000E+03,+73.070E-06
+142.0000E+03,+59.418E-06
+142.5000E+03,+45.767E-06
+143.0000E+03,+32.116E-06
+143.5000E+03,+47.990E-06
+144.0000E+03,+67.228E-06
+144.5000E+03,+86.467E-06
+145.0000E+03,+102.856E-06
+145.5000E+03,+87.764E-06
+146.0000E+03,+72.673E-06
+146.5000E+03,+57.582E-06
+147.0000E+03,+48.379E-06
+147.5000E+03,+55.233E-06
+148.0000E+03,+62.088E-06
+148.5000E+03,+68.942E-06
+149.0000E+03,+75.849E-06
+149.5000E+03,+82.818E-06
+150.0000E+03,+89.788E-06
+150.5000E+03,+96.758E-06
+151.0000E+03,+83.707E-06
+151.5000E+03,+59.342E-06
+152.0000E+03,+34.978E-06
+152.5000E+03,+10.613E-06
+153.0000E+03,+26.887E-06
+153.5000E+03,+51.827E-06
+154.0000E+03,+76.768E-06
+154.5000E+03,+101.404E-06
+155.0000E+03,+94.261E-06
+155.5000E+03,+87.119E-06
+156.0000E+03,+79.976E-06
+156.5000E+03,+72.856E-06
+157.0000E+03,+65.829E-06
+157.5000E+03,+58.802E-06
+158.0000E+03,+51.775E-06
+158.5000E+03,+53.549E-06
+159.0000E+03,+69.677E-06
+159.5000E+03,+85.805E-06
+160.0000E+03,+101.933E-06
+160.5000E+03,+97.478E-06
+161.0000E+03,+77.203E-06
+161.5000E+03,+56.928E-06
+162.0000E+03,+36.652E-06
+162.5000E+03,+42.798E-06
+163.0000E+03,+57.717E-06
+163.5000E+03,+72.635E-06
+164.0000E+03,+87.553E-06
+164.5000E+03,+90.880E-06
+165.0000E+03,+93.414E-06
+165.5000E+03,+95.949E-06
+166.0000E+03,+95.590E-06
+166.5000E+03,+74.278E-06
+167.0000E+03,+52.966E-06
+167.5000E+03,+31.654E-06
+168.0000E+03,+24.260E-06
+168.5000E+03,+48.337E-06
+169.0000E+03,+72.413E-06
+169.5000E+03,+96.490E-06
+170.0000E+03,+102.885E-06
+170.5000E+03,+91.020E-06
+171.0000E+03,+79.154E-06
+171.5000E+03,+67.289E-06
+172.0000E+03,+63.732E-06
+172.5000E+03,+64.135E-06
+173.0000E+03,+64.538E-06
+173.5000E+03,+64.941E-06
+174.0000E+03,+75.430E-06
+174.5000E+03,+87.526E-06
+175.0000E+03,+99.622E-06
+175.5000E+03,+109.976E-06
+176.0000E+03,+85.669E-06
+176.5000E+03,+61.362E-06
+177.0000E+03,+37.055E-06
+177.5000E+03,+23.424E-06
+178.0000E+03,+44.909E-06
+178.5000E+03,+66.394E-06
+179.0000E+03,+87.879E-06
+179.5000E+03,+99.168E-06
+180.0000E+03,+96.288E-06
+180.5000E+03,+93.408E-06
+181.0000E+03,+90.528E-06
+181.5000E+03,+81.145E-06
+182.0000E+03,+67.493E-06
+182.5000E+03,+53.842E-06
+183.0000E+03,+40.191E-06
+183.5000E+03,+54.219E-06
+184.0000E+03,+75.646E-06
+184.5000E+03,+97.073E-06
+185.0000E+03,+118.500E-06
+185.5000E+03,+101.820E-06
+186.0000E+03,+84.137E-06
+186.5000E+03,+66.453E-06
+187.0000E+03,+52.872E-06
+187.5000E+03,+60.878E-06
+188.0000E+03,+68.885E-06
+188.5000E+03,+76.891E-06
+189.0000E+03,+84.898E-06
+189.5000E+03,+92.904E-06
+190.0000E+03,+100.910E-06
+190.5000E+03,+108.917E-06
+191.0000E+03,+98.291E-06
+191.5000E+03,+71.162E-06
+192.0000E+03,+44.032E-06
+192.5000E+03,+16.903E-06
+193.0000E+03,+28.517E-06
+193.5000E+03,+55.532E-06
+194.0000E+03,+82.546E-06
+194.5000E+03,+109.560E-06
+195.0000E+03,+105.285E-06
+195.5000E+03,+97.566E-06
+196.0000E+03,+89.848E-06
+196.5000E+03,+82.135E-06
+197.0000E+03,+74.474E-06
+197.5000E+03,+66.813E-06
+198.0000E+03,+59.152E-06
+198.5000E+03,+58.403E-06
+199.0000E+03,+76.202E-06
+199.5000E+03,+94.000E-06
+200.0000E+03,+111.798E-06
+200.5000E+03,+111.311E-06
+201.0000E+03,+89.077E-06
+201.5000E+03,+66.843E-06
+202.0000E+03,+44.610E-06
+202.5000E+03,+47.045E-06
+203.0000E+03,+63.230E-06
+203.5000E+03,+79.416E-06
+204.0000E+03,+95.602E-06
+204.5000E+03,+100.588E-06
+205.0000E+03,+103.237E-06
+205.5000E+03,+105.887E-06
+206.0000E+03,+108.209E-06
+206.5000E+03,+85.054E-06
+207.0000E+03,+61.898E-06
+207.5000E+03,+38.743E-06
+208.0000E+03,+25.487E-06
+208.5000E+03,+52.329E-06
+209.0000E+03,+79.170E-06
+209.5000E+03,+106.012E-06
+210.0000E+03,+117.377E-06
+210.5000E+03,+103.841E-06
+211.0000E+03,+90.305E-06
+211.5000E+03,+76.769E-06
+212.0000E+03,+71.093E-06
+212.5000E+03,+71.381E-06
+213.0000E+03,+71.669E-06
+213.5000E+03,+71.957E-06
+214.0000E+03,+82.233E-06
+214.5000E+03,+95.769E-06
+215.0000E+03,+109.305E-06
+215.5000E+03,+122.841E-06
+216.0000E+03,+98.292E-06
+216.5000E+03,+71.277E-06
+217.0000E+03,+44.263E-06
+217.5000E+03,+23.617E-06
+218.0000E+03,+47.752E-06
+218.5000E+03,+71.886E-06
+219.0000E+03,+96.020E-06
+219.5000E+03,+111.571E-06
+220.0000E+03,+108.000E-06
+220.5000E+03,+104.429E-06
+221.0000E+03,+100.858E-06
+221.5000E+03,+92.010E-06
+222.0000E+03,+77.783E-06
+222.5000E+03,+63.556E-06
+223.0000E+03,+49.329E-06
+223.5000E+03,+60.616E-06
+224.0000E+03,+83.886E-06
+224.5000E+03,+107.157E-06
+225.0000E+03,+130.427E-06
+225.5000E+03,+115.949E-06
+226.0000E+03,+95.616E-06
+226.5000E+03,+75.283E-06
+227.0000E+03,+56.502E-06
+227.5000E+03,+66.582E-06
+228.0000E+03,+76.662E-06
+228.5000E+03,+86.742E-06
+229.0000E+03,+96.305E-06
+229.5000E+03,+104.196E-06
+230.0000E+03,+112.088E-06
+230.5000E+03,+119.979E-06
+231.0000E+03,+111.428E-06
+231.5000E+03,+80.324E-06
+232.0000E+03,+49.220E-06
+232.5000E+03,+18.116E-06
+233.0000E+03,+25.643E-06
+233.5000E+03,+58.187E-06
+234.0000E+03,+90.731E-06
+234.5000E+03,+123.275E-06
+235.0000E+03,+122.096E-06
+235.5000E+03,+112.073E-06
+236.0000E+03,+102.051E-06
+236.5000E+03,+92.029E-06
+237.0000E+03,+84.991E-06
+237.5000E+03,+78.021E-06
+238.0000E+03,+71.051E-06
+238.5000E+03,+68.406E-06
+239.0000E+03,+87.990E-06
+239.5000E+03,+107.574E-06
+240.0000E+03,+127.158E-06
+240.5000E+03,+130.539E-06
+241.0000E+03,+103.582E-06
+241.5000E+03,+76.625E-06
+242.0000E+03,+49.668E-06
+242.5000E+03,+48.184E-06
+243.0000E+03,+68.978E-06
+243.5000E+03,+89.771E-06
+244.0000E+03,+110.565E-06
+244.5000E+03,+117.407E-06
+245.0000E+03,+118.789E-06
+245.5000E+03,+120.171E-06
+246.0000E+03,+121.554E-06
+246.5000E+03,+100.336E-06
+247.0000E+03,+76.720E-06
+247.5000E+03,+53.104E-06
+248.0000E+03,+34.373E-06
+248.5000E+03,+65.419E-06
+249.0000E+03,+96.465E-06
+249.5000E+03,+127.512E-06
+250.0000E+03,+145.174E-06
+250.5000E+03,+127.491E-06
+251.0000E+03,+109.808E-06
+251.5000E+03,+92.125E-06
+252.0000E+03,+83.396E-06
+252.5000E+03,+85.182E-06
+253.0000E+03,+86.968E-06
+253.5000E+03,+88.753E-06
+254.0000E+03,+98.641E-06
+254.5000E+03,+112.984E-06
+255.0000E+03,+127.326E-06
+255.5000E+03,+141.668E-06
+256.0000E+03,+114.150E-06
+256.5000E+03,+78.093E-06
+257.0000E+03,+42.035E-06
+257.5000E+03,+7.189E-06
+258.0000E+03,+47.509E-06
+258.5000E+03,+87.829E-06
+259.0000E+03,+128.149E-06
+259.5000E+03,+159.848E-06
+260.0000E+03,+157.314E-06
+260.5000E+03,+154.780E-06
+261.0000E+03,+152.245E-06
+261.5000E+03,+139.070E-06
+262.0000E+03,+109.003E-06
+262.5000E+03,+78.936E-06
+263.0000E+03,+48.868E-06
+263.5000E+03,+52.164E-06
+264.0000E+03,+80.445E-06
+264.5000E+03,+108.727E-06
+265.0000E+03,+137.009E-06
+265.5000E+03,+127.744E-06
+266.0000E+03,+106.432E-06
+266.5000E+03,+85.120E-06
+267.0000E+03,+63.808E-06
+267.5000E+03,+73.328E-06
+268.0000E+03,+84.732E-06
+268.5000E+03,+96.137E-06
+269.0000E+03,+107.160E-06
+269.5000E+03,+115.569E-06
+270.0000E+03,+123.979E-06
+270.5000E+03,+132.388E-06
+271.0000E+03,+128.359E-06
+271.5000E+03,+97.024E-06
+272.0000E+03,+65.690E-06
+272.5000E+03,+34.355E-06
+273.0000E+03,+38.066E-06
+273.5000E+03,+77.061E-06
+274.0000E+03,+116.056E-06
+274.5000E+03,+155.051E-06
+275.0000E+03,+158.806E-06
+275.5000E+03,+146.249E-06
+276.0000E+03,+133.692E-06
+276.5000E+03,+121.135E-06
+277.0000E+03,+108.378E-06
+277.5000E+03,+95.591E-06
+278.0000E+03,+82.804E-06
+278.5000E+03,+72.037E-06
+279.0000E+03,+96.517E-06
+279.5000E+03,+120.997E-06
+280.0000E+03,+145.477E-06
+280.5000E+03,+156.672E-06
+281.0000E+03,+125.683E-06
+281.5000E+03,+94.694E-06
+282.0000E+03,+63.705E-06
+282.5000E+03,+56.011E-06
+283.0000E+03,+79.857E-06
+283.5000E+03,+103.704E-06
+284.0000E+03,+127.550E-06
+284.5000E+03,+137.129E-06
+285.0000E+03,+137.589E-06
+285.5000E+03,+138.050E-06
+286.0000E+03,+138.511E-06
+286.5000E+03,+119.592E-06
+287.0000E+03,+95.688E-06
+287.5000E+03,+71.784E-06
+288.0000E+03,+47.880E-06
+288.5000E+03,+81.708E-06
+289.0000E+03,+116.671E-06
+289.5000E+03,+151.634E-06
+290.0000E+03,+176.681E-06
+290.5000E+03,+151.913E-06
+291.0000E+03,+127.145E-06
+291.5000E+03,+102.377E-06
+292.0000E+03,+90.014E-06
+292.5000E+03,+100.554E-06
+293.0000E+03,+111.095E-06
+293.5000E+03,+121.636E-06
+294.0000E+03,+135.330E-06
+294.5000E+03,+151.746E-06
+295.0000E+03,+168.162E-06
+295.5000E+03,+184.578E-06
+296.0000E+03,+157.997E-06
+296.5000E+03,+114.854E-06
+297.0000E+03,+71.712E-06
+297.5000E+03,+28.570E-06
+298.0000E+03,+64.543E-06
+298.5000E+03,+108.607E-06
+299.0000E+03,+152.671E-06
+299.5000E+03,+191.992E-06
+300.0000E+03,+184.792E-06
+300.5000E+03,+177.592E-06
+301.0000E+03,+170.392E-06
+301.5000E+03,+157.831E-06
+302.0000E+03,+131.335E-06
+302.5000E+03,+104.839E-06
+303.0000E+03,+78.343E-06
+303.5000E+03,+81.298E-06
+304.0000E+03,+118.392E-06
+304.5000E+03,+155.487E-06
+305.0000E+03,+192.581E-06
+305.5000E+03,+184.893E-06
+306.0000E+03,+152.925E-06
+306.5000E+03,+120.957E-06
+307.0000E+03,+88.989E-06
+307.5000E+03,+98.225E-06
+308.0000E+03,+115.678E-06
+308.5000E+03,+133.130E-06
+309.0000E+03,+150.473E-06
+309.5000E+03,+162.166E-06
+310.0000E+03,+173.859E-06
+310.5000E+03,+185.552E-06
+311.0000E+03,+185.580E-06
+311.5000E+03,+140.192E-06
+312.0000E+03,+94.803E-06
+312.5000E+03,+49.414E-06
+313.0000E+03,+41.394E-06
+313.5000E+03,+91.909E-06
+314.0000E+03,+142.424E-06
+314.5000E+03,+192.940E-06
+315.0000E+03,+204.675E-06
+315.5000E+03,+187.740E-06
+316.0000E+03,+170.806E-06
+316.5000E+03,+153.871E-06
+317.0000E+03,+140.703E-06
+317.5000E+03,+128.722E-06
+318.0000E+03,+116.741E-06
+318.5000E+03,+104.761E-06
+319.0000E+03,+132.974E-06
+319.5000E+03,+163.502E-06
+320.0000E+03,+194.030E-06
+320.5000E+03,+214.518E-06
+321.0000E+03,+168.323E-06
+321.5000E+03,+122.128E-06
+322.0000E+03,+75.933E-06
+322.5000E+03,+57.764E-06
+323.0000E+03,+100.215E-06
+323.5000E+03,+142.666E-06
+324.0000E+03,+185.118E-06
+324.5000E+03,+206.310E-06
+325.0000E+03,+206.368E-06
+325.5000E+03,+206.425E-06
+326.0000E+03,+206.483E-06
+326.5000E+03,+180.116E-06
+327.0000E+03,+141.697E-06
+327.5000E+03,+103.277E-06
+328.0000E+03,+64.858E-06
+328.5000E+03,+106.407E-06
+329.0000E+03,+159.687E-06
+329.5000E+03,+212.967E-06
+330.0000E+03,+261.350E-06
+330.5000E+03,+229.266E-06
+331.0000E+03,+197.183E-06
+331.5000E+03,+165.100E-06
+332.0000E+03,+142.284E-06
+332.5000E+03,+148.390E-06
+333.0000E+03,+154.495E-06
+333.5000E+03,+160.601E-06
+334.0000E+03,+175.754E-06
+334.5000E+03,+202.999E-06
+335.0000E+03,+230.243E-06
+335.5000E+03,+257.488E-06
+336.0000E+03,+230.721E-06
+336.5000E+03,+169.895E-06
+337.0000E+03,+109.070E-06
+337.5000E+03,+48.244E-06
+338.0000E+03,+79.968E-06
+338.5000E+03,+135.033E-06
+339.0000E+03,+190.099E-06
+339.5000E+03,+245.164E-06
+340.0000E+03,+236.587E-06
+340.5000E+03,+226.968E-06
+341.0000E+03,+217.349E-06
+341.5000E+03,+204.806E-06
+342.0000E+03,+177.907E-06
+342.5000E+03,+151.008E-06
+343.0000E+03,+124.109E-06
+343.5000E+03,+124.734E-06
+344.0000E+03,+175.479E-06
+344.5000E+03,+226.225E-06
+345.0000E+03,+276.971E-06
+345.5000E+03,+273.429E-06
+346.0000E+03,+223.605E-06
+346.5000E+03,+173.781E-06
+347.0000E+03,+123.957E-06
+347.5000E+03,+134.693E-06
+348.0000E+03,+168.389E-06
+348.5000E+03,+202.085E-06
+349.0000E+03,+235.781E-06
+349.5000E+03,+252.959E-06
+350.0000E+03,+268.511E-06
+350.5000E+03,+284.063E-06
+351.0000E+03,+291.501E-06
+351.5000E+03,+222.266E-06
+352.0000E+03,+153.030E-06
+352.5000E+03,+83.795E-06
+353.0000E+03,+56.174E-06
+353.5000E+03,+135.028E-06
+354.0000E+03,+213.883E-06
+354.5000E+03,+292.737E-06
+355.0000E+03,+321.499E-06
+355.5000E+03,+292.929E-06
+356.0000E+03,+264.360E-06
+356.5000E+03,+235.790E-06
+357.0000E+03,+218.593E-06
+357.5000E+03,+207.476E-06
+358.0000E+03,+196.359E-06
+358.5000E+03,+185.243E-06
+359.0000E+03,+225.273E-06
+359.5000E+03,+275.269E-06
+360.0000E+03,+325.266E-06
+360.5000E+03,+372.492E-06
+361.0000E+03,+297.785E-06
+361.5000E+03,+223.078E-06
+362.0000E+03,+148.371E-06
+362.5000E+03,+102.459E-06
+363.0000E+03,+166.510E-06
+363.5000E+03,+230.561E-06
+364.0000E+03,+294.612E-06
+364.5000E+03,+334.385E-06
+365.0000E+03,+336.632E-06
+365.5000E+03,+338.878E-06
+366.0000E+03,+341.124E-06
+366.5000E+03,+305.675E-06
+367.0000E+03,+242.718E-06
+367.5000E+03,+179.762E-06
+368.0000E+03,+116.805E-06
+368.5000E+03,+170.554E-06
+369.0000E+03,+260.467E-06
+369.5000E+03,+350.381E-06
+370.0000E+03,+440.294E-06
+370.5000E+03,+391.405E-06
+371.0000E+03,+335.014E-06
+371.5000E+03,+278.624E-06
+372.0000E+03,+232.556E-06
+372.5000E+03,+253.177E-06
+373.0000E+03,+273.797E-06
+373.5000E+03,+294.418E-06
+374.0000E+03,+323.003E-06
+374.5000E+03,+368.565E-06
+375.0000E+03,+414.127E-06
+375.5000E+03,+459.688E-06
+376.0000E+03,+423.774E-06
+376.5000E+03,+307.883E-06
+377.0000E+03,+191.992E-06
+377.5000E+03,+76.101E-06
+378.0000E+03,+123.464E-06
+378.5000E+03,+244.194E-06
+379.0000E+03,+364.923E-06
+379.5000E+03,+485.653E-06
+380.0000E+03,+480.801E-06
+380.5000E+03,+458.049E-06
+381.0000E+03,+435.297E-06
+381.5000E+03,+411.251E-06
+382.0000E+03,+367.130E-06
+382.5000E+03,+323.008E-06
+383.0000E+03,+278.886E-06
+383.5000E+03,+271.937E-06
+384.0000E+03,+379.016E-06
+384.5000E+03,+486.094E-06
+385.0000E+03,+593.173E-06
+385.5000E+03,+607.072E-06
+386.0000E+03,+498.036E-06
+386.5000E+03,+388.999E-06
+387.0000E+03,+279.962E-06
+387.5000E+03,+289.450E-06
+388.0000E+03,+372.682E-06
+388.5000E+03,+455.914E-06
+389.0000E+03,+539.146E-06
+389.5000E+03,+586.726E-06
+390.0000E+03,+625.491E-06
+390.5000E+03,+664.256E-06
+391.0000E+03,+703.021E-06
+391.5000E+03,+545.125E-06
+392.0000E+03,+384.652E-06
+392.5000E+03,+224.178E-06
+393.0000E+03,+127.095E-06
+393.5000E+03,+334.398E-06
+394.0000E+03,+541.700E-06
+394.5000E+03,+749.003E-06
+395.0000E+03,+855.852E-06
+395.5000E+03,+782.297E-06
+396.0000E+03,+708.741E-06
+396.5000E+03,+635.186E-06
+397.0000E+03,+597.691E-06
+397.5000E+03,+590.549E-06
+398.0000E+03,+583.406E-06
+398.5000E+03,+576.264E-06
+399.0000E+03,+692.576E-06
+399.5000E+03,+854.950E-06
+400.0000E+03,+1.017325E-03
+400.5000E+03,+1.179699E-03
+401.0000E+03,+973.352E-06
+401.5000E+03,+732.123E-06
+402.0000E+03,+490.894E-06
+402.5000E+03,+300.240E-06
+403.0000E+03,+570.499E-06
+403.5000E+03,+840.758E-06
+404.0000E+03,+1.111017E-03
+404.5000E+03,+1.315441E-03
+405.0000E+03,+1.354033E-03
+405.5000E+03,+1.392625E-03
+406.0000E+03,+1.431217E-03
+406.5000E+03,+1.342603E-03
+407.0000E+03,+1.110245E-03
+407.5000E+03,+877.886E-06
+408.0000E+03,+645.528E-06
+408.5000E+03,+927.837E-06
+409.0000E+03,+1.481488E-03
+409.5000E+03,+2.035139E-03
+410.0000E+03,+2.588790E-03
+410.5000E+03,+2.457349E-03
+411.0000E+03,+2.195500E-03
+411.5000E+03,+1.933650E-03
+412.0000E+03,+1.690459E-03
+412.5000E+03,+2.163470E-03
+413.0000E+03,+2.636481E-03
+413.5000E+03,+3.109493E-03
+414.0000E+03,+3.836982E-03
+414.5000E+03,+5.517808E-03
+415.0000E+03,+7.198633E-03
+415.5000E+03,+8.879459E-03
+416.0000E+03,+10.207332E-03
+416.5000E+03,+10.996856E-03
+417.0000E+03,+11.786379E-03
+417.5000E+03,+12.575902E-03
+418.0000E+03,+12.491021E-03
+418.5000E+03,+11.776321E-03
+419.0000E+03,+11.061620E-03
+419.5000E+03,+10.346919E-03
+420.0000E+03,+8.908586E-03
+420.5000E+03,+7.249936E-03
+421.0000E+03,+5.591287E-03
+421.5000E+03,+3.932637E-03
+422.0000E+03,+3.255219E-03
+422.5000E+03,+2.627379E-03
+423.0000E+03,+1.999540E-03
+423.5000E+03,+1.502141E-03
+424.0000E+03,+1.824989E-03
+424.5000E+03,+2.147837E-03
+425.0000E+03,+2.470685E-03
+425.5000E+03,+2.521460E-03
+426.0000E+03,+2.000699E-03
+426.5000E+03,+1.479937E-03
+427.0000E+03,+959.175E-06
+427.5000E+03,+789.999E-06
+428.0000E+03,+961.589E-06
+428.5000E+03,+1.133180E-03
+429.0000E+03,+1.304770E-03
+429.5000E+03,+1.353276E-03
+430.0000E+03,+1.347286E-03
+430.5000E+03,+1.341296E-03
+431.0000E+03,+1.335305E-03
+431.5000E+03,+1.068943E-03
+432.0000E+03,+766.543E-06
+432.5000E+03,+464.143E-06
+433.0000E+03,+197.287E-06
+433.5000E+03,+452.685E-06
+434.0000E+03,+708.083E-06
+434.5000E+03,+963.482E-06
+435.0000E+03,+1.120783E-03
+435.5000E+03,+982.255E-06
+436.0000E+03,+843.727E-06
+436.5000E+03,+705.199E-06
+437.0000E+03,+615.055E-06
+437.5000E+03,+587.925E-06
+438.0000E+03,+560.795E-06
+438.5000E+03,+533.666E-06
+439.0000E+03,+579.024E-06
+439.5000E+03,+668.880E-06
+440.0000E+03,+758.736E-06
+440.5000E+03,+848.592E-06
+441.0000E+03,+713.768E-06
+441.5000E+03,+524.494E-06
+442.0000E+03,+335.220E-06
+442.5000E+03,+145.947E-06
+443.0000E+03,+274.429E-06
+443.5000E+03,+406.045E-06
+444.0000E+03,+537.661E-06
+444.5000E+03,+642.291E-06
+445.0000E+03,+620.173E-06
+445.5000E+03,+598.054E-06
+446.0000E+03,+575.936E-06
+446.5000E+03,+525.675E-06
+447.0000E+03,+425.567E-06
+447.5000E+03,+325.458E-06
+448.0000E+03,+225.349E-06
+448.5000E+03,+242.043E-06
+449.0000E+03,+355.803E-06
+449.5000E+03,+469.563E-06
+450.0000E+03,+583.323E-06
+450.5000E+03,+546.675E-06
+451.0000E+03,+454.803E-06
+451.5000E+03,+362.931E-06
+452.0000E+03,+271.059E-06
+452.5000E+03,+288.598E-06
+453.0000E+03,+316.073E-06
+453.5000E+03,+343.548E-06
+454.0000E+03,+371.535E-06
+454.5000E+03,+404.021E-06
+455.0000E+03,+436.508E-06
+455.5000E+03,+468.994E-06
+456.0000E+03,+456.576E-06
+456.5000E+03,+332.794E-06
+457.0000E+03,+209.011E-06
+457.5000E+03,+85.229E-06
+458.0000E+03,+71.680E-06
+458.5000E+03,+181.120E-06
+459.0000E+03,+290.560E-06
+459.5000E+03,+400.000E-06
+460.0000E+03,+416.627E-06
+460.5000E+03,+385.005E-06
+461.0000E+03,+353.382E-06
+461.5000E+03,+321.760E-06
+462.0000E+03,+285.766E-06
+462.5000E+03,+248.960E-06
+463.0000E+03,+212.153E-06
+463.5000E+03,+178.162E-06
+464.0000E+03,+239.909E-06
+464.5000E+03,+301.656E-06
+465.0000E+03,+363.404E-06
+465.5000E+03,+396.300E-06
+466.0000E+03,+323.148E-06
+466.5000E+03,+249.996E-06
+467.0000E+03,+176.844E-06
+467.5000E+03,+147.745E-06
+468.0000E+03,+184.955E-06
+468.5000E+03,+222.165E-06
+469.0000E+03,+259.374E-06
+469.5000E+03,+277.933E-06
+470.0000E+03,+283.232E-06
+470.5000E+03,+288.531E-06
+471.0000E+03,+293.831E-06
+471.5000E+03,+249.426E-06
+472.0000E+03,+190.155E-06
+472.5000E+03,+130.885E-06
+473.0000E+03,+71.615E-06
+473.5000E+03,+136.617E-06
+474.0000E+03,+207.465E-06
+474.5000E+03,+278.313E-06
+475.0000E+03,+333.539E-06
+475.5000E+03,+293.104E-06
+476.0000E+03,+252.669E-06
+476.5000E+03,+212.234E-06
+477.0000E+03,+184.949E-06
+477.5000E+03,+184.891E-06
+478.0000E+03,+184.834E-06
+478.5000E+03,+184.776E-06
+479.0000E+03,+200.907E-06
+479.5000E+03,+232.529E-06
+480.0000E+03,+264.151E-06
+480.5000E+03,+295.774E-06
+481.0000E+03,+258.494E-06
+481.5000E+03,+191.159E-06
+482.0000E+03,+123.825E-06
+482.5000E+03,+56.490E-06
+483.0000E+03,+95.336E-06
+483.5000E+03,+148.443E-06
+484.0000E+03,+201.551E-06
+484.5000E+03,+250.566E-06
+485.0000E+03,+242.502E-06
+485.5000E+03,+234.438E-06
+486.0000E+03,+226.374E-06
+486.5000E+03,+211.018E-06
+487.0000E+03,+174.038E-06
+487.5000E+03,+137.059E-06
+488.0000E+03,+100.080E-06
+488.5000E+03,+99.994E-06
+489.0000E+03,+147.341E-06
+489.5000E+03,+194.688E-06
+490.0000E+03,+242.035E-06
+490.5000E+03,+234.424E-06
+491.0000E+03,+193.528E-06
+491.5000E+03,+152.632E-06
+492.0000E+03,+111.736E-06
+492.5000E+03,+119.761E-06
+493.0000E+03,+139.403E-06
+493.5000E+03,+159.044E-06
+494.0000E+03,+178.686E-06
+494.5000E+03,+192.033E-06
+495.0000E+03,+205.339E-06
+495.5000E+03,+218.644E-06
+496.0000E+03,+219.320E-06
+496.5000E+03,+161.950E-06
+497.0000E+03,+104.580E-06
+497.5000E+03,+47.211E-06
+498.0000E+03,+30.727E-06
+498.5000E+03,+85.678E-06
+499.0000E+03,+140.628E-06
+499.5000E+03,+195.578E-06
+500.0000E+03,+210.693E-06
+500.5000E+03,+193.125E-06
+501.0000E+03,+175.557E-06
+501.5000E+03,+157.989E-06
+502.0000E+03,+143.341E-06
+502.5000E+03,+129.747E-06
+503.0000E+03,+116.154E-06
+503.5000E+03,+102.560E-06
+504.0000E+03,+129.449E-06
+504.5000E+03,+159.862E-06
+505.0000E+03,+190.275E-06
+505.5000E+03,+213.135E-06
+506.0000E+03,+171.779E-06
+506.5000E+03,+130.422E-06
+507.0000E+03,+89.065E-06
+507.5000E+03,+67.823E-06
+508.0000E+03,+95.701E-06
+508.5000E+03,+123.580E-06
+509.0000E+03,+151.458E-06
+509.5000E+03,+167.113E-06
+510.0000E+03,+169.301E-06
+510.5000E+03,+171.490E-06
+511.0000E+03,+173.679E-06
+511.5000E+03,+150.696E-06
+512.0000E+03,+114.811E-06
+512.5000E+03,+78.927E-06
+513.0000E+03,+43.042E-06
+513.5000E+03,+71.806E-06
+514.0000E+03,+112.298E-06
+514.5000E+03,+152.791E-06
+515.0000E+03,+191.258E-06
+515.5000E+03,+167.930E-06
+516.0000E+03,+144.602E-06
+516.5000E+03,+121.274E-06
+517.0000E+03,+103.547E-06
+517.5000E+03,+106.024E-06
+518.0000E+03,+108.501E-06
+518.5000E+03,+110.978E-06
+519.0000E+03,+119.596E-06
+519.5000E+03,+137.337E-06
+520.0000E+03,+155.077E-06
+520.5000E+03,+172.818E-06
+521.0000E+03,+156.067E-06
+521.5000E+03,+115.114E-06
+522.0000E+03,+74.160E-06
+522.5000E+03,+33.207E-06
+523.0000E+03,+51.066E-06
+523.5000E+03,+86.202E-06
+524.0000E+03,+121.338E-06
+524.5000E+03,+156.474E-06
+525.0000E+03,+151.980E-06
+525.5000E+03,+145.759E-06
+526.0000E+03,+139.539E-06
+526.5000E+03,+131.275E-06
+527.0000E+03,+110.827E-06
+527.5000E+03,+90.379E-06
+528.0000E+03,+69.931E-06
+528.5000E+03,+66.058E-06
+529.0000E+03,+96.010E-06
+529.5000E+03,+125.962E-06
+530.0000E+03,+155.914E-06
+530.5000E+03,+157.050E-06
+531.0000E+03,+130.957E-06
+531.5000E+03,+104.864E-06
+532.0000E+03,+78.771E-06
+532.5000E+03,+78.383E-06
+533.0000E+03,+89.039E-06
+533.5000E+03,+99.695E-06
+534.0000E+03,+110.351E-06
+534.5000E+03,+119.274E-06
+535.0000E+03,+127.972E-06
+535.5000E+03,+136.669E-06
+536.0000E+03,+142.227E-06
+536.5000E+03,+106.112E-06
+537.0000E+03,+69.997E-06
+537.5000E+03,+33.882E-06
+538.0000E+03,+16.285E-06
+538.5000E+03,+52.689E-06
+539.0000E+03,+89.092E-06
+539.5000E+03,+125.495E-06
+540.0000E+03,+140.653E-06
+540.5000E+03,+128.845E-06
+541.0000E+03,+117.037E-06
+541.5000E+03,+105.229E-06
+542.0000E+03,+95.260E-06
+542.5000E+03,+86.389E-06
+543.0000E+03,+77.519E-06
+543.5000E+03,+68.648E-06
+544.0000E+03,+83.236E-06
+544.5000E+03,+103.281E-06
+545.0000E+03,+123.326E-06
+545.5000E+03,+143.371E-06
+546.0000E+03,+115.714E-06
+546.5000E+03,+87.893E-06
+547.0000E+03,+60.072E-06
+547.5000E+03,+40.894E-06
+548.0000E+03,+60.594E-06
+548.5000E+03,+80.293E-06
+549.0000E+03,+99.992E-06
+549.5000E+03,+112.669E-06
+550.0000E+03,+113.245E-06
+550.5000E+03,+113.821E-06
+551.0000E+03,+114.397E-06
+551.5000E+03,+102.562E-06
+552.0000E+03,+80.674E-06
+552.5000E+03,+58.786E-06
+553.0000E+03,+36.898E-06
+553.5000E+03,+51.345E-06
+554.0000E+03,+78.705E-06
+554.5000E+03,+106.065E-06
+555.0000E+03,+133.425E-06
+555.5000E+03,+119.738E-06
+556.0000E+03,+102.630E-06
+556.5000E+03,+85.523E-06
+557.0000E+03,+70.589E-06
+557.5000E+03,+73.526E-06
+558.0000E+03,+76.464E-06
+558.5000E+03,+79.402E-06
+559.0000E+03,+85.046E-06
+559.5000E+03,+97.200E-06
+560.0000E+03,+109.353E-06
+560.5000E+03,+121.507E-06
+561.0000E+03,+113.823E-06
+561.5000E+03,+84.562E-06
+562.0000E+03,+55.301E-06
+562.5000E+03,+26.040E-06
+563.0000E+03,+32.939E-06
+563.5000E+03,+58.110E-06
+564.0000E+03,+83.281E-06
+564.5000E+03,+108.453E-06
+565.0000E+03,+108.470E-06
+565.5000E+03,+104.035E-06
+566.0000E+03,+99.600E-06
+566.5000E+03,+94.804E-06
+567.0000E+03,+80.059E-06
+567.5000E+03,+65.313E-06
+568.0000E+03,+50.568E-06
+568.5000E+03,+43.661E-06
+569.0000E+03,+64.512E-06
+569.5000E+03,+85.363E-06
+570.0000E+03,+106.215E-06
+570.5000E+03,+110.809E-06
+571.0000E+03,+91.570E-06
+571.5000E+03,+72.332E-06
+572.0000E+03,+53.093E-06
+572.5000E+03,+51.449E-06
+573.0000E+03,+61.990E-06
+573.5000E+03,+72.531E-06
+574.0000E+03,+83.072E-06
+574.5000E+03,+90.081E-06
+575.0000E+03,+96.071E-06
+575.5000E+03,+102.062E-06
+576.0000E+03,+108.052E-06
+576.5000E+03,+83.751E-06
+577.0000E+03,+58.234E-06
+577.5000E+03,+32.717E-06
+578.0000E+03,+14.494E-06
+578.5000E+03,+38.686E-06
+579.0000E+03,+62.878E-06
+579.5000E+03,+87.070E-06
+580.0000E+03,+100.227E-06
+580.5000E+03,+91.184E-06
+581.0000E+03,+82.140E-06
+581.5000E+03,+73.097E-06
+582.0000E+03,+67.004E-06
+582.5000E+03,+63.663E-06
+583.0000E+03,+60.322E-06
+583.5000E+03,+56.982E-06
+584.0000E+03,+65.823E-06
+584.5000E+03,+79.820E-06
+585.0000E+03,+93.816E-06
+585.5000E+03,+107.813E-06
+586.0000E+03,+90.611E-06
+586.5000E+03,+69.472E-06
+587.0000E+03,+48.333E-06
+587.5000E+03,+29.793E-06
+588.0000E+03,+44.135E-06
+588.5000E+03,+58.477E-06
+589.0000E+03,+72.820E-06
+589.5000E+03,+83.543E-06
+590.0000E+03,+83.889E-06
+590.5000E+03,+84.235E-06
+591.0000E+03,+84.580E-06
+591.5000E+03,+77.537E-06
+592.0000E+03,+61.236E-06
+592.5000E+03,+44.936E-06
+593.0000E+03,+28.635E-06
+593.5000E+03,+35.491E-06
+594.0000E+03,+55.996E-06
+594.5000E+03,+76.502E-06
+595.0000E+03,+97.008E-06
+595.5000E+03,+90.585E-06
+596.0000E+03,+78.029E-06
+596.5000E+03,+65.472E-06
+597.0000E+03,+52.915E-06
+597.5000E+03,+54.524E-06
+598.0000E+03,+56.137E-06
+598.5000E+03,+57.750E-06
+599.0000E+03,+60.653E-06
+599.5000E+03,+69.235E-06
+600.0000E+03,+77.817E-06
+600.5000E+03,+86.400E-06
+601.0000E+03,+83.910E-06
+601.5000E+03,+62.598E-06
+602.0000E+03,+41.286E-06
+602.5000E+03,+19.974E-06
+603.0000E+03,+21.579E-06
+603.5000E+03,+41.508E-06
+604.0000E+03,+61.438E-06
+604.5000E+03,+81.368E-06
+605.0000E+03,+83.457E-06
+605.5000E+03,+79.310E-06
+606.0000E+03,+75.163E-06
+606.5000E+03,+71.016E-06
+607.0000E+03,+61.213E-06
+607.5000E+03,+50.960E-06
+608.0000E+03,+40.707E-06
+608.5000E+03,+33.289E-06
+609.0000E+03,+48.437E-06
+609.5000E+03,+63.586E-06
+610.0000E+03,+78.735E-06
+610.5000E+03,+84.941E-06
+611.0000E+03,+69.965E-06
+611.5000E+03,+54.989E-06
+612.0000E+03,+40.013E-06
+612.5000E+03,+36.507E-06
+613.0000E+03,+45.320E-06
+613.5000E+03,+54.133E-06
+614.0000E+03,+62.945E-06
+614.5000E+03,+67.875E-06
+615.0000E+03,+70.870E-06
+615.5000E+03,+73.865E-06
+616.0000E+03,+76.861E-06
+616.5000E+03,+62.516E-06
+617.0000E+03,+45.179E-06
+617.5000E+03,+27.841E-06
+618.0000E+03,+11.932E-06
+618.5000E+03,+32.092E-06
+619.0000E+03,+52.252E-06
+619.5000E+03,+72.412E-06
+620.0000E+03,+86.280E-06
+620.5000E+03,+78.273E-06
+621.0000E+03,+70.267E-06
+621.5000E+03,+62.260E-06
+622.0000E+03,+55.690E-06
+622.5000E+03,+51.197E-06
+623.0000E+03,+46.704E-06
+623.5000E+03,+42.212E-06
+624.0000E+03,+46.786E-06
+624.5000E+03,+57.557E-06
+625.0000E+03,+68.328E-06
+625.5000E+03,+79.099E-06
+626.0000E+03,+68.459E-06
+626.5000E+03,+51.755E-06
+627.0000E+03,+35.051E-06
+627.5000E+03,+18.347E-06
+628.0000E+03,+30.479E-06
+628.5000E+03,+43.670E-06
+629.0000E+03,+56.860E-06
+629.5000E+03,+67.978E-06
+630.0000E+03,+67.345E-06
+630.5000E+03,+66.711E-06
+631.0000E+03,+66.077E-06
+631.5000E+03,+61.737E-06
+632.0000E+03,+50.044E-06
+632.5000E+03,+38.351E-06
+633.0000E+03,+26.658E-06
+633.5000E+03,+29.027E-06
+634.0000E+03,+44.348E-06
+634.5000E+03,+59.670E-06
+635.0000E+03,+74.991E-06
+635.5000E+03,+71.856E-06
+636.0000E+03,+61.027E-06
+636.5000E+03,+50.198E-06
+637.0000E+03,+39.369E-06
+637.5000E+03,+40.911E-06
+638.0000E+03,+43.963E-06
+638.5000E+03,+47.016E-06
+639.0000E+03,+50.285E-06
+639.5000E+03,+56.160E-06
+640.0000E+03,+62.035E-06
+640.5000E+03,+67.910E-06
+641.0000E+03,+67.635E-06
+641.5000E+03,+50.009E-06
+642.0000E+03,+32.384E-06
+642.5000E+03,+14.758E-06
+643.0000E+03,+12.736E-06
+643.5000E+03,+30.016E-06
+644.0000E+03,+47.296E-06
+644.5000E+03,+64.576E-06
+645.0000E+03,+68.198E-06
+645.5000E+03,+63.878E-06
+646.0000E+03,+59.558E-06
+646.5000E+03,+55.238E-06
+647.0000E+03,+49.128E-06
+647.5000E+03,+42.619E-06
+648.0000E+03,+36.111E-06
+648.5000E+03,+29.655E-06
+649.0000E+03,+41.175E-06
+649.5000E+03,+52.695E-06
+650.0000E+03,+64.215E-06
+650.5000E+03,+71.181E-06
+651.0000E+03,+58.509E-06
+651.5000E+03,+45.837E-06
+652.0000E+03,+33.165E-06
+652.5000E+03,+28.260E-06
+653.0000E+03,+36.382E-06
+653.5000E+03,+44.503E-06
+654.0000E+03,+52.625E-06
+654.5000E+03,+57.238E-06
+655.0000E+03,+59.081E-06
+655.5000E+03,+60.924E-06
+656.0000E+03,+62.768E-06
+656.5000E+03,+52.952E-06
+657.0000E+03,+39.128E-06
+657.5000E+03,+25.304E-06
+658.0000E+03,+11.480E-06
+658.5000E+03,+24.478E-06
+659.0000E+03,+39.511E-06
+659.5000E+03,+54.545E-06
+660.0000E+03,+66.941E-06
+660.5000E+03,+58.992E-06
+661.0000E+03,+51.044E-06
+661.5000E+03,+43.095E-06
+662.0000E+03,+37.998E-06
+662.5000E+03,+39.553E-06
+663.0000E+03,+41.108E-06
+663.5000E+03,+42.663E-06
+664.0000E+03,+47.266E-06
+664.5000E+03,+55.099E-06
+665.0000E+03,+62.933E-06
+665.5000E+03,+70.767E-06
+666.0000E+03,+63.341E-06
+666.5000E+03,+48.423E-06
+667.0000E+03,+33.505E-06
+667.5000E+03,+18.586E-06
+668.0000E+03,+25.854E-06
+668.5000E+03,+36.856E-06
+669.0000E+03,+47.857E-06
+669.5000E+03,+58.381E-06
+670.0000E+03,+57.805E-06
+670.5000E+03,+57.229E-06
+671.0000E+03,+56.653E-06
+671.5000E+03,+53.807E-06
+672.0000E+03,+43.208E-06
+672.5000E+03,+32.610E-06
+673.0000E+03,+22.011E-06
+673.5000E+03,+20.641E-06
+674.0000E+03,+32.449E-06
+674.5000E+03,+44.257E-06
+675.0000E+03,+56.065E-06
+675.5000E+03,+55.009E-06
+676.0000E+03,+45.275E-06
+676.5000E+03,+35.540E-06
+677.0000E+03,+25.806E-06
+677.5000E+03,+29.007E-06
+678.0000E+03,+35.803E-06
+678.5000E+03,+42.600E-06
+679.0000E+03,+49.397E-06
+679.5000E+03,+53.072E-06
+680.0000E+03,+56.643E-06
+680.5000E+03,+60.215E-06
+681.0000E+03,+60.841E-06
+681.5000E+03,+45.174E-06
+682.0000E+03,+29.506E-06
+682.5000E+03,+13.839E-06
+683.0000E+03,+8.697E-06
+683.5000E+03,+24.134E-06
+684.0000E+03,+39.571E-06
+684.5000E+03,+55.007E-06
+685.0000E+03,+60.007E-06
+685.5000E+03,+55.515E-06
+686.0000E+03,+51.022E-06
+686.5000E+03,+46.529E-06
+687.0000E+03,+42.159E-06
+687.5000E+03,+37.839E-06
+688.0000E+03,+33.519E-06
+688.5000E+03,+29.199E-06
+689.0000E+03,+37.344E-06
+689.5000E+03,+46.964E-06
+690.0000E+03,+56.583E-06
+690.5000E+03,+64.510E-06
+691.0000E+03,+52.875E-06
+691.5000E+03,+41.240E-06
+692.0000E+03,+29.605E-06
+692.5000E+03,+22.883E-06
+693.0000E+03,+29.795E-06
+693.5000E+03,+36.707E-06
+694.0000E+03,+43.619E-06
+694.5000E+03,+48.015E-06
+695.0000E+03,+49.340E-06
+695.5000E+03,+50.665E-06
+696.0000E+03,+51.990E-06
+696.5000E+03,+46.030E-06
+697.0000E+03,+35.892E-06
+697.5000E+03,+25.755E-06
+698.0000E+03,+15.617E-06
+698.5000E+03,+24.202E-06
+699.0000E+03,+36.874E-06
+699.5000E+03,+49.546E-06
+700.0000E+03,+62.097E-06
+700.5000E+03,+54.954E-06
+701.0000E+03,+47.812E-06
+701.5000E+03,+40.670E-06
+702.0000E+03,+34.961E-06
+702.5000E+03,+35.306E-06
+703.0000E+03,+35.652E-06
+703.5000E+03,+35.997E-06
+704.0000E+03,+38.751E-06
+704.5000E+03,+45.491E-06
+705.0000E+03,+52.230E-06
+705.5000E+03,+58.969E-06
+706.0000E+03,+54.410E-06
+706.5000E+03,+41.047E-06
+707.0000E+03,+27.684E-06
+707.5000E+03,+14.321E-06
+708.0000E+03,+18.951E-06
+708.5000E+03,+29.664E-06
+709.0000E+03,+40.378E-06
+709.5000E+03,+51.091E-06
+710.0000E+03,+51.061E-06
+710.5000E+03,+50.255E-06
+711.0000E+03,+49.448E-06
+711.5000E+03,+47.779E-06
+712.0000E+03,+39.658E-06
+712.5000E+03,+31.536E-06
+713.0000E+03,+23.415E-06
+713.5000E+03,+20.952E-06
+714.0000E+03,+31.493E-06
+714.5000E+03,+42.034E-06
+715.0000E+03,+52.574E-06
+715.5000E+03,+54.111E-06
+716.0000E+03,+46.219E-06
+716.5000E+03,+38.328E-06
+717.0000E+03,+30.437E-06
+717.5000E+03,+29.881E-06
+718.0000E+03,+32.877E-06
+718.5000E+03,+35.872E-06
+719.0000E+03,+38.867E-06
+719.5000E+03,+42.159E-06
+720.0000E+03,+45.500E-06
+720.5000E+03,+48.841E-06
+721.0000E+03,+51.460E-06
+721.5000E+03,+38.557E-06
+722.0000E+03,+25.655E-06
+722.5000E+03,+12.753E-06
+723.0000E+03,+5.831E-06
+723.5000E+03,+18.964E-06
+724.0000E+03,+32.097E-06
+724.5000E+03,+45.230E-06
+725.0000E+03,+51.382E-06
+725.5000E+03,+47.696E-06
+726.0000E+03,+44.009E-06
+726.5000E+03,+40.323E-06
+727.0000E+03,+36.463E-06
+727.5000E+03,+32.489E-06
+728.0000E+03,+28.515E-06
+728.5000E+03,+24.540E-06
+729.0000E+03,+29.933E-06
+729.5000E+03,+37.882E-06
+730.0000E+03,+45.831E-06
+730.5000E+03,+53.780E-06
+731.0000E+03,+44.615E-06
+731.5000E+03,+34.938E-06
+732.0000E+03,+25.261E-06
+732.5000E+03,+18.258E-06
+733.0000E+03,+25.688E-06
+733.5000E+03,+33.118E-06
+734.0000E+03,+40.549E-06
+734.5000E+03,+45.756E-06
+735.0000E+03,+46.678E-06
+735.5000E+03,+47.599E-06
+736.0000E+03,+48.521E-06
+736.5000E+03,+43.464E-06
+737.0000E+03,+33.038E-06
+737.5000E+03,+22.613E-06
+738.0000E+03,+12.187E-06
+738.5000E+03,+17.555E-06
+739.0000E+03,+29.305E-06
+739.5000E+03,+41.055E-06
+740.0000E+03,+52.806E-06
+740.5000E+03,+49.462E-06
+741.0000E+03,+44.393E-06
+741.5000E+03,+39.324E-06
+742.0000E+03,+34.546E-06
+742.5000E+03,+32.991E-06
+743.0000E+03,+31.436E-06
+743.5000E+03,+29.880E-06
+744.0000E+03,+30.286E-06
+744.5000E+03,+36.046E-06
+745.0000E+03,+41.806E-06
+745.5000E+03,+47.566E-06
+746.0000E+03,+46.406E-06
+746.5000E+03,+36.902E-06
+747.0000E+03,+27.398E-06
+747.5000E+03,+17.894E-06
+748.0000E+03,+19.132E-06
+748.5000E+03,+26.447E-06
+749.0000E+03,+33.762E-06
+749.5000E+03,+41.077E-06
+750.0000E+03,+41.558E-06
+750.5000E+03,+40.579E-06
+751.0000E+03,+39.600E-06
+751.5000E+03,+38.576E-06
+752.0000E+03,+32.758E-06
+752.5000E+03,+26.941E-06
+753.0000E+03,+21.123E-06
+753.5000E+03,+18.006E-06
+754.0000E+03,+26.070E-06
+754.5000E+03,+34.134E-06
+755.0000E+03,+42.198E-06
+755.5000E+03,+44.508E-06
+756.0000E+03,+37.423E-06
+756.5000E+03,+30.338E-06
+757.0000E+03,+23.253E-06
+757.5000E+03,+22.582E-06
+758.0000E+03,+26.844E-06
+758.5000E+03,+31.107E-06
+759.0000E+03,+35.369E-06
+759.5000E+03,+38.291E-06
+760.0000E+03,+40.768E-06
+760.5000E+03,+43.245E-06
+761.0000E+03,+45.722E-06
+761.5000E+03,+37.526E-06
+762.0000E+03,+28.598E-06
+762.5000E+03,+19.670E-06
+763.0000E+03,+12.883E-06
+763.5000E+03,+21.638E-06
+764.0000E+03,+30.394E-06
+764.5000E+03,+39.149E-06
+765.0000E+03,+44.180E-06
+765.5000E+03,+40.782E-06
+766.0000E+03,+37.383E-06
+766.5000E+03,+33.985E-06
+767.0000E+03,+31.351E-06
+767.5000E+03,+29.508E-06
+768.0000E+03,+27.665E-06
+768.5000E+03,+25.822E-06
+769.0000E+03,+28.853E-06
+769.5000E+03,+34.210E-06
+770.0000E+03,+39.567E-06
+770.5000E+03,+44.923E-06
+771.0000E+03,+38.558E-06
+771.5000E+03,+30.322E-06
+772.0000E+03,+22.085E-06
+772.5000E+03,+14.597E-06
+773.0000E+03,+22.085E-06
+773.5000E+03,+29.573E-06
+774.0000E+03,+37.061E-06
+774.5000E+03,+42.831E-06
+775.0000E+03,+42.947E-06
+775.5000E+03,+43.062E-06
+776.0000E+03,+43.177E-06
+776.5000E+03,+40.450E-06
+777.0000E+03,+33.768E-06
+777.5000E+03,+27.086E-06
+778.0000E+03,+20.405E-06
+778.5000E+03,+22.414E-06
+779.0000E+03,+30.132E-06
+779.5000E+03,+37.851E-06
+780.0000E+03,+45.569E-06
+780.5000E+03,+43.064E-06
+781.0000E+03,+37.823E-06
+781.5000E+03,+32.581E-06
+782.0000E+03,+27.340E-06
+782.5000E+03,+28.831E-06
+783.0000E+03,+30.502E-06
+783.5000E+03,+32.172E-06
+784.0000E+03,+34.366E-06
+784.5000E+03,+39.319E-06
+785.0000E+03,+44.273E-06
+785.5000E+03,+49.227E-06
+786.0000E+03,+50.487E-06
+786.5000E+03,+44.727E-06
+787.0000E+03,+38.967E-06
+787.5000E+03,+33.207E-06
+788.0000E+03,+32.240E-06
+788.5000E+03,+35.523E-06
+789.0000E+03,+38.806E-06
+789.5000E+03,+42.090E-06
+790.0000E+03,+42.324E-06
+790.5000E+03,+41.345E-06
+791.0000E+03,+40.365E-06
+791.5000E+03,+39.386E-06
+792.0000E+03,+37.266E-06
+792.5000E+03,+35.019E-06
+793.0000E+03,+32.773E-06
+793.5000E+03,+31.106E-06
+794.0000E+03,+35.598E-06
+794.5000E+03,+40.091E-06
+795.0000E+03,+44.584E-06
+795.5000E+03,+46.858E-06
+796.0000E+03,+43.172E-06
+796.5000E+03,+39.486E-06
+797.0000E+03,+35.799E-06
+797.5000E+03,+34.795E-06
+798.0000E+03,+36.984E-06
+798.5000E+03,+39.173E-06
+799.0000E+03,+41.361E-06
+799.5000E+03,+42.737E-06
+800.0000E+03,+43.658E-06
+800.5000E+03,+44.580E-06
+801.0000E+03,+45.502E-06
+801.5000E+03,+43.184E-06
+802.0000E+03,+40.188E-06
+802.5000E+03,+37.193E-06
+803.0000E+03,+34.279E-06
+803.5000E+03,+37.793E-06
+804.0000E+03,+41.306E-06
+804.5000E+03,+44.820E-06
+805.0000E+03,+47.502E-06
+805.5000E+03,+46.811E-06
+806.0000E+03,+46.119E-06
+806.5000E+03,+45.428E-06
+807.0000E+03,+45.068E-06
+807.5000E+03,+45.241E-06
+808.0000E+03,+45.414E-06
+808.5000E+03,+45.586E-06
+809.0000E+03,+45.792E-06
+809.5000E+03,+46.022E-06
+810.0000E+03,+46.253E-06
+810.5000E+03,+46.483E-06
+811.0000E+03,+46.844E-06
+811.5000E+03,+47.247E-06
+812.0000E+03,+47.650E-06
+812.5000E+03,+48.053E-06
+813.0000E+03,+49.214E-06
+813.5000E+03,+50.423E-06
+814.0000E+03,+51.633E-06
+814.5000E+03,+52.549E-06
+815.0000E+03,+51.397E-06
+815.5000E+03,+50.245E-06
+816.0000E+03,+49.093E-06
+816.5000E+03,+49.528E-06
+817.0000E+03,+53.502E-06
+817.5000E+03,+57.477E-06
+818.0000E+03,+61.451E-06
+818.5000E+03,+61.549E-06
+819.0000E+03,+57.690E-06
+819.5000E+03,+53.831E-06
+820.0000E+03,+49.971E-06
+820.5000E+03,+52.929E-06
+821.0000E+03,+59.092E-06
+821.5000E+03,+65.256E-06
+822.0000E+03,+71.419E-06
+822.5000E+03,+76.286E-06
+823.0000E+03,+80.951E-06
+823.5000E+03,+85.617E-06
+824.0000E+03,+89.581E-06
+824.5000E+03,+80.422E-06
+825.0000E+03,+71.264E-06
+825.5000E+03,+62.105E-06
+826.0000E+03,+60.698E-06
+826.5000E+03,+84.372E-06
+827.0000E+03,+108.045E-06
+827.5000E+03,+131.719E-06
+828.0000E+03,+142.310E-06
+828.5000E+03,+134.937E-06
+829.0000E+03,+127.564E-06
+829.5000E+03,+120.192E-06
+830.0000E+03,+128.894E-06
+830.5000E+03,+148.017E-06
+831.0000E+03,+167.140E-06
+831.5000E+03,+186.263E-06
+832.0000E+03,+270.074E-06
+832.5000E+03,+370.874E-06
+833.0000E+03,+471.674E-06
+833.5000E+03,+572.474E-06
+834.0000E+03,+635.051E-06
+834.5000E+03,+696.741E-06
+835.0000E+03,+758.431E-06
+835.5000E+03,+805.978E-06
+836.0000E+03,+780.692E-06
+836.5000E+03,+755.405E-06
+837.0000E+03,+730.119E-06
+837.5000E+03,+681.928E-06
+838.0000E+03,+590.805E-06
+838.5000E+03,+499.682E-06
+839.0000E+03,+408.558E-06
+839.5000E+03,+321.243E-06
+840.0000E+03,+237.263E-06
+840.5000E+03,+153.282E-06
+841.0000E+03,+69.301E-06
+841.5000E+03,+60.063E-06
+842.0000E+03,+80.108E-06
+842.5000E+03,+100.153E-06
+843.0000E+03,+120.198E-06
+843.5000E+03,+106.560E-06
+844.0000E+03,+89.338E-06
+844.5000E+03,+72.115E-06
+845.0000E+03,+56.448E-06
+845.5000E+03,+56.679E-06
+846.0000E+03,+56.909E-06
+846.5000E+03,+57.139E-06
+847.0000E+03,+58.413E-06
+847.5000E+03,+62.445E-06
+848.0000E+03,+66.477E-06
+848.5000E+03,+70.509E-06
+849.0000E+03,+66.862E-06
+849.5000E+03,+54.190E-06
+850.0000E+03,+41.518E-06
+850.5000E+03,+28.846E-06
+851.0000E+03,+29.958E-06
+851.5000E+03,+38.655E-06
+852.0000E+03,+47.353E-06
+852.5000E+03,+56.050E-06
+853.0000E+03,+54.704E-06
+853.5000E+03,+51.306E-06
+854.0000E+03,+47.908E-06
+854.5000E+03,+44.516E-06
+855.0000E+03,+41.579E-06
+855.5000E+03,+38.641E-06
+856.0000E+03,+35.704E-06
+856.5000E+03,+34.120E-06
+857.0000E+03,+37.922E-06
+857.5000E+03,+41.723E-06
+858.0000E+03,+45.525E-06
+858.5000E+03,+46.234E-06
+859.0000E+03,+42.029E-06
+859.5000E+03,+37.825E-06
+860.0000E+03,+33.620E-06
+860.5000E+03,+32.575E-06
+861.0000E+03,+33.900E-06
+861.5000E+03,+35.225E-06
+862.0000E+03,+36.550E-06
+862.5000E+03,+37.003E-06
+863.0000E+03,+37.175E-06
+863.5000E+03,+37.348E-06
+864.0000E+03,+37.521E-06
+864.5000E+03,+34.709E-06
+865.0000E+03,+31.714E-06
+865.5000E+03,+28.719E-06
+866.0000E+03,+26.259E-06
+866.5000E+03,+27.469E-06
+867.0000E+03,+28.679E-06
+867.5000E+03,+29.888E-06
+868.0000E+03,+30.756E-06
+868.5000E+03,+30.871E-06
+869.0000E+03,+30.986E-06
+869.5000E+03,+31.101E-06
+870.0000E+03,+31.016E-06
+870.5000E+03,+30.728E-06
+871.0000E+03,+30.440E-06
+871.5000E+03,+30.152E-06
+872.0000E+03,+30.415E-06
+872.5000E+03,+30.933E-06
+873.0000E+03,+31.451E-06
+873.5000E+03,+31.970E-06
+874.0000E+03,+32.088E-06
+874.5000E+03,+32.146E-06
+875.0000E+03,+32.203E-06
+875.5000E+03,+32.189E-06
+876.0000E+03,+30.922E-06
+876.5000E+03,+29.655E-06
+877.0000E+03,+28.388E-06
+877.5000E+03,+27.341E-06
+878.0000E+03,+26.995E-06
+878.5000E+03,+26.650E-06
+879.0000E+03,+26.304E-06
+879.5000E+03,+26.325E-06
+880.0000E+03,+26.844E-06
+880.5000E+03,+27.362E-06
+881.0000E+03,+27.881E-06
+881.5000E+03,+28.258E-06
+882.0000E+03,+28.546E-06
+882.5000E+03,+28.834E-06
+883.0000E+03,+29.122E-06
+883.5000E+03,+29.594E-06
+884.0000E+03,+30.112E-06
+884.5000E+03,+30.631E-06
+885.0000E+03,+31.149E-06
+885.5000E+03,+29.408E-06
+886.0000E+03,+27.623E-06
+886.5000E+03,+25.837E-06
+887.0000E+03,+24.538E-06
+887.5000E+03,+25.690E-06
+888.0000E+03,+26.842E-06
+888.5000E+03,+27.994E-06
+889.0000E+03,+29.308E-06
+889.5000E+03,+30.921E-06
+890.0000E+03,+32.534E-06
+890.5000E+03,+34.147E-06
+891.0000E+03,+33.535E-06
+891.5000E+03,+31.001E-06
+892.0000E+03,+28.466E-06
+892.5000E+03,+25.932E-06
+893.0000E+03,+25.102E-06
+893.5000E+03,+24.929E-06
+894.0000E+03,+24.756E-06
+894.5000E+03,+24.583E-06
+895.0000E+03,+24.149E-06
+895.5000E+03,+23.688E-06
+896.0000E+03,+23.228E-06
+896.5000E+03,+22.740E-06
+897.0000E+03,+21.992E-06
+897.5000E+03,+21.243E-06
+898.0000E+03,+20.494E-06
+898.5000E+03,+20.593E-06
+899.0000E+03,+22.897E-06
+899.5000E+03,+25.201E-06
+900.0000E+03,+27.505E-06
+900.5000E+03,+27.809E-06
+901.0000E+03,+25.793E-06
+901.5000E+03,+23.777E-06
+902.0000E+03,+21.761E-06
+902.5000E+03,+20.566E-06
+903.0000E+03,+19.817E-06
+903.5000E+03,+19.069E-06
+904.0000E+03,+18.320E-06
+904.5000E+03,+19.011E-06
+905.0000E+03,+19.991E-06
+905.5000E+03,+20.970E-06
+906.0000E+03,+21.932E-06
+906.5000E+03,+21.989E-06
+907.0000E+03,+22.047E-06
+907.5000E+03,+22.104E-06
+908.0000E+03,+22.444E-06
+908.5000E+03,+23.884E-06
+909.0000E+03,+25.324E-06
+909.5000E+03,+26.764E-06
+910.0000E+03,+26.701E-06
+910.5000E+03,+24.282E-06
+911.0000E+03,+21.863E-06
+911.5000E+03,+19.444E-06
+912.0000E+03,+19.276E-06
+912.5000E+03,+20.773E-06
+913.0000E+03,+22.271E-06
+913.5000E+03,+23.768E-06
+914.0000E+03,+25.178E-06
+914.5000E+03,+26.561E-06
+915.0000E+03,+27.943E-06
+915.5000E+03,+29.326E-06
+916.0000E+03,+25.862E-06
+916.5000E+03,+22.118E-06
+917.0000E+03,+18.374E-06
+917.5000E+03,+15.578E-06
+918.0000E+03,+19.092E-06
+918.5000E+03,+22.605E-06
+919.0000E+03,+26.119E-06
+919.5000E+03,+28.340E-06
+920.0000E+03,+27.764E-06
+920.5000E+03,+27.188E-06
+921.0000E+03,+26.612E-06
+921.5000E+03,+24.939E-06
+922.0000E+03,+22.174E-06
+922.5000E+03,+19.410E-06
+923.0000E+03,+16.645E-06
+923.5000E+03,+18.507E-06
+924.0000E+03,+22.481E-06
+924.5000E+03,+26.455E-06
+925.0000E+03,+30.430E-06
+925.5000E+03,+28.479E-06
+926.0000E+03,+25.656E-06
+926.5000E+03,+22.834E-06
+927.0000E+03,+20.156E-06
+927.5000E+03,+19.868E-06
+928.0000E+03,+19.580E-06
+928.5000E+03,+19.292E-06
+929.0000E+03,+19.619E-06
+929.5000E+03,+21.865E-06
+930.0000E+03,+24.111E-06
+930.5000E+03,+26.358E-06
+931.0000E+03,+26.116E-06
+931.5000E+03,+22.545E-06
+932.0000E+03,+18.973E-06
+932.5000E+03,+15.402E-06
+933.0000E+03,+16.139E-06
+933.5000E+03,+19.595E-06
+934.0000E+03,+23.051E-06
+934.5000E+03,+26.507E-06
+935.0000E+03,+26.790E-06
+935.5000E+03,+26.272E-06
+936.0000E+03,+25.753E-06
+936.5000E+03,+25.235E-06
+937.0000E+03,+22.337E-06
+937.5000E+03,+19.399E-06
+938.0000E+03,+16.462E-06
+938.5000E+03,+14.556E-06
+939.0000E+03,+17.724E-06
+939.5000E+03,+20.892E-06
+940.0000E+03,+24.060E-06
+940.5000E+03,+25.187E-06
+941.0000E+03,+22.595E-06
+941.5000E+03,+20.003E-06
+942.0000E+03,+17.411E-06
+942.5000E+03,+16.808E-06
+943.0000E+03,+17.903E-06
+943.5000E+03,+18.997E-06
+944.0000E+03,+20.091E-06
+944.5000E+03,+21.019E-06
+945.0000E+03,+21.883E-06
+945.5000E+03,+22.747E-06
+946.0000E+03,+23.611E-06
+946.5000E+03,+21.329E-06
+947.0000E+03,+18.737E-06
+947.5000E+03,+16.145E-06
+948.0000E+03,+14.136E-06
+948.5000E+03,+17.650E-06
+949.0000E+03,+21.163E-06
+949.5000E+03,+24.677E-06
+950.0000E+03,+26.589E-06
+950.5000E+03,+24.401E-06
+951.0000E+03,+22.212E-06
+951.5000E+03,+20.023E-06
+952.0000E+03,+18.479E-06
+952.5000E+03,+17.672E-06
+953.0000E+03,+16.866E-06
+953.5000E+03,+16.059E-06
+954.0000E+03,+17.654E-06
+954.5000E+03,+20.534E-06
+955.0000E+03,+23.414E-06
+955.5000E+03,+26.294E-06
+956.0000E+03,+24.018E-06
+956.5000E+03,+20.734E-06
+957.0000E+03,+17.451E-06
+957.5000E+03,+14.305E-06
+958.0000E+03,+17.242E-06
+958.5000E+03,+20.180E-06
+959.0000E+03,+23.117E-06
+959.5000E+03,+25.446E-06
+960.0000E+03,+25.446E-06
+960.5000E+03,+25.446E-06
+961.0000E+03,+25.446E-06
+961.5000E+03,+24.180E-06
+962.0000E+03,+20.954E-06
+962.5000E+03,+17.729E-06
+963.0000E+03,+14.503E-06
+963.5000E+03,+15.272E-06
+964.0000E+03,+18.958E-06
+964.5000E+03,+22.645E-06
+965.0000E+03,+26.331E-06
+965.5000E+03,+25.753E-06
+966.0000E+03,+23.852E-06
+966.5000E+03,+21.952E-06
+967.0000E+03,+20.051E-06
+967.5000E+03,+20.335E-06
+968.0000E+03,+20.739E-06
+968.5000E+03,+21.142E-06
+969.0000E+03,+21.668E-06
+969.5000E+03,+22.993E-06
+970.0000E+03,+24.318E-06
+970.5000E+03,+25.643E-06
+971.0000E+03,+25.148E-06
+971.5000E+03,+20.770E-06
+972.0000E+03,+16.393E-06
+972.5000E+03,+12.015E-06
+973.0000E+03,+11.763E-06
+973.5000E+03,+15.565E-06
+974.0000E+03,+19.366E-06
+974.5000E+03,+23.168E-06
+975.0000E+03,+23.911E-06
+975.5000E+03,+23.277E-06
+976.0000E+03,+22.643E-06
+976.5000E+03,+22.010E-06
+977.0000E+03,+19.411E-06
+977.5000E+03,+16.531E-06
+978.0000E+03,+13.651E-06
+978.5000E+03,+11.156E-06
+979.0000E+03,+14.670E-06
+979.5000E+03,+18.183E-06
+980.0000E+03,+21.697E-06
+980.5000E+03,+23.598E-06
+981.0000E+03,+20.545E-06
+981.5000E+03,+17.492E-06
+982.0000E+03,+14.439E-06
+982.5000E+03,+13.521E-06
+983.0000E+03,+15.422E-06
+983.5000E+03,+17.323E-06
+984.0000E+03,+19.223E-06
+984.5000E+03,+20.805E-06
+985.0000E+03,+22.187E-06
+985.5000E+03,+23.570E-06
+986.0000E+03,+24.952E-06
+986.5000E+03,+22.410E-06
+987.0000E+03,+18.897E-06
+987.5000E+03,+15.383E-06
+988.0000E+03,+11.869E-06
+988.5000E+03,+15.063E-06
+989.0000E+03,+18.346E-06
+989.5000E+03,+21.629E-06
+990.0000E+03,+24.110E-06
+990.5000E+03,+22.727E-06
+991.0000E+03,+21.345E-06
+991.5000E+03,+19.962E-06
+992.0000E+03,+18.312E-06
+992.5000E+03,+16.181E-06
+993.0000E+03,+14.050E-06
+993.5000E+03,+11.919E-06
+994.0000E+03,+12.288E-06
+994.5000E+03,+14.765E-06
+995.0000E+03,+17.242E-06
+995.5000E+03,+19.719E-06
+996.0000E+03,+18.547E-06
+996.5000E+03,+16.013E-06
+997.0000E+03,+13.479E-06
+997.5000E+03,+10.944E-06
+998.0000E+03,+13.618E-06
+998.5000E+03,+16.786E-06
+999.0000E+03,+19.954E-06
+999.5000E+03,+22.770E-06
+1.0000000E+06,+22.366E-06
+1.0005000E+06,+21.963E-06
+1.0010000E+06,+21.560E-06
+1.0015000E+06,+20.323E-06
+1.0020000E+06,+16.982E-06
+1.0025000E+06,+13.641E-06
+1.0030000E+06,+10.300E-06
+1.0035000E+06,+10.365E-06
+1.0040000E+06,+14.282E-06
+1.0045000E+06,+18.199E-06
+1.0050000E+06,+22.116E-06
+1.0055000E+06,+21.885E-06
+1.0060000E+06,+19.466E-06
+1.0065000E+06,+17.047E-06
+1.0070000E+06,+14.628E-06
+1.0075000E+06,+14.288E-06
+1.0080000E+06,+14.346E-06
+1.0085000E+06,+14.404E-06
+1.0090000E+06,+14.499E-06
+1.0095000E+06,+16.054E-06
+1.0100000E+06,+17.609E-06
+1.0105000E+06,+19.165E-06
+1.0110000E+06,+19.617E-06
+1.0115000E+06,+15.930E-06
+1.0120000E+06,+12.244E-06
+1.0125000E+06,+8.557E-06
+1.0130000E+06,+8.040E-06
+1.0135000E+06,+12.360E-06
+1.0140000E+06,+16.680E-06
+1.0145000E+06,+21.000E-06
+1.0150000E+06,+22.508E-06
+1.0155000E+06,+21.990E-06
+1.0160000E+06,+21.471E-06
+1.0165000E+06,+20.953E-06
+1.0170000E+06,+19.552E-06
+1.0175000E+06,+17.881E-06
+1.0180000E+06,+16.211E-06
+1.0185000E+06,+14.541E-06
+1.0190000E+06,+16.488E-06
+1.0195000E+06,+18.619E-06
+1.0200000E+06,+20.750E-06
+1.0205000E+06,+22.132E-06
+1.0210000E+06,+18.791E-06
+1.0215000E+06,+15.451E-06
+1.0220000E+06,+12.110E-06
+1.0225000E+06,+10.458E-06
+1.0230000E+06,+12.359E-06
+1.0235000E+06,+14.260E-06
+1.0240000E+06,+16.161E-06
+1.0245000E+06,+17.594E-06
+1.0250000E+06,+18.573E-06
+1.0255000E+06,+19.552E-06
+1.0260000E+06,+20.531E-06
+1.0265000E+06,+18.996E-06
+1.0270000E+06,+16.346E-06
+1.0275000E+06,+13.697E-06
+1.0280000E+06,+11.047E-06
+1.0285000E+06,+13.355E-06
+1.0290000E+06,+16.350E-06
+1.0295000E+06,+19.345E-06
+1.0300000E+06,+22.033E-06
+1.0305000E+06,+20.190E-06
+1.0310000E+06,+18.347E-06
+1.0315000E+06,+16.504E-06
+1.0320000E+06,+15.019E-06
+1.0325000E+06,+14.615E-06
+1.0330000E+06,+14.212E-06
+1.0335000E+06,+13.809E-06
+1.0340000E+06,+14.431E-06
+1.0345000E+06,+16.389E-06
+1.0350000E+06,+18.348E-06
+1.0355000E+06,+20.306E-06
+1.0360000E+06,+19.089E-06
+1.0365000E+06,+15.921E-06
+1.0370000E+06,+12.753E-06
+1.0375000E+06,+9.585E-06
+1.0380000E+06,+11.006E-06
+1.0385000E+06,+13.540E-06
+1.0390000E+06,+16.075E-06
+1.0395000E+06,+18.609E-06
+1.0400000E+06,+17.893E-06
+1.0405000E+06,+17.145E-06
+1.0410000E+06,+16.396E-06
+1.0415000E+06,+15.556E-06
+1.0420000E+06,+14.289E-06
+1.0425000E+06,+13.022E-06
+1.0430000E+06,+11.754E-06
+1.0435000E+06,+12.128E-06
+1.0440000E+06,+15.411E-06
+1.0445000E+06,+18.694E-06
+1.0450000E+06,+21.978E-06
+1.0455000E+06,+21.865E-06
+1.0460000E+06,+18.927E-06
+1.0465000E+06,+15.990E-06
+1.0470000E+06,+13.052E-06
+1.0475000E+06,+12.936E-06
+1.0480000E+06,+13.858E-06
+1.0485000E+06,+14.780E-06
+1.0490000E+06,+15.701E-06
+1.0495000E+06,+16.940E-06
+1.0500000E+06,+18.207E-06
+1.0505000E+06,+19.474E-06
+1.0510000E+06,+20.337E-06
+1.0515000E+06,+17.629E-06
+1.0520000E+06,+14.922E-06
+1.0525000E+06,+12.215E-06
+1.0530000E+06,+11.161E-06
+1.0535000E+06,+14.214E-06
+1.0540000E+06,+17.267E-06
+1.0545000E+06,+20.320E-06
+1.0550000E+06,+21.087E-06
+1.0555000E+06,+19.301E-06
+1.0560000E+06,+17.516E-06
+1.0565000E+06,+15.730E-06
+1.0570000E+06,+14.513E-06
+1.0575000E+06,+13.591E-06
+1.0580000E+06,+12.670E-06
+1.0585000E+06,+11.748E-06
+1.0590000E+06,+13.691E-06
+1.0595000E+06,+16.168E-06
+1.0600000E+06,+18.645E-06
+1.0605000E+06,+20.941E-06
+1.0610000E+06,+17.024E-06
+1.0615000E+06,+13.107E-06
+1.0620000E+06,+9.190E-06
+1.0625000E+06,+6.848E-06
+1.0630000E+06,+10.304E-06
+1.0635000E+06,+13.760E-06
+1.0640000E+06,+17.216E-06
+1.0645000E+06,+19.340E-06
+1.0650000E+06,+19.455E-06
+1.0655000E+06,+19.570E-06
+1.0660000E+06,+19.685E-06
+1.0665000E+06,+17.277E-06
+1.0670000E+06,+13.072E-06
+1.0675000E+06,+8.867E-06
+1.0680000E+06,+4.662E-06
+1.0685000E+06,+7.239E-06
+1.0690000E+06,+11.847E-06
+1.0695000E+06,+16.455E-06
+1.0700000E+06,+21.063E-06
+1.0705000E+06,+19.236E-06
+1.0710000E+06,+17.105E-06
+1.0715000E+06,+14.974E-06
+1.0720000E+06,+13.198E-06
+1.0725000E+06,+13.601E-06
+1.0730000E+06,+14.004E-06
+1.0735000E+06,+14.408E-06
+1.0740000E+06,+15.317E-06
+1.0745000E+06,+17.275E-06
+1.0750000E+06,+19.234E-06
+1.0755000E+06,+21.192E-06
+1.0760000E+06,+20.444E-06
+1.0765000E+06,+17.103E-06
+1.0770000E+06,+13.762E-06
+1.0775000E+06,+10.422E-06
+1.0780000E+06,+11.731E-06
+1.0785000E+06,+15.072E-06
+1.0790000E+06,+18.413E-06
+1.0795000E+06,+21.754E-06
+1.0800000E+06,+21.490E-06
+1.0805000E+06,+20.741E-06
+1.0810000E+06,+19.993E-06
+1.0815000E+06,+19.113E-06
+1.0820000E+06,+16.406E-06
+1.0825000E+06,+13.699E-06
+1.0830000E+06,+10.992E-06
+1.0835000E+06,+9.837E-06
+1.0840000E+06,+13.293E-06
+1.0845000E+06,+16.749E-06
+1.0850000E+06,+20.205E-06
+1.0855000E+06,+20.664E-06
+1.0860000E+06,+17.266E-06
+1.0865000E+06,+13.867E-06
+1.0870000E+06,+10.469E-06
+1.0875000E+06,+10.441E-06
+1.0880000E+06,+12.457E-06
+1.0885000E+06,+14.473E-06
+1.0890000E+06,+16.489E-06
+1.0895000E+06,+18.412E-06
+1.0900000E+06,+20.313E-06
+1.0905000E+06,+22.214E-06
+1.0910000E+06,+24.115E-06
+1.0915000E+06,+20.009E-06
+1.0920000E+06,+15.862E-06
+1.0925000E+06,+11.715E-06
+1.0930000E+06,+8.852E-06
+1.0935000E+06,+11.905E-06
+1.0940000E+06,+14.958E-06
+1.0945000E+06,+18.011E-06
+1.0950000E+06,+19.764E-06
+1.0955000E+06,+19.246E-06
+1.0960000E+06,+18.728E-06
+1.0965000E+06,+18.209E-06
+1.0970000E+06,+16.521E-06
+1.0975000E+06,+13.871E-06
+1.0980000E+06,+11.221E-06
+1.0985000E+06,+8.572E-06
+1.0990000E+06,+10.110E-06
+1.0995000E+06,+13.163E-06
+1.1000000E+06,+16.216E-06
+1.1005000E+06,+19.268E-06
+1.1010000E+06,+16.971E-06
+1.1015000E+06,+14.206E-06
+1.1020000E+06,+11.441E-06
+1.1025000E+06,+9.100E-06
+1.1030000E+06,+10.367E-06
+1.1035000E+06,+11.634E-06
+1.1040000E+06,+12.901E-06
+1.1045000E+06,+13.968E-06
+1.1050000E+06,+14.544E-06
+1.1055000E+06,+15.120E-06
+1.1060000E+06,+15.696E-06
+1.1065000E+06,+14.628E-06
+1.1070000E+06,+11.748E-06
+1.1075000E+06,+8.868E-06
+1.1080000E+06,+5.988E-06
+1.1085000E+06,+7.676E-06
+1.1090000E+06,+11.708E-06
+1.1095000E+06,+15.740E-06
+1.1100000E+06,+19.772E-06
+1.1105000E+06,+19.564E-06
+1.1110000E+06,+18.585E-06
+1.1115000E+06,+17.605E-06
+1.1120000E+06,+16.650E-06
+1.1125000E+06,+16.419E-06
+1.1130000E+06,+16.189E-06
+1.1135000E+06,+15.959E-06
+1.1140000E+06,+16.040E-06
+1.1145000E+06,+17.250E-06
+1.1150000E+06,+18.460E-06
+1.1155000E+06,+19.669E-06
+1.1160000E+06,+19.095E-06
+1.1165000E+06,+15.870E-06
+1.1170000E+06,+12.644E-06
+1.1175000E+06,+9.419E-06
+1.1180000E+06,+9.644E-06
+1.1185000E+06,+12.294E-06
+1.1190000E+06,+14.943E-06
+1.1195000E+06,+17.593E-06
+1.1200000E+06,+18.017E-06
+1.1205000E+06,+17.787E-06
+1.1210000E+06,+17.556E-06
+1.1215000E+06,+17.326E-06
+1.1220000E+06,+15.495E-06
+1.1225000E+06,+13.594E-06
