x-axis,1,2,3
second,Volt,Volt,Volt
+4.7650000E-03,,,
+4.7652938E-03,,,
+4.7655875E-03,,,
+4.7658813E-03,,,
+4.7661750E-03,+65.9366668E-03,+2.5590530506E+00,+12.8221726E-03
+4.7664688E-03,+65.8735988E-03,+2.5590530506E+00,+71.1705962E-03
+4.7667625E-03,+36.4011438E-03,+2.5590530506E+00,+85.0959409E-03
+4.7670563E-03,-41.9463642E-03,+2.5590530506E+00,+47.6672754E-03
+4.7673500E-03,-46.3849400E-03,+2.5590530506E+00,-20.6560560E-03
+4.7676438E-03,-46.3849400E-03,+2.5590530506E+00,-79.8893896E-03
+4.7679375E-03,-18.9489271E-03,+2.5590530506E+00,-97.9106793E-03
+4.7682313E-03,+56.4384645E-03,+2.5590530506E+00,-64.3863426E-03
+4.7685250E-03,+65.9366668E-03,+2.5590530506E+00,+1.3733060E-03
+4.7688188E-03,+65.9366668E-03,+2.5590530506E+00,+62.9651743E-03
+4.7691125E-03,+40.5556196E-03,+2.5590530506E+00,+86.2317730E-03
+4.7694063E-03,-31.5122122E-03,+2.5590530506E+00,+57.0489576E-03
+4.7697000E-03,-46.3849400E-03,+2.5590530506E+00,-7.8226070E-03
+4.7699938E-03,-46.3849400E-03,+2.5590530506E+00,-72.5904281E-03
+4.7702875E-03,-24.6733036E-03,+2.5590530506E+00,-99.1061514E-03
+4.7705813E-03,+41.4670183E-03,+2.5590530506E+00,-73.5254556E-03
+4.7708750E-03,+65.9366668E-03,+2.5590530506E+00,-9.0331143E-03
+4.7711688E-03,+65.9366668E-03,+2.5590530506E+00,+56.9044518E-03
+4.7714625E-03,+45.8461646E-03,+2.5590530506E+00,+86.4025070E-03
+4.7717562E-03,-17.6754020E-03,+2.5590530506E+00,+63.7862678E-03
+4.7720500E-03,-46.3849400E-03,+2.5590530506E+00,+1.3168402E-03
+4.7723437E-03,-46.3849400E-03,+2.5590530506E+00,-64.4331190E-03
+4.7726375E-03,-28.3460590E-03,+2.5590530506E+00,-97.7795383E-03
+4.7729312E-03,+31.8613504E-03,+2.5590530506E+00,-79.7808014E-03
+4.7732250E-03,+65.9366668E-03,+2.5590530506E+00,-20.6856254E-03
+4.7735187E-03,+65.9366668E-03,+2.5590530506E+00,+46.6149726E-03
+4.7738125E-03,+50.6364658E-03,+2.5590530506E+00,+84.9424140E-03
+4.7741062E-03,-5.1469219E-03,+2.5590530506E+00,+71.2865350E-03
+4.7744000E-03,-46.3849400E-03,+2.5590530506E+00,+13.9580046E-03
+4.7746937E-03,-46.3849400E-03,+2.5590530506E+00,-55.4152906E-03
+4.7749875E-03,-34.1100919E-03,+2.5590530506E+00,-96.2155348E-03
+4.7752812E-03,+16.7861875E-03,+2.5590530506E+00,-86.4977304E-03
+4.7755750E-03,+65.9366668E-03,+2.5590530506E+00,-30.7200060E-03
+4.7758687E-03,+65.9366668E-03,+2.5590530506E+00,+39.1464466E-03
+4.7761625E-03,+55.2428187E-03,+2.5590530506E+00,+82.4866511E-03
+4.7764562E-03,+6.9004625E-03,+2.5590530506E+00,+75.9566608E-03
+4.7767500E-03,-46.3849400E-03,+2.5590530506E+00,+22.8892966E-03
+4.7770437E-03,-46.3849400E-03,+2.5590530506E+00,-45.7001592E-03
+4.7773375E-03,-37.6748672E-03,+2.5590530506E+00,-92.4804364E-03
+4.7776312E-03,+7.4629291E-03,+2.5590530506E+00,-90.9952846E-03
+4.7779250E-03,+65.9366668E-03,+2.5590530506E+00,-41.9289762E-03
+4.7782187E-03,+65.9366668E-03,+2.5590530506E+00,+27.3632956E-03
+4.7785125E-03,+60.6943783E-03,+2.5590530506E+00,+78.4870989E-03
+4.7788062E-03,+21.1583876E-03,+2.5590530506E+00,+81.1393227E-03
+4.7791000E-03,-46.3849400E-03,+2.5590530506E+00,+34.6366971E-03
+4.7793937E-03,-46.3849400E-03,+2.5590530506E+00,-35.4896988E-03
+4.7796875E-03,-43.4455891E-03,+2.5590530506E+00,-88.2097479E-03
+4.7799812E-03,-7.6311616E-03,+2.5590530506E+00,-94.9594204E-03
+4.7802750E-03,+65.9329180E-03,+2.5590530506E+00,-51.0231505E-03
+4.7805687E-03,+65.9366668E-03,+2.5590530506E+00,+18.8580032E-03
+4.7808625E-03,+64.5811826E-03,+2.5590530506E+00,+73.5060768E-03
+4.7811562E-03,+31.4399783E-03,+2.5590530506E+00,+83.4734668E-03
+4.7814500E-03,-46.0812875E-03,+2.5590530506E+00,+42.8287544E-03
+4.7817437E-03,-46.3849400E-03,+2.5590530506E+00,-24.7929305E-03
+4.7820375E-03,-46.1374459E-03,+2.5590530506E+00,-82.2930301E-03
+4.7823312E-03,-15.6924353E-03,+2.5590530506E+00,-97.4952044E-03
+4.7826250E-03,+63.2625248E-03,+2.5590530506E+00,-61.1980274E-03
+4.7829187E-03,+65.9366668E-03,+2.5590530506E+00,+6.1541918E-03
+4.7832125E-03,+65.9366668E-03,+2.5590530506E+00,+67.2320204E-03
+4.7835062E-03,+39.3272269E-03,+2.5590530506E+00,+86.0570296E-03
+4.7838000E-03,-34.7249313E-03,+2.5590530506E+00,+52.9825819E-03
+4.7840937E-03,-46.3849400E-03,+2.5590530506E+00,-13.9514893E-03
+4.7843875E-03,-46.3849400E-03,+2.5590530506E+00,-75.5654094E-03
+4.7846812E-03,-21.7783869E-03,+2.5590530506E+00,-98.4352437E-03
+4.7849750E-03,+49.0383389E-03,+2.5590530506E+00,-68.8088875E-03
+4.7852687E-03,+65.9366668E-03,+2.5590530506E+00,-2.8943754E-03
+4.7855625E-03,+65.9366668E-03,+2.5590530506E+00,+60.0232706E-03
+4.7858562E-03,+43.0807285E-03,+2.5590530506E+00,+85.9522838E-03
+4.7861500E-03,-24.9080812E-03,+2.5590530506E+00,+59.9820071E-03
+4.7864437E-03,-46.3849400E-03,+2.5590530506E+00,-2.8486014E-03
+4.7867375E-03,-46.3849400E-03,+2.5590530506E+00,-67.7918341E-03
+4.7870312E-03,-26.2084361E-03,+2.5590530506E+00,-98.7895751E-03
+4.7873250E-03,+37.4520566E-03,+2.5590530506E+00,-77.2760904E-03
+4.7876187E-03,+65.9366668E-03,+2.5590530506E+00,-15.7431939E-03
+4.7879125E-03,+65.9366668E-03,+2.5590530506E+00,+51.7989710E-03
+4.7882062E-03,+48.7735709E-03,+2.5590530506E+00,+85.7541522E-03
+4.7885000E-03,-10.0191086E-03,+2.5590530506E+00,+67.9608975E-03
+4.7887937E-03,-46.3849400E-03,+2.5590530506E+00,+8.0255833E-03
+4.7890875E-03,-46.3849400E-03,+2.5590530506E+00,-58.9885091E-03
+4.7893812E-03,-31.1411180E-03,+2.5590530506E+00,-96.6878097E-03
+4.7896750E-03,+24.5511960E-03,+2.5590530506E+00,-82.9958460E-03
+4.7899687E-03,+65.9366668E-03,+2.5590530506E+00,-24.8549093E-03
+4.7902625E-03,+65.9366668E-03,+2.5590530506E+00,+42.7953426E-03
+4.7905562E-03,+52.4864605E-03,+2.5590530506E+00,+83.1991565E-03
+4.7908500E-03,-308.4744E-06,+2.5590530506E+00,+73.4095169E-03
+4.7911437E-03,-46.3849400E-03,+2.5590530506E+00,+18.9465444E-03
+4.7914375E-03,-46.3849400E-03,+2.5590530506E+00,-49.8039561E-03
+4.7917312E-03,-36.3031382E-03,+2.5590530506E+00,-94.8855805E-03
+4.7920250E-03,+11.0505279E-03,+2.5590530506E+00,-89.3681329E-03
+4.7923187E-03,+65.9366668E-03,+2.5590530506E+00,-37.1394034E-03
+4.7926125E-03,+65.9366668E-03,+2.5590530506E+00,+33.1483712E-03
+4.7929062E-03,+58.1367798E-03,+2.5590530506E+00,+80.2173258E-03
+4.7932000E-03,+14.4692839E-03,+2.5590530506E+00,+78.7692610E-03
+4.7934937E-03,-46.3849400E-03,+2.5590530506E+00,+29.2244965E-03
+4.7937875E-03,-46.3849400E-03,+2.5590530506E+00,-39.4615193E-03
+4.7940812E-03,-40.5764729E-03,+2.5590530506E+00,-89.8537726E-03
+4.7943750E-03,-125.8860E-06,+2.5590530506E+00,-92.9000879E-03
+4.7946687E-03,+65.9366668E-03,+2.5590530506E+00,-45.7699898E-03
+4.7949625E-03,+65.9366668E-03,+2.5590530506E+00,+22.8776025E-03
+4.7952562E-03,+61.8472804E-03,+2.5590530506E+00,+75.3662754E-03
+4.7955500E-03,+24.1736701E-03,+2.5590530506E+00,+82.3302842E-03
+4.7958437E-03,-46.3849400E-03,+2.5590530506E+00,+39.3564394E-03
+4.7961375E-03,-46.3849400E-03,+2.5590530506E+00,-29.4131058E-03
+4.7964312E-03,-45.7891386E-03,+2.5590530506E+00,-85.9831896E-03
+4.7967250E-03,-14.2903117E-03,+2.5590530506E+00,-96.8007414E-03
+4.7970187E-03,+64.5471127E-03,+2.5590530506E+00,-56.8050519E-03
+4.7973125E-03,+65.9366668E-03,+2.5590530506E+00,+12.2862483E-03
+4.7976062E-03,+65.8750322E-03,+2.5590530506E+00,+69.8107385E-03
+4.7979000E-03,+36.3910367E-03,+2.5590530506E+00,+84.7887200E-03
+4.7981937E-03,-41.9826026E-03,+2.5590530506E+00,+48.4362465E-03
+4.7984875E-03,-46.3849400E-03,+2.5590530506E+00,-18.1002250E-03
+4.7987812E-03,-46.3849400E-03,+2.5590530506E+00,-78.2662473E-03
+4.7990750E-03,-18.9116597E-03,+2.5590530506E+00,-97.9145217E-03
+4.7993687E-03,+56.5359332E-03,+2.5590530506E+00,-64.4543355E-03
+4.7996625E-03,+65.9366668E-03,+2.5590530506E+00,+1.2820920E-03
+4.7999562E-03,+65.9366668E-03,+2.5590530506E+00,+62.9197343E-03
+4.8002500E-03,+40.5384192E-03,+2.5590530506E+00,+86.2469753E-03
+4.8005437E-03,-31.5571978E-03,+2.5590530506E+00,+57.1082635E-03
+4.8008375E-03,-46.3849400E-03,+2.5590530506E+00,-7.7497694E-03
+4.8011312E-03,-46.3849400E-03,+2.5590530506E+00,-72.5314564E-03
+4.8014250E-03,-24.6140579E-03,+2.5590530506E+00,-99.1091584E-03
+4.8017187E-03,+41.6219686E-03,+2.5590530506E+00,-73.5655497E-03
+4.8020125E-03,+65.9366668E-03,+2.5590530506E+00,-9.6627585E-03
+4.8023062E-03,+65.9366668E-03,+2.5590530506E+00,+55.0855168E-03
+4.8026000E-03,+45.9436334E-03,+2.5590530506E+00,+85.6522464E-03
+4.8028937E-03,-17.4204837E-03,+2.5590530506E+00,+64.5313495E-03
+4.8031875E-03,-46.3849400E-03,+2.5590530506E+00,+3.8883747E-03
+4.8034812E-03,-46.3849400E-03,+2.5590530506E+00,-62.5989816E-03
+4.8037750E-03,-28.3986157E-03,+2.5590530506E+00,-97.7576536E-03
+4.8040687E-03,+31.7238945E-03,+2.5590530506E+00,-79.8217308E-03
+4.8043625E-03,+65.9366668E-03,+2.5590530506E+00,-20.7676512E-03
+4.8046562E-03,+65.9366668E-03,+2.5590530506E+00,+46.5573374E-03
+4.8049500E-03,+50.6398104E-03,+2.5590530506E+00,+84.9362328E-03
+4.8052437E-03,-5.1381747E-03,+2.5590530506E+00,+71.3344808E-03
+4.8055375E-03,-46.3849400E-03,+2.5590530506E+00,+14.0264987E-03
+4.8058312E-03,-46.3849400E-03,+2.5590530506E+00,-55.3568201E-03
+4.8061250E-03,-34.1516594E-03,+2.5590530506E+00,-96.1879701E-03
+4.8064187E-03,+16.6774724E-03,+2.5590530506E+00,-86.5343163E-03
+4.8067125E-03,+65.9366668E-03,+2.5590530506E+00,-31.4487160E-03
+4.8070062E-03,+65.9366668E-03,+2.5590530506E+00,+36.9334200E-03
+4.8073000E-03,+55.3641768E-03,+2.5590530506E+00,+81.3444708E-03
+4.8075937E-03,+7.2178606E-03,+2.5590530506E+00,+76.6648226E-03
+4.8078875E-03,-46.3849400E-03,+2.5590530506E+00,+25.4011912E-03
+4.8081812E-03,-46.3849400E-03,+2.5590530506E+00,-43.7672901E-03
+4.8084750E-03,-37.7532244E-03,+2.5590530506E+00,-92.4528717E-03
+4.8087687E-03,+7.2579948E-03,+2.5590530506E+00,-91.0383858E-03
+4.8090625E-03,+65.9366668E-03,+2.5590530506E+00,-42.0253691E-03
+4.8093562E-03,+65.9366668E-03,+2.5590530506E+00,+27.2851121E-03
+4.8096500E-03,+60.7842024E-03,+2.5590530506E+00,+78.4822542E-03
+4.8099437E-03,+21.3933122E-03,+2.5590530506E+00,+81.1759086E-03
+4.8102375E-03,-46.3849400E-03,+2.5590530506E+00,+34.7138782E-03
+4.8105312E-03,-46.3849400E-03,+2.5590530506E+00,-35.4085082E-03
+4.8108250E-03,-43.5335020E-03,+2.5590530506E+00,-88.1734962E-03
+4.8111187E-03,-7.8625212E-03,+2.5590530506E+00,-94.9754581E-03
+4.8114125E-03,+65.9291692E-03,+2.5590530506E+00,-51.8096628E-03
+4.8117062E-03,+65.9366668E-03,+2.5590530506E+00,+16.3718357E-03
+4.8120000E-03,+64.6222724E-03,+2.5590530506E+00,+71.9973697E-03
+4.8122937E-03,+31.5694221E-03,+2.5590530506E+00,+84.0676946E-03
+4.8125875E-03,-46.0238059E-03,+2.5590530506E+00,+45.1064326E-03
+4.8128812E-03,-46.3849400E-03,+2.5590530506E+00,-22.8465296E-03
+4.8131750E-03,-46.1393571E-03,+2.5590530506E+00,-82.2424113E-03
+4.8134687E-03,-15.7562016E-03,+2.5590530506E+00,-97.4863503E-03
+4.8137625E-03,+63.1088242E-03,+2.5590530506E+00,-61.2621779E-03
+4.8140562E-03,+65.9366668E-03,+2.5590530506E+00,+6.1005659E-03
+4.8143500E-03,+65.9366668E-03,+2.5590530506E+00,+67.1743852E-03
+4.8146437E-03,+39.4352070E-03,+2.5590530506E+00,+86.0530202E-03
+4.8149375E-03,-34.4425219E-03,+2.5590530506E+00,+53.0340360E-03
+4.8152312E-03,-46.3849400E-03,+2.5590530506E+00,-13.8799882E-03
+4.8155250E-03,-46.3849400E-03,+2.5590530506E+00,-75.4950776E-03
+4.8158187E-03,-21.8481440E-03,+2.5590530506E+00,-98.4339072E-03
+4.8161125E-03,+48.8558974E-03,+2.5590530506E+00,-69.5521316E-03
+4.8164062E-03,+65.9366668E-03,+2.5590530506E+00,-5.4752652E-03
+4.8167000E-03,+65.9366668E-03,+2.5590530506E+00,+58.2773402E-03
+4.8169937E-03,+43.6249288E-03,+2.5590530506E+00,+86.4091893E-03
+4.8172875E-03,-23.4847879E-03,+2.5590530506E+00,+61.8737798E-03
+4.8175812E-03,-46.3849400E-03,+2.5590530506E+00,-1.0390215E-03
+4.8178750E-03,-46.3849400E-03,+2.5590530506E+00,-67.7149871E-03
+4.8181687E-03,-26.2280254E-03,+2.5590530506E+00,-98.7820575E-03
+4.8184625E-03,+37.4008230E-03,+2.5590530506E+00,-77.3332245E-03
+4.8187562E-03,+65.9366668E-03,+2.5590530506E+00,-15.8103515E-03
+4.8190500E-03,+65.9366668E-03,+2.5590530506E+00,+51.7399993E-03
+4.8193437E-03,+48.8084494E-03,+2.5590530506E+00,+85.7701898E-03
+4.8196375E-03,-9.9278879E-03,+2.5590530506E+00,+68.0415869E-03
+4.8199312E-03,-46.3849400E-03,+2.5590530506E+00,+8.1076091E-03
+4.8202250E-03,-46.3849400E-03,+2.5590530506E+00,-58.9287021E-03
+4.8205187E-03,-31.2505315E-03,+2.5590530506E+00,-96.6781203E-03
+4.8208125E-03,+24.2650378E-03,+2.5590530506E+00,-83.7379208E-03
+4.8211062E-03,+65.9366668E-03,+2.5590530506E+00,-27.4341285E-03
+4.8214000E-03,+65.9366668E-03,+2.5590530506E+00,+40.8882005E-03
+4.8216937E-03,+54.3077878E-03,+2.2406508704E+00,+84.7731835E-03
+4.8219875E-03,+12.3179521E-03,+1.0066517658E+00,+92.0372297E-03
+4.8222812E-03,-10.3165499E-03,-41.8503749E-03,+91.3908796E-03
+4.8225750E-03,+8.2312855E-03,-39.6468707E-03,+91.4707337E-03
+4.8228687E-03,+6.0519847E-03,-40.7928934E-03,+91.5183454E-03
+4.8231625E-03,+11.7847409E-03,-42.5904450E-03,+91.5348842E-03
+4.8234562E-03,+16.7339984E-03,-44.2476672E-03,+91.5654560E-03
+4.8237500E-03,+18.3278252E-03,-46.0017835E-03,+91.5798230E-03
+4.8240437E-03,+16.0000795E-03,-47.2847943E-03,+91.5981995E-03
+4.8243375E-03,+10.3902618E-03,-48.0532643E-03,+91.5911830E-03
+4.8246312E-03,+4.8711504E-03,-48.4542052E-03,+91.6025430E-03
+4.8249250E-03,+2.3312668E-03,-48.9954754E-03,+91.6047148E-03
+4.8252187E-03,+3.2396151E-03,-49.2661105E-03,+91.6060512E-03
+4.8255125E-03,+8.2154082E-03,-49.4665809E-03,+91.5990348E-03
+4.8258062E-03,+13.7500294E-03,-49.6503455E-03,+91.6125665E-03
+4.8261000E-03,+16.3168161E-03,-49.6887690E-03,+91.6160747E-03
+4.8263937E-03,+15.2971800E-03,-50.0429334E-03,+91.6212536E-03
+4.8266875E-03,+10.8765764E-03,-50.0162040E-03,+91.6518253E-03
+4.8269812E-03,+5.2339016E-03,-50.1999686E-03,+91.6575053E-03
+4.8272750E-03,+2.5450953E-03,-50.2383921E-03,+91.6531618E-03
+4.8275687E-03,+3.6258147E-03,-50.6359918E-03,+91.6418018E-03
+4.8278625E-03,+7.9132625E-03,-50.7011447E-03,+91.6418018E-03
+4.8281562E-03,+12.5809192E-03,-50.8498269E-03,+91.6439735E-03
+4.8284500E-03,+16.7875106E-03,-50.7930269E-03,+91.6496535E-03
+4.8287437E-03,+16.0670065E-03,-50.8364622E-03,+91.6518253E-03
+4.8290375E-03,+11.7056118E-03,-50.9717797E-03,+91.6553335E-03
+4.8293312E-03,+6.1233956E-03,-51.0502973E-03,+91.6496535E-03
+4.8296250E-03,+2.1618359E-03,-51.0853797E-03,+91.6496535E-03
+4.8299187E-03,+3.3887216E-03,-51.0937326E-03,+91.6518253E-03
+4.8302125E-03,+7.8089577E-03,-51.3075677E-03,+91.6553335E-03
+4.8305062E-03,+13.6174616E-03,-51.4428853E-03,+91.6539971E-03
+4.8308000E-03,+16.6703791E-03,-51.5214028E-03,+91.6675288E-03
+4.8310937E-03,+16.4819102E-03,-51.5782028E-03,+91.6710371E-03
+4.8313875E-03,+12.3816449E-03,-51.6216381E-03,+91.6675288E-03
+4.8316812E-03,+6.9206031E-03,-51.6918027E-03,+91.6710371E-03
+4.8319750E-03,+3.4248497E-03,-51.5782028E-03,+91.6675288E-03
+4.8322687E-03,+2.6596173E-03,-51.6216381E-03,+91.6753806E-03
+4.8325625E-03,+6.4200284E-03,-51.7352380E-03,+91.6767170E-03
+4.8328562E-03,+11.9022399E-03,-51.7352380E-03,+91.6631853E-03
+4.8331500E-03,+15.9240745E-03,-51.8221085E-03,+91.6640206E-03
+4.8334437E-03,+16.5464850E-03,-52.0710260E-03,+91.6832323E-03
+4.8337375E-03,+12.6392828E-03,-52.0843907E-03,+91.6889123E-03
+4.8340312E-03,+7.3127934E-03,-51.9490731E-03,+91.6845688E-03
+4.8343250E-03,+2.8394861E-03,-51.9139908E-03,+91.6732088E-03
+4.8346187E-03,+1.8681066E-03,-51.9707907E-03,+91.6732088E-03
+4.8349125E-03,+5.4356384E-03,-51.9490731E-03,+91.6775523E-03
+4.8352062E-03,+11.0690146E-03,-51.9791437E-03,+91.6954276E-03
+4.8355000E-03,+15.7608180E-03,-52.2280611E-03,+91.7102958E-03
+4.8357937E-03,+17.0955001E-03,-52.2414258E-03,+91.6981006E-03
+4.8360875E-03,+13.4670687E-03,-52.1495435E-03,+91.6854041E-03
+4.8363812E-03,+8.1157343E-03,-52.1411906E-03,+91.6967641E-03
+4.8366750E-03,+3.7111182E-03,-52.0576613E-03,+91.6967641E-03
+4.8369687E-03,+2.3063851E-03,-52.2631435E-03,+91.7032794E-03
+4.8372625E-03,+4.6220759E-03,-52.1846259E-03,+91.7159758E-03
+4.8375562E-03,+10.1465900E-03,-52.1712612E-03,+91.7024441E-03
+4.8378500E-03,+15.1320859E-03,-52.2848611E-03,+91.6989359E-03
+4.8381437E-03,+16.7461269E-03,-52.3065787E-03,+91.6981006E-03
+4.8384375E-03,+13.6049656E-03,-52.3199434E-03,+91.6897476E-03
+4.8387312E-03,+8.8610466E-03,-52.2063435E-03,+91.7124676E-03
+4.8390250E-03,+4.7727261E-03,-52.2280611E-03,+91.7037806E-03
+4.8393187E-03,+3.1060550E-03,-52.3282963E-03,+91.6810606E-03
+4.8396125E-03,+5.5084826E-03,-52.3984610E-03,+91.6875759E-03
+4.8399062E-03,+9.8089043E-03,-52.3282963E-03,+91.7024441E-03
+4.8402000E-03,+15.3553599E-03,-52.4853315E-03,+91.6967641E-03
+4.8404937E-03,+17.9549669E-03,-52.5772138E-03,+91.7054511E-03
+4.8407875E-03,+15.5529803E-03,-52.4986962E-03,+91.7346864E-03
+4.8410812E-03,+10.5879190E-03,-52.4418963E-03,+91.7408676E-03
+4.8413750E-03,+5.4660698E-03,-52.4636139E-03,+91.7124676E-03
+4.8416687E-03,+3.1888225E-03,-52.5638491E-03,+91.7146394E-03
+4.8419625E-03,+4.1328211E-03,-52.6557314E-03,+91.7159758E-03
+4.8422562E-03,+8.8548354E-03,-52.5772138E-03,+91.7067876E-03
+4.8425500E-03,+14.1234757E-03,-52.5421315E-03,+91.7124676E-03
+4.8428437E-03,+16.2304100E-03,-52.5989314E-03,+91.7124676E-03
+4.8431375E-03,+14.4799422E-03,-52.6206491E-03,+91.7146394E-03
+4.8434312E-03,+9.1913451E-03,-52.6991667E-03,+91.7181476E-03
+4.8437250E-03,+4.8474448E-03,-52.7559666E-03,+91.7146394E-03
+4.8440187E-03,+2.4551241E-03,-52.7125314E-03,+91.7224911E-03
+4.8443125E-03,+3.9088121E-03,-52.5554962E-03,+91.7303429E-03
+4.8446062E-03,+7.8143604E-03,-52.5287668E-03,+91.7295076E-03
+4.8449000E-03,+12.9934339E-03,-52.7559666E-03,+91.7189829E-03
+4.8451937E-03,+16.5218238E-03,-52.7342490E-03,+91.7338511E-03
+4.8454875E-03,+15.1982779E-03,-52.6774490E-03,+91.7303429E-03
+4.8457812E-03,+11.0382892E-03,-52.6557314E-03,+91.7360229E-03
+4.8460750E-03,+6.3065354E-03,-52.6858020E-03,+91.7316794E-03
+4.8463687E-03,+3.1331051E-03,-52.8478489E-03,+91.7224911E-03
+4.8466625E-03,+3.7887771E-03,-52.6557314E-03,+91.7259994E-03
+4.8469562E-03,+7.5777452E-03,-52.6858020E-03,+91.7203194E-03
+4.8472500E-03,+11.6342377E-03,-52.8695665E-03,+91.7224911E-03
+4.8475437E-03,+15.5950256E-03,-52.7342490E-03,+91.7238276E-03
+4.8478375E-03,+15.1084906E-03,-52.7426019E-03,+91.7168111E-03
+4.8481312E-03,+11.5085427E-03,-52.9130018E-03,+91.7303429E-03
+4.8484250E-03,+6.6491461E-03,-52.9130018E-03,+91.7360229E-03
+4.8487187E-03,+2.7206639E-03,-52.8912842E-03,+91.7403664E-03
+4.8490125E-03,+1.9866347E-03,-52.8127666E-03,+91.7495546E-03
+4.8493062E-03,+6.0236115E-03,-52.7776842E-03,+91.7438746E-03
+4.8496000E-03,+11.8287341E-03,-52.8562018E-03,+91.7373594E-03
+4.8498937E-03,+15.7656326E-03,-52.8912842E-03,+91.7203194E-03
+4.8501875E-03,+17.0601438E-03,-52.8562018E-03,+91.7203194E-03
+4.8504812E-03,+13.0460641E-03,-52.9130018E-03,+91.7246629E-03
+4.8507750E-03,+8.0399865E-03,-52.9347194E-03,+91.7403664E-03
+4.8510687E-03,+4.3683338E-03,-52.9915194E-03,+91.7517264E-03
+4.8513625E-03,+2.9417327E-03,-52.9480841E-03,+91.7538982E-03
+4.8516562E-03,+6.1740779E-03,-52.8562018E-03,+91.7508911E-03
+4.8519500E-03,+11.2185255E-03,-52.9130018E-03,+91.7346864E-03
+4.8522437E-03,+15.8281861E-03,-52.9347194E-03,+91.7538982E-03
+4.8525375E-03,+16.8770040E-03,-52.9698017E-03,+91.7574064E-03
+4.8528312E-03,+13.7653554E-03,-52.9564370E-03,+91.7452111E-03
+4.8531250E-03,+8.4450772E-03,-53.0483193E-03,+91.7390299E-03
+4.8534187E-03,+4.5013058E-03,-53.0132370E-03,+91.7565711E-03
+4.8537125E-03,+1.8487011E-03,-53.0700370E-03,+91.7303429E-03
+4.8540062E-03,+3.6790696E-03,-53.0483193E-03,+91.7360229E-03
+4.8543000E-03,+8.8677357E-03,-52.9698017E-03,+91.7425382E-03
+4.8545937E-03,+14.0398261E-03,-52.9564370E-03,+91.7530629E-03
+4.8548875E-03,+16.0754597E-03,-53.0700370E-03,+91.7338511E-03
+4.8551812E-03,+13.6822203E-03,-53.0700370E-03,+91.7346864E-03
+4.8554750E-03,+8.8796068E-03,-53.0266017E-03,+91.7495546E-03
+4.8557687E-03,+4.2141553E-03,-52.9347194E-03,+91.7417029E-03
+4.8560625E-03,+2.3997007E-03,-53.0132370E-03,+91.7360229E-03
+4.8563562E-03,+4.3001571E-03,-53.0266017E-03,+91.7425382E-03
+4.8566500E-03,+8.9159922E-03,-52.8912842E-03,+91.7530629E-03
+4.8569437E-03,+14.5157396E-03,-52.8562018E-03,+91.7425382E-03
+4.8572375E-03,+17.2645267E-03,-52.9564370E-03,+91.7487193E-03
+4.8575312E-03,+15.1751236E-03,-53.0700370E-03,+91.7224911E-03
+4.8578250E-03,+10.6149324E-03,-53.0700370E-03,+91.7368582E-03
+4.8581187E-03,+5.8291151E-03,-53.0917546E-03,+91.7639217E-03
+4.8584125E-03,+3.5118806E-03,-53.1485545E-03,+91.7709382E-03
+4.8587062E-03,+4.4924851E-03,-53.1051193E-03,+91.7552346E-03
+4.8590000E-03,+8.5611429E-03,-53.0132370E-03,+91.7482182E-03
+4.8592937E-03,+13.4885324E-03,-53.0483193E-03,+91.7639217E-03
+4.8595875E-03,+16.2540054E-03,-52.9698017E-03,+91.7644229E-03
+4.8598812E-03,+15.4452208E-03,-52.9781547E-03,+91.7360229E-03
+4.8601750E-03,+10.7757264E-03,-53.1485545E-03,+91.7447099E-03
+4.8604687E-03,+5.3128101E-03,-53.1268369E-03,+91.7630864E-03
+4.8607625E-03,+1.6434728E-03,-53.0483193E-03,+91.7582417E-03
+4.8610562E-03,+2.1303386E-03,-53.1001075E-03,+91.7709382E-03
+4.8613500E-03,+5.6557148E-03,-53.3189544E-03,+91.7574064E-03
+4.8616437E-03,+11.1245483E-03,-53.1268369E-03,+91.7538982E-03
+4.8619375E-03,+16.0925866E-03,-53.0917546E-03,+91.7595782E-03
+4.8622312E-03,+15.9373423E-03,-53.1051193E-03,+91.7552346E-03
+4.8625250E-03,+12.4395308E-03,-52.9915194E-03,+91.7525617E-03
+4.8628187E-03,+7.4975136E-03,-52.9915194E-03,+91.7687664E-03
+4.8631125E-03,+3.0855101E-03,-53.0349546E-03,+91.7538982E-03
+4.8634062E-03,+2.3218213E-03,-53.1485545E-03,+91.7617499E-03
+4.8637000E-03,+5.7596153E-03,-53.1485545E-03,+91.7674299E-03
+4.8639937E-03,+10.5226091E-03,-53.0834017E-03,+91.7674299E-03
+4.8642875E-03,+14.9730193E-03,-52.9998723E-03,+91.7696017E-03
+4.8645812E-03,+16.1150058E-03,-53.2053545E-03,+91.7709382E-03
+4.8648750E-03,+12.8758613E-03,-53.1485545E-03,+91.7617499E-03
+4.8651687E-03,+8.1001511E-03,-53.1702722E-03,+91.7674299E-03
+4.8654625E-03,+3.7464010E-03,-53.2270721E-03,+91.7717734E-03
+4.8657562E-03,+1.7622950E-03,-53.1619192E-03,+91.7766181E-03
+4.8660500E-03,+5.2991748E-03,-53.0349546E-03,+91.7617499E-03
+4.8663437E-03,+10.1481336E-03,-53.1268369E-03,+91.7674299E-03
+4.8666375E-03,+14.8767267E-03,-53.0917546E-03,+91.7674299E-03
+4.8669312E-03,+15.6487216E-03,-53.1702722E-03,+91.7674299E-03
+4.8672250E-03,+13.3769138E-03,-53.2053545E-03,+91.7674299E-03
+4.8675187E-03,+8.9854185E-03,-53.1268369E-03,+91.7652582E-03
+4.8678125E-03,+4.8909234E-03,-53.1134722E-03,+91.7574064E-03
+4.8681062E-03,+2.9187989E-03,-53.2270721E-03,+91.7517264E-03
+4.8684000E-03,+4.8427404E-03,-53.1619192E-03,+91.7538982E-03
+4.8686937E-03,+10.9719869E-03,-52.9915194E-03,+91.7574064E-03
+4.8689875E-03,+16.1172110E-03,-53.0349546E-03,+91.7517264E-03
+4.8692812E-03,+17.2182915E-03,-53.1051193E-03,+91.7582417E-03
+4.8695750E-03,+14.3966601E-03,-53.0349546E-03,+91.7687664E-03
+4.8698687E-03,+9.3955442E-03,-53.1702722E-03,+91.7538982E-03
+4.8701625E-03,+5.0678520E-03,-53.2487898E-03,+91.7617499E-03
+4.8704562E-03,+2.7223546E-03,-53.2404368E-03,+91.7609146E-03
+4.8707500E-03,+4.3109625E-03,-53.1351899E-03,+91.7482182E-03
+4.8710437E-03,+8.4949509E-03,-53.2838721E-03,+91.7574064E-03
+4.8713375E-03,+13.5409788E-03,-53.2705074E-03,+91.7560699E-03
+4.8716312E-03,+15.7515195E-03,-53.3623897E-03,+91.7652582E-03
+4.8719250E-03,+14.1770615E-03,-53.3055897E-03,+91.7530629E-03
+4.8722187E-03,+10.0029229E-03,-53.2621545E-03,+91.7425382E-03
+4.8725125E-03,+5.7455389E-03,-53.1268369E-03,+91.7574064E-03
+4.8728062E-03,+1.9404731E-03,-53.1134722E-03,+91.7560699E-03
+4.8731000E-03,+3.3005146E-03,-53.2270721E-03,+91.7609146E-03
+4.8733937E-03,+7.5755032E-03,-53.2053545E-03,+91.7525617E-03
+4.8736875E-03,+12.7624419E-03,-53.1268369E-03,+91.7731099E-03
+4.8739812E-03,+16.5380319E-03,-53.0917546E-03,+91.7717734E-03
+4.8742750E-03,+15.5827869E-03,-53.1051193E-03,+91.7809617E-03
+4.8745687E-03,+11.4287154E-03,-53.0132370E-03,+91.7796252E-03
+4.8748625E-03,+5.6737972E-03,-53.0266017E-03,+91.7888134E-03
+4.8751562E-03,+2.8528274E-03,-52.9130018E-03,+91.7809617E-03
+4.8754500E-03,+2.7617904E-03,-52.9564370E-03,+91.7644229E-03
+4.8757437E-03,+7.0705550E-03,-53.0917546E-03,+91.7425382E-03
+4.8760375E-03,+13.0308484E-03,-53.1485545E-03,+91.7660935E-03
+4.8763312E-03,+17.0854665E-03,-53.1485545E-03,+91.7766181E-03
+4.8766250E-03,+16.5285496E-03,-53.1485545E-03,+91.7574064E-03
+4.8769187E-03,+11.9965479E-03,-53.2354251E-03,+91.7560699E-03
+4.8772125E-03,+5.9197110E-03,-53.3540367E-03,+91.7652582E-03
+4.8775062E-03,+2.0871172E-03,-53.1134722E-03,+91.7595782E-03
+4.8778000E-03,+2.1933699E-03,-53.2487898E-03,+91.7639217E-03
+4.8780937E-03,+6.3601579E-03,-53.2838721E-03,+91.7752817E-03
+4.8783875E-03,+13.2040649E-03,-53.2270721E-03,+91.7731099E-03
+4.8786812E-03,+18.0030397E-03,-53.2053545E-03,+91.7717734E-03
+4.8789750E-03,+17.9149798E-03,-53.1051193E-03,+91.7809617E-03
+4.8792687E-03,+13.0902043E-03,-53.0349546E-03,+91.7752817E-03
+4.8795625E-03,+6.9142448E-03,-53.1485545E-03,+91.7731099E-03
+4.8798562E-03,+3.0454127E-03,-53.1268369E-03,+91.7674299E-03
+4.8801500E-03,+2.7510953E-03,-53.1134722E-03,+91.7782887E-03
+4.8804437E-03,+6.4127881E-03,-53.1619192E-03,+91.8001734E-03
+4.8807375E-03,+12.5552289E-03,-52.9915194E-03,+91.7722746E-03
+4.8810312E-03,+17.4728790E-03,-53.0566723E-03,+91.7503899E-03
+4.8813250E-03,+16.6461589E-03,-53.2270721E-03,+91.7739452E-03
+4.8816187E-03,+13.0437854E-03,-53.2053545E-03,+91.7866417E-03
+4.8819125E-03,+7.2750482E-03,-53.1051193E-03,+91.7752817E-03
+4.8822062E-03,+2.2026684E-03,-53.0783899E-03,+91.7796252E-03
+4.8825000E-03,+1.1777766E-03,-53.2404368E-03,+91.7866417E-03
+4.8827937E-03,+4.0936793E-03,-53.0266017E-03,+91.7774534E-03
+4.8830875E-03,+10.0371766E-03,-52.9781547E-03,+91.7831334E-03
+4.8833812E-03,+14.8782336E-03,-53.1268369E-03,+91.7766181E-03
+4.8836750E-03,+16.1035022E-03,-53.0700370E-03,+91.7660935E-03
+4.8839687E-03,+12.8749425E-03,-53.0483193E-03,+91.7853052E-03
+4.8842625E-03,+7.9176729E-03,-53.0132370E-03,+91.7866417E-03
+4.8845562E-03,+4.0431072E-03,-53.0917546E-03,+91.7687664E-03
+4.8848500E-03,+2.4155412E-03,-53.0834017E-03,+91.7625852E-03
+4.8851437E-03,+5.4432830E-03,-52.9347194E-03,+91.7888134E-03
+4.8854375E-03,+11.5327629E-03,-53.0132370E-03,+91.7853052E-03
+4.8857312E-03,+16.6549429E-03,-53.0700370E-03,+91.7888134E-03
+4.8860250E-03,+17.5112490E-03,-53.0917546E-03,+91.7853052E-03
+4.8863187E-03,+14.3281160E-03,-53.1485545E-03,+91.7931570E-03
+4.8866125E-03,+8.8939772E-03,-53.1268369E-03,+91.7944934E-03
+4.8869062E-03,+4.2220572E-03,-53.0700370E-03,+91.7853052E-03
+4.8872000E-03,+2.4572926E-03,-53.1134722E-03,+91.7909852E-03
+4.8874937E-03,+4.5815742E-03,-53.1836369E-03,+91.7866417E-03
+4.8877875E-03,+9.9634135E-03,-53.1134722E-03,+91.7796252E-03
+4.8880812E-03,+14.8396430E-03,-53.1836369E-03,+91.7909852E-03
+4.8883750E-03,+16.5184793E-03,-53.0700370E-03,+91.7866417E-03
+4.8886687E-03,+13.4592036E-03,-53.0483193E-03,+91.7817970E-03
+4.8889625E-03,+7.6359985E-03,-53.0566723E-03,+91.7988370E-03
+4.8892562E-03,+2.9330590E-03,-53.1402016E-03,+91.7944934E-03
+4.8895500E-03,+868.0966E-06,-52.9564370E-03,+91.7874770E-03
+4.8898437E-03,+3.2023109E-03,-53.0700370E-03,+91.7966652E-03
+4.8901375E-03,+8.0821054E-03,-53.0700370E-03,+91.7909852E-03
+4.8904312E-03,+13.7495148E-03,-53.0266017E-03,+91.7866417E-03
+4.8907250E-03,+16.3401174E-03,-52.9347194E-03,+91.7752817E-03
+4.8910187E-03,+14.0243164E-03,-52.9915194E-03,+91.7752817E-03
+4.8913125E-03,+9.8080222E-03,-53.0132370E-03,+91.7817970E-03
+4.8916062E-03,+5.4556687E-03,-53.0483193E-03,+91.7988370E-03
+4.8919000E-03,+3.6265130E-03,-53.0132370E-03,+91.7966652E-03
+4.8921937E-03,+5.3914614E-03,-53.0048841E-03,+91.7953287E-03
+4.8924875E-03,+10.0581625E-03,-52.8779195E-03,+91.7980017E-03
+4.8927812E-03,+14.1149491E-03,-53.0132370E-03,+91.7752817E-03
+4.8930750E-03,+16.6133753E-03,-53.0917546E-03,+91.7774534E-03
+4.8933687E-03,+15.8170132E-03,-53.0834017E-03,+91.7809617E-03
+4.8936625E-03,+11.3497334E-03,-52.9781547E-03,+91.7817970E-03
+4.8939562E-03,+5.5707053E-03,-53.0834017E-03,+91.7966652E-03
+4.8942500E-03,+2.8633020E-03,-52.9347194E-03,+91.7909852E-03
+4.8945437E-03,+3.3754906E-03,-53.0132370E-03,+91.7909852E-03
+4.8948375E-03,+6.7394480E-03,-53.0700370E-03,+91.7909852E-03
+4.8951312E-03,+11.7973104E-03,-53.0700370E-03,+91.7844699E-03
+4.8954250E-03,+15.2539586E-03,-53.0483193E-03,+91.7761170E-03
+4.8957187E-03,+15.1103282E-03,-52.9698017E-03,+91.7966652E-03
+4.8960125E-03,+11.2709719E-03,-52.9130018E-03,+91.7931570E-03
+4.8963062E-03,+6.4229686E-03,-52.9347194E-03,+91.8031805E-03
+4.8966000E-03,+3.1787522E-03,-52.9263665E-03,+91.8058534E-03
+4.8968937E-03,+3.0744842E-03,-52.7559666E-03,+91.7853052E-03
+4.8971875E-03,+6.3553800E-03,-52.7994019E-03,+91.7866417E-03
+4.8974812E-03,+11.2886868E-03,-52.9347194E-03,+91.7796252E-03
+4.8977750E-03,+15.6684579E-03,-52.9263665E-03,+91.7953287E-03
+4.8980687E-03,+15.7938589E-03,-52.8211195E-03,+91.8045170E-03
+4.8983625E-03,+12.3443407E-03,-52.9698017E-03,+91.7944934E-03
+4.8986562E-03,+7.3832120E-03,-52.9130018E-03,+91.7853052E-03
+4.8989500E-03,+3.8807696E-03,-52.9130018E-03,+91.7953287E-03
+4.8992437E-03,+3.1232921E-03,-52.9130018E-03,+91.8001734E-03
+4.8995375E-03,+6.5507218E-03,-52.8912842E-03,+91.7874770E-03
+4.8998312E-03,+11.6002045E-03,-52.8779195E-03,+91.7988370E-03
+4.9001250E-03,+15.5638224E-03,-52.9263665E-03,+91.7988370E-03
+4.9004187E-03,+15.7486896E-03,-52.7559666E-03,+91.7966652E-03
+4.9007125E-03,+12.0467156E-03,-52.8211195E-03,+91.7953287E-03
+4.9010062E-03,+7.9489863E-03,-52.9263665E-03,+91.8001734E-03
+4.9013000E-03,+3.5454728E-03,-52.7994019E-03,+91.7896487E-03
+4.9015937E-03,+1.3497068E-03,-52.9347194E-03,+91.8023452E-03
+4.9018875E-03,+3.3665229E-03,-52.9698017E-03,+91.7953287E-03
+4.9021812E-03,+8.9935041E-03,-52.9130018E-03,+91.8023452E-03
+4.9024750E-03,+14.7113386E-03,-52.8912842E-03,+91.7953287E-03
+4.9027687E-03,+16.6802289E-03,-52.8562018E-03,+91.8023452E-03
+4.9030625E-03,+14.1601919E-03,-52.8695665E-03,+91.7909852E-03
+4.9033562E-03,+9.4691603E-03,-52.7776842E-03,+91.7931570E-03
+4.9036500E-03,+5.1845057E-03,-52.7910489E-03,+91.7944934E-03
+4.9039437E-03,+3.2001057E-03,-52.7426019E-03,+91.7874770E-03
+4.9042375E-03,+4.8280760E-03,-52.8695665E-03,+91.7966652E-03
+4.9045312E-03,+9.6653841E-03,-52.7342490E-03,+91.7931570E-03
+4.9048250E-03,+14.8858047E-03,-52.7426019E-03,+91.7923217E-03
+4.9051187E-03,+16.9038336E-03,-52.8695665E-03,+91.7752817E-03
+4.9054125E-03,+14.2810722E-03,-52.7994019E-03,+91.7752817E-03
+4.9057062E-03,+9.5751557E-03,-52.8478489E-03,+91.7796252E-03
+4.9060000E-03,+4.4471688E-03,-52.6991667E-03,+91.7953287E-03
+4.9062937E-03,+1.9397013E-03,-52.7342490E-03,+91.8066887E-03
+4.9065875E-03,+3.8804021E-03,-52.6774490E-03,+91.8023452E-03
+4.9068812E-03,+8.0841635E-03,-52.6991667E-03,+91.7953287E-03
+4.9071750E-03,+13.6570445E-03,-52.7125314E-03,+91.8066887E-03
+4.9074687E-03,+16.2857231E-03,-52.6423667E-03,+91.8023452E-03
+4.9077625E-03,+14.0789680E-03,-52.7559666E-03,+91.7953287E-03
+4.9080562E-03,+9.9137971E-03,-52.8211195E-03,+91.8066887E-03
+4.9083500E-03,+5.5166050E-03,-52.9046489E-03,+91.8001734E-03
+4.9086437E-03,+2.1950973E-03,-52.6557314E-03,+91.7896487E-03
+4.9089375E-03,+4.0677317E-03,-52.6423667E-03,+91.8023452E-03
+4.9092312E-03,+9.5758173E-03,-52.7559666E-03,+91.7909852E-03
+4.9095250E-03,+14.6956083E-03,-52.7559666E-03,+91.7931570E-03
+4.9098187E-03,+17.4453878E-03,-52.7342490E-03,+91.8010087E-03
+4.9101125E-03,+16.7260965E-03,-52.6774490E-03,+91.8045170E-03
+4.9104062E-03,+11.7415562E-03,-52.6991667E-03,+91.8010087E-03
+4.9107000E-03,+5.8768203E-03,-52.7776842E-03,+91.8045170E-03
+4.9109937E-03,+2.2314459E-03,-52.7910489E-03,+91.7944934E-03
+4.9112875E-03,+2.6212105E-03,-52.6991667E-03,+91.7896487E-03
+4.9115812E-03,+7.1947063E-03,-52.7125314E-03,+91.8110322E-03
+4.9118750E-03,+11.9542821E-03,-52.6423667E-03,+91.8180487E-03
+4.9121687E-03,+15.4670520E-03,-52.7342490E-03,+91.8088605E-03
+4.9124625E-03,+14.9667346E-03,-52.6991667E-03,+91.8123687E-03
+4.9127562E-03,+10.9353810E-03,-52.6908137E-03,+91.8110322E-03
+4.9130500E-03,+6.2807349E-03,-52.5855667E-03,+91.8158769E-03
+4.9133437E-03,+2.4951113E-03,-52.7125314E-03,+91.8010087E-03
+4.9136375E-03,+3.5875549E-03,-52.6423667E-03,+91.8066887E-03
+4.9139312E-03,+7.8468500E-03,-52.7125314E-03,+91.8023452E-03
+4.9142250E-03,+12.5567726E-03,-52.6423667E-03,+91.7909852E-03
+4.9145187E-03,+15.5654395E-03,-52.7342490E-03,+91.7975005E-03
+4.9148125E-03,+15.4715726E-03,-52.6122961E-03,+91.8101969E-03
+4.9151062E-03,+11.4644392E-03,-52.4636139E-03,+91.7966652E-03
+4.9154000E-03,+7.2787970E-03,-52.6072844E-03,+91.7975005E-03
+4.9156937E-03,+4.4766814E-03,-52.7693313E-03,+91.8145405E-03
+4.9159875E-03,+4.5605515E-03,-52.5989314E-03,+91.8145405E-03
+4.9162812E-03,+7.8766566E-03,-52.6206491E-03,+91.8123687E-03
+4.9165750E-03,+13.0225790E-03,-52.6774490E-03,+91.8045170E-03
+4.9168687E-03,+16.5967998E-03,-52.6340138E-03,+91.8031805E-03
+4.9171625E-03,+16.1954212E-03,-52.5638491E-03,+91.8145405E-03
+4.9174562E-03,+12.4505934E-03,-52.6340138E-03,+91.8080252E-03
+4.9177500E-03,+7.2227488E-03,-52.5638491E-03,+91.7909852E-03
+4.9180437E-03,+3.9776136E-03,-52.6991667E-03,+91.7909852E-03
+4.9183375E-03,+3.8630547E-03,-52.6908137E-03,+91.7975005E-03
+4.9186312E-03,+6.4621472E-03,-52.5204139E-03,+91.8188840E-03
+4.9189250E-03,+10.6194530E-03,-52.5421315E-03,+91.8215569E-03
+4.9192187E-03,+15.0677683E-03,-52.5989314E-03,+91.8031805E-03
+4.9195125E-03,+15.9966247E-03,-52.5772138E-03,+91.8123687E-03
+4.9198062E-03,+12.6298741E-03,-52.4552610E-03,+91.8110322E-03
+4.9201000E-03,+8.0752693E-03,-52.3282963E-03,+91.8158769E-03
+4.9203937E-03,+4.1366802E-03,-52.4636139E-03,+91.8031805E-03
+4.9206875E-03,+2.6094129E-03,-52.5204139E-03,+91.8123687E-03
+4.9209812E-03,+4.9759329E-03,-52.5204139E-03,+91.8110322E-03
+4.9212750E-03,+9.5381088E-03,-52.5204139E-03,+91.8180487E-03
+4.9215687E-03,+14.1703725E-03,-52.5421315E-03,+91.8045170E-03
+4.9218625E-03,+15.9945665E-03,-52.6206491E-03,+91.8031805E-03
+4.9221562E-03,+13.7413189E-03,-52.6557314E-03,+91.8167122E-03
+4.9224500E-03,+9.2936284E-03,-52.5554962E-03,+91.8180487E-03
+4.9227437E-03,+5.2949850E-03,-52.4201786E-03,+91.8066887E-03
+4.9230375E-03,+2.8922633E-03,-52.4068139E-03,+91.8088605E-03
+4.9233312E-03,+3.6295635E-03,-52.5204139E-03,+91.8123687E-03
+4.9236250E-03,+7.6590058E-03,-52.4986962E-03,+91.8066887E-03
+4.9239187E-03,+12.9022132E-03,-52.4853315E-03,+91.8045170E-03
+4.9242125E-03,+15.9298814E-03,-52.5989314E-03,+91.8031805E-03
+4.9245062E-03,+15.3190112E-03,-52.4903433E-03,+91.8123687E-03
+4.9248000E-03,+11.5441930E-03,-52.2932140E-03,+91.8023452E-03
+4.9250937E-03,+6.9549670E-03,-52.4986962E-03,+91.7996722E-03
+4.9253875E-03,+3.4731063E-03,-52.4418963E-03,+91.8202205E-03
+4.9256812E-03,+3.8243907E-03,-52.3767434E-03,+91.8123687E-03
+4.9259750E-03,+7.4546229E-03,-52.2714964E-03,+91.8066887E-03
+4.9262687E-03,+12.4445659E-03,-52.5070492E-03,+91.8110322E-03
+4.9265625E-03,+15.6092122E-03,-52.5905785E-03,+91.8202205E-03
+4.9268562E-03,+15.2208442E-03,-52.3199434E-03,+91.8145405E-03
+4.9271500E-03,+11.1443949E-03,-52.2497788E-03,+91.8145405E-03
+4.9274437E-03,+7.1551969E-03,-52.4068139E-03,+91.8167122E-03
+4.9277375E-03,+3.9152806E-03,-52.4552610E-03,+91.8202205E-03
+4.9280312E-03,+2.9182476E-03,-52.2848611E-03,+91.8145405E-03
+4.9283250E-03,+6.4116120E-03,-52.3717316E-03,+91.8123687E-03
+4.9286187E-03,+10.7457360E-03,-52.5120609E-03,+91.8001734E-03
+4.9289125E-03,+15.2439250E-03,-52.2631435E-03,+91.7896487E-03
+4.9292062E-03,+16.1671215E-03,-52.2714964E-03,+91.8023452E-03
+4.9295000E-03,+12.9028012E-03,-52.3984610E-03,+91.7909852E-03
+4.9297937E-03,+8.4919739E-03,-52.3282963E-03,+91.7996722E-03
+4.9300875E-03,+4.7586130E-03,-52.3984610E-03,+91.8158769E-03
+4.9303812E-03,+2.9866448E-03,-52.3934492E-03,+91.7988370E-03
+4.9306750E-03,+5.0616040E-03,-52.5037080E-03,+91.7988370E-03
+4.9309687E-03,+10.2760705E-03,-52.1144612E-03,+91.8053522E-03
+4.9312625E-03,+14.7940326E-03,-52.2631435E-03,+91.8202205E-03
+4.9315562E-03,+15.8693494E-03,-52.2063435E-03,+91.8145405E-03
+4.9318500E-03,+13.1167399E-03,-52.2063435E-03,+91.8188840E-03
+4.9321437E-03,+8.0252486E-03,-52.2280611E-03,+91.8237287E-03
+4.9324375E-03,+4.0709660E-03,-52.3282963E-03,+91.8066887E-03
+4.9327312E-03,+3.0445673E-03,-52.4201786E-03,+91.8045170E-03
+4.9330250E-03,+4.8296563E-03,-52.3416610E-03,+91.7944934E-03
+4.9333187E-03,+9.3128502E-03,-52.3282963E-03,+91.7874770E-03
+4.9336125E-03,+14.3758580E-03,-52.3767434E-03,+91.8010087E-03
+4.9339062E-03,+16.3754002E-03,-52.1846259E-03,+91.8023452E-03
+4.9342000E-03,+14.0589009E-03,-52.2364141E-03,+91.7931570E-03
+4.9344937E-03,+8.8964764E-03,-52.4335433E-03,+91.8096958E-03
+4.9347875E-03,+4.0436218E-03,-52.2063435E-03,+91.8359240E-03
+4.9350812E-03,+2.9318462E-03,-52.2063435E-03,+91.8280722E-03
+4.9353750E-03,+4.9286687E-03,-52.2063435E-03,+91.8202205E-03
+4.9356687E-03,+9.5136313E-03,-52.2063435E-03,+91.8188840E-03
+4.9359625E-03,+14.0369961E-03,-52.2063435E-03,+91.8280722E-03
+4.9362562E-03,+16.1817124E-03,-52.1846259E-03,+91.8223922E-03
+4.9365500E-03,+14.2823953E-03,-52.1495435E-03,+91.8158769E-03
+4.9368437E-03,+9.3268163E-03,-52.2280611E-03,+91.8053522E-03
+4.9371375E-03,+4.3483402E-03,-52.2414258E-03,+91.8202205E-03
+4.9374312E-03,+2.1783379E-03,-52.1278259E-03,+91.8210558E-03
+4.9377250E-03,+3.7679014E-03,-52.1061083E-03,+91.8337522E-03
+4.9380187E-03,+8.4373590E-03,-52.0927436E-03,+91.8137052E-03
+4.9383125E-03,+13.5976886E-03,-52.1194730E-03,+91.8018440E-03
+4.9386062E-03,+17.1240938E-03,-51.9791437E-03,+91.8259005E-03
+4.9389000E-03,+15.4417292E-03,-52.1846259E-03,+91.8123687E-03
+4.9391937E-03,+10.8540101E-03,-52.1061083E-03,+91.8088605E-03
+4.9394875E-03,+6.1149425E-03,-52.0927436E-03,+91.8123687E-03
+4.9397812E-03,+3.2983462E-03,-52.2063435E-03,+91.8066887E-03
+4.9400750E-03,+3.2757432E-03,-52.1629082E-03,+91.8088605E-03
+4.9403687E-03,+7.2503502E-03,-51.9841554E-03,+91.8123687E-03
+4.9406625E-03,+12.6669210E-03,-51.9006261E-03,+91.8066887E-03
+4.9409562E-03,+16.0178311E-03,-52.1712612E-03,+91.8066887E-03
+4.9412500E-03,+15.0508620E-03,-52.2414258E-03,+91.8110322E-03
+4.9415437E-03,+10.9328451E-03,-52.1061083E-03,+91.8180487E-03
+4.9418375E-03,+6.6209198E-03,-52.0927436E-03,+91.8066887E-03
+4.9421312E-03,+3.6170675E-03,-52.1411906E-03,+91.8088605E-03
+4.9424250E-03,+3.9869120E-03,-51.9925084E-03,+91.8101969E-03
+4.9427187E-03,+6.9777171E-03,-52.0710260E-03,+91.8053522E-03
+4.9430125E-03,+12.6775059E-03,-52.1278259E-03,+91.8180487E-03
+4.9433062E-03,+15.9717430E-03,-52.1061083E-03,+91.8088605E-03
+4.9436000E-03,+15.2353249E-03,-52.0493083E-03,+91.8167122E-03
+4.9438937E-03,+11.9046656E-03,-52.0275907E-03,+91.8202205E-03
+4.9441875E-03,+7.2393243E-03,-51.9707907E-03,+91.8145405E-03
+4.9444812E-03,+3.2767723E-03,-51.9490731E-03,+91.8123687E-03
+4.9447750E-03,+2.3542374E-03,-51.9791437E-03,+91.8132040E-03
+4.9450687E-03,+5.7735447E-03,-52.1846259E-03,+91.8237287E-03
+4.9453625E-03,+11.0259770E-03,-52.1061083E-03,+91.8132040E-03
+4.9456562E-03,+15.6914285E-03,-51.9841554E-03,+91.8259005E-03
+4.9459500E-03,+15.6366299E-03,-51.8571908E-03,+91.8123687E-03
+4.9462437E-03,+12.5597128E-03,-51.9490731E-03,+91.8066887E-03
+4.9465375E-03,+7.8322223E-03,-51.8922732E-03,+91.8110322E-03
+4.9468312E-03,+3.6542247E-03,-51.9574260E-03,+91.8180487E-03
+4.9471250E-03,+2.1930024E-03,-52.0843907E-03,+91.8088605E-03
+4.9474187E-03,+4.7051375E-03,-51.9273555E-03,+91.8188840E-03
+4.9477125E-03,+10.7480514E-03,-51.8137556E-03,+91.8237287E-03
+4.9480062E-03,+15.4596646E-03,-51.7920379E-03,+91.8066887E-03
+4.9483000E-03,+15.9860031E-03,-51.7786732E-03,+91.8088605E-03
+4.9485937E-03,+13.2612892E-03,-51.8922732E-03,+91.8123687E-03
+4.9488875E-03,+8.1948266E-03,-51.9139908E-03,+91.8066887E-03
+4.9491812E-03,+3.5236783E-03,-51.9707907E-03,+91.8088605E-03
+4.9494750E-03,+1.8433719E-03,-51.9925084E-03,+91.8210558E-03
+4.9497687E-03,+4.8400942E-03,-52.0058731E-03,+91.8315805E-03
+4.9500625E-03,+10.4868117E-03,-51.8922732E-03,+91.8145405E-03
+4.9503562E-03,+15.3983608E-03,-51.8922732E-03,+91.8145405E-03
+4.9506500E-03,+17.1664699E-03,-51.8705555E-03,+91.8210558E-03
+4.9509437E-03,+14.7043555E-03,-51.8354732E-03,+91.8294087E-03
+4.9512375E-03,+9.1277625E-03,-51.9139908E-03,+91.8088605E-03
+4.9515312E-03,+3.8189880E-03,-51.9925084E-03,+91.8101969E-03
+4.9518250E-03,+2.0885506E-03,-52.0058731E-03,+91.8031805E-03
+4.9521187E-03,+4.6728684E-03,-51.8922732E-03,+91.8167122E-03
+4.9524125E-03,+10.1504858E-03,-51.8922732E-03,+91.8245640E-03
+4.9527062E-03,+14.9602661E-03,-51.8488379E-03,+91.8345875E-03
+4.9530000E-03,+17.4819202E-03,-51.6918027E-03,+91.8416040E-03
+4.9532937E-03,+15.4688161E-03,-51.6216381E-03,+91.8259005E-03
+4.9535875E-03,+10.3404249E-03,-51.7569556E-03,+91.8123687E-03
+4.9538812E-03,+3.7886301E-03,-51.8571908E-03,+91.8023452E-03
+4.9541750E-03,+1.4911687E-03,-51.8839202E-03,+91.7996722E-03
+4.9544687E-03,+3.0325491E-03,-51.7218733E-03,+91.8180487E-03
+4.9547625E-03,+8.1121325E-03,-51.8488379E-03,+91.8066887E-03
+4.9550562E-03,+13.7030959E-03,-51.7786732E-03,+91.8110322E-03
+4.9553500E-03,+16.2950584E-03,-51.9139908E-03,+91.8202205E-03
+4.9556437E-03,+14.7495249E-03,-51.8839202E-03,+91.8145405E-03
+4.9559375E-03,+9.6175686E-03,-51.6350028E-03,+91.8101969E-03
+4.9562312E-03,+3.9477702E-03,-51.6216381E-03,+91.7966652E-03
+4.9565250E-03,+1.7104366E-03,-51.7352380E-03,+91.7953287E-03
+4.9568187E-03,+4.1428179E-03,-51.8003909E-03,+91.8132040E-03
+4.9571125E-03,+8.6987825E-03,-51.9490731E-03,+91.8280722E-03
+4.9574062E-03,+14.8891859E-03,-51.8271203E-03,+91.8202205E-03
+4.9577000E-03,+18.3070231E-03,-51.7001557E-03,+91.8123687E-03
+4.9579937E-03,+16.3915715E-03,-51.7920379E-03,+91.8066887E-03
+4.9582875E-03,+11.2476705E-03,-51.7135203E-03,+91.8088605E-03
+4.9585812E-03,+5.3999880E-03,-51.7218733E-03,+91.8123687E-03
+4.9588750E-03,+2.3068629E-03,-51.8705555E-03,+91.8045170E-03
+4.9591687E-03,+3.1900721E-03,-51.7703203E-03,+91.7988370E-03
+4.9594625E-03,+7.6690394E-03,-51.7001557E-03,+91.8053522E-03
+4.9597562E-03,+13.5085995E-03,-51.7920379E-03,+91.8223922E-03
+4.9600500E-03,+16.4645260E-03,-51.7569556E-03,+91.8158769E-03
+4.9603437E-03,+15.5137282E-03,-51.7920379E-03,+91.8053522E-03
+4.9606375E-03,+10.6979572E-03,-51.7786732E-03,+91.8202205E-03
+4.9609312E-03,+5.5103570E-03,-51.8705555E-03,+91.8167122E-03
+4.9612250E-03,+2.6498778E-03,-51.7703203E-03,+91.8158769E-03
+4.9615187E-03,+2.8522026E-03,-51.7001557E-03,+91.8053522E-03
+4.9618125E-03,+7.0140290E-03,-51.7920379E-03,+91.8180487E-03
+4.9621062E-03,+12.5178880E-03,-51.7352380E-03,+91.8045170E-03
+4.9624000E-03,+15.4497781E-03,-51.7135203E-03,+91.7988370E-03
+4.9626937E-03,+14.8679427E-03,-51.6350028E-03,+91.8010087E-03
+4.9629875E-03,+11.3584438E-03,-51.5999204E-03,+91.8088605E-03
+4.9632812E-03,+6.7537448E-03,-51.6784380E-03,+91.8210558E-03
+4.9635750E-03,+2.9620938E-03,-51.7569556E-03,+91.8315805E-03
+4.9638687E-03,+2.8493359E-03,-51.7268850E-03,+91.8123687E-03
+4.9641625E-03,+6.4887931E-03,-51.5431205E-03,+91.8110322E-03
+4.9644562E-03,+11.9793108E-03,-51.6350028E-03,+91.8202205E-03
+4.9647500E-03,+16.3378755E-03,-51.5999204E-03,+91.8188840E-03
+4.9650437E-03,+15.6640844E-03,-51.6350028E-03,+91.8302440E-03
+4.9653375E-03,+12.2350376E-03,-51.5347675E-03,+91.8345875E-03
+4.9656312E-03,+7.5141259E-03,-51.4211676E-03,+91.8416040E-03
+4.9659250E-03,+2.9910551E-03,-51.4646029E-03,+91.8259005E-03
+4.9662187E-03,+1.2143458E-03,-51.5564852E-03,+91.8167122E-03
+4.9665125E-03,+4.9992710E-03,-51.5214028E-03,+91.8245640E-03
+4.9668062E-03,+10.6327576E-03,-51.5782028E-03,+91.8237287E-03
+4.9671000E-03,+15.2941663E-03,-51.5782028E-03,+91.8066887E-03
+4.9673937E-03,+15.8294357E-03,-51.5347675E-03,+91.8110322E-03
+4.9676875E-03,+12.9064765E-03,-51.3994500E-03,+91.8223922E-03
+4.9679812E-03,+9.1115912E-03,-51.3860853E-03,+91.8223922E-03
+4.9682750E-03,+4.6417387E-03,-51.5431205E-03,+91.8267358E-03
+4.9685687E-03,+3.3093721E-03,-51.6132851E-03,+91.8380958E-03
+4.9688625E-03,+6.0546309E-03,-51.5214028E-03,+91.8337522E-03
+4.9691562E-03,+10.9603363E-03,-51.5782028E-03,+91.8158769E-03
+4.9694500E-03,+14.7884094E-03,-51.5782028E-03,+91.7988370E-03
+4.9697437E-03,+15.4015950E-03,-51.5782028E-03,+91.8075240E-03
+4.9700375E-03,+12.8306553E-03,-51.5347675E-03,+91.8259005E-03
+4.9703312E-03,+8.9282310E-03,-51.4646029E-03,+91.8145405E-03
+4.9706250E-03,+4.9103290E-03,-51.5999204E-03,+91.8188840E-03
+4.9709187E-03,+2.9870123E-03,-51.6132851E-03,+91.8280722E-03
+4.9712125E-03,+5.3631984E-03,-51.4779676E-03,+91.8158769E-03
+4.9715062E-03,+10.0541197E-03,-51.4646029E-03,+91.8031805E-03
+4.9718000E-03,+13.6904162E-03,-51.4696147E-03,+91.8123687E-03
+4.9720937E-03,+15.6435395E-03,-51.2942030E-03,+91.8110322E-03
+4.9723875E-03,+14.7912027E-03,-51.5130499E-03,+91.8223922E-03
+4.9726812E-03,+10.0756937E-03,-51.3643677E-03,+91.8202205E-03
+4.9729750E-03,+5.8305852E-03,-51.4211676E-03,+91.8123687E-03
+4.9732687E-03,+2.6962967E-03,-51.3994500E-03,+91.8066887E-03
+4.9735625E-03,+3.9508942E-03,-51.3426500E-03,+91.8132040E-03
+4.9738562E-03,+8.1927317E-03,-51.2992148E-03,+91.8259005E-03
+4.9741500E-03,+13.1952809E-03,-51.2290501E-03,+91.8145405E-03
+4.9744437E-03,+15.8531413E-03,-51.3209324E-03,+91.8188840E-03
+4.9747375E-03,+14.8550792E-03,-51.2641325E-03,+91.8237287E-03
+4.9750312E-03,+10.6979940E-03,-51.2641325E-03,+91.8110322E-03
+4.9753250E-03,+5.6823607E-03,-51.3292853E-03,+91.8202205E-03
+4.9756187E-03,+3.3858917E-03,-51.4996852E-03,+91.8188840E-03
+4.9759125E-03,+3.7613594E-03,-51.4562500E-03,+91.8324158E-03
+4.9762062E-03,+7.8196528E-03,-51.3426500E-03,+91.8337522E-03
+4.9765000E-03,+12.7180076E-03,-51.2992148E-03,+91.8158769E-03
+4.9767937E-03,+15.3255900E-03,-51.2942030E-03,+91.8075240E-03
+4.9770875E-03,+14.8270368E-03,-51.4913323E-03,+91.8302440E-03
+4.9773812E-03,+10.9522874E-03,-51.2858501E-03,+91.8280722E-03
+4.9776750E-03,+5.9718266E-03,-51.2992148E-03,+91.8223922E-03
+4.9779687E-03,+3.1850737E-03,-51.2507678E-03,+91.8223922E-03
+4.9782625E-03,+3.5997569E-03,-51.4428853E-03,+91.8223922E-03
+4.9785562E-03,+7.4918536E-03,-51.4345323E-03,+91.8267358E-03
+4.9788500E-03,+12.7864783E-03,-51.2641325E-03,+91.8380958E-03
+4.9791437E-03,+15.5348244E-03,-51.3292853E-03,+91.8380958E-03
+4.9794375E-03,+14.9117522E-03,-51.4562500E-03,+91.8337522E-03
+4.9797312E-03,+10.8865732E-03,-51.3209324E-03,+91.8223922E-03
+4.9800250E-03,+5.9017021E-03,-51.2641325E-03,+91.8202205E-03
+4.9803187E-03,+2.0643672E-03,-51.2424148E-03,+91.8145405E-03
+4.9806125E-03,+2.2274766E-03,-51.2073325E-03,+91.8167122E-03
+4.9809062E-03,+6.5737658E-03,-51.3075677E-03,+91.8137052E-03
+4.9812000E-03,+12.4791136E-03,-51.4211676E-03,+91.7975005E-03
+4.9814937E-03,+16.5123048E-03,-51.4211676E-03,+91.8188840E-03
+4.9817875E-03,+16.2166276E-03,-51.3994500E-03,+91.8215569E-03
+4.9820812E-03,+12.4852514E-03,-51.3860853E-03,+91.8031805E-03
+4.9823750E-03,+7.7486830E-03,-51.4779676E-03,+91.8123687E-03
+4.9826687E-03,+2.6405426E-03,-51.3777324E-03,+91.8110322E-03
+4.9829625E-03,+2.2073360E-03,-51.3075677E-03,+91.8202205E-03
+4.9832562E-03,+6.1028508E-03,-51.3777324E-03,+91.8167122E-03
+4.9835500E-03,+11.3856410E-03,-51.2424148E-03,+91.8223922E-03
+4.9838437E-03,+15.7345764E-03,-51.1638972E-03,+91.8202205E-03
+4.9841375E-03,+16.1115143E-03,-51.1939678E-03,+91.8167122E-03
+4.9844312E-03,+13.3161245E-03,-51.3342971E-03,+91.8245640E-03
+4.9847250E-03,+8.6311939E-03,-51.1288149E-03,+91.8215569E-03
+4.9850187E-03,+3.6764969E-03,-51.2724854E-03,+91.7988370E-03
+4.9853125E-03,+2.6197037E-03,-51.4128147E-03,+91.8031805E-03
+4.9856062E-03,+5.5650454E-03,-51.1856149E-03,+91.8167122E-03
+4.9859000E-03,+10.1787121E-03,-51.1856149E-03,+91.8180487E-03
+4.9861937E-03,+14.8518817E-03,-51.2507678E-03,+91.8110322E-03
+4.9864875E-03,+15.9835407E-03,-51.2691442E-03,+91.8202205E-03
+4.9867812E-03,+12.4320332E-03,-51.0452856E-03,+91.8145405E-03
+4.9870750E-03,+8.1851973E-03,-51.4128147E-03,+91.8101969E-03
+4.9873687E-03,+4.0598298E-03,-51.2290501E-03,+91.8010087E-03
+4.9876625E-03,+2.6068034E-03,-51.2992148E-03,+91.8045170E-03
+4.9879562E-03,+5.0461677E-03,-51.1204620E-03,+91.7988370E-03
+4.9882500E-03,+9.8165121E-03,-51.0586503E-03,+91.8075240E-03
+4.9885437E-03,+14.7199020E-03,-51.2992148E-03,+91.8302440E-03
+4.9888375E-03,+16.0267621E-03,-51.1638972E-03,+91.8259005E-03
+4.9891312E-03,+13.9432762E-03,-51.0853797E-03,+91.8145405E-03
+4.9894250E-03,+8.8778795E-03,-51.0502973E-03,+91.8188840E-03
+4.9897187E-03,+4.9206198E-03,-51.1505325E-03,+91.8280722E-03
+4.9900125E-03,+2.8781134E-03,-51.2206972E-03,+91.8245640E-03
+4.9903062E-03,+3.3012864E-03,-51.1070973E-03,+91.8237287E-03
+4.9906000E-03,+7.8418516E-03,-51.1939678E-03,+91.8110322E-03
+4.9908937E-03,+13.4931633E-03,-51.4211676E-03,+91.8115334E-03
+4.9911875E-03,+16.0877719E-03,-51.3777324E-03,+91.7874770E-03
+4.9914812E-03,+14.6078424E-03,-51.1772619E-03,+91.8031805E-03
+4.9917750E-03,+10.6837706E-03,-50.9934974E-03,+91.8123687E-03
+4.9920687E-03,+6.2277372E-03,-51.0853797E-03,+91.8132040E-03
+4.9923625E-03,+3.4629993E-03,-51.0937326E-03,+91.8259005E-03
+4.9926562E-03,+3.4973265E-03,-51.2206972E-03,+91.8210558E-03
+4.9929500E-03,+7.4600256E-03,-51.1505325E-03,+91.8337522E-03
+4.9932437E-03,+13.3596032E-03,-51.2206972E-03,+91.8158769E-03
+4.9935375E-03,+15.7178539E-03,-51.0853797E-03,+91.8053522E-03
+4.9938312E-03,+15.3228336E-03,-50.9851444E-03,+91.8202205E-03
+4.9941250E-03,+12.0511627E-03,-50.8932622E-03,+91.8167122E-03
+4.9944187E-03,+7.3406154E-03,-50.9500621E-03,+91.8289075E-03
+4.9947125E-03,+4.2432636E-03,-50.9500621E-03,+91.8416040E-03
+4.9950062E-03,+3.5199663E-03,-50.9934974E-03,+91.8193852E-03
+4.9953000E-03,+6.6173548E-03,-51.0853797E-03,+91.7975005E-03
+4.9955937E-03,+11.4194169E-03,-51.0285797E-03,+91.8145405E-03
+4.9958875E-03,+14.5206645E-03,-51.0285797E-03,+91.8145405E-03
+4.9961812E-03,+14.5829239E-03,-50.9634268E-03,+91.8188840E-03
+4.9964750E-03,+12.0932816E-03,-50.8798975E-03,+91.8280722E-03
+4.9967687E-03,+7.4997187E-03,-51.0419444E-03,+91.8245640E-03
+4.9970625E-03,+4.2612725E-03,-50.8715445E-03,+91.8237287E-03
+4.9973562E-03,+3.5693989E-03,-50.8715445E-03,+91.8110322E-03
+4.9976500E-03,+6.3830182E-03,-50.9366974E-03,+91.8115334E-03
+4.9979437E-03,+11.0488373E-03,-51.0853797E-03,+91.7961640E-03
+4.9982375E-03,+14.9626550E-03,-51.0068621E-03,+91.8259005E-03
+4.9985312E-03,+15.0809994E-03,-50.9717797E-03,+91.8145405E-03
+4.9988250E-03,+12.3222522E-03,-51.0068621E-03,+91.8145405E-03
+4.9991187E-03,+8.2523081E-03,-50.9500621E-03,+91.8145405E-03
+4.9994125E-03,+5.6563029E-03,-50.9500621E-03,+91.8167122E-03
+4.9997062E-03,+4.3688116E-03,-50.9717797E-03,+91.8202205E-03
+5.0000000E-03,+6.3076747E-03,-51.0502973E-03,+91.8188840E-03
+5.0002937E-03,+10.1150193E-03,-51.0202268E-03,+91.8259005E-03
+5.0005875E-03,+12.6167533E-03,-50.7930269E-03,+91.8167122E-03
+5.0008812E-03,+14.3072403E-03,-50.8147446E-03,+91.8267358E-03
+5.0011750E-03,+12.1510572E-03,-50.9584150E-03,+91.8337522E-03
+5.0014687E-03,+8.4723478E-03,-51.1204620E-03,+91.8223922E-03
+5.0017625E-03,+5.5636488E-03,-50.9500621E-03,+91.8202205E-03
+5.0020562E-03,+3.7678279E-03,-50.9500621E-03,+91.8145405E-03
+5.0023500E-03,+4.3261782E-03,-50.9283445E-03,+91.8145405E-03
+5.0026437E-03,+9.3031107E-03,-50.9149798E-03,+91.8145405E-03
+5.0029375E-03,+13.2949181E-03,-50.9851444E-03,+91.8123687E-03
+5.0032312E-03,+14.6782977E-03,-50.8063916E-03,+91.8132040E-03
+5.0035250E-03,+14.0963521E-03,-50.6359918E-03,+91.8324158E-03
+5.0038187E-03,+10.1516987E-03,-50.7011447E-03,+91.8315805E-03
+5.0041125E-03,+6.6355475E-03,-50.8281093E-03,+91.8145405E-03
+5.0044062E-03,+4.5018939E-03,-50.7796622E-03,+91.8123687E-03
+5.0047000E-03,+5.2039848E-03,-50.9066268E-03,+91.8045170E-03
+5.0049937E-03,+9.6112103E-03,-50.8364622E-03,+91.7988370E-03
+5.0052875E-03,+13.4773228E-03,-50.9066268E-03,+91.8031805E-03
+5.0055812E-03,+15.5408518E-03,-50.7930269E-03,+91.8145405E-03
+5.0058750E-03,+13.8470203E-03,-50.8364622E-03,+91.8167122E-03
+5.0061687E-03,+9.9857225E-03,-50.9066268E-03,+91.8223922E-03
+5.0064625E-03,+6.1703659E-03,-50.8798975E-03,+91.8137052E-03
+5.0067562E-03,+3.7751785E-03,-51.0202268E-03,+91.7931570E-03
+5.0070500E-03,+3.7381683E-03,-50.8364622E-03,+91.8031805E-03
+5.0073437E-03,+7.5390443E-03,-50.9283445E-03,+91.8145405E-03
+5.0076375E-03,+11.7865785E-03,-50.7846740E-03,+91.8101969E-03
+5.0079312E-03,+14.0414065E-03,-50.6009094E-03,+91.8010087E-03
+5.0082250E-03,+13.9163363E-03,-50.7362270E-03,+91.8088605E-03
+5.0085187E-03,+10.6392628E-03,-50.7930269E-03,+91.8123687E-03
+5.0088125E-03,+7.1339170E-03,-50.8364622E-03,+91.8132040E-03
+5.0091062E-03,+4.8142569E-03,-50.9500621E-03,+91.8237287E-03
+5.0094000E-03,+5.0236750E-03,-50.9717797E-03,+91.8001734E-03
+5.0096937E-03,+8.3609497E-03,-51.0068621E-03,+91.7918205E-03
+5.0099875E-03,+12.5004303E-03,-50.9717797E-03,+91.8145405E-03
+5.0102812E-03,+14.1954747E-03,-51.0068621E-03,+91.8123687E-03
+5.0105750E-03,+13.8779663E-03,-50.8849092E-03,+91.8110322E-03
+5.0108687E-03,+10.5752025E-03,-50.7579446E-03,+91.8158769E-03
+5.0111625E-03,+7.2896758E-03,-50.8932622E-03,+91.8010087E-03
+5.0114562E-03,+4.5516206E-03,-50.8414740E-03,+91.8088605E-03
+5.0117500E-03,+3.7649612E-03,-50.6443447E-03,+91.8123687E-03
+5.0120437E-03,+6.2370356E-03,-50.7846740E-03,+91.8045170E-03
+5.0123375E-03,+10.1356009E-03,-50.5574742E-03,+91.7988370E-03
+5.0126312E-03,+13.4237370E-03,-50.6009094E-03,+91.8031805E-03
+5.0129250E-03,+14.1989662E-03,-50.6276388E-03,+91.8145405E-03
+5.0132187E-03,+11.9961069E-03,-50.4655919E-03,+91.8145405E-03
+5.0135125E-03,+7.7922719E-03,-50.6359918E-03,+91.8188840E-03
+5.0138062E-03,+4.6070439E-03,-50.6794270E-03,+91.8215569E-03
+5.0141000E-03,+4.2579648E-03,-50.7278740E-03,+91.8010087E-03
+5.0143937E-03,+6.5744641E-03,-50.5574742E-03,+91.8088605E-03
+5.0146875E-03,+10.9234731E-03,-50.6009094E-03,+91.8145405E-03
+5.0149812E-03,+14.4726284E-03,-50.7362270E-03,+91.8123687E-03
+5.0152750E-03,+15.4845831E-03,-50.7713093E-03,+91.8110322E-03
+5.0155687E-03,+12.8871445E-03,-50.7362270E-03,+91.8202205E-03
+5.0158625E-03,+8.7105802E-03,-50.7495917E-03,+91.8145405E-03
+5.0161562E-03,+5.6554208E-03,-50.6359918E-03,+91.8123687E-03
+5.0164500E-03,+4.1079394E-03,-50.6577094E-03,+91.8066887E-03
+5.0167437E-03,+5.9255547E-03,-50.7145093E-03,+91.8110322E-03
+5.0170375E-03,+9.9522774E-03,-50.7145093E-03,+91.8180487E-03
+5.0173312E-03,+12.9963374E-03,-50.6710741E-03,+91.8132040E-03
+5.0176250E-03,+14.3815179E-03,-50.5574742E-03,+91.8215569E-03
+5.0179187E-03,+12.5966495E-03,-50.5574742E-03,+91.8053522E-03
+5.0182125E-03,+8.1955984E-03,-50.6226271E-03,+91.8180487E-03
+5.0185062E-03,+5.1952008E-03,-50.7930269E-03,+91.8132040E-03
+5.0188000E-03,+3.7599996E-03,-50.6844388E-03,+91.8280722E-03
+5.0190937E-03,+5.2709118E-03,-50.4221566E-03,+91.8180487E-03
+5.0193875E-03,+8.8112832E-03,-50.5006742E-03,+91.8045170E-03
+5.0196812E-03,+13.0198225E-03,-50.5791918E-03,+91.8053522E-03
+5.0199750E-03,+14.7565447E-03,-50.5708389E-03,+91.8202205E-03
+5.0202687E-03,+13.9238707E-03,-50.4221566E-03,+91.8167122E-03
+5.0205625E-03,+10.6310302E-03,-50.5875447E-03,+91.8158769E-03
+5.0208562E-03,+6.6003014E-03,-50.7412387E-03,+91.8010087E-03
+5.0211500E-03,+3.7913498E-03,-50.4438743E-03,+91.8045170E-03
+5.0214437E-03,+3.7655125E-03,-50.6226271E-03,+91.8031805E-03
+5.0217375E-03,+7.7934848E-03,-50.7278740E-03,+91.8145405E-03
+5.0220312E-03,+12.1433390E-03,-50.5791918E-03,+91.8123687E-03
+5.0223250E-03,+15.5316269E-03,-50.5925565E-03,+91.8023452E-03
+5.0226187E-03,+14.3601645E-03,-50.5006742E-03,+91.7866417E-03
+5.0229125E-03,+10.7692579E-03,-50.5140389E-03,+91.7839687E-03
+5.0232062E-03,+5.9238273E-03,-50.4438743E-03,+91.8066887E-03
+5.0235000E-03,+3.1136261E-03,-50.5574742E-03,+91.8045170E-03
+5.0237937E-03,+3.1780539E-03,-50.5140389E-03,+91.7988370E-03
+5.0240875E-03,+6.0565421E-03,-50.4221566E-03,+91.8010087E-03
+5.0243812E-03,+10.9702228E-03,-50.4355213E-03,+91.8001734E-03
+5.0246750E-03,+15.3629310E-03,-50.3436390E-03,+91.7918205E-03
+5.0249687E-03,+15.8441001E-03,-50.4438743E-03,+91.8167122E-03
+5.0252625E-03,+11.8070499E-03,-50.5791918E-03,+91.8180487E-03
+5.0255562E-03,+6.6143411E-03,-50.5056860E-03,+91.8088605E-03
+5.0258500E-03,+3.3269400E-03,-50.2951920E-03,+91.8167122E-03
+5.0261437E-03,+4.1504258E-03,-50.6142741E-03,+91.8180487E-03
+5.0264375E-03,+7.5024384E-03,-50.5574742E-03,+91.8066887E-03
+5.0267312E-03,+12.4945131E-03,-50.5357565E-03,+91.8023452E-03
+5.0270250E-03,+15.2663076E-03,-50.5223918E-03,+91.7909852E-03
+5.0273187E-03,+15.0862551E-03,-50.6142741E-03,+91.7975005E-03
+5.0276125E-03,+12.0053686E-03,-50.5140389E-03,+91.8167122E-03
+5.0279062E-03,+6.8968974E-03,-50.4655919E-03,+91.8180487E-03
+5.0282000E-03,+3.9338776E-03,-50.5274036E-03,+91.8023452E-03
+5.0284937E-03,+2.8859785E-03,-50.3302743E-03,+91.7953287E-03
+5.0287875E-03,+5.2365846E-03,-50.5574742E-03,+91.8023452E-03
+5.0290812E-03,+10.1313008E-03,-50.5574742E-03,+91.7909852E-03
+5.0293750E-03,+14.4741353E-03,-50.5140389E-03,+91.7996722E-03
+5.0296687E-03,+16.1750969E-03,-50.4004390E-03,+91.8202205E-03
+5.0299625E-03,+14.3910369E-03,-50.4221566E-03,+91.8101969E-03
+5.0302562E-03,+10.0058999E-03,-50.5006742E-03,+91.7988370E-03
+5.0305500E-03,+5.3981872E-03,-50.5140389E-03,+91.7966652E-03
+5.0308437E-03,+3.4201821E-03,-50.4655919E-03,+91.7953287E-03
+5.0311375E-03,+5.0339290E-03,-50.5491212E-03,+91.8023452E-03
+5.0314312E-03,+10.1911345E-03,-50.4305096E-03,+91.7953287E-03
+5.0317250E-03,+14.6326138E-03,-50.6276388E-03,+91.8001734E-03
+5.0320187E-03,+15.8547585E-03,-50.4438743E-03,+91.7874770E-03
+5.0323125E-03,+13.8745115E-03,-50.4923213E-03,+91.8010087E-03
+5.0326062E-03,+9.5631375E-03,-50.4087919E-03,+91.8045170E-03
+5.0329000E-03,+5.5629872E-03,-50.5925565E-03,+91.7944934E-03
+5.0331937E-03,+3.0242797E-03,-50.5006742E-03,+91.7853052E-03
+5.0334875E-03,+3.6779671E-03,-50.5140389E-03,+91.7975005E-03
+5.0337812E-03,+7.6906134E-03,-50.4004390E-03,+91.8167122E-03
+5.0340750E-03,+12.6259783E-03,-50.3787214E-03,+91.8180487E-03
+5.0343687E-03,+15.1544317E-03,-50.2784862E-03,+91.8045170E-03
+5.0346625E-03,+14.2825791E-03,-50.2734744E-03,+91.7988370E-03
+5.0349562E-03,+9.9317325E-03,-50.6009094E-03,+91.7923217E-03
+5.0352500E-03,+5.1042374E-03,-50.6710741E-03,+91.7839687E-03
+5.0355437E-03,+3.2804475E-03,-50.5357565E-03,+91.8088605E-03
+5.0358375E-03,+4.5516941E-03,-50.4138037E-03,+91.8101969E-03
+5.0361312E-03,+8.2816737E-03,-50.2216862E-03,+91.8031805E-03
+5.0364250E-03,+13.5443233E-03,-50.3386273E-03,+91.8145405E-03
+5.0367187E-03,+16.4349767E-03,-50.7278740E-03,+91.8188840E-03
+5.0370125E-03,+14.9191028E-03,-50.5140389E-03,+91.8172134E-03
+5.0373062E-03,+10.4148863E-03,-50.3787214E-03,+91.7896487E-03
+5.0376000E-03,+5.9026576E-03,-50.3219214E-03,+91.8066887E-03
+5.0378937E-03,+3.5239356E-03,-50.3436390E-03,+91.7980017E-03
+5.0381875E-03,+4.2689171E-03,-50.4004390E-03,+91.7883123E-03
+5.0384812E-03,+7.0143965E-03,-50.4004390E-03,+91.8180487E-03
+5.0387750E-03,+11.6922705E-03,-50.4221566E-03,+91.8088605E-03
+5.0390687E-03,+15.1025366E-03,-50.4138037E-03,+91.8123687E-03
+5.0393625E-03,+14.8345711E-03,-50.2651215E-03,+91.8045170E-03
+5.0396562E-03,+11.8826506E-03,-50.3002038E-03,+91.7944934E-03
+5.0399500E-03,+7.5920053E-03,-50.1999686E-03,+91.7918205E-03
+5.0402437E-03,+4.1269039E-03,-50.1732392E-03,+91.8101969E-03
+5.0405375E-03,+4.1568575E-03,-50.3352861E-03,+91.7988370E-03
+5.0408312E-03,+6.8319918E-03,-50.1648862E-03,+91.8010087E-03
+5.0411250E-03,+12.1023963E-03,-50.2300391E-03,+91.8045170E-03
+5.0414187E-03,+15.4237938E-03,-50.3570037E-03,+91.8010087E-03
+5.0417125E-03,+15.3183129E-03,-50.2434038E-03,+91.8045170E-03
+5.0420062E-03,+12.2322811E-03,-50.1782509E-03,+91.7944934E-03
+5.0423000E-03,+6.6313944E-03,-50.0512863E-03,+91.7896487E-03
+5.0425937E-03,+2.8980335E-03,-50.2300391E-03,+91.8066887E-03
+5.0428875E-03,+2.5633982E-03,-50.3787214E-03,+91.8023452E-03
+5.0431812E-03,+6.0590045E-03,-50.2784862E-03,+91.7909852E-03
+5.0434750E-03,+11.3592891E-03,-50.2300391E-03,+91.7909852E-03
+5.0437687E-03,+15.0813669E-03,-50.3570037E-03,+91.7909852E-03
+5.0440625E-03,+15.3832921E-03,-50.2651215E-03,+91.8018440E-03
+5.0443562E-03,+12.7185589E-03,-50.2784862E-03,+91.8193852E-03
+5.0446500E-03,+7.8971280E-03,-50.1648862E-03,+91.7888134E-03
+5.0449437E-03,+4.1830623E-03,-50.1866039E-03,+91.7896487E-03
+5.0452375E-03,+3.9258655E-03,-50.2216862E-03,+91.8088605E-03
+5.0455312E-03,+6.6708303E-03,-50.2083215E-03,+91.8101969E-03
+5.0458250E-03,+11.3241534E-03,-50.3653567E-03,+91.8010087E-03
+5.0461187E-03,+15.3011861E-03,-50.4138037E-03,+91.8001734E-03
+5.0464125E-03,+16.0116566E-03,-50.2651215E-03,+91.7853052E-03
+5.0467062E-03,+13.2649644E-03,-50.3436390E-03,+91.7909852E-03
+5.0470000E-03,+8.9169846E-03,-50.3135685E-03,+91.7909852E-03
+5.0472937E-03,+4.8893063E-03,-50.1298039E-03,+91.7953287E-03
+5.0475875E-03,+2.9000181E-03,-50.2216862E-03,+91.8023452E-03
+5.0478812E-03,+5.2584526E-03,-50.2083215E-03,+91.7909852E-03
+5.0481750E-03,+10.2122307E-03,-50.3002038E-03,+91.7909852E-03
+5.0484687E-03,+14.6543348E-03,-50.1999686E-03,+91.7931570E-03
+5.0487625E-03,+16.0810462E-03,-50.1298039E-03,+91.8031805E-03
+5.0490562E-03,+12.9019559E-03,-50.2434038E-03,+91.8123687E-03
+5.0493500E-03,+8.9868519E-03,-50.2216862E-03,+91.8045170E-03
+5.0496437E-03,+4.5651089E-03,-50.1866039E-03,+91.8010087E-03
+5.0499375E-03,+2.1049791E-03,-50.1782509E-03,+91.8001734E-03
+5.0502312E-03,+3.6495203E-03,-50.0512863E-03,+91.7831334E-03
+5.0505250E-03,+8.9872561E-03,-50.1648862E-03,+91.7831334E-03
+5.0508187E-03,+13.1779335E-03,-50.1431686E-03,+91.7831334E-03
+5.0511125E-03,+14.4547665E-03,-50.1080863E-03,+91.7874770E-03
+5.0514062E-03,+12.6945960E-03,-50.1431686E-03,+91.8010087E-03
+5.0517000E-03,+9.5436952E-03,-50.0863687E-03,+91.8001734E-03
+5.0519937E-03,+5.6248424E-03,-50.0646510E-03,+91.7896487E-03
+5.0522875E-03,+3.2920615E-03,-50.0512863E-03,+91.8045170E-03
+5.0525812E-03,+4.8860721E-03,-50.1648862E-03,+91.8053522E-03
+5.0528750E-03,+9.4983421E-03,-50.1866039E-03,+91.8137052E-03
+5.0531687E-03,+13.4242516E-03,-50.1782509E-03,+91.7975005E-03
+5.0534625E-03,+14.7844034E-03,-50.0730040E-03,+91.8080252E-03
+5.0537562E-03,+13.6169838E-03,-50.2216862E-03,+91.7909852E-03
+5.0540500E-03,+9.6640243E-03,-50.1214510E-03,+91.7931570E-03
+5.0543437E-03,+6.1762831E-03,-50.0730040E-03,+91.7966652E-03
+5.0546375E-03,+4.1045581E-03,-50.1999686E-03,+91.7909852E-03
+5.0549312E-03,+5.2687801E-03,-50.1298039E-03,+91.7909852E-03
+5.0552250E-03,+9.0516105E-03,-50.1782509E-03,+91.7931570E-03
+5.0555187E-03,+12.5011286E-03,-50.0078511E-03,+91.7944934E-03
+5.0558125E-03,+14.8452662E-03,-50.0078511E-03,+91.7809617E-03
+5.0561062E-03,+15.5096486E-03,-50.0730040E-03,+91.7839687E-03
+5.0564000E-03,+12.1569376E-03,-50.1999686E-03,+91.7958299E-03
+5.0566937E-03,+7.3344776E-03,-50.1080863E-03,+91.7739452E-03
+5.0569875E-03,+3.8774986E-03,-50.1214510E-03,+91.7909852E-03
+5.0572812E-03,+3.2700832E-03,-50.0295687E-03,+91.7909852E-03
+5.0575750E-03,+6.3600109E-03,-50.1080863E-03,+91.7931570E-03
+5.0578687E-03,+11.2722950E-03,-50.1648862E-03,+91.7944934E-03
+5.0581625E-03,+14.1857719E-03,-50.1431686E-03,+91.7874770E-03
+5.0584562E-03,+13.7390035E-03,-50.1298039E-03,+91.8031805E-03
+5.0587500E-03,+10.6157410E-03,-50.2434038E-03,+91.8080252E-03
+5.0590437E-03,+6.4995617E-03,-50.1782509E-03,+91.7844699E-03
+5.0593375E-03,+3.6247488E-03,-49.9426982E-03,+91.7717734E-03
+5.0596312E-03,+4.0738327E-03,-49.8808865E-03,+91.7896487E-03
+5.0599250E-03,+6.9991440E-03,-50.1431686E-03,+91.8066887E-03
+5.0602187E-03,+11.7564779E-03,-50.0429334E-03,+91.8023452E-03
+5.0605125E-03,+15.8315674E-03,-49.9727687E-03,+91.7909852E-03
+5.0608062E-03,+16.0315032E-03,-50.0429334E-03,+91.7888134E-03
+5.0611000E-03,+12.9023602E-03,-49.9076158E-03,+91.7874770E-03
+5.0613937E-03,+7.7774605E-03,-49.8290983E-03,+91.7966652E-03
+5.0616875E-03,+4.7447939E-03,-49.8808865E-03,+91.7822981E-03
+5.0619812E-03,+3.5482293E-03,-50.1431686E-03,+91.7682652E-03
+5.0622750E-03,+5.7313156E-03,-50.0646510E-03,+91.7888134E-03
+5.0625687E-03,+10.5867429E-03,-50.0078511E-03,+91.7831334E-03
+5.0628625E-03,+14.0869433E-03,-49.9209805E-03,+91.7831334E-03
+5.0631562E-03,+14.6578631E-03,-49.7589336E-03,+91.7896487E-03
+5.0634500E-03,+12.1607967E-03,-49.9293335E-03,+91.7980017E-03
+5.0637437E-03,+8.3410664E-03,-49.9510511E-03,+91.7774534E-03
+5.0640375E-03,+4.9829527E-03,-49.9644158E-03,+91.7853052E-03
+5.0643312E-03,+3.3617082E-03,-49.8725335E-03,+91.7931570E-03
+5.0646250E-03,+4.9790937E-03,-49.9510511E-03,+91.7944934E-03
+5.0649187E-03,+9.0351819E-03,-49.9861334E-03,+91.7918205E-03
+5.0652125E-03,+13.8079520E-03,-49.8424630E-03,+91.8101969E-03
+5.0655062E-03,+14.9117890E-03,-49.7238513E-03,+91.7966652E-03
+5.0658000E-03,+13.5182288E-03,-49.9426982E-03,+91.7909852E-03
+5.0660937E-03,+9.7900868E-03,-49.8157336E-03,+91.7931570E-03
+5.0663875E-03,+6.2250174E-03,-49.9510511E-03,+91.7988370E-03
+5.0666812E-03,+3.9478804E-03,-49.9209805E-03,+91.7944934E-03
+5.0669750E-03,+4.7474768E-03,-49.7372160E-03,+91.7831334E-03
+5.0672687E-03,+8.7774705E-03,-49.8290983E-03,+91.7853052E-03
+5.0675625E-03,+13.8603984E-03,-49.8157336E-03,+91.7888134E-03
+5.0678562E-03,+16.1351097E-03,-49.8858982E-03,+91.7831334E-03
+5.0681500E-03,+14.2624018E-03,-49.7940159E-03,+91.7831334E-03
+5.0684437E-03,+9.1808337E-03,-49.8725335E-03,+91.7874770E-03
+5.0687375E-03,+5.0455797E-03,-49.9076158E-03,+91.7988370E-03
+5.0690312E-03,+3.3890892E-03,-49.8942511E-03,+91.8075240E-03
+5.0693250E-03,+4.2712326E-03,-49.9861334E-03,+91.8172134E-03
+5.0696187E-03,+9.0610927E-03,-49.9076158E-03,+91.7831334E-03
+5.0699125E-03,+14.0180684E-03,-49.8073806E-03,+91.7853052E-03
+5.0702062E-03,+16.5097689E-03,-49.7154983E-03,+91.7931570E-03
+5.0705000E-03,+14.7340519E-03,-49.8157336E-03,+91.7988370E-03
+5.0707937E-03,+10.3492088E-03,-49.8641806E-03,+91.7944934E-03
+5.0710875E-03,+4.8201373E-03,-49.7589336E-03,+91.7896487E-03
+5.0713812E-03,+2.6748330E-03,-49.8858982E-03,+91.8066887E-03
+5.0716750E-03,+2.7949783E-03,-49.8157336E-03,+91.7980017E-03
+5.0719687E-03,+6.9956525E-03,-49.8424630E-03,+91.7796252E-03
+5.0722625E-03,+11.9046289E-03,-49.6152631E-03,+91.7931570E-03
+5.0725562E-03,+15.0320445E-03,-49.7021336E-03,+91.8010087E-03
+5.0728500E-03,+15.1984984E-03,-49.9510511E-03,+91.8088605E-03
+5.0731437E-03,+11.4893945E-03,-49.9426982E-03,+91.8058534E-03
+5.0734375E-03,+6.8175847E-03,-49.8591688E-03,+91.7831334E-03
+5.0737312E-03,+4.1033085E-03,-50.0212158E-03,+91.7853052E-03
+5.0740250E-03,+4.1990499E-03,-49.8942511E-03,+91.7931570E-03
+5.0743187E-03,+7.6704728E-03,-50.0078511E-03,+91.7944934E-03
+5.0746125E-03,+12.5956939E-03,-49.9644158E-03,+91.7896487E-03
+5.0749062E-03,+15.9905972E-03,-49.8508159E-03,+91.8045170E-03
+5.0752000E-03,+15.4918234E-03,-49.8725335E-03,+91.7944934E-03
+5.0754937E-03,+12.4028514E-03,-49.8424630E-03,+91.7831334E-03
+5.0757875E-03,+7.0437621E-03,-49.7455689E-03,+91.7809617E-03
+5.0760812E-03,+3.2416365E-03,-50.0646510E-03,+91.7731099E-03
+5.0763750E-03,+2.1145716E-03,-49.9209805E-03,+91.7717734E-03
+5.0766687E-03,+5.7120203E-03,-49.7154983E-03,+91.7896487E-03
+5.0769625E-03,+11.1155071E-03,-49.7940159E-03,+91.8023452E-03
+5.0772562E-03,+14.6494467E-03,-49.8508159E-03,+91.7866417E-03
+5.0775500E-03,+15.5248643E-03,-49.8290983E-03,+91.7796252E-03
+5.0778437E-03,+12.5656300E-03,-49.7505807E-03,+91.7866417E-03
+5.0781375E-03,+7.9771758E-03,-49.7589336E-03,+91.7774534E-03
+5.0784312E-03,+4.3823734E-03,-49.8641806E-03,+91.7853052E-03
+5.0787250E-03,+3.1387651E-03,-49.6720631E-03,+91.7888134E-03
+5.0790187E-03,+6.1546724E-03,-49.6152631E-03,+91.7787899E-03
+5.0793125E-03,+11.1437333E-03,-49.6369808E-03,+91.7739452E-03
+5.0796062E-03,+15.1642447E-03,-49.7372160E-03,+91.7866417E-03
+5.0799000E-03,+15.7207941E-03,-49.8073806E-03,+91.7774534E-03
+5.0801937E-03,+13.4582113E-03,-49.6720631E-03,+91.7853052E-03
+5.0804875E-03,+8.7756696E-03,-49.7021336E-03,+91.7909852E-03
+5.0807812E-03,+4.4803567E-03,-49.9293335E-03,+91.7888134E-03
+5.0810750E-03,+3.2772868E-03,-49.8858982E-03,+91.7809617E-03
+5.0813687E-03,+5.0850156E-03,-49.7505807E-03,+91.7752817E-03
+5.0816625E-03,+9.5829106E-03,-49.6937807E-03,+91.7774534E-03
+5.0819562E-03,+14.3499104E-03,-49.6286278E-03,+91.7874770E-03
+5.0822500E-03,+16.0267988E-03,-49.5233808E-03,+91.7923217E-03
+5.0825437E-03,+14.1334358E-03,-49.7154983E-03,+91.7817970E-03
+5.0828375E-03,+9.3240598E-03,-49.8374512E-03,+91.8010087E-03
+5.0831312E-03,+4.6991100E-03,-49.9861334E-03,+91.7958299E-03
+5.0834250E-03,+3.2780954E-03,-49.7990277E-03,+91.7739452E-03
+5.0837187E-03,+4.4806139E-03,-49.5233808E-03,+91.7866417E-03
+5.0840125E-03,+8.6038497E-03,-49.6286278E-03,+91.7752817E-03
+5.0843062E-03,+13.2945138E-03,-49.4799456E-03,+91.7774534E-03
+5.0846000E-03,+15.4541517E-03,-49.5584632E-03,+91.7809617E-03
+5.0848937E-03,+14.1232552E-03,-49.6369808E-03,+91.7774534E-03
+5.0851875E-03,+10.0570232E-03,-49.7589336E-03,+91.7831334E-03
+5.0854812E-03,+5.1132418E-03,-49.8858982E-03,+91.7787899E-03
+5.0857750E-03,+3.0895529E-03,-49.7940159E-03,+91.7739452E-03
+5.0860687E-03,+3.4702396E-03,-49.7856630E-03,+91.7844699E-03
+5.0863625E-03,+7.6638572E-03,-49.6152631E-03,+91.7674299E-03
+5.0866562E-03,+12.3326900E-03,-49.6152631E-03,+91.7761170E-03
+5.0869500E-03,+15.3666430E-03,-49.5935455E-03,+91.8010087E-03
+5.0872437E-03,+14.2374833E-03,-49.5584632E-03,+91.8001734E-03
+5.0875375E-03,+11.0426628E-03,-49.6804160E-03,+91.7766181E-03
+5.0878312E-03,+6.8210027E-03,-49.7639454E-03,+91.7660935E-03
+5.0881250E-03,+3.8133648E-03,-49.6236161E-03,+91.7831334E-03
+5.0884187E-03,+4.7461537E-03,-49.8508159E-03,+91.7809617E-03
+5.0887125E-03,+7.9251704E-03,-49.8073806E-03,+91.7774534E-03
+5.0890062E-03,+13.1041704E-03,-49.6286278E-03,+91.7831334E-03
+5.0893000E-03,+16.0064377E-03,-49.4147927E-03,+91.7809617E-03
+5.0895937E-03,+15.0914740E-03,-49.3663457E-03,+91.7774534E-03
+5.0898875E-03,+10.9622842E-03,-49.5150279E-03,+91.7853052E-03
+5.0901812E-03,+7.2033432E-03,-49.5450985E-03,+91.7909852E-03
+5.0904750E-03,+4.4232426E-03,-49.6419925E-03,+91.7844699E-03
+5.0907687E-03,+4.1886488E-03,-49.4097809E-03,+91.7717734E-03
+5.0910625E-03,+7.9942659E-03,-49.6937807E-03,+91.7809617E-03
+5.0913562E-03,+12.3998009E-03,-49.6503455E-03,+91.7774534E-03
+5.0916500E-03,+15.2382651E-03,-49.5150279E-03,+91.7853052E-03
+5.0919437E-03,+14.0584598E-03,-49.4365103E-03,+91.7866417E-03
+5.0922375E-03,+11.3253295E-03,-49.4448633E-03,+91.7796252E-03
+5.0925312E-03,+6.7799864E-03,-49.5935455E-03,+91.7822981E-03
+5.0928250E-03,+3.8888920E-03,-49.5150279E-03,+91.7639217E-03
+5.0931187E-03,+3.3271973E-03,-49.4582280E-03,+91.7709382E-03
+5.0934125E-03,+5.6423368E-03,-49.4799456E-03,+91.7617499E-03
+5.0937062E-03,+10.2498657E-03,-49.5150279E-03,+91.7674299E-03
+5.0940000E-03,+14.2968392E-03,-49.4799456E-03,+91.7739452E-03
+5.0942937E-03,+14.7700330E-03,-49.5801808E-03,+91.7909852E-03
+5.0945875E-03,+12.0271998E-03,-49.7154983E-03,+91.7909852E-03
+5.0948812E-03,+7.8418516E-03,-49.7288630E-03,+91.7866417E-03
+5.0951750E-03,+3.9811418E-03,-49.6152631E-03,+91.7796252E-03
+5.0954687E-03,+3.3635826E-03,-49.5283926E-03,+91.7822981E-03
+5.0957625E-03,+5.7564178E-03,-49.4097809E-03,+91.7682652E-03
+5.0960562E-03,+10.4216121E-03,-49.7154983E-03,+91.7931570E-03
+5.0963500E-03,+14.8460013E-03,-49.7288630E-03,+91.7988370E-03
+5.0966437E-03,+16.1099339E-03,-49.6152631E-03,+91.7988370E-03
+5.0969375E-03,+12.5073766E-03,-49.6586984E-03,+91.7923217E-03
+5.0972312E-03,+8.2978450E-03,-49.6854278E-03,+91.7731099E-03
+5.0975250E-03,+4.5171463E-03,-49.4582280E-03,+91.7696017E-03
+5.0978187E-03,+2.9358522E-03,-49.4582280E-03,+91.7752817E-03
+5.0981125E-03,+5.5554896E-03,-49.4799456E-03,+91.7731099E-03
+5.0984062E-03,+10.0108615E-03,-49.4933103E-03,+91.7717734E-03
+5.0987000E-03,+14.1614782E-03,-49.4882985E-03,+91.7809617E-03
+5.0989937E-03,+15.2262469E-03,-49.7288630E-03,+91.7731099E-03
+5.0992875E-03,+12.5675779E-03,-49.5718279E-03,+91.7696017E-03
+5.0995812E-03,+8.2467217E-03,-49.5668161E-03,+91.7731099E-03
+5.0998750E-03,+4.9231190E-03,-49.8073806E-03,+91.7674299E-03
+5.1001687E-03,+3.7584927E-03,-49.6937807E-03,+91.7630864E-03
+5.1004625E-03,+5.6502386E-03,-49.6937807E-03,+91.7604135E-03
+5.1007562E-03,+9.4751143E-03,-49.6503455E-03,+91.7809617E-03
+5.1010500E-03,+13.5388839E-03,-49.5150279E-03,+91.7752817E-03
+5.1013437E-03,+15.5363680E-03,-49.4365103E-03,+91.7752817E-03
+5.1016375E-03,+13.5665221E-03,-49.4014280E-03,+91.7796252E-03
+5.1019312E-03,+9.5556767E-03,-49.5016632E-03,+91.7909852E-03
+5.1022250E-03,+5.2520576E-03,-49.5718279E-03,+91.7888134E-03
+5.1025187E-03,+2.8984378E-03,-49.5016632E-03,+91.7853052E-03
+5.1028125E-03,+4.8099568E-03,-49.5718279E-03,+91.7866417E-03
+5.1031062E-03,+8.5552256E-03,-49.5233808E-03,+91.7774534E-03
+5.1034000E-03,+12.8887249E-03,-49.6503455E-03,+91.7809617E-03
+5.1036937E-03,+15.5925264E-03,-49.4933103E-03,+91.7796252E-03
+5.1039875E-03,+14.3095557E-03,-49.3579927E-03,+91.7866417E-03
+5.1042812E-03,+10.4955957E-03,-49.4097809E-03,+91.7731099E-03
+5.1045750E-03,+6.0420247E-03,-49.5851926E-03,+91.7674299E-03
+5.1048687E-03,+2.6241140E-03,-49.3663457E-03,+91.7717734E-03
+5.1051625E-03,+3.9063497E-03,-49.5584632E-03,+91.7787899E-03
+5.1054562E-03,+7.8797071E-03,-49.5935455E-03,+91.7717734E-03
+5.1057500E-03,+12.6814017E-03,-49.4933103E-03,+91.7853052E-03
+5.1060437E-03,+16.0046736E-03,-49.4665809E-03,+91.7931570E-03
+5.1063375E-03,+14.9889701E-03,-49.6503455E-03,+91.7944934E-03
+5.1066312E-03,+10.6815287E-03,-49.5367455E-03,+91.7766181E-03
+5.1069250E-03,+6.6329013E-03,-49.5150279E-03,+91.7682652E-03
+5.1072187E-03,+3.0835989E-03,-49.5016632E-03,+91.7866417E-03
+5.1075125E-03,+2.4533600E-03,-49.5935455E-03,+91.7752817E-03
+5.1078062E-03,+5.8148917E-03,-49.5150279E-03,+91.7731099E-03
+5.1081000E-03,+10.6676728E-03,-49.5016632E-03,+91.7674299E-03
+5.1083937E-03,+14.6101946E-03,-49.5718279E-03,+91.7696017E-03
+5.1086875E-03,+14.3332614E-03,-49.4582280E-03,+91.7731099E-03
+5.1089812E-03,+11.7371826E-03,-49.4799456E-03,+91.7674299E-03
+5.1092750E-03,+7.9623644E-03,-49.5584632E-03,+91.7674299E-03
+5.1095687E-03,+4.5227695E-03,-49.5935455E-03,+91.7717734E-03
+5.1098625E-03,+3.4517161E-03,-49.5584632E-03,+91.7787899E-03
+5.1101562E-03,+5.9543690E-03,-49.6152631E-03,+91.7696017E-03
+5.1104500E-03,+10.5477848E-03,-49.5283926E-03,+91.7774534E-03
+5.1107437E-03,+14.0073733E-03,-49.3880633E-03,+91.7831334E-03
+5.1110375E-03,+14.9575831E-03,-49.5718279E-03,+91.7787899E-03
+5.1113312E-03,+12.3837766E-03,-49.3930751E-03,+91.7717734E-03
+5.1116250E-03,+8.4899892E-03,-49.2443928E-03,+91.7787899E-03
+5.1119187E-03,+5.9584853E-03,-49.3446280E-03,+91.7739452E-03
+5.1122125E-03,+4.5898436E-03,-49.4582280E-03,+91.7888134E-03
+5.1125062E-03,+5.9553246E-03,-49.4582280E-03,+91.7766181E-03
+5.1128000E-03,+10.5734751E-03,-49.5233808E-03,+91.7639217E-03
+5.1130937E-03,+15.3460981E-03,-49.6503455E-03,+91.7731099E-03
+5.1133875E-03,+16.5850756E-03,-49.4933103E-03,+91.7630864E-03
+5.1136812E-03,+13.5500935E-03,-49.3797104E-03,+91.7495546E-03
+5.1139750E-03,+9.2043188E-03,-49.4448633E-03,+91.7525617E-03
+5.1142687E-03,+5.2212954E-03,-49.5501102E-03,+91.7731099E-03
+5.1145625E-03,+3.6522033E-03,-49.3579927E-03,+91.7717734E-03
+5.1148562E-03,+5.7162469E-03,-49.3446280E-03,+91.7809617E-03
+5.1151500E-03,+9.8628943E-03,-49.4365103E-03,+91.7709382E-03
+5.1154437E-03,+13.7879584E-03,-49.3362751E-03,+91.7595782E-03
+5.1157375E-03,+15.5757671E-03,-49.2661105E-03,+91.7574064E-03
+5.1160312E-03,+12.9467577E-03,-49.4448633E-03,+91.7560699E-03
+5.1163250E-03,+8.1858221E-03,-49.5501102E-03,+91.7696017E-03
+5.1166187E-03,+4.5294585E-03,-49.3362751E-03,+91.7731099E-03
+5.1169125E-03,+2.7675606E-03,-49.3746986E-03,+91.7696017E-03
+5.1172062E-03,+4.0798234E-03,-49.6637101E-03,+91.7774534E-03
+5.1175000E-03,+8.1499880E-03,-49.3797104E-03,+91.7744464E-03
+5.1177937E-03,+11.8379591E-03,-49.3145575E-03,+91.7560699E-03
+5.1180875E-03,+12.7514160E-03,-49.1658752E-03,+91.7652582E-03
+5.1183812E-03,+11.5882230E-03,-49.3312633E-03,+91.7639217E-03
+5.1186750E-03,+8.1009229E-03,-49.5718279E-03,+91.7774534E-03
+5.1189687E-03,+4.8156535E-03,-49.3713574E-03,+91.7787899E-03
+5.1192625E-03,+4.1003315E-03,-49.2310281E-03,+91.7717734E-03
+5.1195562E-03,+5.5782029E-03,-49.4147927E-03,+91.7787899E-03
+5.1198500E-03,+9.3444577E-03,-49.3663457E-03,+91.7696017E-03
+5.1201437E-03,+14.5722656E-03,-49.4933103E-03,+91.7752817E-03
+5.1204375E-03,+15.8543909E-03,-49.3797104E-03,+91.7709382E-03
+5.1207312E-03,+14.1848164E-03,-49.4014280E-03,+91.7660935E-03
+5.1210250E-03,+10.8463655E-03,-49.4147927E-03,+91.7787899E-03
+5.1213187E-03,+6.3413037E-03,-49.3229104E-03,+91.7674299E-03
+5.1216125E-03,+3.7941430E-03,-49.3797104E-03,+91.7652582E-03
+5.1219062E-03,+4.6930090E-03,-49.4448633E-03,+91.7639217E-03
+5.1222000E-03,+8.3469469E-03,-49.5501102E-03,+91.7796252E-03
+5.1224937E-03,+12.9806439E-03,-49.4014280E-03,+91.7822981E-03
+5.1227875E-03,+15.3344107E-03,-49.3496398E-03,+91.7617499E-03
+5.1230812E-03,+14.0037347E-03,-49.1959458E-03,+91.7674299E-03
+5.1233750E-03,+10.0690414E-03,-49.4715926E-03,+91.7609146E-03
+5.1236687E-03,+5.9011140E-03,-49.3446280E-03,+91.7482182E-03
+5.1239625E-03,+3.4710114E-03,-49.4365103E-03,+91.7639217E-03
+5.1242562E-03,+4.5267388E-03,-49.4448633E-03,+91.7774534E-03
+5.1245500E-03,+8.6158312E-03,-49.6152631E-03,+91.7744464E-03
+5.1248437E-03,+13.2421409E-03,-49.5935455E-03,+91.7517264E-03
+5.1251375E-03,+15.4905738E-03,-49.4715926E-03,+91.7560699E-03
+5.1254312E-03,+15.0921355E-03,-49.3663457E-03,+91.7630864E-03
+5.1257250E-03,+11.9169043E-03,-49.5584632E-03,+91.7582417E-03
+5.1260187E-03,+7.4720438E-03,-49.5501102E-03,+91.7731099E-03
+5.1263125E-03,+4.1496907E-03,-49.4231456E-03,+91.7761170E-03
+5.1266062E-03,+3.9172285E-03,-49.4064398E-03,+91.7944934E-03
+5.1269000E-03,+7.1746025E-03,-49.1525105E-03,+91.7787899E-03
+5.1271937E-03,+11.6217417E-03,-49.3579927E-03,+91.7674299E-03
+5.1274875E-03,+13.9753615E-03,-49.2794751E-03,+91.7696017E-03
+5.1277812E-03,+13.6065093E-03,-49.2226752E-03,+91.7731099E-03
+5.1280750E-03,+10.8407055E-03,-49.2443928E-03,+91.7630864E-03
+5.1283687E-03,+6.9187654E-03,-49.3446280E-03,+91.7560699E-03
+5.1286625E-03,+3.5163277E-03,-49.3713574E-03,+91.7674299E-03
+5.1289562E-03,+2.8093487E-03,-49.1658752E-03,+91.7630864E-03
+5.1292500E-03,+5.7958169E-03,-49.2226752E-03,+91.7495546E-03
+5.1295437E-03,+10.4829894E-03,-49.2443928E-03,+91.7503899E-03
+5.1298375E-03,+14.3756742E-03,-49.3663457E-03,+91.7630864E-03
+5.1301312E-03,+14.4058116E-03,-49.4498750E-03,+91.7538982E-03
+5.1304250E-03,+12.3311464E-03,-49.2661105E-03,+91.7595782E-03
+5.1307187E-03,+8.6646758E-03,-49.3362751E-03,+91.7552346E-03
+5.1310125E-03,+5.5579521E-03,-49.2009576E-03,+91.7482182E-03
+5.1313062E-03,+4.2793550E-03,-49.2527458E-03,+91.7552346E-03
+5.1316000E-03,+5.6296202E-03,-49.4715926E-03,+91.7395311E-03
+5.1318937E-03,+8.8728443E-03,-49.3011928E-03,+91.7325147E-03
+5.1321875E-03,+12.7062467E-03,-49.2794751E-03,+91.7503899E-03
+5.1324812E-03,+13.6115444E-03,-49.1358047E-03,+91.7696017E-03
+5.1327750E-03,+13.0965993E-03,-48.9737577E-03,+91.7709382E-03
+5.1330687E-03,+10.2195078E-03,-49.2093105E-03,+91.7617499E-03
+5.1333625E-03,+6.6502486E-03,-49.3579927E-03,+91.7609146E-03
+5.1336562E-03,+4.6538672E-03,-49.3446280E-03,+91.7460464E-03
+5.1339500E-03,+5.2150106E-03,-49.3930751E-03,+91.7582417E-03
+5.1342437E-03,+9.0502506E-03,-49.1792399E-03,+91.7687664E-03
+5.1345375E-03,+12.8765597E-03,-49.1090753E-03,+91.7495546E-03
+5.1348312E-03,+14.6855013E-03,-49.2009576E-03,+91.7503899E-03
+5.1351250E-03,+13.3381395E-03,-49.1441576E-03,+91.7674299E-03
+5.1354187E-03,+10.8093921E-03,-49.1441576E-03,+91.7652582E-03
+5.1357125E-03,+6.7348171E-03,-49.1875929E-03,+91.7617499E-03
+5.1360062E-03,+4.8572945E-03,-49.2794751E-03,+91.7652582E-03
+5.1363000E-03,+4.5407049E-03,-49.2443928E-03,+91.7595782E-03
+5.1365937E-03,+7.6983682E-03,-49.3011928E-03,+91.7595782E-03
+5.1368875E-03,+11.7834913E-03,-49.3663457E-03,+91.7595782E-03
+5.1371812E-03,+13.8514307E-03,-49.4281574E-03,+91.7595782E-03
+5.1374750E-03,+13.0998704E-03,-49.1224400E-03,+91.7595782E-03
+5.1377687E-03,+9.8567933E-03,-49.1525105E-03,+91.7660935E-03
+5.1380625E-03,+6.2698192E-03,-49.3145575E-03,+91.7809617E-03
+5.1383562E-03,+4.2051876E-03,-49.1658752E-03,+91.7709382E-03
+5.1386500E-03,+4.1972857E-03,-49.2443928E-03,+91.7574064E-03
+5.1389437E-03,+7.1950003E-03,-49.2577575E-03,+91.7560699E-03
+5.1392375E-03,+11.3666397E-03,-49.1224400E-03,+91.7652582E-03
+5.1395312E-03,+14.1112003E-03,-49.1090753E-03,+91.7595782E-03
+5.1398250E-03,+14.4317592E-03,-49.1575223E-03,+91.7574064E-03
+5.1401187E-03,+11.6278427E-03,-48.9654048E-03,+91.7538982E-03
+5.1404125E-03,+7.3919224E-03,-48.9954754E-03,+91.7639217E-03
+5.1407062E-03,+3.7638954E-03,-49.2226752E-03,+91.7709382E-03
+5.1410000E-03,+3.4377500E-03,-49.1575223E-03,+91.7574064E-03
+5.1412937E-03,+6.3198767E-03,-48.9436872E-03,+91.7582417E-03
+5.1415875E-03,+9.7765617E-03,-48.9386754E-03,+91.7731099E-03
+5.1418812E-03,+13.8904623E-03,-49.2009576E-03,+91.7696017E-03
+5.1421750E-03,+14.8289479E-03,-49.1441576E-03,+91.7731099E-03
+5.1424687E-03,+12.7029389E-03,-49.1441576E-03,+91.7630864E-03
+5.1427625E-03,+9.2219235E-03,-49.1224400E-03,+91.7560699E-03
+5.1430562E-03,+5.1281635E-03,-49.0873576E-03,+91.7674299E-03
+5.1433500E-03,+3.4302892E-03,-49.1875929E-03,+91.7630864E-03
+5.1436437E-03,+5.2884429E-03,-49.2360399E-03,+91.7582417E-03
+5.1439375E-03,+10.2884563E-03,-49.0004871E-03,+91.7731099E-03
+5.1442312E-03,+13.7842096E-03,-48.8952401E-03,+91.7652582E-03
+5.1445250E-03,+15.3343740E-03,-49.1090753E-03,+91.7595782E-03
+5.1448187E-03,+13.9622040E-03,-49.1140870E-03,+91.7617499E-03
+5.1451125E-03,+10.1088448E-03,-48.8952401E-03,+91.7630864E-03
+5.1454062E-03,+6.0792186E-03,-49.0873576E-03,+91.7538982E-03
+5.1457000E-03,+3.3050352E-03,-49.1224400E-03,+91.7617499E-03
+5.1459937E-03,+4.1030512E-03,-49.1525105E-03,+91.7652582E-03
+5.1462875E-03,+7.7940360E-03,-49.2711222E-03,+91.7595782E-03
+5.1465812E-03,+12.3057134E-03,-49.0305577E-03,+91.7617499E-03
+5.1468750E-03,+14.8102407E-03,-49.1007223E-03,+91.7630864E-03
+5.1471687E-03,+13.8765697E-03,-48.9871224E-03,+91.7538982E-03
+5.1474625E-03,+10.3759650E-03,-48.9871224E-03,+91.7639217E-03
+5.1477562E-03,+6.2756630E-03,-48.9654048E-03,+91.7731099E-03
+5.1480500E-03,+3.5602107E-03,-49.0389106E-03,+91.7630864E-03
+5.1483437E-03,+3.5175038E-03,-49.2928398E-03,+91.7582417E-03
+5.1486375E-03,+7.2209846E-03,-49.1525105E-03,+91.7687664E-03
+5.1489312E-03,+11.9490999E-03,-49.2928398E-03,+91.7560699E-03
+5.1492250E-03,+13.7299623E-03,-49.0439224E-03,+91.7587429E-03
+5.1495187E-03,+13.3100970E-03,-49.0305577E-03,+91.7403664E-03
+5.1498125E-03,+10.2195813E-03,-49.0790047E-03,+91.7582417E-03
+5.1501062E-03,+6.4791638E-03,-48.9520401E-03,+91.7687664E-03
+5.1504000E-03,+4.1129010E-03,-49.0222048E-03,+91.7473829E-03
+5.1506937E-03,+4.4497047E-03,-48.9520401E-03,+91.7360229E-03
+5.1509875E-03,+7.2792012E-03,-49.0222048E-03,+91.7447099E-03
+5.1512812E-03,+12.2623082E-03,-48.9303225E-03,+91.7674299E-03
+5.1515750E-03,+15.0360138E-03,-48.9871224E-03,+91.7674299E-03
+5.1518687E-03,+14.3298801E-03,-48.9654048E-03,+91.7696017E-03
+5.1521625E-03,+10.8864997E-03,-48.9086048E-03,+91.7687664E-03
+5.1524562E-03,+6.7247100E-03,-48.9303225E-03,+91.7517264E-03
+5.1527500E-03,+4.0060236E-03,-49.0088401E-03,+91.7625852E-03
+5.1530437E-03,+4.1948233E-03,-49.1307929E-03,+91.7866417E-03
+5.1533375E-03,+8.1891666E-03,-49.2143223E-03,+91.7709382E-03
+5.1536312E-03,+12.8166524E-03,-49.0522753E-03,+91.7617499E-03
+5.1539250E-03,+15.8760752E-03,-49.1792399E-03,+91.7674299E-03
+5.1542187E-03,+14.9298714E-03,-49.0873576E-03,+91.7652582E-03
+5.1545125E-03,+11.1648295E-03,-49.1224400E-03,+91.7552346E-03
+5.1548062E-03,+6.7857566E-03,-49.0439224E-03,+91.7460464E-03
+5.1551000E-03,+3.3806727E-03,-49.0305577E-03,+91.7430394E-03
+5.1553937E-03,+3.3743512E-03,-49.0790047E-03,+91.7355217E-03
+5.1556875E-03,+6.0556600E-03,-48.9954754E-03,+91.7709382E-03
+5.1559812E-03,+11.3744681E-03,-49.1575223E-03,+91.7639217E-03
+5.1562750E-03,+15.3711636E-03,-49.0088401E-03,+91.7752817E-03
+5.1565687E-03,+15.2540689E-03,-49.0439224E-03,+91.7731099E-03
+5.1568625E-03,+11.1158011E-03,-48.9654048E-03,+91.7630864E-03
+5.1571562E-03,+6.2740091E-03,-48.9303225E-03,+91.7517264E-03
+5.1574500E-03,+2.8155232E-03,-48.9436872E-03,+91.7538982E-03
+5.1577437E-03,+3.1389488E-03,-48.8300873E-03,+91.7639217E-03
+5.1580375E-03,+6.9738580E-03,-48.8518049E-03,+91.7774534E-03
+5.1583312E-03,+11.2827696E-03,-48.9086048E-03,+91.7701029E-03
+5.1586250E-03,+14.9555617E-03,-48.9303225E-03,+91.7447099E-03
+5.1589187E-03,+15.6427677E-03,-48.9654048E-03,+91.7652582E-03
+5.1592125E-03,+12.5573974E-03,-48.9737577E-03,+91.7552346E-03
+5.1595062E-03,+8.4254879E-03,-49.0572871E-03,+91.7438746E-03
+5.1598000E-03,+5.3545982E-03,-48.9169578E-03,+91.7438746E-03
+5.1600937E-03,+3.5501404E-03,-49.1007223E-03,+91.7482182E-03
+5.1603875E-03,+5.5461544E-03,-48.8785343E-03,+91.7617499E-03
+5.1606812E-03,+10.0965693E-03,-48.7031226E-03,+91.7652582E-03
+5.1609750E-03,+14.2418569E-03,-49.0088401E-03,+91.7552346E-03
+5.1612687E-03,+15.5930777E-03,-49.0439224E-03,+91.7503899E-03
+5.1615625E-03,+13.9729726E-03,-49.0088401E-03,+91.7630864E-03
+5.1618562E-03,+8.8238159E-03,-49.0873576E-03,+91.7517264E-03
+5.1621500E-03,+3.8807329E-03,-49.0790047E-03,+91.7582417E-03
+5.1624437E-03,+1.9931400E-03,-48.9303225E-03,+91.7665946E-03
+5.1627375E-03,+3.7992517E-03,-48.9654048E-03,+91.7525617E-03
+5.1630312E-03,+9.6675158E-03,-48.9086048E-03,+91.7752817E-03
+5.1633250E-03,+15.0353155E-03,-48.8651696E-03,+91.7774534E-03
+5.1636187E-03,+16.7832473E-03,-48.7732873E-03,+91.7766181E-03
+5.1639125E-03,+14.5316168E-03,-48.8083696E-03,+91.7617499E-03
+5.1642062E-03,+10.1922739E-03,-48.8167226E-03,+91.7609146E-03
+5.1645000E-03,+5.1569410E-03,-49.0305577E-03,+91.7503899E-03
+5.1647937E-03,+2.9613220E-03,-49.1007223E-03,+91.7652582E-03
+5.1650875E-03,+4.1686184E-03,-48.9654048E-03,+91.7574064E-03
+5.1653812E-03,+8.5865759E-03,-48.9520401E-03,+91.7495546E-03
+5.1656750E-03,+13.4567044E-03,-49.0439224E-03,+91.7525617E-03
+5.1659687E-03,+15.0372267E-03,-49.0522753E-03,+91.7731099E-03
+5.1662625E-03,+13.2891111E-03,-49.0923694E-03,+91.7630864E-03
+5.1665562E-03,+10.2990411E-03,-48.7732873E-03,+91.7495546E-03
+5.1668500E-03,+6.0650688E-03,-48.8952401E-03,+91.7482182E-03
+5.1671437E-03,+4.2992383E-03,-49.0873576E-03,+91.7617499E-03
+5.1674375E-03,+4.4606938E-03,-49.1658752E-03,+91.7717734E-03
+5.1677312E-03,+7.3378956E-03,-49.1140870E-03,+91.7787899E-03
+5.1680250E-03,+11.6978937E-03,-48.8300873E-03,+91.7609146E-03
+5.1683187E-03,+14.2680249E-03,-48.8518049E-03,+91.7460464E-03
+5.1686125E-03,+13.5395087E-03,-48.9086048E-03,+91.7582417E-03
+5.1689062E-03,+10.4794979E-03,-48.8868872E-03,+91.7709382E-03
+5.1692000E-03,+6.6233823E-03,-48.8300873E-03,+91.7552346E-03
+5.1694937E-03,+4.7633173E-03,-48.8952401E-03,+91.7438746E-03
+5.1697875E-03,+6.1067466E-03,-49.0222048E-03,+91.7503899E-03
+5.1700812E-03,+8.3208891E-03,-48.8868872E-03,+91.7609146E-03
+5.1703750E-03,+12.5040321E-03,-48.9386754E-03,+91.7460464E-03
+5.1706687E-03,+14.9703731E-03,-49.1140870E-03,+91.7517264E-03
+5.1709625E-03,+14.2676207E-03,-48.7866520E-03,+91.7560699E-03
+5.1712562E-03,+11.2456491E-03,-48.7164873E-03,+91.7652582E-03
+5.1715500E-03,+7.3569337E-03,-48.9169578E-03,+91.7595782E-03
+5.1718437E-03,+3.7946576E-03,-49.0790047E-03,+91.7617499E-03
+5.1721375E-03,+4.2486663E-03,-48.9737577E-03,+91.7630864E-03
+5.1724312E-03,+7.4695446E-03,-49.1007223E-03,+91.7517264E-03
+5.1727250E-03,+12.0057729E-03,-48.9871224E-03,+91.7495546E-03
+5.1730187E-03,+15.0620349E-03,-48.9436872E-03,+91.7460464E-03
+5.1733125E-03,+15.0564117E-03,-48.8952401E-03,+91.7538982E-03
+5.1736062E-03,+12.3655472E-03,-48.9570519E-03,+91.7574064E-03
+5.1739000E-03,+7.7068214E-03,-48.7164873E-03,+91.7495546E-03
+5.1741937E-03,+3.8900314E-03,-48.8735225E-03,+91.7438746E-03
+5.1744875E-03,+3.6271745E-03,-49.0088401E-03,+91.7417029E-03
+5.1747812E-03,+6.1631990E-03,-49.0439224E-03,+91.7403664E-03
+5.1750750E-03,+10.1408198E-03,-49.0088401E-03,+91.7495546E-03
+5.1753687E-03,+13.1414746E-03,-49.0439224E-03,+91.7438746E-03
+5.1756625E-03,+14.1393162E-03,-48.9871224E-03,+91.7438746E-03
+5.1759562E-03,+12.7559366E-03,-48.9654048E-03,+91.7460464E-03
+5.1762500E-03,+9.4174490E-03,-48.8000167E-03,+91.7560699E-03
+5.1765437E-03,+4.9879511E-03,-48.6028874E-03,+91.7630864E-03
+5.1768375E-03,+3.2300225E-03,-48.8952401E-03,+91.7473829E-03
+5.1771312E-03,+5.4822043E-03,-49.0439224E-03,+91.7425382E-03
+5.1774250E-03,+9.9052336E-03,-48.9871224E-03,+91.7574064E-03
+5.1777187E-03,+14.0933016E-03,-48.9002519E-03,+91.7473829E-03
+5.1780125E-03,+14.7142788E-03,-48.7599226E-03,+91.7425382E-03
+5.1783062E-03,+12.7045928E-03,-48.9654048E-03,+91.7574064E-03
+5.1786000E-03,+8.5623190E-03,-48.9086048E-03,+91.7495546E-03
+5.1788937E-03,+4.1935737E-03,-48.8868872E-03,+91.7438746E-03
+5.1791875E-03,+2.4429589E-03,-48.8083696E-03,+91.7438746E-03
+5.1794812E-03,+4.7258661E-03,-48.7515697E-03,+91.7525617E-03
+5.1797750E-03,+9.6280432E-03,-48.7732873E-03,+91.7731099E-03
+5.1800687E-03,+14.5646945E-03,-48.8300873E-03,+91.7609146E-03
+5.1803625E-03,+16.1166230E-03,-48.8083696E-03,+91.7525617E-03
+5.1806562E-03,+14.4506869E-03,-48.7298520E-03,+91.7687664E-03
+5.1809500E-03,+10.2738654E-03,-48.6947697E-03,+91.7495546E-03
+5.1812437E-03,+5.3071134E-03,-48.7515697E-03,+91.7482182E-03
+5.1815375E-03,+2.6995678E-03,-48.7732873E-03,+91.7574064E-03
+5.1818312E-03,+3.8106818E-03,-48.7432167E-03,+91.7625852E-03
+5.1821250E-03,+7.9425913E-03,-48.6463227E-03,+91.7779546E-03
+5.1824187E-03,+12.7737250E-03,-48.9654048E-03,+91.7482182E-03
+5.1827125E-03,+15.5607352E-03,-48.8868872E-03,+91.7574064E-03
+5.1830062E-03,+14.9930129E-03,-48.8083696E-03,+91.7560699E-03
+5.1833000E-03,+10.7141285E-03,-48.8167226E-03,+91.7674299E-03
+5.1835937E-03,+5.5913972E-03,-48.9002519E-03,+91.7609146E-03
+5.1838875E-03,+2.1988093E-03,-48.6730521E-03,+91.7417029E-03
+5.1841812E-03,+2.6109565E-03,-48.6947697E-03,+91.7447099E-03
+5.1844750E-03,+6.3484337E-03,-48.7732873E-03,+91.7674299E-03
+5.1847687E-03,+12.1999385E-03,-48.8518049E-03,+91.7630864E-03
+5.1850625E-03,+15.8724366E-03,-48.9303225E-03,+91.7517264E-03
+5.1853562E-03,+14.8554835E-03,-49.0088401E-03,+91.7538982E-03
+5.1856500E-03,+11.5823426E-03,-48.9787695E-03,+91.7639217E-03
+5.1859437E-03,+7.0751491E-03,-48.7732873E-03,+91.7709382E-03
+5.1862375E-03,+3.7196816E-03,-48.8300873E-03,+91.7639217E-03
+5.1865312E-03,+3.0405613E-03,-48.7649344E-03,+91.7622511E-03
+5.1868250E-03,+6.1913150E-03,-48.5293816E-03,+91.7412017E-03
+5.1871187E-03,+11.8610032E-03,-48.4675699E-03,+91.7752817E-03
+5.1874125E-03,+16.6519659E-03,-48.7732873E-03,+91.7644229E-03
+5.1877062E-03,+16.3401174E-03,-48.8735225E-03,+91.7381946E-03
+5.1880000E-03,+13.0619414E-03,-48.9436872E-03,+91.7503899E-03
+5.1882937E-03,+7.9717364E-03,-48.8952401E-03,+91.7652582E-03
+5.1885875E-03,+4.1305424E-03,-48.9787695E-03,+91.7574064E-03
+5.1888812E-03,+3.2831673E-03,-48.7081344E-03,+91.7473829E-03
+5.1891750E-03,+5.8548788E-03,-48.6814050E-03,+91.7360229E-03
+5.1894687E-03,+10.4189659E-03,-48.8868872E-03,+91.7425382E-03
+5.1897625E-03,+15.0134475E-03,-48.8952401E-03,+91.7574064E-03
+5.1900562E-03,+15.6387983E-03,-49.0656400E-03,+91.7538982E-03
+5.1903500E-03,+12.4165234E-03,-48.9570519E-03,+91.7530629E-03
+5.1906437E-03,+7.7391272E-03,-48.6730521E-03,+91.7425382E-03
+5.1909375E-03,+4.6281769E-03,-48.6730521E-03,+91.7552346E-03
+5.1912312E-03,+3.5564619E-03,-48.7382050E-03,+91.7482182E-03
+5.1915250E-03,+5.5906622E-03,-48.8868872E-03,+91.7530629E-03
+5.1918187E-03,+10.5889848E-03,-48.8518049E-03,+91.7381946E-03
+5.1921125E-03,+14.8341301E-03,-48.8868872E-03,+91.7417029E-03
+5.1924062E-03,+16.3241299E-03,-48.8083696E-03,+91.7425382E-03
+5.1927000E-03,+12.7324515E-03,-48.7515697E-03,+91.7617499E-03
+5.1929937E-03,+8.1082367E-03,-48.7950049E-03,+91.7674299E-03
+5.1932875E-03,+4.4110407E-03,-48.8217343E-03,+91.7609146E-03
+5.1935812E-03,+2.7915235E-03,-48.6596874E-03,+91.7482182E-03
+5.1938750E-03,+5.2387898E-03,-48.8300873E-03,+91.7508911E-03
+5.1941687E-03,+9.9641486E-03,-48.7649344E-03,+91.7368582E-03
+5.1944625E-03,+13.5337385E-03,-48.6379698E-03,+91.7552346E-03
+5.1947562E-03,+14.6124365E-03,-48.7732873E-03,+91.7438746E-03
+5.1950500E-03,+12.4331358E-03,-48.7649344E-03,+91.7438746E-03
+5.1953437E-03,+8.4871225E-03,-48.6379698E-03,+91.7503899E-03
+5.1956375E-03,+4.9372689E-03,-48.6864168E-03,+91.7630864E-03
+5.1959312E-03,+3.4988701E-03,-48.4508640E-03,+91.7495546E-03
+5.1962250E-03,+4.9135632E-03,-48.3673347E-03,+91.7460464E-03
+5.1965187E-03,+10.1102781E-03,-48.5728169E-03,+91.7452111E-03
+5.1968125E-03,+15.3836596E-03,-48.5811698E-03,+91.7390299E-03
+5.1971062E-03,+16.8750561E-03,-48.7950049E-03,+91.7609146E-03
+5.1974000E-03,+14.5833649E-03,-48.8000167E-03,+91.7438746E-03
+5.1976937E-03,+10.2003595E-03,-48.5811698E-03,+91.7395311E-03
+5.1979875E-03,+5.6980909E-03,-48.7298520E-03,+91.7368582E-03
+5.1982812E-03,+3.2918409E-03,-48.6730521E-03,+91.7530629E-03
+5.1985750E-03,+4.9982419E-03,-48.7382050E-03,+91.7403664E-03
+5.1988687E-03,+9.2373597E-03,-48.8651696E-03,+91.7517264E-03
+5.1991625E-03,+13.7996458E-03,-48.6864168E-03,+91.7517264E-03
+5.1994562E-03,+15.3855708E-03,-48.6028874E-03,+91.7452111E-03
+5.1997500E-03,+13.6779569E-03,-48.8083696E-03,+91.7303429E-03
+5.2000437E-03,+10.7343059E-03,-48.7732873E-03,+91.7403664E-03
+5.2003375E-03,+5.6473719E-03,-48.7649344E-03,+91.7495546E-03
+5.2006312E-03,+2.8281294E-03,-48.7031226E-03,+91.7460464E-03
+5.2009250E-03,+3.1069738E-03,-48.9654048E-03,+91.7495546E-03
+5.2012187E-03,+7.2272326E-03,-48.8434520E-03,+91.7482182E-03
+5.2015125E-03,+11.8856276E-03,-48.7382050E-03,+91.7552346E-03
+5.2018062E-03,+15.4251904E-03,-48.8434520E-03,+91.7417029E-03
+5.2021000E-03,+14.1044010E-03,-48.6947697E-03,+91.7360229E-03
+5.2023937E-03,+11.1794571E-03,-48.7732873E-03,+91.7403664E-03
+5.2026875E-03,+6.9334666E-03,-48.8518049E-03,+91.7604135E-03
+5.2029812E-03,+3.5008180E-03,-48.8651696E-03,+91.7701029E-03
+5.2032750E-03,+3.7705109E-03,-48.7732873E-03,+91.7447099E-03
+5.2035687E-03,+7.8995904E-03,-48.8952401E-03,+91.7696017E-03
+5.2038625E-03,+12.4129952E-03,-49.0439224E-03,+91.7665946E-03
+5.2041562E-03,+15.7962111E-03,-48.9436872E-03,+91.7395311E-03
+5.2044500E-03,+16.4325878E-03,-48.8518049E-03,+91.7325147E-03
+5.2047437E-03,+12.7572597E-03,-48.9303225E-03,+91.7503899E-03
+5.2050375E-03,+7.4807910E-03,-48.8568166E-03,+91.7674299E-03
+5.2053312E-03,+3.9626184E-03,-48.6028874E-03,+91.7609146E-03
+5.2056250E-03,+4.0325592E-03,-48.8083696E-03,+91.7438746E-03
+5.2059187E-03,+6.8449288E-03,-48.6864168E-03,+91.7438746E-03
+5.2062125E-03,+11.2899731E-03,-48.5594522E-03,+91.7460464E-03
+5.2065062E-03,+14.8052790E-03,-48.6947697E-03,+91.7473829E-03
+5.2068000E-03,+15.5593385E-03,-48.7298520E-03,+91.7403664E-03
+5.2070937E-03,+12.3103075E-03,-48.6513345E-03,+91.7560699E-03
+5.2073875E-03,+7.5132438E-03,-48.5728169E-03,+91.7652582E-03
+5.2076812E-03,+4.3153361E-03,-48.5811698E-03,+91.7552346E-03
+5.2079750E-03,+3.4482981E-03,-48.7950049E-03,+91.7417029E-03
+5.2082687E-03,+5.6032684E-03,-48.8651696E-03,+91.7381946E-03
+5.2085625E-03,+10.2484691E-03,-48.7298520E-03,+91.7460464E-03
+5.2088562E-03,+13.9856156E-03,-48.6513345E-03,+91.7495546E-03
+5.2091500E-03,+14.9297244E-03,-48.6162521E-03,+91.7460464E-03
+5.2094437E-03,+12.6253903E-03,-48.7382050E-03,+91.7473829E-03
+5.2097375E-03,+7.8249453E-03,-48.8434520E-03,+91.7425382E-03
+5.2100312E-03,+4.7770262E-03,-48.7164873E-03,+91.7530629E-03
+5.2103250E-03,+4.3771177E-03,-48.8300873E-03,+91.7360229E-03
+5.2106187E-03,+5.8982105E-03,-48.7866520E-03,+91.7381946E-03
+5.2109125E-03,+10.3381094E-03,-48.6947697E-03,+91.7417029E-03
+5.2112062E-03,+13.9238707E-03,-48.7298520E-03,+91.7425382E-03
+5.2115000E-03,+15.2462037E-03,-48.7816402E-03,+91.7617499E-03
+5.2117937E-03,+12.0830643E-03,-48.9353342E-03,+91.7609146E-03
+5.2120875E-03,+8.1648730E-03,-48.6379698E-03,+91.7417029E-03
+5.2123812E-03,+4.5843674E-03,-48.6864168E-03,+91.7360229E-03
+5.2126750E-03,+3.3807462E-03,-48.6028874E-03,+91.7468817E-03
+5.2129687E-03,+5.1501417E-03,-48.7866520E-03,+91.7752817E-03
+5.2132625E-03,+9.7994955E-03,-48.7599226E-03,+91.7709382E-03
+5.2135562E-03,+13.8798407E-03,-48.9219695E-03,+91.7552346E-03
+5.2138500E-03,+15.2428225E-03,-48.7081344E-03,+91.7460464E-03
+5.2141437E-03,+13.2430965E-03,-48.5945345E-03,+91.7538982E-03
+5.2144375E-03,+9.0606517E-03,-48.6596874E-03,+91.7574064E-03
+5.2147312E-03,+5.7736182E-03,-48.7214991E-03,+91.7495546E-03
+5.2150250E-03,+3.4753850E-03,-48.5460875E-03,+91.7460464E-03
+5.2153187E-03,+5.1159248E-03,-48.8735225E-03,+91.7517264E-03
+5.2156125E-03,+9.9176194E-03,-48.8785343E-03,+91.7517264E-03
+5.2159062E-03,+14.0978590E-03,-48.5945345E-03,+91.7495546E-03
+5.2162000E-03,+15.8108755E-03,-48.6162521E-03,+91.7482182E-03
+5.2164937E-03,+14.2126751E-03,-48.7164873E-03,+91.7530629E-03
+5.2167875E-03,+9.7158826E-03,-48.7432167E-03,+91.7403664E-03
+5.2170812E-03,+5.0435583E-03,-48.5377345E-03,+91.7538982E-03
+5.2173750E-03,+3.4238574E-03,-48.5728169E-03,+91.7595782E-03
+5.2176687E-03,+4.5209319E-03,-48.5811698E-03,+91.7552346E-03
+5.2179625E-03,+8.6843386E-03,-48.7732873E-03,+91.7460464E-03
+5.2182562E-03,+12.8133446E-03,-48.7649344E-03,+91.7495546E-03
+5.2185500E-03,+14.2890476E-03,-48.6379698E-03,+91.7417029E-03
+5.2188437E-03,+12.9007063E-03,-48.7298520E-03,+91.7381946E-03
+5.2191375E-03,+9.7050405E-03,-48.6730521E-03,+91.7438746E-03
+5.2194312E-03,+5.5049544E-03,-48.6513345E-03,+91.7395311E-03
+5.2197250E-03,+3.2538384E-03,-48.6162521E-03,+91.7325147E-03
+5.2200187E-03,+4.8347650E-03,-48.6730521E-03,+91.7482182E-03
+5.2203125E-03,+9.1329447E-03,-48.6513345E-03,+91.7552346E-03
+5.2206062E-03,+12.8244808E-03,-48.6379698E-03,+91.7460464E-03
+5.2209000E-03,+14.7674235E-03,-48.7298520E-03,+91.7538982E-03
+5.2211937E-03,+13.2629430E-03,-48.6513345E-03,+91.7595782E-03
+5.2214875E-03,+11.0784234E-03,-48.6596874E-03,+91.7595782E-03
+5.2217812E-03,+6.8101606E-03,-48.7649344E-03,+91.7574064E-03
+5.2220750E-03,+3.1138466E-03,-48.6596874E-03,+91.7452111E-03
+5.2223687E-03,+3.0057930E-03,-48.7649344E-03,+91.7325147E-03
+5.2226625E-03,+6.6141205E-03,-48.6162521E-03,+91.7395311E-03
+5.2229562E-03,+10.7028454E-03,-48.7164873E-03,+91.7368582E-03
+5.2232500E-03,+13.5078277E-03,-48.8083696E-03,+91.7552346E-03
+5.2235437E-03,+13.9841822E-03,-48.7732873E-03,+91.7460464E-03
+5.2238375E-03,+11.2242589E-03,-48.7649344E-03,+91.7538982E-03
+5.2241312E-03,+8.1530018E-03,-48.5728169E-03,+91.7574064E-03
+5.2244250E-03,+4.1280065E-03,-48.5377345E-03,+91.7473829E-03
+5.2247187E-03,+3.1482841E-03,-48.6596874E-03,+91.7381946E-03
+5.2250125E-03,+6.9561064E-03,-48.7649344E-03,+91.7482182E-03
+5.2253062E-03,+11.5887743E-03,-48.5510992E-03,+91.7617499E-03
+5.2256000E-03,+14.4799790E-03,-48.3940641E-03,+91.7565711E-03
+5.2258937E-03,+15.1251029E-03,-48.3890523E-03,+91.7346864E-03
+5.2261875E-03,+12.9798721E-03,-48.7382050E-03,+91.7495546E-03
+5.2264812E-03,+9.3738968E-03,-48.7782991E-03,+91.7503899E-03
+5.2267750E-03,+5.0963722E-03,-48.4809346E-03,+91.7652582E-03
+5.2270687E-03,+3.6430885E-03,-48.6596874E-03,+91.7639217E-03
+5.2273625E-03,+5.4364837E-03,-48.7432167E-03,+91.7644229E-03
+5.2276562E-03,+8.9908212E-03,-48.4942993E-03,+91.7403664E-03
+5.2279500E-03,+12.3525366E-03,-48.4809346E-03,+91.7517264E-03
+5.2282437E-03,+13.9483114E-03,-48.6162521E-03,+91.7452111E-03
+5.2285375E-03,+12.1181265E-03,-48.6296168E-03,+91.7281711E-03
+5.2288312E-03,+9.7008874E-03,-48.6028874E-03,+91.7346864E-03
+5.2291250E-03,+6.1562895E-03,-48.8083696E-03,+91.7517264E-03
+5.2294187E-03,+5.2915670E-03,-48.7298520E-03,+91.7495546E-03
+5.2297125E-03,+6.0211490E-03,-48.6947697E-03,+91.7417029E-03
+5.2300062E-03,+8.9742088E-03,-48.7298520E-03,+91.7403664E-03
+5.2303000E-03,+12.4099079E-03,-48.6730521E-03,+91.7495546E-03
+5.2305937E-03,+14.2041116E-03,-48.6730521E-03,+91.7482182E-03
+5.2308875E-03,+13.4255012E-03,-48.7599226E-03,+91.7574064E-03
+5.2311812E-03,+10.7165542E-03,-48.8568166E-03,+91.7560699E-03
+5.2314750E-03,+7.2356123E-03,-48.4942993E-03,+91.7630864E-03
+5.2317687E-03,+4.6321829E-03,-48.3506288E-03,+91.7517264E-03
+5.2320625E-03,+4.9891640E-03,-48.2320171E-03,+91.7517264E-03
+5.2323562E-03,+8.0884269E-03,-48.4942993E-03,+91.7560699E-03
+5.2326500E-03,+11.8259776E-03,-48.4809346E-03,+91.7630864E-03
+5.2329437E-03,+14.2267882E-03,-48.6379698E-03,+91.7517264E-03
+5.2332375E-03,+13.7591441E-03,-48.7298520E-03,+91.7582417E-03
+5.2335312E-03,+10.4417527E-03,-48.6947697E-03,+91.7644229E-03
+5.2338250E-03,+6.0318809E-03,-48.7298520E-03,+91.7381946E-03
+5.2341187E-03,+3.9262697E-03,-48.6730521E-03,+91.7482182E-03
+5.2344125E-03,+4.6246118E-03,-48.6730521E-03,+91.7617499E-03
+5.2347062E-03,+7.4005226E-03,-48.7164873E-03,+91.7630864E-03
+5.2350000E-03,+12.2955696E-03,-48.7432167E-03,+91.7495546E-03
+5.2352937E-03,+14.6800619E-03,-48.5377345E-03,+91.7503899E-03
+5.2355875E-03,+14.3847890E-03,-48.5510992E-03,+91.7630864E-03
+5.2358812E-03,+11.1333322E-03,-48.5026522E-03,+91.7560699E-03
+5.2361750E-03,+6.7569424E-03,-48.7164873E-03,+91.7630864E-03
+5.2364687E-03,+4.0934955E-03,-48.8083696E-03,+91.7538982E-03
+5.2367625E-03,+4.2005200E-03,-48.6864168E-03,+91.7617499E-03
+5.2370562E-03,+7.8860653E-03,-48.6028874E-03,+91.7652582E-03
+5.2373500E-03,+11.9540248E-03,-48.7214991E-03,+91.7552346E-03
+5.2376437E-03,+14.9586489E-03,-48.5026522E-03,+91.7438746E-03
+5.2379375E-03,+14.8436491E-03,-48.6947697E-03,+91.7438746E-03
+5.2382312E-03,+11.5864589E-03,-48.7950049E-03,+91.7503899E-03
+5.2385250E-03,+7.2453886E-03,-48.8434520E-03,+91.7674299E-03
+5.2388187E-03,+3.3890524E-03,-48.6513345E-03,+91.7674299E-03
+5.2391125E-03,+2.3298702E-03,-48.5510992E-03,+91.7587429E-03
+5.2394062E-03,+5.4849608E-03,-48.5243698E-03,+91.7338511E-03
+5.2397000E-03,+10.7201927E-03,-48.6646991E-03,+91.7390299E-03
+5.2399937E-03,+14.9260123E-03,-48.4809346E-03,+91.7609146E-03
+5.2402875E-03,+15.8080455E-03,-48.6379698E-03,+91.7417029E-03
+5.2405812E-03,+13.5780625E-03,-48.7298520E-03,+91.7425382E-03
+5.2408750E-03,+8.7204300E-03,-48.5861816E-03,+91.7595782E-03
+5.2411687E-03,+4.7874272E-03,-48.5110051E-03,+91.7530629E-03
+5.2414625E-03,+3.1970919E-03,-48.8217343E-03,+91.7338511E-03
+5.2417562E-03,+4.7624353E-03,-48.6379698E-03,+91.7368582E-03
+5.2420500E-03,+9.6483308E-03,-48.7732873E-03,+91.7595782E-03
+5.2423437E-03,+13.9322871E-03,-48.6997815E-03,+91.7530629E-03
+5.2426375E-03,+15.2821481E-03,-48.4241346E-03,+91.7403664E-03
+5.2429312E-03,+14.0780859E-03,-48.6596874E-03,+91.7538982E-03
+5.2432250E-03,+9.7592878E-03,-48.7866520E-03,+91.7552346E-03
+5.2435187E-03,+5.1552136E-03,-48.6513345E-03,+91.7503899E-03
+5.2438125E-03,+2.6893137E-03,-48.5728169E-03,+91.7630864E-03
+5.2441062E-03,+4.0712232E-03,-48.5377345E-03,+91.7538982E-03
+5.2444000E-03,+9.0658706E-03,-48.6162521E-03,+91.7574064E-03
+5.2446937E-03,+13.4310141E-03,-48.6078992E-03,+91.7495546E-03
+5.2449875E-03,+14.6058945E-03,-48.4809346E-03,+91.7460464E-03
+5.2452812E-03,+12.7174195E-03,-48.5728169E-03,+91.7473829E-03
+5.2455750E-03,+8.8912208E-03,-48.4942993E-03,+91.7403664E-03
+5.2458687E-03,+4.7722483E-03,-48.5460875E-03,+91.7495546E-03
+5.2461625E-03,+3.2436579E-03,-48.6997815E-03,+91.7438746E-03
+5.2464562E-03,+5.3389782E-03,-48.4241346E-03,+91.7503899E-03
+5.2467500E-03,+9.3930083E-03,-48.5945345E-03,+91.7587429E-03
+5.2470437E-03,+13.3955108E-03,-48.5728169E-03,+91.7447099E-03
+5.2473375E-03,+15.7317097E-03,-48.5811698E-03,+91.7630864E-03
+5.2476312E-03,+14.7220337E-03,-48.6864168E-03,+91.7560699E-03
+5.2479250E-03,+11.2575571E-03,-48.5377345E-03,+91.7609146E-03
+5.2482187E-03,+7.0862852E-03,-48.6379698E-03,+91.7460464E-03
+5.2485125E-03,+4.4965647E-03,-48.7298520E-03,+91.7517264E-03
+5.2488062E-03,+3.9758127E-03,-48.6296168E-03,+91.7517264E-03
+5.2491000E-03,+7.2187059E-03,-48.4725816E-03,+91.7473829E-03
+5.2493937E-03,+10.4591000E-03,-48.4241346E-03,+91.7425382E-03
+5.2496875E-03,+13.9858361E-03,-48.6162521E-03,+91.7682652E-03
+5.2499812E-03,+14.7523548E-03,-48.6078992E-03,+91.7801264E-03
+5.2502750E-03,+11.6845892E-03,-48.4809346E-03,+91.7517264E-03
+5.2505687E-03,+6.8023690E-03,-48.6596874E-03,+91.7538982E-03
+5.2508625E-03,+4.6763232E-03,-48.7866520E-03,+91.7682652E-03
+5.2511562E-03,+4.1460154E-03,-48.6730521E-03,+91.7801264E-03
+5.2514500E-03,+6.4658960E-03,-48.6513345E-03,+91.7452111E-03
+5.2517437E-03,+10.8369567E-03,-48.5945345E-03,+91.7346864E-03
+5.2520375E-03,+13.9798086E-03,-48.5076640E-03,+91.7517264E-03
+5.2523312E-03,+14.3039325E-03,-48.3673347E-03,+91.7517264E-03
+5.2526250E-03,+11.7884162E-03,-48.5728169E-03,+91.7473829E-03
+5.2529187E-03,+7.7943668E-03,-48.4508640E-03,+91.7381946E-03
+5.2532125E-03,+4.8468200E-03,-48.3456170E-03,+91.7482182E-03
+5.2535062E-03,+4.2289300E-03,-48.5377345E-03,+91.7639217E-03
+5.2538000E-03,+6.7116260E-03,-48.6379698E-03,+91.7731099E-03
+5.2540937E-03,+10.8847723E-03,-48.6212639E-03,+91.7652582E-03
+5.2543875E-03,+13.8131709E-03,-48.3673347E-03,+91.7574064E-03
+5.2546812E-03,+14.4065834E-03,-48.5293816E-03,+91.7517264E-03
+5.2549750E-03,+11.3071368E-03,-48.3589817E-03,+91.7473829E-03
+5.2552687E-03,+7.6702522E-03,-48.4675699E-03,+91.7403664E-03
+5.2555625E-03,+4.2599494E-03,-48.6864168E-03,+91.7495546E-03
+5.2558562E-03,+3.1603390E-03,-48.6028874E-03,+91.7460464E-03
+5.2561500E-03,+6.0763887E-03,-48.7866520E-03,+91.7560699E-03
+5.2564437E-03,+9.8788083E-03,-48.6513345E-03,+91.7630864E-03
+5.2567375E-03,+14.1987825E-03,-48.5293816E-03,+91.7495546E-03
+5.2570312E-03,+14.2518169E-03,-48.4241346E-03,+91.7460464E-03
+5.2573250E-03,+12.2788838E-03,-48.5945345E-03,+91.7517264E-03
+5.2576187E-03,+9.1630453E-03,-48.6162521E-03,+91.7538982E-03
+5.2579125E-03,+5.4188055E-03,-48.6296168E-03,+91.7617499E-03
+5.2582062E-03,+3.0658105E-03,-48.5160169E-03,+91.7652582E-03
+5.2585000E-03,+5.1548829E-03,-48.5811698E-03,+91.7530629E-03
+5.2587937E-03,+9.6907804E-03,-48.6864168E-03,+91.7295076E-03
+5.2590875E-03,+14.0312259E-03,-48.4942993E-03,+91.7189829E-03
+5.2593812E-03,+15.4685956E-03,-48.4809346E-03,+91.7425382E-03
+5.2596750E-03,+13.6678866E-03,-48.6162521E-03,+91.7595782E-03
+5.2599687E-03,+9.6223832E-03,-48.6296168E-03,+91.7639217E-03
+5.2602625E-03,+5.1187548E-03,-48.4725816E-03,+91.7665946E-03
+5.2605562E-03,+2.8918957E-03,-48.3589817E-03,+91.7482182E-03
+5.2608500E-03,+4.2285992E-03,-48.4024170E-03,+91.7552346E-03
+5.2611437E-03,+8.5635318E-03,-48.5377345E-03,+91.7417029E-03
+5.2614375E-03,+13.1285376E-03,-48.5510992E-03,+91.7360229E-03
+5.2617312E-03,+15.5686738E-03,-48.4592170E-03,+91.7403664E-03
+5.2620250E-03,+14.0029262E-03,-48.4725816E-03,+91.7538982E-03
+5.2623187E-03,+9.7179776E-03,-48.4241346E-03,+91.7595782E-03
+5.2626125E-03,+5.5604880E-03,-48.5510992E-03,+91.7574064E-03
+5.2629062E-03,+2.5903748E-03,-48.3940641E-03,+91.7495546E-03
+5.2632000E-03,+3.8543075E-03,-48.3238994E-03,+91.7395311E-03
+5.2634937E-03,+7.8499372E-03,-48.4592170E-03,+91.7346864E-03
+5.2637875E-03,+12.2709084E-03,-48.5594522E-03,+91.7538982E-03
+5.2640812E-03,+14.5877385E-03,-48.6730521E-03,+91.7595782E-03
+5.2643750E-03,+13.9797351E-03,-48.6296168E-03,+91.7617499E-03
+5.2646687E-03,+10.2676541E-03,-48.4942993E-03,+91.7609146E-03
+5.2649625E-03,+5.5549383E-03,-48.5026522E-03,+91.7417029E-03
+5.2652562E-03,+2.9925620E-03,-48.6078992E-03,+91.7447099E-03
+5.2655500E-03,+3.9952549E-03,-48.4374993E-03,+91.7609146E-03
+5.2658437E-03,+8.0276376E-03,-48.4809346E-03,+91.7525617E-03
+5.2661375E-03,+12.6716254E-03,-48.5728169E-03,+91.7731099E-03
+5.2664312E-03,+15.4490431E-03,-48.4942993E-03,+91.7587429E-03
+5.2667250E-03,+14.0561444E-03,-48.4157817E-03,+91.7360229E-03
+5.2670187E-03,+10.8405218E-03,-48.3589817E-03,+91.7381946E-03
+5.2673125E-03,+5.6500549E-03,-48.4024170E-03,+91.7438746E-03
+5.2676062E-03,+2.5342164E-03,-48.5377345E-03,+91.7460464E-03
+5.2679000E-03,+3.8575785E-03,-48.5510992E-03,+91.7538982E-03
+5.2681937E-03,+7.6189819E-03,-48.4374993E-03,+91.7639217E-03
+5.2684875E-03,+12.0832848E-03,-48.4157817E-03,+91.7687664E-03
+5.2687812E-03,+15.3649891E-03,-48.4458523E-03,+91.7517264E-03
+5.2690750E-03,+15.6315948E-03,-48.6296168E-03,+91.7495546E-03
+5.2693687E-03,+11.4173587E-03,-48.4725816E-03,+91.7525617E-03
+5.2696625E-03,+7.8805892E-03,-48.4024170E-03,+91.7687664E-03
+5.2699562E-03,+4.2843901E-03,-48.5377345E-03,+91.7517264E-03
+5.2702500E-03,+4.3104112E-03,-48.6162521E-03,+91.7495546E-03
+5.2705437E-03,+7.9425178E-03,-48.5861816E-03,+91.7438746E-03
+5.2708375E-03,+12.4520267E-03,-48.3372641E-03,+91.7460464E-03
+5.2711312E-03,+15.6382838E-03,-48.3456170E-03,+91.7538982E-03
+5.2714250E-03,+15.3565727E-03,-48.6028874E-03,+91.7574064E-03
+5.2717187E-03,+11.9594275E-03,-48.6780638E-03,+91.7582417E-03
+5.2720125E-03,+6.8794766E-03,-48.3890523E-03,+91.7731099E-03
+5.2723062E-03,+3.7984799E-03,-48.6296168E-03,+91.7609146E-03
+5.2726000E-03,+4.0260906E-03,-48.4942993E-03,+91.7460464E-03
+5.2728937E-03,+7.0164179E-03,-48.4809346E-03,+91.7538982E-03
+5.2731875E-03,+11.5826733E-03,-48.5076640E-03,+91.7595782E-03
+5.2734812E-03,+15.2409113E-03,-48.3456170E-03,+91.7574064E-03
+5.2737750E-03,+15.0948920E-03,-48.4508640E-03,+91.7517264E-03
+5.2740687E-03,+11.7777946E-03,-48.2804641E-03,+91.7495546E-03
+5.2743625E-03,+6.7576774E-03,-48.3456170E-03,+91.7482182E-03
+5.2746562E-03,+2.4166071E-03,-48.4725816E-03,+91.7595782E-03
+5.2749500E-03,+1.7728430E-03,-48.4458523E-03,+91.7552346E-03
+5.2752437E-03,+5.4510011E-03,-48.6296168E-03,+91.7482182E-03
+5.2755375E-03,+10.8544144E-03,-48.4725816E-03,+91.7574064E-03
+5.2758312E-03,+15.1370108E-03,-48.4024170E-03,+91.7517264E-03
+5.2761250E-03,+16.3174041E-03,-48.5377345E-03,+91.7538982E-03
+5.2764187E-03,+13.3471807E-03,-48.5076640E-03,+91.7552346E-03
+5.2767125E-03,+8.5134743E-03,-48.3238994E-03,+91.7438746E-03
+5.2770062E-03,+4.0135947E-03,-48.4374993E-03,+91.7482182E-03
+5.2773000E-03,+1.9920742E-03,-48.4374993E-03,+91.7617499E-03
+5.2775937E-03,+3.8578358E-03,-48.4157817E-03,+91.7630864E-03
+5.2778875E-03,+9.2902839E-03,-48.4241346E-03,+91.7517264E-03
+5.2781812E-03,+14.0953965E-03,-48.5510992E-03,+91.7495546E-03
+5.2784750E-03,+15.6792265E-03,-48.4374993E-03,+91.7482182E-03
+5.2787687E-03,+14.4843894E-03,-48.4157817E-03,+91.7552346E-03
+5.2790625E-03,+9.5725463E-03,-48.3589817E-03,+91.7482182E-03
+5.2793562E-03,+4.9567112E-03,-48.4024170E-03,+91.7574064E-03
+5.2796500E-03,+2.2652953E-03,-48.4508640E-03,+91.7560699E-03
+5.2799437E-03,+3.7680852E-03,-48.2804641E-03,+91.7652582E-03
+5.2802375E-03,+8.5438690E-03,-48.2587465E-03,+91.7552346E-03
+5.2805312E-03,+13.4051768E-03,-48.2453818E-03,+91.7438746E-03
+5.2808250E-03,+15.1105855E-03,-48.3589817E-03,+91.7460464E-03
+5.2811187E-03,+13.8888084E-03,-48.3806994E-03,+91.7495546E-03
+5.2814125E-03,+10.4630326E-03,-48.4157817E-03,+91.7438746E-03
+5.2817062E-03,+6.4786493E-03,-48.3155465E-03,+91.7438746E-03
+5.2820000E-03,+3.7818308E-03,-48.2236642E-03,+91.7482182E-03
+5.2822937E-03,+5.1892101E-03,-48.2587465E-03,+91.7595782E-03
+5.2825875E-03,+9.3108288E-03,-48.2888171E-03,+91.7574064E-03
+5.2828812E-03,+13.2802536E-03,-48.4942993E-03,+91.7538982E-03
+5.2831750E-03,+15.4076593E-03,-48.4374993E-03,+91.7574064E-03
+5.2834687E-03,+14.3978362E-03,-48.3506288E-03,+91.7517264E-03
+5.2837625E-03,+10.7848411E-03,-48.2971700E-03,+91.7495546E-03
+5.2840562E-03,+7.2809654E-03,-48.7081344E-03,+91.7482182E-03
+5.2843500E-03,+3.6616120E-03,-48.5728169E-03,+91.7595782E-03
+5.2846437E-03,+3.4554282E-03,-48.5160169E-03,+91.7530629E-03
+5.2849375E-03,+7.2355020E-03,-48.4508640E-03,+91.7360229E-03
+5.2852312E-03,+11.8053225E-03,-48.3238994E-03,+91.7403664E-03
+5.2855250E-03,+14.6869346E-03,-48.5026522E-03,+91.7517264E-03
+5.2858187E-03,+14.6338634E-03,-48.6078992E-03,+91.7560699E-03
+5.2861125E-03,+11.8361582E-03,-48.4374993E-03,+91.7674299E-03
+5.2864062E-03,+7.7703304E-03,-48.4374993E-03,+91.7674299E-03
+5.2867000E-03,+4.5045401E-03,-48.4592170E-03,+91.7609146E-03
+5.2869937E-03,+3.9902933E-03,-48.4074288E-03,+91.7438746E-03
+5.2872875E-03,+6.7438583E-03,-48.2320171E-03,+91.7438746E-03
+5.2875812E-03,+10.0755834E-03,-48.5377345E-03,+91.7503899E-03
+5.2878750E-03,+13.3579861E-03,-48.5293816E-03,+91.7630864E-03
+5.2881687E-03,+14.1707767E-03,-48.4241346E-03,+91.7517264E-03
+5.2884625E-03,+10.9393871E-03,-48.5728169E-03,+91.7473829E-03
+5.2887562E-03,+7.6494501E-03,-48.4291464E-03,+91.7403664E-03
+5.2890500E-03,+4.6179596E-03,-48.2453818E-03,+91.7582417E-03
+5.2893437E-03,+3.5863788E-03,-48.4024170E-03,+91.7687664E-03
+5.2896375E-03,+6.0936625E-03,-48.4942993E-03,+91.7538982E-03
+5.2899312E-03,+9.8925906E-03,-48.4809346E-03,+91.7530629E-03
+5.2902250E-03,+14.2617402E-03,-48.5945345E-03,+91.7381946E-03
+5.2905187E-03,+15.9423407E-03,-48.5510992E-03,+91.7417029E-03
+5.2908125E-03,+13.1667974E-03,-48.3940641E-03,+91.7425382E-03
+5.2911062E-03,+8.4171449E-03,-48.3673347E-03,+91.7552346E-03
+5.2914000E-03,+4.3138660E-03,-48.5293816E-03,+91.7503899E-03
+5.2916937E-03,+4.0557870E-03,-48.3155465E-03,+91.7609146E-03
+5.2919875E-03,+6.0269927E-03,-48.2453818E-03,+91.7503899E-03
+5.2922812E-03,+9.5750455E-03,-48.4024170E-03,+91.7609146E-03
+5.2925750E-03,+13.0460273E-03,-48.4725816E-03,+91.7417029E-03
+5.2928687E-03,+14.6608768E-03,-48.4675699E-03,+91.7360229E-03
+5.2931625E-03,+12.4784154E-03,-48.6429815E-03,+91.7403664E-03
+5.2934562E-03,+7.7712860E-03,-48.4024170E-03,+91.7560699E-03
+5.2937500E-03,+4.5285765E-03,-48.5377345E-03,+91.7674299E-03
+5.2940437E-03,+3.9446462E-03,-48.6162521E-03,+91.7609146E-03
+5.2943375E-03,+5.9634102E-03,-48.6730521E-03,+91.7482182E-03
+5.2946312E-03,+9.2364041E-03,-48.6078992E-03,+91.7465476E-03
+5.2949250E-03,+12.7076065E-03,-48.4157817E-03,+91.7211547E-03
+5.2952187E-03,+15.1059914E-03,-48.3806994E-03,+91.7417029E-03
+5.2955125E-03,+13.9897686E-03,-48.4157817E-03,+91.7447099E-03
+5.2958062E-03,+9.8747287E-03,-48.4675699E-03,+91.7652582E-03
+5.2961000E-03,+5.5208316E-03,-48.6429815E-03,+91.7530629E-03
+5.2963937E-03,+3.5071395E-03,-48.2938288E-03,+91.7381946E-03
+5.2966875E-03,+5.1383808E-03,-48.1885819E-03,+91.7438746E-03
+5.2969812E-03,+8.9703865E-03,-48.4675699E-03,+91.7460464E-03
+5.2972750E-03,+13.6610506E-03,-48.6212639E-03,+91.7560699E-03
+5.2975687E-03,+15.9330422E-03,-48.3021818E-03,+91.7630864E-03
+5.2978625E-03,+14.8970143E-03,-48.3155465E-03,+91.7517264E-03
+5.2981562E-03,+10.6139033E-03,-48.2019466E-03,+91.7495546E-03
+5.2984500E-03,+6.1808037E-03,-48.2670995E-03,+91.7503899E-03
+5.2987437E-03,+3.3560483E-03,-48.4374993E-03,+91.7652582E-03
+5.2990375E-03,+4.3676355E-03,-48.5243698E-03,+91.7595782E-03
+5.2993312E-03,+7.8767301E-03,-48.6646991E-03,+91.7660935E-03
+5.2996250E-03,+12.3085434E-03,-48.4592170E-03,+91.7744464E-03
+5.2999187E-03,+14.9862871E-03,-48.4942993E-03,+91.7517264E-03
+5.3002125E-03,+14.1178525E-03,-48.4374993E-03,+91.7495546E-03
+5.3005062E-03,+11.1672184E-03,-48.3940641E-03,+91.7438746E-03
+5.3008000E-03,+7.0039219E-03,-48.2587465E-03,+91.7460464E-03
+5.3010937E-03,+3.4851245E-03,-48.2453818E-03,+91.7560699E-03
+5.3013875E-03,+4.1633628E-03,-48.3372641E-03,+91.7609146E-03
+5.3016812E-03,+6.6727414E-03,-48.3021818E-03,+91.7525617E-03
+5.3019750E-03,+11.0084826E-03,-48.4024170E-03,+91.7665946E-03
+5.3022687E-03,+13.6162855E-03,-48.4508640E-03,+91.7482182E-03
+5.3025625E-03,+13.8488580E-03,-48.3456170E-03,+91.7530629E-03
+5.3028562E-03,+11.3616046E-03,-48.4508640E-03,+91.7338511E-03
+5.3031500E-03,+7.4251471E-03,-48.3238994E-03,+91.7281711E-03
+5.3034437E-03,+4.8212399E-03,-48.4592170E-03,+91.7346864E-03
+5.3037375E-03,+4.2411687E-03,-48.5377345E-03,+91.7517264E-03
+5.3040312E-03,+7.0636454E-03,-48.4859463E-03,+91.7495546E-03
+5.3043250E-03,+11.4809413E-03,-48.2236642E-03,+91.7438746E-03
+5.3046187E-03,+14.5945746E-03,-48.3673347E-03,+91.7460464E-03
+5.3049125E-03,+14.3964396E-03,-48.4859463E-03,+91.7517264E-03
+5.3052062E-03,+11.2746104E-03,-48.2453818E-03,+91.7538982E-03
+5.3055000E-03,+6.8339765E-03,-48.3155465E-03,+91.7574064E-03
+5.3057937E-03,+3.0862452E-03,-48.2888171E-03,+91.7452111E-03
+5.3060875E-03,+3.1006155E-03,-48.4942993E-03,+91.7303429E-03
+5.3063812E-03,+5.9601759E-03,-48.3940641E-03,+91.7360229E-03
+5.3066750E-03,+10.9810649E-03,-48.3021818E-03,+91.7360229E-03
+5.3069687E-03,+14.6531220E-03,-48.4024170E-03,+91.7360229E-03
+5.3072625E-03,+15.5429100E-03,-48.4725816E-03,+91.7403664E-03
+5.3075562E-03,+12.2943568E-03,-48.3806994E-03,+91.7473829E-03
+5.3078500E-03,+8.5197591E-03,-48.4374993E-03,+91.7403664E-03
+5.3081437E-03,+5.4203492E-03,-48.5026522E-03,+91.7495546E-03
+5.3084375E-03,+4.3045307E-03,-48.6296168E-03,+91.7417029E-03
+5.3087312E-03,+7.5246372E-03,-48.4942993E-03,+91.7447099E-03
+5.3090250E-03,+11.9310542E-03,-48.3723464E-03,+91.7652582E-03
+5.3093187E-03,+14.4360960E-03,-48.1802289E-03,+91.7574064E-03
+5.3096125E-03,+15.0606750E-03,-48.2320171E-03,+91.7495546E-03
+5.3099062E-03,+12.3615043E-03,-48.4725816E-03,+91.7417029E-03
+5.3102000E-03,+7.7294612E-03,-48.3589817E-03,+91.7403664E-03
+5.3104937E-03,+4.1601653E-03,-48.2503936E-03,+91.7473829E-03
+5.3107875E-03,+3.2725824E-03,-48.0966996E-03,+91.7403664E-03
+5.3110812E-03,+4.8924671E-03,-48.3940641E-03,+91.7517264E-03
+5.3113750E-03,+9.2405204E-03,-48.3456170E-03,+91.7517264E-03
+5.3116687E-03,+13.5700871E-03,-48.4508640E-03,+91.7495546E-03
+5.3119625E-03,+14.9219328E-03,-48.3021818E-03,+91.7417029E-03
+5.3122562E-03,+13.2488299E-03,-48.4241346E-03,+91.7447099E-03
+5.3125500E-03,+9.0921122E-03,-48.6379698E-03,+91.7630864E-03
+5.3128437E-03,+5.2266246E-03,-48.7081344E-03,+91.7517264E-03
+5.3131375E-03,+4.4237204E-03,-48.5076640E-03,+91.7517264E-03
+5.3134312E-03,+6.3748591E-03,-48.3238994E-03,+91.7495546E-03
+5.3137250E-03,+9.7911158E-03,-48.4157817E-03,+91.7482182E-03
+5.3140187E-03,+13.1836670E-03,-48.3589817E-03,+91.7552346E-03
+5.3143125E-03,+15.3184232E-03,-48.3589817E-03,+91.7503899E-03
+5.3146062E-03,+14.0046168E-03,-48.3806994E-03,+91.7630864E-03
+5.3149000E-03,+10.2272627E-03,-48.4157817E-03,+91.7517264E-03
+5.3151937E-03,+5.9689599E-03,-48.3589817E-03,+91.7560699E-03
+5.3154875E-03,+2.9484952E-03,-48.4024170E-03,+91.7630864E-03
+5.3157812E-03,+3.8224060E-03,-48.5160169E-03,+91.7495546E-03
+5.3160750E-03,+7.6383507E-03,-48.4291464E-03,+91.7460464E-03
+5.3163687E-03,+12.7146263E-03,-48.2670995E-03,+91.7495546E-03
+5.3166625E-03,+14.8583870E-03,-48.3940641E-03,+91.7460464E-03
+5.3169562E-03,+14.1561858E-03,-48.2587465E-03,+91.7473829E-03
+5.3172500E-03,+11.2147399E-03,-48.2888171E-03,+91.7403664E-03
+5.3175437E-03,+7.7958002E-03,-48.4725816E-03,+91.7560699E-03
+5.3178375E-03,+4.9930598E-03,-48.2938288E-03,+91.7609146E-03
+5.3181312E-03,+5.1781475E-03,-48.1451466E-03,+91.7417029E-03
+5.3184250E-03,+7.3634389E-03,-48.2888171E-03,+91.7403664E-03
+5.3187187E-03,+11.3894633E-03,-48.5377345E-03,+91.7473829E-03
+5.3190125E-03,+14.8136219E-03,-48.5510992E-03,+91.7403664E-03
+5.3193062E-03,+13.8740337E-03,-48.4809346E-03,+91.7517264E-03
+5.3196000E-03,+10.9426214E-03,-48.5510992E-03,+91.7495546E-03
+5.3198937E-03,+6.4426682E-03,-48.3506288E-03,+91.7438746E-03
+5.3201875E-03,+4.0693121E-03,-48.2320171E-03,+91.7417029E-03
+5.3204812E-03,+3.9796717E-03,-48.4508640E-03,+91.7360229E-03
+5.3207750E-03,+7.8902184E-03,-48.3673347E-03,+91.7381946E-03
+5.3210687E-03,+11.8464122E-03,-48.5510992E-03,+91.7438746E-03
+5.3213625E-03,+14.7471727E-03,-48.4374993E-03,+91.7395311E-03
+5.3216562E-03,+14.8969408E-03,-48.4809346E-03,+91.7346864E-03
+5.3219500E-03,+12.2617202E-03,-48.5076640E-03,+91.7517264E-03
+5.3222437E-03,+8.2664948E-03,-48.3238994E-03,+91.7495546E-03
+5.3225375E-03,+6.1488654E-03,-48.4374993E-03,+91.7482182E-03
+5.3228312E-03,+4.5811331E-03,-48.3940641E-03,+91.7574064E-03
+5.3231250E-03,+6.1754378E-03,-48.3673347E-03,+91.7495546E-03
+5.3234187E-03,+10.3501276E-03,-48.4859463E-03,+91.7482182E-03
+5.3237125E-03,+13.5809660E-03,-48.2888171E-03,+91.7530629E-03
+5.3240062E-03,+14.3055497E-03,-48.5377345E-03,+91.7425382E-03
+5.3243000E-03,+12.4048360E-03,-48.4859463E-03,+91.7552346E-03
+5.3245937E-03,+8.7968760E-03,-48.2670995E-03,+91.7417029E-03
+5.3248875E-03,+5.2906114E-03,-48.3940641E-03,+91.7381946E-03
+5.3251812E-03,+3.6279096E-03,-48.3238994E-03,+91.7438746E-03
+5.3254750E-03,+5.1321696E-03,-48.3723464E-03,+91.7417029E-03
+5.3257687E-03,+10.0465118E-03,-48.1585113E-03,+91.7381946E-03
+5.3260625E-03,+13.6687319E-03,-48.0883466E-03,+91.7460464E-03
+5.3263562E-03,+14.0920152E-03,-48.2019466E-03,+91.7495546E-03
+5.3266500E-03,+12.6370777E-03,-48.2670995E-03,+91.7417029E-03
+5.3269437E-03,+10.1688623E-03,-48.4592170E-03,+91.7381946E-03
+5.3272375E-03,+6.8519119E-03,-48.4074288E-03,+91.7373594E-03
+5.3275312E-03,+4.7001391E-03,-48.2971700E-03,+91.7311782E-03
+5.3278250E-03,+5.5500134E-03,-48.6212639E-03,+91.7595782E-03
+5.3281187E-03,+8.7403868E-03,-48.3021818E-03,+91.7574064E-03
+5.3284125E-03,+12.7294010E-03,-48.3806994E-03,+91.7560699E-03
+5.3287062E-03,+14.1448292E-03,-48.3506288E-03,+91.7609146E-03
+5.3290000E-03,+12.3245677E-03,-48.2320171E-03,+91.7482182E-03
+5.3292937E-03,+9.4890069E-03,-48.4725816E-03,+91.7617499E-03
+5.3295875E-03,+6.5703478E-03,-48.3589817E-03,+91.7630864E-03
+5.3298812E-03,+4.9223104E-03,-48.3155465E-03,+91.7495546E-03
+5.3301750E-03,+5.6259817E-03,-48.2236642E-03,+91.7482182E-03
+5.3304687E-03,+8.4065968E-03,-48.2587465E-03,+91.7552346E-03
+5.3307625E-03,+12.0204740E-03,-48.2453818E-03,+91.7395311E-03
+5.3310562E-03,+14.1279963E-03,-48.3589817E-03,+91.7325147E-03
+5.3313500E-03,+13.0653226E-03,-48.4024170E-03,+91.7482182E-03
+5.3316437E-03,+9.8729278E-03,-48.4291464E-03,+91.7552346E-03
+5.3319375E-03,+6.5716342E-03,-48.2888171E-03,+91.7438746E-03
+5.3322312E-03,+4.6987792E-03,-48.4942993E-03,+91.7417029E-03
+5.3325250E-03,+5.0886909E-03,-48.4157817E-03,+91.7425382E-03
+5.3328187E-03,+7.7935950E-03,-48.2286760E-03,+91.7574064E-03
+5.3331125E-03,+11.9295841E-03,-47.9747467E-03,+91.7473829E-03
+5.3334062E-03,+14.5200764E-03,-48.2019466E-03,+91.7468817E-03
+5.3337000E-03,+14.3016906E-03,-48.1585113E-03,+91.7644229E-03
+5.3339937E-03,+10.8584940E-03,-48.1100643E-03,+91.7381946E-03
+5.3342875E-03,+6.2206438E-03,-48.3238994E-03,+91.7438746E-03
+5.3345812E-03,+3.5914139E-03,-48.4374993E-03,+91.7460464E-03
+5.3348750E-03,+4.0670334E-03,-48.3506288E-03,+91.7495546E-03
+5.3351687E-03,+7.0737892E-03,-48.1451466E-03,+91.7460464E-03
+5.3354625E-03,+11.1484744E-03,-48.2670995E-03,+91.7473829E-03
+5.3357562E-03,+14.0732713E-03,-48.4374993E-03,+91.7381946E-03
+5.3360500E-03,+14.2227086E-03,-48.3723464E-03,+91.7503899E-03
+5.3363437E-03,+11.4324274E-03,-48.2019466E-03,+91.7652582E-03
+5.3366375E-03,+8.3835528E-03,-48.1802289E-03,+91.7574064E-03
+5.3369312E-03,+5.6493198E-03,-48.2102995E-03,+91.7473829E-03
+5.3372250E-03,+5.5004705E-03,-48.4592170E-03,+91.7381946E-03
+5.3375187E-03,+7.7944403E-03,-48.4291464E-03,+91.7460464E-03
+5.3378125E-03,+10.4064699E-03,-48.2888171E-03,+91.7517264E-03
+5.3381062E-03,+12.9583349E-03,-48.4725816E-03,+91.7495546E-03
+5.3384000E-03,+13.4664439E-03,-48.3589817E-03,+91.7438746E-03
+5.3386937E-03,+10.7250074E-03,-48.3589817E-03,+91.7417029E-03
+5.3389875E-03,+8.1338535E-03,-48.4024170E-03,+91.7360229E-03
+5.3392812E-03,+5.3131042E-03,-48.4942993E-03,+91.7360229E-03
+5.3395750E-03,+4.7901837E-03,-48.3723464E-03,+91.7381946E-03
+5.3398687E-03,+6.2129257E-03,-48.1367937E-03,+91.7460464E-03
+5.3401625E-03,+9.9948740E-03,-48.0966996E-03,+91.7517264E-03
+5.3404562E-03,+13.4508974E-03,-48.3940641E-03,+91.7495546E-03
+5.3407500E-03,+14.8480594E-03,-48.3673347E-03,+91.7460464E-03
+5.3410437E-03,+13.1090586E-03,-48.5728169E-03,+91.7560699E-03
+5.3413375E-03,+9.8396664E-03,-48.4291464E-03,+91.7630864E-03
+5.3416312E-03,+7.2824723E-03,-48.2670995E-03,+91.7473829E-03
+5.3419250E-03,+5.4689733E-03,-48.3723464E-03,+91.7381946E-03
+5.3422187E-03,+5.8292621E-03,-48.1802289E-03,+91.7373594E-03
+5.3425125E-03,+8.6954380E-03,-48.1451466E-03,+91.7333499E-03
+5.3428062E-03,+11.2476705E-03,-48.3322523E-03,+91.7652582E-03
+5.3431000E-03,+12.7535477E-03,-48.6296168E-03,+91.7617499E-03
+5.3433937E-03,+12.2079507E-03,-48.4725816E-03,+91.7652582E-03
+5.3436875E-03,+10.2039981E-03,-48.3372641E-03,+91.7617499E-03
+5.3439812E-03,+7.2300259E-03,-48.3021818E-03,+91.7609146E-03
+5.3442750E-03,+4.5710996E-03,-48.3806994E-03,+91.7460464E-03
+5.3445687E-03,+4.1826581E-03,-48.4374993E-03,+91.7495546E-03
+5.3448625E-03,+7.5524959E-03,-48.3940641E-03,+91.7460464E-03
+5.3451562E-03,+11.4671957E-03,-48.3238994E-03,+91.7473829E-03
+5.3454500E-03,+13.3110158E-03,-48.4157817E-03,+91.7381946E-03
+5.3457437E-03,+13.0840666E-03,-48.4241346E-03,+91.7438746E-03
+5.3460375E-03,+11.0524758E-03,-48.5076640E-03,+91.7417029E-03
+5.3463312E-03,+8.1324201E-03,-48.3456170E-03,+91.7360229E-03
+5.3466250E-03,+5.2724922E-03,-48.4942993E-03,+91.7447099E-03
+5.3469187E-03,+4.6674290E-03,-48.3506288E-03,+91.7630864E-03
+5.3472125E-03,+7.0687908E-03,-48.2754524E-03,+91.7538982E-03
+5.3475062E-03,+10.7557328E-03,-48.6296168E-03,+91.7552346E-03
+5.3478000E-03,+12.8564191E-03,-48.4508640E-03,+91.7395311E-03
+5.3480937E-03,+13.7930303E-03,-48.2587465E-03,+91.7325147E-03
+5.3483875E-03,+11.5425759E-03,-48.3105347E-03,+91.7460464E-03
+5.3486812E-03,+8.0372301E-03,-48.5293816E-03,+91.7495546E-03
+5.3489750E-03,+4.8638366E-03,-48.3372641E-03,+91.7460464E-03
+5.3492687E-03,+4.2004465E-03,-48.2804641E-03,+91.7495546E-03
+5.3495625E-03,+6.4306500E-03,-48.2153113E-03,+91.7482182E-03
+5.3498562E-03,+10.2191403E-03,-48.1752172E-03,+91.7530629E-03
+5.3501500E-03,+13.5232639E-03,-48.4291464E-03,+91.7447099E-03
+5.3504437E-03,+14.8819456E-03,-48.2453818E-03,+91.7630864E-03
+5.3507375E-03,+12.7818474E-03,-48.4241346E-03,+91.7517264E-03
+5.3510312E-03,+8.9881015E-03,-48.5728169E-03,+91.7538982E-03
+5.3513250E-03,+5.8597670E-03,-48.5377345E-03,+91.7552346E-03
+5.3516187E-03,+4.5738193E-03,-48.5293816E-03,+91.7438746E-03
+5.3519125E-03,+6.1410370E-03,-48.4024170E-03,+91.7395311E-03
+5.3522062E-03,+8.5674644E-03,-48.4725816E-03,+91.7303429E-03
+5.3525000E-03,+12.2143824E-03,-48.4024170E-03,+91.7381946E-03
+5.3527937E-03,+13.8781133E-03,-48.4508640E-03,+91.7482182E-03
+5.3530875E-03,+12.3910169E-03,-48.3890523E-03,+91.7443758E-03
+5.3533812E-03,+8.9240044E-03,-48.6296168E-03,+91.7133029E-03
+5.3536750E-03,+5.2760940E-03,-48.5160169E-03,+91.7338511E-03
+5.3539687E-03,+2.4728023E-03,-48.5811698E-03,+91.7303429E-03
+5.3542625E-03,+4.1217585E-03,-48.6212639E-03,+91.7360229E-03
+5.3545562E-03,+8.4125508E-03,-48.3673347E-03,+91.7360229E-03
+5.3548500E-03,+13.6336697E-03,-48.5510992E-03,+91.7338511E-03
+5.3551437E-03,+15.9298447E-03,-48.3940641E-03,+91.7259994E-03
+5.3554375E-03,+14.0910597E-03,-48.2587465E-03,+91.7268347E-03
+5.3557312E-03,+10.5974748E-03,-48.2453818E-03,+91.7460464E-03
+5.3560250E-03,+5.8320920E-03,-48.4458523E-03,+91.7473829E-03
+5.3563187E-03,+4.0617777E-03,-48.5861816E-03,+91.7381946E-03
+5.3566125E-03,+5.1046049E-03,-48.4241346E-03,+91.7395311E-03
+5.3569062E-03,+8.7122708E-03,-48.5510992E-03,+91.7325147E-03
+5.3572000E-03,+12.5179247E-03,-48.4592170E-03,+91.7460464E-03
+5.3574937E-03,+15.3053392E-03,-48.4942993E-03,+91.7473829E-03
+5.3577875E-03,+13.7365411E-03,-48.4809346E-03,+91.7381946E-03
+5.3580812E-03,+10.0072965E-03,-48.5510992E-03,+91.7460464E-03
+5.3583750E-03,+5.6898583E-03,-48.4592170E-03,+91.7495546E-03
+5.3586687E-03,+3.4322738E-03,-48.4725816E-03,+91.7417029E-03
+5.3589625E-03,+3.9584285E-03,-48.3806994E-03,+91.7381946E-03
+5.3592562E-03,+7.7826059E-03,-48.4374993E-03,+91.7482182E-03
+5.3595500E-03,+12.7325250E-03,-48.4374993E-03,+91.7530629E-03
+5.3598437E-03,+15.0307949E-03,-48.4157817E-03,+91.7381946E-03
+5.3601375E-03,+14.5411726E-03,-48.3806994E-03,+91.7373594E-03
+5.3604312E-03,+9.8637396E-03,-48.3940641E-03,+91.7290064E-03
+5.3607250E-03,+6.0689278E-03,-48.3456170E-03,+91.7452111E-03
+5.3610187E-03,+3.7094643E-03,-48.5160169E-03,+91.7325147E-03
+5.3613125E-03,+4.0005474E-03,-48.5160169E-03,+91.7438746E-03
+5.3616062E-03,+7.4773729E-03,-48.4725816E-03,+91.7417029E-03
+5.3619000E-03,+11.7717303E-03,-48.4241346E-03,+91.7381946E-03
+5.3621937E-03,+15.0645708E-03,-48.5728169E-03,+91.7503899E-03
+5.3624875E-03,+14.8385037E-03,-48.5377345E-03,+91.7630864E-03
+5.3627812E-03,+11.2253248E-03,-48.5293816E-03,+91.7517264E-03
+5.3630750E-03,+6.1854713E-03,-48.4892875E-03,+91.7495546E-03
+5.3633687E-03,+3.4530760E-03,-48.6780638E-03,+91.7503899E-03
+5.3636625E-03,+4.4337540E-03,-48.3456170E-03,+91.7652582E-03
+5.3639562E-03,+8.2014788E-03,-48.4508640E-03,+91.7552346E-03
+5.3642500E-03,+12.7197350E-03,-48.3021818E-03,+91.7482182E-03
+5.3645437E-03,+15.8282964E-03,-48.3155465E-03,+91.7574064E-03
+5.3648375E-03,+15.9013612E-03,-48.2453818E-03,+91.7473829E-03
+5.3651312E-03,+12.5888211E-03,-48.4675699E-03,+91.7360229E-03
+5.3654250E-03,+7.5671236E-03,-48.7515697E-03,+91.7360229E-03
+5.3657187E-03,+3.8325498E-03,-48.6212639E-03,+91.7381946E-03
+5.3660125E-03,+3.3823266E-03,-48.2804641E-03,+91.7482182E-03
+5.3663062E-03,+6.7282751E-03,-48.3456170E-03,+91.7552346E-03
+5.3666000E-03,+11.6729752E-03,-48.4942993E-03,+91.7460464E-03
+5.3668937E-03,+14.5628568E-03,-48.4592170E-03,+91.7517264E-03
+5.3671875E-03,+15.1163557E-03,-48.5160169E-03,+91.7495546E-03
+5.3674812E-03,+12.4127379E-03,-48.5160169E-03,+91.7417029E-03
+5.3677750E-03,+7.3139328E-03,-48.5160169E-03,+91.7316794E-03
+5.3680687E-03,+3.1480636E-03,-48.4942993E-03,+91.7290064E-03
+5.3683625E-03,+2.4071616E-03,-48.4157817E-03,+91.7473829E-03
+5.3686562E-03,+5.4486489E-03,-48.3155465E-03,+91.7360229E-03
+5.3689500E-03,+10.1504858E-03,-48.2670995E-03,+91.7403664E-03
+5.3692437E-03,+14.0651121E-03,-48.4374993E-03,+91.7538982E-03
+5.3695375E-03,+14.9522172E-03,-48.4157817E-03,+91.7574064E-03
+5.3698312E-03,+12.2821916E-03,-48.4024170E-03,+91.7560699E-03
+5.3701250E-03,+7.8361549E-03,-48.4725816E-03,+91.7609146E-03
+5.3704187E-03,+4.2211016E-03,-48.4241346E-03,+91.7460464E-03
+5.3707125E-03,+3.6620530E-03,-48.6162521E-03,+91.7517264E-03
+5.3710062E-03,+5.8822965E-03,-48.6078992E-03,+91.7538982E-03
+5.3713000E-03,+9.3649658E-03,-48.3940641E-03,+91.7530629E-03
+5.3715937E-03,+13.3727240E-03,-48.3238994E-03,+91.7360229E-03
+5.3718875E-03,+15.1878401E-03,-48.4374993E-03,+91.7403664E-03
+5.3721812E-03,+13.3821327E-03,-48.3723464E-03,+91.7473829E-03
+5.3724750E-03,+9.1151563E-03,-48.3105347E-03,+91.7338511E-03
+5.3727687E-03,+4.7420006E-03,-48.5293816E-03,+91.7346864E-03
+5.3730625E-03,+2.5779156E-03,-48.3806994E-03,+91.7430394E-03
+5.3733562E-03,+4.0096988E-03,-48.4809346E-03,+91.7268347E-03
+5.3736500E-03,+8.7631001E-03,-48.5945345E-03,+91.7417029E-03
+5.3739437E-03,+12.9109604E-03,-48.5510992E-03,+91.7381946E-03
+5.3742375E-03,+15.6232886E-03,-48.4157817E-03,+91.7395311E-03
+5.3745312E-03,+14.7098317E-03,-48.4241346E-03,+91.7281711E-03
+5.3748250E-03,+10.6343379E-03,-48.6162521E-03,+91.7303429E-03
+5.3751187E-03,+6.1600750E-03,-48.5644639E-03,+91.7381946E-03
+5.3754125E-03,+3.0133641E-03,-48.3238994E-03,+91.7373594E-03
+5.3757062E-03,+3.9120096E-03,-48.4592170E-03,+91.7268347E-03
+5.3760000E-03,+8.5096888E-03,-48.4725816E-03,+91.7417029E-03
+5.3762937E-03,+12.7479612E-03,-48.3806994E-03,+91.7360229E-03
+5.3765875E-03,+15.2009609E-03,-48.5026522E-03,+91.7381946E-03
+5.3768812E-03,+14.5953096E-03,-48.4993110E-03,+91.7373594E-03
+5.3771750E-03,+10.7247869E-03,-48.1100643E-03,+91.7268347E-03
+5.3774687E-03,+6.1472115E-03,-48.2804641E-03,+91.7373594E-03
+5.3777625E-03,+3.4587359E-03,-48.3238994E-03,+91.7268347E-03
+5.3780562E-03,+2.8868973E-03,-48.4592170E-03,+91.7460464E-03
+5.3783500E-03,+6.6806800E-03,-48.4291464E-03,+91.7473829E-03
+5.3786437E-03,+11.6464764E-03,-48.1585113E-03,+91.7381946E-03
+5.3789375E-03,+15.2332667E-03,-48.1969348E-03,+91.7438746E-03
+5.3792312E-03,+14.9907342E-03,-48.5510992E-03,+91.7395311E-03
+5.3795250E-03,+11.0506749E-03,-48.4157817E-03,+91.7303429E-03
+5.3798187E-03,+5.9302591E-03,-48.3589817E-03,+91.7360229E-03
+5.3801125E-03,+2.4517429E-03,-48.4024170E-03,+91.7360229E-03
+5.3804062E-03,+2.3899980E-03,-48.4508640E-03,+91.7360229E-03
+5.3807000E-03,+5.6413077E-03,-48.2804641E-03,+91.7381946E-03
+5.3809937E-03,+11.7360800E-03,-48.3021818E-03,+91.7482182E-03
+5.3812875E-03,+15.3013331E-03,-48.3372641E-03,+91.7552346E-03
+5.3815812E-03,+15.6471045E-03,-48.2587465E-03,+91.7351876E-03
+5.3818750E-03,+12.4183978E-03,-48.2888171E-03,+91.7211547E-03
+5.3821687E-03,+8.4744427E-03,-48.3857111E-03,+91.7460464E-03
+5.3824625E-03,+4.2583691E-03,-48.1534995E-03,+91.7495546E-03
+5.3827562E-03,+3.6322097E-03,-48.4157817E-03,+91.7438746E-03
+5.3830500E-03,+7.1140704E-03,-48.3806994E-03,+91.7417029E-03
+5.3833437E-03,+12.1191924E-03,-48.4374993E-03,+91.7316794E-03
+5.3836375E-03,+15.2516799E-03,-48.4374993E-03,+91.7246629E-03
+5.3839312E-03,+14.9313048E-03,-48.4809346E-03,+91.7360229E-03
+5.3842250E-03,+11.9785022E-03,-48.5293816E-03,+91.7403664E-03
+5.3845187E-03,+7.6845859E-03,-48.3589817E-03,+91.7473829E-03
+5.3848125E-03,+3.3107687E-03,-48.3372641E-03,+91.7403664E-03
+5.3851062E-03,+2.9444892E-03,-48.3673347E-03,+91.7473829E-03
+5.3854000E-03,+5.1354773E-03,-48.5510992E-03,+91.7338511E-03
+5.3856937E-03,+10.2721747E-03,-48.4157817E-03,+91.7303429E-03
+5.3859875E-03,+14.7105300E-03,-48.4024170E-03,+91.7381946E-03
+5.3862812E-03,+15.8545012E-03,-48.5377345E-03,+91.7438746E-03
+5.3865750E-03,+13.2422511E-03,-48.5510992E-03,+91.7438746E-03
+5.3868687E-03,+8.3207421E-03,-48.3940641E-03,+91.7460464E-03
+5.3871625E-03,+4.1614516E-03,-48.3456170E-03,+91.7452111E-03
+5.3874562E-03,+1.3762056E-03,-48.5377345E-03,+91.7368582E-03
+5.3877500E-03,+4.3935830E-03,-48.5293816E-03,+91.7530629E-03
+5.3880437E-03,+9.9568715E-03,-48.3372641E-03,+91.7381946E-03
+5.3883375E-03,+14.5847983E-03,-48.2804641E-03,+91.7417029E-03
+5.3886312E-03,+16.3183597E-03,-48.2804641E-03,+91.7447099E-03
+5.3889250E-03,+13.4909949E-03,-48.2370289E-03,+91.7565711E-03
+5.3892187E-03,+8.4646665E-03,-48.2102995E-03,+91.7281711E-03
+5.3895125E-03,+3.9641252E-03,-48.4157817E-03,+91.7325147E-03
+5.3898062E-03,+2.4406067E-03,-48.3372641E-03,+91.7438746E-03
+5.3901000E-03,+4.1517121E-03,-48.3456170E-03,+91.7438746E-03
+5.3903937E-03,+10.3234450E-03,-48.4074288E-03,+91.7438746E-03
+5.3906875E-03,+15.0452755E-03,-48.1885819E-03,+91.7373594E-03
+5.3909812E-03,+16.4376229E-03,-48.3589817E-03,+91.7224911E-03
+5.3912750E-03,+14.1554508E-03,-48.2938288E-03,+91.7281711E-03
+5.3915687E-03,+9.4041812E-03,-48.1451466E-03,+91.7325147E-03
+5.3918625E-03,+5.5255360E-03,-48.1585113E-03,+91.7460464E-03
+5.3921562E-03,+3.7744435E-03,-48.1534995E-03,+91.7517264E-03
+5.3924500E-03,+4.7680217E-03,-48.4592170E-03,+91.7452111E-03
+5.3927437E-03,+9.0225389E-03,-48.4942993E-03,+91.7303429E-03
+5.3930375E-03,+13.1118886E-03,-48.3506288E-03,+91.7316794E-03
+5.3933312E-03,+14.5097856E-03,-48.1451466E-03,+91.7246629E-03
+5.3936250E-03,+12.9310642E-03,-48.1802289E-03,+91.7360229E-03
+5.3939187E-03,+8.4397112E-03,-48.1668642E-03,+91.7360229E-03
+5.3942125E-03,+4.9681046E-03,-48.3021818E-03,+91.7425382E-03
+5.3945062E-03,+2.9762804E-03,-48.3806994E-03,+91.7552346E-03
+5.3948000E-03,+4.4249333E-03,-48.3940641E-03,+91.7395311E-03
+5.3950937E-03,+7.9851144E-03,-48.2804641E-03,+91.7303429E-03
+5.3953875E-03,+12.3599239E-03,-48.2804641E-03,+91.7381946E-03
+5.3956812E-03,+15.6446421E-03,-48.3238994E-03,+91.7417029E-03
+5.3959750E-03,+14.5700971E-03,-48.3506288E-03,+91.7381946E-03
+5.3962687E-03,+11.2171656E-03,-48.0799937E-03,+91.7438746E-03
+5.3965625E-03,+6.5917013E-03,-47.9881114E-03,+91.7395311E-03
+5.3968562E-03,+4.2351045E-03,-48.1752172E-03,+91.7303429E-03
+5.3971500E-03,+4.9189292E-03,-48.4725816E-03,+91.7338511E-03
+5.3974437E-03,+8.5943675E-03,-48.3372641E-03,+91.7303429E-03
+5.3977375E-03,+13.0937694E-03,-48.2804641E-03,+91.7360229E-03
+5.3980312E-03,+15.6366299E-03,-48.3021818E-03,+91.7360229E-03
+5.3983250E-03,+15.3250755E-03,-48.3372641E-03,+91.7338511E-03
+5.3986187E-03,+11.3110693E-03,-48.3238994E-03,+91.7238276E-03
+5.3989125E-03,+6.0972643E-03,-48.4809346E-03,+91.7189829E-03
+5.3992062E-03,+2.9012310E-03,-48.5728169E-03,+91.7338511E-03
+5.3995000E-03,+3.2837921E-03,-48.4508640E-03,+91.7303429E-03
+5.3997937E-03,+7.5515403E-03,-48.3238994E-03,+91.7403664E-03
+5.4000875E-03,+13.0993191E-03,-48.3723464E-03,+91.7517264E-03
+5.4003812E-03,+15.7767688E-03,-48.2236642E-03,+91.7517264E-03
+5.4006750E-03,+15.3952368E-03,-48.2804641E-03,+91.7473829E-03
+5.4009687E-03,+11.2673701E-03,-48.2370289E-03,+91.7295076E-03
+5.4012625E-03,+5.5057629E-03,-48.1017113E-03,+91.7146394E-03
+5.4015562E-03,+2.5756002E-03,-48.0014761E-03,+91.7224911E-03
+5.4018500E-03,+2.2961310E-03,-47.9747467E-03,+91.7281711E-03
+5.4021437E-03,+6.2021571E-03,-48.2236642E-03,+91.7259994E-03
+5.4024375E-03,+11.3967771E-03,-48.3021818E-03,+91.7246629E-03
+5.4027312E-03,+15.5036211E-03,-48.3806994E-03,+91.7316794E-03
+5.4030250E-03,+16.2517634E-03,-48.4157817E-03,+91.7203194E-03
+5.4033187E-03,+13.0131335E-03,-48.3155465E-03,+91.7203194E-03
+5.4036125E-03,+7.9435102E-03,-48.2888171E-03,+91.7311782E-03
+5.4039062E-03,+3.7235039E-03,-48.4508640E-03,+91.7508911E-03
+5.4042000E-03,+2.6072812E-03,-48.2370289E-03,+91.7325147E-03
+5.4044937E-03,+4.7915068E-03,-48.1885819E-03,+91.7373594E-03
+5.4047875E-03,+9.6292193E-03,-48.3589817E-03,+91.7181476E-03
+5.4050812E-03,+14.4658291E-03,-48.3372641E-03,+91.7168111E-03
+5.4053750E-03,+15.9338875E-03,-48.2804641E-03,+91.7325147E-03
+5.4056687E-03,+14.0522118E-03,-48.2153113E-03,+91.7373594E-03
+5.4059625E-03,+9.0069557E-03,-48.1317819E-03,+91.7246629E-03
+5.4062562E-03,+5.5351653E-03,-48.3589817E-03,+91.7381946E-03
+5.4065500E-03,+2.5346574E-03,-48.3589817E-03,+91.7373594E-03
+5.4068437E-03,+4.1503155E-03,-48.3806994E-03,+91.7224911E-03
+5.4071375E-03,+9.0290442E-03,-48.3940641E-03,+91.7303429E-03
+5.4074312E-03,+13.9527952E-03,-48.2587465E-03,+91.7316794E-03
+5.4077250E-03,+15.7807748E-03,-48.2453818E-03,+91.7246629E-03
+5.4080187E-03,+13.8679327E-03,-48.3589817E-03,+91.7316794E-03
+5.4083125E-03,+9.3659214E-03,-48.2938288E-03,+91.7159758E-03
+5.4086062E-03,+4.9957795E-03,-48.1451466E-03,+91.7089594E-03
+5.4089000E-03,+3.1847797E-03,-48.2236642E-03,+91.7224911E-03
+5.4091937E-03,+4.6353437E-03,-48.3238994E-03,+91.7259994E-03
+5.4094875E-03,+9.4352006E-03,-48.4157817E-03,+91.7181476E-03
+5.4097812E-03,+13.8830749E-03,-48.3589817E-03,+91.7124676E-03
+5.4100750E-03,+15.6125200E-03,-48.3806994E-03,+91.7168111E-03
+5.4103687E-03,+13.7897225E-03,-48.2854759E-03,+91.7281711E-03
+5.4106625E-03,+10.4601659E-03,-47.9747467E-03,+91.7281711E-03
+5.4109562E-03,+5.7758601E-03,-48.2670995E-03,+91.7303429E-03
+5.4112500E-03,+2.6517155E-03,-48.4157817E-03,+91.7316794E-03
+5.4115437E-03,+3.5993158E-03,-48.3589817E-03,+91.7203194E-03
+5.4118375E-03,+7.9274491E-03,-48.2938288E-03,+91.7246629E-03
+5.4121312E-03,+13.1228777E-03,-48.1668642E-03,+91.7381946E-03
+5.4124250E-03,+15.9304695E-03,-48.2804641E-03,+91.7417029E-03
+5.4127187E-03,+14.9984156E-03,-48.2370289E-03,+91.7338511E-03
+5.4130125E-03,+11.2612691E-03,-48.2320171E-03,+91.7259994E-03
+5.4133062E-03,+6.8197531E-03,-48.4291464E-03,+91.7203194E-03
+5.4136000E-03,+4.0336985E-03,-48.2236642E-03,+91.7268347E-03
+5.4138937E-03,+3.9266740E-03,-48.2804641E-03,+91.7373594E-03
+5.4141875E-03,+7.0157564E-03,-48.2804641E-03,+91.7159758E-03
+5.4144812E-03,+11.2211717E-03,-48.2153113E-03,+91.7111311E-03
+5.4147750E-03,+13.7929200E-03,-48.1534995E-03,+91.7238276E-03
+5.4150687E-03,+14.0500434E-03,-48.3723464E-03,+91.7124676E-03
+5.4153625E-03,+11.0011320E-03,-48.2236642E-03,+91.7233264E-03
+5.4156562E-03,+6.9568047E-03,-48.3021818E-03,+91.7430394E-03
+5.4159500E-03,+4.1639141E-03,-48.3372641E-03,+91.7311782E-03
+5.4162437E-03,+4.8099200E-03,-48.1935936E-03,+91.7508911E-03
+5.4165375E-03,+7.7128856E-03,-48.0098291E-03,+91.7259994E-03
+5.4168312E-03,+11.8990057E-03,-48.1668642E-03,+91.7203194E-03
+5.4171250E-03,+15.1452802E-03,-48.2370289E-03,+91.7224911E-03
+5.4174187E-03,+14.5893924E-03,-48.1885819E-03,+91.7303429E-03
+5.4177125E-03,+10.9792640E-03,-48.3155465E-03,+91.7316794E-03
+5.4180062E-03,+6.5492516E-03,-48.2670995E-03,+91.7203194E-03
+5.4183000E-03,+3.4084212E-03,-48.4157817E-03,+91.7224911E-03
+5.4185937E-03,+3.4073921E-03,-48.3155465E-03,+91.7216558E-03
+5.4188875E-03,+6.4237772E-03,-48.2453818E-03,+91.7111311E-03
+5.4191812E-03,+10.4373056E-03,-48.4024170E-03,+91.7281711E-03
+5.4194750E-03,+14.3923968E-03,-48.4291464E-03,+91.7281711E-03
+5.4197687E-03,+15.1212438E-03,-48.2236642E-03,+91.7303429E-03
+5.4200625E-03,+12.0044865E-03,-48.2804641E-03,+91.7295076E-03
+5.4203562E-03,+7.0943709E-03,-48.3021818E-03,+91.7168111E-03
+5.4206500E-03,+3.7872335E-03,-48.3589817E-03,+91.7259994E-03
+5.4209437E-03,+3.3192219E-03,-48.3155465E-03,+91.7246629E-03
+5.4212375E-03,+7.1110199E-03,-48.1150760E-03,+91.7360229E-03
+5.4215312E-03,+10.7740725E-03,-47.9313115E-03,+91.7360229E-03
+5.4218250E-03,+15.2955996E-03,-48.1317819E-03,+91.7360229E-03
+5.4221187E-03,+16.1866373E-03,-48.2721112E-03,+91.7360229E-03
+5.4224125E-03,+13.3776121E-03,-48.0666290E-03,+91.7338511E-03
+5.4227062E-03,+8.6641613E-03,-48.1451466E-03,+91.7238276E-03
+5.4230000E-03,+4.4423541E-03,-48.1585113E-03,+91.7146394E-03
+5.4232937E-03,+3.5859378E-03,-48.1752172E-03,+91.7181476E-03
+5.4235875E-03,+5.6648663E-03,-48.4508640E-03,+91.7211547E-03
+5.4238812E-03,+10.3761487E-03,-48.2804641E-03,+91.7438746E-03
+5.4241750E-03,+14.0661044E-03,-48.3021818E-03,+91.7417029E-03
+5.4244687E-03,+16.1144178E-03,-48.2721112E-03,+91.7295076E-03
+5.4247625E-03,+13.2258226E-03,-48.0883466E-03,+91.7146394E-03
+5.4250562E-03,+9.5527732E-03,-48.2670995E-03,+91.7246629E-03
+5.4253500E-03,+6.0426127E-03,-48.3723464E-03,+91.7316794E-03
+5.4256437E-03,+3.9598251E-03,-48.2019466E-03,+91.7224911E-03
+5.4259375E-03,+4.7853691E-03,-48.2019466E-03,+91.7238276E-03
+5.4262312E-03,+8.1811177E-03,-48.1585113E-03,+91.7168111E-03
+5.4265250E-03,+11.9270849E-03,-48.0883466E-03,+91.7259994E-03
+5.4268187E-03,+14.0648916E-03,-48.1585113E-03,+91.7268347E-03
+5.4271125E-03,+13.3163083E-03,-48.0883466E-03,+91.7438746E-03
+5.4274062E-03,+10.4498383E-03,-48.1802289E-03,+91.7438746E-03
+5.4277000E-03,+6.8737799E-03,-48.2102995E-03,+91.7417029E-03
+5.4279937E-03,+4.0295087E-03,-48.3071935E-03,+91.7360229E-03
+5.4282875E-03,+5.0175372E-03,-48.0532643E-03,+91.7360229E-03
+5.4285812E-03,+8.5996231E-03,-48.2804641E-03,+91.7316794E-03
+5.4288750E-03,+12.7707848E-03,-48.2370289E-03,+91.7290064E-03
+5.4291687E-03,+14.6148622E-03,-48.1451466E-03,+91.7538982E-03
+5.4294625E-03,+13.3680196E-03,-48.0716408E-03,+91.7487193E-03
+5.4297562E-03,+8.8937200E-03,-47.8394292E-03,+91.7181476E-03
+5.4300500E-03,+4.6868713E-03,-48.1017113E-03,+91.7146394E-03
+5.4303437E-03,+3.1346855E-03,-48.0449114E-03,+91.7224911E-03
+5.4306375E-03,+4.5347510E-03,-48.0666290E-03,+91.7281711E-03
+5.4309312E-03,+9.4891907E-03,-48.1451466E-03,+91.7281711E-03
+5.4312250E-03,+12.8853803E-03,-48.2019466E-03,+91.7259994E-03
+5.4315187E-03,+14.5004136E-03,-48.2453818E-03,+91.7224911E-03
+5.4318125E-03,+13.4734637E-03,-48.3589817E-03,+91.7259994E-03
+5.4321062E-03,+9.6781742E-03,-48.2938288E-03,+91.7268347E-03
+5.4324000E-03,+5.7239282E-03,-48.1451466E-03,+91.7373594E-03
+5.4326937E-03,+3.4536640E-03,-48.1367937E-03,+91.7224911E-03
+5.4329875E-03,+4.2616768E-03,-47.9663938E-03,+91.7238276E-03
+5.4332812E-03,+8.0880961E-03,-48.0532643E-03,+91.7189829E-03
+5.4335750E-03,+12.4728656E-03,-48.3673347E-03,+91.7360229E-03
+5.4338687E-03,+15.6731256E-03,-48.5293816E-03,+91.7316794E-03
+5.4341625E-03,+14.6026235E-03,-48.2938288E-03,+91.7203194E-03
+5.4344562E-03,+11.2220170E-03,-48.1885819E-03,+91.7203194E-03
+5.4347500E-03,+6.9188022E-03,-48.3372641E-03,+91.7246629E-03
+5.4350437E-03,+4.1916258E-03,-48.3021818E-03,+91.7273358E-03
+5.4353375E-03,+4.3253329E-03,-48.3589817E-03,+91.7089594E-03
+5.4356312E-03,+7.9372621E-03,-48.3806994E-03,+91.7181476E-03
+5.4359250E-03,+12.1741380E-03,-48.3940641E-03,+91.7168111E-03
+5.4362187E-03,+15.2284521E-03,-48.2587465E-03,+91.7303429E-03
+5.4365125E-03,+15.4873396E-03,-48.1802289E-03,+91.7316794E-03
+5.4368062E-03,+12.1775193E-03,-48.0799937E-03,+91.7224911E-03
+5.4371000E-03,+7.7295347E-03,-48.0098291E-03,+91.7238276E-03
+5.4373937E-03,+4.1459051E-03,-48.1668642E-03,+91.7189829E-03
+5.4376875E-03,+3.9548267E-03,-48.3021818E-03,+91.7338511E-03
+5.4379812E-03,+6.2651884E-03,-48.3155465E-03,+91.7259994E-03
+5.4382750E-03,+9.9983288E-03,-48.2888171E-03,+91.7181476E-03
+5.4385687E-03,+13.6597275E-03,-48.4074288E-03,+91.7102958E-03
+5.4388625E-03,+14.9342083E-03,-48.1885819E-03,+91.7089594E-03
+5.4391562E-03,+12.0866661E-03,-48.2069583E-03,+91.7246629E-03
+5.4394500E-03,+7.4527118E-03,-47.8745115E-03,+91.7295076E-03
+5.4397437E-03,+2.7775574E-03,-48.1534995E-03,+91.7102958E-03
+5.4400375E-03,+2.1810209E-03,-48.3289112E-03,+91.7111311E-03
+5.4403312E-03,+4.7852588E-03,-48.1317819E-03,+91.7281711E-03
+5.4406250E-03,+9.0685536E-03,-48.3372641E-03,+91.7303429E-03
+5.4409187E-03,+13.8484904E-03,-48.2370289E-03,+91.7403664E-03
+5.4412125E-03,+15.8630279E-03,-48.1451466E-03,+91.7473829E-03
+5.4415062E-03,+13.4286619E-03,-48.2670995E-03,+91.7338511E-03
+5.4418000E-03,+8.6446822E-03,-48.3289112E-03,+91.7259994E-03
+5.4420937E-03,+4.3728176E-03,-48.0014761E-03,+91.7268347E-03
+5.4423875E-03,+3.6243078E-03,-48.0181820E-03,+91.7395311E-03
+5.4426812E-03,+6.6421262E-03,-48.3372641E-03,+91.7281711E-03
+5.4429750E-03,+10.4689866E-03,-48.2370289E-03,+91.7281711E-03
+5.4432687E-03,+14.7174763E-03,-48.0582761E-03,+91.7281711E-03
+5.4435625E-03,+15.9497280E-03,-47.9964644E-03,+91.7303429E-03
+5.4438562E-03,+13.6286345E-03,-48.2370289E-03,+91.7338511E-03
+5.4441500E-03,+9.0671570E-03,-48.1451466E-03,+91.7259994E-03
+5.4444437E-03,+4.5294585E-03,-48.1802289E-03,+91.7203194E-03
+5.4447375E-03,+3.5464651E-03,-48.1451466E-03,+91.7246629E-03
+5.4450312E-03,+4.9455750E-03,-48.2236642E-03,+91.7338511E-03
+5.4453250E-03,+8.2299991E-03,-48.2370289E-03,+91.7303429E-03
+5.4456187E-03,+13.3276281E-03,-48.0799937E-03,+91.7338511E-03
+5.4459125E-03,+15.7327020E-03,-47.9881114E-03,+91.7281711E-03
+5.4462062E-03,+13.8581197E-03,-48.0231938E-03,+91.7281711E-03
+5.4465000E-03,+9.8312500E-03,-48.0532643E-03,+91.7259994E-03
+5.4467937E-03,+6.6576360E-03,-48.3021818E-03,+91.7246629E-03
+5.4470875E-03,+4.3450692E-03,-48.3589817E-03,+91.7338511E-03
+5.4473812E-03,+4.9923615E-03,-48.2721112E-03,+91.7325147E-03
+5.4476750E-03,+8.3773048E-03,-48.0666290E-03,+91.7351876E-03
+5.4479687E-03,+12.8513104E-03,-48.1451466E-03,+91.7146394E-03
+5.4482625E-03,+14.4061424E-03,-48.2019466E-03,+91.7224911E-03
+5.4485562E-03,+14.0462211E-03,-48.1802289E-03,+91.7259994E-03
+5.4488500E-03,+10.4185983E-03,-48.0582761E-03,+91.7203194E-03
+5.4491437E-03,+6.4121633E-03,-47.9530291E-03,+91.7268347E-03
+5.4494375E-03,+4.0115365E-03,-48.0582761E-03,+91.7438746E-03
+5.4497312E-03,+4.6307863E-03,-48.0398996E-03,+91.7460464E-03
+5.4500250E-03,+7.4892074E-03,-48.3723464E-03,+91.7452111E-03
+5.4503187E-03,+11.8028600E-03,-48.2019466E-03,+91.7281711E-03
+5.4506125E-03,+14.0616573E-03,-48.1585113E-03,+91.7259994E-03
+5.4509062E-03,+13.2618772E-03,-48.0449114E-03,+91.7159758E-03
+5.4512000E-03,+11.3005580E-03,-48.0014761E-03,+91.7111311E-03
+5.4514937E-03,+8.0117971E-03,-47.9095938E-03,+91.7259994E-03
+5.4517875E-03,+5.1783312E-03,-47.9881114E-03,+91.7268347E-03
+5.4520812E-03,+5.0662716E-03,-48.0449114E-03,+91.7373594E-03
+5.4523750E-03,+7.2477040E-03,-48.1534995E-03,+91.7268347E-03
+5.4526687E-03,+10.9773896E-03,-48.4157817E-03,+91.7373594E-03
+5.4529625E-03,+13.4170112E-03,-48.2938288E-03,+91.7203194E-03
+5.4532562E-03,+13.3177049E-03,-48.2320171E-03,+91.7224911E-03
+5.4535500E-03,+11.4970023E-03,-48.4074288E-03,+91.7303429E-03
+5.4538437E-03,+8.6330683E-03,-48.1885819E-03,+91.7360229E-03
+5.4541375E-03,+6.2032597E-03,-48.3372641E-03,+91.7360229E-03
+5.4544312E-03,+5.2776008E-03,-48.3456170E-03,+91.7316794E-03
+5.4547250E-03,+6.9319597E-03,-48.4291464E-03,+91.7268347E-03
+5.4550187E-03,+10.1324034E-03,-48.2019466E-03,+91.7395311E-03
+5.4553125E-03,+12.1796142E-03,-48.1802289E-03,+91.7325147E-03
+5.4556062E-03,+12.8356169E-03,-48.1234290E-03,+91.7330158E-03
+5.4559000E-03,+11.3116574E-03,-48.1017113E-03,+91.7133029E-03
+5.4561937E-03,+8.3958283E-03,-48.0666290E-03,+91.7338511E-03
+5.4564875E-03,+5.9665710E-03,-48.1451466E-03,+91.7281711E-03
+5.4567812E-03,+5.8091582E-03,-48.2019466E-03,+91.7346864E-03
+5.4570750E-03,+6.8590419E-03,-48.1585113E-03,+91.7495546E-03
+5.4573687E-03,+9.6953745E-03,-48.0449114E-03,+91.7417029E-03
+5.4576625E-03,+12.6021256E-03,-48.1317819E-03,+91.7338511E-03
+5.4579562E-03,+13.5771437E-03,-48.2938288E-03,+91.7238276E-03
+5.4582500E-03,+12.0763017E-03,-48.1885819E-03,+91.7146394E-03
+5.4585437E-03,+8.7683190E-03,-48.3372641E-03,+91.7246629E-03
+5.4588375E-03,+5.8606858E-03,-48.1935936E-03,+91.7295076E-03
+5.4591312E-03,+4.3555438E-03,-47.9663938E-03,+91.7146394E-03
+5.4594250E-03,+5.2585628E-03,-47.9881114E-03,+91.7203194E-03
+5.4597187E-03,+8.2248537E-03,-48.1100643E-03,+91.7203194E-03
+5.4600125E-03,+12.2602133E-03,-48.1067231E-03,+91.7203194E-03
+5.4603062E-03,+13.6773321E-03,-47.7826292E-03,+91.7181476E-03
+5.4606000E-03,+12.8929147E-03,-48.1234290E-03,+91.7168111E-03
+5.4608937E-03,+10.2362671E-03,-48.1668642E-03,+91.7259994E-03
+5.4611875E-03,+6.7282751E-03,-48.2370289E-03,+91.7203194E-03
+5.4614812E-03,+4.2572665E-03,-48.1234290E-03,+91.7246629E-03
+5.4617750E-03,+4.0369328E-03,-48.1668642E-03,+91.7338511E-03
+5.4620687E-03,+6.6727414E-03,-48.2370289E-03,+91.7259994E-03
+5.4623625E-03,+10.6336396E-03,-48.1885819E-03,+91.7203194E-03
+5.4626562E-03,+13.2324014E-03,-48.2938288E-03,+91.7224911E-03
+5.4629500E-03,+13.5571869E-03,-48.1451466E-03,+91.7281711E-03
+5.4632437E-03,+11.2750882E-03,-48.2236642E-03,+91.7281711E-03
+5.4635375E-03,+7.9336604E-03,-48.2804641E-03,+91.7216558E-03
+5.4638312E-03,+5.1762731E-03,-48.1935936E-03,+91.7089594E-03
+5.4641250E-03,+5.5819150E-03,-47.9663938E-03,+91.7224911E-03
+5.4644187E-03,+7.8372942E-03,-48.0532643E-03,+91.7325147E-03
+5.4647125E-03,+10.7179140E-03,-48.2587465E-03,+91.7351876E-03
+5.4650062E-03,+13.9998757E-03,-48.1802289E-03,+91.7124676E-03
+5.4653000E-03,+14.1202415E-03,-48.1017113E-03,+91.7211547E-03
+5.4655937E-03,+12.4593773E-03,-48.1100643E-03,+91.7395311E-03
+5.4658875E-03,+8.7478844E-03,-48.3238994E-03,+91.7281711E-03
+5.4661812E-03,+5.5420013E-03,-48.4374993E-03,+91.7216558E-03
+5.4664750E-03,+4.4233161E-03,-48.3940641E-03,+91.7133029E-03
+5.4667687E-03,+5.6765905E-03,-48.2804641E-03,+91.7403664E-03
+5.4670625E-03,+9.5994862E-03,-48.2153113E-03,+91.7452111E-03
+5.4673562E-03,+12.5682395E-03,-48.0666290E-03,+91.7259994E-03
+5.4676500E-03,+14.4000782E-03,-48.1234290E-03,+91.7224911E-03
+5.4679437E-03,+13.4152839E-03,-48.1451466E-03,+91.7281711E-03
+5.4682375E-03,+9.0341161E-03,-48.2670995E-03,+91.7325147E-03
+5.4685312E-03,+4.7527325E-03,-48.3940641E-03,+91.7373594E-03
+5.4688250E-03,+3.8649659E-03,-48.2804641E-03,+91.7203194E-03
+5.4691187E-03,+4.8722162E-03,-48.2370289E-03,+91.7224911E-03
+5.4694125E-03,+8.2955295E-03,-48.1451466E-03,+91.7281711E-03
+5.4697062E-03,+12.1306225E-03,-48.2019466E-03,+91.7281711E-03
+5.4700000E-03,+13.6570078E-03,-48.2453818E-03,+91.7303429E-03
+5.4702937E-03,+12.4027043E-03,-48.3372641E-03,+91.7338511E-03
+5.4705875E-03,+9.6780639E-03,-48.2153113E-03,+91.7238276E-03
+5.4708812E-03,+5.7322344E-03,-48.1317819E-03,+91.7168111E-03
+5.4711750E-03,+4.7205369E-03,-48.3589817E-03,+91.7303429E-03
+5.4714687E-03,+6.6450297E-03,-48.4458523E-03,+91.7360229E-03
+5.4717625E-03,+8.8303579E-03,-48.5861816E-03,+91.7316794E-03
+5.4720562E-03,+12.3766098E-03,-48.3155465E-03,+91.7268347E-03
+5.4723500E-03,+14.0169658E-03,-48.2019466E-03,+91.7395311E-03
+5.4726437E-03,+11.8662588E-03,-48.2236642E-03,+91.7281711E-03
+5.4729375E-03,+8.6174116E-03,-48.2587465E-03,+91.7281711E-03
+5.4732312E-03,+5.6510840E-03,-48.1802289E-03,+91.7281711E-03
+5.4735250E-03,+4.6762864E-03,-48.1234290E-03,+91.7281711E-03
+5.4738187E-03,+5.7525587E-03,-48.2102995E-03,+91.7259994E-03
+5.4741125E-03,+9.2341254E-03,-48.3071935E-03,+91.7203194E-03
+5.4744062E-03,+13.3815447E-03,-48.0315467E-03,+91.7224911E-03
+5.4747000E-03,+14.4761934E-03,-48.1802289E-03,+91.7303429E-03
+5.4749937E-03,+12.4658826E-03,-48.1234290E-03,+91.7360229E-03
+5.4752875E-03,+9.3554101E-03,-48.1885819E-03,+91.7295076E-03
+5.4755812E-03,+5.1431587E-03,-48.2938288E-03,+91.7168111E-03
+5.4758750E-03,+4.0277078E-03,-48.1234290E-03,+91.7259994E-03
+5.4761687E-03,+5.6647928E-03,-48.1668642E-03,+91.7203194E-03
+5.4764625E-03,+9.3650026E-03,-48.2153113E-03,+91.7246629E-03
+5.4767562E-03,+13.3158305E-03,-48.0014761E-03,+91.7316794E-03
+5.4770500E-03,+14.7802503E-03,-47.9530291E-03,+91.7224911E-03
+5.4773437E-03,+12.9306599E-03,-48.0582761E-03,+91.7281711E-03
+5.4776375E-03,+9.3803653E-03,-47.9747467E-03,+91.7194841E-03
+5.4779312E-03,+5.8008153E-03,-48.1802289E-03,+91.6989359E-03
+5.4782250E-03,+4.9097409E-03,-48.0799937E-03,+91.7111311E-03
+5.4785187E-03,+5.5139221E-03,-48.0532643E-03,+91.7281711E-03
+5.4788125E-03,+8.7817338E-03,-48.2370289E-03,+91.7281711E-03
+5.4791062E-03,+12.3737430E-03,-48.1885819E-03,+91.7303429E-03
+5.4794000E-03,+14.9257551E-03,-48.3372641E-03,+91.7381946E-03
+5.4796937E-03,+14.7234303E-03,-48.3021818E-03,+91.7373594E-03
+5.4799875E-03,+11.0602307E-03,-48.3155465E-03,+91.7203194E-03
+5.4802812E-03,+6.5972877E-03,-48.2670995E-03,+91.7268347E-03
+5.4805750E-03,+4.7216028E-03,-48.3506288E-03,+91.7438746E-03
+5.4808687E-03,+5.6619628E-03,-48.2102995E-03,+91.7438746E-03
+5.4811625E-03,+7.6740745E-03,-48.3940641E-03,+91.7373594E-03
+5.4814562E-03,+10.7567251E-03,-48.2587465E-03,+91.7203194E-03
+5.4817500E-03,+13.1980374E-03,-48.1367937E-03,+91.7203194E-03
+5.4820437E-03,+12.6373349E-03,-47.9881114E-03,+91.7224911E-03
+5.4823375E-03,+10.1872388E-03,-48.0014761E-03,+91.7325147E-03
+5.4826312E-03,+6.3665162E-03,-48.0181820E-03,+91.7330158E-03
+5.4829250E-03,+4.2465714E-03,-48.2938288E-03,+91.7067876E-03
+5.4832187E-03,+4.0222683E-03,-48.1451466E-03,+91.7146394E-03
+5.4835125E-03,+6.1144279E-03,-48.2019466E-03,+91.7116323E-03
+5.4838062E-03,+10.3434019E-03,-48.1585113E-03,+91.6954276E-03
+5.4841000E-03,+13.7993885E-03,-48.1100643E-03,+91.7124676E-03
+5.4843937E-03,+14.5070659E-03,-48.1718760E-03,+91.7168111E-03
+5.4846875E-03,+12.3144974E-03,-47.9964644E-03,+91.7281711E-03
+5.4849812E-03,+9.0043462E-03,-48.2370289E-03,+91.7238276E-03
+5.4852750E-03,+6.1411473E-03,-48.1885819E-03,+91.7102958E-03
+5.4855687E-03,+5.5512263E-03,-48.2503936E-03,+91.7111311E-03
+5.4858625E-03,+7.5157062E-03,-48.0315467E-03,+91.7281711E-03
+5.4861562E-03,+10.1450096E-03,-48.1367937E-03,+91.7194841E-03
+5.4864500E-03,+12.9194503E-03,-47.9881114E-03,+91.7076229E-03
+5.4867437E-03,+12.9398849E-03,-48.1100643E-03,+91.7295076E-03
+5.4870375E-03,+12.1551000E-03,-48.2370289E-03,+91.7189829E-03
+5.4873312E-03,+8.8933524E-03,-48.0365585E-03,+91.7295076E-03
+5.4876250E-03,+5.6103250E-03,-47.8527939E-03,+91.7168111E-03
+5.4879187E-03,+3.9147293E-03,-48.0749820E-03,+91.7259994E-03
+5.4882125E-03,+5.8181259E-03,-48.3372641E-03,+91.7224911E-03
+5.4885062E-03,+8.6907704E-03,-48.2804641E-03,+91.7303429E-03
+5.4888000E-03,+11.9810382E-03,-48.2153113E-03,+91.7295076E-03
+5.4890937E-03,+13.5264982E-03,-48.0666290E-03,+91.7146394E-03
+5.4893875E-03,+12.3270669E-03,-48.1885819E-03,+91.7203194E-03
+5.4896812E-03,+10.1836737E-03,-48.3589817E-03,+91.7181476E-03
+5.4899750E-03,+6.4468948E-03,-48.3155465E-03,+91.7189829E-03
+5.4902687E-03,+3.8423261E-03,-48.1367937E-03,+91.7360229E-03
+5.4905625E-03,+5.4251270E-03,-48.0749820E-03,+91.7338511E-03
+5.4908562E-03,+8.3873751E-03,-48.3372641E-03,+91.7325147E-03
+5.4911500E-03,+11.8572544E-03,-48.3021818E-03,+91.7373594E-03
+5.4914437E-03,+13.6527812E-03,-48.3589817E-03,+91.7246629E-03
+5.4917375E-03,+12.9848337E-03,-48.3589817E-03,+91.7295076E-03
+5.4920312E-03,+10.0125154E-03,-48.3372641E-03,+91.7168111E-03
+5.4923250E-03,+6.4876905E-03,-48.2804641E-03,+91.7194841E-03
+5.4926187E-03,+4.2843166E-03,-48.3021818E-03,+91.7032794E-03
+5.4929125E-03,+4.7220806E-03,-48.2938288E-03,+91.7268347E-03
+5.4932062E-03,+8.5023749E-03,-48.1885819E-03,+91.7373594E-03
+5.4935000E-03,+12.5291344E-03,-48.3372641E-03,+91.7159758E-03
+5.4937937E-03,+14.4459458E-03,-48.2804641E-03,+91.7133029E-03
+5.4940875E-03,+13.6302149E-03,-48.2153113E-03,+91.7360229E-03
+5.4943812E-03,+11.2556092E-03,-48.0883466E-03,+91.7360229E-03
+5.4946750E-03,+6.9874199E-03,-48.1802289E-03,+91.7251641E-03
+5.4949687E-03,+3.7979653E-03,-48.1885819E-03,+91.7032794E-03
+5.4952625E-03,+4.7029323E-03,-48.2069583E-03,+91.7268347E-03
+5.4955562E-03,+7.5583396E-03,-47.8093586E-03,+91.7373594E-03
+5.4958500E-03,+11.2762643E-03,-47.9396644E-03,+91.7246629E-03
+5.4961437E-03,+14.6874859E-03,-48.2370289E-03,+91.7316794E-03
+5.4964375E-03,+14.2822851E-03,-48.0582761E-03,+91.7246629E-03
+5.4967312E-03,+11.6543415E-03,-47.9095938E-03,+91.7295076E-03
+5.4970250E-03,+7.4349601E-03,-47.9663938E-03,+91.7102958E-03
+5.4973187E-03,+4.4827823E-03,-48.0098291E-03,+91.7046159E-03
+5.4976125E-03,+3.6703224E-03,-48.1451466E-03,+91.7067876E-03
+5.4979062E-03,+5.6897848E-03,-48.2019466E-03,+91.7146394E-03
+5.4982000E-03,+10.3784274E-03,-48.2236642E-03,+91.7268347E-03
+5.4984937E-03,+14.7012315E-03,-48.2587465E-03,+91.7395311E-03
+5.4987875E-03,+15.0081551E-03,-48.1802289E-03,+91.7194841E-03
+5.4990812E-03,+12.4697784E-03,-48.1017113E-03,+91.7076229E-03
+5.4993750E-03,+7.3925840E-03,-48.0883466E-03,+91.7316794E-03
+5.4996687E-03,+3.8021552E-03,-48.1585113E-03,+91.7159758E-03
+5.4999625E-03,+2.4316390E-03,-48.1100643E-03,+91.7046159E-03
+5.5002562E-03,+4.8103978E-03,-48.1935936E-03,+91.7133029E-03
+5.5005500E-03,+9.4862872E-03,-48.0315467E-03,+91.7360229E-03
+5.5008437E-03,+13.8543342E-03,-48.0933584E-03,+91.7316794E-03
+5.5011375E-03,+14.9908445E-03,-47.8093586E-03,+91.7268347E-03
+5.5014312E-03,+12.9823713E-03,-47.8310763E-03,+91.7417029E-03
+5.5017250E-03,+8.8700879E-03,-47.9313115E-03,+91.7360229E-03
+5.5020187E-03,+4.6874593E-03,-48.0666290E-03,+91.7316794E-03
+5.5023125E-03,+3.6902058E-03,-48.1885819E-03,+91.7181476E-03
+5.5026062E-03,+4.5032170E-03,-48.2286760E-03,+91.7146394E-03
+5.5029000E-03,+8.6996646E-03,-47.9313115E-03,+91.7203194E-03
+5.5031937E-03,+12.8094856E-03,-48.0449114E-03,+91.7246629E-03
+5.5034875E-03,+14.9443888E-03,-47.9797585E-03,+91.7316794E-03
+5.5037812E-03,+14.2283318E-03,-47.8310763E-03,+91.7203194E-03
+5.5040750E-03,+10.3697170E-03,-47.9313115E-03,+91.7224911E-03
+5.5043687E-03,+5.3380226E-03,-48.1100643E-03,+91.7303429E-03
+5.5046625E-03,+3.4688430E-03,-48.3238994E-03,+91.7316794E-03
+5.5049562E-03,+4.2563844E-03,-48.3506288E-03,+91.7203194E-03
+5.5052500E-03,+8.3055263E-03,-48.0582761E-03,+91.7159758E-03
+5.5055437E-03,+12.2413223E-03,-47.9530291E-03,+91.7089594E-03
+5.5058375E-03,+13.8216976E-03,-48.1234290E-03,+91.7159758E-03
+5.5061312E-03,+12.9730361E-03,-48.1017113E-03,+91.7089594E-03
+5.5064250E-03,+9.1624573E-03,-47.9797585E-03,+91.7159758E-03
+5.5067187E-03,+5.9619401E-03,-47.7876410E-03,+91.7133029E-03
+5.5070125E-03,+3.7765751E-03,-47.8828644E-03,+91.7338511E-03
+5.5073062E-03,+5.7825859E-03,-48.1718760E-03,+91.7238276E-03
+5.5076000E-03,+8.9126845E-03,-47.9747467E-03,+91.7189829E-03
+5.5078937E-03,+12.7241453E-03,-48.1585113E-03,+91.7295076E-03
+5.5081875E-03,+14.1919097E-03,-48.0014761E-03,+91.7146394E-03
+5.5084812E-03,+13.4326680E-03,-47.8878762E-03,+91.7159758E-03
+5.5087750E-03,+10.7780051E-03,-47.9313115E-03,+91.7089594E-03
+5.5090687E-03,+6.3097697E-03,-48.0883466E-03,+91.7224911E-03
+5.5093625E-03,+3.9793409E-03,-48.1150760E-03,+91.7238276E-03
+5.5096562E-03,+4.2928800E-03,-47.9530291E-03,+91.7081241E-03
+5.5099500E-03,+8.0106577E-03,-48.0582761E-03,+91.7011076E-03
+5.5102437E-03,+11.8415241E-03,-47.9747467E-03,+91.7168111E-03
+5.5105375E-03,+14.9223003E-03,-48.2236642E-03,+91.7281711E-03
+5.5108312E-03,+14.7966053E-03,-48.2587465E-03,+91.7281711E-03
+5.5111250E-03,+12.0516773E-03,-48.2019466E-03,+91.7238276E-03
+5.5114187E-03,+7.1407530E-03,-48.1802289E-03,+91.7124676E-03
+5.5117125E-03,+4.0476646E-03,-48.0799937E-03,+91.7124676E-03
+5.5120062E-03,+4.3655038E-03,-47.9881114E-03,+91.7211547E-03
+5.5123000E-03,+7.8541271E-03,-48.0666290E-03,+91.7373594E-03
+5.5125937E-03,+12.0023916E-03,-48.1017113E-03,+91.7203194E-03
+5.5128875E-03,+14.4574127E-03,-48.0449114E-03,+91.7181476E-03
+5.5131812E-03,+14.3925438E-03,-48.0666290E-03,+91.7124676E-03
+5.5134750E-03,+11.4159989E-03,-48.1234290E-03,+91.7189829E-03
+5.5137687E-03,+7.1936037E-03,-48.0582761E-03,+91.7338511E-03
+5.5140625E-03,+3.9070480E-03,-47.8878762E-03,+91.7259994E-03
+5.5143562E-03,+3.7292006E-03,-47.9530291E-03,+91.7159758E-03
+5.5146500E-03,+7.0057596E-03,-48.0148408E-03,+91.7089594E-03
+5.5149437E-03,+11.3630379E-03,-47.7959939E-03,+91.7159758E-03
+5.5152375E-03,+14.1187714E-03,-47.9663938E-03,+91.7067876E-03
+5.5155312E-03,+14.3911472E-03,-47.9012409E-03,+91.7102958E-03
+5.5158250E-03,+11.3342604E-03,-47.7742763E-03,+91.7067876E-03
+5.5161187E-03,+6.4307235E-03,-47.8878762E-03,+91.7146394E-03
+5.5164125E-03,+2.9680845E-03,-47.9313115E-03,+91.7181476E-03
+5.5167062E-03,+2.9258187E-03,-47.9363232E-03,+91.7146394E-03
+5.5170000E-03,+6.5235613E-03,-47.6740411E-03,+91.7116323E-03
+5.5172937E-03,+11.3047111E-03,-47.8394292E-03,+91.7041147E-03
+5.5175875E-03,+13.9896951E-03,-48.0799937E-03,+91.7395311E-03
+5.5178812E-03,+14.5542934E-03,-47.9446762E-03,+91.7325147E-03
+5.5181750E-03,+12.4328050E-03,-47.9964644E-03,+91.7417029E-03
+5.5184687E-03,+7.9237371E-03,-48.2587465E-03,+91.7381946E-03
+5.5187625E-03,+4.0891954E-03,-48.1585113E-03,+91.7395311E-03
+5.5190562E-03,+3.1948500E-03,-48.0231938E-03,+91.7259994E-03
+5.5193500E-03,+6.0129899E-03,-47.9663938E-03,+91.7203194E-03
+5.5196437E-03,+11.5102701E-03,-47.9446762E-03,+91.7116323E-03
+5.5199375E-03,+15.7474032E-03,-47.9313115E-03,+91.7041147E-03
+5.5202312E-03,+15.5399698E-03,-48.0014761E-03,+91.7395311E-03
+5.5205250E-03,+13.2489402E-03,-47.9095938E-03,+91.7238276E-03
+5.5208187E-03,+8.8266459E-03,-47.9881114E-03,+91.7124676E-03
+5.5211125E-03,+4.8364924E-03,-48.0231938E-03,+91.7146394E-03
+5.5214062E-03,+3.3080857E-03,-47.9663938E-03,+91.7159758E-03
+5.5217000E-03,+6.0644807E-03,-48.0315467E-03,+91.7067876E-03
+5.5219937E-03,+10.2494614E-03,-48.1367937E-03,+91.7146394E-03
+5.5222875E-03,+14.1914319E-03,-48.0098291E-03,+91.7181476E-03
+5.5225812E-03,+14.9285115E-03,-48.1017113E-03,+91.7189829E-03
+5.5228750E-03,+13.1817926E-03,-48.0449114E-03,+91.7295076E-03
+5.5231687E-03,+8.7209078E-03,-47.9797585E-03,+91.7102958E-03
+5.5234625E-03,+4.6077423E-03,-47.8962291E-03,+91.7024441E-03
+5.5237562E-03,+3.3178988E-03,-48.0582761E-03,+91.6989359E-03
+5.5240500E-03,+4.9504999E-03,-47.8878762E-03,+91.7067876E-03
+5.5243437E-03,+8.9323473E-03,-47.9313115E-03,+91.7168111E-03
+5.5246375E-03,+13.1935535E-03,-48.0883466E-03,+91.7238276E-03
+5.5249312E-03,+14.1380299E-03,-48.1150760E-03,+91.7081241E-03
+5.5252250E-03,+12.4482780E-03,-47.9095938E-03,+91.6989359E-03
+5.5255187E-03,+8.6632792E-03,-48.0098291E-03,+91.7089594E-03
+5.5258125E-03,+5.2687066E-03,-48.1234290E-03,+91.7224911E-03
+5.5261062E-03,+4.2571562E-03,-48.1017113E-03,+91.7238276E-03
+5.5264000E-03,+5.8621559E-03,-48.0449114E-03,+91.7124676E-03
+5.5266937E-03,+9.4232559E-03,-48.0231938E-03,+91.7102958E-03
+5.5269875E-03,+13.3905859E-03,-47.9881114E-03,+91.7024441E-03
+5.5272812E-03,+15.0739061E-03,-47.9797585E-03,+91.7011076E-03
+5.5275750E-03,+12.6779469E-03,-47.8962291E-03,+91.7168111E-03
+5.5278687E-03,+8.8658980E-03,-48.0799937E-03,+91.7216558E-03
+5.5281625E-03,+5.7179375E-03,-47.9229585E-03,+91.7067876E-03
+5.5284562E-03,+4.3245243E-03,-47.8745115E-03,+91.7102958E-03
+5.5287500E-03,+5.2009343E-03,-47.9797585E-03,+91.7089594E-03
+5.5290437E-03,+8.9887997E-03,-47.8527939E-03,+91.7181476E-03
+5.5293375E-03,+12.7877646E-03,-47.9881114E-03,+91.7168111E-03
+5.5296312E-03,+14.7273261E-03,-48.0883466E-03,+91.7259994E-03
+5.5299250E-03,+14.1303485E-03,-48.1802289E-03,+91.7181476E-03
+5.5302187E-03,+10.7215159E-03,-48.1668642E-03,+91.7124676E-03
+5.5305125E-03,+6.0886641E-03,-48.2153113E-03,+91.7102958E-03
+5.5308062E-03,+3.1823540E-03,-48.0014761E-03,+91.7067876E-03
+5.5311000E-03,+3.5379752E-03,-47.9530291E-03,+91.7081241E-03
+5.5313937E-03,+7.7175532E-03,-48.1017113E-03,+91.6967641E-03
+5.5316875E-03,+11.7377706E-03,-47.9797585E-03,+91.7032794E-03
+5.5319812E-03,+15.1864067E-03,-47.8527939E-03,+91.7203194E-03
+5.5322750E-03,+14.8840773E-03,-47.9446762E-03,+91.7159758E-03
+5.5325687E-03,+11.4568681E-03,-47.8878762E-03,+91.7089594E-03
+5.5328625E-03,+7.2090767E-03,-47.9313115E-03,+91.7116323E-03
+5.5331562E-03,+4.4093500E-03,-48.0231938E-03,+91.6932559E-03
+5.5334500E-03,+4.7294311E-03,-48.0315467E-03,+91.7111311E-03
+5.5337437E-03,+7.3607192E-03,-48.1802289E-03,+91.7216558E-03
+5.5340375E-03,+11.5049042E-03,-48.0582761E-03,+91.7046159E-03
+5.5343312E-03,+14.6050859E-03,-47.9530291E-03,+91.7046159E-03
+5.5346250E-03,+14.7710621E-03,-48.0365585E-03,+91.7089594E-03
+5.5349187E-03,+11.7322210E-03,-47.8527939E-03,+91.7116323E-03
+5.5352125E-03,+7.6594836E-03,-47.9881114E-03,+91.6975994E-03
+5.5355062E-03,+3.9659261E-03,-48.0449114E-03,+91.7181476E-03
+5.5358000E-03,+3.9339143E-03,-48.0883466E-03,+91.7168111E-03
+5.5360937E-03,+6.4918068E-03,-48.0499231E-03,+91.7281711E-03
+5.5363875E-03,+10.0937393E-03,-47.7391940E-03,+91.7216558E-03
+5.5366812E-03,+13.7906781E-03,-47.9881114E-03,+91.7089594E-03
+5.5369750E-03,+14.4942024E-03,-48.0449114E-03,+91.7203194E-03
+5.5372687E-03,+12.3317345E-03,-48.0666290E-03,+91.7224911E-03
+5.5375625E-03,+8.4800659E-03,-48.1017113E-03,+91.7281711E-03
+5.5378562E-03,+4.8084867E-03,-48.0883466E-03,+91.7259994E-03
+5.5381500E-03,+3.3685075E-03,-48.2019466E-03,+91.7094606E-03
+5.5384437E-03,+5.9828892E-03,-48.1150760E-03,+91.6875759E-03
+5.5387375E-03,+8.9875134E-03,-47.8878762E-03,+91.7046159E-03
+5.5390312E-03,+12.7886467E-03,-47.8227233E-03,+91.7046159E-03
+5.5393250E-03,+14.2819175E-03,-47.8043469E-03,+91.7111311E-03
+5.5396187E-03,+13.1161519E-03,-48.2019466E-03,+91.7281711E-03
+5.5399125E-03,+8.8768504E-03,-48.2670995E-03,+91.7216558E-03
+5.5402062E-03,+4.7906615E-03,-48.3289112E-03,+91.7111311E-03
+5.5405000E-03,+3.1075251E-03,-48.1100643E-03,+91.7238276E-03
+5.5407937E-03,+4.5979660E-03,-48.1501584E-03,+91.7168111E-03
+5.5410875E-03,+9.1538938E-03,-47.8745115E-03,+91.7238276E-03
+5.5413812E-03,+13.1805430E-03,-48.0666290E-03,+91.7124676E-03
+5.5416750E-03,+14.4081270E-03,-48.1017113E-03,+91.7102958E-03
+5.5419687E-03,+12.8017675E-03,-48.0231938E-03,+91.7046159E-03
+5.5422625E-03,+8.0202135E-03,-47.9881114E-03,+91.7089594E-03
+5.5425562E-03,+4.8206151E-03,-48.0883466E-03,+91.7181476E-03
+5.5428500E-03,+3.5812334E-03,-48.1585113E-03,+91.7059523E-03
+5.5431437E-03,+4.9023903E-03,-48.0449114E-03,+91.6997711E-03
+5.5434375E-03,+8.8127165E-03,-48.0231938E-03,+91.7194841E-03
+5.5437312E-03,+13.3001002E-03,-47.9012409E-03,+91.7076229E-03
+5.5440250E-03,+15.2701666E-03,-47.7525587E-03,+91.7360229E-03
+5.5443187E-03,+14.1142140E-03,-47.8527939E-03,+91.7381946E-03
+5.5446125E-03,+9.9412515E-03,-48.0098291E-03,+91.7351876E-03
+5.5449062E-03,+5.7147768E-03,-48.1234290E-03,+91.7146394E-03
+5.5452000E-03,+4.2039747E-03,-48.0582761E-03,+91.7224911E-03
+5.5454937E-03,+4.8567432E-03,-47.9313115E-03,+91.7303429E-03
+5.5457875E-03,+8.2089029E-03,-48.0449114E-03,+91.7360229E-03
+5.5460812E-03,+12.7636547E-03,-48.0666290E-03,+91.7295076E-03
+5.5463750E-03,+15.3032075E-03,-48.0365585E-03,+91.7124676E-03
+5.5466687E-03,+13.9234664E-03,-47.8310763E-03,+91.7124676E-03
+5.5469625E-03,+9.9990638E-03,-47.9964644E-03,+91.7146394E-03
+5.5472562E-03,+6.5616741E-03,-48.2804641E-03,+91.7203194E-03
+5.5475500E-03,+4.9418630E-03,-48.1935936E-03,+91.7181476E-03
+5.5478437E-03,+5.5033372E-03,-47.9446762E-03,+91.7146394E-03
+5.5481375E-03,+8.1552069E-03,-47.9530291E-03,+91.7246629E-03
+5.5484312E-03,+12.3021484E-03,-48.1234290E-03,+91.7338511E-03
+5.5487250E-03,+14.0429134E-03,-48.1885819E-03,+91.7173123E-03
+5.5490187E-03,+13.6614181E-03,-48.2938288E-03,+91.6889123E-03
+5.5493125E-03,+10.8907998E-03,-48.0582761E-03,+91.6954276E-03
+5.5496062E-03,+6.9121867E-03,-47.9095938E-03,+91.7081241E-03
+5.5499000E-03,+4.5982600E-03,-47.9663938E-03,+91.6989359E-03
+5.5501937E-03,+4.9121666E-03,-47.9012409E-03,+91.7046159E-03
+5.5504875E-03,+7.4667146E-03,-47.7959939E-03,+91.7089594E-03
+5.5507812E-03,+11.7139180E-03,-47.9229585E-03,+91.7203194E-03
+5.5510750E-03,+13.8179855E-03,-47.8310763E-03,+91.7181476E-03
+5.5513687E-03,+14.2059860E-03,-47.9530291E-03,+91.7124676E-03
+5.5516625E-03,+12.1422365E-03,-48.0799937E-03,+91.7146394E-03
+5.5519562E-03,+7.1504926E-03,-47.9663938E-03,+91.7181476E-03
+5.5522500E-03,+4.2304368E-03,-47.9663938E-03,+91.7146394E-03
+5.5525437E-03,+5.1634095E-03,-47.9663938E-03,+91.7159758E-03
+5.5528375E-03,+6.8241267E-03,-47.9446762E-03,+91.7067876E-03
+5.5531312E-03,+10.0621686E-03,-47.9313115E-03,+91.7124676E-03
+5.5534250E-03,+13.1192759E-03,-48.0666290E-03,+91.7189829E-03
+5.5537187E-03,+13.2869059E-03,-48.1234290E-03,+91.7360229E-03
+5.5540125E-03,+11.9452041E-03,-48.0365585E-03,+91.7295076E-03
+5.5543062E-03,+8.7423347E-03,-47.8527939E-03,+91.7102958E-03
+5.5546000E-03,+5.4553747E-03,-47.9229585E-03,+91.7046159E-03
+5.5548937E-03,+5.0454327E-03,-47.8310763E-03,+91.7067876E-03
+5.5551875E-03,+7.0984137E-03,-47.9313115E-03,+91.7081241E-03
+5.5554812E-03,+10.1472516E-03,-48.0231938E-03,+91.7054511E-03
+5.5557750E-03,+12.9518664E-03,-48.0315467E-03,+91.7238276E-03
+5.5560687E-03,+14.0752192E-03,-48.2019466E-03,+91.7168111E-03
+5.5563625E-03,+12.8186738E-03,-48.1367937E-03,+91.7238276E-03
+5.5566562E-03,+9.8538898E-03,-47.9881114E-03,+91.7081241E-03
+5.5569500E-03,+6.0230969E-03,-48.0666290E-03,+91.7032794E-03
+5.5572437E-03,+4.4139074E-03,-48.1234290E-03,+91.7203194E-03
+5.5575375E-03,+5.8112164E-03,-48.2102995E-03,+91.7203194E-03
+5.5578312E-03,+8.6542380E-03,-48.2854759E-03,+91.7181476E-03
+5.5581250E-03,+11.8297632E-03,-47.9095938E-03,+91.7059523E-03
+5.5584187E-03,+13.7612758E-03,-47.9663938E-03,+91.6975994E-03
+5.5587125E-03,+13.3949963E-03,-47.9663938E-03,+91.7181476E-03
+5.5590062E-03,+10.2245062E-03,-47.9229585E-03,+91.7124676E-03
+5.5593000E-03,+7.0847048E-03,-47.8962291E-03,+91.7146394E-03
+5.5595937E-03,+5.1197471E-03,-48.1017113E-03,+91.7224911E-03
+5.5598875E-03,+5.9754652E-03,-48.0449114E-03,+91.7238276E-03
+5.5601812E-03,+8.4152338E-03,-48.0449114E-03,+91.7102958E-03
+5.5604750E-03,+11.3681466E-03,-48.0231938E-03,+91.7046159E-03
+5.5607687E-03,+13.0508420E-03,-48.0098291E-03,+91.7067876E-03
+5.5610625E-03,+12.4557388E-03,-48.0365585E-03,+91.7168111E-03
+5.5613562E-03,+9.9544826E-03,-47.9179468E-03,+91.7259994E-03
+5.5616500E-03,+6.7821916E-03,-48.2019466E-03,+91.7094606E-03
+5.5619437E-03,+5.4472890E-03,-48.1585113E-03,+91.6940912E-03
+5.5622375E-03,+6.0393785E-03,-48.0883466E-03,+91.7173123E-03
+5.5625312E-03,+8.7892682E-03,-48.0933584E-03,+91.6954276E-03
+5.5628250E-03,+12.2778179E-03,-47.7876410E-03,+91.7146394E-03
+5.5631187E-03,+13.3027832E-03,-47.7742763E-03,+91.7159758E-03
+5.5634125E-03,+13.9375795E-03,-47.9530291E-03,+91.7089594E-03
+5.5637062E-03,+11.3716749E-03,-48.1668642E-03,+91.7116323E-03
+5.5640000E-03,+7.6705830E-03,-48.1935936E-03,+91.6975994E-03
+5.5642937E-03,+5.5135913E-03,-47.9881114E-03,+91.7138041E-03
+5.5645875E-03,+5.4619167E-03,-48.0449114E-03,+91.6989359E-03
+5.5648812E-03,+7.2582888E-03,-48.0014761E-03,+91.7024441E-03
+5.5651750E-03,+10.3997808E-03,-47.8661586E-03,+91.7054511E-03
+5.5654687E-03,+12.5959512E-03,-47.8093586E-03,+91.7238276E-03
+5.5657625E-03,+12.9997554E-03,-47.8093586E-03,+91.7189829E-03
+5.5660562E-03,+11.1413811E-03,-47.9396644E-03,+91.7295076E-03
+5.5663500E-03,+8.0222716E-03,-48.1718760E-03,+91.7102958E-03
+5.5666437E-03,+6.3456405E-03,-47.9747467E-03,+91.7111311E-03
+5.5669375E-03,+6.0902445E-03,-48.1802289E-03,+91.7259994E-03
+5.5672312E-03,+7.3500241E-03,-48.1017113E-03,+91.7159758E-03
+5.5675250E-03,+10.6595137E-03,-48.0666290E-03,+91.7154747E-03
+5.5678187E-03,+13.6465332E-03,-48.1451466E-03,+91.7308441E-03
+5.5681125E-03,+13.8089811E-03,-48.1367937E-03,+91.7011076E-03
+5.5684062E-03,+11.0021978E-03,-48.0315467E-03,+91.7081241E-03
+5.5687000E-03,+7.9263833E-03,-48.2019466E-03,+91.6989359E-03
+5.5689937E-03,+5.7758233E-03,-48.2236642E-03,+91.7111311E-03
+5.5692875E-03,+5.3238728E-03,-48.2153113E-03,+91.7238276E-03
+5.5695812E-03,+6.7949816E-03,-48.0449114E-03,+91.7168111E-03
+5.5698750E-03,+10.4426715E-03,-48.0883466E-03,+91.7238276E-03
+5.5701687E-03,+12.8818888E-03,-48.1585113E-03,+91.7102958E-03
+5.5704625E-03,+13.4395040E-03,-48.0231938E-03,+91.7089594E-03
+5.5707562E-03,+11.0769165E-03,-47.9881114E-03,+91.7203194E-03
+5.5710500E-03,+7.6376157E-03,-47.9797585E-03,+91.7181476E-03
+5.5713437E-03,+5.4018992E-03,-47.8962291E-03,+91.7211547E-03
+5.5716375E-03,+4.7033366E-03,-48.1017113E-03,+91.7330158E-03
+5.5719312E-03,+6.2478777E-03,-48.0666290E-03,+91.7046159E-03
+5.5722250E-03,+9.4266740E-03,-48.0582761E-03,+91.7133029E-03
+5.5725187E-03,+12.6259783E-03,-47.9313115E-03,+91.7273358E-03
+5.5728125E-03,+13.6125367E-03,-48.0231938E-03,+91.7024441E-03
+5.5731062E-03,+12.5632043E-03,-47.9446762E-03,+91.7054511E-03
+5.5734000E-03,+9.1140537E-03,-47.8878762E-03,+91.7281711E-03
+5.5736937E-03,+5.6641312E-03,-47.9095938E-03,+91.7281711E-03
+5.5739875E-03,+4.1307262E-03,-47.9881114E-03,+91.7238276E-03
+5.5742812E-03,+5.2320640E-03,-48.0014761E-03,+91.7124676E-03
+5.5745750E-03,+9.0020675E-03,-47.8878762E-03,+91.7037806E-03
+5.5748687E-03,+12.0764120E-03,-47.8444410E-03,+91.6875759E-03
+5.5751625E-03,+13.5685067E-03,-47.7091234E-03,+91.7089594E-03
+5.5754562E-03,+12.6765871E-03,-47.7826292E-03,+91.7159758E-03
+5.5757500E-03,+9.6833563E-03,-48.1234290E-03,+91.7067876E-03
+5.5760437E-03,+6.2884162E-03,-48.1234290E-03,+91.7124676E-03
+5.5763375E-03,+4.9585121E-03,-48.0582761E-03,+91.7081241E-03
+5.5766312E-03,+6.0084325E-03,-47.8444410E-03,+91.7011076E-03
+5.5769250E-03,+8.5913170E-03,-47.7525587E-03,+91.7081241E-03
+5.5772187E-03,+11.7338748E-03,-47.8093586E-03,+91.7032794E-03
+5.5775125E-03,+13.3777591E-03,-47.8527939E-03,+91.7181476E-03
+5.5778062E-03,+13.5594655E-03,-47.9229585E-03,+91.7124676E-03
+5.5781000E-03,+11.2439953E-03,-47.7876410E-03,+91.7146394E-03
+5.5783937E-03,+7.3047445E-03,-47.8611468E-03,+91.7159758E-03
+5.5786875E-03,+4.6560356E-03,-48.1367937E-03,+91.7046159E-03
+5.5789812E-03,+5.3571341E-03,-47.9229585E-03,+91.7089594E-03
+5.5792750E-03,+7.7858769E-03,-47.8745115E-03,+91.7224911E-03
+5.5795687E-03,+11.0256462E-03,-47.9580409E-03,+91.7303429E-03
+5.5798625E-03,+13.1714283E-03,-47.7308410E-03,+91.7295076E-03
+5.5801562E-03,+13.6483708E-03,-47.7742763E-03,+91.7146394E-03
+5.5804500E-03,+11.4735907E-03,-47.9313115E-03,+91.7181476E-03
+5.5807437E-03,+7.5933284E-03,-48.0883466E-03,+91.7124676E-03
+5.5810375E-03,+4.7842665E-03,-48.1150760E-03,+91.7146394E-03
+5.5813312E-03,+4.5246072E-03,-47.8444410E-03,+91.7181476E-03
+5.5816250E-03,+7.0539794E-03,-47.7308410E-03,+91.7168111E-03
+5.5819187E-03,+10.5515704E-03,-47.7091234E-03,+91.7259994E-03
+5.5822125E-03,+13.5325624E-03,-47.6740411E-03,+91.7116323E-03
+5.5825062E-03,+13.9869754E-03,-47.7742763E-03,+91.6975994E-03
+5.5828000E-03,+12.0752359E-03,-47.9095938E-03,+91.7181476E-03
+5.5830937E-03,+8.1417186E-03,-47.9229585E-03,+91.7168111E-03
+5.5833875E-03,+5.2350777E-03,-47.8962291E-03,+91.7259994E-03
+5.5836812E-03,+4.5817947E-03,-48.0799937E-03,+91.7159758E-03
+5.5839750E-03,+6.3699709E-03,-47.9663938E-03,+91.7067876E-03
+5.5842687E-03,+9.9613186E-03,-48.0098291E-03,+91.7146394E-03
+5.5845625E-03,+11.9666310E-03,-48.0365585E-03,+91.7116323E-03
+5.5848562E-03,+12.6605628E-03,-47.8962291E-03,+91.6889123E-03
+5.5851500E-03,+10.9549704E-03,-48.0799937E-03,+91.6954276E-03
+5.5854437E-03,+7.8044004E-03,-47.9663938E-03,+91.7102958E-03
+5.5857375E-03,+4.9231925E-03,-47.9229585E-03,+91.7133029E-03
+5.5860312E-03,+4.0300967E-03,-47.8093586E-03,+91.7338511E-03
+5.5863250E-03,+5.7140784E-03,-47.8527939E-03,+91.7238276E-03
+5.5866187E-03,+9.5423354E-03,-47.8578056E-03,+91.7124676E-03
+5.5869125E-03,+12.9456919E-03,-47.5738059E-03,+91.7146394E-03
+5.5872062E-03,+13.8301140E-03,-47.6823940E-03,+91.7203194E-03
+5.5875000E-03,+12.2028788E-03,-47.9881114E-03,+91.7159758E-03
+5.5877937E-03,+10.0049075E-03,-48.0231938E-03,+91.7111311E-03
+5.5880875E-03,+7.1940080E-03,-47.9229585E-03,+91.7216558E-03
+5.5883812E-03,+5.3471374E-03,-47.8093586E-03,+91.7067876E-03
+5.5886750E-03,+5.9389328E-03,-47.8093586E-03,+91.7081241E-03
+5.5889687E-03,+9.7540321E-03,-47.8745115E-03,+91.7032794E-03
+5.5892625E-03,+13.7835113E-03,-48.0014761E-03,+91.7224911E-03
+5.5895562E-03,+14.8288376E-03,-47.9095938E-03,+91.7216558E-03
+5.5898500E-03,+12.7486228E-03,-47.9446762E-03,+91.7133029E-03
+5.5901437E-03,+8.7481784E-03,-47.8444410E-03,+91.7295076E-03
+5.5904375E-03,+5.5661480E-03,-47.7091234E-03,+91.7146394E-03
+5.5907312E-03,+4.1520061E-03,-47.6957587E-03,+91.7203194E-03
+5.5910250E-03,+5.1826313E-03,-47.9179468E-03,+91.7159758E-03
+5.5913187E-03,+8.2189365E-03,-48.1150760E-03,+91.7089594E-03
+5.5916125E-03,+12.3410329E-03,-47.9095938E-03,+91.7181476E-03
+5.5919062E-03,+14.4125742E-03,-48.0098291E-03,+91.7124676E-03
+5.5922000E-03,+12.7887569E-03,-48.0582761E-03,+91.7124676E-03
+5.5924937E-03,+10.2930504E-03,-47.9313115E-03,+91.7102958E-03
+5.5927875E-03,+6.2655927E-03,-47.9580409E-03,+91.7067876E-03
+5.5930812E-03,+4.8959218E-03,-47.8394292E-03,+91.7124676E-03
+5.5933750E-03,+5.3018210E-03,-48.1017113E-03,+91.7168111E-03
+5.5936687E-03,+8.1074281E-03,-48.0231938E-03,+91.7303429E-03
+5.5939625E-03,+11.8607459E-03,-47.8795233E-03,+91.7273358E-03
+5.5942562E-03,+14.3419718E-03,-47.7609116E-03,+91.7133029E-03
+5.5945500E-03,+14.1397205E-03,-48.0449114E-03,+91.7338511E-03
+5.5948437E-03,+11.6225503E-03,-48.0231938E-03,+91.7303429E-03
+5.5951375E-03,+7.9307201E-03,-47.9663938E-03,+91.7338511E-03
+5.5954312E-03,+5.2147901E-03,-47.9446762E-03,+91.7238276E-03
+5.5957250E-03,+6.0063376E-03,-47.9095938E-03,+91.7146394E-03
+5.5960187E-03,+7.9966916E-03,-47.9229585E-03,+91.7138041E-03
+5.5963125E-03,+11.4388959E-03,-47.8962291E-03,+91.7054511E-03
+5.5966062E-03,+13.6407630E-03,-48.0582761E-03,+91.7281711E-03
+5.5969000E-03,+13.2813195E-03,-47.8878762E-03,+91.7281711E-03
+5.5971937E-03,+11.1269740E-03,-47.8878762E-03,+91.7173123E-03
+5.5974875E-03,+7.8541638E-03,-47.9095938E-03,+91.6932559E-03
+5.5977812E-03,+4.8063550E-03,-47.9229585E-03,+91.6981006E-03
+5.5980750E-03,+4.5472102E-03,-47.7876410E-03,+91.6788888E-03
+5.5983687E-03,+7.1704861E-03,-47.7959939E-03,+91.6862394E-03
+5.5986625E-03,+10.7744033E-03,-47.9012409E-03,+91.7203194E-03
+5.5989562E-03,+13.6695038E-03,-47.7091234E-03,+91.7181476E-03
+5.5992500E-03,+14.1551200E-03,-47.6740411E-03,+91.7102958E-03
+5.5995437E-03,+11.5071094E-03,-47.7091234E-03,+91.7024441E-03
+5.5998375E-03,+7.0839330E-03,-47.6740411E-03,+91.7011076E-03
+5.6001312E-03,+4.3209593E-03,-47.7959939E-03,+91.7146394E-03
+5.6004250E-03,+3.8820927E-03,-47.9012409E-03,+91.7159758E-03
+5.6007187E-03,+5.8623764E-03,-47.7742763E-03,+91.7067876E-03
+5.6010125E-03,+9.5943040E-03,-47.9313115E-03,+91.7168111E-03
+5.6013062E-03,+11.9158753E-03,-47.9797585E-03,+91.7238276E-03
+5.6016000E-03,+12.7664847E-03,-47.8310763E-03,+91.7102958E-03
+5.6018937E-03,+11.6790762E-03,-47.9313115E-03,+91.7067876E-03
+5.6021875E-03,+8.9262095E-03,-48.0231938E-03,+91.7081241E-03
+5.6024812E-03,+5.9495544E-03,-47.9663938E-03,+91.6989359E-03
+5.6027750E-03,+5.5588709E-03,-47.9881114E-03,+91.7046159E-03
+5.6030687E-03,+7.2747541E-03,-47.9363232E-03,+91.7089594E-03
+5.6033625E-03,+10.5257331E-03,-47.6957587E-03,+91.7181476E-03
+5.6036562E-03,+12.5902912E-03,-47.8527939E-03,+91.7124676E-03
+5.6039500E-03,+13.1649230E-03,-47.9446762E-03,+91.7102958E-03
+5.6042437E-03,+12.0982065E-03,-47.9530291E-03,+91.7089594E-03
+5.6045375E-03,+8.6806266E-03,-48.0799937E-03,+91.7159758E-03
+5.6048312E-03,+6.0224721E-03,-47.9229585E-03,+91.7067876E-03
+5.6051250E-03,+5.7653120E-03,-47.8745115E-03,+91.7102958E-03
+5.6054187E-03,+6.5410190E-03,-48.0014761E-03,+91.7067876E-03
+5.6057125E-03,+9.1011166E-03,-47.9095938E-03,+91.7081241E-03
+5.6060062E-03,+12.1216916E-03,-47.9012409E-03,+91.7032794E-03
+5.6063000E-03,+13.5711162E-03,-47.7959939E-03,+91.7224911E-03
+5.6065937E-03,+11.9009903E-03,-48.0315467E-03,+91.7238276E-03
+5.6068875E-03,+8.8636193E-03,-48.0933584E-03,+91.7124676E-03
+5.6071812E-03,+6.3713675E-03,-47.8310763E-03,+91.7168111E-03
+5.6074750E-03,+4.6356377E-03,-47.8227233E-03,+91.7238276E-03
+5.6077687E-03,+6.0917146E-03,-47.7174763E-03,+91.7146394E-03
+5.6080625E-03,+8.8699408E-03,-47.8661586E-03,+91.7203194E-03
+5.6083562E-03,+12.4998790E-03,-47.8093586E-03,+91.7116323E-03
+5.6086500E-03,+14.3244774E-03,-47.7876410E-03,+91.6932559E-03
+5.6089437E-03,+13.4074922E-03,-47.8394292E-03,+91.7024441E-03
+5.6092375E-03,+10.0755834E-03,-48.0582761E-03,+91.7011076E-03
+5.6095312E-03,+7.0909528E-03,-47.8661586E-03,+91.7102958E-03
+5.6098250E-03,+4.5073333E-03,-47.9396644E-03,+91.7002723E-03
+5.6101187E-03,+4.5351185E-03,-48.1067231E-03,+91.6997711E-03
+5.6104125E-03,+8.0360907E-03,-47.7391940E-03,+91.7259994E-03
+5.6107062E-03,+11.6457781E-03,-47.9663938E-03,+91.7203194E-03
+5.6110000E-03,+13.3009088E-03,-47.9229585E-03,+91.7138041E-03
+5.6112937E-03,+12.5421449E-03,-47.8093586E-03,+91.6967641E-03
+5.6115875E-03,+10.3642040E-03,-47.7659234E-03,+91.7032794E-03
+5.6118812E-03,+7.7888906E-03,-47.7391940E-03,+91.7203194E-03
+5.6121750E-03,+6.4485119E-03,-47.9663938E-03,+91.7159758E-03
+5.6124687E-03,+5.7707882E-03,-47.9881114E-03,+91.7024441E-03
+5.6127625E-03,+7.5713869E-03,-47.9580409E-03,+91.7011076E-03
+5.6130562E-03,+10.8719823E-03,-47.7525587E-03,+91.7124676E-03
+5.6133500E-03,+13.4794912E-03,-47.8527939E-03,+91.7081241E-03
+5.6136437E-03,+12.3937734E-03,-48.0098291E-03,+91.6989359E-03
+5.6139375E-03,+10.7280211E-03,-48.0582761E-03,+91.7089594E-03
+5.6142312E-03,+8.0257999E-03,-47.8661586E-03,+91.7138041E-03
+5.6145250E-03,+5.3142067E-03,-47.8527939E-03,+91.7032794E-03
+5.6148187E-03,+4.6681273E-03,-48.0098291E-03,+91.7159758E-03
+5.6151125E-03,+6.5961851E-03,-48.1234290E-03,+91.7111311E-03
+5.6154062E-03,+10.1964270E-03,-48.1234290E-03,+91.7194841E-03
+5.6157000E-03,+12.7255787E-03,-47.9496879E-03,+91.6989359E-03
+5.6159937E-03,+12.5080014E-03,-47.5821588E-03,+91.7002723E-03
+5.6162875E-03,+10.6533392E-03,-47.8093586E-03,+91.6954276E-03
+5.6165812E-03,+8.1647627E-03,-47.7224881E-03,+91.7124676E-03
+5.6168750E-03,+5.7556460E-03,-47.6038764E-03,+91.7146394E-03
+5.6171687E-03,+4.7517034E-03,-47.9313115E-03,+91.7181476E-03
+5.6174625E-03,+7.2169418E-03,-48.0014761E-03,+91.7124676E-03
+5.6177562E-03,+10.5483729E-03,-47.7792881E-03,+91.7102958E-03
+5.6180500E-03,+12.8738399E-03,-47.6255941E-03,+91.7111311E-03
+5.6183437E-03,+13.0798033E-03,-48.0098291E-03,+91.7216558E-03
+5.6186375E-03,+11.4881449E-03,-48.0365585E-03,+91.7046159E-03
+5.6189312E-03,+8.7214223E-03,-47.8745115E-03,+91.7089594E-03
+5.6192250E-03,+6.4934240E-03,-48.0014761E-03,+91.7181476E-03
+5.6195187E-03,+6.0221781E-03,-47.8661586E-03,+91.7124676E-03
+5.6198125E-03,+6.8886280E-03,-47.8093586E-03,+91.7124676E-03
+5.6201062E-03,+10.4001851E-03,-47.8527939E-03,+91.7189829E-03
+5.6204000E-03,+12.7897493E-03,-48.0098291E-03,+91.7273358E-03
+5.6206937E-03,+13.4647165E-03,-48.0582761E-03,+91.7002723E-03
+5.6209875E-03,+11.5263311E-03,-47.8661586E-03,+91.6932559E-03
+5.6212812E-03,+8.8558645E-03,-47.8745115E-03,+91.7067876E-03
+5.6215750E-03,+6.4446529E-03,-48.0449114E-03,+91.7124676E-03
+5.6218687E-03,+5.1996847E-03,-48.0231938E-03,+91.7081241E-03
+5.6221625E-03,+6.8581231E-03,-47.9881114E-03,+91.7011076E-03
+5.6224562E-03,+10.1124098E-03,-48.0666290E-03,+91.7146394E-03
+5.6227500E-03,+12.5168956E-03,-48.0148408E-03,+91.7246629E-03
+5.6230437E-03,+13.8913811E-03,-47.8177116E-03,+91.7316794E-03
+5.6233375E-03,+12.3507357E-03,-48.0014761E-03,+91.7159758E-03
+5.6236312E-03,+9.4704099E-03,-47.9964644E-03,+91.7133029E-03
+5.6239250E-03,+6.8364389E-03,-48.2153113E-03,+91.7316794E-03
+5.6242187E-03,+6.0029196E-03,-48.0014761E-03,+91.7181476E-03
+5.6245125E-03,+6.4997087E-03,-47.9095938E-03,+91.7146394E-03
+5.6248062E-03,+8.2225015E-03,-48.0315467E-03,+91.7203194E-03
+5.6251000E-03,+10.9614389E-03,-48.1585113E-03,+91.7181476E-03
+5.6253937E-03,+12.5673206E-03,-48.0883466E-03,+91.7168111E-03
+5.6256875E-03,+11.6826045E-03,-48.1367937E-03,+91.7173123E-03
+5.6259812E-03,+8.9778841E-03,-47.9229585E-03,+91.6910841E-03
+5.6262750E-03,+5.9631529E-03,-47.8310763E-03,+91.6989359E-03
+5.6265687E-03,+4.9093367E-03,-47.9095938E-03,+91.7111311E-03
+5.6268625E-03,+5.0600971E-03,-47.9881114E-03,+91.7281711E-03
+5.6271562E-03,+7.0806988E-03,-47.9580409E-03,+91.7238276E-03
+5.6274500E-03,+10.9994046E-03,-47.8177116E-03,+91.7081241E-03
+5.6277437E-03,+12.3772346E-03,-48.0883466E-03,+91.7032794E-03
+5.6280375E-03,+12.0799403E-03,-48.1150760E-03,+91.7138041E-03
+5.6283312E-03,+9.7411319E-03,-47.9530291E-03,+91.6989359E-03
+5.6286250E-03,+7.5895796E-03,-48.1017113E-03,+91.7067876E-03
+5.6289187E-03,+6.5812634E-03,-48.0231938E-03,+91.7102958E-03
+5.6292125E-03,+7.1569611E-03,-48.0098291E-03,+91.7002723E-03
+5.6295062E-03,+9.1362157E-03,-48.0582761E-03,+91.6910841E-03
+5.6298000E-03,+11.4520167E-03,-47.9095938E-03,+91.7032794E-03
+5.6300937E-03,+13.9888131E-03,-47.9881114E-03,+91.7224911E-03
+5.6303875E-03,+12.7015423E-03,-47.9580409E-03,+91.7238276E-03
+5.6306812E-03,+11.0681693E-03,-47.8394292E-03,+91.7081241E-03
+5.6309750E-03,+7.8539066E-03,-48.1017113E-03,+91.6945923E-03
+5.6312687E-03,+5.8642508E-03,-48.0231938E-03,+91.6889123E-03
+5.6315625E-03,+6.0881496E-03,-47.9663938E-03,+91.6910841E-03
+5.6318562E-03,+7.5687039E-03,-48.0098291E-03,+91.6945923E-03
+5.6321500E-03,+9.5350583E-03,-48.1017113E-03,+91.6954276E-03
+5.6324437E-03,+12.6384743E-03,-48.1317819E-03,+91.7124676E-03
+5.6327375E-03,+13.0990250E-03,-48.2503936E-03,+91.7168111E-03
+5.6330312E-03,+11.0757404E-03,-47.9663938E-03,+91.7259994E-03
+5.6333250E-03,+7.7469188E-03,-47.9446762E-03,+91.7116323E-03
+5.6336187E-03,+5.6553473E-03,-47.9313115E-03,+91.6954276E-03
+5.6339125E-03,+5.4415923E-03,-48.0883466E-03,+91.7102958E-03
+5.6342062E-03,+6.7444831E-03,-48.1367937E-03,+91.7046159E-03
+5.6345000E-03,+9.6079393E-03,-47.9663938E-03,+91.7024441E-03
+5.6347937E-03,+12.8522660E-03,-48.0315467E-03,+91.7011076E-03
+5.6350875E-03,+13.4107632E-03,-48.2453818E-03,+91.7102958E-03
+5.6353812E-03,+11.8398335E-03,-48.2721112E-03,+91.7089594E-03
+5.6356750E-03,+9.6416785E-03,-48.0883466E-03,+91.7159758E-03
+5.6359687E-03,+6.3458243E-03,-48.1367937E-03,+91.7067876E-03
+5.6362625E-03,+4.7923889E-03,-47.9663938E-03,+91.7168111E-03
+5.6365562E-03,+6.3381429E-03,-47.9881114E-03,+91.7259994E-03
+5.6368500E-03,+9.7529296E-03,-48.0231938E-03,+91.7181476E-03
+5.6371437E-03,+11.8843413E-03,-48.0315467E-03,+91.7102958E-03
+5.6374375E-03,+12.6109831E-03,-48.1150760E-03,+91.7067876E-03
+5.6377312E-03,+11.7681286E-03,-47.8444410E-03,+91.7146394E-03
+5.6380250E-03,+9.5322651E-03,-47.7959939E-03,+91.7224911E-03
+5.6383187E-03,+7.1205389E-03,-48.0098291E-03,+91.7173123E-03
+5.6386125E-03,+5.2511755E-03,-48.0799937E-03,+91.6975994E-03
+5.6389062E-03,+6.1421396E-03,-48.0532643E-03,+91.7138041E-03
+5.6392000E-03,+8.9344789E-03,-48.1718760E-03,+91.6967641E-03
+5.6394937E-03,+11.4585588E-03,-47.9313115E-03,+91.6989359E-03
+5.6397875E-03,+13.1133587E-03,-48.0231938E-03,+91.7111311E-03
+5.6400812E-03,+13.1189819E-03,-48.0315467E-03,+91.7281711E-03
+5.6403750E-03,+11.0138485E-03,-48.1585113E-03,+91.7194841E-03
+5.6406687E-03,+8.1528915E-03,-48.0014761E-03,+91.7097947E-03
+5.6409625E-03,+5.3139127E-03,-47.9313115E-03,+91.7351876E-03
+5.6412562E-03,+5.0068789E-03,-48.0014761E-03,+91.7168111E-03
+5.6415500E-03,+7.5870804E-03,-47.9530291E-03,+91.7281711E-03
+5.6418437E-03,+11.2384456E-03,-48.1017113E-03,+91.7259994E-03
+5.6421375E-03,+12.5529503E-03,-48.0449114E-03,+91.7203194E-03
+5.6424312E-03,+13.0548113E-03,-48.0449114E-03,+91.7224911E-03
+5.6427250E-03,+10.9790068E-03,-48.0883466E-03,+91.7281711E-03
+5.6430187E-03,+7.5483796E-03,-48.1802289E-03,+91.7281711E-03
+5.6433125E-03,+4.6609237E-03,-48.1234290E-03,+91.7216558E-03
+5.6436062E-03,+3.8794098E-03,-48.1451466E-03,+91.7046159E-03
+5.6439000E-03,+6.6101145E-03,-48.0933584E-03,+91.7024441E-03
+5.6441937E-03,+10.2020869E-03,-47.8962291E-03,+91.7032794E-03
+5.6444875E-03,+12.9938382E-03,-48.1451466E-03,+91.7203194E-03
+5.6447812E-03,+13.6881742E-03,-48.2236642E-03,+91.7181476E-03
+5.6450750E-03,+12.5937460E-03,-48.1935936E-03,+91.7081241E-03
+5.6453687E-03,+10.0936291E-03,-47.9881114E-03,+91.7032794E-03
+5.6456625E-03,+6.4500555E-03,-48.0014761E-03,+91.7159758E-03
+5.6459562E-03,+5.0382291E-03,-47.8444410E-03,+91.7067876E-03
+5.6462500E-03,+7.0434681E-03,-47.8177116E-03,+91.7124676E-03
+5.6465437E-03,+10.6143443E-03,-48.0231938E-03,+91.7081241E-03
+5.6468375E-03,+13.4449067E-03,-47.9881114E-03,+91.6989359E-03
+5.6471312E-03,+13.3377352E-03,-48.0231938E-03,+91.7024441E-03
+5.6474250E-03,+11.8497200E-03,-48.0315467E-03,+91.6945923E-03
+5.6477187E-03,+8.4605869E-03,-48.1802289E-03,+91.6910841E-03
+5.6480125E-03,+5.8392589E-03,-48.1017113E-03,+91.7032794E-03
+5.6483062E-03,+4.0557502E-03,-48.0883466E-03,+91.7116323E-03
+5.6486000E-03,+5.4541251E-03,-48.1150760E-03,+91.6889123E-03
+5.6488937E-03,+9.4038136E-03,-47.9095938E-03,+91.6975994E-03
+5.6491875E-03,+12.9129083E-03,-47.9446762E-03,+91.7181476E-03
+5.6494812E-03,+14.9123035E-03,-47.8878762E-03,+91.7124676E-03
+5.6497750E-03,+13.3940407E-03,-48.0181820E-03,+91.7102958E-03
+5.6500687E-03,+10.2576941E-03,-48.1852407E-03,+91.7089594E-03
+5.6503625E-03,+6.5051849E-03,-47.7742763E-03,+91.7159758E-03
+5.6506562E-03,+4.0489510E-03,-47.9313115E-03,+91.7133029E-03
+5.6509500E-03,+4.5130300E-03,-48.0883466E-03,+91.7316794E-03
+5.6512437E-03,+7.9619969E-03,-48.1802289E-03,+91.7138041E-03
+5.6515375E-03,+11.9300619E-03,-48.0582761E-03,+91.6945923E-03
+5.6518312E-03,+13.4676200E-03,-47.9313115E-03,+91.6932559E-03
+5.6521250E-03,+11.7883427E-03,-48.0666290E-03,+91.7067876E-03
+5.6524187E-03,+9.1501083E-03,-48.1017113E-03,+91.7081241E-03
+5.6527125E-03,+6.3679128E-03,-48.1534995E-03,+91.7054511E-03
+5.6530062E-03,+4.3707962E-03,-48.3506288E-03,+91.7173123E-03
+5.6533000E-03,+5.1406227E-03,-48.0148408E-03,+91.6932559E-03
+5.6535937E-03,+8.3753569E-03,-47.7742763E-03,+91.7046159E-03
+5.6538875E-03,+12.1091588E-03,-47.8878762E-03,+91.7111311E-03
+5.6541812E-03,+13.6634028E-03,-47.9964644E-03,+91.7216558E-03
+5.6544750E-03,+12.8658278E-03,-48.2370289E-03,+91.7089594E-03
+5.6547687E-03,+10.6387483E-03,-48.1451466E-03,+91.7181476E-03
+5.6550625E-03,+7.5232038E-03,-48.1150760E-03,+91.7059523E-03
+5.6553562E-03,+4.9238173E-03,-47.9747467E-03,+91.6910841E-03
+5.6556500E-03,+4.9712286E-03,-48.1150760E-03,+91.6967641E-03
+5.6559437E-03,+7.6483107E-03,-47.9747467E-03,+91.7011076E-03
+5.6562375E-03,+11.0199495E-03,-48.1585113E-03,+91.7102958E-03
+5.6565312E-03,+12.8802717E-03,-48.0449114E-03,+91.7067876E-03
+5.6568250E-03,+12.6441710E-03,-48.0666290E-03,+91.7102958E-03
+5.6571187E-03,+10.5023215E-03,-48.1451466E-03,+91.7024441E-03
+5.6574125E-03,+7.1073446E-03,-48.2670995E-03,+91.6967641E-03
+5.6577062E-03,+4.4616127E-03,-48.3506288E-03,+91.6989359E-03
+5.6580000E-03,+5.2635980E-03,-48.0582761E-03,+91.7089594E-03
+5.6582937E-03,+8.7995590E-03,-47.8661586E-03,+91.7181476E-03
+5.6585875E-03,+12.0109550E-03,-47.7876410E-03,+91.7102958E-03
+5.6588812E-03,+13.6439237E-03,-47.7742763E-03,+91.7046159E-03
+5.6591750E-03,+13.6914453E-03,-47.8661586E-03,+91.7067876E-03
+5.6594687E-03,+10.5979158E-03,-47.7876410E-03,+91.7146394E-03
+5.6597625E-03,+7.6327275E-03,-47.8177116E-03,+91.7181476E-03
+5.6600562E-03,+4.4933304E-03,-48.0014761E-03,+91.7081241E-03
+5.6603500E-03,+4.9850109E-03,-47.9747467E-03,+91.7011076E-03
+5.6606437E-03,+8.4070379E-03,-48.1802289E-03,+91.7059523E-03
+5.6609375E-03,+11.6036960E-03,-48.1234290E-03,+91.6975994E-03
+5.6612312E-03,+13.0330903E-03,-48.1451466E-03,+91.7224911E-03
+5.6615250E-03,+13.1969716E-03,-48.1367937E-03,+91.7238276E-03
+5.6618187E-03,+11.0947049E-03,-47.9881114E-03,+91.7124676E-03
+5.6621125E-03,+7.7318869E-03,-48.0449114E-03,+91.7168111E-03
+5.6624062E-03,+5.0632946E-03,-48.0666290E-03,+91.7216558E-03
+5.6627000E-03,+5.0017702E-03,-48.1017113E-03,+91.7046159E-03
+5.6629937E-03,+6.7259964E-03,-48.0883466E-03,+91.7046159E-03
+5.6632875E-03,+10.2448305E-03,-48.1150760E-03,+91.7067876E-03
+5.6635812E-03,+13.3641606E-03,-47.8878762E-03,+91.7124676E-03
+5.6638750E-03,+13.3555236E-03,-47.9095938E-03,+91.7124676E-03
+5.6641687E-03,+11.2982058E-03,-47.9881114E-03,+91.7168111E-03
+5.6644625E-03,+8.4985894E-03,-48.0449114E-03,+91.7281711E-03
+5.6647562E-03,+6.7279076E-03,-48.0449114E-03,+91.7194841E-03
+5.6650500E-03,+5.7625923E-03,-47.9580409E-03,+91.7011076E-03
+5.6653437E-03,+6.4777672E-03,-47.7525587E-03,+91.7037806E-03
+5.6656375E-03,+9.7546202E-03,-47.8745115E-03,+91.6875759E-03
+5.6659312E-03,+12.6081531E-03,-48.1100643E-03,+91.7046159E-03
+5.6662250E-03,+13.5714470E-03,-48.2370289E-03,+91.7067876E-03
+5.6665187E-03,+11.8464123E-03,-48.1451466E-03,+91.7081241E-03
+5.6668125E-03,+8.5730508E-03,-48.2453818E-03,+91.6967641E-03
+5.6671062E-03,+5.9855355E-03,-48.3806994E-03,+91.6989359E-03
+5.6674000E-03,+4.7694918E-03,-48.3506288E-03,+91.7046159E-03
+5.6676937E-03,+5.7108442E-03,-48.1451466E-03,+91.7111311E-03
+5.6679875E-03,+9.4696014E-03,-48.1367937E-03,+91.7173123E-03
+5.6682812E-03,+13.1602554E-03,-47.9881114E-03,+91.6997711E-03
+5.6685750E-03,+14.2393944E-03,-48.0231938E-03,+91.7216558E-03
+5.6688687E-03,+11.7801835E-03,-48.0098291E-03,+91.7089594E-03
+5.6691625E-03,+8.0878756E-03,-48.1017113E-03,+91.7203194E-03
+5.6694562E-03,+5.2889943E-03,-48.0449114E-03,+91.7138041E-03
+5.6697500E-03,+4.3764562E-03,-48.0449114E-03,+91.7011076E-03
+5.6700437E-03,+5.9080971E-03,-48.0231938E-03,+91.7124676E-03
+5.6703375E-03,+8.9975469E-03,-47.9229585E-03,+91.7168111E-03
+5.6706312E-03,+12.9575631E-03,-47.8962291E-03,+91.7238276E-03
+5.6709250E-03,+13.8601044E-03,-48.0582761E-03,+91.7081241E-03
+5.6712187E-03,+12.6597175E-03,-47.9530291E-03,+91.6989359E-03
+5.6715125E-03,+9.6424871E-03,-48.1234290E-03,+91.6981006E-03
+5.6718062E-03,+5.7867390E-03,-48.0582761E-03,+91.6875759E-03
+5.6721000E-03,+3.5777419E-03,-47.9530291E-03,+91.7067876E-03
+5.6723937E-03,+4.5580156E-03,-48.0582761E-03,+91.7124676E-03
+5.6726875E-03,+8.4118893E-03,-47.9747467E-03,+91.7081241E-03
+5.6729812E-03,+12.8774417E-03,-48.2453818E-03,+91.6967641E-03
+5.6732750E-03,+14.9603763E-03,-48.2503936E-03,+91.7011076E-03
+5.6735687E-03,+14.1726879E-03,-47.9881114E-03,+91.7211547E-03
+5.6738625E-03,+11.1718860E-03,-47.9797585E-03,+91.7286723E-03
+5.6741562E-03,+6.8616147E-03,-47.8745115E-03,+91.6910841E-03
+5.6744500E-03,+4.3705757E-03,-48.0666290E-03,+91.6989359E-03
+5.6747437E-03,+4.3384904E-03,-48.0799937E-03,+91.7067876E-03
+5.6750375E-03,+7.3577422E-03,-47.9881114E-03,+91.7146394E-03
+5.6753312E-03,+11.3413170E-03,-48.0883466E-03,+91.7159758E-03
+5.6756250E-03,+14.3461616E-03,-48.1150760E-03,+91.7046159E-03
+5.6759187E-03,+13.8704319E-03,-47.9530291E-03,+91.7089594E-03
+5.6762125E-03,+10.1464063E-03,-48.0799937E-03,+91.7159758E-03
+5.6765062E-03,+6.5934654E-03,-47.9881114E-03,+91.7024441E-03
+5.6768000E-03,+3.7425419E-03,-48.0231938E-03,+91.6967641E-03
+5.6770937E-03,+4.0308318E-03,-47.9881114E-03,+91.6967641E-03
+5.6773875E-03,+7.3999713E-03,-48.0883466E-03,+91.7011076E-03
+5.6776812E-03,+12.0616005E-03,-48.1150760E-03,+91.7168111E-03
+5.6779750E-03,+15.6136961E-03,-47.9095938E-03,+91.7259994E-03
+5.6782687E-03,+15.3773749E-03,-47.9446762E-03,+91.7138041E-03
+5.6785625E-03,+12.1312473E-03,-47.9530291E-03,+91.7011076E-03
+5.6788562E-03,+8.2125047E-03,-48.0148408E-03,+91.7102958E-03
+5.6791500E-03,+5.4166739E-03,-47.7742763E-03,+91.7067876E-03
+5.6794437E-03,+4.8510465E-03,-47.8878762E-03,+91.7081241E-03
+5.6797375E-03,+6.9942559E-03,-47.9095938E-03,+91.7054511E-03
+5.6800312E-03,+11.0281454E-03,-47.9881114E-03,+91.7194841E-03
+5.6803250E-03,+14.4629256E-03,-48.0449114E-03,+91.6967641E-03
+5.6806187E-03,+14.0193180E-03,-48.0883466E-03,+91.6967641E-03
+5.6809125E-03,+10.8305985E-03,-48.1367937E-03,+91.7032794E-03
+5.6812062E-03,+7.3098899E-03,-48.0098291E-03,+91.7181476E-03
+5.6815000E-03,+4.0760011E-03,-48.0799937E-03,+91.7102958E-03
+5.6817937E-03,+3.6364363E-03,-47.9012409E-03,+91.7046159E-03
+5.6820875E-03,+6.3289914E-03,-47.8394292E-03,+91.7067876E-03
+5.6823812E-03,+9.8895401E-03,-48.0799937E-03,+91.7102958E-03
+5.6826750E-03,+13.7918910E-03,-47.9663938E-03,+91.7002723E-03
+5.6829687E-03,+14.6880372E-03,-48.0098291E-03,+91.6889123E-03
+5.6832625E-03,+12.2824488E-03,-48.0799937E-03,+91.6910841E-03
+5.6835562E-03,+8.5325123E-03,-47.9663938E-03,+91.7011076E-03
+5.6838500E-03,+6.0100864E-03,-47.9663938E-03,+91.7124676E-03
+5.6841437E-03,+5.0931380E-03,-48.0532643E-03,+91.7146394E-03
+5.6844375E-03,+6.9050198E-03,-48.1935936E-03,+91.7094606E-03
+5.6847312E-03,+10.4189291E-03,-47.9012409E-03,+91.6897476E-03
+5.6850250E-03,+13.6038998E-03,-47.8394292E-03,+91.7102958E-03
+5.6853187E-03,+14.7228422E-03,-48.1017113E-03,+91.7089594E-03
+5.6856125E-03,+13.0721954E-03,-48.1100643E-03,+91.7181476E-03
+5.6859062E-03,+8.3588181E-03,-48.1067231E-03,+91.7081241E-03
+5.6862000E-03,+4.1363126E-03,-47.7391940E-03,+91.6967641E-03
+5.6864937E-03,+2.9280606E-03,-47.9446762E-03,+91.6989359E-03
+5.6867875E-03,+5.2394146E-03,-47.9095938E-03,+91.7046159E-03
+5.6870812E-03,+9.2821615E-03,-47.9446762E-03,+91.7067876E-03
+5.6873750E-03,+13.0679321E-03,-47.8444410E-03,+91.7102958E-03
+5.6876687E-03,+14.3932054E-03,-47.7525587E-03,+91.7046159E-03
+5.6879625E-03,+14.2730234E-03,-47.8527939E-03,+91.7046159E-03
+5.6882562E-03,+9.7784361E-03,-48.0315467E-03,+91.7046159E-03
+5.6885500E-03,+5.4272587E-03,-48.2453818E-03,+91.7067876E-03
+5.6888437E-03,+3.4646531E-03,-48.1852407E-03,+91.7102958E-03
+5.6891375E-03,+5.6432556E-03,-47.8177116E-03,+91.7089594E-03
+5.6894312E-03,+9.8320218E-03,-47.9797585E-03,+91.7181476E-03
+5.6897250E-03,+13.2915000E-03,-47.8745115E-03,+91.7124676E-03
+5.6900187E-03,+14.7917540E-03,-48.0231938E-03,+91.7124676E-03
+5.6903125E-03,+14.2470390E-03,-47.9663938E-03,+91.7146394E-03
+5.6906062E-03,+10.6491861E-03,-47.9229585E-03,+91.7094606E-03
+5.6909000E-03,+6.1809875E-03,-47.8093586E-03,+91.6897476E-03
+5.6911937E-03,+4.2931006E-03,-47.8310763E-03,+91.7102958E-03
+5.6914875E-03,+4.3910103E-03,-47.8227233E-03,+91.7089594E-03
+5.6917812E-03,+7.4231624E-03,-47.7826292E-03,+91.7203194E-03
+5.6920750E-03,+11.0658539E-03,-47.9714056E-03,+91.7159758E-03
+5.6923687E-03,+13.0939899E-03,-47.6389588E-03,+91.7089594E-03
+5.6926625E-03,+13.2484991E-03,-47.8527939E-03,+91.7181476E-03
+5.6929562E-03,+10.6793235E-03,-47.9446762E-03,+91.7168111E-03
+5.6932500E-03,+7.3301408E-03,-47.9313115E-03,+91.7303429E-03
+5.6935437E-03,+3.2520375E-03,-48.0449114E-03,+91.7360229E-03
+5.6938375E-03,+3.8915382E-03,-48.0014761E-03,+91.7273358E-03
+5.6941312E-03,+7.1559687E-03,-47.9313115E-03,+91.7046159E-03
+5.6944250E-03,+12.3450390E-03,-47.9797585E-03,+91.6959288E-03
+5.6947187E-03,+14.3826940E-03,-47.8093586E-03,+91.6840676E-03
+5.6950125E-03,+14.1009095E-03,-47.8962291E-03,+91.7102958E-03
+5.6953062E-03,+11.9241814E-03,-48.0799937E-03,+91.7089594E-03
+5.6956000E-03,+7.5585969E-03,-48.0315467E-03,+91.7203194E-03
+5.6958937E-03,+4.4881483E-03,-48.1585113E-03,+91.7138041E-03
+5.6961875E-03,+4.1367537E-03,-48.0666290E-03,+91.7011076E-03
+5.6964812E-03,+6.4670354E-03,-48.0365585E-03,+91.7081241E-03
+5.6967750E-03,+10.5455796E-03,-47.8093586E-03,+91.6989359E-03
+5.6970687E-03,+12.9517929E-03,-47.8527939E-03,+91.7089594E-03
+5.6973625E-03,+13.2300492E-03,-48.0098291E-03,+91.7159758E-03
+5.6976562E-03,+11.9446528E-03,-48.0582761E-03,+91.7111311E-03
+5.6979500E-03,+9.0928105E-03,-47.9530291E-03,+91.7216558E-03
+5.6982437E-03,+4.9017288E-03,-48.0799937E-03,+91.7046159E-03
+5.6985375E-03,+4.5556266E-03,-47.9446762E-03,+91.7046159E-03
+5.6988312E-03,+7.0908793E-03,-47.9095938E-03,+91.7089594E-03
+5.6991250E-03,+10.4255079E-03,-47.9881114E-03,+91.7203194E-03
+5.6994187E-03,+12.7209478E-03,-48.0449114E-03,+91.7246629E-03
+5.6997125E-03,+13.8816783E-03,-48.0666290E-03,+91.7316794E-03
+5.7000062E-03,+12.2541491E-03,-48.1668642E-03,+91.7138041E-03
+5.7003000E-03,+9.0358802E-03,-48.2153113E-03,+91.7054511E-03
+5.7005937E-03,+5.6492096E-03,-47.9797585E-03,+91.7325147E-03
+5.7008875E-03,+4.9250301E-03,-47.8962291E-03,+91.7330158E-03
+5.7011812E-03,+6.8473913E-03,-48.1017113E-03,+91.7067876E-03
+5.7014750E-03,+10.0671670E-03,-48.0666290E-03,+91.7102958E-03
+5.7017687E-03,+13.7082781E-03,-47.9931232E-03,+91.7067876E-03
+5.7020625E-03,+14.9455281E-03,-47.7826292E-03,+91.7059523E-03
+5.7023562E-03,+13.0286065E-03,-48.0365585E-03,+91.6867406E-03
+5.7026500E-03,+8.7564111E-03,-47.8527939E-03,+91.6875759E-03
+5.7029437E-03,+5.9171383E-03,-48.0532643E-03,+91.7111311E-03
+5.7032375E-03,+4.1049624E-03,-48.2804641E-03,+91.7216558E-03
+5.7035312E-03,+5.9837713E-03,-48.1935936E-03,+91.7046159E-03
+5.7038250E-03,+9.5870269E-03,-47.9663938E-03,+91.7111311E-03
+5.7041187E-03,+13.6174984E-03,-47.9663938E-03,+91.7194841E-03
+5.7044125E-03,+14.1173748E-03,-47.9881114E-03,+91.6967641E-03
+5.7047062E-03,+12.6764400E-03,-48.0231938E-03,+91.7054511E-03
+5.7050000E-03,+9.4933438E-03,-48.0098291E-03,+91.7259994E-03
+5.7052937E-03,+5.3923067E-03,-48.0799937E-03,+91.7246629E-03
+5.7055875E-03,+2.7598793E-03,-47.9012409E-03,+91.7295076E-03
+5.7058812E-03,+4.6632391E-03,-47.8394292E-03,+91.7124676E-03
+5.7061750E-03,+8.0019473E-03,-48.0582761E-03,+91.7102958E-03
+5.7064687E-03,+11.7304936E-03,-47.9530291E-03,+91.7046159E-03
+5.7067625E-03,+13.6047084E-03,-47.9714056E-03,+91.7024441E-03
+5.7070562E-03,+12.7783559E-03,-47.7475469E-03,+91.6989359E-03
+5.7073500E-03,+10.0895495E-03,-48.1802289E-03,+91.7024441E-03
+5.7076437E-03,+6.8264421E-03,-48.0582761E-03,+91.6945923E-03
+5.7079375E-03,+4.9624079E-03,-47.8878762E-03,+91.6975994E-03
+5.7082312E-03,+5.6575525E-03,-47.9530291E-03,+91.7181476E-03
+5.7085250E-03,+8.9986495E-03,-48.0799937E-03,+91.7102958E-03
+5.7088187E-03,+12.6425171E-03,-47.9663938E-03,+91.7067876E-03
+5.7091125E-03,+13.9725315E-03,-47.9663938E-03,+91.7102958E-03
+5.7094062E-03,+13.3372207E-03,-47.9229585E-03,+91.7089594E-03
+5.7097000E-03,+10.1342778E-03,-47.8745115E-03,+91.7159758E-03
+5.7099937E-03,+6.6388552E-03,-48.0231938E-03,+91.7024441E-03
+5.7102875E-03,+4.5192780E-03,-48.0749819E-03,+91.6924206E-03
+5.7105812E-03,+4.8976860E-03,-48.2069583E-03,+91.6919194E-03
+5.7108750E-03,+8.0899337E-03,-47.8527939E-03,+91.7203194E-03
+5.7111687E-03,+11.5932582E-03,-47.9663938E-03,+91.7181476E-03
+5.7114625E-03,+13.4871726E-03,-47.8795233E-03,+91.7168111E-03
+5.7117562E-03,+12.7827295E-03,-47.7391940E-03,+91.7216558E-03
+5.7120500E-03,+10.3619989E-03,-47.9663938E-03,+91.7111311E-03
+5.7123437E-03,+7.1347991E-03,-48.0315467E-03,+91.7194841E-03
+5.7126375E-03,+4.7958069E-03,-48.1802289E-03,+91.6989359E-03
+5.7129312E-03,+5.2341956E-03,-48.1017113E-03,+91.7046159E-03
+5.7132250E-03,+8.1774424E-03,-48.0449114E-03,+91.7133029E-03
+5.7135187E-03,+10.8273642E-03,-48.0231938E-03,+91.7338511E-03
+5.7138125E-03,+13.3265623E-03,-47.9663938E-03,+91.7259994E-03
+5.7141062E-03,+14.2241420E-03,-47.9881114E-03,+91.7159758E-03
+5.7144000E-03,+12.2617202E-03,-48.0231938E-03,+91.7046159E-03
+5.7146937E-03,+8.8816283E-03,-48.0315467E-03,+91.7067876E-03
+5.7149875E-03,+5.5123785E-03,-48.1585113E-03,+91.7146394E-03
+5.7152812E-03,+5.1647326E-03,-48.0449114E-03,+91.7138041E-03
+5.7155750E-03,+8.0726966E-03,-48.0449114E-03,+91.7032794E-03
+5.7158687E-03,+10.8631248E-03,-48.0449114E-03,+91.7203194E-03
+5.7161625E-03,+13.3868371E-03,-48.0449114E-03,+91.7181476E-03
+5.7164562E-03,+14.0779756E-03,-48.0014761E-03,+91.7081241E-03
+5.7167500E-03,+12.4097609E-03,-47.9095938E-03,+91.7032794E-03
+5.7170437E-03,+9.2859103E-03,-47.9881114E-03,+91.7246629E-03
+5.7173375E-03,+6.0778588E-03,-48.0231938E-03,+91.7316794E-03
+5.7176312E-03,+4.8050686E-03,-47.9446762E-03,+91.7181476E-03
+5.7179250E-03,+6.2939659E-03,-47.8661586E-03,+91.7146394E-03
+5.7182187E-03,+9.3135485E-03,-47.7876410E-03,+91.7181476E-03
+5.7185125E-03,+12.2546269E-03,-47.7959939E-03,+91.7124676E-03
+5.7188062E-03,+12.6021624E-03,-47.9881114E-03,+91.7102958E-03
+5.7191000E-03,+11.4697317E-03,-48.0231938E-03,+91.7067876E-03
+5.7193937E-03,+9.1056740E-03,-47.9446762E-03,+91.7124676E-03
+5.7196875E-03,+6.4929462E-03,-47.8661586E-03,+91.7102958E-03
+5.7199812E-03,+5.2021471E-03,-47.8962291E-03,+91.7067876E-03
+5.7202750E-03,+6.4627720E-03,-48.0799937E-03,+91.7124676E-03
+5.7205687E-03,+9.8190113E-03,-47.9012409E-03,+91.7124676E-03
+5.7208625E-03,+12.2673801E-03,-47.7742763E-03,+91.7168111E-03
+5.7211562E-03,+12.8215773E-03,-47.8878762E-03,+91.7216558E-03
+5.7214500E-03,+11.2025747E-03,-47.8661586E-03,+91.7089594E-03
+5.7217437E-03,+9.3139528E-03,-47.8527939E-03,+91.7181476E-03
+5.7220375E-03,+7.3787649E-03,-48.0098291E-03,+91.7146394E-03
+5.7223312E-03,+5.7642094E-03,-48.1234290E-03,+91.7181476E-03
+5.7226250E-03,+6.6034622E-03,-48.1234290E-03,+91.7081241E-03
+5.7229187E-03,+9.0037582E-03,-48.0799937E-03,+91.7011076E-03
+5.7232125E-03,+12.1837305E-03,-47.9229585E-03,+91.7189829E-03
+5.7235062E-03,+13.9018557E-03,-47.9396644E-03,+91.7316794E-03
+5.7238000E-03,+13.0262175E-03,-48.1935936E-03,+91.7181476E-03
+5.7240937E-03,+10.1342778E-03,-47.9881114E-03,+91.7124676E-03
+5.7243875E-03,+7.0410056E-03,-48.0883466E-03,+91.7059523E-03
+5.7246812E-03,+5.1074716E-03,-48.0933584E-03,+91.6932559E-03
+5.7249750E-03,+4.9059921E-03,-47.8745115E-03,+91.7046159E-03
+5.7252687E-03,+8.0976151E-03,-47.9363232E-03,+91.7067876E-03
+5.7255625E-03,+11.2385191E-03,-47.6957587E-03,+91.7059523E-03
+5.7258562E-03,+13.7039780E-03,-47.8310763E-03,+91.6932559E-03
+5.7261500E-03,+13.1500381E-03,-47.9964644E-03,+91.7089594E-03
+5.7264437E-03,+10.0849921E-03,-48.2153113E-03,+91.7159758E-03
+5.7267375E-03,+6.5373437E-03,-48.0449114E-03,+91.7046159E-03
+5.7270312E-03,+4.2032029E-03,-48.0231938E-03,+91.7067876E-03
+5.7273250E-03,+4.0662616E-03,-48.0098291E-03,+91.7124676E-03
+5.7276187E-03,+6.6942786E-03,-48.0582761E-03,+91.7146394E-03
+5.7279125E-03,+9.9331291E-03,-47.8227233E-03,+91.7159758E-03
+5.7282062E-03,+13.1942151E-03,-47.8043469E-03,+91.7089594E-03
+5.7285000E-03,+14.3524464E-03,-48.0716408E-03,+91.7203194E-03
+5.7287937E-03,+11.8444644E-03,-47.9480173E-03,+91.7181476E-03
+5.7290875E-03,+8.2031327E-03,-48.3639935E-03,+91.7146394E-03
+5.7293812E-03,+5.2221407E-03,-47.9663938E-03,+91.7203194E-03
+5.7296750E-03,+5.0209920E-03,-48.0098291E-03,+91.7116323E-03
+5.7299687E-03,+7.5638525E-03,-48.1234290E-03,+91.6932559E-03
+5.7302625E-03,+11.0232205E-03,-48.1451466E-03,+91.7046159E-03
+5.7305562E-03,+13.8634121E-03,-48.1367937E-03,+91.7024441E-03
+5.7308500E-03,+14.9845597E-03,-48.0532643E-03,+91.7011076E-03
+5.7311437E-03,+12.8341468E-03,-48.1501584E-03,+91.7124676E-03
+5.7314375E-03,+8.3808331E-03,-47.8527939E-03,+91.7059523E-03
+5.7317312E-03,+5.6378897E-03,-47.9229585E-03,+91.6910841E-03
+5.7320250E-03,+4.7591643E-03,-47.8962291E-03,+91.6924206E-03
+5.7323187E-03,+6.0332775E-03,-48.0365585E-03,+91.6875759E-03
+5.7326125E-03,+9.4755921E-03,-47.8310763E-03,+91.7089594E-03
+5.7329062E-03,+12.1627813E-03,-47.9095938E-03,+91.7181476E-03
+5.7332000E-03,+13.3005780E-03,-47.9881114E-03,+91.7102958E-03
+5.7334937E-03,+12.4299383E-03,-47.9146056E-03,+91.7002723E-03
+5.7337875E-03,+9.5785370E-03,-47.6172411E-03,+91.6932559E-03
+5.7340812E-03,+6.3050285E-03,-47.8394292E-03,+91.7002723E-03
+5.7343750E-03,+4.9336303E-03,-48.0365585E-03,+91.6932559E-03
+5.7346687E-03,+6.6097102E-03,-47.8962291E-03,+91.7067876E-03
+5.7349625E-03,+9.7337813E-03,-48.0148408E-03,+91.7059523E-03
+5.7352562E-03,+12.7060261E-03,-47.7959939E-03,+91.6889123E-03
+5.7355500E-03,+14.2918408E-03,-48.0532643E-03,+91.6889123E-03
+5.7358437E-03,+12.5074134E-03,-48.1935936E-03,+91.6889123E-03
+5.7361375E-03,+8.8614509E-03,-48.0315467E-03,+91.6954276E-03
+5.7364312E-03,+6.1727916E-03,-48.1367937E-03,+91.7081241E-03
+5.7367250E-03,+4.7150240E-03,-48.0532643E-03,+91.6989359E-03
+5.7370187E-03,+5.1122862E-03,-48.1935936E-03,+91.7046159E-03
+5.7373125E-03,+8.3373176E-03,-47.9663938E-03,+91.7111311E-03
+5.7376062E-03,+11.2889808E-03,-47.9012409E-03,+91.7281711E-03
+5.7379000E-03,+12.7053278E-03,-47.7742763E-03,+91.7173123E-03
+5.7381937E-03,+12.1575257E-03,-47.8444410E-03,+91.6954276E-03
+5.7384875E-03,+9.5369695E-03,-47.7959939E-03,+91.7124676E-03
+5.7387812E-03,+6.2421811E-03,-47.9881114E-03,+91.7146394E-03
+5.7390750E-03,+4.9589898E-03,-48.0014761E-03,+91.7181476E-03
+5.7393687E-03,+5.9571255E-03,-47.9095938E-03,+91.7146394E-03
+5.7396625E-03,+8.3568702E-03,-47.9012409E-03,+91.7159758E-03
+5.7399562E-03,+11.3927710E-03,-47.7959939E-03,+91.6981006E-03
+5.7402500E-03,+12.8853436E-03,-47.8795233E-03,+91.6854041E-03
+5.7405437E-03,+12.8462753E-03,-47.7391940E-03,+91.6967641E-03
+5.7408375E-03,+11.2348438E-03,-48.1184172E-03,+91.7054511E-03
+5.7411312E-03,+7.7238012E-03,-48.3422759E-03,+91.7216558E-03
+5.7414250E-03,+5.7785063E-03,-47.9095938E-03,+91.7024441E-03
+5.7417187E-03,+6.6413912E-03,-47.9881114E-03,+91.7011076E-03
+5.7420125E-03,+8.5044331E-03,-48.0883466E-03,+91.7081241E-03
+5.7423062E-03,+10.7175098E-03,-48.1802289E-03,+91.6902488E-03
+5.7426000E-03,+12.0642835E-03,-48.1017113E-03,+91.6862394E-03
+5.7428937E-03,+12.1085340E-03,-48.0014761E-03,+91.7159758E-03
+5.7431875E-03,+10.5982466E-03,-47.9747467E-03,+91.7089594E-03
+5.7434812E-03,+8.0703077E-03,-48.1585113E-03,+91.7181476E-03
+5.7437750E-03,+6.1887423E-03,-48.0014761E-03,+91.7102958E-03
+5.7440687E-03,+5.9866380E-03,-47.9095938E-03,+91.7024441E-03
+5.7443625E-03,+7.9080068E-03,-47.9881114E-03,+91.6967641E-03
+5.7446562E-03,+10.1638639E-03,-48.0014761E-03,+91.7011076E-03
+5.7449500E-03,+12.2211082E-03,-47.9313115E-03,+91.7102958E-03
+5.7452437E-03,+13.1512142E-03,-47.9363232E-03,+91.7002723E-03
+5.7455375E-03,+11.8117175E-03,-47.7826292E-03,+91.6954276E-03
+5.7458312E-03,+8.4572791E-03,-48.1017113E-03,+91.7102958E-03
+5.7461250E-03,+5.6775460E-03,-48.0231938E-03,+91.7046159E-03
+5.7464187E-03,+5.4761401E-03,-47.9881114E-03,+91.7046159E-03
+5.7467125E-03,+7.1630253E-03,-48.0666290E-03,+91.7089594E-03
+5.7470062E-03,+9.7025413E-03,-48.0582761E-03,+91.7181476E-03
+5.7473000E-03,+11.4234965E-03,-47.9313115E-03,+91.7146394E-03
+5.7475937E-03,+13.0753929E-03,-48.0231938E-03,+91.7138041E-03
+5.7478875E-03,+11.7859170E-03,-47.9663938E-03,+91.7011076E-03
+5.7481812E-03,+9.2283920E-03,-47.9881114E-03,+91.7146394E-03
+5.7484750E-03,+6.8510666E-03,-48.0231938E-03,+91.7203194E-03
+5.7487687E-03,+6.1263726E-03,-47.9446762E-03,+91.7159758E-03
+5.7490625E-03,+7.2815534E-03,-47.9530291E-03,+91.7089594E-03
+5.7493562E-03,+9.1860894E-03,-48.1234290E-03,+91.7181476E-03
+5.7496500E-03,+11.3223525E-03,-48.1234290E-03,+91.7102958E-03
+5.7499437E-03,+12.9341515E-03,-48.1017113E-03,+91.7046159E-03
+5.7502375E-03,+12.3060074E-03,-48.0666290E-03,+91.7046159E-03
+5.7505312E-03,+9.9969689E-03,-48.1668642E-03,+91.7024441E-03
+5.7508250E-03,+7.3467164E-03,-48.2370289E-03,+91.6989359E-03
+5.7511187E-03,+6.3941543E-03,-48.0799937E-03,+91.7111311E-03
+5.7514125E-03,+6.6082401E-03,-48.0315467E-03,+91.7173123E-03
+5.7517062E-03,+8.9406167E-03,-48.2236642E-03,+91.6889123E-03
+5.7520000E-03,+11.1281501E-03,-48.1501584E-03,+91.6954276E-03
+5.7522937E-03,+12.6957721E-03,-47.9613820E-03,+91.7102958E-03
+5.7525875E-03,+12.5922759E-03,-48.3589817E-03,+91.7024441E-03
+5.7528812E-03,+9.7017695E-03,-48.2938288E-03,+91.6945923E-03
+5.7531750E-03,+6.5311325E-03,-48.1234290E-03,+91.6954276E-03
+5.7534687E-03,+5.0508721E-03,-48.1017113E-03,+91.7146394E-03
+5.7537625E-03,+5.4507806E-03,-48.0883466E-03,+91.7181476E-03
+5.7540562E-03,+8.0638024E-03,-48.1585113E-03,+91.7102958E-03
+5.7543500E-03,+11.1948934E-03,-48.0231938E-03,+91.7067876E-03
+5.7546437E-03,+12.8965532E-03,-48.0532643E-03,+91.7146394E-03
+5.7549375E-03,+12.6717357E-03,-48.2587465E-03,+91.7159758E-03
+5.7552312E-03,+9.9698453E-03,-48.2236642E-03,+91.7046159E-03
+5.7555250E-03,+6.7442626E-03,-48.2587465E-03,+91.7024441E-03
+5.7558187E-03,+5.0663819E-03,-48.1585113E-03,+91.6967641E-03
+5.7561125E-03,+5.4084780E-03,-48.0883466E-03,+91.7011076E-03
+5.7564062E-03,+7.7061231E-03,-48.1150760E-03,+91.7146394E-03
+5.7567000E-03,+11.0752259E-03,-47.9747467E-03,+91.7181476E-03
+5.7569937E-03,+13.2293509E-03,-48.1150760E-03,+91.7146394E-03
+5.7572875E-03,+13.8321354E-03,-47.9747467E-03,+91.7181476E-03
+5.7575812E-03,+12.1234557E-03,-48.2019466E-03,+91.7059523E-03
+5.7578750E-03,+8.5006108E-03,-48.2019466E-03,+91.6932559E-03
+5.7581687E-03,+5.8121352E-03,-48.2019466E-03,+91.7089594E-03
+5.7584625E-03,+4.9263532E-03,-48.1802289E-03,+91.7203194E-03
+5.7587562E-03,+7.0793757E-03,-48.1885819E-03,+91.7138041E-03
+5.7590500E-03,+10.2956966E-03,-48.2938288E-03,+91.7011076E-03
+5.7593437E-03,+13.9400787E-03,-48.1668642E-03,+91.7102958E-03
+5.7596375E-03,+13.6521196E-03,-48.2804641E-03,+91.7024441E-03
+5.7599312E-03,+11.5080282E-03,-48.2370289E-03,+91.7032794E-03
+5.7602250E-03,+7.9722509E-03,-48.1885819E-03,+91.7116323E-03
+5.7605187E-03,+5.6710040E-03,-48.3589817E-03,+91.6954276E-03
+5.7608125E-03,+5.4483549E-03,-48.2938288E-03,+91.7124676E-03
+5.7611062E-03,+6.3524030E-03,-48.0365585E-03,+91.7146394E-03
+5.7614000E-03,+9.8432682E-03,-47.9179468E-03,+91.7116323E-03
+5.7616937E-03,+13.5102534E-03,-48.1367937E-03,+91.6889123E-03
+5.7619875E-03,+14.6046081E-03,-48.0098291E-03,+91.6997711E-03
+5.7622812E-03,+12.0197390E-03,-48.1017113E-03,+91.7194841E-03
+5.7625750E-03,+8.3392288E-03,-47.9797585E-03,+91.7032794E-03
+5.7628687E-03,+5.9661299E-03,-47.8527939E-03,+91.7159758E-03
+5.7631625E-03,+5.4722810E-03,-48.0098291E-03,+91.7046159E-03
+5.7634562E-03,+6.9243519E-03,-48.1668642E-03,+91.7089594E-03
+5.7637500E-03,+10.0571334E-03,-48.2370289E-03,+91.7181476E-03
+5.7640437E-03,+12.5726498E-03,-48.1234290E-03,+91.7102958E-03
+5.7643375E-03,+13.1348224E-03,-48.1451466E-03,+91.7046159E-03
+5.7646312E-03,+11.9307602E-03,-48.1585113E-03,+91.7089594E-03
+5.7649250E-03,+8.9102588E-03,-48.0883466E-03,+91.7203194E-03
+5.7652187E-03,+5.8887650E-03,-48.1802289E-03,+91.7094606E-03
+5.7655125E-03,+4.9859665E-03,-48.0799937E-03,+91.6832323E-03
+5.7658062E-03,+5.4698921E-03,-48.0098291E-03,+91.6845688E-03
+5.7661000E-03,+8.3717183E-03,-48.1017113E-03,+91.6840676E-03
+5.7663937E-03,+12.0815574E-03,-48.0449114E-03,+91.7146394E-03
+5.7666875E-03,+14.1437633E-03,-48.0449114E-03,+91.7159758E-03
+5.7669812E-03,+13.0207046E-03,-48.1100643E-03,+91.6959288E-03
+5.7672750E-03,+10.1272580E-03,-48.2587465E-03,+91.6797241E-03
+5.7675687E-03,+6.5459806E-03,-48.2236642E-03,+91.6945923E-03
+5.7678625E-03,+4.4914560E-03,-48.2587465E-03,+91.6910841E-03
+5.7681562E-03,+5.4916866E-03,-48.2019466E-03,+91.7011076E-03
+5.7684500E-03,+7.8412635E-03,-48.2670995E-03,+91.7102958E-03
+5.7687437E-03,+10.5538123E-03,-48.2854759E-03,+91.7046159E-03
+5.7690375E-03,+12.6839744E-03,-47.9313115E-03,+91.7089594E-03
+5.7693312E-03,+12.3110058E-03,-48.0883466E-03,+91.7138041E-03
+5.7696250E-03,+10.5365384E-03,-48.1802289E-03,+91.6967641E-03
+5.7699187E-03,+7.4310275E-03,-48.1017113E-03,+91.6967641E-03
+5.7702125E-03,+5.3325465E-03,-48.0883466E-03,+91.7032794E-03
+5.7705062E-03,+5.9687394E-03,-48.2019466E-03,+91.7181476E-03
+5.7708000E-03,+8.8298801E-03,-48.0716408E-03,+91.7081241E-03
+5.7710937E-03,+11.6598912E-03,-47.8177116E-03,+91.7011076E-03
+5.7713875E-03,+13.2699628E-03,-48.0449114E-03,+91.7146394E-03
+5.7716812E-03,+13.3235853E-03,-47.9797585E-03,+91.7203194E-03
+5.7719750E-03,+10.7159294E-03,-47.8962291E-03,+91.7159758E-03
+5.7722687E-03,+7.4545127E-03,-48.0365585E-03,+91.7046159E-03
+5.7725625E-03,+4.7739389E-03,-47.8745115E-03,+91.7089594E-03
+5.7728562E-03,+5.1292661E-03,-48.0883466E-03,+91.7203194E-03
+5.7731500E-03,+7.7817238E-03,-48.1150760E-03,+91.7116323E-03
+5.7734437E-03,+10.9584986E-03,-47.9095938E-03,+91.6932559E-03
+5.7737375E-03,+13.0470564E-03,-48.0315467E-03,+91.6981006E-03
+5.7740312E-03,+13.0660577E-03,-48.1150760E-03,+91.6875759E-03
+5.7743250E-03,+10.9680544E-03,-47.9747467E-03,+91.7067876E-03
+5.7746187E-03,+7.7039547E-03,-48.2019466E-03,+91.7124676E-03
+5.7749125E-03,+5.2448540E-03,-48.2019466E-03,+91.7146394E-03
+5.7752062E-03,+5.2768658E-03,-48.1585113E-03,+91.7181476E-03
+5.7755000E-03,+7.6148656E-03,-47.9580409E-03,+91.7102958E-03
+5.7757937E-03,+10.3586911E-03,-47.7525587E-03,+91.7046159E-03
+5.7760875E-03,+13.3179621E-03,-47.8527939E-03,+91.7111311E-03
+5.7763812E-03,+13.7917807E-03,-48.0315467E-03,+91.7238276E-03
+5.7766750E-03,+11.4282376E-03,-48.1367937E-03,+91.7168111E-03
+5.7769687E-03,+9.1969315E-03,-48.0098291E-03,+91.7194841E-03
+5.7772625E-03,+5.9225042E-03,-48.0582761E-03,+91.7032794E-03
+5.7775562E-03,+3.6024766E-03,-47.9095938E-03,+91.7159758E-03
+5.7778500E-03,+5.6851171E-03,-48.0098291E-03,+91.7067876E-03
+5.7781437E-03,+9.8107786E-03,-48.0582761E-03,+91.7037806E-03
+5.7784375E-03,+13.0712398E-03,-47.8878762E-03,+91.6875759E-03
+5.7787312E-03,+13.5692418E-03,-47.9313115E-03,+91.7024441E-03
+5.7790250E-03,+11.9117957E-03,-48.0883466E-03,+91.6945923E-03
+5.7793187E-03,+9.3079621E-03,-48.2019466E-03,+91.6954276E-03
+5.7796125E-03,+7.1278160E-03,-48.2019466E-03,+91.7059523E-03
+5.7799062E-03,+4.5363313E-03,-48.1367937E-03,+91.6889123E-03
+5.7802000E-03,+5.2619073E-03,-47.9663938E-03,+91.6867406E-03
+5.7804937E-03,+9.2905779E-03,-47.9229585E-03,+91.6875759E-03
+5.7807875E-03,+12.9022499E-03,-47.8527939E-03,+91.7046159E-03
+5.7810812E-03,+14.9550104E-03,-47.9881114E-03,+91.7002723E-03
+5.7813750E-03,+13.1608802E-03,-48.0883466E-03,+91.6910841E-03
+5.7816687E-03,+9.8469068E-03,-48.1802289E-03,+91.7011076E-03
+5.7819625E-03,+6.5749419E-03,-48.1451466E-03,+91.7102958E-03
+5.7822562E-03,+5.0122448E-03,-48.1585113E-03,+91.7089594E-03
+5.7825500E-03,+5.4988166E-03,-48.0449114E-03,+91.7159758E-03
+5.7828437E-03,+7.9306466E-03,-48.0666290E-03,+91.6981006E-03
+5.7831375E-03,+12.1180898E-03,-48.1451466E-03,+91.6854041E-03
+5.7834312E-03,+13.1293829E-03,-48.0933584E-03,+91.6989359E-03
+5.7837250E-03,+11.5398195E-03,-47.8310763E-03,+91.7002723E-03
+5.7840187E-03,+8.6453805E-03,-47.9313115E-03,+91.6975994E-03
+5.7843125E-03,+6.2089932E-03,-48.0883466E-03,+91.7138041E-03
+5.7846062E-03,+4.9334833E-03,-48.2019466E-03,+91.6967641E-03
+5.7849000E-03,+6.0753228E-03,-48.1367937E-03,+91.7032794E-03
+5.7851937E-03,+8.7223411E-03,-47.9663938E-03,+91.7138041E-03
+5.7854875E-03,+11.7931940E-03,-47.9881114E-03,+91.6967641E-03
+5.7857812E-03,+13.2144659E-03,-48.0666290E-03,+91.6945923E-03
+5.7860750E-03,+12.1238232E-03,-48.0799937E-03,+91.6932559E-03
+5.7863687E-03,+9.6212439E-03,-47.9229585E-03,+91.7046159E-03
+5.7866625E-03,+7.2145161E-03,-47.9179468E-03,+91.7111311E-03
+5.7869562E-03,+5.4851078E-03,-48.1585113E-03,+91.7194841E-03
+5.7872500E-03,+6.5048541E-03,-48.0883466E-03,+91.6967641E-03
+5.7875437E-03,+8.7599394E-03,-48.1585113E-03,+91.6989359E-03
+5.7878375E-03,+11.0613333E-03,-48.0231938E-03,+91.7067876E-03
+5.7881312E-03,+13.4087786E-03,-48.0098291E-03,+91.7102958E-03
+5.7884250E-03,+12.9855320E-03,-47.9714056E-03,+91.7089594E-03
+5.7887187E-03,+10.0626464E-03,-47.7692645E-03,+91.7181476E-03
+5.7890125E-03,+6.0122916E-03,-48.2153113E-03,+91.7081241E-03
+5.7893062E-03,+4.9062862E-03,-48.0231938E-03,+91.6989359E-03
+5.7896000E-03,+5.5410457E-03,-48.0098291E-03,+91.7024441E-03
+5.7898937E-03,+8.5792253E-03,-48.0799937E-03,+91.6945923E-03
+5.7901875E-03,+11.2372695E-03,-47.9446762E-03,+91.6910841E-03
+5.7904812E-03,+13.3970177E-03,-47.9964644E-03,+91.6967641E-03
+5.7907750E-03,+13.4566309E-03,-48.2587465E-03,+91.6967641E-03
+5.7910687E-03,+11.2919211E-03,-48.1150760E-03,+91.6924206E-03
+5.7913625E-03,+7.9207969E-03,-47.9095938E-03,+91.6854041E-03
+5.7916562E-03,+6.0424657E-03,-47.8795233E-03,+91.6967641E-03
+5.7919500E-03,+5.9341916E-03,-47.6957587E-03,+91.7054511E-03
+5.7922437E-03,+7.9934206E-03,-47.8962291E-03,+91.7216558E-03
+5.7925375E-03,+9.9382378E-03,-48.0799937E-03,+91.7046159E-03
+5.7928312E-03,+11.7984129E-03,-48.0098291E-03,+91.7046159E-03
+5.7931250E-03,+13.1136159E-03,-48.0799937E-03,+91.7067876E-03
+5.7934187E-03,+11.7291337E-03,-47.9012409E-03,+91.7081241E-03
+5.7937125E-03,+8.5071161E-03,-47.7959939E-03,+91.7032794E-03
+5.7940062E-03,+6.0522788E-03,-47.9446762E-03,+91.7224911E-03
+5.7943000E-03,+4.9507939E-03,-47.8878762E-03,+91.7194841E-03
+5.7945937E-03,+6.0803580E-03,-48.0181820E-03,+91.7011076E-03
+5.7948875E-03,+9.3224059E-03,-48.2721112E-03,+91.7102958E-03
+5.7951812E-03,+11.8871712E-03,-48.0449114E-03,+91.7067876E-03
+5.7954750E-03,+13.3313402E-03,-48.0449114E-03,+91.7124676E-03
+5.7957687E-03,+12.1846861E-03,-48.0014761E-03,+91.7102958E-03
+5.7960625E-03,+9.5496860E-03,-47.9747467E-03,+91.7067876E-03
+5.7963562E-03,+7.3658646E-03,-48.0499231E-03,+91.7102958E-03
+5.7966500E-03,+6.8720525E-03,-47.8043469E-03,+91.7002723E-03
+5.7969437E-03,+7.7952856E-03,-48.1585113E-03,+91.6910841E-03
+5.7972375E-03,+11.0387302E-03,-48.0666290E-03,+91.6967641E-03
+5.7975312E-03,+13.0150446E-03,-48.1017113E-03,+91.6924206E-03
+5.7978250E-03,+13.3695632E-03,-48.0231938E-03,+91.6897476E-03
+5.7981187E-03,+11.4906073E-03,-47.9881114E-03,+91.7124676E-03
+5.7984125E-03,+9.0410256E-03,-48.0449114E-03,+91.7102958E-03
+5.7987062E-03,+7.0161239E-03,-48.0014761E-03,+91.7089594E-03
+5.7990000E-03,+5.4528755E-03,-48.0616173E-03,+91.7203194E-03
+5.7992937E-03,+6.1453371E-03,-48.4508640E-03,+91.7181476E-03
+5.7995875E-03,+9.0893557E-03,-48.2370289E-03,+91.7081241E-03
+5.7998812E-03,+11.3945719E-03,-48.0799937E-03,+91.7032794E-03
+5.8001750E-03,+12.9191195E-03,-48.0098291E-03,+91.7203194E-03
+5.8004687E-03,+12.7963281E-03,-48.0148408E-03,+91.7159758E-03
+5.8007625E-03,+10.1729786E-03,-47.8611468E-03,+91.7046159E-03
+5.8010562E-03,+7.5473505E-03,-48.1367937E-03,+91.7089594E-03
+5.8013500E-03,+6.6206626E-03,-47.9229585E-03,+91.7159758E-03
+5.8016437E-03,+6.3252059E-03,-47.8310763E-03,+91.7024441E-03
+5.8019375E-03,+8.1919966E-03,-47.9530291E-03,+91.6945923E-03
+5.8022312E-03,+11.5468393E-03,-48.1017113E-03,+91.6975994E-03
+5.8025250E-03,+12.5108682E-03,-48.0666290E-03,+91.7138041E-03
+5.8028187E-03,+12.1057408E-03,-48.0148408E-03,+91.6967641E-03
+5.8031125E-03,+9.4326647E-03,-47.7742763E-03,+91.6989359E-03
+5.8034062E-03,+6.4057315E-03,-47.9313115E-03,+91.7046159E-03
+5.8037000E-03,+5.0090473E-03,-48.0449114E-03,+91.7024441E-03
+5.8039937E-03,+5.4901429E-03,-48.0014761E-03,+91.6924206E-03
+5.8042875E-03,+7.8715112E-03,-47.9964644E-03,+91.6832323E-03
+5.8045812E-03,+10.9921643E-03,-48.1067231E-03,+91.6889123E-03
+5.8048750E-03,+13.3858448E-03,-47.7391940E-03,+91.6954276E-03
+5.8051687E-03,+12.4439044E-03,-47.9229585E-03,+91.7059523E-03
+5.8054625E-03,+10.5181252E-03,-47.8310763E-03,+91.6932559E-03
+5.8057562E-03,+7.0513332E-03,-47.9964644E-03,+91.7067876E-03
+5.8060500E-03,+5.0750923E-03,-48.2804641E-03,+91.7124676E-03
+5.8063437E-03,+5.4381376E-03,-48.2587465E-03,+91.7081241E-03
+5.8066375E-03,+8.0950424E-03,-48.2019466E-03,+91.7032794E-03
+5.8069312E-03,+12.0110285E-03,-48.0499231E-03,+91.7159758E-03
+5.8072250E-03,+14.1188449E-03,-47.6740411E-03,+91.7046159E-03
+5.8075187E-03,+13.7703538E-03,-47.7959939E-03,+91.7046159E-03
+5.8078125E-03,+11.1511574E-03,-47.9446762E-03,+91.7046159E-03
+5.8081062E-03,+8.0728069E-03,-47.9313115E-03,+91.7111311E-03
+5.8084000E-03,+5.3969376E-03,-48.0449114E-03,+91.7238276E-03
+5.8086937E-03,+4.7761073E-03,-47.9363232E-03,+91.7081241E-03
+5.8089875E-03,+7.0374406E-03,-47.7174763E-03,+91.6989359E-03
+5.8092812E-03,+10.0609925E-03,-47.8227233E-03,+91.7046159E-03
+5.8095750E-03,+13.4634302E-03,-47.7826292E-03,+91.6981006E-03
+5.8098687E-03,+13.0640730E-03,-48.0799937E-03,+91.6897476E-03
+5.8101625E-03,+11.2836149E-03,-48.0098291E-03,+91.7059523E-03
+5.8104562E-03,+8.9262831E-03,-48.0582761E-03,+91.6889123E-03
+5.8107500E-03,+7.0795962E-03,-47.8878762E-03,+91.6889123E-03
+5.8110437E-03,+6.1336497E-03,-47.9313115E-03,+91.6910841E-03
+5.8113375E-03,+8.1113974E-03,-48.0666290E-03,+91.6989359E-03
+5.8116312E-03,+11.6499679E-03,-48.1017113E-03,+91.7046159E-03
+5.8119250E-03,+13.9786693E-03,-48.0449114E-03,+91.7067876E-03
+5.8122187E-03,+14.7680116E-03,-48.0231938E-03,+91.7124676E-03
+5.8125125E-03,+12.5332875E-03,-48.0315467E-03,+91.7081241E-03
+5.8128062E-03,+9.0977722E-03,-48.2453818E-03,+91.6967641E-03
+5.8131000E-03,+5.6876163E-03,-48.2938288E-03,+91.6945923E-03
+5.8133937E-03,+4.6146150E-03,-48.1017113E-03,+91.6889123E-03
+5.8136875E-03,+5.8549156E-03,-47.9580409E-03,+91.6932559E-03
+5.8139812E-03,+8.7902238E-03,-47.8177116E-03,+91.7002723E-03
+5.8142750E-03,+11.7775005E-03,-48.0231938E-03,+91.6954276E-03
+5.8145687E-03,+13.9136534E-03,-47.9881114E-03,+91.7102958E-03
+5.8148625E-03,+12.3661720E-03,-48.0666290E-03,+91.7024441E-03
+5.8151562E-03,+9.5966562E-03,-48.0148408E-03,+91.6989359E-03
+5.8154500E-03,+5.9752079E-03,-47.8394292E-03,+91.7089594E-03
+5.8157437E-03,+3.9694544E-03,-48.1017113E-03,+91.7159758E-03
+5.8160375E-03,+5.1206291E-03,-47.9797585E-03,+91.6981006E-03
+5.8163312E-03,+8.1948266E-03,-47.8962291E-03,+91.6897476E-03
+5.8166250E-03,+11.9332961E-03,-48.1234290E-03,+91.7037806E-03
+5.8169187E-03,+14.1571414E-03,-48.0799937E-03,+91.6897476E-03
+5.8172125E-03,+13.9601825E-03,-47.9012409E-03,+91.7124676E-03
+5.8175062E-03,+11.2989409E-03,-47.8177116E-03,+91.7059523E-03
+5.8178000E-03,+6.7957167E-03,-47.9797585E-03,+91.6910841E-03
+5.8180937E-03,+4.1262791E-03,-47.8962291E-03,+91.6902488E-03
+5.8183875E-03,+5.0351786E-03,-48.0799937E-03,+91.6775523E-03
+5.8186812E-03,+7.2596487E-03,-47.9446762E-03,+91.6867406E-03
+5.8189750E-03,+11.2010311E-03,-47.9530291E-03,+91.6875759E-03
+5.8192687E-03,+13.4121966E-03,-48.1234290E-03,+91.7046159E-03
+5.8195625E-03,+13.0903514E-03,-48.0148408E-03,+91.7024441E-03
+5.8198562E-03,+11.2429294E-03,-47.7959939E-03,+91.6945923E-03
+5.8201500E-03,+8.2712726E-03,-48.0749819E-03,+91.6845688E-03
+5.8204437E-03,+5.7685095E-03,-48.2503936E-03,+91.6753806E-03
+5.8207375E-03,+5.0724093E-03,-47.9881114E-03,+91.6854041E-03
+5.8210312E-03,+7.1429214E-03,-48.1100643E-03,+91.6967641E-03
+5.8213250E-03,+10.0100529E-03,-48.2370289E-03,+91.7011076E-03
+5.8216187E-03,+13.3480628E-03,-48.0365585E-03,+91.7059523E-03
+5.8219125E-03,+14.1218219E-03,-47.8962291E-03,+91.6932559E-03
+5.8222062E-03,+12.1180163E-03,-48.0799937E-03,+91.7024441E-03
+5.8225000E-03,+8.9106631E-03,-47.8795233E-03,+91.6902488E-03
+5.8227937E-03,+5.2664280E-03,-47.7609116E-03,+91.6797241E-03
+5.8230875E-03,+4.4508073E-03,-48.0231938E-03,+91.6989359E-03
+5.8233812E-03,+5.7916638E-03,-47.9881114E-03,+91.7002723E-03
+5.8236750E-03,+10.0484965E-03,-48.0014761E-03,+91.6867406E-03
+5.8239687E-03,+13.4874666E-03,-47.8661586E-03,+91.6919194E-03
+5.8242625E-03,+14.1390222E-03,-47.8310763E-03,+91.7181476E-03
+5.8245562E-03,+13.0782229E-03,-47.8661586E-03,+91.7124676E-03
+5.8248500E-03,+9.2207842E-03,-47.8527939E-03,+91.7037806E-03
+5.8251437E-03,+5.3260044E-03,-48.0098291E-03,+91.6875759E-03
+5.8254375E-03,+4.3726339E-03,-48.0582761E-03,+91.7024441E-03
+5.8257312E-03,+5.5302036E-03,-47.8878762E-03,+91.6967641E-03
+5.8260250E-03,+9.3313001E-03,-47.8878762E-03,+91.6967641E-03
+5.8263187E-03,+12.3935896E-03,-47.9313115E-03,+91.6967641E-03
+5.8266125E-03,+13.4717363E-03,-48.0449114E-03,+91.6945923E-03
+5.8269062E-03,+12.5863587E-03,-48.1534995E-03,+91.6910841E-03
+5.8272000E-03,+8.9248129E-03,-48.3289112E-03,+91.6967641E-03
+5.8274937E-03,+6.0043897E-03,-48.0449114E-03,+91.6989359E-03
+5.8277875E-03,+4.9209138E-03,-47.9797585E-03,+91.7067876E-03
+5.8280812E-03,+6.2168583E-03,-47.8745115E-03,+91.7102958E-03
+5.8283750E-03,+9.7847576E-03,-48.0231938E-03,+91.6981006E-03
+5.8286687E-03,+13.1523535E-03,-48.0315467E-03,+91.6875759E-03
+5.8289625E-03,+14.1343914E-03,-48.2019466E-03,+91.7089594E-03
+5.8292562E-03,+13.4377031E-03,-48.1585113E-03,+91.7181476E-03
+5.8295500E-03,+10.2076366E-03,-48.0014761E-03,+91.7059523E-03
+5.8298437E-03,+6.6694704E-03,-47.8878762E-03,+91.6867406E-03
+5.8301375E-03,+4.3639602E-03,-47.9313115E-03,+91.6832323E-03
+5.8304312E-03,+5.2693682E-03,-48.0666290E-03,+91.6910841E-03
+5.8307250E-03,+8.4667981E-03,-48.0799937E-03,+91.6967641E-03
+5.8310187E-03,+11.5625327E-03,-47.9446762E-03,+91.7011076E-03
+5.8313125E-03,+14.0242061E-03,-47.9747467E-03,+91.7081241E-03
+5.8316062E-03,+13.4870991E-03,-48.0933584E-03,+91.6967641E-03
+5.8319000E-03,+10.6929221E-03,-47.8745115E-03,+91.7011076E-03
+5.8321937E-03,+7.1956986E-03,-48.0231938E-03,+91.7146394E-03
+5.8324875E-03,+5.4079634E-03,-47.9446762E-03,+91.7138041E-03
+5.8327812E-03,+5.5485433E-03,-47.8661586E-03,+91.6989359E-03
+5.8330750E-03,+9.0806820E-03,-47.8527939E-03,+91.7089594E-03
+5.8333687E-03,+11.8925739E-03,-47.9446762E-03,+91.7181476E-03
+5.8336625E-03,+13.4130419E-03,-47.9747467E-03,+91.7059523E-03
+5.8339562E-03,+13.1471346E-03,-48.1150760E-03,+91.6954276E-03
+5.8342500E-03,+10.3917687E-03,-47.9095938E-03,+91.7037806E-03
+5.8345437E-03,+7.0340961E-03,-47.9446762E-03,+91.6875759E-03
+5.8348375E-03,+4.9500956E-03,-47.9313115E-03,+91.7024441E-03
+5.8351312E-03,+6.1237999E-03,-48.0666290E-03,+91.6924206E-03
+5.8354250E-03,+8.4412181E-03,-48.0582761E-03,+91.6832323E-03
+5.8357187E-03,+11.4578972E-03,-47.9095938E-03,+91.6954276E-03
+5.8360125E-03,+12.8299570E-03,-47.9663938E-03,+91.7124676E-03
+5.8363062E-03,+12.6293963E-03,-48.0315467E-03,+91.7102958E-03
+5.8366000E-03,+10.3171235E-03,-48.1367937E-03,+91.6959288E-03
+5.8368937E-03,+7.6618726E-03,-47.9881114E-03,+91.6818959E-03
+5.8371875E-03,+5.1000108E-03,-48.0666290E-03,+91.7024441E-03
+5.8374812E-03,+5.0987244E-03,-48.1017113E-03,+91.6967641E-03
+5.8377750E-03,+7.6534562E-03,-48.0666290E-03,+91.6967641E-03
+5.8380687E-03,+10.6861595E-03,-48.1885819E-03,+91.6924206E-03
+5.8383625E-03,+13.2316295E-03,-48.2938288E-03,+91.6940912E-03
+5.8386562E-03,+14.2803372E-03,-48.0148408E-03,+91.7216558E-03
+5.8389500E-03,+11.7727962E-03,-47.7525587E-03,+91.7024441E-03
+5.8392437E-03,+8.5700371E-03,-47.8527939E-03,+91.6989359E-03
+5.8395375E-03,+5.2855762E-03,-47.9446762E-03,+91.7046159E-03
+5.8398312E-03,+4.3771912E-03,-47.8878762E-03,+91.7002723E-03
+5.8401250E-03,+7.7916839E-03,-47.9095938E-03,+91.6910841E-03
+5.8404187E-03,+11.1529583E-03,-47.9881114E-03,+91.6945923E-03
+5.8407125E-03,+13.8581197E-03,-48.0014761E-03,+91.6954276E-03
+5.8410062E-03,+14.3232646E-03,-47.9313115E-03,+91.7102958E-03
+5.8413000E-03,+12.0728102E-03,-47.9363232E-03,+91.7002723E-03
+5.8415937E-03,+8.4440848E-03,-47.7826292E-03,+91.6954276E-03
+5.8418875E-03,+5.9531194E-03,-48.0582761E-03,+91.7059523E-03
+5.8421812E-03,+5.1804996E-03,-47.9747467E-03,+91.6932559E-03
+5.8424750E-03,+7.6298240E-03,-48.1150760E-03,+91.7002723E-03
+5.8427687E-03,+10.6752072E-03,-47.8878762E-03,+91.6910841E-03
+5.8430625E-03,+13.1806900E-03,-47.9313115E-03,+91.7011076E-03
+5.8433562E-03,+13.4962873E-03,-48.0231938E-03,+91.7059523E-03
+5.8436500E-03,+11.4989870E-03,-47.9663938E-03,+91.6954276E-03
+5.8439437E-03,+8.5242429E-03,-48.0315467E-03,+91.7059523E-03
+5.8442375E-03,+5.7527425E-03,-48.1367937E-03,+91.6889123E-03
+5.8445312E-03,+5.3125161E-03,-47.9881114E-03,+91.6910841E-03
+5.8448250E-03,+6.0648115E-03,-48.0666290E-03,+91.6924206E-03
+5.8451187E-03,+9.1445218E-03,-48.0582761E-03,+91.6854041E-03
+5.8454125E-03,+12.0207313E-03,-47.8444410E-03,+91.6989359E-03
+5.8457062E-03,+14.1751136E-03,-47.8394292E-03,+91.7002723E-03
+5.8460000E-03,+12.7378174E-03,-48.0799937E-03,+91.6932559E-03
+5.8462937E-03,+9.0258099E-03,-47.9012409E-03,+91.6981006E-03
+5.8465875E-03,+5.7238180E-03,-47.7742763E-03,+91.6897476E-03
+5.8468812E-03,+5.0108850E-03,-47.9313115E-03,+91.7059523E-03
+5.8471750E-03,+5.8834359E-03,-48.0883466E-03,+91.6954276E-03
+5.8474687E-03,+8.7794919E-03,-48.1585113E-03,+91.7102958E-03
+5.8477625E-03,+12.2885865E-03,-48.0231938E-03,+91.7046159E-03
+5.8480562E-03,+14.1740110E-03,-48.0098291E-03,+91.6981006E-03
+5.8483500E-03,+13.0597362E-03,-48.0582761E-03,+91.6897476E-03
+5.8486437E-03,+9.9828926E-03,-47.8878762E-03,+91.7146394E-03
+5.8489375E-03,+6.3711103E-03,-47.9313115E-03,+91.7116323E-03
+5.8492312E-03,+4.5232473E-03,-48.0231938E-03,+91.6910841E-03
+5.8495250E-03,+5.1068100E-03,-47.9446762E-03,+91.7032794E-03
+5.8498187E-03,+8.6948132E-03,-47.8227233E-03,+91.7116323E-03
+5.8501125E-03,+12.2940627E-03,-47.7609116E-03,+91.6910841E-03
+5.8504062E-03,+13.7093072E-03,-48.1100643E-03,+91.6924206E-03
+5.8507000E-03,+12.9126143E-03,-48.1718760E-03,+91.6832323E-03
+5.8509937E-03,+10.1400480E-03,-47.9530291E-03,+91.6932559E-03
+5.8512875E-03,+7.1795274E-03,-48.1451466E-03,+91.6981006E-03
+5.8515812E-03,+4.9897888E-03,-48.0933584E-03,+91.6854041E-03
+5.8518750E-03,+5.6653441E-03,-47.8093586E-03,+91.6967641E-03
+5.8521687E-03,+9.0990585E-03,-47.8093586E-03,+91.6967641E-03
+5.8524625E-03,+12.2960106E-03,-47.8310763E-03,+91.6945923E-03
+5.8527562E-03,+14.7795152E-03,-47.9095938E-03,+91.6910841E-03
+5.8530500E-03,+13.9510678E-03,-47.9663938E-03,+91.6967641E-03
+5.8533437E-03,+11.4701727E-03,-47.9446762E-03,+91.6967641E-03
+5.8536375E-03,+7.7651115E-03,-47.8661586E-03,+91.6945923E-03
+5.8539312E-03,+5.1078391E-03,-47.7876410E-03,+91.6867406E-03
+5.8542250E-03,+4.9695747E-03,-47.8394292E-03,+91.6832323E-03
+5.8545187E-03,+7.0275908E-03,-48.1017113E-03,+91.6889123E-03
+5.8548125E-03,+10.0807655E-03,-47.9580409E-03,+91.6932559E-03
+5.8551062E-03,+12.6403854E-03,-47.7308410E-03,+91.7002723E-03
+5.8554000E-03,+12.4746666E-03,-47.7959939E-03,+91.6910841E-03
+5.8556937E-03,+10.2771731E-03,-48.0098291E-03,+91.7011076E-03
+5.8559875E-03,+6.6280866E-03,-48.0799937E-03,+91.7081241E-03
+5.8562812E-03,+4.2565682E-03,-47.9881114E-03,+91.6924206E-03
+5.8565750E-03,+4.7797091E-03,-48.0449114E-03,+91.6832323E-03
+5.8568687E-03,+7.4527485E-03,-47.9797585E-03,+91.6889123E-03
+5.8571625E-03,+11.4520167E-03,-47.9179468E-03,+91.6932559E-03
+5.8574562E-03,+14.3001102E-03,-48.0499231E-03,+91.7024441E-03
+5.8577500E-03,+14.6141271E-03,-47.7609116E-03,+91.7011076E-03
+5.8580437E-03,+12.3380927E-03,-48.0014761E-03,+91.7037806E-03
+5.8583375E-03,+9.1968213E-03,-47.9747467E-03,+91.6875759E-03
+5.8586312E-03,+6.1945493E-03,-48.2019466E-03,+91.6981006E-03
+5.8589250E-03,+5.3608462E-03,-48.1802289E-03,+91.6832323E-03
+5.8592187E-03,+7.4304395E-03,-48.0365585E-03,+91.6889123E-03
+5.8595125E-03,+10.0619481E-03,-47.8962291E-03,+91.6867406E-03
+5.8598062E-03,+12.7513057E-03,-48.1017113E-03,+91.6745453E-03
+5.8601000E-03,+12.9397747E-03,-48.0449114E-03,+91.6640206E-03
+5.8603937E-03,+10.6883647E-03,-48.0231938E-03,+91.6854041E-03
+5.8606875E-03,+7.7085855E-03,-48.0315467E-03,+91.6967641E-03
+5.8609812E-03,+4.8930184E-03,-48.2019466E-03,+91.6967641E-03
+5.8612750E-03,+4.4050867E-03,-48.2670995E-03,+91.6924206E-03
+5.8615687E-03,+6.0446709E-03,-48.2203230E-03,+91.6810606E-03
+5.8618625E-03,+8.7546837E-03,-47.6740411E-03,+91.6897476E-03
+5.8621562E-03,+12.1216916E-03,-47.7959939E-03,+91.7124676E-03
+5.8624500E-03,+13.0487103E-03,-48.0315467E-03,+91.7081241E-03
+5.8627437E-03,+11.4981784E-03,-48.1367937E-03,+91.6967641E-03
+5.8630375E-03,+8.8540636E-03,-47.9881114E-03,+91.6967641E-03
+5.8633312E-03,+6.0782998E-03,-47.9580409E-03,+91.6989359E-03
+5.8636250E-03,+5.5885305E-03,-47.7525587E-03,+91.7002723E-03
+5.8639187E-03,+7.4466843E-03,-47.8527939E-03,+91.6889123E-03
+5.8642125E-03,+10.5380085E-03,-47.9229585E-03,+91.6910841E-03
+5.8645062E-03,+13.2780117E-03,-47.8527939E-03,+91.7011076E-03
+5.8648000E-03,+13.6209532E-03,-47.9229585E-03,+91.7081241E-03
+5.8650937E-03,+11.6892200E-03,-47.8745115E-03,+91.6989359E-03
+5.8653875E-03,+9.2963849E-03,-48.0666290E-03,+91.7024441E-03
+5.8656812E-03,+6.5115799E-03,-48.0582761E-03,+91.6989359E-03
+5.8659750E-03,+4.3846521E-03,-47.9313115E-03,+91.7067876E-03
+5.8662687E-03,+5.2734110E-03,-48.0449114E-03,+91.7081241E-03
+5.8665625E-03,+8.4738179E-03,-48.0014761E-03,+91.6880770E-03
+5.8668562E-03,+11.0338788E-03,-47.9095938E-03,+91.6718723E-03
+5.8671500E-03,+12.2999432E-03,-48.0098291E-03,+91.6954276E-03
+5.8674437E-03,+11.7066409E-03,-48.1017113E-03,+91.7059523E-03
+5.8677375E-03,+10.0011955E-03,-48.0883466E-03,+91.6932559E-03
+5.8680312E-03,+7.1862164E-03,-48.1802289E-03,+91.7024441E-03
+5.8683250E-03,+5.0647647E-03,-48.1234290E-03,+91.6945923E-03
+5.8686187E-03,+6.1889628E-03,-48.1451466E-03,+91.6932559E-03
+5.8689125E-03,+9.1035056E-03,-48.1150760E-03,+91.7046159E-03
+5.8692062E-03,+12.8065453E-03,-47.9530291E-03,+91.7067876E-03
+5.8695000E-03,+14.7209311E-03,-48.0365585E-03,+91.7081241E-03
+5.8697937E-03,+13.3840806E-03,-47.7876410E-03,+91.6945923E-03
+5.8700875E-03,+10.6346687E-03,-47.8394292E-03,+91.6867406E-03
+5.8703812E-03,+7.9058017E-03,-48.1017113E-03,+91.6854041E-03
+5.8706750E-03,+5.5006543E-03,-48.0014761E-03,+91.6967641E-03
+5.8709687E-03,+5.7356892E-03,-47.9313115E-03,+91.6945923E-03
+5.8712625E-03,+7.6503322E-03,-47.9797585E-03,+91.6867406E-03
+5.8715562E-03,+11.1233354E-03,-47.7876410E-03,+91.6854041E-03
+5.8718500E-03,+13.4773963E-03,-47.7959939E-03,+91.6945923E-03
+5.8721437E-03,+13.6301414E-03,-47.9663938E-03,+91.6932559E-03
+5.8724375E-03,+10.8942545E-03,-47.9446762E-03,+91.6981006E-03
+5.8727312E-03,+7.5709091E-03,-47.8227233E-03,+91.6875759E-03
+5.8730250E-03,+5.5018304E-03,-47.8260645E-03,+91.7002723E-03
+5.8733187E-03,+4.9638045E-03,-48.1718760E-03,+91.6954276E-03
+5.8736125E-03,+7.2397654E-03,-47.9095938E-03,+91.7081241E-03
+5.8739062E-03,+9.8612771E-03,-48.0315467E-03,+91.6945923E-03
+5.8742000E-03,+12.8260611E-03,-48.1367937E-03,+91.6932559E-03
+5.8744937E-03,+13.1978536E-03,-47.9229585E-03,+91.7002723E-03
+5.8747875E-03,+11.5681192E-03,-47.8745115E-03,+91.6954276E-03
+5.8750812E-03,+8.8595030E-03,-48.0014761E-03,+91.7124676E-03
+5.8753750E-03,+6.4111710E-03,-47.8878762E-03,+91.7037806E-03
+5.8756687E-03,+4.8592057E-03,-47.8444410E-03,+91.6854041E-03
+5.8759625E-03,+6.7795454E-03,-47.7525587E-03,+91.6945923E-03
+5.8762562E-03,+9.8114402E-03,-47.8310763E-03,+91.6867406E-03
+5.8765500E-03,+12.1202214E-03,-47.9095938E-03,+91.6788888E-03
+5.8768437E-03,+14.1646390E-03,-47.9881114E-03,+91.6732088E-03
+5.8771375E-03,+12.1234925E-03,-48.0014761E-03,+91.6797241E-03
+5.8774312E-03,+8.9065100E-03,-47.9747467E-03,+91.6924206E-03
+5.8777250E-03,+6.5672238E-03,-48.1367937E-03,+91.6788888E-03
+5.8780187E-03,+5.5504545E-03,-47.9012409E-03,+91.6818959E-03
+5.8783125E-03,+6.4728423E-03,-47.7959939E-03,+91.7067876E-03
+5.8786062E-03,+9.5339557E-03,-47.9663938E-03,+91.7102958E-03
+5.8789000E-03,+12.2412488E-03,-47.9012409E-03,+91.7046159E-03
+5.8791937E-03,+13.7458763E-03,-47.7308410E-03,+91.6981006E-03
+5.8794875E-03,+13.6445118E-03,-47.7091234E-03,+91.6832323E-03
+5.8797812E-03,+10.7569457E-03,-47.7609116E-03,+91.6889123E-03
+5.8800750E-03,+7.2838689E-03,-48.0014761E-03,+91.6889123E-03
+5.8803687E-03,+5.4503028E-03,-47.9313115E-03,+91.6889123E-03
+5.8806625E-03,+5.5420748E-03,-47.9797585E-03,+91.6889123E-03
+5.8809562E-03,+7.8761421E-03,-47.8310763E-03,+91.6889123E-03
+5.8812500E-03,+11.0985272E-03,-47.9095938E-03,+91.6910841E-03
+5.8815437E-03,+12.8278620E-03,-47.9229585E-03,+91.6989359E-03
+5.8818375E-03,+12.7252479E-03,-47.7659234E-03,+91.7024441E-03
+5.8821312E-03,+10.3090012E-03,-47.6523235E-03,+91.6945923E-03
+5.8824250E-03,+7.2009543E-03,-47.7174763E-03,+91.6845688E-03
+5.8827187E-03,+5.3020783E-03,-47.8878762E-03,+91.6775523E-03
+5.8830125E-03,+5.8752032E-03,-47.8227233E-03,+91.6954276E-03
+5.8833062E-03,+8.4365137E-03,-47.7391940E-03,+91.7059523E-03
+5.8836000E-03,+11.5416203E-03,-47.9663938E-03,+91.6910841E-03
+5.8838937E-03,+12.5103169E-03,-47.9229585E-03,+91.6924206E-03
+5.8841875E-03,+13.4414887E-03,-47.8527939E-03,+91.6832323E-03
+5.8844812E-03,+10.8943648E-03,-47.9229585E-03,+91.6910841E-03
+5.8847750E-03,+7.8175579E-03,-47.8310763E-03,+91.6967641E-03
+5.8850687E-03,+5.3781936E-03,-47.9095938E-03,+91.6945923E-03
+5.8853625E-03,+5.7941630E-03,-47.9881114E-03,+91.6954276E-03
+5.8856562E-03,+8.2131295E-03,-48.0014761E-03,+91.7016088E-03
+5.8859500E-03,+10.6915622E-03,-47.9964644E-03,+91.6753806E-03
+5.8862437E-03,+13.2899932E-03,-48.1718760E-03,+91.6854041E-03
+5.8865375E-03,+13.2872000E-03,-47.9095938E-03,+91.6967641E-03
+5.8868312E-03,+10.3726940E-03,-47.9881114E-03,+91.6945923E-03
+5.8871250E-03,+7.2299524E-03,-48.0014761E-03,+91.6889123E-03
+5.8874187E-03,+4.5330971E-03,-47.8878762E-03,+91.6910841E-03
+5.8877125E-03,+4.4767549E-03,-47.8878762E-03,+91.6967641E-03
+5.8880062E-03,+6.7108909E-03,-47.8661586E-03,+91.6945923E-03
+5.8883000E-03,+10.6440407E-03,-47.8310763E-03,+91.6954276E-03
+5.8885937E-03,+14.1133687E-03,-47.9313115E-03,+91.7102958E-03
+5.8888875E-03,+14.8476919E-03,-47.9363232E-03,+91.7002723E-03
+5.8891812E-03,+11.7802938E-03,-47.7609116E-03,+91.6910841E-03
+5.8894750E-03,+8.3821194E-03,-48.1100643E-03,+91.6924206E-03
+5.8897687E-03,+6.3985647E-03,-48.1501584E-03,+91.6875759E-03
+5.8900625E-03,+5.6392495E-03,-47.8093586E-03,+91.7089594E-03
+5.8903562E-03,+6.6290055E-03,-47.8745115E-03,+91.7138041E-03
+5.8906500E-03,+10.1648930E-03,-48.0449114E-03,+91.6967641E-03
+5.8909437E-03,+13.6360954E-03,-48.0231938E-03,+91.6945923E-03
+5.8912375E-03,+14.7332801E-03,-47.9446762E-03,+91.6910841E-03
+5.8915312E-03,+12.6405692E-03,-47.9095938E-03,+91.6967641E-03
+5.8918250E-03,+8.9015483E-03,-47.9446762E-03,+91.6924206E-03
+5.8921187E-03,+5.2889207E-03,-47.8444410E-03,+91.6832323E-03
+5.8924125E-03,+4.2479680E-03,-47.7959939E-03,+91.6954276E-03
+5.8927062E-03,+5.5915075E-03,-47.9446762E-03,+91.7081241E-03
+5.8930000E-03,+8.7975376E-03,-47.8227233E-03,+91.6967641E-03
+5.8932937E-03,+12.7085988E-03,-47.6523235E-03,+91.7032794E-03
+5.8935875E-03,+14.3589884E-03,-47.6523235E-03,+91.7072888E-03
+5.8938812E-03,+12.2250408E-03,-47.7174763E-03,+91.6818959E-03
+5.8941750E-03,+9.0981397E-03,-47.8878762E-03,+91.7024441E-03
+5.8944687E-03,+5.5784234E-03,-47.9747467E-03,+91.6924206E-03
+5.8947625E-03,+3.9598251E-03,-48.1585113E-03,+91.6854041E-03
+5.8950562E-03,+5.9275761E-03,-47.9146056E-03,+91.6924206E-03
+5.8953500E-03,+9.5366754E-03,-47.6606764E-03,+91.6875759E-03
+5.8956437E-03,+13.3917252E-03,-47.7792881E-03,+91.7024441E-03
+5.8959375E-03,+15.3933991E-03,-47.6690293E-03,+91.7032794E-03
+5.8962312E-03,+13.2125180E-03,-47.9931232E-03,+91.7181476E-03
+5.8965250E-03,+9.5404977E-03,-47.8043469E-03,+91.7168111E-03
+5.8968187E-03,+5.5780927E-03,-48.0933584E-03,+91.7107970E-03
+5.8971125E-03,+4.0517809E-03,-47.8527939E-03,+91.6783876E-03
+5.8974062E-03,+4.7613327E-03,-47.9229585E-03,+91.7124676E-03
+5.8977000E-03,+8.6921670E-03,-47.7876410E-03,+91.7081241E-03
+5.8979937E-03,+12.2004898E-03,-47.7525587E-03,+91.6945923E-03
+5.8982875E-03,+13.3931218E-03,-47.8745115E-03,+91.6845688E-03
+5.8985812E-03,+12.3897306E-03,-47.9363232E-03,+91.6797241E-03
+5.8988750E-03,+9.3695599E-03,-47.7391940E-03,+91.6989359E-03
+5.8991687E-03,+6.3136655E-03,-47.9229585E-03,+91.7024441E-03
+5.8994625E-03,+4.1206559E-03,-47.8093586E-03,+91.6924206E-03
+5.8997562E-03,+4.4880748E-03,-47.8093586E-03,+91.6788888E-03
+5.9000500E-03,+8.2810121E-03,-47.8527939E-03,+91.6818959E-03
+5.9003437E-03,+12.7217196E-03,-47.9229585E-03,+91.7002723E-03
+5.9006375E-03,+14.9128181E-03,-47.8310763E-03,+91.6910841E-03
+5.9009312E-03,+13.6273849E-03,-47.8878762E-03,+91.6989359E-03
+5.9012250E-03,+10.8562153E-03,-47.9313115E-03,+91.7024441E-03
+5.9015187E-03,+7.7305638E-03,-48.0231938E-03,+91.7011076E-03
+5.9018125E-03,+5.7728464E-03,-47.8578056E-03,+91.7102958E-03
+5.9021062E-03,+5.7205469E-03,-47.6172411E-03,+91.7024441E-03
+5.9024000E-03,+7.9302423E-03,-47.7742763E-03,+91.6989359E-03
+5.9026937E-03,+11.8855908E-03,-47.9095938E-03,+91.7024441E-03
+5.9029875E-03,+14.8467363E-03,-47.9881114E-03,+91.6945923E-03
+5.9032812E-03,+14.1953277E-03,-48.0231938E-03,+91.6910841E-03
+5.9035750E-03,+10.3000334E-03,-48.0098291E-03,+91.6989359E-03
+5.9038687E-03,+6.5994561E-03,-48.0799937E-03,+91.7067876E-03
+5.9041625E-03,+4.4572758E-03,-47.9446762E-03,+91.7102958E-03
+5.9044562E-03,+4.0121980E-03,-47.8227233E-03,+91.7024441E-03
+5.9047500E-03,+7.0932682E-03,-47.8043469E-03,+91.6924206E-03
+5.9050437E-03,+11.0211991E-03,-48.0933584E-03,+91.6897476E-03
+5.9053375E-03,+13.9872327E-03,-47.8310763E-03,+91.7059523E-03
+5.9056312E-03,+14.1095096E-03,-47.8878762E-03,+91.6867406E-03
+5.9059250E-03,+11.3581498E-03,-47.9095938E-03,+91.6875759E-03
+5.9062187E-03,+8.0089303E-03,-48.0098291E-03,+91.7002723E-03
+5.9065125E-03,+4.8768838E-03,-48.1668642E-03,+91.6867406E-03
+5.9068062E-03,+3.7777880E-03,-48.2370289E-03,+91.6832323E-03
+5.9071000E-03,+6.6093794E-03,-48.0365585E-03,+91.6889123E-03
+5.9073937E-03,+10.3761120E-03,-47.8093586E-03,+91.6910841E-03
+5.9076875E-03,+12.8833957E-03,-47.8310763E-03,+91.6967641E-03
+5.9079812E-03,+13.1796242E-03,-47.9095938E-03,+91.6967641E-03
+5.9082750E-03,+10.7082848E-03,-47.9229585E-03,+91.6945923E-03
+5.9085687E-03,+7.1371145E-03,-47.8745115E-03,+91.6889123E-03
+5.9088625E-03,+5.1203351E-03,-48.0014761E-03,+91.6932559E-03
+5.9091562E-03,+5.8679996E-03,-47.8661586E-03,+91.7002723E-03
+5.9094500E-03,+7.3993098E-03,-47.8310763E-03,+91.6889123E-03
+5.9097437E-03,+11.3625969E-03,-47.9747467E-03,+91.6932559E-03
+5.9100375E-03,+14.2378876E-03,-48.2019466E-03,+91.6959288E-03
+5.9103312E-03,+14.8489782E-03,-48.1150760E-03,+91.6818959E-03
+5.9106250E-03,+12.5017902E-03,-47.8661586E-03,+91.7024441E-03
+5.9109187E-03,+8.7708182E-03,-47.8745115E-03,+91.6924206E-03
+5.9112125E-03,+5.6226004E-03,-48.0014761E-03,+91.6832323E-03
+5.9115062E-03,+4.9034929E-03,-47.8661586E-03,+91.6889123E-03
+5.9118000E-03,+6.0959780E-03,-47.8527939E-03,+91.6932559E-03
+5.9120937E-03,+9.5688710E-03,-47.9663938E-03,+91.7024441E-03
+5.9123875E-03,+13.5029028E-03,-47.9229585E-03,+91.6945923E-03
+5.9126812E-03,+15.0474440E-03,-47.8093586E-03,+91.6910841E-03
+5.9129750E-03,+13.5680657E-03,-47.7876410E-03,+91.6902488E-03
+5.9132687E-03,+9.6158045E-03,-47.8177116E-03,+91.6818959E-03
+5.9135625E-03,+6.0788144E-03,-48.0014761E-03,+91.6981006E-03
+5.9138562E-03,+4.5677183E-03,-47.8878762E-03,+91.6854041E-03
+5.9141500E-03,+5.7999700E-03,-47.8227233E-03,+91.6945923E-03
+5.9144437E-03,+10.0410724E-03,-47.6740411E-03,+91.6932559E-03
+5.9147375E-03,+14.0802543E-03,-47.7525587E-03,+91.7067876E-03
+5.9150312E-03,+15.6853643E-03,-47.8527939E-03,+91.7124676E-03
+5.9153250E-03,+14.0428031E-03,-47.9229585E-03,+91.7059523E-03
+5.9156187E-03,+9.3889287E-03,-47.8093586E-03,+91.6889123E-03
+5.9159125E-03,+5.2457728E-03,-47.8310763E-03,+91.6867406E-03
+5.9162062E-03,+3.4846835E-03,-47.8661586E-03,+91.6832323E-03
+5.9165000E-03,+4.7883461E-03,-47.7876410E-03,+91.6889123E-03
+5.9167937E-03,+8.2693247E-03,-47.7091234E-03,+91.6910841E-03
+5.9170875E-03,+12.2648809E-03,-47.7174763E-03,+91.6945923E-03
+5.9173812E-03,+14.3578491E-03,-47.8878762E-03,+91.6889123E-03
+5.9176750E-03,+13.0141258E-03,-47.8878762E-03,+91.6932559E-03
+5.9179687E-03,+9.2736716E-03,-47.9313115E-03,+91.6981006E-03
+5.9182625E-03,+5.9124339E-03,-47.9797585E-03,+91.6810606E-03
+5.9185562E-03,+4.1085642E-03,-47.8527939E-03,+91.6854041E-03
+5.9188500E-03,+5.5106143E-03,-47.9446762E-03,+91.6902488E-03
+5.9191437E-03,+8.7334037E-03,-47.9313115E-03,+91.6797241E-03
+5.9194375E-03,+12.7575905E-03,-48.0014761E-03,+91.6967641E-03
+5.9197312E-03,+15.5835587E-03,-47.8661586E-03,+91.6945923E-03
+5.9200250E-03,+14.7287962E-03,-47.8527939E-03,+91.6932559E-03
+5.9203187E-03,+10.5645809E-03,-47.9881114E-03,+91.6981006E-03
+5.9206125E-03,+6.8871212E-03,-48.0231938E-03,+91.6854041E-03
+5.9209062E-03,+5.1605796E-03,-47.9663938E-03,+91.6989359E-03
+5.9212000E-03,+4.9089691E-03,-47.9012409E-03,+91.6981006E-03
+5.9214937E-03,+7.8517014E-03,-47.7959939E-03,+91.6810606E-03
+5.9217875E-03,+11.6241674E-03,-47.9229585E-03,+91.6810606E-03
+5.9220812E-03,+14.0977854E-03,-47.8093586E-03,+91.6810606E-03
+5.9223750E-03,+14.1268203E-03,-47.8745115E-03,+91.6767170E-03
+5.9226687E-03,+10.3814779E-03,-48.0014761E-03,+91.6697006E-03
+5.9229625E-03,+6.1686752E-03,-47.8444410E-03,+91.6832323E-03
+5.9232562E-03,+4.4469115E-03,-47.8611468E-03,+91.6867406E-03
+5.9235500E-03,+5.0823694E-03,-48.1585113E-03,+91.6832323E-03
+5.9238437E-03,+7.7317399E-03,-47.9797585E-03,+91.6932559E-03
+5.9241375E-03,+10.9678706E-03,-47.7876410E-03,+91.7046159E-03
+5.9244312E-03,+14.4168007E-03,-47.7742763E-03,+91.7024441E-03
+5.9247250E-03,+14.4839851E-03,-47.9095938E-03,+91.6924206E-03
+5.9250187E-03,+11.6466234E-03,-47.9012409E-03,+91.6810606E-03
+5.9253125E-03,+8.1222763E-03,-47.6874058E-03,+91.6810606E-03
+5.9256062E-03,+5.8738066E-03,-47.6823940E-03,+91.6854041E-03
+5.9259000E-03,+5.5816577E-03,-47.9663938E-03,+91.6902488E-03
+5.9261937E-03,+7.2162067E-03,-47.9012409E-03,+91.6797241E-03
+5.9264875E-03,+9.9341949E-03,-47.8394292E-03,+91.6967641E-03
+5.9267812E-03,+12.7696454E-03,-48.0365585E-03,+91.6989359E-03
+5.9270750E-03,+13.5020575E-03,-47.7659234E-03,+91.7046159E-03
+5.9273687E-03,+11.5023315E-03,-47.7391940E-03,+91.7046159E-03
+5.9276625E-03,+8.1005921E-03,-47.9012409E-03,+91.7002723E-03
+5.9279562E-03,+5.9431226E-03,-47.7959939E-03,+91.6932559E-03
+5.9282500E-03,+4.9385185E-03,-47.9229585E-03,+91.6981006E-03
+5.9285437E-03,+6.2074495E-03,-47.8093586E-03,+91.6854041E-03
+5.9288375E-03,+10.3411599E-03,-47.8527939E-03,+91.6924206E-03
+5.9291312E-03,+13.4154676E-03,-47.9446762E-03,+91.6875759E-03
+5.9294250E-03,+14.5999038E-03,-47.8444410E-03,+91.7024441E-03
+5.9297187E-03,+12.8759349E-03,-47.7525587E-03,+91.7011076E-03
+5.9300125E-03,+9.8393724E-03,-47.8745115E-03,+91.7124676E-03
+5.9303062E-03,+7.1475891E-03,-48.0014761E-03,+91.7037806E-03
+5.9306000E-03,+6.0458470E-03,-47.9095938E-03,+91.6875759E-03
+5.9308937E-03,+6.6573052E-03,-47.9446762E-03,+91.7046159E-03
+5.9311875E-03,+9.0952362E-03,-47.8878762E-03,+91.7024441E-03
+5.9314812E-03,+11.7998463E-03,-47.9313115E-03,+91.6967641E-03
+5.9317750E-03,+13.9014146E-03,-48.0449114E-03,+91.6967641E-03
+5.9320687E-03,+12.6744186E-03,-48.0449114E-03,+91.6924206E-03
+5.9323625E-03,+9.5080449E-03,-48.0449114E-03,+91.6832323E-03
+5.9326562E-03,+6.1580904E-03,-48.0014761E-03,+91.6910841E-03
+5.9329500E-03,+4.4320266E-03,-47.9095938E-03,+91.6924206E-03
+5.9332437E-03,+5.6547592E-03,-47.9881114E-03,+91.6875759E-03
+5.9335375E-03,+8.0382959E-03,-47.9797585E-03,+91.7024441E-03
+5.9338312E-03,+10.8446381E-03,-47.8093586E-03,+91.7032794E-03
+5.9341250E-03,+12.6956986E-03,-47.8745115E-03,+91.7138041E-03
+5.9344187E-03,+12.7141853E-03,-48.0231938E-03,+91.6945923E-03
+5.9347125E-03,+10.6729285E-03,-47.9446762E-03,+91.6867406E-03
+5.9350062E-03,+8.4305230E-03,-47.8878762E-03,+91.6832323E-03
+5.9353000E-03,+6.7491140E-03,-47.9313115E-03,+91.6910841E-03
+5.9355937E-03,+6.1654410E-03,-48.0231938E-03,+91.6989359E-03
+5.9358875E-03,+7.9758160E-03,-47.9881114E-03,+91.7067876E-03
+5.9361812E-03,+10.7698827E-03,-48.0231938E-03,+91.7081241E-03
+5.9364750E-03,+13.1690761E-03,-47.9663938E-03,+91.6989359E-03
+5.9367687E-03,+12.5057228E-03,-47.9881114E-03,+91.7046159E-03
+5.9370625E-03,+10.7820847E-03,-48.0014761E-03,+91.6981006E-03
+5.9373562E-03,+7.9948172E-03,-47.8661586E-03,+91.6832323E-03
+5.9376500E-03,+6.0274705E-03,-47.8310763E-03,+91.6867406E-03
+5.9379437E-03,+5.5072698E-03,-47.8444410E-03,+91.6854041E-03
+5.9382375E-03,+7.7356357E-03,-47.8394292E-03,+91.6945923E-03
+5.9385312E-03,+11.0722121E-03,-48.1234290E-03,+91.6910841E-03
+5.9388250E-03,+13.5034173E-03,-48.1234290E-03,+91.6967641E-03
+5.9391187E-03,+13.2250875E-03,-48.0799937E-03,+91.6945923E-03
+5.9394125E-03,+11.8002874E-03,-48.0315467E-03,+91.6889123E-03
+5.9397062E-03,+8.8790188E-03,-48.0282055E-03,+91.6889123E-03
+5.9400000E-03,+6.1656982E-03,-47.7475469E-03,+91.6910841E-03
+5.9402937E-03,+5.8140096E-03,-48.0933584E-03,+91.6924206E-03
+5.9405875E-03,+8.0295120E-03,-47.8310763E-03,+91.6854041E-03
+5.9408812E-03,+10.7887002E-03,-47.8878762E-03,+91.6924206E-03
+5.9411750E-03,+12.6313442E-03,-47.9313115E-03,+91.6875759E-03
+5.9414687E-03,+13.5270862E-03,-48.0231938E-03,+91.6981006E-03
+5.9417625E-03,+11.2255085E-03,-47.9229585E-03,+91.6854041E-03
+5.9420562E-03,+8.0461978E-03,-47.8310763E-03,+91.6989359E-03
+5.9423500E-03,+5.1035391E-03,-47.8661586E-03,+91.7111311E-03
+5.9426437E-03,+4.6755514E-03,-47.8962291E-03,+91.7173123E-03
+5.9429375E-03,+6.3277418E-03,-48.1017113E-03,+91.6910841E-03
+5.9432312E-03,+9.3157904E-03,-47.9797585E-03,+91.6967641E-03
+5.9435250E-03,+12.2407342E-03,-47.8310763E-03,+91.6945923E-03
+5.9438187E-03,+13.8254464E-03,-47.9095938E-03,+91.6889123E-03
+5.9441125E-03,+11.8046610E-03,-47.9663938E-03,+91.6889123E-03
+5.9444062E-03,+8.3909769E-03,-47.9229585E-03,+91.6910841E-03
+5.9447000E-03,+6.5776249E-03,-47.7876410E-03,+91.6924206E-03
+5.9449937E-03,+6.0574242E-03,-47.8177116E-03,+91.6832323E-03
+5.9452875E-03,+6.9651843E-03,-48.0449114E-03,+91.6823970E-03
+5.9455812E-03,+9.8836229E-03,-48.0449114E-03,+91.6740441E-03
+5.9458750E-03,+13.0448512E-03,-48.0449114E-03,+91.6967641E-03
+5.9461687E-03,+14.0236548E-03,-48.0014761E-03,+91.6902488E-03
+5.9464625E-03,+13.1188349E-03,-47.8661586E-03,+91.6775523E-03
+5.9467562E-03,+8.9575965E-03,-47.8745115E-03,+91.6910841E-03
+5.9470500E-03,+5.6208731E-03,-48.0449114E-03,+91.6859053E-03
+5.9473437E-03,+4.4685957E-03,-48.0666290E-03,+91.6596771E-03
+5.9476375E-03,+5.2875976E-03,-48.0365585E-03,+91.6697006E-03
+5.9479312E-03,+8.5736388E-03,-47.8093586E-03,+91.6832323E-03
+5.9482250E-03,+12.0352855E-03,-47.7659234E-03,+91.6867406E-03
+5.9485187E-03,+13.2306740E-03,-47.7609116E-03,+91.6788888E-03
+5.9488125E-03,+11.9116119E-03,-48.0014761E-03,+91.6775523E-03
+5.9491062E-03,+10.0152719E-03,-47.8661586E-03,+91.6910841E-03
+5.9494000E-03,+6.6238601E-03,-47.7876410E-03,+91.6924206E-03
+5.9496937E-03,+5.4639014E-03,-47.7525587E-03,+91.6788888E-03
+5.9499875E-03,+6.4715192E-03,-47.7876410E-03,+91.6753806E-03
+5.9502812E-03,+9.3089911E-03,-47.7525587E-03,+91.6919194E-03
+5.9505750E-03,+11.7313756E-03,-47.8527939E-03,+91.7116323E-03
+5.9508687E-03,+13.4502726E-03,-47.9229585E-03,+91.6867406E-03
+5.9511625E-03,+13.0316202E-03,-47.8745115E-03,+91.6854041E-03
+5.9514562E-03,+10.0883367E-03,-47.9797585E-03,+91.6902488E-03
+5.9517500E-03,+7.2710789E-03,-47.7442057E-03,+91.6732088E-03
+5.9520437E-03,+5.7077569E-03,-47.6606764E-03,+91.6753806E-03
+5.9523375E-03,+5.8764161E-03,-47.8878762E-03,+91.6810606E-03
+5.9526312E-03,+8.6804428E-03,-47.8878762E-03,+91.6788888E-03
+5.9529250E-03,+11.9133025E-03,-47.8878762E-03,+91.6797241E-03
+5.9532187E-03,+13.6749064E-03,-47.8010057E-03,+91.6989359E-03
+5.9535125E-03,+13.4993010E-03,-47.6823940E-03,+91.7024441E-03
+5.9538062E-03,+11.1120156E-03,-47.9229585E-03,+91.6924206E-03
+5.9541000E-03,+8.2821147E-03,-47.8527939E-03,+91.6810606E-03
+5.9543937E-03,+5.6554943E-03,-48.0315467E-03,+91.6810606E-03
+5.9546875E-03,+4.7028955E-03,-48.1367937E-03,+91.6832323E-03
+5.9549812E-03,+7.0387637E-03,-47.9229585E-03,+91.6845688E-03
+5.9552750E-03,+11.7303098E-03,-47.8962291E-03,+91.6775523E-03
+5.9555687E-03,+13.3914312E-03,-47.9714056E-03,+91.6954276E-03
+5.9558625E-03,+13.3046208E-03,-47.7041116E-03,+91.7016088E-03
+5.9561562E-03,+11.5821221E-03,-48.0014761E-03,+91.6753806E-03
+5.9564500E-03,+8.3212198E-03,-47.9095938E-03,+91.6832323E-03
+5.9567437E-03,+5.9241949E-03,-47.9229585E-03,+91.6910841E-03
+5.9570375E-03,+5.0156261E-03,-47.7876410E-03,+91.6880770E-03
+5.9573312E-03,+6.5019139E-03,-47.7742763E-03,+91.6718723E-03
+5.9576250E-03,+9.6906701E-03,-47.8444410E-03,+91.6954276E-03
+5.9579187E-03,+13.2413323E-03,-47.7742763E-03,+91.7037806E-03
+5.9582125E-03,+14.1819496E-03,-47.8444410E-03,+91.6832323E-03
+5.9585062E-03,+13.1746258E-03,-47.7308410E-03,+91.6910841E-03
+5.9588000E-03,+10.2600095E-03,-47.7959939E-03,+91.6902488E-03
+5.9590937E-03,+7.1690528E-03,-47.9229585E-03,+91.6775523E-03
+5.9593875E-03,+5.3898075E-03,-47.7876410E-03,+91.6867406E-03
+5.9596812E-03,+6.2317065E-03,-47.7959939E-03,+91.6897476E-03
+5.9599750E-03,+8.2796523E-03,-48.0315467E-03,+91.7037806E-03
+5.9602687E-03,+11.2828063E-03,-48.0716408E-03,+91.6854041E-03
+5.9605625E-03,+12.4340178E-03,-47.7742763E-03,+91.6924206E-03
+5.9608562E-03,+11.4398148E-03,-47.8227233E-03,+91.6788888E-03
+5.9611500E-03,+8.9105161E-03,-47.7609116E-03,+91.6753806E-03
+5.9614437E-03,+7.0187701E-03,-48.0883466E-03,+91.6854041E-03
+5.9617375E-03,+5.5931614E-03,-48.1585113E-03,+91.6902488E-03
+5.9620312E-03,+5.9077663E-03,-48.0231938E-03,+91.6818959E-03
+5.9623250E-03,+8.5528734E-03,-47.9881114E-03,+91.7002723E-03
+5.9626187E-03,+11.8671776E-03,-47.9797585E-03,+91.6845688E-03
+5.9629125E-03,+13.8273943E-03,-47.9179468E-03,+91.6818959E-03
+5.9632062E-03,+12.5901810E-03,-48.1150760E-03,+91.6981006E-03
+5.9635000E-03,+10.0511060E-03,-47.9313115E-03,+91.6832323E-03
+5.9637937E-03,+6.9363701E-03,-48.0014761E-03,+91.6910841E-03
+5.9640875E-03,+6.0960515E-03,-47.8878762E-03,+91.6967641E-03
+5.9643812E-03,+6.7750615E-03,-47.8010057E-03,+91.6902488E-03
+5.9646750E-03,+8.8478156E-03,-47.6606764E-03,+91.6797241E-03
+5.9649687E-03,+11.7096179E-03,-47.8444410E-03,+91.6924206E-03
+5.9652625E-03,+13.8480127E-03,-47.7308410E-03,+91.6832323E-03
+5.9655562E-03,+12.7078270E-03,-47.7742763E-03,+91.6889123E-03
+5.9658500E-03,+10.3081558E-03,-47.8227233E-03,+91.6867406E-03
+5.9661437E-03,+7.6419158E-03,-47.6957587E-03,+91.6810606E-03
+5.9664375E-03,+5.3962025E-03,-47.8527939E-03,+91.6767170E-03
+5.9667312E-03,+6.1616554E-03,-47.9012409E-03,+91.6740441E-03
+5.9670250E-03,+8.8320118E-03,-47.7308410E-03,+91.6945923E-03
+5.9673187E-03,+11.7887469E-03,-47.6874058E-03,+91.6910841E-03
+5.9676125E-03,+14.1554140E-03,-47.6823940E-03,+91.6880770E-03
+5.9679062E-03,+13.1953177E-03,-47.9663938E-03,+91.6675288E-03
+5.9682000E-03,+10.5195218E-03,-48.0315467E-03,+91.6710371E-03
+5.9684937E-03,+7.3667834E-03,-48.1367937E-03,+91.6697006E-03
+5.9687875E-03,+4.9249566E-03,-47.9229585E-03,+91.6810606E-03
+5.9690812E-03,+5.5906989E-03,-47.8527939E-03,+91.6788888E-03
+5.9693750E-03,+8.8340700E-03,-47.9663938E-03,+91.6710371E-03
+5.9696687E-03,+12.2867489E-03,-47.9663938E-03,+91.6740441E-03
+5.9699625E-03,+14.2771764E-03,-47.9229585E-03,+91.6945923E-03
+5.9702562E-03,+14.1948499E-03,-47.7876410E-03,+91.6845688E-03
+5.9705500E-03,+10.9387623E-03,-47.7525587E-03,+91.6753806E-03
+5.9708437E-03,+7.6005320E-03,-47.8310763E-03,+91.6832323E-03
+5.9711375E-03,+5.1473853E-03,-47.8444410E-03,+91.6845688E-03
+5.9714312E-03,+5.2882592E-03,-47.7525587E-03,+91.6775523E-03
+5.9717250E-03,+7.6508099E-03,-47.8527939E-03,+91.6867406E-03
+5.9720187E-03,+11.1547592E-03,-47.9229585E-03,+91.6767170E-03
+5.9723125E-03,+13.7221707E-03,-47.8745115E-03,+91.6675288E-03
+5.9726062E-03,+13.3412635E-03,-48.0231938E-03,+91.6732088E-03
+5.9729000E-03,+10.5946080E-03,-47.9663938E-03,+91.6753806E-03
+5.9731937E-03,+7.2600897E-03,-47.9663938E-03,+91.6767170E-03
+5.9734875E-03,+3.9485788E-03,-48.0315467E-03,+91.6675288E-03
+5.9737812E-03,+4.1621867E-03,-48.1585113E-03,+91.6775523E-03
+5.9740750E-03,+7.1385111E-03,-48.0231938E-03,+91.6867406E-03
+5.9743687E-03,+10.5392581E-03,-48.0098291E-03,+91.6854041E-03
+5.9746625E-03,+13.3468132E-03,-48.1017113E-03,+91.6924206E-03
+5.9749562E-03,+13.8787748E-03,-47.9580409E-03,+91.6832323E-03
+5.9752500E-03,+11.6210434E-03,-47.7525587E-03,+91.6845688E-03
+5.9755437E-03,+7.9231490E-03,-47.8093586E-03,+91.6753806E-03
+5.9758375E-03,+4.6568441E-03,-47.8093586E-03,+91.6832323E-03
+5.9761312E-03,+4.5518043E-03,-47.7876410E-03,+91.6867406E-03
+5.9764250E-03,+7.1587252E-03,-47.8177116E-03,+91.6810606E-03
+5.9767187E-03,+10.7186491E-03,-47.9797585E-03,+91.6875759E-03
+5.9770125E-03,+13.4058383E-03,-47.7659234E-03,+91.7002723E-03
+5.9773062E-03,+14.2224146E-03,-47.7391940E-03,+91.6889123E-03
+5.9776000E-03,+11.9238507E-03,-47.9012409E-03,+91.6845688E-03
+5.9778937E-03,+8.5657002E-03,-47.8177116E-03,+91.6732088E-03
+5.9781875E-03,+5.1995744E-03,-47.9580409E-03,+91.6688653E-03
+5.9784812E-03,+4.7368920E-03,-47.7308410E-03,+91.6640206E-03
+5.9787750E-03,+6.9588996E-03,-47.7308410E-03,+91.6854041E-03
+5.9790687E-03,+10.1205322E-03,-47.7308410E-03,+91.6924206E-03
+5.9793625E-03,+13.6013638E-03,-47.7525587E-03,+91.6810606E-03
+5.9796562E-03,+14.3636928E-03,-47.8527939E-03,+91.6788888E-03
+5.9799500E-03,+12.4775333E-03,-47.9446762E-03,+91.6732088E-03
+5.9802437E-03,+8.6957320E-03,-47.8010057E-03,+91.6645218E-03
+5.9805375E-03,+5.8205516E-03,-47.6606764E-03,+91.6548324E-03
+5.9808312E-03,+4.1957421E-03,-47.9095938E-03,+91.6954276E-03
+5.9811250E-03,+5.4915028E-03,-47.8795233E-03,+91.7059523E-03
+5.9814187E-03,+8.1973258E-03,-47.7391940E-03,+91.6910841E-03
+5.9817125E-03,+11.9069810E-03,-47.9663938E-03,+91.6902488E-03
+5.9820062E-03,+13.8281293E-03,-47.9446762E-03,+91.6775523E-03
+5.9823000E-03,+13.2306005E-03,-47.8661586E-03,+91.6867406E-03
+5.9825937E-03,+10.3540970E-03,-47.7659234E-03,+91.6832323E-03
+5.9828875E-03,+7.0476947E-03,-47.7174763E-03,+91.6889123E-03
+5.9831812E-03,+5.5775414E-03,-47.9095938E-03,+91.6867406E-03
+5.9834750E-03,+6.6690661E-03,-47.9012409E-03,+91.6875759E-03
+5.9837687E-03,+9.2910924E-03,-47.8611468E-03,+91.7002723E-03
+5.9840625E-03,+12.8206217E-03,-48.1802289E-03,+91.6845688E-03
+5.9843562E-03,+13.9812052E-03,-48.0148408E-03,+91.6753806E-03
+5.9846500E-03,+12.6868779E-03,-47.7525587E-03,+91.6854041E-03
+5.9849437E-03,+9.4789734E-03,-47.8962291E-03,+91.6945923E-03
+5.9852375E-03,+6.5953030E-03,-48.0799937E-03,+91.6932559E-03
+5.9855312E-03,+5.2994688E-03,-47.9229585E-03,+91.7046159E-03
+5.9858250E-03,+5.7669659E-03,-47.7659234E-03,+91.6959288E-03
+5.9861187E-03,+8.3247849E-03,-47.6740411E-03,+91.6753806E-03
+5.9864125E-03,+11.0639060E-03,-47.7959939E-03,+91.6810606E-03
+5.9867062E-03,+13.2112317E-03,-47.9663938E-03,+91.6832323E-03
+5.9870000E-03,+11.8804455E-03,-47.9663938E-03,+91.6910841E-03
+5.9872937E-03,+10.2716234E-03,-47.8795233E-03,+91.6924206E-03
+5.9875875E-03,+6.6972924E-03,-47.6740411E-03,+91.6854041E-03
+5.9878812E-03,+5.2337546E-03,-47.8394292E-03,+91.6902488E-03
+5.9881750E-03,+5.7199957E-03,-48.1234290E-03,+91.6775523E-03
+5.9884687E-03,+8.6169705E-03,-47.9496879E-03,+91.6910841E-03
+5.9887625E-03,+11.7552283E-03,-47.6473117E-03,+91.6902488E-03
+5.9890562E-03,+13.8666464E-03,-47.9363232E-03,+91.6775523E-03
+5.9893500E-03,+14.1219321E-03,-47.7391940E-03,+91.6910841E-03
+5.9896437E-03,+12.1664199E-03,-47.9446762E-03,+91.6924206E-03
+5.9899375E-03,+8.1646524E-03,-47.8227233E-03,+91.6745453E-03
+5.9902312E-03,+5.1469810E-03,-47.6957587E-03,+91.6705359E-03
+5.9905250E-03,+4.3572344E-03,-47.7876410E-03,+91.7024441E-03
+5.9908187E-03,+6.6587753E-03,-47.7742763E-03,+91.6924206E-03
+5.9911125E-03,+10.8199769E-03,-47.8444410E-03,+91.6810606E-03
+5.9914062E-03,+13.1341976E-03,-47.7091234E-03,+91.6854041E-03
+5.9917000E-03,+12.5324054E-03,-47.7391940E-03,+91.6945923E-03
+5.9919937E-03,+10.8559948E-03,-47.9446762E-03,+91.6910841E-03
+5.9922875E-03,+7.8741207E-03,-47.8661586E-03,+91.6945923E-03
+5.9925812E-03,+4.9258755E-03,-47.8093586E-03,+91.6932559E-03
+5.9928750E-03,+5.1413210E-03,-47.7876410E-03,+91.7046159E-03
+5.9931687E-03,+7.5345972E-03,-47.7525587E-03,+91.7046159E-03
+5.9934625E-03,+11.0769165E-03,-47.7876410E-03,+91.7024441E-03
+5.9937562E-03,+13.8523495E-03,-47.7742763E-03,+91.6945923E-03
+5.9940500E-03,+14.5103002E-03,-47.8661586E-03,+91.6910841E-03
+5.9943437E-03,+12.6484711E-03,-47.8093586E-03,+91.6945923E-03
+5.9946375E-03,+9.5104339E-03,-47.8527939E-03,+91.6867406E-03
+5.9949312E-03,+6.7163671E-03,-47.9446762E-03,+91.6832323E-03
+5.9952250E-03,+5.2897661E-03,-47.8227233E-03,+91.6975994E-03
+5.9955187E-03,+6.9706605E-03,-47.6957587E-03,+91.7094606E-03
+5.9958125E-03,+9.9816797E-03,-47.8310763E-03,+91.6810606E-03
+5.9961062E-03,+12.8714510E-03,-47.9747467E-03,+91.6854041E-03
+5.9964000E-03,+13.9362932E-03,-48.1802289E-03,+91.6924206E-03
+5.9966937E-03,+11.9314953E-03,-48.0799937E-03,+91.6788888E-03
+5.9969875E-03,+8.6874259E-03,-47.9012409E-03,+91.6840676E-03
+5.9972812E-03,+5.0086063E-03,-47.7742763E-03,+91.7037806E-03
+5.9975750E-03,+3.3204715E-03,-47.9095938E-03,+91.6767170E-03
+5.9978687E-03,+5.3640069E-03,-47.9663938E-03,+91.6740441E-03
+5.9981625E-03,+9.0806453E-03,-47.9446762E-03,+91.6989359E-03
+5.9984562E-03,+12.7456090E-03,-47.9313115E-03,+91.6959288E-03
+5.9987500E-03,+14.8870175E-03,-48.0666290E-03,+91.6775523E-03
+5.9990437E-03,+13.5540261E-03,-48.0582761E-03,+91.6910841E-03
+5.9993375E-03,+10.1464798E-03,-47.8444410E-03,+91.6989359E-03
+5.9996312E-03,+6.8137624E-03,-47.6874058E-03,+91.7002723E-03
+5.9999250E-03,+5.2658767E-03,-47.6823940E-03,+91.6889123E-03
+6.0002187E-03,+6.3984544E-03,-47.9012409E-03,+91.6823970E-03
+6.0005125E-03,+8.3509529E-03,-47.7959939E-03,+91.6697006E-03
+6.0008062E-03,+11.1234457E-03,-47.9663938E-03,+91.6875759E-03
+6.0011000E-03,+12.8964797E-03,-47.9663938E-03,+91.7024441E-03
+6.0013937E-03,+12.3315140E-03,-47.9446762E-03,+91.6945923E-03
+6.0016875E-03,+10.5683297E-03,-47.9313115E-03,+91.6867406E-03
+6.0019812E-03,+7.8474380E-03,-48.0449114E-03,+91.6788888E-03
+6.0022750E-03,+6.9784522E-03,-47.9797585E-03,+91.6775523E-03
+6.0025687E-03,+7.4919639E-03,-47.8745115E-03,+91.6954276E-03
+6.0028625E-03,+8.6464464E-03,-48.0449114E-03,+91.7059523E-03
+6.0031562E-03,+11.0289907E-03,-47.9146056E-03,+91.6889123E-03
+6.0034500E-03,+12.4858762E-03,-47.5738059E-03,+91.6932559E-03
+6.0037437E-03,+12.5626898E-03,-47.6606764E-03,+91.7024441E-03
+6.0040375E-03,+10.1506696E-03,-47.8661586E-03,+91.6924206E-03
+6.0043312E-03,+7.7499693E-03,-47.8527939E-03,+91.6788888E-03
+6.0046250E-03,+6.0974481E-03,-47.9663938E-03,+91.6797241E-03
+6.0049187E-03,+6.7071421E-03,-47.8578056E-03,+91.6967641E-03
+6.0052125E-03,+8.6140670E-03,-47.7041116E-03,+91.6945923E-03
+6.0055062E-03,+11.6241306E-03,-48.0231938E-03,+91.6867406E-03
+6.0058000E-03,+13.7389668E-03,-47.9012409E-03,+91.6854041E-03
+6.0060937E-03,+13.0197490E-03,-47.7308410E-03,+91.6902488E-03
+6.0063875E-03,+10.5666391E-03,-47.7742763E-03,+91.6753806E-03
+6.0066812E-03,+7.9911419E-03,-47.8010057E-03,+91.6854041E-03
+6.0069750E-03,+6.0189806E-03,-47.6389588E-03,+91.6880770E-03
+6.0072687E-03,+5.9855722E-03,-47.8093586E-03,+91.6740441E-03
+6.0075625E-03,+7.8679094E-03,-47.7659234E-03,+91.7011076E-03
+6.0078562E-03,+10.6873724E-03,-47.6740411E-03,+91.7037806E-03
+6.0081500E-03,+13.0823760E-03,-47.7959939E-03,+91.6875759E-03
+6.0084437E-03,+12.9306967E-03,-47.9881114E-03,+91.7024441E-03
+6.0087375E-03,+10.9547131E-03,-48.0449114E-03,+91.6945923E-03
+6.0090312E-03,+9.2012316E-03,-47.9363232E-03,+91.6910841E-03
+6.0093250E-03,+6.4415656E-03,-47.7174763E-03,+91.6945923E-03
+6.0096187E-03,+5.1417253E-03,-47.9095938E-03,+91.6910841E-03
+6.0099125E-03,+6.7449241E-03,-47.9446762E-03,+91.6880770E-03
+6.0102062E-03,+9.4912488E-03,-47.8444410E-03,+91.6675288E-03
+6.0105000E-03,+12.6122327E-03,-47.8177116E-03,+91.6732088E-03
+6.0107937E-03,+13.0961951E-03,-48.0014761E-03,+91.6797241E-03
+6.0110875E-03,+11.7160129E-03,-47.9313115E-03,+91.6945923E-03
+6.0113812E-03,+9.7173528E-03,-47.8928880E-03,+91.6932559E-03
+6.0116750E-03,+7.0683865E-03,-47.6038764E-03,+91.7024441E-03
+6.0119687E-03,+4.9726619E-03,-47.8444410E-03,+91.6924206E-03
+6.0122625E-03,+5.7199221E-03,-47.7742763E-03,+91.6832323E-03
+6.0125562E-03,+8.4374693E-03,-47.8444410E-03,+91.6867406E-03
+6.0128500E-03,+11.2816670E-03,-47.7091234E-03,+91.6854041E-03
+6.0131437E-03,+12.1770415E-03,-47.7391940E-03,+91.7032794E-03
+6.0134375E-03,+11.3367229E-03,-47.9663938E-03,+91.7181476E-03
+6.0137312E-03,+9.6341074E-03,-47.9012409E-03,+91.7059523E-03
+6.0140250E-03,+7.3518985E-03,-47.7742763E-03,+91.6910841E-03
+6.0143187E-03,+5.6966943E-03,-47.8878762E-03,+91.6967641E-03
+6.0146125E-03,+6.8346380E-03,-47.8661586E-03,+91.6989359E-03
+6.0149062E-03,+9.5041858E-03,-47.8310763E-03,+91.7024441E-03
+6.0152000E-03,+12.4616928E-03,-47.9313115E-03,+91.6945923E-03
+6.0154937E-03,+13.4332560E-03,-47.9580409E-03,+91.6910841E-03
+6.0157875E-03,+13.1114843E-03,-47.7742763E-03,+91.6945923E-03
+6.0160812E-03,+11.3703885E-03,-47.9095938E-03,+91.6889123E-03
+6.0163750E-03,+8.1849033E-03,-47.9663938E-03,+91.6867406E-03
+6.0166687E-03,+6.1487919E-03,-47.9881114E-03,+91.6832323E-03
+6.0169625E-03,+6.0754698E-03,-48.0231938E-03,+91.6867406E-03
+6.0172562E-03,+8.2198185E-03,-48.0315467E-03,+91.6788888E-03
+6.0175500E-03,+10.7313656E-03,-48.1150760E-03,+91.6818959E-03
+6.0178437E-03,+12.5713267E-03,-47.8444410E-03,+91.6959288E-03
+6.0181375E-03,+12.4485352E-03,-47.7742763E-03,+91.6775523E-03
+6.0184312E-03,+10.6942452E-03,-47.8878762E-03,+91.6910841E-03
+6.0187250E-03,+8.2469422E-03,-47.8444410E-03,+91.6902488E-03
+6.0190187E-03,+5.8208824E-03,-47.7742763E-03,+91.6775523E-03
+6.0193125E-03,+5.6034522E-03,-47.9095938E-03,+91.6845688E-03
+6.0196062E-03,+7.8921663E-03,-47.9229585E-03,+91.6775523E-03
+6.0199000E-03,+10.4955589E-03,-47.8745115E-03,+91.6867406E-03
+6.0201937E-03,+12.5092878E-03,-48.0449114E-03,+91.6832323E-03
+6.0204875E-03,+13.3270769E-03,-48.0231938E-03,+91.6910841E-03
+6.0207812E-03,+11.5504778E-03,-47.9663938E-03,+91.6967641E-03
+6.0210750E-03,+7.8014601E-03,-47.9229585E-03,+91.7011076E-03
+6.0213687E-03,+5.7026115E-03,-47.8962291E-03,+91.7037806E-03
+6.0216625E-03,+4.8529944E-03,-48.1234290E-03,+91.6854041E-03
+6.0219562E-03,+6.6443682E-03,-48.0365585E-03,+91.6924206E-03
+6.0222500E-03,+10.0458135E-03,-47.8093586E-03,+91.6854041E-03
+6.0225437E-03,+12.9168776E-03,-47.8527939E-03,+91.6880770E-03
+6.0228375E-03,+13.0031734E-03,-48.0532643E-03,+91.6675288E-03
+6.0231312E-03,+11.2585862E-03,-48.2153113E-03,+91.6732088E-03
+6.0234250E-03,+8.6149859E-03,-47.9797585E-03,+91.6732088E-03
+6.0237187E-03,+6.3253897E-03,-47.7876410E-03,+91.6797241E-03
+6.0240125E-03,+3.9908814E-03,-47.9045821E-03,+91.6945923E-03
+6.0243062E-03,+5.3578692E-03,-48.2503936E-03,+91.6889123E-03
+6.0246000E-03,+8.3323560E-03,-47.9012409E-03,+91.6932559E-03
+6.0248937E-03,+11.6877499E-03,-47.8177116E-03,+91.6981006E-03
+6.0251875E-03,+13.0540762E-03,-48.0883466E-03,+91.6854041E-03
+6.0254812E-03,+11.6132150E-03,-48.1150760E-03,+91.6902488E-03
+6.0257750E-03,+9.3869073E-03,-47.9747467E-03,+91.6797241E-03
+6.0260687E-03,+6.7132431E-03,-48.0716408E-03,+91.6902488E-03
+6.0263625E-03,+5.8114737E-03,-47.7959939E-03,+91.6818959E-03
+6.0266562E-03,+6.2688636E-03,-47.8795233E-03,+91.7002723E-03
+6.0269500E-03,+10.7856129E-03,-47.7391940E-03,+91.6889123E-03
+6.0272437E-03,+13.6160650E-03,-47.9663938E-03,+91.6889123E-03
+6.0275375E-03,+14.8692658E-03,-48.0098291E-03,+91.6867406E-03
+6.0278312E-03,+14.1766572E-03,-48.0582761E-03,+91.6810606E-03
+6.0281250E-03,+10.4219429E-03,-47.9095938E-03,+91.6810606E-03
+6.0284187E-03,+7.1352033E-03,-47.9446762E-03,+91.6875759E-03
+6.0287125E-03,+4.7586130E-03,-47.9095938E-03,+91.6981006E-03
+6.0290062E-03,+5.9368746E-03,-47.9446762E-03,+91.6875759E-03
+6.0293000E-03,+9.0389675E-03,-47.9095938E-03,+91.7024441E-03
+6.0295937E-03,+12.5463715E-03,-47.9446762E-03,+91.6924206E-03
+6.0298875E-03,+13.6291491E-03,-47.8878762E-03,+91.6854041E-03
+6.0301812E-03,+13.1520595E-03,-47.8444410E-03,+91.6945923E-03
+6.0304750E-03,+10.8367730E-03,-47.7742763E-03,+91.6910841E-03
+6.0307687E-03,+7.3191149E-03,-47.8878762E-03,+91.6967641E-03
+6.0310625E-03,+4.6966108E-03,-47.8661586E-03,+91.6902488E-03
+6.0313562E-03,+4.9055511E-03,-47.8093586E-03,+91.6753806E-03
+6.0316500E-03,+9.0262510E-03,-47.8310763E-03,+91.6875759E-03
+6.0319437E-03,+12.5210855E-03,-47.8661586E-03,+91.7002723E-03
+6.0322375E-03,+13.4822844E-03,-47.8093586E-03,+91.6867406E-03
+6.0325312E-03,+12.9772994E-03,-47.8310763E-03,+91.6875759E-03
+6.0328250E-03,+9.8742509E-03,-47.9964644E-03,+91.7024441E-03
+6.0331187E-03,+6.9782684E-03,-48.1935936E-03,+91.6967641E-03
+6.0334125E-03,+4.3217678E-03,-48.0098291E-03,+91.6967641E-03
+6.0337062E-03,+4.4172151E-03,-47.9931232E-03,+91.6945923E-03
+6.0340000E-03,+6.9981517E-03,-47.7174763E-03,+91.6910841E-03
+6.0342937E-03,+10.6368004E-03,-47.9095938E-03,+91.6924206E-03
+6.0345875E-03,+12.8857111E-03,-47.9446762E-03,+91.6788888E-03
+6.0348812E-03,+12.2974073E-03,-47.8661586E-03,+91.6753806E-03
+6.0351750E-03,+10.3224895E-03,-47.8093586E-03,+91.6810606E-03
+6.0354687E-03,+7.0932315E-03,-47.8745115E-03,+91.6832323E-03
+6.0357625E-03,+5.3602949E-03,-47.9363232E-03,+91.6845688E-03
+6.0360562E-03,+5.3611402E-03,-47.6957587E-03,+91.6775523E-03
+6.0363500E-03,+7.9429956E-03,-47.8962291E-03,+91.6845688E-03
+6.0366437E-03,+11.6961663E-03,-48.0799937E-03,+91.6775523E-03
+6.0369375E-03,+13.7693982E-03,-47.9446762E-03,+91.6845688E-03
+6.0372312E-03,+14.1227774E-03,-47.8878762E-03,+91.6753806E-03
+6.0375250E-03,+12.2922986E-03,-47.8661586E-03,+91.6767170E-03
+6.0378187E-03,+8.8628475E-03,-47.8310763E-03,+91.6740441E-03
+6.0381125E-03,+6.1562895E-03,-47.9095938E-03,+91.6945923E-03
+6.0384062E-03,+6.3322257E-03,-47.9446762E-03,+91.6889123E-03
+6.0387000E-03,+8.1739142E-03,-47.8878762E-03,+91.6845688E-03
+6.0389937E-03,+11.3486308E-03,-47.8878762E-03,+91.6753806E-03
+6.0392875E-03,+13.3554869E-03,-47.9095938E-03,+91.6810606E-03
+6.0395812E-03,+14.1885651E-03,-47.8795233E-03,+91.6832323E-03
+6.0398750E-03,+13.3686812E-03,-47.7391940E-03,+91.6845688E-03
+6.0401687E-03,+9.6394733E-03,-47.8578056E-03,+91.6818959E-03
+6.0404625E-03,+6.2350510E-03,-47.6389588E-03,+91.7046159E-03
+6.0407562E-03,+5.3342738E-03,-47.8527939E-03,+91.6937570E-03
+6.0410500E-03,+7.1117182E-03,-47.9229585E-03,+91.6740441E-03
+6.0413437E-03,+9.9343052E-03,-47.8527939E-03,+91.6902488E-03
+6.0416375E-03,+12.2340085E-03,-47.9663938E-03,+91.6732088E-03
+6.0419312E-03,+13.5653828E-03,-47.9446762E-03,+91.6818959E-03
+6.0422250E-03,+11.7858067E-03,-47.9747467E-03,+91.7002723E-03
+6.0425187E-03,+8.6533192E-03,-48.1367937E-03,+91.6867406E-03
+6.0428125E-03,+5.3527973E-03,-47.9663938E-03,+91.6788888E-03
+6.0431062E-03,+4.8478123E-03,-47.9446762E-03,+91.6775523E-03
+6.0434000E-03,+6.8458109E-03,-47.8444410E-03,+91.6867406E-03
+6.0436937E-03,+9.6283372E-03,-47.7091234E-03,+91.6767170E-03
+6.0439875E-03,+12.4691536E-03,-47.6957587E-03,+91.6697006E-03
+6.0442812E-03,+13.6000407E-03,-47.8093586E-03,+91.6810606E-03
+6.0445750E-03,+13.1146450E-03,-47.7659234E-03,+91.6788888E-03
+6.0448687E-03,+9.5757438E-03,-47.7174763E-03,+91.6753806E-03
+6.0451625E-03,+6.4904102E-03,-47.8444410E-03,+91.6810606E-03
+6.0454562E-03,+5.1583744E-03,-47.7742763E-03,+91.6788888E-03
+6.0457500E-03,+6.7868592E-03,-47.8444410E-03,+91.6753806E-03
+6.0460437E-03,+9.6804528E-03,-47.7742763E-03,+91.6854041E-03
+6.0463375E-03,+12.5490912E-03,-47.8227233E-03,+91.6967641E-03
+6.0466312E-03,+13.3967971E-03,-47.7174763E-03,+91.6924206E-03
+6.0469250E-03,+11.6562894E-03,-47.8661586E-03,+91.6810606E-03
+6.0472187E-03,+8.5540496E-03,-47.7442057E-03,+91.6767170E-03
+6.0475125E-03,+5.9387490E-03,-47.6823940E-03,+91.6697006E-03
+6.0478062E-03,+4.6390557E-03,-47.9229585E-03,+91.6832323E-03
+6.0481000E-03,+6.1535330E-03,-47.7876410E-03,+91.6932559E-03
+6.0483937E-03,+9.2564345E-03,-47.7525587E-03,+91.6981006E-03
+6.0486875E-03,+12.7237043E-03,-47.8093586E-03,+91.6854041E-03
+6.0489812E-03,+14.8985212E-03,-47.8527939E-03,+91.6989359E-03
+6.0492750E-03,+14.8833790E-03,-47.9446762E-03,+91.6937570E-03
+6.0495687E-03,+11.7073025E-03,-47.8661586E-03,+91.6697006E-03
+6.0498625E-03,+7.7128856E-03,-47.8310763E-03,+91.6832323E-03
+6.0501562E-03,+5.6868445E-03,-47.9313115E-03,+91.6889123E-03
+6.0504500E-03,+5.5029697E-03,-48.0014761E-03,+91.6889123E-03
+6.0507437E-03,+8.5241694E-03,-47.8444410E-03,+91.6910841E-03
+6.0510375E-03,+11.5891786E-03,-47.8177116E-03,+91.6967641E-03
+6.0513312E-03,+13.4314551E-03,-48.0014761E-03,+91.6924206E-03
+6.0516250E-03,+12.7653086E-03,-47.8661586E-03,+91.6810606E-03
+6.0519187E-03,+9.9311077E-03,-47.8093586E-03,+91.6854041E-03
+6.0522125E-03,+6.2161600E-03,-47.8093586E-03,+91.6945923E-03
+6.0525062E-03,+4.1377093E-03,-47.7224881E-03,+91.6910841E-03
+6.0528000E-03,+3.6720866E-03,-47.5604412E-03,+91.6902488E-03
+6.0530937E-03,+6.6693234E-03,-47.7742763E-03,+91.6732088E-03
+6.0533875E-03,+10.4024270E-03,-47.9313115E-03,+91.6775523E-03
+6.0536812E-03,+13.1660991E-03,-48.0231938E-03,+91.6932559E-03
+6.0539750E-03,+13.6679601E-03,-48.0098291E-03,+91.7002723E-03
+6.0542687E-03,+11.3617516E-03,-48.0365585E-03,+91.6889123E-03
+6.0545625E-03,+8.5591582E-03,-47.8093586E-03,+91.6910841E-03
+6.0548562E-03,+6.4141112E-03,-47.8527939E-03,+91.6945923E-03
+6.0551500E-03,+6.4815528E-03,-47.8795233E-03,+91.6910841E-03
+6.0554437E-03,+8.2905679E-03,-47.7174763E-03,+91.6945923E-03
+6.0557375E-03,+11.0973144E-03,-47.8661586E-03,+91.6910841E-03
+6.0560312E-03,+13.2386126E-03,-47.8093586E-03,+91.6967641E-03
+6.0563250E-03,+13.8552530E-03,-47.8093586E-03,+91.6924206E-03
+6.0566187E-03,+11.9251370E-03,-47.8962291E-03,+91.6810606E-03
+6.0569125E-03,+8.4913123E-03,-48.0365585E-03,+91.6832323E-03
+6.0572062E-03,+5.7485527E-03,-47.7659234E-03,+91.6845688E-03
+6.0575000E-03,+5.1905332E-03,-47.8043469E-03,+91.6753806E-03
+6.0577937E-03,+6.2962078E-03,-48.1150760E-03,+91.6854041E-03
+6.0580875E-03,+9.4343186E-03,-47.8010057E-03,+91.6945923E-03
+6.0583812E-03,+12.1064759E-03,-47.7041116E-03,+91.6867406E-03
+6.0586750E-03,+13.4873931E-03,-47.9797585E-03,+91.6854041E-03
+6.0589687E-03,+12.5760311E-03,-47.8310763E-03,+91.6945923E-03
+6.0592625E-03,+8.9723712E-03,-47.8661586E-03,+91.6867406E-03
+6.0595562E-03,+6.8505520E-03,-47.7224881E-03,+91.6854041E-03
+6.0598500E-03,+5.7839457E-03,-47.5387235E-03,+91.6967641E-03
+6.0601437E-03,+6.2170053E-03,-47.6088882E-03,+91.6924206E-03
+6.0604375E-03,+9.4469616E-03,-47.4952883E-03,+91.6810606E-03
+6.0607312E-03,+12.2754290E-03,-47.6255941E-03,+91.6810606E-03
+6.0610250E-03,+13.4810348E-03,-47.8578056E-03,+91.6788888E-03
+6.0613187E-03,+12.5265249E-03,-47.6823940E-03,+91.6775523E-03
+6.0616125E-03,+9.2863146E-03,-47.9012409E-03,+91.6867406E-03
+6.0619062E-03,+6.8561385E-03,-47.7742763E-03,+91.6875759E-03
+6.0622000E-03,+5.7498758E-03,-47.8227233E-03,+91.7002723E-03
+6.0624937E-03,+6.0860914E-03,-47.6740411E-03,+91.6889123E-03
+6.0627875E-03,+8.5759910E-03,-47.7742763E-03,+91.6823970E-03
+6.0630812E-03,+11.9737978E-03,-47.8227233E-03,+91.6675288E-03
+6.0633750E-03,+13.4729124E-03,-47.7826292E-03,+91.6710371E-03
+6.0636687E-03,+11.9472255E-03,-48.0582761E-03,+91.6675288E-03
+6.0639625E-03,+9.3945887E-03,-47.9530291E-03,+91.6753806E-03
+6.0642562E-03,+7.1068668E-03,-48.1885819E-03,+91.6854041E-03
+6.0645500E-03,+5.5901476E-03,-48.2503936E-03,+91.6989359E-03
+6.0648437E-03,+6.3243606E-03,-47.8795233E-03,+91.6959288E-03
+6.0651375E-03,+8.8500207E-03,-47.7391940E-03,+91.6732088E-03
+6.0654312E-03,+11.2487364E-03,-47.9229585E-03,+91.6797241E-03
+6.0657250E-03,+13.0408452E-03,-47.8093586E-03,+91.6945923E-03
+6.0660187E-03,+13.2305637E-03,-47.8093586E-03,+91.6910841E-03
+6.0663125E-03,+10.4803800E-03,-47.8962291E-03,+91.6924206E-03
+6.0666062E-03,+8.1110667E-03,-48.0799937E-03,+91.6854041E-03
+6.0669000E-03,+6.4014682E-03,-47.9881114E-03,+91.6945923E-03
+6.0671937E-03,+6.2609618E-03,-48.0231938E-03,+91.6867406E-03
+6.0674875E-03,+7.8223725E-03,-47.9446762E-03,+91.6832323E-03
+6.0677812E-03,+10.3153961E-03,-47.9095938E-03,+91.6910841E-03
+6.0680750E-03,+12.2746204E-03,-48.0098291E-03,+91.6989359E-03
+6.0683687E-03,+13.5020207E-03,-48.0365585E-03,+91.7046159E-03
+6.0686625E-03,+11.0592384E-03,-47.8093586E-03,+91.7024441E-03
+6.0689562E-03,+7.7963147E-03,-47.8745115E-03,+91.6967641E-03
+6.0692500E-03,+6.2300158E-03,-47.9797585E-03,+91.6945923E-03
+6.0695437E-03,+6.1521732E-03,-47.8962291E-03,+91.6889123E-03
+6.0698375E-03,+7.6428713E-03,-48.1234290E-03,+91.6932559E-03
+6.0701312E-03,+10.4376363E-03,-47.9714056E-03,+91.6959288E-03
+6.0704250E-03,+12.9043816E-03,-47.6172411E-03,+91.6775523E-03
+6.0707187E-03,+13.5478516E-03,-47.7525587E-03,+91.6889123E-03
+6.0710125E-03,+11.2022807E-03,-47.8093586E-03,+91.6867406E-03
+6.0713062E-03,+8.3618686E-03,-47.8310763E-03,+91.6810606E-03
+6.0716000E-03,+6.2295013E-03,-47.9095938E-03,+91.6875759E-03
+6.0718937E-03,+5.2088729E-03,-47.9663938E-03,+91.7024441E-03
+6.0721875E-03,+6.9037335E-03,-47.9663938E-03,+91.6945923E-03
+6.0724812E-03,+10.2714029E-03,-47.9663938E-03,+91.6910841E-03
+6.0727750E-03,+13.1458115E-03,-47.9229585E-03,+91.6880770E-03
+6.0730687E-03,+13.3431379E-03,-47.7876410E-03,+91.6740441E-03
+6.0733625E-03,+12.0641365E-03,-47.8394292E-03,+91.6989359E-03
+6.0736562E-03,+9.5180050E-03,-48.1017113E-03,+91.7046159E-03
+6.0739500E-03,+7.1054335E-03,-47.8928880E-03,+91.7002723E-03
+6.0742437E-03,+5.1571615E-03,-47.6038764E-03,+91.6954276E-03
+6.0745375E-03,+6.2258995E-03,-47.9747467E-03,+91.7016088E-03
+6.0748312E-03,+9.6178994E-03,-48.1367937E-03,+91.6753806E-03
+6.0751250E-03,+12.6278894E-03,-47.9229585E-03,+91.6745453E-03
+6.0754187E-03,+13.5009181E-03,-47.8093586E-03,+91.6661924E-03
+6.0757125E-03,+12.4609945E-03,-47.8310763E-03,+91.6932559E-03
+6.0760062E-03,+10.4629959E-03,-47.9313115E-03,+91.7046159E-03
+6.0763000E-03,+7.5413598E-03,-47.9580409E-03,+91.6937570E-03
+6.0765937E-03,+5.9106698E-03,-47.7525587E-03,+91.6675288E-03
+6.0768875E-03,+6.4371920E-03,-47.8527939E-03,+91.6753806E-03
+6.0771812E-03,+8.9996051E-03,-47.9229585E-03,+91.6832323E-03
+6.0774750E-03,+12.4693006E-03,-47.8310763E-03,+91.6889123E-03
+6.0777687E-03,+13.6179394E-03,-47.8227233E-03,+91.6910841E-03
+6.0780625E-03,+12.5889314E-03,-47.7609116E-03,+91.6945923E-03
+6.0783562E-03,+9.8817853E-03,-48.0231938E-03,+91.6889123E-03
+6.0786500E-03,+7.3022086E-03,-47.9881114E-03,+91.6910841E-03
+6.0789437E-03,+5.6113908E-03,-48.0231938E-03,+91.6967641E-03
+6.0792375E-03,+5.7512356E-03,-47.9663938E-03,+91.6924206E-03
+6.0795312E-03,+7.9465974E-03,-47.9229585E-03,+91.6854041E-03
+6.0798250E-03,+11.0338788E-03,-47.8310763E-03,+91.6945923E-03
+6.0801187E-03,+12.6118284E-03,-47.9313115E-03,+91.6889123E-03
+6.0804125E-03,+12.3791457E-03,-48.0231938E-03,+91.6954276E-03
+6.0807062E-03,+10.6261053E-03,-47.9446762E-03,+91.7102958E-03
+6.0810000E-03,+7.8218213E-03,-47.9095938E-03,+91.6981006E-03
+6.0812937E-03,+5.9562801E-03,-47.9012409E-03,+91.6810606E-03
+6.0815875E-03,+6.3356805E-03,-47.7742763E-03,+91.6810606E-03
+6.0818812E-03,+8.5507785E-03,-47.8444410E-03,+91.6875759E-03
+6.0821750E-03,+11.5759843E-03,-47.7525587E-03,+91.7046159E-03
+6.0824687E-03,+12.8846085E-03,-47.8527939E-03,+91.6959288E-03
+6.0827625E-03,+12.8216141E-03,-47.9446762E-03,+91.6732088E-03
+6.0830562E-03,+10.8575751E-03,-47.8878762E-03,+91.6775523E-03
+6.0833500E-03,+7.9622174E-03,-47.8444410E-03,+91.6889123E-03
+6.0836437E-03,+6.4760031E-03,-47.8611468E-03,+91.6975994E-03
+6.0839375E-03,+6.2525086E-03,-48.1150760E-03,+91.7116323E-03
+6.0842312E-03,+7.8060910E-03,-47.8878762E-03,+91.6823970E-03
+6.0845250E-03,+10.7839590E-03,-47.8878762E-03,+91.6740441E-03
+6.0848187E-03,+12.8263184E-03,-47.9530291E-03,+91.6924206E-03
+6.0851125E-03,+12.8098899E-03,-48.1234290E-03,+91.6832323E-03
+6.0854062E-03,+10.5407650E-03,-48.0799937E-03,+91.6932559E-03
+6.0857000E-03,+7.8860654E-03,-47.9881114E-03,+91.7002723E-03
+6.0859937E-03,+6.1544886E-03,-48.0666290E-03,+91.6867406E-03
+6.0862875E-03,+5.7500963E-03,-48.1234290E-03,+91.6788888E-03
+6.0865812E-03,+8.3509529E-03,-48.0799937E-03,+91.6797241E-03
+6.0868750E-03,+11.6540842E-03,-47.9663938E-03,+91.6967641E-03
+6.0871687E-03,+14.0177744E-03,-47.9229585E-03,+91.6902488E-03
+6.0874625E-03,+13.3412267E-03,-47.7876410E-03,+91.6732088E-03
+6.0877562E-03,+11.4841388E-03,-47.8177116E-03,+91.6840676E-03
+6.0880500E-03,+8.4183578E-03,-48.0231938E-03,+91.7081241E-03
+6.0883437E-03,+6.0030666E-03,-47.9012409E-03,+91.6967641E-03
+6.0886375E-03,+5.0046370E-03,-47.7308410E-03,+91.6945923E-03
+6.0889312E-03,+6.7840660E-03,-47.7742763E-03,+91.6867406E-03
+6.0892250E-03,+9.9111876E-03,-47.9747467E-03,+91.6875759E-03
+6.0895187E-03,+12.5505613E-03,-48.1150760E-03,+91.7002723E-03
+6.0898125E-03,+12.8490317E-03,-47.9313115E-03,+91.6932559E-03
+6.0901062E-03,+11.2138946E-03,-48.0231938E-03,+91.7067876E-03
+6.0904000E-03,+8.2216195E-03,-48.0315467E-03,+91.7102958E-03
+6.0906937E-03,+5.5943007E-03,-48.1802289E-03,+91.7002723E-03
+6.0909875E-03,+5.5256095E-03,-48.1668642E-03,+91.6867406E-03
+6.0912812E-03,+7.0528400E-03,-48.1935936E-03,+91.6788888E-03
+6.0915750E-03,+9.9045353E-03,-47.9446762E-03,+91.6753806E-03
+6.0918687E-03,+13.2098718E-03,-47.9313115E-03,+91.6854041E-03
+6.0921625E-03,+14.5004136E-03,-47.9580409E-03,+91.6924206E-03
+6.0924562E-03,+12.6128943E-03,-47.7525587E-03,+91.6810606E-03
+6.0927500E-03,+8.7109110E-03,-47.7659234E-03,+91.6854041E-03
+6.0930437E-03,+6.3100637E-03,-47.6740411E-03,+91.6945923E-03
+6.0933375E-03,+5.4216355E-03,-47.8394292E-03,+91.6910841E-03
+6.0936312E-03,+6.9153474E-03,-48.1017113E-03,+91.6945923E-03
+6.0939250E-03,+9.5273769E-03,-47.9146056E-03,+91.6910841E-03
+6.0942187E-03,+12.9003020E-03,-47.6606764E-03,+91.6924206E-03
+6.0945125E-03,+13.9798821E-03,-47.8010057E-03,+91.6854041E-03
+6.0948062E-03,+12.6625475E-03,-47.6389588E-03,+91.6902488E-03
+6.0951000E-03,+9.5059868E-03,-47.8745115E-03,+91.6818959E-03
+6.0953937E-03,+6.7792881E-03,-47.9797585E-03,+91.6981006E-03
+6.0956875E-03,+5.6332955E-03,-47.7659234E-03,+91.6854041E-03
+6.0959812E-03,+6.7237177E-03,-47.6740411E-03,+91.6880770E-03
+6.0962750E-03,+9.3278821E-03,-47.7742763E-03,+91.6697006E-03
+6.0965687E-03,+12.5148742E-03,-47.9095938E-03,+91.6788888E-03
+6.0968625E-03,+13.8463588E-03,-47.8795233E-03,+91.6732088E-03
+6.0971562E-03,+12.3411065E-03,-47.7609116E-03,+91.6710371E-03
+6.0974500E-03,+9.2211149E-03,-48.0231938E-03,+91.6697006E-03
+6.0977437E-03,+6.7706512E-03,-47.9229585E-03,+91.6854041E-03
+6.0980375E-03,+5.1130213E-03,-47.8745115E-03,+91.6989359E-03
+6.0983312E-03,+5.2910156E-03,-48.0014761E-03,+91.6981006E-03
+6.0986250E-03,+8.2925158E-03,-47.9095938E-03,+91.6788888E-03
+6.0989187E-03,+12.0603142E-03,-47.9881114E-03,+91.6797241E-03
+6.0992125E-03,+14.1445719E-03,-47.9363232E-03,+91.6945923E-03
+6.0995062E-03,+12.3819757E-03,-47.6957587E-03,+91.6867406E-03
+6.0998000E-03,+9.4282911E-03,-47.8527939E-03,+91.6788888E-03
+6.1000937E-03,+5.9111108E-03,-48.0315467E-03,+91.6688653E-03
+6.1003875E-03,+3.9046223E-03,-48.1585113E-03,+91.6618488E-03
+6.1006812E-03,+4.6777933E-03,-48.0014761E-03,+91.6753806E-03
+6.1009750E-03,+7.2601632E-03,-47.8878762E-03,+91.6854041E-03
+6.1012687E-03,+11.4109637E-03,-47.8878762E-03,+91.6945923E-03
+6.1015625E-03,+13.8080622E-03,-47.8661586E-03,+91.6867406E-03
+6.1018562E-03,+13.2119667E-03,-47.7659234E-03,+91.6810606E-03
+6.1021500E-03,+10.5749085E-03,-47.6957587E-03,+91.6788888E-03
+6.1024437E-03,+8.2233468E-03,-47.8962291E-03,+91.6775523E-03
+6.1027375E-03,+6.0300065E-03,-48.0148408E-03,+91.6889123E-03
+6.1030312E-03,+5.8940207E-03,-47.7959939E-03,+91.6867406E-03
+6.1033250E-03,+8.1364997E-03,-47.9229585E-03,+91.6854041E-03
+6.1036187E-03,+11.2803439E-03,-47.8745115E-03,+91.6967641E-03
+6.1039125E-03,+13.2478008E-03,-47.9580409E-03,+91.6967641E-03
+6.1042062E-03,+13.1497441E-03,-47.8177116E-03,+91.6989359E-03
+6.1045000E-03,+11.1969883E-03,-48.0014761E-03,+91.7002723E-03
+6.1047937E-03,+8.7753388E-03,-47.9095938E-03,+91.6910841E-03
+6.1050875E-03,+6.1976733E-03,-47.9012409E-03,+91.6945923E-03
+6.1053812E-03,+5.7645034E-03,-47.8177116E-03,+91.6932559E-03
+6.1056750E-03,+7.8894834E-03,-48.0014761E-03,+91.7002723E-03
+6.1059687E-03,+11.2506843E-03,-47.8878762E-03,+91.6823970E-03
+6.1062625E-03,+13.5341060E-03,-47.8661586E-03,+91.6718723E-03
+6.1065562E-03,+13.3288410E-03,-47.7876410E-03,+91.6823970E-03
+6.1068500E-03,+11.5610259E-03,-47.8394292E-03,+91.6762159E-03
+6.1071437E-03,+8.8799376E-03,-48.1234290E-03,+91.7002723E-03
+6.1074375E-03,+7.0768765E-03,-48.0582761E-03,+91.6867406E-03
+6.1077312E-03,+6.5281187E-03,-47.8661586E-03,+91.6854041E-03
+6.1080250E-03,+7.9159455E-03,-47.8745115E-03,+91.6989359E-03
+6.1083187E-03,+9.9540047E-03,-47.9797585E-03,+91.6959288E-03
+6.1086125E-03,+11.7378809E-03,-47.8310763E-03,+91.6775523E-03
+6.1089062E-03,+12.6009128E-03,-47.8444410E-03,+91.6867406E-03
+6.1092000E-03,+11.0179281E-03,-47.6874058E-03,+91.6875759E-03
+6.1094937E-03,+8.2091970E-03,-47.6606764E-03,+91.7024441E-03
+6.1097875E-03,+5.5486903E-03,-47.9095938E-03,+91.6880770E-03
+6.1100812E-03,+4.4170314E-03,-47.9012409E-03,+91.6718723E-03
+6.1103750E-03,+5.5617009E-03,-47.7959939E-03,+91.6845688E-03
+6.1106687E-03,+8.3528273E-03,-47.9663938E-03,+91.6753806E-03
+6.1109625E-03,+11.5518744E-03,-47.9663938E-03,+91.6875759E-03
+6.1112562E-03,+13.1947296E-03,-47.9446762E-03,+91.6981006E-03
+6.1115500E-03,+13.2730868E-03,-47.8878762E-03,+91.6832323E-03
+6.1118437E-03,+10.5527097E-03,-47.8661586E-03,+91.6845688E-03
+6.1121375E-03,+7.5120677E-03,-47.8310763E-03,+91.6818959E-03
+6.1124312E-03,+6.2629465E-03,-47.8661586E-03,+91.6937570E-03
+6.1127250E-03,+5.8635525E-03,-47.8527939E-03,+91.6718723E-03
+6.1130187E-03,+9.3237290E-03,-47.9012409E-03,+91.6910841E-03
+6.1133125E-03,+12.1433758E-03,-47.7308410E-03,+91.6989359E-03
+6.1136062E-03,+13.2093205E-03,-47.6874058E-03,+91.6959288E-03
+6.1139000E-03,+13.2107539E-03,-47.6606764E-03,+91.6775523E-03
+6.1141937E-03,+11.0049911E-03,-47.8661586E-03,+91.6845688E-03
+6.1144875E-03,+8.3676020E-03,-47.8527939E-03,+91.6732088E-03
+6.1147812E-03,+6.7536713E-03,-48.0098291E-03,+91.6775523E-03
+6.1150750E-03,+6.3330710E-03,-48.1885819E-03,+91.6889123E-03
+6.1153687E-03,+7.7466615E-03,-48.2503936E-03,+91.6889123E-03
+6.1156625E-03,+10.6146384E-03,-47.9446762E-03,+91.6889123E-03
+6.1159562E-03,+12.6438770E-03,-47.8661586E-03,+91.6867406E-03
+6.1162500E-03,+13.1668709E-03,-47.8527939E-03,+91.6810606E-03
+6.1165437E-03,+10.2669191E-03,-47.9881114E-03,+91.6810606E-03
+6.1168375E-03,+7.4852381E-03,-48.0666290E-03,+91.6810606E-03
+6.1171312E-03,+5.2112618E-03,-48.0365585E-03,+91.6854041E-03
+6.1174250E-03,+6.0581960E-03,-47.8962291E-03,+91.6967641E-03
+6.1177187E-03,+7.6717959E-03,-48.0365585E-03,+91.6967641E-03
+6.1180125E-03,+11.0601204E-03,-47.8310763E-03,+91.6967641E-03
+6.1183062E-03,+12.9763071E-03,-47.8878762E-03,+91.6902488E-03
+6.1186000E-03,+13.4259790E-03,-47.9313115E-03,+91.6797241E-03
+6.1188937E-03,+11.6107158E-03,-47.9797585E-03,+91.6945923E-03
+6.1191875E-03,+8.2395549E-03,-47.8093586E-03,+91.6932559E-03
+6.1194812E-03,+5.6173815E-03,-47.8527939E-03,+91.6959288E-03
+6.1197750E-03,+5.2085054E-03,-47.8143704E-03,+91.6753806E-03
+6.1200687E-03,+7.4007799E-03,-47.5687941E-03,+91.6810606E-03
+6.1203625E-03,+10.1311538E-03,-47.9446762E-03,+91.6875759E-03
+6.1206562E-03,+13.1383139E-03,-47.8661586E-03,+91.7024441E-03
+6.1209500E-03,+13.5289239E-03,-47.7659234E-03,+91.6945923E-03
+6.1212437E-03,+12.4133259E-03,-47.7609116E-03,+91.6932559E-03
+6.1215375E-03,+9.4832000E-03,-48.0231938E-03,+91.6959288E-03
+6.1218312E-03,+6.2941864E-03,-47.9663938E-03,+91.6732088E-03
+6.1221250E-03,+4.8556039E-03,-47.9446762E-03,+91.6797241E-03
+6.1224187E-03,+6.3334385E-03,-47.8661586E-03,+91.6945923E-03
+6.1227125E-03,+9.4019760E-03,-47.8745115E-03,+91.6802253E-03
+6.1230062E-03,+12.1049322E-03,-47.9797585E-03,+91.6618488E-03
+6.1233000E-03,+12.8612704E-03,-47.8527939E-03,+91.6775523E-03
+6.1235937E-03,+11.3534822E-03,-47.8360880E-03,+91.6867406E-03
+6.1238875E-03,+9.0093814E-03,-47.6038764E-03,+91.6875759E-03
+6.1241812E-03,+6.9384282E-03,-47.8010057E-03,+91.6915853E-03
+6.1244750E-03,+5.5467057E-03,-47.6606764E-03,+91.6640206E-03
+6.1247687E-03,+6.5829541E-03,-47.8661586E-03,+91.6767170E-03
+6.1250625E-03,+9.0861582E-03,-47.8527939E-03,+91.6697006E-03
+6.1253562E-03,+12.5189170E-03,-48.0532643E-03,+91.6767170E-03
+6.1256500E-03,+14.0124819E-03,-48.1718760E-03,+91.6718723E-03
+6.1259437E-03,+12.9586289E-03,-47.8878762E-03,+91.6889123E-03
+6.1262375E-03,+10.1721333E-03,-47.9095938E-03,+91.6889123E-03
+6.1265312E-03,+7.3468634E-03,-47.9881114E-03,+91.6910841E-03
+6.1268250E-03,+5.5184794E-03,-48.0449114E-03,+91.6945923E-03
+6.1271187E-03,+6.0489342E-03,-47.9580409E-03,+91.6889123E-03
+6.1274125E-03,+8.4330222E-03,-47.7742763E-03,+91.6932559E-03
+6.1277062E-03,+11.9489529E-03,-47.8444410E-03,+91.7024441E-03
+6.1280000E-03,+14.3914412E-03,-47.7525587E-03,+91.6902488E-03
+6.1282937E-03,+12.7634342E-03,-47.8310763E-03,+91.6710371E-03
+6.1285875E-03,+10.9605936E-03,-47.9313115E-03,+91.6718723E-03
+6.1288812E-03,+7.9206131E-03,-48.0231938E-03,+91.6910841E-03
+6.1291750E-03,+5.1889161E-03,-47.9446762E-03,+91.6967641E-03
+6.1294687E-03,+5.3123323E-03,-47.9095938E-03,+91.6924206E-03
+6.1297625E-03,+6.9081438E-03,-47.9012409E-03,+91.6875759E-03
+6.1300562E-03,+10.2524752E-03,-47.7742763E-03,+91.6981006E-03
+6.1303500E-03,+12.8077582E-03,-47.9095938E-03,+91.6767170E-03
+6.1306437E-03,+12.5477681E-03,-47.9229585E-03,+91.6697006E-03
+6.1309375E-03,+10.4302123E-03,-47.7876410E-03,+91.6832323E-03
+6.1312312E-03,+6.8752500E-03,-47.7742763E-03,+91.6845688E-03
+6.1315250E-03,+4.7542394E-03,-47.8878762E-03,+91.6797241E-03
+6.1318187E-03,+5.4538311E-03,-47.8878762E-03,+91.6945923E-03
+6.1321125E-03,+8.0502038E-03,-47.9095938E-03,+91.6910841E-03
+6.1324062E-03,+11.2479278E-03,-48.0098291E-03,+91.6924206E-03
+6.1327000E-03,+13.6008126E-03,-48.0582761E-03,+91.6810606E-03
+6.1329937E-03,+14.4030184E-03,-47.9747467E-03,+91.6875759E-03
+6.1332875E-03,+12.4917199E-03,-48.1150760E-03,+91.7024441E-03
+6.1335812E-03,+8.8744982E-03,-47.9313115E-03,+91.6924206E-03
+6.1338750E-03,+5.9033927E-03,-48.0666290E-03,+91.6810606E-03
+6.1341687E-03,+5.3267395E-03,-47.9931232E-03,+91.6810606E-03
+6.1344625E-03,+6.8262583E-03,-47.7174763E-03,+91.6810606E-03
+6.1347562E-03,+10.4371585E-03,-47.8661586E-03,+91.6810606E-03
+6.1350500E-03,+13.7080576E-03,-47.7876410E-03,+91.6854041E-03
+6.1353437E-03,+13.9795146E-03,-47.7308410E-03,+91.6902488E-03
+6.1356375E-03,+11.8141065E-03,-47.8177116E-03,+91.6753806E-03
+6.1359312E-03,+8.2238614E-03,-48.0231938E-03,+91.6788888E-03
+6.1362250E-03,+5.4400487E-03,-47.8795233E-03,+91.6797241E-03
+6.1365187E-03,+4.7770629E-03,-47.6957587E-03,+91.6945923E-03
+6.1368125E-03,+6.3711838E-03,-47.8310763E-03,+91.6845688E-03
+6.1371062E-03,+9.8454734E-03,-47.8444410E-03,+91.6732088E-03
+6.1374000E-03,+12.8232679E-03,-47.7525587E-03,+91.6753806E-03
+6.1376937E-03,+14.3024624E-03,-47.7659234E-03,+91.6745453E-03
+6.1379875E-03,+12.8859684E-03,-47.7174763E-03,+91.6618488E-03
+6.1382812E-03,+9.8575284E-03,-47.9095938E-03,+91.6818959E-03
+6.1385750E-03,+6.9279537E-03,-47.9663938E-03,+91.7002723E-03
+6.1388687E-03,+4.9451340E-03,-47.8578056E-03,+91.6845688E-03
+6.1391625E-03,+5.5465587E-03,-47.6389588E-03,+91.6753806E-03
+6.1394562E-03,+8.3539667E-03,-47.8093586E-03,+91.6767170E-03
+6.1397500E-03,+12.0379684E-03,-47.8527939E-03,+91.6697006E-03
+6.1400437E-03,+13.2308210E-03,-47.9881114E-03,+91.6832323E-03
+6.1403375E-03,+12.3438629E-03,-48.0231938E-03,+91.6867406E-03
+6.1406312E-03,+9.3994768E-03,-47.9881114E-03,+91.6810606E-03
+6.1409250E-03,+6.4393972E-03,-47.9363232E-03,+91.6767170E-03
+6.1412187E-03,+5.1524572E-03,-47.6957587E-03,+91.6762159E-03
+6.1415125E-03,+6.4348766E-03,-47.8527939E-03,+91.6937570E-03
+6.1418062E-03,+9.6842016E-03,-47.9012409E-03,+91.6675288E-03
+6.1421000E-03,+13.1069269E-03,-47.7091234E-03,+91.6753806E-03
+6.1423937E-03,+14.3749024E-03,-47.6957587E-03,+91.6745453E-03
+6.1426875E-03,+12.4381342E-03,-47.8310763E-03,+91.6661924E-03
+6.1429812E-03,+9.2931506E-03,-47.8878762E-03,+91.6867406E-03
+6.1432750E-03,+5.8483001E-03,-47.8878762E-03,+91.6854041E-03
+6.1435687E-03,+4.3927010E-03,-47.9747467E-03,+91.6902488E-03
+6.1438625E-03,+5.6558251E-03,-48.1367937E-03,+91.6710371E-03
+6.1441562E-03,+9.6274919E-03,-47.8578056E-03,+91.6675288E-03
+6.1444500E-03,+12.2727093E-03,-47.6606764E-03,+91.6775523E-03
+6.1447437E-03,+12.7484758E-03,-47.9530291E-03,+91.6889123E-03
+6.1450375E-03,+11.5117770E-03,-48.0148408E-03,+91.6823970E-03
+6.1453312E-03,+9.1586717E-03,-47.7959939E-03,+91.6718723E-03
+6.1456250E-03,+6.0010452E-03,-47.9663938E-03,+91.6823970E-03
+6.1459187E-03,+5.1652104E-03,-47.9012409E-03,+91.6762159E-03
+6.1462125E-03,+6.2146164E-03,-47.7091234E-03,+91.7002723E-03
+6.1465062E-03,+9.1231684E-03,-47.7391940E-03,+91.6910841E-03
+6.1468000E-03,+12.1118418E-03,-47.9012409E-03,+91.6902488E-03
+6.1470937E-03,+14.0029629E-03,-47.7742763E-03,+91.6753806E-03
+6.1473875E-03,+13.6413143E-03,-47.9530291E-03,+91.6875759E-03
+6.1476812E-03,+11.0075270E-03,-48.0799937E-03,+91.7046159E-03
+6.1479750E-03,+7.8273710E-03,-48.0315467E-03,+91.7024441E-03
+6.1482687E-03,+5.5443902E-03,-48.1150760E-03,+91.7011076E-03
+6.1485625E-03,+5.8973652E-03,-47.8227233E-03,+91.7081241E-03
+6.1488562E-03,+8.8581064E-03,-47.7174763E-03,+91.6924206E-03
+6.1491500E-03,+12.0542500E-03,-47.8878762E-03,+91.6832323E-03
+6.1494437E-03,+14.3309459E-03,-47.8878762E-03,+91.6932559E-03
+6.1497375E-03,+13.6726645E-03,-47.8878762E-03,+91.7002723E-03
+6.1500312E-03,+11.2915903E-03,-47.8444410E-03,+91.6932559E-03
+6.1503250E-03,+7.9082641E-03,-47.7308410E-03,+91.6981006E-03
+6.1506187E-03,+5.0173167E-03,-47.7959939E-03,+91.6788888E-03
+6.1509125E-03,+4.7696756E-03,-47.9446762E-03,+91.6775523E-03
+6.1512062E-03,+6.8156735E-03,-47.8661586E-03,+91.6889123E-03
+6.1515000E-03,+10.4296977E-03,-47.7659234E-03,+91.6889123E-03
+6.1517937E-03,+13.4310509E-03,-47.7174763E-03,+91.6932559E-03
+6.1520875E-03,+13.5572971E-03,-47.9313115E-03,+91.6959288E-03
+6.1523812E-03,+11.6226238E-03,-47.9580409E-03,+91.6775523E-03
+6.1526750E-03,+8.6988928E-03,-47.7742763E-03,+91.6932559E-03
+6.1529687E-03,+6.7490037E-03,-47.9095938E-03,+91.7024441E-03
+6.1532625E-03,+5.3442706E-03,-48.0315467E-03,+91.6989359E-03
+6.1535562E-03,+7.4014414E-03,-48.0933584E-03,+91.6937570E-03
+6.1538500E-03,+9.9545560E-03,-47.8310763E-03,+91.6631853E-03
+6.1541437E-03,+12.6277424E-03,-47.8444410E-03,+91.6661924E-03
+6.1544375E-03,+13.5820686E-03,-47.7525587E-03,+91.6845688E-03
+6.1547312E-03,+11.8720658E-03,-47.8310763E-03,+91.6732088E-03
+6.1550250E-03,+9.1425004E-03,-47.9313115E-03,+91.6797241E-03
+6.1553187E-03,+6.9034762E-03,-47.9580409E-03,+91.6902488E-03
+6.1556125E-03,+5.8587747E-03,-47.7525587E-03,+91.6753806E-03
+6.1559062E-03,+6.5298828E-03,-47.8745115E-03,+91.6788888E-03
+6.1562000E-03,+9.7885064E-03,-48.0666290E-03,+91.6775523E-03
+6.1564937E-03,+11.7513325E-03,-48.0582761E-03,+91.6867406E-03
+6.1567875E-03,+12.4785624E-03,-47.8878762E-03,+91.6810606E-03
+6.1570812E-03,+12.3536760E-03,-47.9095938E-03,+91.6767170E-03
+6.1573750E-03,+10.3544278E-03,-47.9229585E-03,+91.6740441E-03
+6.1576687E-03,+6.8737431E-03,-47.8527939E-03,+91.6945923E-03
+6.1579625E-03,+5.1090887E-03,-47.9446762E-03,+91.6823970E-03
+6.1582562E-03,+5.9926288E-03,-47.9095938E-03,+91.6718723E-03
+6.1585500E-03,+9.2992148E-03,-47.8795233E-03,+91.6889123E-03
+6.1588437E-03,+12.2402565E-03,-47.7174763E-03,+91.6845688E-03
+6.1591375E-03,+13.5383326E-03,-47.8444410E-03,+91.6797241E-03
+6.1594312E-03,+12.7111716E-03,-47.7959939E-03,+91.6924206E-03
+6.1597250E-03,+10.3797505E-03,-47.8578056E-03,+91.6788888E-03
+6.1600187E-03,+7.2394346E-03,-47.7041116E-03,+91.6775523E-03
+6.1603125E-03,+5.5962119E-03,-48.0231938E-03,+91.6889123E-03
+6.1606062E-03,+6.1421764E-03,-47.9229585E-03,+91.6889123E-03
+6.1609000E-03,+9.3933758E-03,-47.7876410E-03,+91.6823970E-03
+6.1611937E-03,+12.3983307E-03,-47.7525587E-03,+91.6740441E-03
+6.1614875E-03,+14.2274130E-03,-47.8093586E-03,+91.6880770E-03
+6.1617812E-03,+12.6307194E-03,-47.7442057E-03,+91.6718723E-03
+6.1620750E-03,+10.0809493E-03,-47.6823940E-03,+91.6910841E-03
+6.1623687E-03,+6.6220959E-03,-47.8143704E-03,+91.6880770E-03
+6.1626625E-03,+5.1250395E-03,-47.6339470E-03,+91.6740441E-03
+6.1629562E-03,+5.5368926E-03,-48.0933584E-03,+91.6945923E-03
+6.1632500E-03,+7.7077402E-03,-47.8527939E-03,+91.6954276E-03
+6.1635437E-03,+11.2660102E-03,-47.9012409E-03,+91.7016088E-03
+6.1638375E-03,+13.0236448E-03,-47.7742763E-03,+91.6775523E-03
+6.1641312E-03,+12.9316155E-03,-47.8878762E-03,+91.6867406E-03
+6.1644250E-03,+10.4288892E-03,-47.8227233E-03,+91.6875759E-03
+6.1647187E-03,+7.9564839E-03,-47.6740411E-03,+91.6981006E-03
+6.1650125E-03,+6.2422546E-03,-47.7959939E-03,+91.6832323E-03
+6.1653062E-03,+6.0770135E-03,-47.9012409E-03,+91.6845688E-03
+6.1656000E-03,+8.3553633E-03,-47.7091234E-03,+91.6710371E-03
+6.1658937E-03,+11.3577823E-03,-47.6957587E-03,+91.6697006E-03
+6.1661875E-03,+14.0705883E-03,-47.8093586E-03,+91.6854041E-03
+6.1664812E-03,+13.9682682E-03,-47.8310763E-03,+91.6945923E-03
+6.1667750E-03,+10.7993585E-03,-47.9313115E-03,+91.6932559E-03
+6.1670687E-03,+7.3575585E-03,-47.9580409E-03,+91.7024441E-03
+6.1673625E-03,+5.8450658E-03,-47.7091234E-03,+91.6924206E-03
+6.1676562E-03,+5.6783914E-03,-47.7826292E-03,+91.6810606E-03
+6.1679500E-03,+8.5253088E-03,-48.0582761E-03,+91.6832323E-03
+6.1682437E-03,+11.4041277E-03,-47.8878762E-03,+91.6910841E-03
+6.1685375E-03,+13.8344141E-03,-47.8227233E-03,+91.6945923E-03
+6.1688312E-03,+12.7507177E-03,-47.7609116E-03,+91.6845688E-03
+6.1691250E-03,+9.9950945E-03,-47.9363232E-03,+91.6753806E-03
+6.1694187E-03,+6.8816450E-03,-47.6740411E-03,+91.6767170E-03
+6.1697125E-03,+5.2365111E-03,-47.7091234E-03,+91.6697006E-03
+6.1700062E-03,+6.0233910E-03,-47.7609116E-03,+91.6854041E-03
+6.1703000E-03,+8.2599895E-03,-48.0014761E-03,+91.7011076E-03
+6.1705937E-03,+11.6428011E-03,-47.8661586E-03,+91.7102958E-03
+6.1708875E-03,+13.5720718E-03,-47.7224881E-03,+91.7002723E-03
+6.1711812E-03,+13.7071387E-03,-47.5604412E-03,+91.6867406E-03
+6.1714750E-03,+11.4691436E-03,-47.8177116E-03,+91.6767170E-03
+6.1717687E-03,+9.0045668E-03,-48.0666290E-03,+91.6718723E-03
+6.1720625E-03,+6.0914206E-03,-48.1017113E-03,+91.6889123E-03
+6.1723562E-03,+5.3623898E-03,-47.8928880E-03,+91.6867406E-03
+6.1726500E-03,+7.0145435E-03,-47.6255941E-03,+91.6788888E-03
+6.1729437E-03,+10.1034053E-03,-47.9229585E-03,+91.6753806E-03
+6.1732375E-03,+12.6651936E-03,-47.8093586E-03,+91.6767170E-03
+6.1735312E-03,+12.8578157E-03,-47.8310763E-03,+91.6718723E-03
+6.1738250E-03,+11.6250862E-03,-47.8444410E-03,+91.6867406E-03
+6.1741187E-03,+9.3238393E-03,-47.7742763E-03,+91.6767170E-03
+6.1744125E-03,+7.1262724E-03,-47.8878762E-03,+91.6675288E-03
+6.1747062E-03,+5.6667774E-03,-47.8878762E-03,+91.6732088E-03
+6.1750000E-03,+6.7875943E-03,-47.8661586E-03,+91.6753806E-03
+6.1752937E-03,+10.4785423E-03,-47.8310763E-03,+91.6810606E-03
+6.1755875E-03,+13.0379784E-03,-47.8444410E-03,+91.6854041E-03
+6.1758812E-03,+13.1336830E-03,-47.8828644E-03,+91.7011076E-03
+6.1761750E-03,+11.8767334E-03,-48.1284407E-03,+91.7102958E-03
+6.1764687E-03,+9.0074702E-03,-47.7308410E-03,+91.7024441E-03
+6.1767625E-03,+6.5118739E-03,-47.7525587E-03,+91.6945923E-03
+6.1770562E-03,+5.2903909E-03,-47.8745115E-03,+91.6889123E-03
+6.1773500E-03,+6.3119748E-03,-48.0231938E-03,+91.6889123E-03
+6.1776437E-03,+9.1225803E-03,-48.0098291E-03,+91.6845688E-03
+6.1779375E-03,+11.4521637E-03,-48.0365585E-03,+91.6732088E-03
+6.1782312E-03,+13.0095684E-03,-47.8310763E-03,+91.6775523E-03
+6.1785250E-03,+11.7364843E-03,-47.9313115E-03,+91.6889123E-03
+6.1788187E-03,+8.9804936E-03,-48.0449114E-03,+91.6889123E-03
+6.1791125E-03,+6.8477221E-03,-47.9797585E-03,+91.6910841E-03
+6.1794062E-03,+5.1080597E-03,-47.8093586E-03,+91.6967641E-03
+6.1797000E-03,+5.8319818E-03,-47.8093586E-03,+91.6902488E-03
+6.1799937E-03,+8.5063075E-03,-47.7876410E-03,+91.6732088E-03
+6.1802875E-03,+11.2478543E-03,-47.7525587E-03,+91.6775523E-03
+6.1805812E-03,+13.0893223E-03,-47.7659234E-03,+91.6867406E-03
+6.1808750E-03,+13.2996592E-03,-47.6957587E-03,+91.6767170E-03
+6.1811687E-03,+11.5579386E-03,-47.8745115E-03,+91.6697006E-03
+6.1814625E-03,+9.0710528E-03,-48.0231938E-03,+91.6788888E-03
+6.1817562E-03,+6.8171436E-03,-47.9881114E-03,+91.6732088E-03
+6.1820500E-03,+6.4016152E-03,-47.9797585E-03,+91.6753806E-03
+6.1823437E-03,+8.3645148E-03,-47.7876410E-03,+91.6832323E-03
+6.1826375E-03,+11.1240705E-03,-47.6656881E-03,+91.6889123E-03
+6.1829312E-03,+12.9667513E-03,-47.5821588E-03,+91.6889123E-03
+6.1832250E-03,+11.8931620E-03,-47.8527939E-03,+91.6845688E-03
+6.1835187E-03,+10.7087258E-03,-47.9446762E-03,+91.6732088E-03
+6.1838125E-03,+7.9754117E-03,-47.8878762E-03,+91.6753806E-03
+6.1841062E-03,+5.3520990E-03,-47.9313115E-03,+91.6832323E-03
+6.1844000E-03,+5.0616040E-03,-48.0231938E-03,+91.6932559E-03
+6.1846937E-03,+7.5315100E-03,-47.9229585E-03,+91.7024441E-03
+6.1849875E-03,+10.3999646E-03,-47.7224881E-03,+91.6902488E-03
+6.1852812E-03,+12.6636868E-03,-47.5821588E-03,+91.6732088E-03
+6.1855750E-03,+13.1768677E-03,-47.8527939E-03,+91.6775523E-03
+6.1858687E-03,+11.9252840E-03,-47.9446762E-03,+91.6910841E-03
+6.1861625E-03,+9.1467270E-03,-47.8444410E-03,+91.6945923E-03
+6.1864562E-03,+6.0339390E-03,-47.7525587E-03,+91.6889123E-03
+6.1867500E-03,+6.0289406E-03,-47.8093586E-03,+91.6867406E-03
+6.1870437E-03,+7.5467257E-03,-47.7659234E-03,+91.6767170E-03
+6.1873375E-03,+10.1189518E-03,-47.6306058E-03,+91.6762159E-03
+6.1876312E-03,+12.0512362E-03,-47.6389588E-03,+91.6981006E-03
+6.1879250E-03,+13.2627225E-03,-47.7876410E-03,+91.6810606E-03
+6.1882187E-03,+11.4517962E-03,-47.6874058E-03,+91.6832323E-03
+6.1885125E-03,+9.2429094E-03,-47.6606764E-03,+91.6867406E-03
+6.1888062E-03,+6.7040549E-03,-47.7792881E-03,+91.6788888E-03
+6.1891000E-03,+5.1619762E-03,-47.5604412E-03,+91.6753806E-03
+6.1893937E-03,+6.0111155E-03,-47.7525587E-03,+91.6832323E-03
+6.1896875E-03,+9.3838201E-03,-47.7876410E-03,+91.6867406E-03
+6.1899812E-03,+12.2585227E-03,-47.7742763E-03,+91.6832323E-03
+6.1902750E-03,+13.5218306E-03,-47.8227233E-03,+91.6910841E-03
+6.1905687E-03,+12.5769499E-03,-47.7174763E-03,+91.6967641E-03
+6.1908625E-03,+10.1453404E-03,-47.8010057E-03,+91.6945923E-03
+6.1911562E-03,+8.1133821E-03,-47.6606764E-03,+91.6910841E-03
+6.1914500E-03,+5.7501698E-03,-47.8444410E-03,+91.6967641E-03
+6.1917437E-03,+5.5430671E-03,-47.7742763E-03,+91.6967641E-03
+6.1920375E-03,+7.9488026E-03,-47.8227233E-03,+91.6902488E-03
+6.1923312E-03,+11.1815888E-03,-47.7391940E-03,+91.6732088E-03
+6.1926250E-03,+13.0400734E-03,-47.9446762E-03,+91.6775523E-03
+6.1929187E-03,+12.8495463E-03,-47.8878762E-03,+91.6910841E-03
+6.1932125E-03,+11.0175606E-03,-47.8444410E-03,+91.6945923E-03
+6.1935062E-03,+8.9353243E-03,-47.7308410E-03,+91.6867406E-03
+6.1938000E-03,+7.4129451E-03,-47.7959939E-03,+91.6854041E-03
+6.1940937E-03,+7.1450531E-03,-47.9012409E-03,+91.6945923E-03
+6.1943875E-03,+8.5765056E-03,-47.7091234E-03,+91.6889123E-03
+6.1946812E-03,+10.7443761E-03,-47.6957587E-03,+91.6889123E-03
+6.1949750E-03,+11.9776202E-03,-47.7659234E-03,+91.6867406E-03
+6.1952687E-03,+11.8794164E-03,-47.7826292E-03,+91.6832323E-03
+6.1955625E-03,+10.1659221E-03,-48.0365585E-03,+91.6889123E-03
+6.1958562E-03,+8.3555103E-03,-47.8093586E-03,+91.6910841E-03
+6.1961500E-03,+7.0604847E-03,-47.8093586E-03,+91.6989359E-03
+6.1964437E-03,+6.5234143E-03,-47.8527939E-03,+91.6981006E-03
+6.1967375E-03,+8.1346253E-03,-47.9446762E-03,+91.6832323E-03
+6.1970312E-03,+10.6444817E-03,-47.8661586E-03,+91.6954276E-03
+6.1973250E-03,+12.3324328E-03,-47.9396644E-03,+91.7059523E-03
+6.1976187E-03,+12.7457560E-03,-48.1501584E-03,+91.6845688E-03
+6.1979125E-03,+11.4453277E-03,-47.8527939E-03,+91.6732088E-03
+6.1982062E-03,+8.9528187E-03,-47.9446762E-03,+91.6775523E-03
+6.1985000E-03,+6.7421677E-03,-47.9095938E-03,+91.6867406E-03
+6.1987937E-03,+5.0316871E-03,-47.9012409E-03,+91.6788888E-03
+6.1990875E-03,+7.1701186E-03,-47.7959939E-03,+91.6818959E-03
+6.1993812E-03,+10.2223010E-03,-47.8795233E-03,+91.6981006E-03
+6.1996750E-03,+11.9102888E-03,-47.6957587E-03,+91.6788888E-03
+6.1999687E-03,+12.3794030E-03,-47.8962291E-03,+91.6753806E-03
+6.2002625E-03,+11.2326386E-03,-48.0799937E-03,+91.6875759E-03
+6.2005562E-03,+9.3013465E-03,-47.9663938E-03,+91.6981006E-03
+6.2008500E-03,+6.8097195E-03,-47.9229585E-03,+91.6875759E-03
+6.2011437E-03,+5.7253616E-03,-47.8093586E-03,+91.6981006E-03
+6.2014375E-03,+6.9916464E-03,-47.7876410E-03,+91.6810606E-03
+6.2017312E-03,+9.1256676E-03,-47.7742763E-03,+91.6832323E-03
+6.2020250E-03,+12.0171663E-03,-47.8661586E-03,+91.6910841E-03
+6.2023187E-03,+13.0868598E-03,-47.7876410E-03,+91.6924206E-03
+6.2026125E-03,+12.3633420E-03,-47.7525587E-03,+91.6767170E-03
+6.2029062E-03,+10.7902438E-03,-47.7876410E-03,+91.6718723E-03
+6.2032000E-03,+8.3637062E-03,-47.7308410E-03,+91.6910841E-03
+6.2034937E-03,+6.6075418E-03,-47.7308410E-03,+91.6989359E-03
+6.2037875E-03,+6.3796737E-03,-47.7742763E-03,+91.7002723E-03
+6.2040812E-03,+8.9535169E-03,-47.8661586E-03,+91.6910841E-03
+6.2043750E-03,+11.5315868E-03,-47.7876410E-03,+91.6967641E-03
+6.2046687E-03,+13.2557395E-03,-47.8828644E-03,+91.6967641E-03
+6.2049625E-03,+12.3482365E-03,-48.1501584E-03,+91.6967641E-03
+6.2052562E-03,+10.0336116E-03,-47.7876410E-03,+91.6945923E-03
+6.2055500E-03,+7.9851512E-03,-47.7742763E-03,+91.6867406E-03
+6.2058437E-03,+6.2430999E-03,-47.8661586E-03,+91.6810606E-03
+6.2061375E-03,+7.0299430E-03,-47.8527939E-03,+91.6832323E-03
+6.2064312E-03,+8.2525286E-03,-47.9446762E-03,+91.6867406E-03
+6.2067250E-03,+11.4876671E-03,-47.8878762E-03,+91.6832323E-03
+6.2070187E-03,+13.5639494E-03,-47.8661586E-03,+91.6845688E-03
+6.2073125E-03,+13.3119714E-03,-47.8310763E-03,+91.6732088E-03
+6.2076062E-03,+10.5804582E-03,-47.8878762E-03,+91.6732088E-03
+6.2079000E-03,+7.4691403E-03,-47.9095938E-03,+91.6840676E-03
+6.2081937E-03,+5.4651510E-03,-47.8578056E-03,+91.7146394E-03
+6.2084875E-03,+6.0237585E-03,-47.5520882E-03,+91.7138041E-03
+6.2087812E-03,+7.4355114E-03,-47.6038764E-03,+91.6924206E-03
+6.2090750E-03,+10.0373971E-03,-47.9313115E-03,+91.6745453E-03
+6.2093687E-03,+11.8614809E-03,-48.0014761E-03,+91.6640206E-03
+6.2096625E-03,+11.6104586E-03,-47.8878762E-03,+91.6832323E-03
+6.2099562E-03,+9.1454407E-03,-47.8661586E-03,+91.6954276E-03
+6.2102500E-03,+6.4826186E-03,-47.8310763E-03,+91.7081241E-03
+6.2105437E-03,+5.5006543E-03,-47.9095938E-03,+91.6945923E-03
+6.2108375E-03,+6.0236850E-03,-47.9012409E-03,+91.6867406E-03
+6.2111312E-03,+8.1681439E-03,-47.7525587E-03,+91.6854041E-03
+6.2114250E-03,+11.3795032E-03,-47.8310763E-03,+91.6967641E-03
+6.2117187E-03,+13.6651669E-03,-47.8010057E-03,+91.6945923E-03
+6.2120125E-03,+14.7055684E-03,-47.7258293E-03,+91.6867406E-03
+6.2123062E-03,+12.9992041E-03,-48.0799937E-03,+91.6810606E-03
+6.2126000E-03,+9.0810863E-03,-47.8795233E-03,+91.6832323E-03
+6.2128937E-03,+5.9917835E-03,-47.7174763E-03,+91.6867406E-03
+6.2131875E-03,+6.0964557E-03,-47.7792881E-03,+91.6788888E-03
+6.2134812E-03,+7.1586517E-03,-47.4952883E-03,+91.6775523E-03
+6.2137750E-03,+10.7096446E-03,-47.6473117E-03,+91.6845688E-03
+6.2140687E-03,+13.2156788E-03,-48.0014761E-03,+91.6775523E-03
+6.2143625E-03,+13.3005780E-03,-47.8878762E-03,+91.6910841E-03
+6.2146562E-03,+11.3759750E-03,-47.8010057E-03,+91.6902488E-03
+6.2149500E-03,+7.7407811E-03,-47.6389588E-03,+91.6753806E-03
+6.2152437E-03,+4.3779630E-03,-47.7224881E-03,+91.6810606E-03
+6.2155375E-03,+4.3026563E-03,-47.5821588E-03,+91.6767170E-03
+6.2158312E-03,+7.0567726E-03,-47.8093586E-03,+91.6762159E-03
+6.2161250E-03,+11.2640256E-03,-47.7007705E-03,+91.7002723E-03
+6.2164187E-03,+14.8403046E-03,-47.5470765E-03,+91.6954276E-03
+6.2167125E-03,+15.1842751E-03,-47.9095938E-03,+91.7059523E-03
+6.2170062E-03,+13.3328838E-03,-47.8578056E-03,+91.6910841E-03
+6.2173000E-03,+8.9385953E-03,-47.5955235E-03,+91.6967641E-03
+6.2175937E-03,+4.5513633E-03,-47.6740411E-03,+91.6989359E-03
+6.2178875E-03,+3.2982360E-03,-47.7308410E-03,+91.7024441E-03
+6.2181812E-03,+4.5771271E-03,-47.7308410E-03,+91.6924206E-03
+6.2184750E-03,+8.7414526E-03,-47.7742763E-03,+91.6832323E-03
+6.2187687E-03,+11.8588715E-03,-47.8661586E-03,+91.6889123E-03
+6.2190625E-03,+13.0676748E-03,-47.6790528E-03,+91.6845688E-03
+6.2193562E-03,+12.0733248E-03,-47.5119941E-03,+91.6840676E-03
+6.2196500E-03,+9.0063677E-03,-47.9663938E-03,+91.7037806E-03
+6.2199437E-03,+6.2112719E-03,-47.9881114E-03,+91.6810606E-03
+6.2202375E-03,+4.5006443E-03,-47.9580409E-03,+91.6810606E-03
+6.2205312E-03,+6.4021665E-03,-47.7525587E-03,+91.6767170E-03
+6.2208250E-03,+9.6538804E-03,-47.8093586E-03,+91.6740441E-03
+6.2211187E-03,+13.6050024E-03,-47.7876410E-03,+91.6945923E-03
+6.2214125E-03,+14.8580195E-03,-47.7091234E-03,+91.6823970E-03
+6.2217062E-03,+13.7247066E-03,-47.6306058E-03,+91.6740441E-03
+6.2220000E-03,+10.5695793E-03,-47.6172411E-03,+91.6945923E-03
+6.2222937E-03,+6.6970351E-03,-47.7525587E-03,+91.6889123E-03
+6.2225875E-03,+5.1881075E-03,-47.8310763E-03,+91.6867406E-03
+6.2228812E-03,+5.8877359E-03,-47.8010057E-03,+91.6832323E-03
+6.2231750E-03,+8.5458536E-03,-47.5955235E-03,+91.6823970E-03
+6.2234687E-03,+12.0740230E-03,-47.6957587E-03,+91.6740441E-03
+6.2237625E-03,+13.8337525E-03,-47.7442057E-03,+91.6945923E-03
+6.2240562E-03,+14.1915789E-03,-47.5955235E-03,+91.6845688E-03
+6.2243500E-03,+11.1436598E-03,-47.6957587E-03,+91.6797241E-03
+6.2246437E-03,+6.7114055E-03,-47.8310763E-03,+91.6924206E-03
+6.2249375E-03,+4.0967297E-03,-47.7575704E-03,+91.6854041E-03
+6.2252312E-03,+4.6866875E-03,-47.5905117E-03,+91.6989359E-03
+6.2255250E-03,+7.9739415E-03,-47.9580409E-03,+91.6981006E-03
+6.2258187E-03,+12.1022860E-03,-47.7525587E-03,+91.6810606E-03
+6.2261125E-03,+14.3612303E-03,-47.7224881E-03,+91.6810606E-03
+6.2264062E-03,+13.4304628E-03,-47.5821588E-03,+91.6832323E-03
+6.2267000E-03,+10.7675305E-03,-47.7224881E-03,+91.6867406E-03
+6.2269937E-03,+6.8547419E-03,-47.5387235E-03,+91.6810606E-03
+6.2272875E-03,+4.4606203E-03,-47.6957587E-03,+91.6832323E-03
+6.2275812E-03,+4.5872341E-03,-47.7876410E-03,+91.6889123E-03
+6.2278750E-03,+7.5176174E-03,-47.7091234E-03,+91.6889123E-03
+6.2281687E-03,+11.1173079E-03,-47.7174763E-03,+91.6889123E-03
+6.2284625E-03,+13.4962138E-03,-47.8010057E-03,+91.6867406E-03
+6.2287562E-03,+13.2808785E-03,-47.5955235E-03,+91.6810606E-03
+6.2290500E-03,+11.7109778E-03,-47.6957587E-03,+91.6832323E-03
+6.2293437E-03,+8.0474842E-03,-47.7659234E-03,+91.6867406E-03
+6.2296375E-03,+5.3168530E-03,-47.6523235E-03,+91.6854041E-03
+6.2299312E-03,+4.6873123E-03,-47.6523235E-03,+91.6945923E-03
+6.2302250E-03,+7.1164226E-03,-47.6523235E-03,+91.6845688E-03
+6.2305187E-03,+10.3891225E-03,-47.6957587E-03,+91.6797241E-03
+6.2308125E-03,+12.8578524E-03,-47.7659234E-03,+91.7011076E-03
+6.2311062E-03,+13.1135424E-03,-47.5871706E-03,+91.7037806E-03
+6.2314000E-03,+11.2489202E-03,-47.4602059E-03,+91.6810606E-03
+6.2316937E-03,+8.3467264E-03,-47.6389588E-03,+91.6767170E-03
+6.2319875E-03,+5.5668830E-03,-47.8745115E-03,+91.6653571E-03
+6.2322812E-03,+5.2799163E-03,-47.9146056E-03,+91.6718723E-03
+6.2325750E-03,+8.1945693E-03,-47.6389588E-03,+91.6932559E-03
+6.2328687E-03,+11.6420293E-03,-47.7442057E-03,+91.7002723E-03
+6.2331625E-03,+13.7457660E-03,-47.6606764E-03,+91.6867406E-03
+6.2334562E-03,+14.1870215E-03,-47.7792881E-03,+91.6788888E-03
+6.2337500E-03,+11.7831973E-03,-47.5821588E-03,+91.6732088E-03
+6.2340437E-03,+8.7694584E-03,-47.7659234E-03,+91.6688653E-03
+6.2343375E-03,+5.6000709E-03,-47.6306058E-03,+91.6661924E-03
+6.2346312E-03,+4.5760980E-03,-47.5738059E-03,+91.6867406E-03
+6.2349250E-03,+6.7021070E-03,-47.6606764E-03,+91.6832323E-03
+6.2352187E-03,+10.6420193E-03,-47.8444410E-03,+91.6889123E-03
+6.2355125E-03,+13.5215365E-03,-47.7525587E-03,+91.6910841E-03
+6.2358062E-03,+14.2880185E-03,-47.7876410E-03,+91.6924206E-03
+6.2361000E-03,+11.6278427E-03,-47.7308410E-03,+91.6832323E-03
+6.2363937E-03,+7.7483889E-03,-47.7308410E-03,+91.6867406E-03
+6.2366875E-03,+5.4107567E-03,-47.6656881E-03,+91.6832323E-03
+6.2369812E-03,+5.2128422E-03,-47.5170059E-03,+91.6889123E-03
+6.2372750E-03,+7.2198085E-03,-47.5520882E-03,+91.6932559E-03
+6.2375687E-03,+10.8119280E-03,-47.5604412E-03,+91.7002723E-03
+6.2378625E-03,+13.8953872E-03,-47.7742763E-03,+91.6889123E-03
+6.2381562E-03,+14.6322831E-03,-47.8661586E-03,+91.6867406E-03
+6.2384500E-03,+12.4666544E-03,-47.7007705E-03,+91.6810606E-03
+6.2387437E-03,+9.1899117E-03,-47.5905117E-03,+91.6810606E-03
+6.2390375E-03,+7.2148469E-03,-47.9580409E-03,+91.6854041E-03
+6.2393312E-03,+6.0810930E-03,-47.7308410E-03,+91.6967641E-03
+6.2396250E-03,+6.3442071E-03,-47.6439705E-03,+91.7076229E-03
+6.2399187E-03,+9.6760792E-03,-47.5253588E-03,+91.7208205E-03
+6.2402125E-03,+11.8756676E-03,-47.7876410E-03,+91.6788888E-03
+6.2405062E-03,+12.8695031E-03,-47.6874058E-03,+91.6732088E-03
+6.2408000E-03,+11.2526689E-03,-47.5738059E-03,+91.6775523E-03
+6.2410937E-03,+9.4134062E-03,-47.6172411E-03,+91.6845688E-03
+6.2413875E-03,+6.4742757E-03,-47.7091234E-03,+91.6775523E-03
+6.2416812E-03,+5.3753636E-03,-47.6957587E-03,+91.6932559E-03
+6.2419750E-03,+5.6833162E-03,-47.8527939E-03,+91.6959288E-03
+6.2422687E-03,+8.3755406E-03,-47.9229585E-03,+91.6732088E-03
+6.2425625E-03,+13.1708402E-03,-47.7876410E-03,+91.6797241E-03
+6.2428562E-03,+14.2926494E-03,-47.6439705E-03,+91.7032794E-03
+6.2431500E-03,+14.2654890E-03,-47.5470765E-03,+91.7138041E-03
+6.2434437E-03,+11.6146116E-03,-47.8661586E-03,+91.6924206E-03
+6.2437375E-03,+8.2586296E-03,-47.8527939E-03,+91.6810606E-03
+6.2440312E-03,+5.8718219E-03,-47.9446762E-03,+91.6832323E-03
+6.2443250E-03,+5.4462967E-03,-47.8661586E-03,+91.6845688E-03
+6.2446187E-03,+7.1271912E-03,-47.7876410E-03,+91.6732088E-03
+6.2449125E-03,+10.1141739E-03,-47.7742763E-03,+91.6797241E-03
+6.2452062E-03,+12.1779235E-03,-47.8227233E-03,+91.6945923E-03
+6.2455000E-03,+12.6324101E-03,-47.7174763E-03,+91.6910841E-03
+6.2457937E-03,+10.9412248E-03,-47.8661586E-03,+91.6989359E-03
+6.2460875E-03,+7.5085762E-03,-47.7442057E-03,+91.6981006E-03
+6.2463812E-03,+5.6336263E-03,-47.6606764E-03,+91.6810606E-03
+6.2466750E-03,+5.6723639E-03,-47.8444410E-03,+91.6745453E-03
+6.2469687E-03,+8.8370102E-03,-47.7308410E-03,+91.6640206E-03
+6.2472625E-03,+11.3483368E-03,-47.7091234E-03,+91.6854041E-03
+6.2475562E-03,+13.2494915E-03,-47.6523235E-03,+91.6924206E-03
+6.2478500E-03,+13.4501624E-03,-47.6740411E-03,+91.6832323E-03
+6.2481437E-03,+12.4042847E-03,-47.6656881E-03,+91.6845688E-03
+6.2484375E-03,+9.6184874E-03,-47.5821588E-03,+91.6688653E-03
+6.2487312E-03,+6.7119200E-03,-47.7659234E-03,+91.6640206E-03
+6.2490250E-03,+6.0160771E-03,-47.6523235E-03,+91.6788888E-03
+6.2493187E-03,+8.5126658E-03,-47.6740411E-03,+91.6732088E-03
+6.2496125E-03,+10.6419458E-03,-47.7959939E-03,+91.6753806E-03
+6.2499062E-03,+12.9848337E-03,-47.9012409E-03,+91.6788888E-03
+6.2502000E-03,+13.9207834E-03,-47.7959939E-03,+91.6688653E-03
+6.2504937E-03,+12.3265156E-03,-47.8578056E-03,+91.6640206E-03
+6.2507875E-03,+9.0126524E-03,-47.5955235E-03,+91.6832323E-03
+6.2510812E-03,+5.9487458E-03,-47.6740411E-03,+91.6889123E-03
+6.2513750E-03,+4.3257004E-03,-47.7308410E-03,+91.6845688E-03
+6.2516687E-03,+5.3932990E-03,-47.7525587E-03,+91.6710371E-03
+6.2519625E-03,+8.6697845E-03,-47.8527939E-03,+91.6675288E-03
+6.2522562E-03,+12.0883567E-03,-47.9229585E-03,+91.6732088E-03
+6.2525500E-03,+13.6192258E-03,-47.7659234E-03,+91.6775523E-03
+6.2528437E-03,+12.3569102E-03,-47.6957587E-03,+91.6867406E-03
+6.2531375E-03,+9.5763318E-03,-47.8310763E-03,+91.6810606E-03
+6.2534312E-03,+6.3083363E-03,-47.8661586E-03,+91.6788888E-03
+6.2537250E-03,+5.0950859E-03,-47.7876410E-03,+91.6753806E-03
+6.2540187E-03,+6.2151309E-03,-47.6656881E-03,+91.6788888E-03
+6.2543125E-03,+8.9080168E-03,-47.5387235E-03,+91.6753806E-03
+6.2546062E-03,+11.2422311E-03,-47.6088882E-03,+91.6788888E-03
+6.2549000E-03,+11.9666678E-03,-47.6038764E-03,+91.6732088E-03
+6.2551937E-03,+10.8813910E-03,-47.8010057E-03,+91.6775523E-03
+6.2554875E-03,+9.0286767E-03,-47.5738059E-03,+91.6802253E-03
+6.2557812E-03,+6.4819203E-03,-47.6823940E-03,+91.6596771E-03
+6.2560750E-03,+5.8319083E-03,-47.9229585E-03,+91.6697006E-03
+6.2563687E-03,+7.2582888E-03,-47.8310763E-03,+91.6767170E-03
+6.2566625E-03,+10.6619761E-03,-47.8661586E-03,+91.6610135E-03
+6.2569562E-03,+13.2240217E-03,-47.7659234E-03,+91.6605124E-03
+6.2572500E-03,+13.8985112E-03,-47.6523235E-03,+91.6910841E-03
+6.2575437E-03,+12.1160316E-03,-47.6523235E-03,+91.6989359E-03
+6.2578375E-03,+9.3455603E-03,-47.6740411E-03,+91.7024441E-03
+6.2581312E-03,+6.3557108E-03,-47.7742763E-03,+91.6967641E-03
+6.2584250E-03,+6.1489022E-03,-47.8444410E-03,+91.6924206E-03
+6.2587187E-03,+6.7605441E-03,-47.6874058E-03,+91.6854041E-03
+6.2590125E-03,+9.0451052E-03,-47.5738059E-03,+91.6880770E-03
+6.2593062E-03,+12.5540528E-03,-47.6389588E-03,+91.6697006E-03
+6.2596000E-03,+13.2759903E-03,-47.7442057E-03,+91.6767170E-03
+6.2598937E-03,+11.6978202E-03,-47.6606764E-03,+91.6697006E-03
+6.2601875E-03,+8.9887998E-03,-47.8444410E-03,+91.6767170E-03
+6.2604812E-03,+6.0864957E-03,-47.7742763E-03,+91.6697006E-03
+6.2607750E-03,+5.4057582E-03,-47.8661586E-03,+91.6854041E-03
+6.2610687E-03,+6.6512042E-03,-47.7442057E-03,+91.6924206E-03
+6.2613625E-03,+9.4592738E-03,-47.5955235E-03,+91.6832323E-03
+6.2616562E-03,+12.9201854E-03,-47.6740411E-03,+91.6910841E-03
+6.2619500E-03,+14.3939772E-03,-47.6874058E-03,+91.6924206E-03
+6.2622437E-03,+13.3690487E-03,-47.5955235E-03,+91.6832323E-03
+6.2625375E-03,+10.1131081E-03,-47.6957587E-03,+91.6910841E-03
+6.2628312E-03,+7.0629471E-03,-47.8093586E-03,+91.6902488E-03
+6.2631250E-03,+5.7846808E-03,-47.7876410E-03,+91.6775523E-03
+6.2634187E-03,+6.7784428E-03,-47.8394292E-03,+91.6867406E-03
+6.2637125E-03,+8.7663711E-03,-48.0365585E-03,+91.6788888E-03
+6.2640062E-03,+11.4023636E-03,-47.7224881E-03,+91.6753806E-03
+6.2643000E-03,+12.4409274E-03,-47.5821588E-03,+91.6810606E-03
+6.2645937E-03,+12.0299196E-03,-47.8310763E-03,+91.6832323E-03
+6.2648875E-03,+9.7571562E-03,-47.8010057E-03,+91.6867406E-03
+6.2651812E-03,+6.5892756E-03,-47.6389588E-03,+91.6854041E-03
+6.2654750E-03,+5.1345585E-03,-47.7659234E-03,+91.6902488E-03
+6.2657687E-03,+5.4218560E-03,-47.6523235E-03,+91.6775523E-03
+6.2660625E-03,+8.4332060E-03,-47.6088882E-03,+91.6867406E-03
+6.2663562E-03,+11.0846346E-03,-47.5821588E-03,+91.6788888E-03
+6.2666500E-03,+13.9751777E-03,-47.7224881E-03,+91.6818959E-03
+6.2669437E-03,+13.3096560E-03,-47.4952883E-03,+91.6981006E-03
+6.2672375E-03,+11.1653808E-03,-47.5170059E-03,+91.6810606E-03
+6.2675312E-03,+8.4303392E-03,-47.5738059E-03,+91.6832323E-03
+6.2678250E-03,+6.2297218E-03,-47.6606764E-03,+91.6823970E-03
+6.2681187E-03,+5.7908920E-03,-47.8010057E-03,+91.6740441E-03
+6.2684125E-03,+7.6453705E-03,-47.5738059E-03,+91.6967641E-03
+6.2687062E-03,+10.5578919E-03,-47.6606764E-03,+91.6967641E-03
+6.2690000E-03,+12.4065266E-03,-47.8878762E-03,+91.6924206E-03
+6.2692937E-03,+12.4939251E-03,-47.8010057E-03,+91.6854041E-03
+6.2695875E-03,+11.2958536E-03,-47.5520882E-03,+91.6924206E-03
+6.2698812E-03,+9.3774251E-03,-47.5387235E-03,+91.6810606E-03
+6.2701750E-03,+6.8819758E-03,-47.6523235E-03,+91.6832323E-03
+6.2704687E-03,+5.8837666E-03,-47.6523235E-03,+91.6889123E-03
+6.2707625E-03,+6.5167988E-03,-47.6740411E-03,+91.6932559E-03
+6.2710562E-03,+8.7357192E-03,-47.7308410E-03,+91.7024441E-03
+6.2713500E-03,+10.4387022E-03,-47.6656881E-03,+91.6902488E-03
+6.2716437E-03,+11.9104358E-03,-47.4301354E-03,+91.6710371E-03
+6.2719375E-03,+11.0178178E-03,-47.4117589E-03,+91.6718723E-03
+6.2722312E-03,+9.0904951E-03,-47.7876410E-03,+91.6910841E-03
+6.2725250E-03,+7.7794819E-03,-47.7091234E-03,+91.6945923E-03
+6.2728187E-03,+6.9752914E-03,-47.6523235E-03,+91.6867406E-03
+6.2731125E-03,+7.7282483E-03,-47.6523235E-03,+91.6854041E-03
+6.2734062E-03,+9.3491621E-03,-47.7174763E-03,+91.6880770E-03
+6.2737000E-03,+11.6325838E-03,-47.8661586E-03,+91.6675288E-03
+6.2739937E-03,+13.7118799E-03,-47.7876410E-03,+91.6753806E-03
+6.2742875E-03,+13.2073359E-03,-47.7091234E-03,+91.6788888E-03
+6.2745812E-03,+11.0989683E-03,-47.6740411E-03,+91.6753806E-03
+6.2748750E-03,+8.6181834E-03,-47.7308410E-03,+91.6832323E-03
+6.2751687E-03,+6.9759162E-03,-47.7959939E-03,+91.6845688E-03
+6.2754625E-03,+6.7224314E-03,-47.9012409E-03,+91.6732088E-03
+6.2757562E-03,+8.6640878E-03,-47.7308410E-03,+91.6753806E-03
+6.2760500E-03,+11.8180757E-03,-47.7308410E-03,+91.6854041E-03
+6.2763437E-03,+14.0304174E-03,-47.7959939E-03,+91.6924206E-03
+6.2766375E-03,+12.4337238E-03,-47.9881114E-03,+91.6767170E-03
+6.2769312E-03,+9.6960728E-03,-48.0883466E-03,+91.6740441E-03
+6.2772250E-03,+7.0252019E-03,-48.0933584E-03,+91.6967641E-03
+6.2775187E-03,+5.8165456E-03,-47.8093586E-03,+91.6945923E-03
+6.2778125E-03,+5.8403982E-03,-47.9179468E-03,+91.6889123E-03
+6.2781062E-03,+7.7161934E-03,-48.0499231E-03,+91.6867406E-03
+6.2784000E-03,+10.7831137E-03,-47.6306058E-03,+91.6788888E-03
+6.2786937E-03,+13.4464503E-03,-47.7041116E-03,+91.6710371E-03
+6.2789875E-03,+13.4008032E-03,-47.9797585E-03,+91.6697006E-03
+6.2792812E-03,+10.7294177E-03,-47.8962291E-03,+91.6832323E-03
+6.2795750E-03,+7.8874252E-03,-48.1017113E-03,+91.6889123E-03
+6.2798687E-03,+6.1905065E-03,-48.0231938E-03,+91.6823970E-03
+6.2801625E-03,+6.6534829E-03,-47.9229585E-03,+91.6675288E-03
+6.2804562E-03,+8.8361281E-03,-47.8527939E-03,+91.6753806E-03
+6.2807500E-03,+11.6923073E-03,-47.9446762E-03,+91.6788888E-03
+6.2810437E-03,+13.2204199E-03,-47.8661586E-03,+91.6732088E-03
+6.2813375E-03,+13.6710474E-03,-47.7876410E-03,+91.6688653E-03
+6.2816312E-03,+11.4953852E-03,-47.7742763E-03,+91.6661924E-03
+6.2819250E-03,+9.1669044E-03,-47.9530291E-03,+91.6867406E-03
+6.2822187E-03,+5.9184246E-03,-47.9931232E-03,+91.6832323E-03
+6.2825125E-03,+4.5132138E-03,-47.6740411E-03,+91.6910841E-03
+6.2828062E-03,+6.4136334E-03,-47.7742763E-03,+91.6924206E-03
+6.2831000E-03,+9.7717103E-03,-47.8227233E-03,+91.6810606E-03
+6.2833937E-03,+13.2866487E-03,-47.6957587E-03,+91.6767170E-03
+6.2836875E-03,+13.4553813E-03,-47.8093586E-03,+91.6718723E-03
+6.2839812E-03,+12.1079092E-03,-47.8093586E-03,+91.6802253E-03
+6.2842750E-03,+10.0591549E-03,-47.8093586E-03,+91.6618488E-03
+6.2845687E-03,+6.6290422E-03,-47.8093586E-03,+91.6753806E-03
+6.2848625E-03,+5.2694049E-03,-47.8310763E-03,+91.6767170E-03
+6.2851562E-03,+6.1898081E-03,-47.9313115E-03,+91.6697006E-03
+6.2854500E-03,+10.0451887E-03,-47.9797585E-03,+91.6788888E-03
+6.2857437E-03,+12.9473090E-03,-47.8093586E-03,+91.6775523E-03
+6.2860375E-03,+13.6701653E-03,-47.7442057E-03,+91.6867406E-03
+6.2863312E-03,+12.3105648E-03,-47.6172411E-03,+91.6832323E-03
+6.2866250E-03,+9.1166631E-03,-47.7308410E-03,+91.6889123E-03
+6.2869187E-03,+6.4076427E-03,-47.7525587E-03,+91.6867406E-03
+6.2872125E-03,+5.2924490E-03,-47.8093586E-03,+91.6767170E-03
+6.2875062E-03,+6.1846995E-03,-47.7659234E-03,+91.6718723E-03
+6.2878000E-03,+9.3656641E-03,-47.7174763E-03,+91.6823970E-03
+6.2880937E-03,+11.9306867E-03,-47.8444410E-03,+91.6675288E-03
+6.2883875E-03,+12.9485219E-03,-47.7525587E-03,+91.6775523E-03
+6.2886812E-03,+11.7392040E-03,-47.8093586E-03,+91.6867406E-03
+6.2889750E-03,+8.7230762E-03,-47.8527939E-03,+91.6854041E-03
+6.2892687E-03,+6.9185082E-03,-47.8578056E-03,+91.6989359E-03
+6.2895625E-03,+5.5617744E-03,-47.6606764E-03,+91.6959288E-03
+6.2898562E-03,+6.2527659E-03,-47.9095938E-03,+91.6775523E-03
+6.2901500E-03,+9.5674009E-03,-47.8360880E-03,+91.6889123E-03
+6.2904437E-03,+12.1721533E-03,-47.5821588E-03,+91.6910841E-03
+6.2907375E-03,+13.7144526E-03,-47.7659234E-03,+91.6967641E-03
+6.2910312E-03,+13.2228456E-03,-47.7174763E-03,+91.6924206E-03
+6.2913250E-03,+10.2555624E-03,-47.8878762E-03,+91.6832323E-03
+6.2916187E-03,+8.0256529E-03,-47.9313115E-03,+91.6889123E-03
+6.2919125E-03,+6.6804595E-03,-47.9797585E-03,+91.6910841E-03
+6.2922062E-03,+6.5822925E-03,-47.8310763E-03,+91.6924206E-03
+6.2925000E-03,+8.3521658E-03,-47.9530291E-03,+91.6788888E-03
+6.2927937E-03,+10.6346319E-03,-48.0582761E-03,+91.6710371E-03
+6.2930875E-03,+13.0685569E-03,-47.8444410E-03,+91.6762159E-03
+6.2933812E-03,+12.7851919E-03,-47.6439705E-03,+91.7024441E-03
+6.2936750E-03,+10.6752439E-03,-47.4819236E-03,+91.6945923E-03
+6.2939687E-03,+7.6436064E-03,-47.6740411E-03,+91.6867406E-03
+6.2942625E-03,+6.0048307E-03,-47.6874058E-03,+91.6767170E-03
+6.2945562E-03,+6.6122829E-03,-47.5738059E-03,+91.6718723E-03
+6.2948500E-03,+8.8006248E-03,-47.6172411E-03,+91.6889123E-03
+6.2951437E-03,+11.4865277E-03,-47.6874058E-03,+91.6889123E-03
+6.2954375E-03,+14.0643403E-03,-47.5955235E-03,+91.6845688E-03
+6.2957312E-03,+14.0385765E-03,-47.6740411E-03,+91.6732088E-03
+6.2960250E-03,+11.6412208E-03,-47.6656881E-03,+91.6775523E-03
+6.2963187E-03,+8.4193134E-03,-47.5387235E-03,+91.6889123E-03
+6.2966125E-03,+5.7679950E-03,-47.6523235E-03,+91.6910841E-03
+6.2969062E-03,+5.7195179E-03,-47.6740411E-03,+91.6967641E-03
+6.2972000E-03,+7.5035410E-03,-47.7525587E-03,+91.6924206E-03
+6.2974937E-03,+10.1742650E-03,-47.7876410E-03,+91.6832323E-03
+6.2977875E-03,+12.1811578E-03,-47.6874058E-03,+91.6910841E-03
+6.2980812E-03,+12.1287114E-03,-47.5955235E-03,+91.6989359E-03
+6.2983750E-03,+10.2439117E-03,-47.6740411E-03,+91.7002723E-03
+6.2986687E-03,+7.8867637E-03,-47.6656881E-03,+91.6889123E-03
+6.2989625E-03,+6.2355655E-03,-47.4952883E-03,+91.6845688E-03
+6.2992562E-03,+5.9880714E-03,-47.5170059E-03,+91.6797241E-03
+6.2995500E-03,+7.1407898E-03,-47.6389588E-03,+91.6924206E-03
+6.2998437E-03,+10.2049536E-03,-47.7876410E-03,+91.6854041E-03
+6.3001375E-03,+12.3696267E-03,-47.7308410E-03,+91.6902488E-03
+6.3004312E-03,+13.2162668E-03,-47.7091234E-03,+91.6797241E-03
+6.3007250E-03,+12.1268737E-03,-47.6740411E-03,+91.6902488E-03
+6.3010187E-03,+9.1133554E-03,-47.7091234E-03,+91.6753806E-03
+6.3013125E-03,+6.7881823E-03,-47.6740411E-03,+91.6788888E-03
+6.3016062E-03,+6.4611917E-03,-47.7308410E-03,+91.6753806E-03
+6.3019000E-03,+7.5452556E-03,-47.6874058E-03,+91.6767170E-03
+6.3021937E-03,+9.9008968E-03,-47.5955235E-03,+91.6610135E-03
+6.3024875E-03,+11.6811344E-03,-47.6957587E-03,+91.6583406E-03
+6.3027812E-03,+12.0573740E-03,-47.8310763E-03,+91.6810606E-03
+6.3030750E-03,+11.3595464E-03,-47.8878762E-03,+91.6832323E-03
+6.3033687E-03,+9.4327750E-03,-47.8661586E-03,+91.6845688E-03
+6.3036625E-03,+6.6941684E-03,-47.7442057E-03,+91.6710371E-03
+6.3039562E-03,+5.8534822E-03,-47.5955235E-03,+91.6653571E-03
+6.3042500E-03,+6.8424296E-03,-47.6740411E-03,+91.6653571E-03
+6.3045437E-03,+9.3113065E-03,-47.7091234E-03,+91.6718723E-03
+6.3048375E-03,+12.8796836E-03,-47.5871706E-03,+91.6889123E-03
+6.3051312E-03,+13.7977347E-03,-47.5687941E-03,+91.6867406E-03
+6.3054250E-03,+12.8770374E-03,-47.9012409E-03,+91.6832323E-03
+6.3057187E-03,+10.5886173E-03,-47.7525587E-03,+91.6910841E-03
+6.3060125E-03,+7.6953177E-03,-47.7224881E-03,+91.6967641E-03
+6.3063062E-03,+6.0514702E-03,-47.5604412E-03,+91.6902488E-03
+6.3066000E-03,+6.6578932E-03,-47.7742763E-03,+91.6775523E-03
+6.3068937E-03,+9.0208115E-03,-47.8444410E-03,+91.6823970E-03
+6.3071875E-03,+12.4038069E-03,-47.7525587E-03,+91.6762159E-03
+6.3074812E-03,+13.3169331E-03,-47.7007705E-03,+91.7002723E-03
+6.3077750E-03,+13.0154857E-03,-47.5253588E-03,+91.6867406E-03
+6.3080687E-03,+10.9926053E-03,-47.7876410E-03,+91.6810606E-03
+6.3083625E-03,+7.5990619E-03,-47.7742763E-03,+91.6832323E-03
+6.3086562E-03,+5.2559166E-03,-47.8878762E-03,+91.6910841E-03
+6.3089500E-03,+5.4644159E-03,-47.7575704E-03,+91.6924206E-03
+6.3092437E-03,+7.5697698E-03,-47.4384883E-03,+91.6810606E-03
+6.3095375E-03,+11.3393323E-03,-47.4952883E-03,+91.6810606E-03
+6.3098312E-03,+13.2959104E-03,-47.6038764E-03,+91.6788888E-03
+6.3101250E-03,+13.1643350E-03,-47.8444410E-03,+91.6753806E-03
+6.3104187E-03,+11.2687300E-03,-47.7091234E-03,+91.6832323E-03
+6.3107125E-03,+8.7427023E-03,-47.6957587E-03,+91.6867406E-03
+6.3110062E-03,+6.4145890E-03,-47.8093586E-03,+91.6810606E-03
+6.3113000E-03,+6.2923120E-03,-47.8093586E-03,+91.6788888E-03
+6.3115937E-03,+8.0027191E-03,-47.7876410E-03,+91.6797241E-03
+6.3118875E-03,+10.2121940E-03,-47.7525587E-03,+91.6967641E-03
+6.3121812E-03,+12.3449655E-03,-47.7442057E-03,+91.7011076E-03
+6.3124750E-03,+12.9374225E-03,-47.5955235E-03,+91.7081241E-03
+6.3127687E-03,+10.3343974E-03,-47.6306058E-03,+91.6924206E-03
+6.3130625E-03,+7.5108916E-03,-47.6172411E-03,+91.6788888E-03
+6.3133562E-03,+5.8058872E-03,-47.6874058E-03,+91.6753806E-03
+6.3136500E-03,+4.6551167E-03,-47.5738059E-03,+91.6788888E-03
+6.3139437E-03,+6.9773863E-03,-47.5955235E-03,+91.6732088E-03
+6.3142375E-03,+10.3548688E-03,-47.6306058E-03,+91.6732088E-03
+6.3145312E-03,+12.9072851E-03,-47.6172411E-03,+91.6710371E-03
+6.3148250E-03,+13.7781821E-03,-47.6874058E-03,+91.6697006E-03
+6.3151187E-03,+12.9015516E-03,-47.6606764E-03,+91.6767170E-03
+6.3154125E-03,+9.8290081E-03,-47.8661586E-03,+91.6631853E-03
+6.3157062E-03,+6.6482272E-03,-47.8745115E-03,+91.6683641E-03
+6.3160000E-03,+5.4340580E-03,-47.9580409E-03,+91.6859053E-03
+6.3162937E-03,+6.9817599E-03,-47.7308410E-03,+91.6640206E-03
+6.3165875E-03,+11.2283385E-03,-47.7308410E-03,+91.6810606E-03
+6.3168812E-03,+13.6313175E-03,-47.7308410E-03,+91.6810606E-03
+6.3171750E-03,+14.9543856E-03,-47.7525587E-03,+91.6832323E-03
+6.3174687E-03,+13.4156146E-03,-47.8310763E-03,+91.6889123E-03
+6.3177625E-03,+10.1765069E-03,-47.9313115E-03,+91.6867406E-03
+6.3180562E-03,+6.9358923E-03,-47.9363232E-03,+91.6810606E-03
+6.3183500E-03,+5.2929268E-03,-47.6740411E-03,+91.6854041E-03
+6.3186437E-03,+7.4788798E-03,-47.7091234E-03,+91.6902488E-03
+6.3189375E-03,+10.4040074E-03,-47.7391940E-03,+91.6753806E-03
+6.3192312E-03,+13.2097248E-03,-47.8578056E-03,+91.6788888E-03
+6.3195250E-03,+13.4629891E-03,-47.5955235E-03,+91.6775523E-03
+6.3198187E-03,+12.4045788E-03,-47.7391940E-03,+91.6867406E-03
+6.3201125E-03,+9.3609965E-03,-47.9663938E-03,+91.6788888E-03
+6.3204062E-03,+6.3203545E-03,-47.9446762E-03,+91.6666935E-03
+6.3207000E-03,+4.8622929E-03,-47.9095938E-03,+91.6583406E-03
+6.3209937E-03,+6.4365304E-03,-47.9663938E-03,+91.6745453E-03
+6.3212875E-03,+9.8308825E-03,-47.8795233E-03,+91.6683641E-03
+6.3215812E-03,+12.1598043E-03,-47.6740411E-03,+91.6902488E-03
+6.3218750E-03,+13.4282209E-03,-47.7091234E-03,+91.6753806E-03
+6.3221687E-03,+12.6859591E-03,-47.6740411E-03,+91.6788888E-03
+6.3224625E-03,+10.4294405E-03,-47.6656881E-03,+91.6732088E-03
+6.3227562E-03,+6.8115572E-03,-47.5170059E-03,+91.6775523E-03
+6.3230500E-03,+4.3586678E-03,-47.6172411E-03,+91.6889123E-03
+6.3233437E-03,+4.4333497E-03,-47.7959939E-03,+91.6910841E-03
+6.3236375E-03,+7.7287996E-03,-47.9229585E-03,+91.6924206E-03
+6.3239312E-03,+11.4528988E-03,-47.7007705E-03,+91.6810606E-03
+6.3242250E-03,+13.5303572E-03,-47.4384883E-03,+91.6810606E-03
+6.3245187E-03,+13.0173601E-03,-47.5821588E-03,+91.6788888E-03
+6.3248125E-03,+10.2846340E-03,-47.7659234E-03,+91.6688653E-03
+6.3251062E-03,+6.8379458E-03,-47.6306058E-03,+91.6661924E-03
+6.3254000E-03,+5.3141700E-03,-47.5955235E-03,+91.6889123E-03
+6.3256937E-03,+5.6443214E-03,-47.6740411E-03,+91.6867406E-03
+6.3259875E-03,+8.3613540E-03,-47.7525587E-03,+91.6810606E-03
+6.3262812E-03,+11.7540889E-03,-47.7442057E-03,+91.6767170E-03
+6.3265750E-03,+13.9014146E-03,-47.5738059E-03,+91.6675288E-03
+6.3268687E-03,+13.7164740E-03,-47.6389588E-03,+91.6840676E-03
+6.3271625E-03,+11.0951460E-03,-47.8093586E-03,+91.6994370E-03
+6.3274562E-03,+7.3279356E-03,-47.7224881E-03,+91.6675288E-03
+6.3277500E-03,+5.6145883E-03,-47.4952883E-03,+91.6732088E-03
+6.3280437E-03,+6.0931847E-03,-47.6038764E-03,+91.6797241E-03
+6.3283375E-03,+8.0448747E-03,-47.8661586E-03,+91.6967641E-03
+6.3286312E-03,+11.9502760E-03,-47.7659234E-03,+91.6902488E-03
+6.3289250E-03,+13.3862490E-03,-47.6523235E-03,+91.6753806E-03
+6.3292187E-03,+13.4688329E-03,-47.7174763E-03,+91.6788888E-03
+6.3295125E-03,+11.1669244E-03,-47.8444410E-03,+91.6732088E-03
+6.3298062E-03,+7.7794819E-03,-47.7959939E-03,+91.6753806E-03
+6.3301000E-03,+6.2117129E-03,-47.9446762E-03,+91.6832323E-03
+6.3303937E-03,+6.7303700E-03,-47.8444410E-03,+91.6867406E-03
+6.3306875E-03,+8.7001424E-03,-47.6656881E-03,+91.6832323E-03
+6.3309812E-03,+11.2745737E-03,-47.5821588E-03,+91.6823970E-03
+6.3312750E-03,+13.2648542E-03,-47.7442057E-03,+91.6675288E-03
+6.3315687E-03,+13.3996639E-03,-47.5738059E-03,+91.6732088E-03
+6.3318625E-03,+11.4514287E-03,-47.5520882E-03,+91.6732088E-03
+6.3321562E-03,+9.0277946E-03,-47.4518530E-03,+91.6797241E-03
+6.3324500E-03,+7.0102802E-03,-47.4468413E-03,+91.6902488E-03
+6.3327437E-03,+5.9236068E-03,-47.7091234E-03,+91.6753806E-03
+6.3330375E-03,+6.7445934E-03,-47.6957587E-03,+91.6832323E-03
+6.3333312E-03,+9.1296737E-03,-47.7876410E-03,+91.6910841E-03
+6.3336250E-03,+11.5272499E-03,-47.7742763E-03,+91.6945923E-03
+6.3339187E-03,+13.0439692E-03,-47.8010057E-03,+91.6867406E-03
+6.3342125E-03,+12.0002600E-03,-47.6172411E-03,+91.6810606E-03
+6.3345062E-03,+8.8575551E-03,-47.7525587E-03,+91.6854041E-03
+6.3348000E-03,+6.1537535E-03,-47.7659234E-03,+91.6902488E-03
+6.3350937E-03,+5.3701814E-03,-47.5871706E-03,+91.6732088E-03
+6.3353875E-03,+7.4929194E-03,-47.5036412E-03,+91.6710371E-03
+6.3356812E-03,+10.5779957E-03,-47.6874058E-03,+91.6718723E-03
+6.3359750E-03,+12.5358234E-03,-47.5520882E-03,+91.6845688E-03
+6.3362687E-03,+12.5324789E-03,-47.4952883E-03,+91.6710371E-03
+6.3365625E-03,+11.7533539E-03,-47.5170059E-03,+91.6718723E-03
+6.3368562E-03,+9.8720825E-03,-47.5955235E-03,+91.6780535E-03
+6.3371500E-03,+7.1950738E-03,-47.7174763E-03,+91.6583406E-03
+6.3374437E-03,+5.6009897E-03,-47.8444410E-03,+91.6854041E-03
+6.3377375E-03,+6.5644673E-03,-47.6656881E-03,+91.6902488E-03
+6.3380312E-03,+8.3128769E-03,-47.5170059E-03,+91.6797241E-03
+6.3383250E-03,+10.9467744E-03,-47.5738059E-03,+91.6924206E-03
+6.3386187E-03,+12.0363881E-03,-47.6606764E-03,+91.6788888E-03
+6.3389125E-03,+12.1631121E-03,-47.8227233E-03,+91.6797241E-03
+6.3392062E-03,+10.5850155E-03,-47.6957587E-03,+91.6989359E-03
+6.3395000E-03,+7.9096240E-03,-47.7876410E-03,+91.7024441E-03
+6.3397937E-03,+6.0000529E-03,-47.7091234E-03,+91.6924206E-03
+6.3400875E-03,+6.2162702E-03,-47.6306058E-03,+91.6854041E-03
+6.3403812E-03,+8.4455917E-03,-47.5738059E-03,+91.6902488E-03
+6.3406750E-03,+12.0217236E-03,-47.6172411E-03,+91.6797241E-03
+6.3409687E-03,+13.7598424E-03,-47.7959939E-03,+91.6924206E-03
+6.3412625E-03,+13.0348177E-03,-47.9229585E-03,+91.6832323E-03
+6.3415562E-03,+10.9915028E-03,-47.8093586E-03,+91.6867406E-03
+6.3418500E-03,+8.2820412E-03,-47.8310763E-03,+91.6810606E-03
+6.3421437E-03,+6.7864182E-03,-47.8010057E-03,+91.6832323E-03
+6.3424375E-03,+6.8994701E-03,-47.5520882E-03,+91.6845688E-03
+6.3427312E-03,+8.9186384E-03,-47.6473117E-03,+91.6688653E-03
+6.3430250E-03,+11.5197156E-03,-47.9146056E-03,+91.6640206E-03
+6.3433187E-03,+13.6173881E-03,-47.6389588E-03,+91.6810606E-03
+6.3436125E-03,+12.7139280E-03,-47.7442057E-03,+91.6810606E-03
+6.3439062E-03,+10.3886815E-03,-47.6389588E-03,+91.6788888E-03
+6.3442000E-03,+7.1615919E-03,-47.7876410E-03,+91.6753806E-03
+6.3444937E-03,+5.9053774E-03,-47.6656881E-03,+91.6854041E-03
+6.3447875E-03,+6.3350557E-03,-47.5170059E-03,+91.6924206E-03
+6.3450812E-03,+8.2261768E-03,-47.6606764E-03,+91.6832323E-03
+6.3453750E-03,+10.9476933E-03,-47.8227233E-03,+91.6823970E-03
+6.3456687E-03,+13.2967190E-03,-47.6088882E-03,+91.6653571E-03
+6.3459625E-03,+13.2683090E-03,-47.5604412E-03,+91.6697006E-03
+6.3462562E-03,+9.7652418E-03,-47.7308410E-03,+91.6832323E-03
+6.3465500E-03,+6.2914300E-03,-47.7742763E-03,+91.6845688E-03
+6.3468437E-03,+4.3182763E-03,-47.8444410E-03,+91.6688653E-03
+6.3471375E-03,+4.2312087E-03,-47.7091234E-03,+91.6640206E-03
+6.3474312E-03,+6.2174463E-03,-47.6088882E-03,+91.6854041E-03
+6.3477250E-03,+10.1874225E-03,-47.6255941E-03,+91.6924206E-03
+6.3480187E-03,+13.1384242E-03,-47.9446762E-03,+91.6745453E-03
+6.3483125E-03,+13.6785817E-03,-47.8661586E-03,+91.6618488E-03
+6.3486062E-03,+11.4029516E-03,-47.7659234E-03,+91.6775523E-03
+6.3489000E-03,+8.5928606E-03,-47.6957587E-03,+91.6845688E-03
+6.3491937E-03,+7.4444791E-03,-47.8093586E-03,+91.6732088E-03
+6.3494875E-03,+7.1702656E-03,-47.8310763E-03,+91.6710371E-03
+6.3497812E-03,+8.7125281E-03,-47.7792881E-03,+91.6740441E-03
+6.3500750E-03,+11.6439772E-03,-47.5170059E-03,+91.6880770E-03
+6.3503687E-03,+14.4499886E-03,-47.5738059E-03,+91.6697006E-03
+6.3506625E-03,+14.0121879E-03,-47.5738059E-03,+91.6854041E-03
+6.3509562E-03,+12.0120944E-03,-47.6389588E-03,+91.6837335E-03
+6.3512500E-03,+8.4631596E-03,-47.7224881E-03,+91.6539971E-03
+6.3515437E-03,+6.8469502E-03,-47.5387235E-03,+91.6697006E-03
+6.3518375E-03,+6.1198306E-03,-47.6306058E-03,+91.6832323E-03
+6.3521312E-03,+7.5047906E-03,-47.5738059E-03,+91.6889123E-03
+6.3524250E-03,+10.3587278E-03,-47.5738059E-03,+91.6823970E-03
+6.3527187E-03,+12.9753882E-03,-47.5303706E-03,+91.6718723E-03
+6.3530125E-03,+12.8093018E-03,-47.5036412E-03,+91.6845688E-03
+6.3533062E-03,+10.9690100E-03,-47.7525587E-03,+91.6732088E-03
+6.3536000E-03,+8.9270181E-03,-47.7659234E-03,+91.6732088E-03
+6.3538937E-03,+6.5998972E-03,-47.7174763E-03,+91.6775523E-03
+6.3541875E-03,+5.4755520E-03,-47.8010057E-03,+91.6845688E-03
+6.3544812E-03,+6.8767201E-03,-47.5955235E-03,+91.6710371E-03
+6.3547750E-03,+9.6942719E-03,-47.6957587E-03,+91.6697006E-03
+6.3550687E-03,+11.7212318E-03,-47.7876410E-03,+91.6788888E-03
+6.3553625E-03,+11.4170647E-03,-47.7525587E-03,+91.6732088E-03
+6.3556562E-03,+10.9195038E-03,-47.8093586E-03,+91.6753806E-03
+6.3559500E-03,+9.4780178E-03,-47.7659234E-03,+91.6810606E-03
+6.3562437E-03,+7.8686445E-03,-47.6740411E-03,+91.6810606E-03
+6.3565375E-03,+6.7115157E-03,-47.7091234E-03,+91.6767170E-03
+6.3568312E-03,+7.6243846E-03,-47.6306058E-03,+91.6697006E-03
+6.3571250E-03,+9.9684854E-03,-47.5520882E-03,+91.6810606E-03
+6.3574187E-03,+11.7265977E-03,-47.5170059E-03,+91.6832323E-03
+6.3577125E-03,+12.8685475E-03,-47.6172411E-03,+91.6823970E-03
+6.3580062E-03,+12.6047719E-03,-47.7525587E-03,+91.6697006E-03
+6.3583000E-03,+10.7141285E-03,-47.8310763E-03,+91.6767170E-03
+6.3585937E-03,+7.8751865E-03,-47.8010057E-03,+91.6697006E-03
+6.3588875E-03,+6.3775420E-03,-47.6606764E-03,+91.6832323E-03
+6.3591812E-03,+7.0086263E-03,-47.8661586E-03,+91.6867406E-03
+6.3594750E-03,+9.5758173E-03,-47.8093586E-03,+91.6854041E-03
+6.3597687E-03,+11.2684359E-03,-47.7876410E-03,+91.6880770E-03
+6.3600625E-03,+12.8105514E-03,-47.7742763E-03,+91.6631853E-03
+6.3603562E-03,+12.3796235E-03,-47.8878762E-03,+91.6575053E-03
+6.3606500E-03,+10.9020462E-03,-47.7575704E-03,+91.6640206E-03
+6.3609437E-03,+8.7530666E-03,-47.5036412E-03,+91.6788888E-03
+6.3612375E-03,+6.7146398E-03,-47.7091234E-03,+91.6688653E-03
+6.3615312E-03,+6.1142442E-03,-47.7391940E-03,+91.6640206E-03
+6.3618250E-03,+8.0635084E-03,-47.8795233E-03,+91.6875759E-03
+6.3621187E-03,+10.0300465E-03,-47.6957587E-03,+91.7002723E-03
+6.3624125E-03,+12.1932862E-03,-47.7224881E-03,+91.6867406E-03
+6.3627062E-03,+12.1255139E-03,-47.5604412E-03,+91.6788888E-03
+6.3630000E-03,+10.4491400E-03,-47.7525587E-03,+91.6732088E-03
+6.3632937E-03,+8.8374880E-03,-47.7876410E-03,+91.6710371E-03
+6.3635875E-03,+7.3799042E-03,-47.7308410E-03,+91.6697006E-03
+6.3638812E-03,+6.0159301E-03,-47.6656881E-03,+91.6832323E-03
+6.3641750E-03,+7.1897079E-03,-47.6038764E-03,+91.6845688E-03
+6.3644687E-03,+9.5424824E-03,-47.8010057E-03,+91.6732088E-03
+6.3647625E-03,+11.2758233E-03,-47.6389588E-03,+91.6710371E-03
+6.3650562E-03,+12.2121772E-03,-47.8527939E-03,+91.6697006E-03
+6.3653500E-03,+11.3033145E-03,-47.8578056E-03,+91.6832323E-03
+6.3656437E-03,+9.8144172E-03,-47.6389588E-03,+91.6889123E-03
+6.3659375E-03,+7.9308671E-03,-47.8093586E-03,+91.6845688E-03
+6.3662312E-03,+7.4577101E-03,-47.7876410E-03,+91.6775523E-03
+6.3665250E-03,+7.2679916E-03,-47.7308410E-03,+91.6823970E-03
+6.3668187E-03,+9.3580195E-03,-47.7091234E-03,+91.6653571E-03
+6.3671125E-03,+11.8529910E-03,-47.7826292E-03,+91.6718723E-03
+6.3674062E-03,+13.1089851E-03,-47.9714056E-03,+91.6889123E-03
+6.3677000E-03,+12.0276409E-03,-47.5520882E-03,+91.6823970E-03
+6.3679937E-03,+9.7969228E-03,-47.5821588E-03,+91.6718723E-03
+6.3682875E-03,+7.9084111E-03,-47.8310763E-03,+91.6845688E-03
+6.3685812E-03,+7.2221975E-03,-47.8444410E-03,+91.6710371E-03
+6.3688750E-03,+6.4869554E-03,-47.7742763E-03,+91.6653571E-03
+6.3691687E-03,+8.1518624E-03,-47.8661586E-03,+91.6718723E-03
+6.3694625E-03,+10.8754370E-03,-47.7876410E-03,+91.6889123E-03
+6.3697562E-03,+13.0847649E-03,-47.7308410E-03,+91.6802253E-03
+6.3700500E-03,+12.3049784E-03,-47.7525587E-03,+91.6640206E-03
+6.3703437E-03,+10.7842898E-03,-47.8310763E-03,+91.6745453E-03
+6.3706375E-03,+7.8850730E-03,-47.8878762E-03,+91.6618488E-03
+6.3709312E-03,+6.0423555E-03,-47.8878762E-03,+91.6775523E-03
+6.3712250E-03,+5.9316189E-03,-47.9095938E-03,+91.6845688E-03
+6.3715187E-03,+7.8507090E-03,-47.8795233E-03,+91.6753806E-03
+6.3718125E-03,+12.0293315E-03,-47.7609116E-03,+91.6745453E-03
+6.3721062E-03,+13.6385946E-03,-48.0014761E-03,+91.6596771E-03
+6.3724000E-03,+13.2869794E-03,-47.8444410E-03,+91.6697006E-03
+6.3726937E-03,+11.3840974E-03,-47.7308410E-03,+91.6723735E-03
+6.3729875E-03,+8.3710568E-03,-47.8394292E-03,+91.6626841E-03
+6.3732812E-03,+6.0810563E-03,-47.9496879E-03,+91.6924206E-03
+6.3735750E-03,+6.2379177E-03,-47.5604412E-03,+91.6832323E-03
+6.3738687E-03,+8.6005052E-03,-47.7308410E-03,+91.6867406E-03
+6.3741625E-03,+11.4815661E-03,-47.7308410E-03,+91.6788888E-03
+6.3744562E-03,+12.9235666E-03,-47.7525587E-03,+91.6753806E-03
+6.3747500E-03,+12.8300672E-03,-47.7659234E-03,+91.6810606E-03
+6.3750437E-03,+10.7455523E-03,-47.6740411E-03,+91.6810606E-03
+6.3753375E-03,+7.9060222E-03,-47.7525587E-03,+91.6767170E-03
+6.3756312E-03,+5.6642047E-03,-47.8093586E-03,+91.6675288E-03
+6.3759250E-03,+5.3671677E-03,-47.7659234E-03,+91.6775523E-03
+6.3762187E-03,+7.4454347E-03,-47.6088882E-03,+91.6867406E-03
+6.3765125E-03,+10.8955776E-03,-47.4952883E-03,+91.6767170E-03
+6.3768062E-03,+13.1694436E-03,-47.6255941E-03,+91.6675288E-03
+6.3771000E-03,+13.0737023E-03,-47.9446762E-03,+91.6753806E-03
+6.3773937E-03,+11.0081886E-03,-47.9313115E-03,+91.6788888E-03
+6.3776875E-03,+8.1045247E-03,-47.9797585E-03,+91.6732088E-03
+6.3779812E-03,+5.8358041E-03,-47.8093586E-03,+91.6732088E-03
+6.3782750E-03,+5.9136835E-03,-47.8527939E-03,+91.6797241E-03
+6.3785687E-03,+7.3681433E-03,-47.9446762E-03,+91.6902488E-03
+6.3788625E-03,+9.5029730E-03,-47.9095938E-03,+91.6797241E-03
+6.3791562E-03,+11.2373797E-03,-47.9663938E-03,+91.6902488E-03
+6.3794500E-03,+11.9747902E-03,-47.9446762E-03,+91.6753806E-03
+6.3797437E-03,+10.6659822E-03,-47.9313115E-03,+91.6854041E-03
+6.3800375E-03,+7.9929796E-03,-47.9797585E-03,+91.6880770E-03
+6.3803312E-03,+6.4153608E-03,-47.8093586E-03,+91.6653571E-03
+6.3806250E-03,+5.5580991E-03,-47.8527939E-03,+91.6675288E-03
+6.3809187E-03,+7.1429949E-03,-47.9446762E-03,+91.6775523E-03
+6.3812125E-03,+9.6098505E-03,-47.8444410E-03,+91.6867406E-03
+6.3815062E-03,+12.7780618E-03,-47.7525587E-03,+91.6788888E-03
+6.3818000E-03,+13.7730000E-03,-47.8527939E-03,+91.6753806E-03
+6.3820937E-03,+12.4017120E-03,-47.9012409E-03,+91.6810606E-03
+6.3823875E-03,+9.6634730E-03,-47.7959939E-03,+91.6788888E-03
+6.3826812E-03,+7.1125635E-03,-47.9881114E-03,+91.6753806E-03
+6.3829750E-03,+6.2624687E-03,-48.0014761E-03,+91.6810606E-03
+6.3832687E-03,+7.8826841E-03,-47.8878762E-03,+91.6875759E-03
+6.3835625E-03,+9.9522406E-03,-47.8444410E-03,+91.6959288E-03
+6.3838562E-03,+13.0554361E-03,-47.7742763E-03,+91.6732088E-03
+6.3841500E-03,+13.8360312E-03,-47.8227233E-03,+91.6775523E-03
+6.3844437E-03,+12.3613573E-03,-47.7174763E-03,+91.6889123E-03
+6.3847375E-03,+9.6398409E-03,-47.7792881E-03,+91.6845688E-03
+6.3850312E-03,+7.1729486E-03,-47.6255941E-03,+91.6710371E-03
+6.3853250E-03,+5.0884336E-03,-47.9881114E-03,+91.6740441E-03
+6.3856187E-03,+5.9109638E-03,-48.0014761E-03,+91.6945923E-03
+6.3859125E-03,+8.2145996E-03,-47.9095938E-03,+91.6867406E-03
+6.3862062E-03,+11.3854940E-03,-47.8360880E-03,+91.6767170E-03
+6.3865000E-03,+12.6966541E-03,-47.5170059E-03,+91.6653571E-03
+6.3867937E-03,+12.5630573E-03,-47.5955235E-03,+91.6653571E-03
+6.3870875E-03,+10.8953204E-03,-47.6957587E-03,+91.6740441E-03
+6.3873812E-03,+8.2122842E-03,-47.8527939E-03,+91.6924206E-03
+6.3876750E-03,+6.8672011E-03,-47.9446762E-03,+91.6810606E-03
+6.3879687E-03,+7.6554776E-03,-47.8661586E-03,+91.6745453E-03
+6.3882625E-03,+9.6989395E-03,-47.7224881E-03,+91.6596771E-03
+6.3885562E-03,+12.2144559E-03,-47.5170059E-03,+91.6697006E-03
+6.3888500E-03,+13.4996685E-03,-47.5738059E-03,+91.6832323E-03
+6.3891437E-03,+13.3614408E-03,-47.6389588E-03,+91.6932559E-03
+6.3894375E-03,+10.9034060E-03,-47.8527939E-03,+91.6937570E-03
+6.3897312E-03,+7.6709138E-03,-47.8143704E-03,+91.6697006E-03
+6.3900250E-03,+5.5933084E-03,-47.5253588E-03,+91.6788888E-03
+6.3903187E-03,+6.2428793E-03,-47.7876410E-03,+91.6753806E-03
+6.3906125E-03,+8.6396103E-03,-47.6874058E-03,+91.6767170E-03
+6.3909062E-03,+11.2531835E-03,-47.5955235E-03,+91.6675288E-03
+6.3912000E-03,+12.6354973E-03,-47.6957587E-03,+91.6753806E-03
+6.3914937E-03,+12.3594829E-03,-47.7876410E-03,+91.6767170E-03
+6.3917875E-03,+10.0816109E-03,-47.6874058E-03,+91.6675288E-03
+6.3920812E-03,+7.1073446E-03,-47.6823940E-03,+91.6688653E-03
+6.3923750E-03,+4.7650815E-03,-47.8578056E-03,+91.6596771E-03
+6.3926687E-03,+4.4871559E-03,-47.6823940E-03,+91.6697006E-03
+6.3929625E-03,+7.3298835E-03,-47.9663938E-03,+91.6767170E-03
+6.3932562E-03,+10.1890396E-03,-47.8795233E-03,+91.6697006E-03
+6.3935500E-03,+12.4932635E-03,-47.6306058E-03,+91.6788888E-03
+6.3938437E-03,+13.4510444E-03,-47.5520882E-03,+91.6732088E-03
+6.3941375E-03,+11.7134770E-03,-47.5821588E-03,+91.6732088E-03
+6.3944312E-03,+9.1291591E-03,-47.7442057E-03,+91.6710371E-03
+6.3947250E-03,+7.1382171E-03,-47.5738059E-03,+91.6631853E-03
+6.3950187E-03,+6.3886414E-03,-47.6823940E-03,+91.6640206E-03
+6.3953125E-03,+8.0415302E-03,-47.9446762E-03,+91.6810606E-03
+6.3956062E-03,+11.1261654E-03,-47.9313115E-03,+91.6788888E-03
+6.3959000E-03,+13.4782416E-03,-47.9580409E-03,+91.6753806E-03
+6.3961937E-03,+14.0822390E-03,-47.7525587E-03,+91.6788888E-03
+6.3964875E-03,+12.5236582E-03,-47.7876410E-03,+91.6775523E-03
+6.3967812E-03,+9.2394914E-03,-47.7525587E-03,+91.6889123E-03
+6.3970750E-03,+5.8362819E-03,-47.8093586E-03,+91.6867406E-03
+6.3973687E-03,+4.4848773E-03,-47.8093586E-03,+91.6788888E-03
+6.3976625E-03,+6.4929094E-03,-47.8310763E-03,+91.6732088E-03
+6.3979562E-03,+10.3663357E-03,-47.8010057E-03,+91.6710371E-03
+6.3982500E-03,+13.4390630E-03,-47.5738059E-03,+91.6718723E-03
+6.3985437E-03,+14.1795607E-03,-47.5955235E-03,+91.6867406E-03
+6.3988375E-03,+13.0214029E-03,-47.6957587E-03,+91.6810606E-03
+6.3991312E-03,+8.7988975E-03,-47.8527939E-03,+91.6854041E-03
+6.3994250E-03,+6.5317573E-03,-47.9229585E-03,+91.6880770E-03
+6.3997187E-03,+5.0427865E-03,-47.8093586E-03,+91.6697006E-03
+6.4000125E-03,+6.7589637E-03,-47.7659234E-03,+91.6788888E-03
+6.4003062E-03,+9.6929488E-03,-47.6306058E-03,+91.6775523E-03
+6.4006000E-03,+12.3724934E-03,-47.6823940E-03,+91.6845688E-03
+6.4008937E-03,+13.5344736E-03,-47.8578056E-03,+91.6732088E-03
+6.4011875E-03,+12.1095264E-03,-47.6389588E-03,+91.6666935E-03
+6.4014812E-03,+9.4081873E-03,-47.8527939E-03,+91.6561688E-03
+6.4017750E-03,+6.1306360E-03,-47.9663938E-03,+91.6710371E-03
+6.4020687E-03,+5.4413351E-03,-47.9881114E-03,+91.6740441E-03
+6.4023625E-03,+6.5154757E-03,-47.9580409E-03,+91.6924206E-03
+6.4026562E-03,+9.6309099E-03,-47.7959939E-03,+91.6854041E-03
+6.4029500E-03,+13.0156694E-03,-47.9012409E-03,+91.6902488E-03
+6.4032437E-03,+15.2628895E-03,-47.7742763E-03,+91.6688653E-03
+6.4035375E-03,+14.5458770E-03,-47.9095938E-03,+91.6661924E-03
+6.4038312E-03,+10.9940387E-03,-47.9881114E-03,+91.6845688E-03
+6.4041250E-03,+7.2768491E-03,-48.0014761E-03,+91.6732088E-03
+6.4044187E-03,+5.6555311E-03,-47.9530291E-03,+91.6753806E-03
+6.4047125E-03,+6.2219669E-03,-47.9714056E-03,+91.6767170E-03
+6.4050062E-03,+8.7900032E-03,-47.5738059E-03,+91.6697006E-03
+6.4053000E-03,+12.0686939E-03,-47.6389588E-03,+91.6810606E-03
+6.4055937E-03,+13.9530525E-03,-47.7224881E-03,+91.6788888E-03
+6.4058875E-03,+13.2696688E-03,-47.4735706E-03,+91.6797241E-03
+6.4061812E-03,+10.0436451E-03,-47.5253588E-03,+91.6859053E-03
+6.4064750E-03,+7.0694891E-03,-47.7876410E-03,+91.6661924E-03
+6.4067687E-03,+5.7567118E-03,-47.7525587E-03,+91.6867406E-03
+6.4070625E-03,+6.1784882E-03,-47.7876410E-03,+91.6854041E-03
+6.4073562E-03,+8.3571642E-03,-47.7525587E-03,+91.6945923E-03
+6.4076500E-03,+11.0102467E-03,-47.7659234E-03,+91.6889123E-03
+6.4079437E-03,+12.9179802E-03,-47.6523235E-03,+91.6845688E-03
+6.4082375E-03,+13.1235025E-03,-47.6740411E-03,+91.6732088E-03
+6.4085312E-03,+11.0807756E-03,-47.8177116E-03,+91.6818959E-03
+6.4088250E-03,+8.1432990E-03,-47.9797585E-03,+91.7002723E-03
+6.4091187E-03,+6.1980408E-03,-47.7659234E-03,+91.6823970E-03
+6.4094125E-03,+6.1041003E-03,-47.7174763E-03,+91.6675288E-03
+6.4097062E-03,+8.9680711E-03,-47.8878762E-03,+91.6710371E-03
+6.4100000E-03,+11.0736087E-03,-47.8227233E-03,+91.6697006E-03
+6.4102937E-03,+11.7704807E-03,-47.6740411E-03,+91.6788888E-03
+6.4105875E-03,+11.2544331E-03,-47.7308410E-03,+91.6732088E-03
+6.4108812E-03,+10.0388672E-03,-47.6874058E-03,+91.6732088E-03
+6.4111750E-03,+7.3356537E-03,-47.6606764E-03,+91.6753806E-03
+6.4114687E-03,+5.4679809E-03,-47.8878762E-03,+91.6767170E-03
+6.4117625E-03,+6.3584305E-03,-47.8878762E-03,+91.6675288E-03
+6.4120562E-03,+8.3649558E-03,-47.8878762E-03,+91.6732088E-03
+6.4123500E-03,+11.6079226E-03,-47.8444410E-03,+91.6732088E-03
+6.4126437E-03,+13.2008674E-03,-47.7525587E-03,+91.6753806E-03
+6.4129375E-03,+13.1334993E-03,-47.7224881E-03,+91.6788888E-03
+6.4132312E-03,+11.7464076E-03,-47.5821588E-03,+91.6775523E-03
+6.4135250E-03,+8.7908853E-03,-47.8093586E-03,+91.6889123E-03
+6.4138187E-03,+6.5540663E-03,-47.8093586E-03,+91.6845688E-03
+6.4141125E-03,+5.7127921E-03,-47.7442057E-03,+91.6797241E-03
+6.4144062E-03,+7.4808277E-03,-47.5955235E-03,+91.6945923E-03
+6.4147000E-03,+10.4542854E-03,-47.6523235E-03,+91.6867406E-03
+6.4149937E-03,+12.9039773E-03,-47.6523235E-03,+91.6810606E-03
+6.4152875E-03,+13.0379049E-03,-47.6957587E-03,+91.6810606E-03
+6.4155812E-03,+12.1114743E-03,-47.7442057E-03,+91.6788888E-03
+6.4158750E-03,+9.0380119E-03,-47.5738059E-03,+91.6775523E-03
+6.4161687E-03,+6.2858803E-03,-47.6389588E-03,+91.6867406E-03
+6.4164625E-03,+5.6567439E-03,-47.7876410E-03,+91.6832323E-03
+6.4167562E-03,+7.2390303E-03,-47.8177116E-03,+91.6845688E-03
+6.4170500E-03,+9.6938676E-03,-47.9797585E-03,+91.6753806E-03
+6.4173437E-03,+12.3395261E-03,-47.8527939E-03,+91.6810606E-03
+6.4176375E-03,+13.1934433E-03,-47.8578056E-03,+91.6810606E-03
+6.4179312E-03,+12.4116353E-03,-47.6389588E-03,+91.6767170E-03
+6.4182250E-03,+9.6099975E-03,-47.9396644E-03,+91.6675288E-03
+6.4185187E-03,+7.0413732E-03,-48.1284407E-03,+91.6775523E-03
+6.4188125E-03,+5.8232713E-03,-47.7308410E-03,+91.6802253E-03
+6.4191062E-03,+6.3131877E-03,-47.7308410E-03,+91.6618488E-03
+6.4194000E-03,+9.3552998E-03,-47.7308410E-03,+91.6732088E-03
+6.4196937E-03,+11.9755987E-03,-47.6874058E-03,+91.6753806E-03
+6.4199875E-03,+12.8298467E-03,-47.5955235E-03,+91.6810606E-03
+6.4202812E-03,+12.7177503E-03,-47.6523235E-03,+91.6810606E-03
+6.4205750E-03,+10.3870276E-03,-47.7609116E-03,+91.6875759E-03
+6.4208687E-03,+8.2092705E-03,-47.9797585E-03,+91.6981006E-03
+6.4211625E-03,+6.3256837E-03,-47.7659234E-03,+91.6810606E-03
+6.4214562E-03,+6.2490538E-03,-47.6740411E-03,+91.6788888E-03
+6.4217500E-03,+8.8742042E-03,-47.7091234E-03,+91.6753806E-03
+6.4220437E-03,+12.0536252E-03,-47.7174763E-03,+91.6788888E-03
+6.4223375E-03,+13.4525881E-03,-47.8227233E-03,+91.6753806E-03
+6.4226312E-03,+13.0372801E-03,-47.6957587E-03,+91.6810606E-03
+6.4229250E-03,+11.4541484E-03,-47.8093586E-03,+91.6810606E-03
+6.4232187E-03,+8.3276516E-03,-47.8527939E-03,+91.6810606E-03
+6.4235125E-03,+6.0520950E-03,-47.9012409E-03,+91.6810606E-03
+6.4238062E-03,+5.8510198E-03,-47.7308410E-03,+91.6745453E-03
+6.4241000E-03,+9.1010799E-03,-47.6874058E-03,+91.6575053E-03
+6.4243937E-03,+11.4746198E-03,-47.7258293E-03,+91.6618488E-03
+6.4246875E-03,+12.9763438E-03,-47.9714056E-03,+91.6732088E-03
+6.4249812E-03,+12.7415662E-03,-47.6172411E-03,+91.6732088E-03
+6.4252750E-03,+10.6391158E-03,-47.7308410E-03,+91.6775523E-03
+6.4255687E-03,+8.2355121E-03,-47.7959939E-03,+91.6889123E-03
+6.4258625E-03,+5.8735861E-03,-47.8360880E-03,+91.6802253E-03
+6.4261562E-03,+5.6842718E-03,-47.6038764E-03,+91.6661924E-03
+6.4264500E-03,+7.1008026E-03,-47.8227233E-03,+91.6867406E-03
+6.4267437E-03,+10.4408338E-03,-47.6088882E-03,+91.6788888E-03
+6.4270375E-03,+12.4966815E-03,-47.5821588E-03,+91.6753806E-03
+6.4273312E-03,+12.9035730E-03,-47.8527939E-03,+91.6788888E-03
+6.4276250E-03,+11.3887650E-03,-47.9446762E-03,+91.6753806E-03
+6.4279187E-03,+8.4175860E-03,-47.8878762E-03,+91.6767170E-03
+6.4282125E-03,+6.2980822E-03,-47.8444410E-03,+91.6653571E-03
+6.4285062E-03,+5.8775186E-03,-47.7308410E-03,+91.6675288E-03
+6.4288000E-03,+7.9469649E-03,-47.6874058E-03,+91.6797241E-03
+6.4290937E-03,+10.6636667E-03,-47.6172411E-03,+91.6924206E-03
+6.4293875E-03,+12.4077395E-03,-47.6874058E-03,+91.6810606E-03
+6.4296812E-03,+12.9939485E-03,-47.5955235E-03,+91.6788888E-03
+6.4299750E-03,+11.7362638E-03,-47.7174763E-03,+91.6753806E-03
+6.4302687E-03,+9.1248223E-03,-47.8444410E-03,+91.6810606E-03
+6.4305625E-03,+7.1339537E-03,-47.7959939E-03,+91.6788888E-03
+6.4308562E-03,+5.6592798E-03,-47.9446762E-03,+91.6753806E-03
+6.4311500E-03,+7.4010004E-03,-47.8010057E-03,+91.6788888E-03
+6.4314437E-03,+10.0868665E-03,-47.6389588E-03,+91.6688653E-03
+6.4317375E-03,+12.0327128E-03,-47.8310763E-03,+91.6640206E-03
+6.4320312E-03,+12.5436885E-03,-47.8010057E-03,+91.6875759E-03
+6.4323250E-03,+11.0989683E-03,-47.6172411E-03,+91.6959288E-03
+6.4326187E-03,+8.3172873E-03,-47.7959939E-03,+91.6775523E-03
+6.4329125E-03,+6.6675593E-03,-47.8795233E-03,+91.6845688E-03
+6.4332062E-03,+6.7707247E-03,-47.6740411E-03,+91.6732088E-03
+6.4335000E-03,+7.7056085E-03,-47.7308410E-03,+91.6753806E-03
+6.4337937E-03,+11.2803071E-03,-47.7308410E-03,+91.6810606E-03
+6.4340875E-03,+13.4335500E-03,-47.7308410E-03,+91.6767170E-03
+6.4343812E-03,+13.7900533E-03,-47.6874058E-03,+91.6740441E-03
+6.4346750E-03,+12.9017722E-03,-47.6606764E-03,+91.6945923E-03
+6.4349687E-03,+9.6784682E-03,-47.8010057E-03,+91.6910841E-03
+6.4352625E-03,+6.1852140E-03,-47.5520882E-03,+91.6967641E-03
+6.4355562E-03,+4.9369381E-03,-47.5604412E-03,+91.6902488E-03
+6.4358500E-03,+6.3088141E-03,-47.8177116E-03,+91.6732088E-03
+6.4361437E-03,+8.5295353E-03,-47.9363232E-03,+91.6775523E-03
+6.4364375E-03,+11.8320786E-03,-47.6306058E-03,+91.6910841E-03
+6.4367312E-03,+13.3632785E-03,-47.5738059E-03,+91.6924206E-03
+6.4370250E-03,+12.3045741E-03,-47.5520882E-03,+91.6875759E-03
+6.4373187E-03,+10.7366213E-03,-47.5604412E-03,+91.6959288E-03
+6.4376125E-03,+7.8724668E-03,-47.7959939E-03,+91.6732088E-03
+6.4379062E-03,+7.0127059E-03,-47.8360880E-03,+91.6797241E-03
+6.4382000E-03,+7.3028334E-03,-47.5821588E-03,+91.6945923E-03
+6.4384937E-03,+9.0137550E-03,-47.7224881E-03,+91.6845688E-03
+6.4387875E-03,+11.3777023E-03,-47.6690293E-03,+91.6666935E-03
+6.4390812E-03,+13.1007157E-03,-48.0365585E-03,+91.6561688E-03
+6.4393750E-03,+12.6199876E-03,-47.7659234E-03,+91.6753806E-03
+6.4396687E-03,+10.3508627E-03,-47.7609116E-03,+91.6788888E-03
+6.4399625E-03,+8.4228049E-03,-48.0014761E-03,+91.6775523E-03
+6.4402562E-03,+7.2287763E-03,-47.8661586E-03,+91.6845688E-03
+6.4405500E-03,+7.5646611E-03,-47.8527939E-03,+91.6775523E-03
+6.4408437E-03,+9.6140771E-03,-47.9012409E-03,+91.6823970E-03
+6.4411375E-03,+11.6492696E-03,-47.7091234E-03,+91.6653571E-03
+6.4414312E-03,+13.6568240E-03,-47.6740411E-03,+91.6653571E-03
+6.4417250E-03,+13.1777130E-03,-47.8177116E-03,+91.6762159E-03
+6.4420187E-03,+10.7200825E-03,-47.9580409E-03,+91.6937570E-03
+6.4423125E-03,+7.9694577E-03,-47.6874058E-03,+91.6762159E-03
+6.4426062E-03,+6.6885452E-03,-47.6389588E-03,+91.6981006E-03
+6.4429000E-03,+6.3943381E-03,-47.7876410E-03,+91.6745453E-03
+6.4431937E-03,+8.1410203E-03,-47.7742763E-03,+91.6618488E-03
+6.4434875E-03,+10.9973832E-03,-47.8227233E-03,+91.6710371E-03
+6.4437812E-03,+12.9849072E-03,-47.6088882E-03,+91.6675288E-03
+6.4440750E-03,+12.7607145E-03,-47.5387235E-03,+91.6797241E-03
+6.4443687E-03,+10.6213274E-03,-47.7174763E-03,+91.6967641E-03
+6.4446625E-03,+8.1098906E-03,-47.8661586E-03,+91.6902488E-03
+6.4449562E-03,+5.0635151E-03,-47.7876410E-03,+91.6710371E-03
+6.4452500E-03,+4.7671396E-03,-47.8177116E-03,+91.6740441E-03
+6.4455437E-03,+5.9565741E-03,-48.0231938E-03,+91.6902488E-03
+6.4458375E-03,+8.7981624E-03,-47.8360880E-03,+91.6710371E-03
+6.4461312E-03,+11.3439999E-03,-47.4952883E-03,+91.6675288E-03
+6.4464250E-03,+12.7210213E-03,-47.5387235E-03,+91.6753806E-03
+6.4467187E-03,+11.9246960E-03,-47.6523235E-03,+91.6810606E-03
+6.4470125E-03,+9.7188964E-03,-47.7391940E-03,+91.6788888E-03
+6.4473062E-03,+7.7631636E-03,-48.0098291E-03,+91.6732088E-03
+6.4476000E-03,+6.5824763E-03,-48.0148408E-03,+91.6732088E-03
+6.4478937E-03,+8.0966963E-03,-47.7742763E-03,+91.6732088E-03
+6.4481875E-03,+10.4704934E-03,-47.7575704E-03,+91.6710371E-03
+6.4484812E-03,+12.7952990E-03,-47.5036412E-03,+91.6718723E-03
+6.4487750E-03,+13.5731009E-03,-47.6656881E-03,+91.6823970E-03
+6.4490687E-03,+12.5822423E-03,-47.5821588E-03,+91.6675288E-03
+6.4493625E-03,+10.1154603E-03,-47.7876410E-03,+91.6710371E-03
+6.4496562E-03,+7.6957220E-03,-47.7091234E-03,+91.6697006E-03
+6.4499500E-03,+6.5837994E-03,-47.6957587E-03,+91.6745453E-03
+6.4502437E-03,+7.7495650E-03,-47.7442057E-03,+91.6683641E-03
+6.4505375E-03,+10.2569590E-03,-47.6606764E-03,+91.6924206E-03
+6.4508312E-03,+12.1718593E-03,-47.8444410E-03,+91.6832323E-03
+6.4511250E-03,+12.1551000E-03,-47.7525587E-03,+91.6889123E-03
+6.4514187E-03,+11.8639434E-03,-47.8310763E-03,+91.6802253E-03
+6.4517125E-03,+9.1025500E-03,-47.8661586E-03,+91.6618488E-03
+6.4520062E-03,+6.4851546E-03,-47.7876410E-03,+91.6775523E-03
+6.4523000E-03,+5.6702690E-03,-47.7525587E-03,+91.6867406E-03
+6.4525937E-03,+6.8934427E-03,-47.7659234E-03,+91.6788888E-03
+6.4528875E-03,+9.4204995E-03,-47.6088882E-03,+91.6710371E-03
+6.4531812E-03,+12.0157329E-03,-47.6473117E-03,+91.6653571E-03
+6.4534750E-03,+13.0635952E-03,-47.9146056E-03,+91.6653571E-03
+6.4537687E-03,+12.4791137E-03,-47.7041116E-03,+91.6675288E-03
+6.4540625E-03,+10.4326747E-03,-48.0014761E-03,+91.6775523E-03
+6.4543562E-03,+7.5548849E-03,-47.8444410E-03,+91.6780535E-03
+6.4546500E-03,+6.0329835E-03,-47.7091234E-03,+91.6583406E-03
+6.4549437E-03,+6.5967731E-03,-47.6088882E-03,+91.6767170E-03
+6.4552375E-03,+9.0544772E-03,-47.5604412E-03,+91.6610135E-03
+6.4555312E-03,+11.7483187E-03,-47.7525587E-03,+91.6561688E-03
+6.4558250E-03,+13.1057508E-03,-47.7876410E-03,+91.6688653E-03
+6.4561187E-03,+12.7765182E-03,-47.7742763E-03,+91.6618488E-03
+6.4564125E-03,+9.8606156E-03,-47.8661586E-03,+91.6732088E-03
+6.4567062E-03,+6.7252981E-03,-47.8093586E-03,+91.6688653E-03
+6.4570000E-03,+4.8917688E-03,-47.8093586E-03,+91.6661924E-03
+6.4572937E-03,+5.7957802E-03,-47.8527939E-03,+91.6867406E-03
+6.4575875E-03,+8.7006569E-03,-47.8360880E-03,+91.6810606E-03
+6.4578812E-03,+11.6267768E-03,-47.5170059E-03,+91.6810606E-03
+6.4581750E-03,+13.5690213E-03,-47.6389588E-03,+91.6810606E-03
+6.4584687E-03,+13.2083282E-03,-47.8093586E-03,+91.6788888E-03
+6.4587625E-03,+10.4868485E-03,-47.8310763E-03,+91.6753806E-03
+6.4590562E-03,+7.6038765E-03,-47.8878762E-03,+91.6767170E-03
+6.4593500E-03,+5.8910070E-03,-47.7792881E-03,+91.6675288E-03
+6.4596437E-03,+6.0655465E-03,-47.5604412E-03,+91.6732088E-03
+6.4599375E-03,+8.3417279E-03,-47.7308410E-03,+91.6797241E-03
+6.4602312E-03,+11.5365852E-03,-47.7308410E-03,+91.6945923E-03
+6.4605250E-03,+13.5688375E-03,-47.7091234E-03,+91.6845688E-03
+6.4608187E-03,+14.2866954E-03,-47.7609116E-03,+91.6732088E-03
+6.4611125E-03,+12.2914165E-03,-47.9580409E-03,+91.6753806E-03
+6.4614062E-03,+9.6176789E-03,-47.7959939E-03,+91.6788888E-03
+6.4617000E-03,+6.7643297E-03,-47.9012409E-03,+91.6710371E-03
+6.4619937E-03,+5.6141105E-03,-47.7525587E-03,+91.6740441E-03
+6.4622875E-03,+6.6194497E-03,-47.8310763E-03,+91.6880770E-03
+6.4625812E-03,+9.7879183E-03,-47.8444410E-03,+91.6718723E-03
+6.4628750E-03,+12.7777678E-03,-47.7525587E-03,+91.6867406E-03
+6.4631687E-03,+13.6389988E-03,-47.8962291E-03,+91.6745453E-03
+6.4634625E-03,+12.2144559E-03,-47.9714056E-03,+91.6618488E-03
+6.4637562E-03,+8.8637296E-03,-47.6823940E-03,+91.6732088E-03
+6.4640500E-03,+6.6516820E-03,-47.9012409E-03,+91.6753806E-03
+6.4643437E-03,+5.3608829E-03,-47.7308410E-03,+91.6832323E-03
+6.4646375E-03,+6.9704400E-03,-47.7959939E-03,+91.6910841E-03
+6.4649312E-03,+9.0531541E-03,-47.9446762E-03,+91.6902488E-03
+6.4652250E-03,+12.2745469E-03,-47.8444410E-03,+91.6710371E-03
+6.4655187E-03,+13.2740057E-03,-47.6874058E-03,+91.6675288E-03
+6.4658125E-03,+11.9597215E-03,-47.6606764E-03,+91.6753806E-03
+6.4661062E-03,+9.3052423E-03,-47.8444410E-03,+91.6875759E-03
+6.4664000E-03,+6.8588582E-03,-47.7308410E-03,+91.6959288E-03
+6.4666937E-03,+5.6668509E-03,-47.7742763E-03,+91.6732088E-03
+6.4669875E-03,+7.0401235E-03,-47.8227233E-03,+91.6710371E-03
+6.4672812E-03,+10.5954901E-03,-47.7391940E-03,+91.6697006E-03
+6.4675750E-03,+13.4227079E-03,-47.9229585E-03,+91.6810606E-03
+6.4678687E-03,+14.1082600E-03,-47.8527939E-03,+91.6854041E-03
+6.4681625E-03,+12.6325938E-03,-47.8360880E-03,+91.6902488E-03
+6.4684562E-03,+9.3358943E-03,-47.5387235E-03,+91.6732088E-03
+6.4687500E-03,+6.3133714E-03,-47.7391940E-03,+91.6753806E-03
+6.4690437E-03,+5.0805685E-03,-47.9012409E-03,+91.6810606E-03
+6.4693375E-03,+5.8131275E-03,-47.7525587E-03,+91.6767170E-03
+6.4696312E-03,+9.4617730E-03,-47.8093586E-03,+91.6740441E-03
+6.4699250E-03,+12.0726632E-03,-47.7659234E-03,+91.6880770E-03
+6.4702187E-03,+13.6917393E-03,-47.7391940E-03,+91.6718723E-03
+6.4705125E-03,+13.3110894E-03,-47.8795233E-03,+91.6867406E-03
+6.4708062E-03,+11.4020695E-03,-47.6088882E-03,+91.6767170E-03
+6.4711000E-03,+8.2725222E-03,-47.5387235E-03,+91.6697006E-03
+6.4713937E-03,+6.3428473E-03,-47.6740411E-03,+91.6767170E-03
+6.4716875E-03,+7.2766653E-03,-47.7525587E-03,+91.6740441E-03
+6.4719812E-03,+9.3150554E-03,-47.8310763E-03,+91.6945923E-03
+6.4722750E-03,+12.0844976E-03,-47.9095938E-03,+91.6823970E-03
+6.4725687E-03,+14.1769512E-03,-47.9446762E-03,+91.6610135E-03
+6.4728625E-03,+13.0334946E-03,-47.9095938E-03,+91.6583406E-03
+6.4731562E-03,+10.7277639E-03,-47.9012409E-03,+91.6854041E-03
+6.4734500E-03,+6.8842545E-03,-47.7525587E-03,+91.6902488E-03
+6.4737437E-03,+4.7336210E-03,-47.8310763E-03,+91.6732088E-03
+6.4740375E-03,+5.3221821E-03,-47.9313115E-03,+91.6688653E-03
+6.4743312E-03,+7.6785216E-03,-47.9363232E-03,+91.6640206E-03
+6.4746250E-03,+11.3694329E-03,-47.6957587E-03,+91.6745453E-03
+6.4749187E-03,+13.2747407E-03,-47.8093586E-03,+91.6618488E-03
+6.4752125E-03,+12.5683497E-03,-47.8310763E-03,+91.6732088E-03
+6.4755062E-03,+10.4603129E-03,-47.8661586E-03,+91.6753806E-03
+6.4758000E-03,+7.9094402E-03,-47.8962291E-03,+91.6854041E-03
+6.4760937E-03,+5.5693822E-03,-48.1017113E-03,+91.6924206E-03
+6.4763875E-03,+5.8094155E-03,-47.9797585E-03,+91.6745453E-03
+6.4766812E-03,+8.7028253E-03,-47.8310763E-03,+91.6640206E-03
+6.4769750E-03,+12.6373349E-03,-47.9095938E-03,+91.6788888E-03
+6.4772687E-03,+14.6811277E-03,-47.9012409E-03,+91.6732088E-03
+6.4775625E-03,+13.9666511E-03,-47.6874058E-03,+91.6775523E-03
+6.4778562E-03,+11.6793335E-03,-47.6606764E-03,+91.6932559E-03
+6.4781500E-03,+9.0861950E-03,-47.9313115E-03,+91.6981006E-03
+6.4784437E-03,+6.5444370E-03,-47.9363232E-03,+91.6810606E-03
+6.4787375E-03,+6.0918249E-03,-47.7174763E-03,+91.6745453E-03
+6.4790312E-03,+7.8529877E-03,-47.8227233E-03,+91.6640206E-03
+6.4793250E-03,+10.3116106E-03,-47.6088882E-03,+91.6767170E-03
+6.4796187E-03,+13.0436384E-03,-47.5387235E-03,+91.6697006E-03
+6.4799125E-03,+13.4962138E-03,-47.6740411E-03,+91.6810606E-03
+6.4802062E-03,+11.9684687E-03,-47.8177116E-03,+91.6723735E-03
+6.4805000E-03,+9.2983696E-03,-48.0666290E-03,+91.6518253E-03
+6.4807937E-03,+6.5332641E-03,-48.1017113E-03,+91.6596771E-03
+6.4810875E-03,+6.5848652E-03,-48.0231938E-03,+91.6697006E-03
+6.4813812E-03,+7.8385438E-03,-47.9229585E-03,+91.6767170E-03
+6.4816750E-03,+10.6158512E-03,-47.8310763E-03,+91.6675288E-03
+6.4819687E-03,+12.8019512E-03,-47.8227233E-03,+91.6732088E-03
+6.4822625E-03,+13.7145261E-03,-47.6740411E-03,+91.6753806E-03
+6.4825562E-03,+11.7054648E-03,-47.7525587E-03,+91.6788888E-03
+6.4828500E-03,+9.0093446E-03,-47.7659234E-03,+91.6710371E-03
+6.4831437E-03,+6.3899645E-03,-47.6088882E-03,+91.6653571E-03
+6.4834375E-03,+5.4691938E-03,-47.6255941E-03,+91.6653571E-03
+6.4837312E-03,+6.2283252E-03,-47.9229585E-03,+91.6653571E-03
+6.4840250E-03,+9.0013692E-03,-47.7876410E-03,+91.6697006E-03
+6.4843187E-03,+11.3535557E-03,-47.7525587E-03,+91.6767170E-03
+6.4846125E-03,+12.1330115E-03,-47.7876410E-03,+91.6675288E-03
+6.4849062E-03,+11.6699615E-03,-47.7091234E-03,+91.6710371E-03
+6.4852000E-03,+9.1179863E-03,-47.6740411E-03,+91.6697006E-03
+6.4854937E-03,+6.7285324E-03,-47.7959939E-03,+91.6788888E-03
+6.4857875E-03,+6.0471333E-03,-47.9446762E-03,+91.6818959E-03
+6.4860812E-03,+7.5584499E-03,-47.8661586E-03,+91.6937570E-03
+6.4863750E-03,+10.7602901E-03,-47.8310763E-03,+91.6697006E-03
+6.4866687E-03,+13.1594836E-03,-47.9095938E-03,+91.6788888E-03
+6.4869625E-03,+13.1770515E-03,-47.8795233E-03,+91.6732088E-03
+6.4872562E-03,+12.2002326E-03,-47.7391940E-03,+91.6732088E-03
+6.4875500E-03,+9.8646952E-03,-47.9446762E-03,+91.6775523E-03
+6.4878437E-03,+7.7681988E-03,-47.7792881E-03,+91.6845688E-03
+6.4881375E-03,+6.7441523E-03,-47.6255941E-03,+91.6753806E-03
+6.4884312E-03,+7.5440795E-03,-47.9663938E-03,+91.6767170E-03
+6.4887250E-03,+9.7480047E-03,-47.9012409E-03,+91.6675288E-03
+6.4890187E-03,+11.6099072E-03,-47.7742763E-03,+91.6732088E-03
+6.4893125E-03,+12.9885090E-03,-47.9095938E-03,+91.6732088E-03
+6.4896062E-03,+12.0664152E-03,-47.9012409E-03,+91.6732088E-03
+6.4899000E-03,+9.3542340E-03,-47.7091234E-03,+91.6732088E-03
+6.4901937E-03,+7.2701233E-03,-47.6957587E-03,+91.6732088E-03
+6.4904875E-03,+6.8823433E-03,-47.8093586E-03,+91.6710371E-03
+6.4907812E-03,+6.9161192E-03,-47.7659234E-03,+91.6697006E-03
+6.4910750E-03,+8.2844302E-03,-47.6523235E-03,+91.6767170E-03
+6.4913687E-03,+10.8303045E-03,-47.6523235E-03,+91.6697006E-03
+6.4916625E-03,+12.4728657E-03,-47.6306058E-03,+91.6810606E-03
+6.4919562E-03,+12.2669758E-03,-47.5955235E-03,+91.6767170E-03
+6.4922500E-03,+10.1063823E-03,-47.6740411E-03,+91.6718723E-03
+6.4925437E-03,+7.2275267E-03,-47.7091234E-03,+91.6889123E-03
+6.4928375E-03,+6.5727000E-03,-47.6740411E-03,+91.6889123E-03
+6.4931312E-03,+7.3418650E-03,-47.7308410E-03,+91.6867406E-03
+6.4934250E-03,+8.2859370E-03,-47.7742763E-03,+91.6810606E-03
+6.4937187E-03,+10.5924396E-03,-47.8661586E-03,+91.6788888E-03
+6.4940125E-03,+12.3245309E-03,-47.7659234E-03,+91.6710371E-03
+6.4943062E-03,+11.9864776E-03,-47.7174763E-03,+91.6675288E-03
+6.4946000E-03,+9.8508761E-03,-47.8444410E-03,+91.6666935E-03
+6.4948937E-03,+7.8389481E-03,-47.8177116E-03,+91.6561688E-03
+6.4951875E-03,+6.7799864E-03,-47.9797585E-03,+91.6732088E-03
+6.4954812E-03,+6.7715700E-03,-47.8527939E-03,+91.6753806E-03
+6.4957750E-03,+8.5667660E-03,-47.9012409E-03,+91.6767170E-03
+6.4960687E-03,+10.3002907E-03,-47.6874058E-03,+91.6653571E-03
+6.4963625E-03,+11.9898221E-03,-47.6823940E-03,+91.6697006E-03
+6.4966562E-03,+12.2572363E-03,-47.9663938E-03,+91.6767170E-03
+6.4969500E-03,+10.5309887E-03,-47.9229585E-03,+91.6631853E-03
+6.4972437E-03,+8.5832314E-03,-47.8745115E-03,+91.6575053E-03
+6.4975375E-03,+7.5408085E-03,-48.0014761E-03,+91.6618488E-03
+6.4978312E-03,+7.3999346E-03,-47.7575704E-03,+91.6797241E-03
+6.4981250E-03,+8.7869160E-03,-47.5687941E-03,+91.6902488E-03
+6.4984187E-03,+10.4062493E-03,-47.9012409E-03,+91.6666935E-03
+6.4987125E-03,+12.5922391E-03,-47.8177116E-03,+91.6583406E-03
+6.4990062E-03,+13.9046489E-03,-47.9797585E-03,+91.6810606E-03
+6.4993000E-03,+12.5596025E-03,-47.7659234E-03,+91.6788888E-03
+6.4995937E-03,+9.9082841E-03,-47.6306058E-03,+91.6797241E-03
+6.4998875E-03,+7.8171169E-03,-47.6172411E-03,+91.6945923E-03
+6.5001812E-03,+7.2725490E-03,-47.6656881E-03,+91.6802253E-03
+6.5004750E-03,+7.4867817E-03,-47.4952883E-03,+91.6618488E-03
+6.5007687E-03,+9.2789640E-03,-47.6255941E-03,+91.6688653E-03
+6.5010625E-03,+10.7863847E-03,-47.9012409E-03,+91.6553335E-03
+6.5013562E-03,+11.7181813E-03,-47.8177116E-03,+91.6539971E-03
+6.5016500E-03,+10.3752667E-03,-47.9797585E-03,+91.6697006E-03
+6.5019437E-03,+9.1276890E-03,-47.8310763E-03,+91.6788888E-03
+6.5022375E-03,+7.1335127E-03,-47.8661586E-03,+91.6688653E-03
+6.5025312E-03,+6.0369160E-03,-47.8093586E-03,+91.6640206E-03
+6.5028250E-03,+6.5699068E-03,-47.8093586E-03,+91.6788888E-03
+6.5031187E-03,+8.7070519E-03,-47.7876410E-03,+91.6732088E-03
+6.5034125E-03,+11.2283753E-03,-47.6874058E-03,+91.6753806E-03
+6.5037062E-03,+12.2092370E-03,-47.6823940E-03,+91.6767170E-03
+6.5040000E-03,+10.9089925E-03,-47.9012409E-03,+91.6653571E-03
+6.5042937E-03,+9.5624025E-03,-47.7091234E-03,+91.6653571E-03
+6.5045875E-03,+8.5607386E-03,-47.6523235E-03,+91.6697006E-03
+6.5048812E-03,+7.3093754E-03,-47.6088882E-03,+91.6788888E-03
+6.5051750E-03,+7.7017495E-03,-47.6038764E-03,+91.6688653E-03
+6.5054687E-03,+9.1105621E-03,-47.8444410E-03,+91.6640206E-03
+6.5057625E-03,+11.0520715E-03,-47.7091234E-03,+91.6810606E-03
+6.5060562E-03,+11.6278427E-03,-47.6957587E-03,+91.6810606E-03
+6.5063500E-03,+11.0763285E-03,-47.8527939E-03,+91.6745453E-03
+6.5066437E-03,+9.7747241E-03,-47.9446762E-03,+91.6618488E-03
+6.5069375E-03,+8.2926628E-03,-47.8010057E-03,+91.6688653E-03
+6.5072312E-03,+7.7564011E-03,-47.6823940E-03,+91.6661924E-03
+6.5075250E-03,+7.5108916E-03,-47.9663938E-03,+91.6867406E-03
+6.5078187E-03,+9.0469796E-03,-47.9446762E-03,+91.6810606E-03
+6.5081125E-03,+11.4355882E-03,-47.8444410E-03,+91.6810606E-03
+6.5084062E-03,+12.6884215E-03,-47.7308410E-03,+91.6745453E-03
+6.5087000E-03,+12.0150346E-03,-47.6874058E-03,+91.6640206E-03
+6.5089937E-03,+9.9918603E-03,-47.6606764E-03,+91.6745453E-03
+6.5092875E-03,+8.1240405E-03,-47.8444410E-03,+91.6596771E-03
+6.5095812E-03,+6.9886695E-03,-47.7308410E-03,+91.6675288E-03
+6.5098750E-03,+7.2088562E-03,-47.8394292E-03,+91.6688653E-03
+6.5101687E-03,+8.8715947E-03,-48.0799937E-03,+91.6618488E-03
+6.5104625E-03,+11.1224534E-03,-47.9663938E-03,+91.6732088E-03
+6.5107562E-03,+12.3101973E-03,-47.8143704E-03,+91.6710371E-03
+6.5110500E-03,+12.3520588E-03,-47.5253588E-03,+91.6697006E-03
+6.5113437E-03,+10.5143029E-03,-47.8310763E-03,+91.6788888E-03
+6.5116375E-03,+8.1869247E-03,-47.8878762E-03,+91.6688653E-03
+6.5119312E-03,+6.5678119E-03,-47.8661586E-03,+91.6575053E-03
+6.5122250E-03,+6.6319457E-03,-47.7876410E-03,+91.6618488E-03
+6.5125187E-03,+8.1570446E-03,-47.6874058E-03,+91.6753806E-03
+6.5128125E-03,+10.4880246E-03,-47.6389588E-03,+91.6810606E-03
+6.5131062E-03,+12.5855133E-03,-47.7659234E-03,+91.6788888E-03
+6.5134000E-03,+12.7130827E-03,-47.6306058E-03,+91.6775523E-03
+6.5136937E-03,+11.4333463E-03,-47.5738059E-03,+91.6845688E-03
+6.5139875E-03,+8.5391646E-03,-47.6172411E-03,+91.6688653E-03
+6.5142812E-03,+7.0777218E-03,-47.7308410E-03,+91.6683641E-03
+6.5145750E-03,+6.6882512E-03,-47.6656881E-03,+91.6880770E-03
+6.5148687E-03,+8.0729171E-03,-47.5821588E-03,+91.6718723E-03
+6.5151625E-03,+10.0139487E-03,-47.7876410E-03,+91.6889123E-03
+6.5154562E-03,+11.9082306E-03,-47.7959939E-03,+91.6867406E-03
+6.5157500E-03,+12.2211450E-03,-47.8795233E-03,+91.6810606E-03
+6.5160437E-03,+10.7171423E-03,-47.7174763E-03,+91.6832323E-03
+6.5163375E-03,+8.3385305E-03,-47.8227233E-03,+91.6867406E-03
+6.5166312E-03,+6.2342792E-03,-47.7391940E-03,+91.6810606E-03
+6.5169250E-03,+5.5888613E-03,-47.8578056E-03,+91.6767170E-03
+6.5172187E-03,+6.5216869E-03,-47.5520882E-03,+91.6740441E-03
+6.5175125E-03,+9.4941890E-03,-47.5604412E-03,+91.7011076E-03
+6.5178062E-03,+11.8128568E-03,-47.7308410E-03,+91.6994370E-03
+6.5181000E-03,+13.1430918E-03,-47.7091234E-03,+91.6675288E-03
+6.5183937E-03,+12.7260932E-03,-47.6740411E-03,+91.6753806E-03
+6.5186875E-03,+10.7945439E-03,-47.7308410E-03,+91.6788888E-03
+6.5189812E-03,+8.8910738E-03,-47.7525587E-03,+91.6818959E-03
+6.5192750E-03,+7.2848244E-03,-47.8527939E-03,+91.6959288E-03
+6.5195687E-03,+7.9768818E-03,-48.0098291E-03,+91.6753806E-03
+6.5198625E-03,+10.5577816E-03,-47.9931232E-03,+91.6745453E-03
+6.5201562E-03,+13.0696594E-03,-47.7174763E-03,+91.6596771E-03
+6.5204500E-03,+14.6628982E-03,-47.8227233E-03,+91.6697006E-03
+6.5207437E-03,+13.3417780E-03,-47.6523235E-03,+91.6788888E-03
+6.5210375E-03,+10.5395889E-03,-47.7174763E-03,+91.6753806E-03
+6.5213312E-03,+8.0754899E-03,-47.9095938E-03,+91.6832323E-03
+6.5216250E-03,+6.1706231E-03,-47.9446762E-03,+91.6889123E-03
+6.5219187E-03,+6.1844422E-03,-47.9095938E-03,+91.6867406E-03
+6.5222125E-03,+7.8755540E-03,-47.9012409E-03,+91.6745453E-03
+6.5225062E-03,+10.8118177E-03,-47.7525587E-03,+91.6618488E-03
+6.5228000E-03,+12.4984824E-03,-47.8093586E-03,+91.6666935E-03
+6.5230937E-03,+12.1608334E-03,-47.7876410E-03,+91.6583406E-03
+6.5233875E-03,+10.5385599E-03,-47.7742763E-03,+91.6767170E-03
+6.5236812E-03,+7.8057235E-03,-47.7792881E-03,+91.6718723E-03
+6.5239750E-03,+6.2760672E-03,-47.5170059E-03,+91.6780535E-03
+6.5242687E-03,+6.6032784E-03,-47.6389588E-03,+91.6518253E-03
+6.5245625E-03,+8.9643591E-03,-47.8310763E-03,+91.6575053E-03
+6.5248562E-03,+10.7304468E-03,-47.8661586E-03,+91.6727076E-03
+6.5251500E-03,+12.2459532E-03,-47.7876410E-03,+91.7016088E-03
+6.5254437E-03,+11.8557107E-03,-47.7742763E-03,+91.6753806E-03
+6.5257375E-03,+10.4682515E-03,-47.8878762E-03,+91.6767170E-03
+6.5260312E-03,+8.7273028E-03,-47.8444410E-03,+91.6718723E-03
+6.5263250E-03,+6.4575531E-03,-47.7525587E-03,+91.6845688E-03
+6.5266187E-03,+5.5361943E-03,-47.7659234E-03,+91.6753806E-03
+6.5269125E-03,+6.9632732E-03,-47.6957587E-03,+91.6745453E-03
+6.5272062E-03,+9.3880834E-03,-47.7007705E-03,+91.6618488E-03
+6.5275000E-03,+12.0439224E-03,-47.5253588E-03,+91.6775523E-03
+6.5277937E-03,+12.8481864E-03,-47.7442057E-03,+91.6889123E-03
+6.5280875E-03,+11.0076005E-03,-47.6389588E-03,+91.6802253E-03
+6.5283812E-03,+8.9734738E-03,-47.7659234E-03,+91.6618488E-03
+6.5286750E-03,+7.0845211E-03,-47.6740411E-03,+91.6797241E-03
+6.5289687E-03,+6.1770549E-03,-47.7091234E-03,+91.6924206E-03
+6.5292625E-03,+7.5350015E-03,-47.7391940E-03,+91.6832323E-03
+6.5295562E-03,+10.2414860E-03,-47.8795233E-03,+91.6823970E-03
+6.5298500E-03,+12.3250822E-03,-47.6306058E-03,+91.6610135E-03
+6.5301437E-03,+13.0924463E-03,-47.5955235E-03,+91.6539971E-03
+6.5304375E-03,+12.2850950E-03,-47.7391940E-03,+91.6675288E-03
+6.5307312E-03,+9.6902659E-03,-47.9446762E-03,+91.6732088E-03
+6.5310250E-03,+6.9711751E-03,-47.9095938E-03,+91.6732088E-03
+6.5313187E-03,+6.3338796E-03,-47.9446762E-03,+91.6688653E-03
+6.5316125E-03,+6.9458891E-03,-47.8661586E-03,+91.6661924E-03
+6.5319062E-03,+9.2720177E-03,-47.8527939E-03,+91.6845688E-03
+6.5322000E-03,+11.9827656E-03,-47.8360880E-03,+91.6732088E-03
+6.5324937E-03,+13.4286619E-03,-47.5604412E-03,+91.6710371E-03
+6.5327875E-03,+13.1154904E-03,-47.6656881E-03,+91.6697006E-03
+6.5330812E-03,+10.9664373E-03,-47.6473117E-03,+91.6745453E-03
+6.5333750E-03,+8.2103363E-03,-47.9580409E-03,+91.6596771E-03
+6.5336687E-03,+6.1452636E-03,-47.7959939E-03,+91.6697006E-03
+6.5339625E-03,+5.9301856E-03,-47.9012409E-03,+91.6723735E-03
+6.5342562E-03,+8.0787241E-03,-47.7525587E-03,+91.6496535E-03
+6.5345500E-03,+11.2031628E-03,-47.7659234E-03,+91.6561688E-03
+6.5348437E-03,+13.1496338E-03,-47.7174763E-03,+91.6688653E-03
+6.5351375E-03,+12.4395675E-03,-47.8661586E-03,+91.6618488E-03
+6.5354312E-03,+10.5796496E-03,-47.8527939E-03,+91.6775523E-03
+6.5357250E-03,+7.8333249E-03,-47.9229585E-03,+91.6867406E-03
+6.5360187E-03,+5.8602448E-03,-47.8310763E-03,+91.6767170E-03
+6.5363125E-03,+6.4640951E-03,-47.9095938E-03,+91.6697006E-03
+6.5366062E-03,+8.8063215E-03,-47.9446762E-03,+91.6810606E-03
+6.5369000E-03,+11.9220497E-03,-47.8661586E-03,+91.6854041E-03
+6.5371937E-03,+13.8864929E-03,-47.8093586E-03,+91.6945923E-03
+6.5374875E-03,+14.0034040E-03,-47.8310763E-03,+91.6867406E-03
+6.5377812E-03,+11.3345545E-03,-47.8661586E-03,+91.6788888E-03
+6.5380750E-03,+7.6452235E-03,-47.8093586E-03,+91.6666935E-03
+6.5383687E-03,+5.8508360E-03,-47.8310763E-03,+91.6605124E-03
+6.5386625E-03,+6.0437153E-03,-47.8444410E-03,+91.6910841E-03
+6.5389562E-03,+8.4899157E-03,-47.7959939E-03,+91.6880770E-03
+6.5392500E-03,+11.3533719E-03,-47.8795233E-03,+91.6653571E-03
+6.5395437E-03,+12.8574849E-03,-47.6957587E-03,+91.6697006E-03
+6.5398375E-03,+12.7650513E-03,-47.8527939E-03,+91.6788888E-03
+6.5401312E-03,+10.6410270E-03,-47.8578056E-03,+91.6732088E-03
+6.5404250E-03,+7.8375148E-03,-47.6389588E-03,+91.6732088E-03
+6.5407187E-03,+5.5639795E-03,-47.8745115E-03,+91.6688653E-03
+6.5410125E-03,+5.9627854E-03,-47.9146056E-03,+91.6596771E-03
+6.5413062E-03,+8.0541732E-03,-47.6172411E-03,+91.6675288E-03
+6.5416000E-03,+10.3228570E-03,-47.7091234E-03,+91.6710371E-03
+6.5418937E-03,+12.3375414E-03,-47.6523235E-03,+91.6675288E-03
+6.5421875E-03,+13.1781908E-03,-47.6740411E-03,+91.6710371E-03
+6.5424812E-03,+11.3340399E-03,-47.7742763E-03,+91.6697006E-03
+6.5427750E-03,+8.3327603E-03,-47.8661586E-03,+91.6810606E-03
+6.5430687E-03,+5.5580623E-03,-47.8310763E-03,+91.6810606E-03
+6.5433625E-03,+5.8920360E-03,-47.8661586E-03,+91.6788888E-03
+6.5436562E-03,+8.3076212E-03,-47.8310763E-03,+91.6753806E-03
+6.5439500E-03,+10.7950952E-03,-47.8010057E-03,+91.6745453E-03
+6.5442437E-03,+12.4770187E-03,-47.6172411E-03,+91.6640206E-03
+6.5445375E-03,+13.2394212E-03,-47.7525587E-03,+91.6788888E-03
+6.5448312E-03,+11.3102975E-03,-47.8093586E-03,+91.6732088E-03
+6.5451250E-03,+9.0347777E-03,-47.8310763E-03,+91.6732088E-03
+6.5454187E-03,+6.6520495E-03,-47.8661586E-03,+91.6732088E-03
+6.5457125E-03,+6.6332320E-03,-47.7876410E-03,+91.6732088E-03
+6.5460062E-03,+8.4961269E-03,-47.6874058E-03,+91.6666935E-03
+6.5463000E-03,+10.9556686E-03,-47.6823940E-03,+91.6605124E-03
+6.5465937E-03,+12.7990110E-03,-47.8795233E-03,+91.6932559E-03
+6.5468875E-03,+13.3384703E-03,-47.6740411E-03,+91.6937570E-03
+6.5471812E-03,+11.4427918E-03,-47.6874058E-03,+91.6653571E-03
+6.5474750E-03,+8.5963889E-03,-47.5955235E-03,+91.6718723E-03
+6.5477687E-03,+6.1334659E-03,-47.6088882E-03,+91.6823970E-03
+6.5480625E-03,+5.9463569E-03,-47.6255941E-03,+91.6653571E-03
+6.5483562E-03,+6.4755253E-03,-47.8795233E-03,+91.6653571E-03
+6.5486500E-03,+8.6234390E-03,-47.6523235E-03,+91.6631853E-03
+6.5489437E-03,+11.8987484E-03,-47.6523235E-03,+91.6640206E-03
+6.5492375E-03,+13.0121779E-03,-47.6523235E-03,+91.6702018E-03
+6.5495312E-03,+11.9086349E-03,-47.6523235E-03,+91.6504888E-03
+6.5498250E-03,+10.2644934E-03,-47.7609116E-03,+91.6666935E-03
+6.5501187E-03,+8.1875495E-03,-47.8711703E-03,+91.6496535E-03
+6.5504125E-03,+7.5202636E-03,-47.4384883E-03,+91.6561688E-03
+6.5507062E-03,+8.0203972E-03,-47.5604412E-03,+91.6797241E-03
+6.5510000E-03,+9.7356557E-03,-47.7091234E-03,+91.6902488E-03
+6.5512937E-03,+12.2425351E-03,-47.6740411E-03,+91.6732088E-03
+6.5515875E-03,+13.5493585E-03,-47.7525587E-03,+91.6666935E-03
+6.5518812E-03,+12.6650099E-03,-47.7442057E-03,+91.6583406E-03
+6.5521750E-03,+10.5257698E-03,-47.7041116E-03,+91.6810606E-03
+6.5524687E-03,+7.4072852E-03,-47.9580409E-03,+91.6767170E-03
+6.5527625E-03,+6.7617570E-03,-47.7308410E-03,+91.6718723E-03
+6.5530562E-03,+7.2778414E-03,-47.6439705E-03,+91.6867406E-03
+6.5533500E-03,+8.7368585E-03,-47.5470765E-03,+91.6767170E-03
+6.5536437E-03,+11.1142942E-03,-47.7792881E-03,+91.6718723E-03
+6.5539375E-03,+12.3136888E-03,-47.5387235E-03,+91.6867406E-03
+6.5542312E-03,+12.1173547E-03,-47.6088882E-03,+91.6810606E-03
+6.5545250E-03,+10.5804582E-03,-47.5821588E-03,+91.6832323E-03
+6.5548187E-03,+7.8461149E-03,-47.7876410E-03,+91.6867406E-03
+6.5551125E-03,+6.7454019E-03,-47.6874058E-03,+91.6788888E-03
+6.5554062E-03,+7.4394807E-03,-47.6389588E-03,+91.6688653E-03
+6.5557000E-03,+9.5922458E-03,-47.7224881E-03,+91.6618488E-03
+6.5559937E-03,+11.5724560E-03,-47.5604412E-03,+91.6710371E-03
+6.5562875E-03,+12.9360626E-03,-47.7742763E-03,+91.6675288E-03
+6.5565812E-03,+12.7059526E-03,-47.8227233E-03,+91.6753806E-03
+6.5568750E-03,+10.8976358E-03,-47.6740411E-03,+91.6854041E-03
+6.5571687E-03,+8.3974821E-03,-47.7308410E-03,+91.6902488E-03
+6.5574625E-03,+6.3011695E-03,-47.7308410E-03,+91.6732088E-03
+6.5577562E-03,+6.4855221E-03,-47.7091234E-03,+91.6732088E-03
+6.5580500E-03,+7.9780946E-03,-47.7174763E-03,+91.6688653E-03
+6.5583437E-03,+10.3840138E-03,-47.8010057E-03,+91.6618488E-03
+6.5586375E-03,+12.5847783E-03,-47.5303706E-03,+91.6688653E-03
+6.5589312E-03,+13.1669812E-03,-47.5253588E-03,+91.6683641E-03
+6.5592250E-03,+12.0019873E-03,-47.7007705E-03,+91.6837335E-03
+6.5595187E-03,+8.7751183E-03,-47.4602059E-03,+91.6518253E-03
+6.5598125E-03,+5.9262163E-03,-47.6389588E-03,+91.6575053E-03
+6.5601062E-03,+6.1432790E-03,-47.8310763E-03,+91.6618488E-03
+6.5604000E-03,+8.2494046E-03,-47.8227233E-03,+91.6732088E-03
+6.5606937E-03,+11.1798614E-03,-47.6306058E-03,+91.6732088E-03
+6.5609875E-03,+13.0646978E-03,-47.5955235E-03,+91.6775523E-03
+6.5612812E-03,+13.3425131E-03,-47.6740411E-03,+91.6823970E-03
+6.5615750E-03,+11.8023455E-03,-47.7308410E-03,+91.6631853E-03
+6.5618687E-03,+9.5181152E-03,-47.6656881E-03,+91.6618488E-03
+6.5621625E-03,+6.7010412E-03,-47.5604412E-03,+91.6688653E-03
+6.5624562E-03,+5.5411560E-03,-47.8177116E-03,+91.6618488E-03
+6.5627500E-03,+7.5903146E-03,-47.8928880E-03,+91.6753806E-03
+6.5630437E-03,+10.2939324E-03,-47.5387235E-03,+91.6788888E-03
+6.5633375E-03,+12.3913477E-03,-47.7391940E-03,+91.6753806E-03
+6.5636312E-03,+12.4519900E-03,-47.9229585E-03,+91.6788888E-03
+6.5639250E-03,+11.1924309E-03,-47.7876410E-03,+91.6775523E-03
+6.5642187E-03,+9.0302203E-03,-47.7308410E-03,+91.6802253E-03
+6.5645125E-03,+6.4185583E-03,-47.7091234E-03,+91.6618488E-03
+6.5648062E-03,+5.0454694E-03,-47.6957587E-03,+91.6688653E-03
+6.5651000E-03,+6.7621980E-03,-47.7659234E-03,+91.6618488E-03
+6.5653937E-03,+9.2919010E-03,-47.6306058E-03,+91.6732088E-03
+6.5656875E-03,+11.5427229E-03,-47.4869353E-03,+91.6753806E-03
+6.5659812E-03,+13.5169792E-03,-47.3466060E-03,+91.6810606E-03
+6.5662750E-03,+12.9409508E-03,-47.5738059E-03,+91.6767170E-03
+6.5665687E-03,+10.9580944E-03,-47.5955235E-03,+91.6675288E-03
+6.5668625E-03,+7.9996686E-03,-47.6523235E-03,+91.6753806E-03
+6.5671562E-03,+6.5712299E-03,-47.6523235E-03,+91.6788888E-03
+6.5674500E-03,+7.4530058E-03,-47.6957587E-03,+91.6710371E-03
+6.5677437E-03,+9.7242623E-03,-47.8093586E-03,+91.6631853E-03
+6.5680375E-03,+12.4154576E-03,-47.7876410E-03,+91.6661924E-03
+6.5683312E-03,+13.9083242E-03,-47.6439705E-03,+91.6867406E-03
+6.5686250E-03,+13.0065547E-03,-47.4819236E-03,+91.6810606E-03
+6.5689187E-03,+10.1422899E-03,-47.6957587E-03,+91.6745453E-03
+6.5692125E-03,+7.1382171E-03,-47.7659234E-03,+91.6596771E-03
+6.5695062E-03,+5.9761267E-03,-47.6957587E-03,+91.6653571E-03
+6.5698000E-03,+7.4985059E-03,-47.8310763E-03,+91.6675288E-03
+6.5700937E-03,+9.8806827E-03,-47.8010057E-03,+91.6753806E-03
+6.5703875E-03,+12.3827843E-03,-47.6172411E-03,+91.6832323E-03
+6.5706812E-03,+13.2828264E-03,-47.7091234E-03,+91.6845688E-03
+6.5709750E-03,+12.4048728E-03,-47.6957587E-03,+91.6732088E-03
+6.5712687E-03,+10.5471600E-03,-47.7007705E-03,+91.6753806E-03
+6.5715625E-03,+8.1685115E-03,-47.4167707E-03,+91.6810606E-03
+6.5718562E-03,+5.9583751E-03,-47.5687941E-03,+91.6745453E-03
+6.5721500E-03,+5.9585956E-03,-47.8578056E-03,+91.6618488E-03
+6.5724437E-03,+7.8132578E-03,-47.7041116E-03,+91.6710371E-03
+6.5727375E-03,+10.5129430E-03,-47.9580409E-03,+91.6653571E-03
+6.5730312E-03,+12.7373764E-03,-47.6656881E-03,+91.6631853E-03
+6.5733250E-03,+12.7146631E-03,-47.5387235E-03,+91.6640206E-03
+6.5736187E-03,+11.4835875E-03,-47.6523235E-03,+91.6788888E-03
+6.5739125E-03,+9.1877433E-03,-47.6306058E-03,+91.6710371E-03
+6.5742062E-03,+6.7673434E-03,-47.5303706E-03,+91.6697006E-03
+6.5745000E-03,+6.4898589E-03,-47.4602059E-03,+91.6832323E-03
+6.5747937E-03,+8.1860059E-03,-47.5738059E-03,+91.6867406E-03
+6.5750875E-03,+10.2266379E-03,-47.6172411E-03,+91.6745453E-03
+6.5753812E-03,+12.1011099E-03,-47.7959939E-03,+91.6575053E-03
+6.5756750E-03,+13.0424623E-03,-47.8795233E-03,+91.6640206E-03
+6.5759687E-03,+12.1502854E-03,-47.5654529E-03,+91.6832323E-03
+6.5762625E-03,+9.0786606E-03,-47.4685589E-03,+91.6845688E-03
+6.5765562E-03,+6.5347710E-03,-47.8093586E-03,+91.6710371E-03
+6.5768500E-03,+5.1078024E-03,-47.8310763E-03,+91.6718723E-03
+6.5771437E-03,+6.0293817E-03,-47.8227233E-03,+91.6823970E-03
+6.5774375E-03,+9.1843987E-03,-47.6957587E-03,+91.6675288E-03
+6.5777312E-03,+11.6626844E-03,-47.8310763E-03,+91.6710371E-03
+6.5780250E-03,+12.0085661E-03,-47.8010057E-03,+91.6675288E-03
+6.5783187E-03,+11.0934553E-03,-47.6389588E-03,+91.6732088E-03
+6.5786125E-03,+8.8332247E-03,-47.7876410E-03,+91.6753806E-03
+6.5789062E-03,+7.1564098E-03,-47.6656881E-03,+91.6788888E-03
+6.5792000E-03,+7.0497528E-03,-47.5387235E-03,+91.6666935E-03
+6.5794937E-03,+8.5593420E-03,-47.6523235E-03,+91.6561688E-03
+6.5797875E-03,+10.3145141E-03,-47.6740411E-03,+91.6666935E-03
+6.5800812E-03,+12.0538457E-03,-47.7091234E-03,+91.6539971E-03
+6.5803750E-03,+13.5154723E-03,-47.6523235E-03,+91.6631853E-03
+6.5806687E-03,+12.6698245E-03,-47.6957587E-03,+91.6596771E-03
+6.5809625E-03,+10.8235419E-03,-47.7659234E-03,+91.6631853E-03
+6.5812562E-03,+8.3456973E-03,-47.6306058E-03,+91.6640206E-03
+6.5815500E-03,+6.7951286E-03,-47.5738059E-03,+91.6767170E-03
+6.5818437E-03,+7.0994427E-03,-47.5520882E-03,+91.6697006E-03
+6.5821375E-03,+8.5212659E-03,-47.5604412E-03,+91.6810606E-03
+6.5824312E-03,+10.6539640E-03,-47.7959939E-03,+91.6810606E-03
+6.5827250E-03,+12.3728977E-03,-47.9229585E-03,+91.6788888E-03
+6.5830187E-03,+11.0545340E-03,-47.7007705E-03,+91.6710371E-03
+6.5833125E-03,+8.8356504E-03,-47.4602059E-03,+91.6697006E-03
+6.5836062E-03,+7.0423287E-03,-47.5955235E-03,+91.6788888E-03
+6.5839000E-03,+6.7713862E-03,-47.6740411E-03,+91.6710371E-03
+6.5841937E-03,+7.4197444E-03,-47.6439705E-03,+91.6718723E-03
+6.5844875E-03,+8.7309045E-03,-47.4602059E-03,+91.6845688E-03
+6.5847812E-03,+11.5765724E-03,-47.6389588E-03,+91.6732088E-03
+6.5850750E-03,+13.1696274E-03,-47.8093586E-03,+91.6688653E-03
+6.5853687E-03,+12.0385932E-03,-47.8310763E-03,+91.6575053E-03
+6.5856625E-03,+10.9254578E-03,-47.7358528E-03,+91.6553335E-03
+6.5859562E-03,+9.0382692E-03,-47.4468413E-03,+91.6518253E-03
+6.5862500E-03,+7.5805384E-03,-47.7742763E-03,+91.6661924E-03
+6.5865437E-03,+7.7641192E-03,-47.8444410E-03,+91.6802253E-03
+6.5868375E-03,+8.6509302E-03,-47.6439705E-03,+91.6618488E-03
+6.5871312E-03,+11.6099440E-03,-47.5253588E-03,+91.6753806E-03
+6.5874250E-03,+12.8765229E-03,-47.7659234E-03,+91.6767170E-03
+6.5877187E-03,+11.2546904E-03,-47.6957587E-03,+91.6697006E-03
+6.5880125E-03,+9.3325498E-03,-47.7876410E-03,+91.6658582E-03
+6.5883062E-03,+7.1341375E-03,-47.6874058E-03,+91.6434724E-03
+6.5886000E-03,+6.5724427E-03,-47.6606764E-03,+91.6823970E-03
+6.5888937E-03,+6.9619868E-03,-47.8878762E-03,+91.6675288E-03
+6.5891875E-03,+8.4215920E-03,-47.8661586E-03,+91.6688653E-03
+6.5894812E-03,+11.0812166E-03,-47.7659234E-03,+91.6640206E-03
+6.5897750E-03,+13.0329433E-03,-47.6088882E-03,+91.6810606E-03
+6.5900687E-03,+12.3719422E-03,-47.5387235E-03,+91.6788888E-03
+6.5903625E-03,+10.5788043E-03,-47.6306058E-03,+91.6688653E-03
+6.5906562E-03,+8.3958650E-03,-47.5303706E-03,+91.6596771E-03
+6.5909500E-03,+7.2625154E-03,-47.4819236E-03,+91.6653571E-03
+6.5912437E-03,+7.6538604E-03,-47.7391940E-03,+91.6610135E-03
+6.5915375E-03,+9.4081505E-03,-47.8795233E-03,+91.6496535E-03
+6.5918312E-03,+11.3180524E-03,-47.6088882E-03,+91.6496535E-03
+6.5921250E-03,+12.1597676E-03,-47.4952883E-03,+91.6539971E-03
+6.5924187E-03,+11.6004618E-03,-47.5170059E-03,+91.6653571E-03
+6.5927125E-03,+10.7598859E-03,-47.5738059E-03,+91.6653571E-03
+6.5930062E-03,+8.3816416E-03,-47.5520882E-03,+91.6610135E-03
+6.5933000E-03,+7.1966175E-03,-47.5170059E-03,+91.6583406E-03
+6.5935937E-03,+6.5496192E-03,-47.5738059E-03,+91.6810606E-03
+6.5938875E-03,+7.9289192E-03,-47.6606764E-03,+91.6767170E-03
+6.5941812E-03,+10.7445599E-03,-47.7575704E-03,+91.6631853E-03
+6.5944750E-03,+12.1398108E-03,-47.4819236E-03,+91.6661924E-03
+6.5947687E-03,+12.0793522E-03,-47.6523235E-03,+91.6845688E-03
+6.5950625E-03,+11.2559400E-03,-47.6088882E-03,+91.6732088E-03
+6.5953562E-03,+8.9292233E-03,-47.5821588E-03,+91.6666935E-03
+6.5956500E-03,+7.1592030E-03,-47.8093586E-03,+91.6539971E-03
+6.5959437E-03,+6.3281094E-03,-47.8093586E-03,+91.6675288E-03
+6.5962375E-03,+7.6040970E-03,-47.8093586E-03,+91.6753806E-03
+6.5965312E-03,+9.4324442E-03,-47.7224881E-03,+91.6745453E-03
+6.5968250E-03,+11.2761908E-03,-47.4952883E-03,+91.6640206E-03
+6.5971187E-03,+11.9744594E-03,-47.5387235E-03,+91.6723735E-03
+6.5974125E-03,+11.5787040E-03,-47.6306058E-03,+91.6539971E-03
+6.5977062E-03,+9.3110861E-03,-47.5738059E-03,+91.6675288E-03
+6.5980000E-03,+7.6416952E-03,-47.6172411E-03,+91.6732088E-03
+6.5982937E-03,+6.5436284E-03,-47.6656881E-03,+91.6732088E-03
+6.5985875E-03,+7.1614817E-03,-47.4735706E-03,+91.6666935E-03
+6.5988812E-03,+10.1030011E-03,-47.4819236E-03,+91.6539971E-03
+6.5991750E-03,+11.8357539E-03,-47.6088882E-03,+91.6653571E-03
+6.5994687E-03,+11.6303419E-03,-47.4518530E-03,+91.6718723E-03
+6.5997625E-03,+11.7361535E-03,-47.3382531E-03,+91.6867406E-03
+6.6000562E-03,+9.9990271E-03,-47.4468413E-03,+91.6810606E-03
+6.6003500E-03,+8.0679923E-03,-47.7091234E-03,+91.6810606E-03
+6.6006437E-03,+7.5792153E-03,-47.6957587E-03,+91.6745453E-03
+6.6009375E-03,+7.6722369E-03,-47.7442057E-03,+91.6640206E-03
+6.6012312E-03,+9.4078932E-03,-47.5738059E-03,+91.6745453E-03
+6.6015250E-03,+11.5974480E-03,-47.5955235E-03,+91.6618488E-03
+6.6018187E-03,+12.8235252E-03,-47.6740411E-03,+91.6688653E-03
+6.6021125E-03,+13.5857439E-03,-47.6874058E-03,+91.6618488E-03
+6.6024062E-03,+12.6829086E-03,-47.5955235E-03,+91.6732088E-03
+6.6027000E-03,+9.9169211E-03,-47.6957587E-03,+91.6666935E-03
+6.6029937E-03,+7.3907831E-03,-47.7442057E-03,+91.6539971E-03
+6.6032875E-03,+7.2470424E-03,-47.6389588E-03,+91.6740441E-03
+6.6035812E-03,+8.5318875E-03,-47.7007705E-03,+91.6924206E-03
+6.6038750E-03,+11.2404670E-03,-47.4602059E-03,+91.6810606E-03
+6.6041687E-03,+12.8618585E-03,-47.5086530E-03,+91.6854041E-03
+6.6044625E-03,+12.6193260E-03,-47.4034060E-03,+91.6880770E-03
+6.6047562E-03,+11.1536934E-03,-47.5955235E-03,+91.6697006E-03
+6.6050500E-03,+8.5383928E-03,-47.5871706E-03,+91.6810606E-03
+6.6053437E-03,+6.0756536E-03,-47.3950531E-03,+91.6788888E-03
+6.6056375E-03,+5.0507986E-03,-47.3816884E-03,+91.6753806E-03
+6.6059312E-03,+6.4680644E-03,-47.4952883E-03,+91.6767170E-03
+6.6062250E-03,+9.8012596E-03,-47.4952883E-03,+91.6697006E-03
+6.6065187E-03,+12.4575764E-03,-47.5170059E-03,+91.6788888E-03
+6.6068125E-03,+13.3329206E-03,-47.6172411E-03,+91.6688653E-03
+6.6071062E-03,+11.8785711E-03,-47.7091234E-03,+91.6575053E-03
+6.6074000E-03,+9.5721052E-03,-47.6523235E-03,+91.6640206E-03
+6.6076937E-03,+6.9349367E-03,-47.5871706E-03,+91.6788888E-03
+6.6079875E-03,+5.7778447E-03,-47.4167707E-03,+91.6732088E-03
+6.6082812E-03,+7.3674817E-03,-47.3950531E-03,+91.6666935E-03
+6.6085750E-03,+9.6686551E-03,-47.4685589E-03,+91.6605124E-03
+6.6088687E-03,+12.4208603E-03,-47.7876410E-03,+91.6802253E-03
+6.6091625E-03,+13.3828310E-03,-47.7742763E-03,+91.6618488E-03
+6.6094562E-03,+12.0303238E-03,-47.8010057E-03,+91.6775523E-03
+6.6097500E-03,+9.1683745E-03,-47.6172411E-03,+91.6845688E-03
+6.6100437E-03,+6.4021297E-03,-47.7308410E-03,+91.6688653E-03
+6.6103375E-03,+4.9846801E-03,-47.6874058E-03,+91.6618488E-03
+6.6106312E-03,+5.5848919E-03,-47.5303706E-03,+91.6666935E-03
+6.6109250E-03,+8.3341201E-03,-47.4384883E-03,+91.6496535E-03
+6.6112187E-03,+12.3254130E-03,-47.5604412E-03,+91.6561688E-03
+6.6115125E-03,+13.7283452E-03,-47.7091234E-03,+91.6732088E-03
+6.6118062E-03,+12.9044184E-03,-47.7174763E-03,+91.6710371E-03
+6.6121000E-03,+10.4550940E-03,-47.7792881E-03,+91.6653571E-03
+6.6123937E-03,+7.9893043E-03,-47.6038764E-03,+91.6631853E-03
+6.6126875E-03,+5.8138994E-03,-47.8227233E-03,+91.6596771E-03
+6.6129812E-03,+6.0330202E-03,-47.6306058E-03,+91.6675288E-03
+6.6132750E-03,+8.7901870E-03,-47.5738059E-03,+91.6710371E-03
+6.6135687E-03,+12.2695485E-03,-47.5520882E-03,+91.6675288E-03
+6.6138625E-03,+13.4564104E-03,-47.6038764E-03,+91.6753806E-03
+6.6141562E-03,+12.3628642E-03,-47.8878762E-03,+91.6745453E-03
+6.6144500E-03,+10.3397266E-03,-47.8444410E-03,+91.6575053E-03
+6.6147437E-03,+7.8127433E-03,-47.6874058E-03,+91.6575053E-03
+6.6150375E-03,+5.6288852E-03,-47.5955235E-03,+91.6575053E-03
+6.6153312E-03,+6.5579621E-03,-47.6306058E-03,+91.6618488E-03
+6.6156250E-03,+9.4043282E-03,-47.5738059E-03,+91.6775523E-03
+6.6159187E-03,+11.4700257E-03,-47.5738059E-03,+91.6802253E-03
+6.6162125E-03,+12.3941777E-03,-47.5955235E-03,+91.6618488E-03
+6.6165062E-03,+11.0148408E-03,-47.6088882E-03,+91.6753806E-03
+6.6168000E-03,+10.4890169E-03,-47.5387235E-03,+91.6723735E-03
+6.6170937E-03,+7.8030038E-03,-47.5871706E-03,+91.6453100E-03
+6.6173875E-03,+5.8957848E-03,-47.4819236E-03,+91.6426371E-03
+6.6176812E-03,+6.8898409E-03,-47.6740411E-03,+91.6610135E-03
+6.6179750E-03,+9.3689351E-03,-47.7959939E-03,+91.6539971E-03
+6.6182687E-03,+12.1834365E-03,-47.8578056E-03,+91.6675288E-03
+6.6185625E-03,+13.2937420E-03,-47.5955235E-03,+91.6623500E-03
+6.6188562E-03,+13.1513612E-03,-47.6523235E-03,+91.6426371E-03
+6.6191500E-03,+11.4551408E-03,-47.5871706E-03,+91.6675288E-03
+6.6194437E-03,+9.1514682E-03,-47.5470765E-03,+91.6688653E-03
+6.6197375E-03,+6.9748871E-03,-47.7792881E-03,+91.6640206E-03
+6.6200312E-03,+6.3291384E-03,-47.4518530E-03,+91.6832323E-03
+6.6203250E-03,+8.8542106E-03,-47.4034060E-03,+91.6867406E-03
+6.6206187E-03,+10.6718994E-03,-47.5738059E-03,+91.6832323E-03
+6.6209125E-03,+12.3927811E-03,-47.6172411E-03,+91.6889123E-03
+6.6212062E-03,+11.2939425E-03,-47.6874058E-03,+91.6867406E-03
+6.6215000E-03,+10.0828237E-03,-47.6389588E-03,+91.6832323E-03
+6.6217937E-03,+8.6925713E-03,-47.7224881E-03,+91.6845688E-03
+6.6220875E-03,+6.3210528E-03,-47.5387235E-03,+91.6710371E-03
+6.6223812E-03,+6.2091769E-03,-47.6523235E-03,+91.6653571E-03
+6.6226750E-03,+8.3259609E-03,-47.6306058E-03,+91.6675288E-03
+6.6229687E-03,+11.3344074E-03,-47.5303706E-03,+91.6710371E-03
+6.6232625E-03,+13.1565801E-03,-47.5253588E-03,+91.6697006E-03
+6.6235562E-03,+13.1901355E-03,-47.7876410E-03,+91.6810606E-03
+6.6238500E-03,+10.8944015E-03,-47.7308410E-03,+91.6788888E-03
+6.6241437E-03,+9.9640383E-03,-47.7308410E-03,+91.6688653E-03
+6.6244375E-03,+7.8423661E-03,-47.6656881E-03,+91.6553335E-03
+6.6247312E-03,+6.6490725E-03,-47.5387235E-03,+91.6539971E-03
+6.6250250E-03,+7.8711804E-03,-47.6740411E-03,+91.6653571E-03
+6.6253187E-03,+10.1923106E-03,-47.7091234E-03,+91.6697006E-03
+6.6256125E-03,+12.4384649E-03,-47.6306058E-03,+91.6745453E-03
+6.6259062E-03,+12.9151135E-03,-47.5738059E-03,+91.6596771E-03
+6.6262000E-03,+10.9424376E-03,-47.5303706E-03,+91.6631853E-03
+6.6264937E-03,+9.1612444E-03,-47.4167707E-03,+91.6596771E-03
+6.6267875E-03,+7.3923267E-03,-47.4819236E-03,+91.6675288E-03
+6.6270812E-03,+6.1534228E-03,-47.5654529E-03,+91.6732088E-03
+6.6273750E-03,+6.9661399E-03,-47.3382531E-03,+91.6732088E-03
+6.6276687E-03,+9.0248911E-03,-47.3382531E-03,+91.6732088E-03
+6.6279625E-03,+11.6258580E-03,-47.3816884E-03,+91.6688653E-03
+6.6282562E-03,+14.1788256E-03,-47.5170059E-03,+91.6683641E-03
+6.6285500E-03,+12.7003662E-03,-47.5520882E-03,+91.6880770E-03
+6.6288437E-03,+10.3529209E-03,-47.4735706E-03,+91.6653571E-03
+6.6291375E-03,+7.4434868E-03,-47.4384883E-03,+91.6653571E-03
+6.6294312E-03,+5.7399157E-03,-47.5387235E-03,+91.6718723E-03
+6.6297250E-03,+6.3171202E-03,-47.6523235E-03,+91.6867406E-03
+6.6300187E-03,+8.5526529E-03,-47.6088882E-03,+91.6745453E-03
+6.6303125E-03,+11.9058049E-03,-47.4952883E-03,+91.6618488E-03
+6.6306062E-03,+13.9343085E-03,-47.6255941E-03,+91.6666935E-03
+6.6309000E-03,+13.8635592E-03,-47.9229585E-03,+91.6518253E-03
+6.6311937E-03,+10.5417574E-03,-47.7224881E-03,+91.6640206E-03
+6.6314875E-03,+8.1161018E-03,-47.5387235E-03,+91.6745453E-03
+6.6317812E-03,+5.9369849E-03,-47.6088882E-03,+91.6596771E-03
+6.6320750E-03,+6.3367463E-03,-47.4735706E-03,+91.6653571E-03
+6.6323687E-03,+8.0809660E-03,-47.5253588E-03,+91.6631853E-03
+6.6326625E-03,+11.1334425E-03,-47.8093586E-03,+91.6575053E-03
+6.6329562E-03,+13.0843974E-03,-47.8093586E-03,+91.6618488E-03
+6.6332500E-03,+13.5278580E-03,-47.7659234E-03,+91.6753806E-03
+6.6335437E-03,+11.5513231E-03,-47.6740411E-03,+91.6810606E-03
+6.6338375E-03,+8.2673768E-03,-47.7525587E-03,+91.6745453E-03
+6.6341312E-03,+5.2124012E-03,-47.7876410E-03,+91.6640206E-03
+6.6344250E-03,+5.1938409E-03,-47.7525587E-03,+91.6745453E-03
+6.6347187E-03,+8.0244033E-03,-47.6790528E-03,+91.6618488E-03
+6.6350125E-03,+10.9884522E-03,-47.4468413E-03,+91.6732088E-03
+6.6353062E-03,+13.1216648E-03,-47.7308410E-03,+91.6753806E-03
+6.6356000E-03,+13.5083055E-03,-47.7525587E-03,+91.6810606E-03
+6.6358937E-03,+11.4118091E-03,-47.7876410E-03,+91.6810606E-03
+6.6361875E-03,+8.9345525E-03,-47.7525587E-03,+91.6767170E-03
+6.6364812E-03,+6.9795548E-03,-47.7659234E-03,+91.6697006E-03
+6.6367750E-03,+6.4666311E-03,-47.6523235E-03,+91.6854041E-03
+6.6370687E-03,+8.7020903E-03,-47.6088882E-03,+91.6902488E-03
+6.6373625E-03,+11.3134582E-03,-47.4952883E-03,+91.6732088E-03
+6.6376562E-03,+13.4444289E-03,-47.4952883E-03,+91.6710371E-03
+6.6379500E-03,+14.2886066E-03,-47.4735706E-03,+91.6631853E-03
+6.6382437E-03,+12.6331819E-03,-47.4384883E-03,+91.6640206E-03
+6.6385375E-03,+8.4972296E-03,-47.4735706E-03,+91.6788888E-03
+6.6388312E-03,+5.7625188E-03,-47.5036412E-03,+91.6710371E-03
+6.6391250E-03,+5.4279203E-03,-47.7308410E-03,+91.6718723E-03
+6.6394187E-03,+7.3467898E-03,-47.7091234E-03,+91.6823970E-03
+6.6397125E-03,+10.3958115E-03,-47.6523235E-03,+91.6653571E-03
+6.6400062E-03,+11.6463294E-03,-47.6306058E-03,+91.6675288E-03
+6.6403000E-03,+12.3605120E-03,-47.6172411E-03,+91.6775523E-03
+6.6405937E-03,+11.2248102E-03,-47.6874058E-03,+91.6889123E-03
+6.6408875E-03,+8.4033994E-03,-47.5955235E-03,+91.6823970E-03
+6.6411812E-03,+6.1557750E-03,-47.6740411E-03,+91.6718723E-03
+6.6414750E-03,+5.1102281E-03,-47.6656881E-03,+91.6845688E-03
+6.6417687E-03,+7.4049329E-03,-47.4952883E-03,+91.6732088E-03
+6.6420625E-03,+9.7725924E-03,-47.6255941E-03,+91.6710371E-03
+6.6423562E-03,+11.9132658E-03,-47.9012409E-03,+91.6631853E-03
+6.6426500E-03,+13.2110847E-03,-47.7525587E-03,+91.6596771E-03
+6.6429437E-03,+12.1762329E-03,-47.8527939E-03,+91.6718723E-03
+6.6432375E-03,+9.7496953E-03,-47.9012409E-03,+91.6889123E-03
+6.6435312E-03,+7.4439278E-03,-47.7091234E-03,+91.6910841E-03
+6.6438250E-03,+6.2182549E-03,-47.6088882E-03,+91.6902488E-03
+6.6441187E-03,+7.3143738E-03,-47.6038764E-03,+91.6732088E-03
+6.6444125E-03,+9.8473478E-03,-47.8661586E-03,+91.6710371E-03
+6.6447062E-03,+11.8482131E-03,-47.8093586E-03,+91.6653571E-03
+6.6450000E-03,+12.4443454E-03,-47.7876410E-03,+91.6697006E-03
+6.6452937E-03,+11.8007651E-03,-47.7525587E-03,+91.6788888E-03
+6.6455875E-03,+9.3606657E-03,-47.7224881E-03,+91.6710371E-03
+6.6458812E-03,+6.9051669E-03,-47.5387235E-03,+91.6697006E-03
+6.6461750E-03,+6.3582100E-03,-47.6306058E-03,+91.6723735E-03
+6.6464687E-03,+7.1232219E-03,-47.5955235E-03,+91.6561688E-03
+6.6467625E-03,+9.3170400E-03,-47.6740411E-03,+91.6732088E-03
+6.6470562E-03,+12.5070826E-03,-47.7308410E-03,+91.6732088E-03
+6.6473500E-03,+13.7208108E-03,-47.7308410E-03,+91.6710371E-03
+6.6476437E-03,+12.1175385E-03,-47.6874058E-03,+91.6697006E-03
+6.6479375E-03,+9.6460521E-03,-47.7041116E-03,+91.6767170E-03
+6.6482312E-03,+7.5003803E-03,-47.8928880E-03,+91.6653571E-03
+6.6485250E-03,+6.8226566E-03,-47.5604412E-03,+91.6675288E-03
+6.6488187E-03,+7.6357412E-03,-47.7308410E-03,+91.6710371E-03
+6.6491125E-03,+9.5325591E-03,-47.7742763E-03,+91.6675288E-03
+6.6494062E-03,+11.6745556E-03,-47.7792881E-03,+91.6775523E-03
+6.6497000E-03,+12.8925839E-03,-47.5170059E-03,+91.6802253E-03
+6.6499937E-03,+12.2218433E-03,-47.6172411E-03,+91.6618488E-03
+6.6502875E-03,+10.9574328E-03,-47.6874058E-03,+91.6753806E-03
+6.6505812E-03,+8.4259289E-03,-47.6389588E-03,+91.6723735E-03
+6.6508750E-03,+7.1311238E-03,-47.8093586E-03,+91.6561688E-03
+6.6511687E-03,+7.4534835E-03,-47.7442057E-03,+91.6732088E-03
+6.6514625E-03,+9.3948092E-03,-47.5738059E-03,+91.6688653E-03
+6.6517562E-03,+11.0143998E-03,-47.6172411E-03,+91.6618488E-03
+6.6520500E-03,+12.6836069E-03,-47.7525587E-03,+91.6753806E-03
+6.6523437E-03,+11.9950778E-03,-47.7876410E-03,+91.6788888E-03
+6.6526375E-03,+10.6913785E-03,-47.7525587E-03,+91.6753806E-03
+6.6529312E-03,+8.5899939E-03,-47.8093586E-03,+91.6832323E-03
+6.6532250E-03,+6.6047485E-03,-47.7876410E-03,+91.6889123E-03
+6.6535187E-03,+6.7297084E-03,-47.6874058E-03,+91.6867406E-03
+6.6538125E-03,+8.7933845E-03,-47.6389588E-03,+91.6788888E-03
+6.6541062E-03,+10.5497327E-03,-47.8093586E-03,+91.6623500E-03
+6.6544000E-03,+11.5888111E-03,-47.7876410E-03,+91.6404653E-03
+6.6546937E-03,+11.5023315E-03,-47.7959939E-03,+91.6640206E-03
+6.6549875E-03,+9.9895816E-03,-47.9446762E-03,+91.6767170E-03
+6.6552812E-03,+7.6730087E-03,-47.8444410E-03,+91.6653571E-03
+6.6555750E-03,+5.7825491E-03,-47.7091234E-03,+91.6588418E-03
+6.6558687E-03,+6.1694470E-03,-47.6306058E-03,+91.6483171E-03
+6.6561625E-03,+8.0145535E-03,-47.5955235E-03,+91.6653571E-03
+6.6564562E-03,+10.9108668E-03,-47.6523235E-03,+91.6675288E-03
+6.6567500E-03,+12.0581825E-03,-47.6957587E-03,+91.6732088E-03
+6.6570437E-03,+12.0798668E-03,-47.8093586E-03,+91.6775523E-03
+6.6573375E-03,+11.2407610E-03,-47.7659234E-03,+91.6823970E-03
+6.6576312E-03,+9.9199348E-03,-47.6088882E-03,+91.6631853E-03
+6.6579250E-03,+7.8451594E-03,-47.6038764E-03,+91.6618488E-03
+6.6582187E-03,+7.5087599E-03,-47.7792881E-03,+91.6688653E-03
+6.6585125E-03,+8.0206178E-03,-47.6038764E-03,+91.6531618E-03
+6.6588062E-03,+10.1122260E-03,-47.8878762E-03,+91.6461453E-03
+6.6591000E-03,+11.9757457E-03,-47.8661586E-03,+91.6575053E-03
+6.6593937E-03,+12.4914626E-03,-47.7659234E-03,+91.6575053E-03
+6.6596875E-03,+11.5427229E-03,-47.6306058E-03,+91.6640206E-03
+6.6599812E-03,+9.6559754E-03,-47.6172411E-03,+91.6810606E-03
+6.6602750E-03,+6.8594830E-03,-47.7091234E-03,+91.6788888E-03
+6.6605687E-03,+5.8591789E-03,-47.6957587E-03,+91.6688653E-03
+6.6608625E-03,+7.4950143E-03,-47.7659234E-03,+91.6596771E-03
+6.6611562E-03,+10.1451566E-03,-47.7391940E-03,+91.6675288E-03
+6.6614500E-03,+12.6550131E-03,-47.9229585E-03,+91.6732088E-03
+6.6617437E-03,+13.3728342E-03,-47.8093586E-03,+91.6710371E-03
+6.6620375E-03,+13.0369494E-03,-47.7876410E-03,+91.6631853E-03
+6.6623312E-03,+10.7893617E-03,-47.7308410E-03,+91.6596771E-03
+6.6626250E-03,+8.5845177E-03,-47.6874058E-03,+91.6653571E-03
+6.6629187E-03,+6.6561291E-03,-47.6172411E-03,+91.6675288E-03
+6.6632125E-03,+6.9515123E-03,-47.7525587E-03,+91.6710371E-03
+6.6635062E-03,+8.4905405E-03,-47.7442057E-03,+91.6653571E-03
+6.6638000E-03,+10.9511113E-03,-47.5955235E-03,+91.6610135E-03
+6.6640937E-03,+12.4720571E-03,-47.6523235E-03,+91.6518253E-03
+6.6643875E-03,+12.4971226E-03,-47.7174763E-03,+91.6618488E-03
+6.6646812E-03,+11.2266111E-03,-47.8878762E-03,+91.6732088E-03
+6.6649750E-03,+8.4016352E-03,-47.7575704E-03,+91.6666935E-03
+6.6652687E-03,+6.3517047E-03,-47.5036412E-03,+91.6605124E-03
+6.6655625E-03,+6.7273195E-03,-47.7091234E-03,+91.6823970E-03
+6.6658562E-03,+8.1193361E-03,-47.6523235E-03,+91.6610135E-03
+6.6661500E-03,+10.8761353E-03,-47.6523235E-03,+91.6518253E-03
+6.6664437E-03,+12.3174008E-03,-47.6957587E-03,+91.6596771E-03
+6.6667375E-03,+12.3861288E-03,-47.8093586E-03,+91.6653571E-03
+6.6670312E-03,+10.6726345E-03,-47.8093586E-03,+91.6653571E-03
+6.6673250E-03,+8.1780673E-03,-47.7876410E-03,+91.6631853E-03
+6.6676187E-03,+6.7415796E-03,-47.7091234E-03,+91.6575053E-03
+6.6679125E-03,+6.5321615E-03,-47.6740411E-03,+91.6596771E-03
+6.6682062E-03,+8.4388291E-03,-47.7525587E-03,+91.6675288E-03
+6.6685000E-03,+11.1308330E-03,-47.8093586E-03,+91.6645218E-03
+6.6687937E-03,+12.7362370E-03,-47.7224881E-03,+91.6439735E-03
+6.6690875E-03,+12.9481543E-03,-47.5387235E-03,+91.6474818E-03
+6.6693812E-03,+11.5641499E-03,-47.6523235E-03,+91.6461453E-03
+6.6696750E-03,+8.7307576E-03,-47.6740411E-03,+91.6596771E-03
+6.6699687E-03,+7.1955516E-03,-47.7091234E-03,+91.6697006E-03
+6.6702625E-03,+6.9220364E-03,-47.6088882E-03,+91.6788888E-03
+6.6705562E-03,+8.2687367E-03,-47.5387235E-03,+91.6710371E-03
+6.6708500E-03,+10.6902759E-03,-47.6957587E-03,+91.6697006E-03
+6.6711437E-03,+12.8535523E-03,-47.8093586E-03,+91.6788888E-03
+6.6714375E-03,+13.0946514E-03,-47.8310763E-03,+91.6732088E-03
+6.6717312E-03,+11.2647607E-03,-47.8227233E-03,+91.6753806E-03
+6.6720250E-03,+8.4528688E-03,-47.5871706E-03,+91.6723735E-03
+6.6723187E-03,+5.8989456E-03,-47.4602059E-03,+91.6561688E-03
+6.6726125E-03,+5.9898355E-03,-47.6606764E-03,+91.6732088E-03
+6.6729062E-03,+7.7016025E-03,-47.8010057E-03,+91.6732088E-03
+6.6732000E-03,+10.6071040E-03,-47.5955235E-03,+91.6710371E-03
+6.6734937E-03,+12.8510531E-03,-47.6740411E-03,+91.6675288E-03
+6.6737875E-03,+13.6266499E-03,-47.7308410E-03,+91.6732088E-03
+6.6740812E-03,+12.2677109E-03,-47.7308410E-03,+91.6688653E-03
+6.6743750E-03,+9.9595912E-03,-47.7525587E-03,+91.6596771E-03
+6.6746687E-03,+6.9079968E-03,-47.7659234E-03,+91.6675288E-03
+6.6749625E-03,+5.1077289E-03,-47.6523235E-03,+91.6710371E-03
+6.6752562E-03,+6.9900661E-03,-47.6306058E-03,+91.6675288E-03
+6.6755500E-03,+10.0507384E-03,-47.6823940E-03,+91.6688653E-03
+6.6758437E-03,+12.5246873E-03,-47.9012409E-03,+91.6596771E-03
+6.6761375E-03,+12.3617248E-03,-47.6222529E-03,+91.6631853E-03
+6.6764312E-03,+12.2233134E-03,-47.4468413E-03,+91.6575053E-03
+6.6767250E-03,+9.7055183E-03,-47.7742763E-03,+91.6596771E-03
+6.6770187E-03,+7.5337519E-03,-47.8227233E-03,+91.6653571E-03
+6.6773125E-03,+5.8950865E-03,-47.6523235E-03,+91.6697006E-03
+6.6776062E-03,+7.2818107E-03,-47.6523235E-03,+91.6788888E-03
+6.6779000E-03,+10.2551949E-03,-47.6740411E-03,+91.6710371E-03
+6.6781937E-03,+12.6919130E-03,-47.7742763E-03,+91.6653571E-03
+6.6784875E-03,+13.8470571E-03,-47.8444410E-03,+91.6653571E-03
+6.6787812E-03,+13.3573980E-03,-47.6005353E-03,+91.6631853E-03
+6.6790750E-03,+11.8450524E-03,-47.3900413E-03,+91.6575053E-03
+6.6793687E-03,+8.6296503E-03,-47.6656881E-03,+91.6575053E-03
+6.6796625E-03,+7.2652719E-03,-47.6255941E-03,+91.6575053E-03
+6.6799562E-03,+7.2540255E-03,-47.9012409E-03,+91.6575053E-03
+6.6802500E-03,+8.7186658E-03,-47.6005353E-03,+91.6596771E-03
+6.6805437E-03,+10.6345952E-03,-47.4117589E-03,+91.6566700E-03
+6.6808375E-03,+11.4469816E-03,-47.7224881E-03,+91.6448088E-03
+6.6811312E-03,+11.1650132E-03,-47.5604412E-03,+91.6775523E-03
+6.6814250E-03,+9.6447290E-03,-47.6656881E-03,+91.6758818E-03
+6.6817187E-03,+7.2563042E-03,-47.6038764E-03,+91.6461453E-03
+6.6820125E-03,+6.0654730E-03,-47.8010057E-03,+91.6640206E-03
+6.6823062E-03,+6.6974394E-03,-47.5738059E-03,+91.6723735E-03
+6.6826000E-03,+8.5445673E-03,-47.5086530E-03,+91.6539971E-03
+6.6828937E-03,+10.9889300E-03,-47.3599707E-03,+91.6697006E-03
+6.6831875E-03,+13.4818801E-03,-47.5253588E-03,+91.6702018E-03
+6.6834812E-03,+13.2960942E-03,-47.7007705E-03,+91.6548324E-03
+6.6837750E-03,+10.8927109E-03,-47.4602059E-03,+91.6780535E-03
+6.6840687E-03,+8.7429595E-03,-47.5738059E-03,+91.6518253E-03
+6.6843625E-03,+7.4825184E-03,-47.6172411E-03,+91.6575053E-03
+6.6846562E-03,+6.7966722E-03,-47.7091234E-03,+91.6596771E-03
+6.6849500E-03,+8.3433818E-03,-47.6523235E-03,+91.6653571E-03
+6.6852437E-03,+10.5522687E-03,-47.6523235E-03,+91.6653571E-03
+6.6855375E-03,+12.5422184E-03,-47.6088882E-03,+91.6610135E-03
+6.6858312E-03,+13.6632925E-03,-47.5387235E-03,+91.6474818E-03
+6.6861250E-03,+11.5934052E-03,-47.6740411E-03,+91.6483171E-03
+6.6864187E-03,+9.7102594E-03,-47.7091234E-03,+91.6675288E-03
+6.6867125E-03,+7.4695446E-03,-47.6740411E-03,+91.6753806E-03
+6.6870062E-03,+6.3392455E-03,-47.7308410E-03,+91.6745453E-03
+6.6873000E-03,+7.2223077E-03,-47.7525587E-03,+91.6618488E-03
+6.6875937E-03,+9.7449909E-03,-47.7659234E-03,+91.6732088E-03
+6.6878875E-03,+11.9194770E-03,-47.6523235E-03,+91.6688653E-03
+6.6881812E-03,+12.9111442E-03,-47.6306058E-03,+91.6575053E-03
+6.6884750E-03,+11.5488607E-03,-47.5303706E-03,+91.6640206E-03
+6.6887687E-03,+9.1814585E-03,-47.4602059E-03,+91.6767170E-03
+6.6890625E-03,+6.6306226E-03,-47.5738059E-03,+91.6610135E-03
+6.6893562E-03,+5.7409448E-03,-47.5738059E-03,+91.6539971E-03
+6.6896500E-03,+7.6728249E-03,-47.5738059E-03,+91.6697006E-03
+6.6899437E-03,+9.7610519E-03,-47.6389588E-03,+91.6788888E-03
+6.6902375E-03,+12.1587017E-03,-47.7876410E-03,+91.6710371E-03
+6.6905312E-03,+13.1842550E-03,-47.6656881E-03,+91.6631853E-03
+6.6908250E-03,+12.6993739E-03,-47.5170059E-03,+91.6575053E-03
+6.6911187E-03,+10.3298768E-03,-47.5520882E-03,+91.6596771E-03
+6.6914125E-03,+7.3229005E-03,-47.4518530E-03,+91.6675288E-03
+6.6917062E-03,+5.9786259E-03,-47.4902765E-03,+91.6645218E-03
+6.6920000E-03,+7.6547057E-03,-47.9095938E-03,+91.6483171E-03
+6.6922937E-03,+9.8895034E-03,-47.9229585E-03,+91.6675288E-03
+6.6925875E-03,+11.5869367E-03,-47.7442057E-03,+91.6710371E-03
+6.6928812E-03,+13.1600716E-03,-47.6389588E-03,+91.6653571E-03
+6.6931750E-03,+12.3906862E-03,-47.8093586E-03,+91.6653571E-03
+6.6934687E-03,+10.4359457E-03,-47.8093586E-03,+91.6653571E-03
+6.6937625E-03,+7.4670454E-03,-47.7876410E-03,+91.6631853E-03
+6.6940562E-03,+5.7407243E-03,-47.7525587E-03,+91.6640206E-03
+6.6943500E-03,+7.3304716E-03,-47.7224881E-03,+91.6767170E-03
+6.6946437E-03,+9.1838107E-03,-47.5821588E-03,+91.6740441E-03
+6.6949375E-03,+12.0346607E-03,-47.7876410E-03,+91.6924206E-03
+6.6952312E-03,+13.5701606E-03,-47.7742763E-03,+91.6723735E-03
+6.6955250E-03,+12.8942378E-03,-47.8661586E-03,+91.6496535E-03
+6.6958187E-03,+10.5639929E-03,-47.7224881E-03,+91.6518253E-03
+6.6961125E-03,+7.8392422E-03,-47.5821588E-03,+91.6596771E-03
+6.6964062E-03,+5.5972777E-03,-47.7442057E-03,+91.6653571E-03
+6.6967000E-03,+6.1978570E-03,-47.5738059E-03,+91.6675288E-03
+6.6969937E-03,+8.4697016E-03,-47.5303706E-03,+91.6666935E-03
+6.6972875E-03,+11.5058597E-03,-47.4602059E-03,+91.6539971E-03
+6.6975812E-03,+13.1810943E-03,-47.5738059E-03,+91.6653571E-03
+6.6978750E-03,+12.4378769E-03,-47.6172411E-03,+91.6566700E-03
+6.6981687E-03,+9.7341121E-03,-47.7525587E-03,+91.6448088E-03
+6.6984625E-03,+7.2557529E-03,-47.7876410E-03,+91.6710371E-03
+6.6987562E-03,+6.7054515E-03,-47.7308410E-03,+91.6610135E-03
+6.6990500E-03,+7.0507084E-03,-47.6874058E-03,+91.6583406E-03
+6.6993437E-03,+9.2186525E-03,-47.5955235E-03,+91.6767170E-03
+6.6996375E-03,+12.1483007E-03,-47.6088882E-03,+91.6631853E-03
+6.6999312E-03,+13.0958275E-03,-47.4952883E-03,+91.6618488E-03
+6.7002250E-03,+11.7797425E-03,-47.5604412E-03,+91.6732088E-03
+6.7005187E-03,+9.7371626E-03,-47.7091234E-03,+91.6710371E-03
+6.7008125E-03,+6.5717077E-03,-47.5871706E-03,+91.6588418E-03
+6.7011062E-03,+5.9451440E-03,-47.4819236E-03,+91.6504888E-03
+6.7014000E-03,+6.9143918E-03,-47.6306058E-03,+91.6732088E-03
+6.7016937E-03,+9.0390410E-03,-47.5520882E-03,+91.6688653E-03
+6.7019875E-03,+11.1887189E-03,-47.5604412E-03,+91.6640206E-03
+6.7022812E-03,+12.1145247E-03,-47.7091234E-03,+91.6788888E-03
+6.7025750E-03,+12.2981791E-03,-47.6306058E-03,+91.6775523E-03
+6.7028687E-03,+9.6515650E-03,-47.5738059E-03,+91.6737100E-03
+6.7031625E-03,+7.4379371E-03,-47.5955235E-03,+91.6426371E-03
+6.7034562E-03,+6.3200237E-03,-47.7391940E-03,+91.6697006E-03
+6.7037500E-03,+7.7193174E-03,-47.9229585E-03,+91.6788888E-03
+6.7040437E-03,+9.2924891E-03,-47.6573352E-03,+91.6688653E-03
+6.7043375E-03,+11.6598177E-03,-47.4117589E-03,+91.6618488E-03
+6.7046312E-03,+12.9722642E-03,-47.7876410E-03,+91.6710371E-03
+6.7049250E-03,+12.3044638E-03,-47.7091234E-03,+91.6631853E-03
+6.7052187E-03,+10.3818454E-03,-47.7174763E-03,+91.6575053E-03
+6.7055125E-03,+7.3376384E-03,-47.8444410E-03,+91.6575053E-03
+6.7058062E-03,+6.5878054E-03,-47.6874058E-03,+91.6596771E-03
+6.7061000E-03,+7.2671095E-03,-47.5738059E-03,+91.6653571E-03
+6.7063937E-03,+9.2408145E-03,-47.6823940E-03,+91.6697006E-03
+6.7066875E-03,+11.5884803E-03,-47.8360880E-03,+91.6745453E-03
+6.7069812E-03,+13.7269486E-03,-47.5821588E-03,+91.6596771E-03
+6.7072750E-03,+13.7874806E-03,-47.7442057E-03,+91.6610135E-03
+6.7075687E-03,+11.4806473E-03,-47.6823940E-03,+91.6539971E-03
+6.7078625E-03,+8.2961911E-03,-47.8578056E-03,+91.6653571E-03
+6.7081562E-03,+7.1058010E-03,-47.5738059E-03,+91.6653571E-03
+6.7084500E-03,+7.1815855E-03,-47.5738059E-03,+91.6697006E-03
+6.7087437E-03,+8.0989382E-03,-47.5738059E-03,+91.6723735E-03
+6.7090375E-03,+10.8168161E-03,-47.5520882E-03,+91.6561688E-03
+6.7093312E-03,+12.8025393E-03,-47.5387235E-03,+91.6645218E-03
+6.7096250E-03,+12.1411706E-03,-47.5437353E-03,+91.6461453E-03
+6.7099187E-03,+11.0294318E-03,-47.3683237E-03,+91.6575053E-03
+6.7102125E-03,+8.9599487E-03,-47.7391940E-03,+91.6618488E-03
+6.7105062E-03,+7.4416491E-03,-47.8578056E-03,+91.6753806E-03
+6.7108000E-03,+6.5876952E-03,-47.5520882E-03,+91.6767170E-03
+6.7110937E-03,+7.2045561E-03,-47.5604412E-03,+91.6631853E-03
+6.7113875E-03,+9.2601097E-03,-47.7091234E-03,+91.6596771E-03
+6.7116812E-03,+11.9705268E-03,-47.6306058E-03,+91.6675288E-03
+6.7119750E-03,+12.9872962E-03,-47.6172411E-03,+91.6732088E-03
+6.7122687E-03,+12.4968286E-03,-47.7091234E-03,+91.6753806E-03
+6.7125625E-03,+10.5395522E-03,-47.6740411E-03,+91.6745453E-03
+6.7128562E-03,+7.7858034E-03,-47.7308410E-03,+91.6575053E-03
+6.7131500E-03,+6.3433251E-03,-47.6874058E-03,+91.6618488E-03
+6.7134437E-03,+6.3855542E-03,-47.5738059E-03,+91.6688653E-03
+6.7137375E-03,+8.8592090E-03,-47.5520882E-03,+91.6596771E-03
+6.7140312E-03,+11.3605755E-03,-47.4735706E-03,+91.6675288E-03
+6.7143250E-03,+11.9994881E-03,-47.4384883E-03,+91.6753806E-03
+6.7146187E-03,+11.7244661E-03,-47.4735706E-03,+91.6767170E-03
+6.7149125E-03,+10.0876751E-03,-47.5036412E-03,+91.6631853E-03
+6.7152062E-03,+8.2563142E-03,-47.7091234E-03,+91.6618488E-03
+6.7155000E-03,+6.8791458E-03,-47.6740411E-03,+91.6732088E-03
+6.7157937E-03,+8.2000455E-03,-47.7525587E-03,+91.6732088E-03
+6.7160875E-03,+9.7058123E-03,-47.7659234E-03,+91.6732088E-03
+6.7163812E-03,+10.6117716E-03,-47.6957587E-03,+91.6710371E-03
+6.7166750E-03,+12.0212091E-03,-47.8093586E-03,+91.6697006E-03
+6.7169687E-03,+12.4196107E-03,-47.7659234E-03,+91.6767170E-03
+6.7172625E-03,+10.9850710E-03,-47.7174763E-03,+91.6653571E-03
+6.7175562E-03,+8.6693434E-03,-47.7792881E-03,+91.6631853E-03
+6.7178500E-03,+7.2277104E-03,-47.5387235E-03,+91.6575053E-03
+6.7181437E-03,+7.3112865E-03,-47.6523235E-03,+91.6575053E-03
+6.7184375E-03,+8.4451139E-03,-47.6957587E-03,+91.6661924E-03
+6.7187312E-03,+10.4202890E-03,-47.8310763E-03,+91.6823970E-03
+6.7190250E-03,+12.2100456E-03,-47.8661586E-03,+91.6610135E-03
+6.7193187E-03,+12.7808183E-03,-47.7876410E-03,+91.6539971E-03
+6.7196125E-03,+10.6843219E-03,-47.7091234E-03,+91.6544982E-03
+6.7199062E-03,+8.8650159E-03,-47.6306058E-03,+91.6391288E-03
+6.7202000E-03,+7.1798581E-03,-47.5086530E-03,+91.6753806E-03
+6.7204937E-03,+6.0738159E-03,-47.3816884E-03,+91.6832323E-03
+6.7207875E-03,+7.3976559E-03,-47.4735706E-03,+91.6802253E-03
+6.7210812E-03,+9.4382144E-03,-47.4602059E-03,+91.6618488E-03
+6.7213750E-03,+11.1957754E-03,-47.5738059E-03,+91.6710371E-03
+6.7216687E-03,+12.5100228E-03,-47.5738059E-03,+91.6631853E-03
+6.7219625E-03,+12.2194176E-03,-47.5738059E-03,+91.6618488E-03
+6.7222562E-03,+8.6822805E-03,-47.5738059E-03,+91.6710371E-03
+6.7225500E-03,+7.0642702E-03,-47.5303706E-03,+91.6697006E-03
+6.7228437E-03,+7.0446074E-03,-47.4384883E-03,+91.6810606E-03
+6.7231375E-03,+7.7845905E-03,-47.5604412E-03,+91.6723735E-03
+6.7234312E-03,+10.8372875E-03,-47.7091234E-03,+91.6518253E-03
+6.7237250E-03,+13.6686584E-03,-47.6523235E-03,+91.6618488E-03
+6.7240187E-03,+13.5979458E-03,-47.6523235E-03,+91.6710371E-03
+6.7243125E-03,+12.4461831E-03,-47.6523235E-03,+91.6718723E-03
+6.7246062E-03,+9.6502052E-03,-47.6306058E-03,+91.6845688E-03
+6.7249000E-03,+7.2459399E-03,-47.5520882E-03,+91.6732088E-03
+6.7251937E-03,+7.1584312E-03,-47.6038764E-03,+91.6710371E-03
+6.7254875E-03,+7.3480762E-03,-47.7141352E-03,+91.6697006E-03
+6.7257812E-03,+9.7174262E-03,-47.2814531E-03,+91.6767170E-03
+6.7260750E-03,+11.6343847E-03,-47.4034060E-03,+91.6675288E-03
+6.7263687E-03,+12.5393517E-03,-47.5955235E-03,+91.6710371E-03
+6.7266625E-03,+11.5920821E-03,-47.6088882E-03,+91.6675288E-03
+6.7269562E-03,+9.3139895E-03,-47.5170059E-03,+91.6775523E-03
+6.7272500E-03,+7.2256523E-03,-47.6172411E-03,+91.6823970E-03
+6.7275437E-03,+6.4334800E-03,-47.7525587E-03,+91.6697006E-03
+6.7278375E-03,+7.4788798E-03,-47.7224881E-03,+91.6745453E-03
+6.7281312E-03,+9.6370109E-03,-47.5170059E-03,+91.6640206E-03
+6.7284250E-03,+11.9615591E-03,-47.5303706E-03,+91.6723735E-03
+6.7287187E-03,+12.6956618E-03,-47.5470765E-03,+91.6518253E-03
+6.7290125E-03,+11.9987898E-03,-47.8444410E-03,+91.6553335E-03
+6.7293062E-03,+9.5043329E-03,-47.6656881E-03,+91.6539971E-03
+6.7296000E-03,+7.3236723E-03,-47.5170059E-03,+91.6631853E-03
+6.7298937E-03,+5.6969516E-03,-47.5520882E-03,+91.6640206E-03
+6.7301875E-03,+6.7309213E-03,-47.5170059E-03,+91.6810606E-03
+6.7304812E-03,+9.2978550E-03,-47.5955235E-03,+91.6788888E-03
+6.7307750E-03,+11.7028186E-03,-47.6740411E-03,+91.6688653E-03
+6.7310687E-03,+11.7908051E-03,-47.7525587E-03,+91.6596771E-03
+6.7313625E-03,+11.1280398E-03,-47.8310763E-03,+91.6697006E-03
+6.7316562E-03,+9.3888185E-03,-47.8227233E-03,+91.6767170E-03
+6.7319500E-03,+7.8444243E-03,-47.6523235E-03,+91.6675288E-03
+6.7322437E-03,+6.5078311E-03,-47.6523235E-03,+91.6710371E-03
+6.7325375E-03,+7.2823620E-03,-47.6740411E-03,+91.6697006E-03
+6.7328312E-03,+9.3253462E-03,-47.7308410E-03,+91.6810606E-03
+6.7331250E-03,+11.7875341E-03,-47.7742763E-03,+91.6788888E-03
+6.7334187E-03,+12.6723237E-03,-47.8661586E-03,+91.6732088E-03
+6.7337125E-03,+12.3347115E-03,-47.7659234E-03,+91.6732088E-03
+6.7340062E-03,+11.3851632E-03,-47.6306058E-03,+91.6732088E-03
+6.7343000E-03,+9.2987738E-03,-47.6172411E-03,+91.6732088E-03
+6.7345937E-03,+8.1553172E-03,-47.7091234E-03,+91.6732088E-03
+6.7348875E-03,+7.1149525E-03,-47.6523235E-03,+91.6732088E-03
+6.7351812E-03,+8.9544358E-03,-47.6088882E-03,+91.6666935E-03
+6.7354750E-03,+11.7888204E-03,-47.5170059E-03,+91.6561688E-03
+6.7357687E-03,+12.4679775E-03,-47.5955235E-03,+91.6732088E-03
+6.7360625E-03,+12.1066229E-03,-47.6957587E-03,+91.6710371E-03
+6.7363562E-03,+10.9648936E-03,-47.7442057E-03,+91.6631853E-03
+6.7366500E-03,+9.0651723E-03,-47.5303706E-03,+91.6661924E-03
+6.7369437E-03,+7.0242463E-03,-47.4819236E-03,+91.6780535E-03
+6.7372375E-03,+6.3408994E-03,-47.6088882E-03,+91.6496535E-03
+6.7375312E-03,+7.5951660E-03,-47.5387235E-03,+91.6561688E-03
+6.7378250E-03,+10.5078344E-03,-47.6088882E-03,+91.6775523E-03
+6.7381187E-03,+12.1079827E-03,-47.4952883E-03,+91.6823970E-03
+6.7384125E-03,+11.7538684E-03,-47.4952883E-03,+91.6740441E-03
+6.7387062E-03,+10.7973739E-03,-47.5170059E-03,+91.6859053E-03
+6.7390000E-03,+8.6794137E-03,-47.6389588E-03,+91.6531618E-03
+6.7392937E-03,+6.6850537E-03,-47.6790528E-03,+91.6483171E-03
+6.7395875E-03,+6.1526877E-03,-47.3599707E-03,+91.6631853E-03
+6.7398812E-03,+7.9257217E-03,-47.4819236E-03,+91.6640206E-03
+6.7401750E-03,+10.2923153E-03,-47.6523235E-03,+91.6832323E-03
+6.7404687E-03,+12.6766973E-03,-47.6523235E-03,+91.6889123E-03
+6.7407625E-03,+13.3337291E-03,-47.5871706E-03,+91.6867406E-03
+6.7410562E-03,+12.2910122E-03,-47.3733354E-03,+91.6788888E-03
+6.7413500E-03,+10.7891780E-03,-47.3900413E-03,+91.6753806E-03
+6.7416437E-03,+7.8960254E-03,-47.7308410E-03,+91.6788888E-03
+6.7419375E-03,+5.9461363E-03,-47.7308410E-03,+91.6710371E-03
+6.7422312E-03,+6.7631903E-03,-47.7308410E-03,+91.6697006E-03
+6.7425250E-03,+9.0967798E-03,-47.7525587E-03,+91.6745453E-03
+6.7428187E-03,+11.5584899E-03,-47.7876410E-03,+91.6575053E-03
+6.7431125E-03,+12.8708630E-03,-47.7308410E-03,+91.6596771E-03
+6.7434062E-03,+11.2129390E-03,-47.7742763E-03,+91.6697006E-03
+6.7437000E-03,+9.1463963E-03,-47.8878762E-03,+91.6788888E-03
+6.7439937E-03,+6.3906628E-03,-47.8661586E-03,+91.6688653E-03
+6.7442875E-03,+6.0698099E-03,-47.8527939E-03,+91.6596771E-03
+6.7445812E-03,+7.4177597E-03,-47.9229585E-03,+91.6697006E-03
+6.7448750E-03,+9.5840132E-03,-47.7659234E-03,+91.6767170E-03
+6.7451687E-03,+12.2851318E-03,-47.7174763E-03,+91.6631853E-03
+6.7454625E-03,+13.3473645E-03,-47.8878762E-03,+91.6640206E-03
+6.7457562E-03,+12.2482686E-03,-47.8661586E-03,+91.6810606E-03
+6.7460500E-03,+9.6481470E-03,-47.7442057E-03,+91.6767170E-03
+6.7463437E-03,+7.2678446E-03,-47.5738059E-03,+91.6675288E-03
+6.7466375E-03,+6.0587840E-03,-47.5738059E-03,+91.6753806E-03
+6.7469312E-03,+7.3351759E-03,-47.5955235E-03,+91.6767170E-03
+6.7472250E-03,+9.7496218E-03,-47.5871706E-03,+91.6610135E-03
+6.7475187E-03,+12.3634522E-03,-47.5036412E-03,+91.6496535E-03
+6.7478125E-03,+14.0644138E-03,-47.6874058E-03,+91.6583406E-03
+6.7481062E-03,+12.0140791E-03,-47.6389588E-03,+91.6745453E-03
+6.7484000E-03,+10.1301247E-03,-47.7224881E-03,+91.6553335E-03
+6.7486937E-03,+7.5825598E-03,-47.5387235E-03,+91.6561688E-03
+6.7489875E-03,+5.8529677E-03,-47.5654529E-03,+91.6732088E-03
+6.7492812E-03,+6.3067192E-03,-47.4251236E-03,+91.6775523E-03
+6.7495750E-03,+8.1021725E-03,-47.6523235E-03,+91.6802253E-03
+6.7498687E-03,+11.7507444E-03,-47.6523235E-03,+91.6640206E-03
+6.7501625E-03,+12.8525600E-03,-47.6306058E-03,+91.6810606E-03
+6.7504562E-03,+12.0850489E-03,-47.6823940E-03,+91.6788888E-03
+6.7507500E-03,+10.0840366E-03,-47.9446762E-03,+91.6732088E-03
+6.7510437E-03,+8.2238614E-03,-47.8227233E-03,+91.6732088E-03
+6.7513375E-03,+6.9191330E-03,-47.6523235E-03,+91.6753806E-03
+6.7516312E-03,+7.8691957E-03,-47.6306058E-03,+91.6832323E-03
+6.7519250E-03,+10.2877212E-03,-47.6172411E-03,+91.6823970E-03
+6.7522187E-03,+13.1560655E-03,-47.7525587E-03,+91.6675288E-03
+6.7525125E-03,+14.5124686E-03,-47.7007705E-03,+91.6753806E-03
+6.7528062E-03,+13.5879858E-03,-47.4602059E-03,+91.6745453E-03
+6.7531000E-03,+11.1287014E-03,-47.5520882E-03,+91.6640206E-03
+6.7533937E-03,+8.7005834E-03,-47.5604412E-03,+91.6788888E-03
+6.7536875E-03,+7.6968981E-03,-47.7742763E-03,+91.6710371E-03
+6.7539812E-03,+7.1277792E-03,-47.8227233E-03,+91.6653571E-03
+6.7542750E-03,+8.6762162E-03,-47.6306058E-03,+91.6653571E-03
+6.7545687E-03,+10.8652932E-03,-47.5955235E-03,+91.6653571E-03
+6.7548625E-03,+12.1778133E-03,-47.6306058E-03,+91.6631853E-03
+6.7551562E-03,+12.0836523E-03,-47.5520882E-03,+91.6575053E-03
+6.7554500E-03,+10.1723538E-03,-47.5387235E-03,+91.6618488E-03
+6.7557437E-03,+8.0373403E-03,-47.6306058E-03,+91.6710371E-03
+6.7560375E-03,+6.6880674E-03,-47.6172411E-03,+91.6631853E-03
+6.7563312E-03,+6.8709499E-03,-47.6656881E-03,+91.6596771E-03
+6.7566250E-03,+7.9836076E-03,-47.5821588E-03,+91.6631853E-03
+6.7569187E-03,+10.2371492E-03,-47.7876410E-03,+91.6596771E-03
+6.7572125E-03,+12.0191509E-03,-47.6439705E-03,+91.6631853E-03
+6.7575062E-03,+12.3311832E-03,-47.4602059E-03,+91.6618488E-03
+6.7578000E-03,+11.4549570E-03,-47.6172411E-03,+91.6732088E-03
+6.7580937E-03,+9.6151429E-03,-47.6222529E-03,+91.6710371E-03
+6.7583875E-03,+7.2718507E-03,-47.4251236E-03,+91.6631853E-03
+6.7586812E-03,+6.0878556E-03,-47.6088882E-03,+91.6553335E-03
+6.7589750E-03,+7.6727147E-03,-47.4735706E-03,+91.6539971E-03
+6.7592687E-03,+10.0840733E-03,-47.4384883E-03,+91.6653571E-03
+6.7595625E-03,+10.9329921E-03,-47.4952883E-03,+91.6675288E-03
+6.7598562E-03,+10.9667313E-03,-47.4735706E-03,+91.6732088E-03
+6.7601500E-03,+10.4850844E-03,-47.4819236E-03,+91.6688653E-03
+6.7604437E-03,+8.4988834E-03,-47.6740411E-03,+91.6596771E-03
+6.7607375E-03,+6.4694243E-03,-47.6439705E-03,+91.6718723E-03
+6.7610312E-03,+5.7895689E-03,-47.3733354E-03,+91.6758818E-03
+6.7613250E-03,+7.5483428E-03,-47.3031708E-03,+91.6504888E-03
+6.7616187E-03,+9.9967116E-03,-47.5253588E-03,+91.6775523E-03
+6.7619125E-03,+11.7942966E-03,-47.8527939E-03,+91.6845688E-03
+6.7622062E-03,+11.7454520E-03,-47.8143704E-03,+91.6688653E-03
+6.7625000E-03,+11.8732786E-03,-47.4819236E-03,+91.6596771E-03
+6.7627937E-03,+10.9136601E-03,-47.6306058E-03,+91.6697006E-03
+6.7630875E-03,+9.3361515E-03,-47.5303706E-03,+91.6767170E-03
+6.7633812E-03,+8.3809066E-03,-47.4167707E-03,+91.6697006E-03
+6.7636750E-03,+8.4566911E-03,-47.4602059E-03,+91.6767170E-03
+6.7639687E-03,+10.7949482E-03,-47.5303706E-03,+91.6697006E-03
+6.7642625E-03,+12.4154576E-03,-47.4167707E-03,+91.6810606E-03
+6.7645562E-03,+13.4288457E-03,-47.4602059E-03,+91.6723735E-03
+6.7648500E-03,+12.6524036E-03,-47.6823940E-03,+91.6583406E-03
+6.7651437E-03,+11.4745095E-03,-47.9012409E-03,+91.6788888E-03
+6.7654375E-03,+9.6568575E-03,-47.6874058E-03,+91.6753806E-03
+6.7657312E-03,+7.2907417E-03,-47.5303706E-03,+91.6832323E-03
+6.7660250E-03,+5.8589952E-03,-47.4602059E-03,+91.6845688E-03
+6.7663187E-03,+7.0018638E-03,-47.6389588E-03,+91.6666935E-03
+6.7666125E-03,+9.4118258E-03,-47.7659234E-03,+91.6539971E-03
+6.7669062E-03,+11.0701907E-03,-47.6306058E-03,+91.6653571E-03
+6.7672000E-03,+11.4335668E-03,-47.6606764E-03,+91.6653571E-03
+6.7674937E-03,+9.9060790E-03,-47.8010057E-03,+91.6697006E-03
+6.7677875E-03,+8.0914039E-03,-47.4869353E-03,+91.6810606E-03
+6.7680812E-03,+6.8893631E-03,-47.3683237E-03,+91.6810606E-03
+6.7683750E-03,+6.7486729E-03,-47.6088882E-03,+91.6745453E-03
+6.7686687E-03,+8.0576647E-03,-47.5387235E-03,+91.6553335E-03
+6.7689625E-03,+10.6241574E-03,-47.6306058E-03,+91.6518253E-03
+6.7692562E-03,+12.1249258E-03,-47.6172411E-03,+91.6618488E-03
+6.7695500E-03,+12.4977474E-03,-47.6656881E-03,+91.6710371E-03
+6.7698437E-03,+10.5403975E-03,-47.4518530E-03,+91.6675288E-03
+6.7701375E-03,+8.5712867E-03,-47.4468413E-03,+91.6666935E-03
+6.7704312E-03,+6.4241447E-03,-47.6874058E-03,+91.6539971E-03
+6.7707250E-03,+5.8540703E-03,-47.6172411E-03,+91.6675288E-03
+6.7710187E-03,+7.5324288E-03,-47.7091234E-03,+91.6710371E-03
+6.7713125E-03,+10.4678105E-03,-47.6957587E-03,+91.6631853E-03
+6.7716062E-03,+12.0980227E-03,-47.6573352E-03,+91.6553335E-03
+6.7719000E-03,+12.2611321E-03,-47.3683237E-03,+91.6539971E-03
+6.7721937E-03,+11.6422866E-03,-47.6957587E-03,+91.6718723E-03
+6.7724875E-03,+8.7593146E-03,-47.8093586E-03,+91.6823970E-03
+6.7727812E-03,+7.8034081E-03,-47.7659234E-03,+91.6675288E-03
+6.7730750E-03,+7.3659381E-03,-47.6088882E-03,+91.6732088E-03
+6.7733687E-03,+8.8850463E-03,-47.5387235E-03,+91.6753806E-03
+6.7736625E-03,+11.0973879E-03,-47.6523235E-03,+91.6767170E-03
+6.7739562E-03,+12.9993511E-03,-47.6523235E-03,+91.6697006E-03
+6.7742500E-03,+13.8093118E-03,-47.5871706E-03,+91.6767170E-03
+6.7745437E-03,+12.6790863E-03,-47.3950531E-03,+91.6610135E-03
+6.7748375E-03,+9.8100436E-03,-47.4468413E-03,+91.6583406E-03
+6.7751312E-03,+7.2624419E-03,-47.6439705E-03,+91.6810606E-03
+6.7754250E-03,+6.6740278E-03,-47.5036412E-03,+91.6767170E-03
+6.7757187E-03,+8.0429635E-03,-47.6874058E-03,+91.6675288E-03
+6.7760125E-03,+9.8411365E-03,-47.5738059E-03,+91.6732088E-03
+6.7763062E-03,+11.8428840E-03,-47.5086530E-03,+91.6688653E-03
+6.7766000E-03,+12.1617890E-03,-47.4251236E-03,+91.6596771E-03
+6.7768937E-03,+11.4106697E-03,-47.6306058E-03,+91.6610135E-03
+6.7771875E-03,+9.0763452E-03,-47.5738059E-03,+91.6583406E-03
+6.7774812E-03,+7.0288772E-03,-47.5955235E-03,+91.6767170E-03
+6.7777750E-03,+5.5980495E-03,-47.6088882E-03,+91.6631853E-03
+6.7780687E-03,+6.6627814E-03,-47.4518530E-03,+91.6618488E-03
+6.7783625E-03,+9.2563977E-03,-47.4468413E-03,+91.6732088E-03
+6.7786562E-03,+11.4654315E-03,-47.6222529E-03,+91.6753806E-03
+6.7789500E-03,+12.9993879E-03,-47.3599707E-03,+91.6745453E-03
+6.7792437E-03,+12.3673481E-03,-47.4384883E-03,+91.6575053E-03
+6.7795375E-03,+9.6045581E-03,-47.5387235E-03,+91.6596771E-03
+6.7798312E-03,+7.3265758E-03,-47.6088882E-03,+91.6653571E-03
+6.7801250E-03,+6.1207127E-03,-47.4952883E-03,+91.6653571E-03
+6.7804187E-03,+6.6711243E-03,-47.5821588E-03,+91.6631853E-03
+6.7807125E-03,+8.6911747E-03,-47.6356176E-03,+91.6596771E-03
+6.7810062E-03,+10.8525400E-03,-47.2680884E-03,+91.6653571E-03
+6.7813000E-03,+12.5278113E-03,-47.4301354E-03,+91.6697006E-03
+6.7815937E-03,+11.9407937E-03,-47.3031708E-03,+91.6767170E-03
+6.7818875E-03,+9.7623016E-03,-47.4602059E-03,+91.6653571E-03
+6.7821812E-03,+7.5595157E-03,-47.6172411E-03,+91.6653571E-03
+6.7824750E-03,+6.5526697E-03,-47.6005353E-03,+91.6610135E-03
+6.7827687E-03,+6.9365906E-03,-47.3683237E-03,+91.6539971E-03
+6.7830625E-03,+8.4523542E-03,-47.6740411E-03,+91.6610135E-03
+6.7833562E-03,+10.9111609E-03,-47.6656881E-03,+91.6539971E-03
+6.7836500E-03,+12.3772713E-03,-47.6038764E-03,+91.6675288E-03
+6.7839437E-03,+13.0898736E-03,-47.7575704E-03,+91.6710371E-03
+6.7842375E-03,+11.2787268E-03,-47.5036412E-03,+91.6631853E-03
+6.7845312E-03,+9.5224888E-03,-47.6439705E-03,+91.6531618E-03
+6.7848250E-03,+7.5883668E-03,-47.4819236E-03,+91.6504888E-03
+6.7851187E-03,+7.8381763E-03,-47.6088882E-03,+91.6688653E-03
+6.7854125E-03,+9.2977080E-03,-47.4735706E-03,+91.6575053E-03
+6.7857062E-03,+11.8101739E-03,-47.4819236E-03,+91.6618488E-03
+6.7860000E-03,+13.5400232E-03,-47.5871706E-03,+91.6732088E-03
+6.7862937E-03,+13.5977988E-03,-47.4819236E-03,+91.6710371E-03
+6.7865875E-03,+11.8918389E-03,-47.6523235E-03,+91.6631853E-03
+6.7868812E-03,+9.0503609E-03,-47.6957587E-03,+91.6553335E-03
+6.7871750E-03,+6.7134269E-03,-47.7224881E-03,+91.6518253E-03
+6.7874687E-03,+6.6187881E-03,-47.5387235E-03,+91.6531618E-03
+6.7877625E-03,+8.1129043E-03,-47.5871706E-03,+91.6461453E-03
+6.7880562E-03,+10.6730755E-03,-47.4602059E-03,+91.6575053E-03
+6.7883500E-03,+13.3729445E-03,-47.5303706E-03,+91.6575053E-03
+6.7886437E-03,+13.2665081E-03,-47.4602059E-03,+91.6596771E-03
+6.7889375E-03,+10.6380867E-03,-47.5738059E-03,+91.6653571E-03
+6.7892312E-03,+8.1901222E-03,-47.5738059E-03,+91.6653571E-03
+6.7895250E-03,+6.1445286E-03,-47.5520882E-03,+91.6675288E-03
+6.7898187E-03,+6.0954267E-03,-47.5821588E-03,+91.6710371E-03
+6.7901125E-03,+7.2793482E-03,-47.6790528E-03,+91.6697006E-03
+6.7904062E-03,+10.5225356E-03,-47.4468413E-03,+91.6810606E-03
+6.7907000E-03,+12.4601491E-03,-47.6656881E-03,+91.6745453E-03
+6.7909937E-03,+12.7614863E-03,-47.5387235E-03,+91.6661924E-03
+6.7912875E-03,+11.6813549E-03,-47.6088882E-03,+91.6845688E-03
+6.7915812E-03,+9.1033586E-03,-47.5821588E-03,+91.6732088E-03
+6.7918750E-03,+7.5792153E-03,-47.7659234E-03,+91.6710371E-03
+6.7921687E-03,+6.1945125E-03,-47.6088882E-03,+91.6653571E-03
+6.7924625E-03,+6.2232165E-03,-47.4952883E-03,+91.6697006E-03
+6.7927562E-03,+8.7284421E-03,-47.5821588E-03,+91.6723735E-03
+6.7930500E-03,+11.9841989E-03,-47.7659234E-03,+91.6605124E-03
+6.7933437E-03,+12.9632230E-03,-47.7174763E-03,+91.6889123E-03
+6.7936375E-03,+11.5486769E-03,-47.8661586E-03,+91.6845688E-03
+6.7939312E-03,+9.7358762E-03,-47.7442057E-03,+91.6753806E-03
+6.7942250E-03,+7.5038718E-03,-47.5520882E-03,+91.6767170E-03
+6.7945187E-03,+7.1196936E-03,-47.5387235E-03,+91.6653571E-03
+6.7948125E-03,+7.6411072E-03,-47.6306058E-03,+91.6653571E-03
+6.7951062E-03,+9.4823179E-03,-47.5303706E-03,+91.6675288E-03
+6.7954000E-03,+11.9134863E-03,-47.5253588E-03,+91.6732088E-03
+6.7956937E-03,+13.4836075E-03,-47.7876410E-03,+91.6753806E-03
+6.7959875E-03,+12.5401970E-03,-47.7525587E-03,+91.6723735E-03
+6.7962812E-03,+10.7685228E-03,-47.7224881E-03,+91.6474818E-03
+6.7965750E-03,+8.6514815E-03,-47.4735706E-03,+91.6461453E-03
+6.7968687E-03,+7.6985887E-03,-47.5036412E-03,+91.6509900E-03
+6.7971625E-03,+7.8755172E-03,-47.7525587E-03,+91.6448088E-03
+6.7974562E-03,+9.9819002E-03,-47.7876410E-03,+91.6753806E-03
+6.7977500E-03,+11.8049917E-03,-47.6222529E-03,+91.6810606E-03
+6.7980437E-03,+12.6465599E-03,-47.4034060E-03,+91.6745453E-03
+6.7983375E-03,+11.9857426E-03,-47.6389588E-03,+91.6553335E-03
+6.7986312E-03,+10.2016459E-03,-47.7442057E-03,+91.6583406E-03
+6.7989250E-03,+7.6907236E-03,-47.5520882E-03,+91.6767170E-03
+6.7992187E-03,+5.2934414E-03,-47.5170059E-03,+91.6653571E-03
+6.7995125E-03,+5.5213094E-03,-47.5738059E-03,+91.6675288E-03
+6.7998062E-03,+7.6758019E-03,-47.5520882E-03,+91.6710371E-03
+6.8001000E-03,+10.5758640E-03,-47.5170059E-03,+91.6653571E-03
+6.8003937E-03,+12.3327636E-03,-47.5955235E-03,+91.6653571E-03
+6.8006875E-03,+12.3130272E-03,-47.6088882E-03,+91.6631853E-03
+6.8009812E-03,+11.1762596E-03,-47.4301354E-03,+91.6575053E-03
+6.8012750E-03,+9.1201179E-03,-47.3466060E-03,+91.6575053E-03
+6.8015687E-03,+7.3469369E-03,-47.5303706E-03,+91.6661924E-03
+6.8018625E-03,+6.5926568E-03,-47.4602059E-03,+91.6823970E-03
+6.8021562E-03,+8.6725409E-03,-47.5955235E-03,+91.6653571E-03
+6.8024500E-03,+10.8159708E-03,-47.6740411E-03,+91.6610135E-03
+6.8027437E-03,+11.7684226E-03,-47.7091234E-03,+91.6539971E-03
+6.8030375E-03,+12.3668703E-03,-47.6306058E-03,+91.6653571E-03
+6.8033312E-03,+11.7245028E-03,-47.5520882E-03,+91.6653571E-03
+6.8036250E-03,+10.0173300E-03,-47.5387235E-03,+91.6653571E-03
+6.8039187E-03,+7.6720531E-03,-47.6523235E-03,+91.6675288E-03
+6.8042125E-03,+6.3980501E-03,-47.6523235E-03,+91.6732088E-03
+6.8045062E-03,+7.5363614E-03,-47.6088882E-03,+91.6732088E-03
+6.8048000E-03,+9.6206926E-03,-47.4735706E-03,+91.6666935E-03
+6.8050937E-03,+11.6278427E-03,-47.4167707E-03,+91.6561688E-03
+6.8053875E-03,+12.2233134E-03,-47.3950531E-03,+91.6753806E-03
+6.8056812E-03,+11.0620316E-03,-47.4034060E-03,+91.6767170E-03
+6.8059750E-03,+8.8719623E-03,-47.6172411E-03,+91.6610135E-03
+6.8062687E-03,+7.0790081E-03,-47.7308410E-03,+91.6561688E-03
+6.8065625E-03,+6.9595979E-03,-47.7525587E-03,+91.6666935E-03
+6.8068562E-03,+8.8701981E-03,-47.7007705E-03,+91.6539971E-03
+6.8071500E-03,+10.5114362E-03,-47.4384883E-03,+91.6610135E-03
+6.8074437E-03,+12.1798347E-03,-47.4518530E-03,+91.6496535E-03
+6.8077375E-03,+12.8171669E-03,-47.4034060E-03,+91.6496535E-03
+6.8080312E-03,+12.3065955E-03,-47.5955235E-03,+91.6561688E-03
+6.8083250E-03,+9.7936886E-03,-47.5654529E-03,+91.6710371E-03
+6.8086187E-03,+8.7848578E-03,-47.3599707E-03,+91.6631853E-03
+6.8089125E-03,+8.3070700E-03,-47.4819236E-03,+91.6575053E-03
+6.8092062E-03,+7.9907009E-03,-47.6523235E-03,+91.6640206E-03
+6.8095000E-03,+8.4982954E-03,-47.6740411E-03,+91.6767170E-03
+6.8097937E-03,+10.6391893E-03,-47.6222529E-03,+91.6675288E-03
+6.8100875E-03,+11.9384415E-03,-47.4034060E-03,+91.6710371E-03
+6.8103812E-03,+11.2401362E-03,-47.5520882E-03,+91.6675288E-03
+6.8106750E-03,+9.1520194E-03,-47.6473117E-03,+91.6732088E-03
+6.8109687E-03,+7.4446996E-03,-47.8711703E-03,+91.6710371E-03
+6.8112625E-03,+6.8802484E-03,-47.5687941E-03,+91.6675288E-03
+6.8115562E-03,+7.5820820E-03,-47.9012409E-03,+91.6688653E-03
+6.8118500E-03,+9.2209311E-03,-47.7959939E-03,+91.6531618E-03
+6.8121437E-03,+12.1364295E-03,-47.9012409E-03,+91.6439735E-03
+6.8124375E-03,+13.1959792E-03,-47.6439705E-03,+91.6474818E-03
+6.8127312E-03,+12.1940213E-03,-47.4384883E-03,+91.6483171E-03
+6.8130250E-03,+10.0236148E-03,-47.5170059E-03,+91.6631853E-03
+6.8133187E-03,+7.8068996E-03,-47.5955235E-03,+91.6553335E-03
+6.8136125E-03,+7.0878656E-03,-47.6740411E-03,+91.6539971E-03
+6.8139062E-03,+7.3582200E-03,-47.7742763E-03,+91.6631853E-03
+6.8142000E-03,+9.8318381E-03,-47.7358528E-03,+91.6531618E-03
+6.8144937E-03,+12.8720390E-03,-47.4034060E-03,+91.6526606E-03
+6.8147875E-03,+13.1872688E-03,-47.5738059E-03,+91.6745453E-03
+6.8150812E-03,+12.7123477E-03,-47.5738059E-03,+91.6596771E-03
+6.8153750E-03,+9.6173481E-03,-47.6389588E-03,+91.6610135E-03
+6.8156687E-03,+7.1531755E-03,-47.7442057E-03,+91.6496535E-03
+6.8159625E-03,+6.0312561E-03,-47.6172411E-03,+91.6496535E-03
+6.8162562E-03,+6.3123056E-03,-47.7091234E-03,+91.6561688E-03
+6.8165500E-03,+8.2252212E-03,-47.6088882E-03,+91.6775523E-03
+6.8168437E-03,+10.3845284E-03,-47.4952883E-03,+91.6823970E-03
+6.8171375E-03,+11.9110974E-03,-47.4952883E-03,+91.6610135E-03
+6.8174312E-03,+11.3897206E-03,-47.4952883E-03,+91.6561688E-03
+6.8177250E-03,+10.1315213E-03,-47.4952883E-03,+91.6645218E-03
+6.8180187E-03,+8.2247802E-03,-47.5387235E-03,+91.6483171E-03
+6.8183125E-03,+6.4840887E-03,-47.5437353E-03,+91.6697006E-03
+6.8186062E-03,+6.8566162E-03,-47.4117589E-03,+91.6745453E-03
+6.8189000E-03,+9.6757117E-03,-47.7442057E-03,+91.6596771E-03
+6.8191937E-03,+12.3575350E-03,-47.5955235E-03,+91.6675288E-03
+6.8194875E-03,+13.5608989E-03,-47.6957587E-03,+91.6710371E-03
+6.8197812E-03,+13.0731510E-03,-47.7659234E-03,+91.6653571E-03
+6.8200750E-03,+11.4172485E-03,-47.6088882E-03,+91.6653571E-03
+6.8203687E-03,+9.1391559E-03,-47.5170059E-03,+91.6588418E-03
+6.8206625E-03,+7.2391773E-03,-47.5955235E-03,+91.6483171E-03
+6.8209562E-03,+7.2209111E-03,-47.6088882E-03,+91.6653571E-03
+6.8212500E-03,+8.5070793E-03,-47.4735706E-03,+91.6653571E-03
+6.8215437E-03,+11.4886961E-03,-47.3733354E-03,+91.6631853E-03
+6.8218375E-03,+13.2130326E-03,-47.3466060E-03,+91.6531618E-03
+6.8221312E-03,+13.2247935E-03,-47.6172411E-03,+91.6548324E-03
+6.8224250E-03,+11.7956197E-03,-47.7308410E-03,+91.6823970E-03
+6.8227187E-03,+8.9610881E-03,-47.6439705E-03,+91.6653571E-03
+6.8230125E-03,+6.7341923E-03,-47.4602059E-03,+91.6675288E-03
+6.8233062E-03,+6.6810108E-03,-47.6172411E-03,+91.6688653E-03
+6.8236000E-03,+7.9295808E-03,-47.7959939E-03,+91.6531618E-03
+6.8238937E-03,+9.8084265E-03,-47.8360880E-03,+91.6461453E-03
+6.8241875E-03,+11.0683163E-03,-47.4735706E-03,+91.6575053E-03
+6.8244812E-03,+10.7579380E-03,-47.5253588E-03,+91.6575053E-03
+6.8247750E-03,+10.3481063E-03,-47.7224881E-03,+91.6531618E-03
+6.8250687E-03,+8.4270682E-03,-47.5170059E-03,+91.6461453E-03
+6.8253625E-03,+6.6116213E-03,-47.6389588E-03,+91.6575053E-03
+6.8256562E-03,+6.4943795E-03,-47.7659234E-03,+91.6596771E-03
+6.8259500E-03,+7.9503462E-03,-47.6306058E-03,+91.6675288E-03
+6.8262437E-03,+10.0860212E-03,-47.5738059E-03,+91.6645218E-03
+6.8265375E-03,+11.5869734E-03,-47.5738059E-03,+91.6483171E-03
+6.8268312E-03,+12.1073579E-03,-47.6389588E-03,+91.6653571E-03
+6.8271250E-03,+11.7141018E-03,-47.7442057E-03,+91.6610135E-03
+6.8274187E-03,+9.4475864E-03,-47.5738059E-03,+91.6474818E-03
+6.8277125E-03,+8.3569437E-03,-47.6172411E-03,+91.6504888E-03
+6.8280062E-03,+7.8409328E-03,-47.7091234E-03,+91.6688653E-03
+6.8283000E-03,+8.6336931E-03,-47.6306058E-03,+91.6661924E-03
+6.8285937E-03,+10.0497093E-03,-47.5520882E-03,+91.6802253E-03
+6.8288875E-03,+11.1013572E-03,-47.4952883E-03,+91.6618488E-03
+6.8291812E-03,+11.4501423E-03,-47.5604412E-03,+91.6753806E-03
+6.8294750E-03,+11.3862658E-03,-47.6439705E-03,+91.6767170E-03
+6.8297687E-03,+9.6193695E-03,-47.4819236E-03,+91.6610135E-03
+6.8300625E-03,+7.3721494E-03,-47.6740411E-03,+91.6561688E-03
+6.8303562E-03,+7.0073399E-03,-47.7091234E-03,+91.6688653E-03
+6.8306500E-03,+8.2595117E-03,-47.5871706E-03,+91.6618488E-03
+6.8309437E-03,+10.2399792E-03,-47.4384883E-03,+91.6710371E-03
+6.8312375E-03,+11.5927069E-03,-47.4952883E-03,+91.6653571E-03
+6.8315312E-03,+12.5430270E-03,-47.5387235E-03,+91.6631853E-03
+6.8318250E-03,+12.7689471E-03,-47.6306058E-03,+91.6575053E-03
+6.8321187E-03,+11.5739262E-03,-47.5520882E-03,+91.6553335E-03
+6.8324125E-03,+8.9596179E-03,-47.6255941E-03,+91.6539971E-03
+6.8327062E-03,+7.7011614E-03,-48.0098291E-03,+91.6610135E-03
+6.8330000E-03,+7.5702108E-03,-48.0365585E-03,+91.6496535E-03
+6.8332937E-03,+8.9850509E-03,-47.7659234E-03,+91.6453100E-03
+6.8335875E-03,+10.9789332E-03,-47.6088882E-03,+91.6426371E-03
+6.8338812E-03,+12.2291938E-03,-47.4952883E-03,+91.6610135E-03
+6.8341750E-03,+11.5623857E-03,-47.4952883E-03,+91.6561688E-03
+6.8344687E-03,+10.5520482E-03,-47.5387235E-03,+91.6688653E-03
+6.8347625E-03,+8.3003810E-03,-47.6740411E-03,+91.6575053E-03
+6.8350562E-03,+6.6999386E-03,-47.6656881E-03,+91.6596771E-03
+6.8353500E-03,+7.6146451E-03,-47.4301354E-03,+91.6653571E-03
+6.8356437E-03,+8.5296456E-03,-47.3248884E-03,+91.6631853E-03
+6.8359375E-03,+10.0455930E-03,-47.5387235E-03,+91.6618488E-03
+6.8362312E-03,+11.6469909E-03,-47.6957587E-03,+91.6666935E-03
+6.8365250E-03,+12.5325891E-03,-47.8310763E-03,+91.6561688E-03
+6.8368187E-03,+11.5699201E-03,-47.8444410E-03,+91.6775523E-03
+6.8371125E-03,+9.5859979E-03,-47.6439705E-03,+91.6802253E-03
+6.8374062E-03,+7.3719289E-03,-47.4167707E-03,+91.6640206E-03
+6.8377000E-03,+6.5795360E-03,-47.4602059E-03,+91.6767170E-03
+6.8379937E-03,+7.6647760E-03,-47.5086530E-03,+91.6653571E-03
+6.8382875E-03,+9.6768878E-03,-47.4251236E-03,+91.6653571E-03
+6.8385812E-03,+10.6490391E-03,-47.5871706E-03,+91.6718723E-03
+6.8388750E-03,+11.6950638E-03,-47.4819236E-03,+91.6845688E-03
+6.8391687E-03,+11.4105227E-03,-47.6523235E-03,+91.6732088E-03
+6.8394625E-03,+9.2854325E-03,-47.5437353E-03,+91.6732088E-03
+6.8397562E-03,+7.0909896E-03,-47.3466060E-03,+91.6753806E-03
+6.8400500E-03,+6.6956017E-03,-47.6606764E-03,+91.6767170E-03
+6.8403437E-03,+8.1689893E-03,-47.8661586E-03,+91.6697006E-03
+6.8406375E-03,+10.1891866E-03,-47.7007705E-03,+91.6810606E-03
+6.8409312E-03,+12.0104037E-03,-47.4602059E-03,+91.6788888E-03
+6.8412250E-03,+13.1010097E-03,-47.6389588E-03,+91.6732088E-03
+6.8415187E-03,+12.5243933E-03,-47.7876410E-03,+91.6666935E-03
+6.8418125E-03,+10.1041037E-03,-47.7091234E-03,+91.6561688E-03
+6.8421062E-03,+7.5749887E-03,-47.6523235E-03,+91.6666935E-03
+6.8424000E-03,+6.6180163E-03,-47.7391940E-03,+91.6583406E-03
+6.8426937E-03,+7.9284782E-03,-47.8578056E-03,+91.6788888E-03
+6.8429875E-03,+10.4329687E-03,-47.5303706E-03,+91.6710371E-03
+6.8432812E-03,+11.7769493E-03,-47.4384883E-03,+91.6653571E-03
+6.8435750E-03,+11.1938275E-03,-47.5170059E-03,+91.6653571E-03
+6.8438687E-03,+11.2151442E-03,-47.5738059E-03,+91.6631853E-03
+6.8441625E-03,+10.4539914E-03,-47.5955235E-03,+91.6618488E-03
+6.8444562E-03,+8.0334078E-03,-47.6306058E-03,+91.6753806E-03
+6.8447500E-03,+6.9717631E-03,-47.5738059E-03,+91.6810606E-03
+6.8450437E-03,+7.5850590E-03,-47.5738059E-03,+91.6788888E-03
+6.8453375E-03,+10.0357432E-03,-47.5738059E-03,+91.6666935E-03
+6.8456312E-03,+12.3616146E-03,-47.6389588E-03,+91.6539971E-03
+6.8459250E-03,+12.9338574E-03,-47.7442057E-03,+91.6697006E-03
+6.8462187E-03,+12.6008393E-03,-47.6389588E-03,+91.6810606E-03
+6.8465125E-03,+11.0868398E-03,-47.7224881E-03,+91.6767170E-03
+6.8468062E-03,+8.8255801E-03,-47.5604412E-03,+91.6653571E-03
+6.8471000E-03,+6.7784428E-03,-47.7525587E-03,+91.6610135E-03
+6.8473937E-03,+7.3775888E-03,-47.7442057E-03,+91.6561688E-03
+6.8476875E-03,+9.2626089E-03,-47.6172411E-03,+91.6775523E-03
+6.8479812E-03,+11.1452769E-03,-47.7308410E-03,+91.6802253E-03
+6.8482750E-03,+11.9114649E-03,-47.6874058E-03,+91.6596771E-03
+6.8485687E-03,+11.9077529E-03,-47.5086530E-03,+91.6653571E-03
+6.8488625E-03,+9.3086971E-03,-47.4468413E-03,+91.6631853E-03
+6.8491562E-03,+8.0679188E-03,-47.6874058E-03,+91.6531618E-03
+6.8494500E-03,+6.5145201E-03,-47.6823940E-03,+91.6439735E-03
+6.8497437E-03,+6.8800646E-03,-47.9012409E-03,+91.6561688E-03
+6.8500375E-03,+8.2373864E-03,-47.6222529E-03,+91.6710371E-03
+6.8503312E-03,+10.0623523E-03,-47.3816884E-03,+91.6697006E-03
+6.8506250E-03,+11.7243926E-03,-47.5170059E-03,+91.6832323E-03
+6.8509187E-03,+11.2455389E-03,-47.5303706E-03,+91.6802253E-03
+6.8512125E-03,+9.3959853E-03,-47.4602059E-03,+91.6596771E-03
+6.8515062E-03,+8.4312213E-03,-47.6389588E-03,+91.6718723E-03
+6.8518000E-03,+8.2727427E-03,-47.7442057E-03,+91.6823970E-03
+6.8520937E-03,+8.3290850E-03,-47.5955235E-03,+91.6653571E-03
+6.8523875E-03,+8.8510131E-03,-47.6523235E-03,+91.6653571E-03
+6.8526812E-03,+10.0871605E-03,-47.6740411E-03,+91.6653571E-03
+6.8529750E-03,+11.9924683E-03,-47.6656881E-03,+91.6718723E-03
+6.8532687E-03,+12.3073673E-03,-47.4735706E-03,+91.6802253E-03
+6.8535625E-03,+11.1189251E-03,-47.4602059E-03,+91.6618488E-03
+6.8538562E-03,+9.9748437E-03,-47.5086530E-03,+91.6710371E-03
+6.8541500E-03,+8.5765056E-03,-47.3599707E-03,+91.6697006E-03
+6.8544437E-03,+7.6032884E-03,-47.4384883E-03,+91.6723735E-03
+6.8547375E-03,+8.6864703E-03,-47.5604412E-03,+91.6474818E-03
+6.8550312E-03,+10.7089463E-03,-47.7091234E-03,+91.6461453E-03
+6.8553250E-03,+11.8949261E-03,-47.6306058E-03,+91.6596771E-03
+6.8556187E-03,+12.7671830E-03,-47.6172411E-03,+91.6610135E-03
+6.8559125E-03,+11.3404349E-03,-47.7308410E-03,+91.6518253E-03
+6.8562062E-03,+10.0674243E-03,-47.6005353E-03,+91.6640206E-03
+6.8565000E-03,+8.9044518E-03,-47.3248884E-03,+91.6745453E-03
+6.8567937E-03,+7.6354840E-03,-47.5387235E-03,+91.6531618E-03
+6.8570875E-03,+8.0507919E-03,-47.6306058E-03,+91.6418018E-03
+6.8573812E-03,+9.1785550E-03,-47.5955235E-03,+91.6461453E-03
+6.8576750E-03,+10.8300104E-03,-47.6306058E-03,+91.6531618E-03
+6.8579687E-03,+11.8127833E-03,-47.5738059E-03,+91.6548324E-03
+6.8582625E-03,+10.4617830E-03,-47.5520882E-03,+91.6802253E-03
+6.8585562E-03,+9.5175272E-03,-47.4952883E-03,+91.6531618E-03
+6.8588500E-03,+8.9862638E-03,-47.6038764E-03,+91.6439735E-03
+6.8591437E-03,+8.1556480E-03,-47.8010057E-03,+91.6474818E-03
+6.8594375E-03,+7.9134095E-03,-47.5520882E-03,+91.6461453E-03
+6.8597312E-03,+8.1036793E-03,-47.5387235E-03,+91.6575053E-03
+6.8600250E-03,+9.5269359E-03,-47.6088882E-03,+91.6618488E-03
+6.8603187E-03,+10.4869220E-03,-47.4952883E-03,+91.6666935E-03
+6.8606125E-03,+10.4620403E-03,-47.5170059E-03,+91.6539971E-03
+6.8609062E-03,+10.4078665E-03,-47.5738059E-03,+91.6610135E-03
+6.8612000E-03,+9.2221808E-03,-47.6606764E-03,+91.6474818E-03
+6.8614937E-03,+7.7103497E-03,-47.8878762E-03,+91.6439735E-03
+6.8617875E-03,+8.0010285E-03,-47.7358528E-03,+91.6539971E-03
+6.8620812E-03,+8.4335367E-03,-47.3816884E-03,+91.6675288E-03
+6.8623750E-03,+9.8693995E-03,-47.4952883E-03,+91.6753806E-03
+6.8626687E-03,+11.5576446E-03,-47.4518530E-03,+91.6767170E-03
+6.8629625E-03,+11.9114282E-03,-47.3816884E-03,+91.6653571E-03
+6.8632562E-03,+10.5985406E-03,-47.5170059E-03,+91.6631853E-03
+6.8635500E-03,+10.0199027E-03,-47.5520882E-03,+91.6596771E-03
+6.8638437E-03,+8.3433819E-03,-47.4735706E-03,+91.6675288E-03
+6.8641375E-03,+7.3095959E-03,-47.4819236E-03,+91.6688653E-03
+6.8644312E-03,+8.7836817E-03,-47.6088882E-03,+91.6596771E-03
+6.8647250E-03,+10.1486114E-03,-47.4735706E-03,+91.6675288E-03
+6.8650187E-03,+11.6648161E-03,-47.4602059E-03,+91.6688653E-03
+6.8653125E-03,+11.8165321E-03,-47.5738059E-03,+91.6575053E-03
+6.8656062E-03,+10.2091435E-03,-47.5520882E-03,+91.6618488E-03
+6.8659000E-03,+9.0214731E-03,-47.5821588E-03,+91.6732088E-03
+6.8661937E-03,+8.2666050E-03,-47.7442057E-03,+91.6775523E-03
+6.8664875E-03,+7.4715660E-03,-47.5738059E-03,+91.6823970E-03
+6.8667812E-03,+8.7076032E-03,-47.6172411E-03,+91.6653571E-03
+6.8670750E-03,+10.6723772E-03,-47.6656881E-03,+91.6610135E-03
+6.8673687E-03,+12.1359517E-03,-47.4952883E-03,+91.6518253E-03
+6.8676625E-03,+12.4193902E-03,-47.4518530E-03,+91.6618488E-03
+6.8679562E-03,+11.8451994E-03,-47.3816884E-03,+91.6710371E-03
+6.8682500E-03,+10.1557783E-03,-47.5387235E-03,+91.6718723E-03
+6.8685437E-03,+8.8849728E-03,-47.6957587E-03,+91.6823970E-03
+6.8688375E-03,+7.3057369E-03,-47.7876410E-03,+91.6610135E-03
+6.8691312E-03,+7.5055257E-03,-47.7308410E-03,+91.6518253E-03
+6.8694250E-03,+9.0589243E-03,-47.7091234E-03,+91.6618488E-03
+6.8697187E-03,+10.8857278E-03,-47.6740411E-03,+91.6688653E-03
+6.8700125E-03,+12.2353683E-03,-47.6656881E-03,+91.6575053E-03
+6.8703062E-03,+11.9661900E-03,-47.5604412E-03,+91.6596771E-03
+6.8706000E-03,+10.2067546E-03,-47.7091234E-03,+91.6653571E-03
+6.8708937E-03,+8.3365826E-03,-47.6306058E-03,+91.6653571E-03
+6.8711875E-03,+7.4226846E-03,-47.5738059E-03,+91.6675288E-03
+6.8714812E-03,+7.6159314E-03,-47.5303706E-03,+91.6732088E-03
+6.8717750E-03,+8.9624111E-03,-47.5036412E-03,+91.6797241E-03
+6.8720687E-03,+11.2998597E-03,-47.7308410E-03,+91.6924206E-03
+6.8723625E-03,+12.7178606E-03,-47.6874058E-03,+91.6767170E-03
+6.8726562E-03,+12.0653494E-03,-47.5738059E-03,+91.6697006E-03
+6.8729500E-03,+9.5861449E-03,-47.5086530E-03,+91.6810606E-03
+6.8732437E-03,+6.8174377E-03,-47.4902765E-03,+91.6745453E-03
+6.8735375E-03,+5.6119421E-03,-47.8661586E-03,+91.6596771E-03
+6.8738312E-03,+6.3594596E-03,-47.7876410E-03,+91.6718723E-03
+6.8741250E-03,+8.6870951E-03,-47.6222529E-03,+91.6823970E-03
+6.8744187E-03,+10.9357486E-03,-47.3816884E-03,+91.6675288E-03
+6.8747125E-03,+12.6765503E-03,-47.4952883E-03,+91.6732088E-03
+6.8750062E-03,+12.4627954E-03,-47.5170059E-03,+91.6688653E-03
+6.8753000E-03,+10.7398188E-03,-47.5738059E-03,+91.6596771E-03
+6.8755937E-03,+8.1809340E-03,-47.6389588E-03,+91.6588418E-03
+6.8758875E-03,+6.4851546E-03,-47.7007705E-03,+91.6504888E-03
+6.8761812E-03,+6.8565060E-03,-47.4602059E-03,+91.6753806E-03
+6.8764750E-03,+8.8162081E-03,-47.5738059E-03,+91.6767170E-03
+6.8767687E-03,+11.2453919E-03,-47.5520882E-03,+91.6631853E-03
+6.8770625E-03,+12.7139648E-03,-47.5387235E-03,+91.6618488E-03
+6.8773562E-03,+12.9824448E-03,-47.5654529E-03,+91.6688653E-03
+6.8776500E-03,+11.8004344E-03,-47.4034060E-03,+91.6640206E-03
+6.8779437E-03,+9.3661419E-03,-47.5303706E-03,+91.6745453E-03
+6.8782375E-03,+7.3132344E-03,-47.4602059E-03,+91.6575053E-03
+6.8785312E-03,+6.9214851E-03,-47.5738059E-03,+91.6640206E-03
+6.8788250E-03,+8.5068588E-03,-47.5303706E-03,+91.6788888E-03
+6.8791187E-03,+11.1424837E-03,-47.4384883E-03,+91.6753806E-03
+6.8794125E-03,+12.6846727E-03,-47.5170059E-03,+91.6767170E-03
+6.8797062E-03,+13.1242008E-03,-47.5955235E-03,+91.6631853E-03
+6.8800000E-03,+10.7697724E-03,-47.6523235E-03,+91.6596771E-03
+6.8802937E-03,+8.3065554E-03,-47.6740411E-03,+91.6610135E-03
+6.8805875E-03,+6.3982707E-03,-47.7525587E-03,+91.6474818E-03
+6.8808812E-03,+5.8917420E-03,-47.7007705E-03,+91.6483171E-03
+6.8811750E-03,+7.5741434E-03,-47.4167707E-03,+91.6653571E-03
+6.8814687E-03,+9.6120189E-03,-47.4602059E-03,+91.6697006E-03
+6.8817625E-03,+11.5546309E-03,-47.5738059E-03,+91.6767170E-03
+6.8820562E-03,+12.0185261E-03,-47.5738059E-03,+91.6653571E-03
+6.8823500E-03,+11.8880166E-03,-47.4869353E-03,+91.6697006E-03
+6.8826437E-03,+9.5719215E-03,-47.3248884E-03,+91.6745453E-03
+6.8829375E-03,+7.5516138E-03,-47.4735706E-03,+91.6596771E-03
+6.8832312E-03,+6.8231343E-03,-47.5253588E-03,+91.6653571E-03
+6.8835250E-03,+7.9848204E-03,-47.6356176E-03,+91.6718723E-03
+6.8838187E-03,+10.7380179E-03,-47.2463708E-03,+91.6845688E-03
+6.8841125E-03,+12.5331037E-03,-47.5470765E-03,+91.6666935E-03
+6.8844062E-03,+12.9353643E-03,-47.8010057E-03,+91.6539971E-03
+6.8847000E-03,+11.4032089E-03,-47.5955235E-03,+91.6653571E-03
+6.8849937E-03,+9.8096761E-03,-47.6306058E-03,+91.6675288E-03
+6.8852875E-03,+7.7458530E-03,-47.5738059E-03,+91.6732088E-03
+6.8855812E-03,+7.0052450E-03,-47.5955235E-03,+91.6688653E-03
+6.8858750E-03,+7.4537408E-03,-47.6523235E-03,+91.6618488E-03
+6.8861687E-03,+9.5846380E-03,-47.5871706E-03,+91.6710371E-03
+6.8864625E-03,+12.2709084E-03,-47.4384883E-03,+91.6653571E-03
+6.8867562E-03,+12.7669257E-03,-47.5604412E-03,+91.6697006E-03
+6.8870500E-03,+11.7768022E-03,-47.6874058E-03,+91.6810606E-03
+6.8873437E-03,+9.5705616E-03,-47.6172411E-03,+91.6810606E-03
+6.8876375E-03,+7.7201260E-03,-47.6874058E-03,+91.6767170E-03
+6.8879312E-03,+6.7105602E-03,-47.5955235E-03,+91.6718723E-03
+6.8882250E-03,+7.8978630E-03,-47.5871706E-03,+91.6802253E-03
+6.8885187E-03,+10.2254618E-03,-47.4819236E-03,+91.6531618E-03
+6.8888125E-03,+11.9989001E-03,-47.5871706E-03,+91.6504888E-03
+6.8891062E-03,+12.7227855E-03,-47.4602059E-03,+91.6688653E-03
+6.8894000E-03,+11.7025981E-03,-47.6172411E-03,+91.6640206E-03
+6.8896937E-03,+9.8853136E-03,-47.6439705E-03,+91.6788888E-03
+6.8899875E-03,+7.8888953E-03,-47.5687941E-03,+91.6666935E-03
+6.8902812E-03,+7.2198085E-03,-47.8795233E-03,+91.6539971E-03
+6.8905750E-03,+7.2437347E-03,-47.6088882E-03,+91.6631853E-03
+6.8908687E-03,+8.8754170E-03,-47.4735706E-03,+91.6596771E-03
+6.8911625E-03,+10.9796683E-03,-47.4819236E-03,+91.6675288E-03
+6.8914562E-03,+11.9439177E-03,-47.6957587E-03,+91.6753806E-03
+6.8917500E-03,+11.1392127E-03,-47.7442057E-03,+91.6788888E-03
+6.8920437E-03,+9.0195987E-03,-47.5955235E-03,+91.6753806E-03
+6.8923375E-03,+6.9675733E-03,-47.6523235E-03,+91.6832323E-03
+6.8926312E-03,+5.9098612E-03,-47.7174763E-03,+91.6802253E-03
+6.8929250E-03,+6.4793843E-03,-47.7575704E-03,+91.6553335E-03
+6.8932187E-03,+8.1433725E-03,-47.4602059E-03,+91.6561688E-03
+6.8935125E-03,+10.7738520E-03,-47.5738059E-03,+91.6732088E-03
+6.8938062E-03,+12.3030304E-03,-47.5738059E-03,+91.6688653E-03
+6.8941000E-03,+12.4809146E-03,-47.5738059E-03,+91.6640206E-03
+6.8943937E-03,+10.5832882E-03,-47.6389588E-03,+91.6832323E-03
+6.8946875E-03,+7.7716168E-03,-47.7876410E-03,+91.6802253E-03
+6.8949812E-03,+6.9040643E-03,-47.8177116E-03,+91.6618488E-03
+6.8952750E-03,+6.7771197E-03,-47.8494527E-03,+91.6732088E-03
+6.8955687E-03,+8.9249967E-03,-47.3599707E-03,+91.6710371E-03
+6.8958625E-03,+11.9458289E-03,-47.5253588E-03,+91.6653571E-03
+6.8961562E-03,+13.4123069E-03,-47.7659234E-03,+91.6675288E-03
+6.8964500E-03,+13.4473692E-03,-47.6088882E-03,+91.6753806E-03
+6.8967437E-03,+11.3549156E-03,-47.5387235E-03,+91.6810606E-03
+6.8970375E-03,+8.8559012E-03,-47.6306058E-03,+91.6788888E-03
+6.8973312E-03,+6.6091221E-03,-47.5303706E-03,+91.6797241E-03
+6.8976250E-03,+6.4337740E-03,-47.3950531E-03,+91.6880770E-03
+6.8979187E-03,+8.0723659E-03,-47.3382531E-03,+91.6697006E-03
+6.8982125E-03,+10.7573499E-03,-47.3599707E-03,+91.6745453E-03
+6.8985062E-03,+13.2268884E-03,-47.4384883E-03,+91.6553335E-03
+6.8988000E-03,+12.7568187E-03,-47.5170059E-03,+91.6561688E-03
+6.8990937E-03,+11.4454380E-03,-47.5955235E-03,+91.6710371E-03
+6.8993875E-03,+8.8647587E-03,-47.5871706E-03,+91.6697006E-03
+6.8996812E-03,+6.4103256E-03,-47.5036412E-03,+91.6788888E-03
+6.8999750E-03,+5.6717023E-03,-47.7091234E-03,+91.6753806E-03
+6.9002687E-03,+7.4522339E-03,-47.6957587E-03,+91.6788888E-03
+6.9005625E-03,+10.6899818E-03,-47.7659234E-03,+91.6688653E-03
+6.9008562E-03,+12.7997093E-03,-47.6088882E-03,+91.6575053E-03
+6.9011500E-03,+13.3661085E-03,-47.4735706E-03,+91.6553335E-03
+6.9014437E-03,+12.4670220E-03,-47.4167707E-03,+91.6539971E-03
+6.9017375E-03,+9.8933992E-03,-47.4384883E-03,+91.6631853E-03
+6.9020312E-03,+6.9980047E-03,-47.4518530E-03,+91.6618488E-03
+6.9023250E-03,+6.2087726E-03,-47.4251236E-03,+91.6710371E-03
+6.9026187E-03,+7.8317445E-03,-47.5871706E-03,+91.6631853E-03
+6.9029125E-03,+10.2307542E-03,-47.4384883E-03,+91.6618488E-03
+6.9032062E-03,+12.1409501E-03,-47.5170059E-03,+91.6732088E-03
+6.9035000E-03,+12.5569196E-03,-47.5738059E-03,+91.6688653E-03
+6.9037937E-03,+11.9840887E-03,-47.4869353E-03,+91.6575053E-03
+6.9040875E-03,+9.7314291E-03,-47.3900413E-03,+91.6618488E-03
+6.9043812E-03,+7.4920374E-03,-47.7091234E-03,+91.6753806E-03
+6.9046750E-03,+6.5054422E-03,-47.6957587E-03,+91.6745453E-03
+6.9049687E-03,+7.6559553E-03,-47.7442057E-03,+91.6618488E-03
+6.9052625E-03,+10.5251818E-03,-47.6389588E-03,+91.6710371E-03
+6.9055562E-03,+12.4315186E-03,-47.7224881E-03,+91.6697006E-03
+6.9058500E-03,+12.7770328E-03,-47.5604412E-03,+91.6767170E-03
+6.9061437E-03,+11.4565374E-03,-47.6439705E-03,+91.6653571E-03
+6.9064375E-03,+9.6263526E-03,-47.5036412E-03,+91.6653571E-03
+6.9067312E-03,+6.9214852E-03,-47.6439705E-03,+91.6631853E-03
+6.9070250E-03,+5.9704668E-03,-47.5253588E-03,+91.6618488E-03
+6.9073187E-03,+7.2736148E-03,-47.8310763E-03,+91.6688653E-03
+6.9076125E-03,+10.3183364E-03,-47.8661586E-03,+91.6553335E-03
+6.9079062E-03,+12.0680323E-03,-47.7007705E-03,+91.6539971E-03
+6.9082000E-03,+12.9403260E-03,-47.3950531E-03,+91.6631853E-03
+6.9084937E-03,+11.4975536E-03,-47.3816884E-03,+91.6553335E-03
+6.9087875E-03,+9.0798735E-03,-47.5604412E-03,+91.6518253E-03
+6.9090812E-03,+6.8365124E-03,-47.6874058E-03,+91.6661924E-03
+6.9093750E-03,+5.5680959E-03,-47.6389588E-03,+91.6889123E-03
+6.9096687E-03,+7.3437026E-03,-47.7876410E-03,+91.6845688E-03
+6.9099625E-03,+10.1364830E-03,-47.7308410E-03,+91.6732088E-03
+6.9102562E-03,+12.2123978E-03,-47.7308410E-03,+91.6732088E-03
+6.9105500E-03,+12.7070552E-03,-47.6439705E-03,+91.6666935E-03
+6.9108437E-03,+11.6189117E-03,-47.5036412E-03,+91.6583406E-03
+6.9111375E-03,+10.1312273E-03,-47.7308410E-03,+91.6745453E-03
+6.9114312E-03,+7.9566310E-03,-47.7525587E-03,+91.6618488E-03
+6.9117250E-03,+6.5263546E-03,-47.7224881E-03,+91.6710371E-03
+6.9120187E-03,+6.8505520E-03,-47.5604412E-03,+91.6697006E-03
+6.9123125E-03,+9.7065474E-03,-47.7525587E-03,+91.6745453E-03
+6.9126062E-03,+12.0254724E-03,-47.7876410E-03,+91.6596771E-03
+6.9129000E-03,+13.7661272E-03,-47.7091234E-03,+91.6653571E-03
+6.9131937E-03,+13.0279082E-03,-47.6306058E-03,+91.6675288E-03
+6.9134875E-03,+10.3597202E-03,-47.5955235E-03,+91.6797241E-03
+6.9137812E-03,+8.3678225E-03,-47.6088882E-03,+91.6815618E-03
+6.9140750E-03,+7.0224822E-03,-47.5170059E-03,+91.6483171E-03
+6.9143687E-03,+7.2079741E-03,-47.6389588E-03,+91.6697006E-03
+6.9146625E-03,+9.3432448E-03,-47.7876410E-03,+91.6745453E-03
+6.9149562E-03,+11.8863259E-03,-47.7091234E-03,+91.6596771E-03
+6.9152500E-03,+13.2983361E-03,-47.7391940E-03,+91.6675288E-03
+6.9155437E-03,+13.0742903E-03,-47.8795233E-03,+91.6732088E-03
+6.9158375E-03,+11.5072564E-03,-47.6740411E-03,+91.6753806E-03
+6.9161312E-03,+7.8913578E-03,-47.6874058E-03,+91.6767170E-03
+6.9164250E-03,+5.7378576E-03,-47.5520882E-03,+91.6610135E-03
+6.9167187E-03,+6.4582514E-03,-47.5387235E-03,+91.6561688E-03
+6.9170125E-03,+8.0457567E-03,-47.6523235E-03,+91.6688653E-03
+6.9173062E-03,+10.3319717E-03,-47.6957587E-03,+91.6640206E-03
+6.9176000E-03,+12.5782363E-03,-47.7876410E-03,+91.6745453E-03
+6.9178937E-03,+11.8841943E-03,-47.7091234E-03,+91.6596771E-03
+6.9181875E-03,+9.4559660E-03,-47.6740411E-03,+91.6631853E-03
+6.9184812E-03,+7.4554315E-03,-47.6439705E-03,+91.6553335E-03
+6.9187750E-03,+6.3456772E-03,-47.4602059E-03,+91.6496535E-03
+6.9190687E-03,+7.0805885E-03,-47.5520882E-03,+91.6518253E-03
+6.9193625E-03,+8.2558731E-03,-47.5821588E-03,+91.6596771E-03
+6.9196562E-03,+10.5285263E-03,-47.7442057E-03,+91.6653571E-03
+6.9199500E-03,+12.3971547E-03,-47.5738059E-03,+91.6631853E-03
+6.9202437E-03,+12.4432061E-03,-47.5303706E-03,+91.6553335E-03
+6.9205375E-03,+11.5007879E-03,-47.4602059E-03,+91.6518253E-03
+6.9208312E-03,+9.4155378E-03,-47.5955235E-03,+91.6575053E-03
+6.9211250E-03,+8.7153948E-03,-47.6523235E-03,+91.6640206E-03
+6.9214187E-03,+8.0862952E-03,-47.6306058E-03,+91.6745453E-03
+6.9217125E-03,+8.4096473E-03,-47.5738059E-03,+91.6596771E-03
+6.9220062E-03,+10.4358722E-03,-47.5955235E-03,+91.6653571E-03
+6.9223000E-03,+12.7106937E-03,-47.6088882E-03,+91.6718723E-03
+6.9225937E-03,+13.4061324E-03,-47.5387235E-03,+91.6823970E-03
+6.9228875E-03,+11.6509603E-03,-47.6306058E-03,+91.6631853E-03
+6.9231812E-03,+9.3039192E-03,-47.5520882E-03,+91.6640206E-03
+6.9234750E-03,+7.3173875E-03,-47.4518530E-03,+91.6788888E-03
+6.9237687E-03,+6.7451447E-03,-47.4034060E-03,+91.6732088E-03
+6.9240625E-03,+8.0445071E-03,-47.5955235E-03,+91.6775523E-03
+6.9243562E-03,+10.4390329E-03,-47.6088882E-03,+91.6823970E-03
+6.9246500E-03,+13.1470978E-03,-47.5604412E-03,+91.6697006E-03
+6.9249437E-03,+13.1899517E-03,-47.6874058E-03,+91.6832323E-03
+6.9252375E-03,+12.3198633E-03,-47.5738059E-03,+91.6802253E-03
+6.9255312E-03,+9.3369601E-03,-47.5955235E-03,+91.6553335E-03
+6.9258250E-03,+6.4377066E-03,-47.6523235E-03,+91.6605124E-03
+6.9261187E-03,+5.7545802E-03,-47.6523235E-03,+91.6867406E-03
+6.9264125E-03,+6.3169732E-03,-47.6306058E-03,+91.6723735E-03
+6.9267062E-03,+8.8947490E-03,-47.5955235E-03,+91.6539971E-03
+6.9270000E-03,+10.6313242E-03,-47.6306058E-03,+91.6653571E-03
+6.9272937E-03,+11.5733381E-03,-47.6389588E-03,+91.6653571E-03
+6.9275875E-03,+11.0544972E-03,-47.7442057E-03,+91.6653571E-03
+6.9278812E-03,+8.9884690E-03,-47.6172411E-03,+91.6631853E-03
+6.9281750E-03,+6.8839237E-03,-47.6439705E-03,+91.6575053E-03
+6.9284687E-03,+6.1116347E-03,-47.4384883E-03,+91.6640206E-03
+6.9287625E-03,+8.1987591E-03,-47.4518530E-03,+91.6788888E-03
+6.9290562E-03,+10.5575978E-03,-47.4685589E-03,+91.6645218E-03
+6.9293500E-03,+12.9328651E-03,-47.7442057E-03,+91.6570041E-03
+6.9296437E-03,+13.5139654E-03,-47.5738059E-03,+91.6924206E-03
+6.9299375E-03,+13.0732980E-03,-47.6172411E-03,+91.6767170E-03
+6.9302312E-03,+10.5441095E-03,-47.7525587E-03,+91.6697006E-03
+6.9305250E-03,+7.8458577E-03,-47.7442057E-03,+91.6767170E-03
+6.9308187E-03,+7.3957815E-03,-47.6823940E-03,+91.6588418E-03
+6.9311125E-03,+7.8035550E-03,-47.8578056E-03,+91.6526606E-03
+6.9314062E-03,+9.6124599E-03,-47.5738059E-03,+91.6723735E-03
+6.9317000E-03,+11.2153647E-03,-47.5086530E-03,+91.6518253E-03
+6.9319937E-03,+12.8698339E-03,-47.3599707E-03,+91.6575053E-03
+6.9322875E-03,+11.7094342E-03,-47.4819236E-03,+91.6575053E-03
+6.9325812E-03,+9.8287141E-03,-47.6088882E-03,+91.6618488E-03
+6.9328750E-03,+7.5064445E-03,-47.5170059E-03,+91.6710371E-03
+6.9331687E-03,+6.7617202E-03,-47.6389588E-03,+91.6697006E-03
+6.9334625E-03,+7.9903701E-03,-47.7876410E-03,+91.6788888E-03
+6.9337562E-03,+9.5487671E-03,-47.7308410E-03,+91.6710371E-03
+6.9340500E-03,+10.9195038E-03,-47.6874058E-03,+91.6675288E-03
+6.9343437E-03,+11.9179334E-03,-47.5955235E-03,+91.6732088E-03
+6.9346375E-03,+11.9943060E-03,-47.6088882E-03,+91.6645218E-03
+6.9349312E-03,+9.9157082E-03,-47.4952883E-03,+91.6439735E-03
+6.9352250E-03,+8.0247708E-03,-47.5821588E-03,+91.6518253E-03
+6.9355187E-03,+7.3117276E-03,-47.7876410E-03,+91.6596771E-03
+6.9358125E-03,+7.7337980E-03,-47.6874058E-03,+91.6631853E-03
+6.9361062E-03,+9.1331652E-03,-47.5955235E-03,+91.6596771E-03
+6.9364000E-03,+11.4791771E-03,-47.6740411E-03,+91.6631853E-03
+6.9366937E-03,+12.9910450E-03,-47.7525587E-03,+91.6575053E-03
+6.9369875E-03,+11.9597582E-03,-47.8093586E-03,+91.6531618E-03
+6.9372812E-03,+10.6503622E-03,-47.7224881E-03,+91.6461453E-03
+6.9375750E-03,+8.7984564E-03,-47.5821588E-03,+91.6596771E-03
+6.9378687E-03,+8.4833737E-03,-47.7659234E-03,+91.6588418E-03
+6.9381625E-03,+8.3917487E-03,-47.6957587E-03,+91.6504888E-03
+6.9384562E-03,+8.6724674E-03,-47.7442057E-03,+91.6688653E-03
+6.9387500E-03,+10.1824976E-03,-47.5955235E-03,+91.6618488E-03
+6.9390437E-03,+11.2371592E-03,-47.6740411E-03,+91.6753806E-03
+6.9393375E-03,+10.6947597E-03,-47.6874058E-03,+91.6767170E-03
+6.9396312E-03,+9.9086149E-03,-47.6172411E-03,+91.6675288E-03
+6.9399250E-03,+8.4806907E-03,-47.6874058E-03,+91.6710371E-03
+6.9402187E-03,+7.9979045E-03,-47.5738059E-03,+91.6631853E-03
+6.9405125E-03,+8.2451413E-03,-47.5738059E-03,+91.6640206E-03
+6.9408062E-03,+9.3161947E-03,-47.5955235E-03,+91.6788888E-03
+6.9411000E-03,+10.6084271E-03,-47.6088882E-03,+91.6645218E-03
+6.9413937E-03,+11.9782817E-03,-47.4735706E-03,+91.6483171E-03
+6.9416875E-03,+11.5710227E-03,-47.4384883E-03,+91.6653571E-03
+6.9419812E-03,+11.2965887E-03,-47.5387235E-03,+91.6697006E-03
+6.9422750E-03,+9.8272440E-03,-47.6306058E-03,+91.6723735E-03
+6.9425687E-03,+8.7356824E-03,-47.6389588E-03,+91.6539971E-03
+6.9428625E-03,+8.1469008E-03,-47.8093586E-03,+91.6697006E-03
+6.9431562E-03,+8.8578124E-03,-47.7876410E-03,+91.6745453E-03
+6.9434500E-03,+10.4872528E-03,-47.6005353E-03,+91.6661924E-03
+6.9437437E-03,+11.0220812E-03,-47.4551942E-03,+91.6780535E-03
+6.9440375E-03,+11.1368238E-03,-47.8795233E-03,+91.6561688E-03
+6.9443312E-03,+9.9437139E-03,-47.6088882E-03,+91.6710371E-03
+6.9446250E-03,+8.9241514E-03,-47.5387235E-03,+91.6675288E-03
+6.9449187E-03,+7.9305364E-03,-47.5871706E-03,+91.6753806E-03
+6.9452125E-03,+7.2936451E-03,-47.4819236E-03,+91.6832323E-03
+6.9455062E-03,+7.4524912E-03,-47.6740411E-03,+91.6802253E-03
+6.9458000E-03,+9.3632017E-03,-47.7742763E-03,+91.6575053E-03
+6.9460937E-03,+10.6910844E-03,-47.8444410E-03,+91.6531618E-03
+6.9463875E-03,+11.6880072E-03,-47.7742763E-03,+91.6461453E-03
+6.9466812E-03,+11.2394747E-03,-47.7792881E-03,+91.6575053E-03
+6.9469750E-03,+9.7153313E-03,-47.5604412E-03,+91.6596771E-03
+6.9472687E-03,+8.2119902E-03,-47.6656881E-03,+91.6675288E-03
+6.9475625E-03,+7.0062374E-03,-47.5821588E-03,+91.6688653E-03
+6.9478562E-03,+7.4465373E-03,-47.7876410E-03,+91.6596771E-03
+6.9481500E-03,+8.6235860E-03,-47.7091234E-03,+91.6631853E-03
+6.9484437E-03,+10.8168161E-03,-47.6740411E-03,+91.6596771E-03
+6.9487375E-03,+12.5299062E-03,-47.6874058E-03,+91.6675288E-03
+6.9490312E-03,+11.8384736E-03,-47.5520882E-03,+91.6732088E-03
+6.9493250E-03,+10.6466869E-03,-47.5170059E-03,+91.6710371E-03
+6.9496187E-03,+8.9782517E-03,-47.6389588E-03,+91.6610135E-03
+6.9499125E-03,+7.6543750E-03,-47.6790528E-03,+91.6518253E-03
+6.9502062E-03,+7.4315053E-03,-47.4034060E-03,+91.6596771E-03
+6.9505000E-03,+8.9267608E-03,-47.5738059E-03,+91.6653571E-03
+6.9507937E-03,+10.5426762E-03,-47.5520882E-03,+91.6697006E-03
+6.9510875E-03,+11.9451306E-03,-47.5387235E-03,+91.6702018E-03
+6.9513812E-03,+13.0211456E-03,-47.5871706E-03,+91.6504888E-03
+6.9516750E-03,+11.4906073E-03,-47.5036412E-03,+91.6710371E-03
+6.9519687E-03,+9.4483582E-03,-47.7308410E-03,+91.6631853E-03
+6.9522625E-03,+7.9159455E-03,-47.7091234E-03,+91.6575053E-03
+6.9525562E-03,+7.3470839E-03,-47.6740411E-03,+91.6618488E-03
+6.9528500E-03,+8.0934620E-03,-47.6005353E-03,+91.6645218E-03
+6.9531437E-03,+10.3034147E-03,-47.3031708E-03,+91.6483171E-03
+6.9534375E-03,+11.9635805E-03,-47.3950531E-03,+91.6653571E-03
+6.9537312E-03,+13.3335086E-03,-47.3599707E-03,+91.6675288E-03
+6.9540250E-03,+11.7031127E-03,-47.3733354E-03,+91.6732088E-03
+6.9543187E-03,+9.4983422E-03,-47.3900413E-03,+91.6688653E-03
+6.9546125E-03,+7.3782504E-03,-47.7308410E-03,+91.6575053E-03
+6.9549062E-03,+6.4432195E-03,-47.6874058E-03,+91.6596771E-03
+6.9552000E-03,+6.4595010E-03,-47.5303706E-03,+91.6653571E-03
+6.9554937E-03,+8.6725042E-03,-47.4384883E-03,+91.6675288E-03
+6.9557875E-03,+11.8002506E-03,-47.4952883E-03,+91.6688653E-03
+6.9560812E-03,+12.8607192E-03,-47.5821588E-03,+91.6553335E-03
+6.9563750E-03,+11.4635572E-03,-47.7659234E-03,+91.6539971E-03
+6.9566687E-03,+9.1587085E-03,-47.6523235E-03,+91.6697006E-03
+6.9569625E-03,+7.0907323E-03,-47.7174763E-03,+91.6767170E-03
+6.9572562E-03,+6.5317573E-03,-47.8010057E-03,+91.6631853E-03
+6.9575500E-03,+7.2226018E-03,-47.5520882E-03,+91.6553335E-03
+6.9578437E-03,+9.1748062E-03,-47.5604412E-03,+91.6561688E-03
+6.9581375E-03,+11.5462144E-03,-47.7308410E-03,+91.6753806E-03
+6.9584312E-03,+12.6092925E-03,-47.7091234E-03,+91.6832323E-03
+6.9587250E-03,+11.6944022E-03,-47.6306058E-03,+91.6845688E-03
+6.9590187E-03,+10.1144312E-03,-47.5738059E-03,+91.6710371E-03
+6.9593125E-03,+8.6202048E-03,-47.6389588E-03,+91.6675288E-03
+6.9596062E-03,+7.9675466E-03,-47.7659234E-03,+91.6688653E-03
+6.9599000E-03,+8.4310743E-03,-47.6957587E-03,+91.6596771E-03
+6.9601937E-03,+9.7551347E-03,-47.7876410E-03,+91.6697006E-03
+6.9604875E-03,+11.0026021E-03,-47.6439705E-03,+91.6745453E-03
+6.9607812E-03,+11.9981650E-03,-47.4819236E-03,+91.6640206E-03
+6.9610750E-03,+11.5078812E-03,-47.6306058E-03,+91.6745453E-03
+6.9613687E-03,+10.6479733E-03,-47.5520882E-03,+91.6596771E-03
+6.9616625E-03,+9.1309600E-03,-47.4952883E-03,+91.6631853E-03
+6.9619562E-03,+7.6572417E-03,-47.5604412E-03,+91.6553335E-03
+6.9622500E-03,+7.7311518E-03,-47.6439705E-03,+91.6518253E-03
+6.9625437E-03,+8.8618919E-03,-47.5253588E-03,+91.6618488E-03
+6.9628375E-03,+10.4691703E-03,-47.7442057E-03,+91.6710371E-03
+6.9631312E-03,+11.8168629E-03,-47.5955235E-03,+91.6718723E-03
+6.9634250E-03,+11.9915128E-03,-47.6088882E-03,+91.6758818E-03
+6.9637187E-03,+10.5934687E-03,-47.5387235E-03,+91.6483171E-03
+6.9640125E-03,+8.8729546E-03,-47.6306058E-03,+91.6653571E-03
+6.9643062E-03,+7.3255099E-03,-47.6172411E-03,+91.6653571E-03
+6.9646000E-03,+7.0524358E-03,-47.7308410E-03,+91.6631853E-03
+6.9648937E-03,+8.3108923E-03,-47.7525587E-03,+91.6553335E-03
+6.9651875E-03,+9.9512115E-03,-47.8093586E-03,+91.6518253E-03
+6.9654812E-03,+11.9608608E-03,-47.7876410E-03,+91.6596771E-03
+6.9657750E-03,+12.2052677E-03,-47.6874058E-03,+91.6631853E-03
+6.9660687E-03,+10.6077656E-03,-47.6172411E-03,+91.6618488E-03
+6.9663625E-03,+8.6916525E-03,-47.7308410E-03,+91.6688653E-03
+6.9666562E-03,+6.6073948E-03,-47.6439705E-03,+91.6596771E-03
+6.9669500E-03,+6.2300158E-03,-47.3950531E-03,+91.6653571E-03
+6.9672437E-03,+7.5748049E-03,-47.3816884E-03,+91.6631853E-03
+6.9675375E-03,+9.6460521E-03,-47.5387235E-03,+91.6596771E-03
+6.9678312E-03,+11.4716060E-03,-47.6306058E-03,+91.6566700E-03
+6.9681250E-03,+12.0513098E-03,-47.6389588E-03,+91.6448088E-03
+6.9684187E-03,+10.8267394E-03,-47.7007705E-03,+91.6732088E-03
+6.9687125E-03,+9.6474487E-03,-47.5687941E-03,+91.6753806E-03
+6.9690062E-03,+7.7626858E-03,-47.7709351E-03,+91.6745453E-03
+6.9693000E-03,+7.8974588E-03,-47.3466060E-03,+91.6640206E-03
+6.9695937E-03,+8.2424583E-03,-47.6172411E-03,+91.6788888E-03
+6.9698875E-03,+9.4065701E-03,-47.7308410E-03,+91.6688653E-03
+6.9701812E-03,+10.7628629E-03,-47.6439705E-03,+91.6640206E-03
+6.9704750E-03,+11.7488700E-03,-47.3950531E-03,+91.6810606E-03
+6.9707687E-03,+11.2764848E-03,-47.3599707E-03,+91.6810606E-03
+6.9710625E-03,+10.2450878E-03,-47.5036412E-03,+91.6745453E-03
+6.9713562E-03,+9.0176140E-03,-47.7091234E-03,+91.6553335E-03
+6.9716500E-03,+7.9330723E-03,-47.7174763E-03,+91.6539971E-03
+6.9719437E-03,+8.0770702E-03,-47.7792881E-03,+91.6675288E-03
+6.9722375E-03,+9.8304782E-03,-47.5604412E-03,+91.6666935E-03
+6.9725312E-03,+11.7753321E-03,-47.6656881E-03,+91.6539971E-03
+6.9728250E-03,+12.4232125E-03,-47.5387235E-03,+91.6653571E-03
+6.9731187E-03,+12.6325203E-03,-47.6740411E-03,+91.6631853E-03
+6.9734125E-03,+10.6493699E-03,-47.7308410E-03,+91.6618488E-03
+6.9737062E-03,+9.0641065E-03,-47.7525587E-03,+91.6753806E-03
+6.9740000E-03,+7.6043543E-03,-47.7224881E-03,+91.6745453E-03
+6.9742937E-03,+7.1736101E-03,-47.4952883E-03,+91.6618488E-03
+6.9745875E-03,+8.5880460E-03,-47.5604412E-03,+91.6732088E-03
+6.9748812E-03,+10.8923434E-03,-47.7308410E-03,+91.6688653E-03
+6.9751750E-03,+12.0244801E-03,-47.6874058E-03,+91.6596771E-03
+6.9754687E-03,+11.3378989E-03,-47.5738059E-03,+91.6610135E-03
+6.9757625E-03,+10.4124606E-03,-47.5520882E-03,+91.6605124E-03
+6.9760562E-03,+8.4082875E-03,-47.5387235E-03,+91.6780535E-03
+6.9763500E-03,+7.1585047E-03,-47.5871706E-03,+91.6561688E-03
+6.9766437E-03,+7.5019606E-03,-47.5253588E-03,+91.6797241E-03
+6.9769375E-03,+8.3602147E-03,-47.7442057E-03,+91.6902488E-03
+6.9772312E-03,+9.8314705E-03,-47.5520882E-03,+91.6666935E-03
+6.9775250E-03,+10.7562473E-03,-47.5170059E-03,+91.6561688E-03
+6.9778187E-03,+10.1274785E-03,-47.4869353E-03,+91.6710371E-03
+6.9781125E-03,+9.7148536E-03,-47.4334766E-03,+91.6631853E-03
+6.9784062E-03,+8.8188175E-03,-47.9095938E-03,+91.6575053E-03
+6.9787000E-03,+8.5080716E-03,-47.8578056E-03,+91.6531618E-03
+6.9789937E-03,+8.8815547E-03,-47.5520882E-03,+91.6461453E-03
+6.9792875E-03,+10.2128188E-03,-47.4952883E-03,+91.6553335E-03
+6.9795812E-03,+11.2506108E-03,-47.4518530E-03,+91.6539971E-03
+6.9798750E-03,+11.6212272E-03,-47.4251236E-03,+91.6697006E-03
+6.9801687E-03,+11.2508313E-03,-47.6523235E-03,+91.6788888E-03
+6.9804625E-03,+10.1013840E-03,-47.6088882E-03,+91.6710371E-03
+6.9807562E-03,+8.0699034E-03,-47.5387235E-03,+91.6653571E-03
+6.9810500E-03,+7.6612478E-03,-47.6740411E-03,+91.6653571E-03
+6.9813437E-03,+8.2137543E-03,-47.7742763E-03,+91.6653571E-03
+6.9816375E-03,+9.4702997E-03,-47.8661586E-03,+91.6675288E-03
+6.9819312E-03,+11.7067879E-03,-47.7659234E-03,+91.6710371E-03
+6.9822250E-03,+12.2126918E-03,-47.6306058E-03,+91.6675288E-03
+6.9825187E-03,+11.5038383E-03,-47.5520882E-03,+91.6688653E-03
+6.9828125E-03,+10.9282877E-03,-47.5387235E-03,+91.6618488E-03
+6.9831062E-03,+9.0252587E-03,-47.5654529E-03,+91.6732088E-03
+6.9834000E-03,+7.5176541E-03,-47.4251236E-03,+91.6666935E-03
+6.9836937E-03,+7.6679368E-03,-47.6740411E-03,+91.6583406E-03
+6.9839875E-03,+8.9559794E-03,-47.7308410E-03,+91.6788888E-03
+6.9842812E-03,+11.4383079E-03,-47.7742763E-03,+91.6666935E-03
+6.9845750E-03,+12.5470698E-03,-47.8010057E-03,+91.6539971E-03
+6.9848687E-03,+12.3246044E-03,-47.6172411E-03,+91.6653571E-03
+6.9851625E-03,+10.9165268E-03,-47.6656881E-03,+91.6653571E-03
+6.9854562E-03,+9.4619200E-03,-47.5387235E-03,+91.6697006E-03
+6.9857500E-03,+7.9456418E-03,-47.6523235E-03,+91.6745453E-03
+6.9860437E-03,+7.5807589E-03,-47.6306058E-03,+91.6596771E-03
+6.9863375E-03,+8.0807088E-03,-47.5738059E-03,+91.6675288E-03
+6.9866312E-03,+8.9809346E-03,-47.5738059E-03,+91.6710371E-03
+6.9869250E-03,+10.6805731E-03,-47.6389588E-03,+91.6675288E-03
+6.9872187E-03,+11.4731129E-03,-47.7224881E-03,+91.6710371E-03
+6.9875125E-03,+10.2267849E-03,-47.5604412E-03,+91.6675288E-03
+6.9878062E-03,+9.2362571E-03,-47.7742763E-03,+91.6775523E-03
+6.9881000E-03,+8.3162950E-03,-47.8227233E-03,+91.6823970E-03
+6.9883937E-03,+7.4339678E-03,-47.6523235E-03,+91.6653571E-03
+6.9886875E-03,+8.4243118E-03,-47.6306058E-03,+91.6631853E-03
+6.9889812E-03,+9.5625127E-03,-47.6172411E-03,+91.6553335E-03
+6.9892750E-03,+11.2768156E-03,-47.7308410E-03,+91.6518253E-03
+6.9895687E-03,+12.5704814E-03,-47.6439705E-03,+91.6640206E-03
+6.9898625E-03,+12.0464216E-03,-47.5036412E-03,+91.6723735E-03
+6.9901562E-03,+10.8246078E-03,-47.7308410E-03,+91.6518253E-03
+6.9904500E-03,+9.1671249E-03,-47.6656881E-03,+91.6575053E-03
+6.9907437E-03,+8.0345839E-03,-47.4952883E-03,+91.6575053E-03
+6.9910375E-03,+8.7631736E-03,-47.4735706E-03,+91.6640206E-03
+6.9913312E-03,+10.5489242E-03,-47.5036412E-03,+91.6723735E-03
+6.9916250E-03,+11.9640216E-03,-47.7525587E-03,+91.6518253E-03
+6.9919187E-03,+12.3985880E-03,-47.7876410E-03,+91.6553335E-03
+6.9922125E-03,+11.3521591E-03,-47.6222529E-03,+91.6605124E-03
+6.9925062E-03,+9.3520288E-03,-47.4034060E-03,+91.6823970E-03
+6.9928000E-03,+8.6861395E-03,-47.5738059E-03,+91.6653571E-03
+6.9930937E-03,+7.9867683E-03,-47.6823940E-03,+91.6610135E-03
+6.9933875E-03,+8.5632010E-03,-47.8360880E-03,+91.6474818E-03
+6.9936812E-03,+10.1143577E-03,-47.5387235E-03,+91.6461453E-03
+6.9939750E-03,+11.3733287E-03,-47.6523235E-03,+91.6575053E-03
+6.9942687E-03,+11.6169638E-03,-47.6088882E-03,+91.6596771E-03
+6.9945625E-03,+10.0049075E-03,-47.5170059E-03,+91.6631853E-03
+6.9948562E-03,+9.3460013E-03,-47.6823940E-03,+91.6553335E-03
+6.9951500E-03,+7.2369354E-03,-47.9012409E-03,+91.6518253E-03
+6.9954437E-03,+6.8378355E-03,-47.7525587E-03,+91.6553335E-03
+6.9957375E-03,+7.4340780E-03,-47.7224881E-03,+91.6605124E-03
+6.9960312E-03,+8.7805945E-03,-47.4735706E-03,+91.6845688E-03
+6.9963250E-03,+10.1171142E-03,-47.4602059E-03,+91.6775523E-03
+6.9966187E-03,+10.8360379E-03,-47.5086530E-03,+91.6823970E-03
+6.9969125E-03,+11.3039025E-03,-47.4251236E-03,+91.6631853E-03
+6.9972062E-03,+10.4817031E-03,-47.6957587E-03,+91.6553335E-03
+6.9975000E-03,+9.8088675E-03,-47.7224881E-03,+91.6539971E-03
+6.9977937E-03,+7.5595157E-03,-47.5604412E-03,+91.6610135E-03
+6.9980875E-03,+7.2331866E-03,-47.7308410E-03,+91.6561688E-03
+6.9983812E-03,+8.2118064E-03,-47.6656881E-03,+91.6732088E-03
+6.9986750E-03,+10.2035203E-03,-47.5604412E-03,+91.6753806E-03
+6.9989687E-03,+12.3748456E-03,-47.6874058E-03,+91.6745453E-03
+6.9992625E-03,+12.6555276E-03,-47.5955235E-03,+91.6575053E-03
+6.9995562E-03,+11.5530138E-03,-47.6306058E-03,+91.6575053E-03
+6.9998500E-03,+9.8462085E-03,-47.5738059E-03,+91.6640206E-03
+7.0001437E-03,+8.1867042E-03,-47.6172411E-03,+91.6723735E-03
+7.0004375E-03,+6.8351158E-03,-47.6874058E-03,+91.6518253E-03
+7.0007312E-03,+8.4513986E-03,-47.5520882E-03,+91.6575053E-03
+7.0010250E-03,+10.7813496E-03,-47.5604412E-03,+91.6553335E-03
+7.0013187E-03,+12.5636454E-03,-47.6439705E-03,+91.6583406E-03
+7.0016125E-03,+12.6508233E-03,-47.4384883E-03,+91.6810606E-03
+7.0019062E-03,+11.7188797E-03,-47.5821588E-03,+91.6723735E-03
+7.0022000E-03,+8.9059587E-03,-47.7224881E-03,+91.6561688E-03
+7.0024937E-03,+6.8177317E-03,-47.5387235E-03,+91.6688653E-03
+7.0027875E-03,+6.3305350E-03,-47.6088882E-03,+91.6596771E-03
+7.0030812E-03,+7.4648402E-03,-47.5170059E-03,+91.6697006E-03
+7.0033750E-03,+9.8972582E-03,-47.6172411E-03,+91.6788888E-03
+7.0036687E-03,+11.7938188E-03,-47.7091234E-03,+91.6732088E-03
+7.0039625E-03,+12.6304621E-03,-47.6957587E-03,+91.6753806E-03
+7.0042562E-03,+12.6876129E-03,-47.8093586E-03,+91.6767170E-03
+7.0045500E-03,+10.6413578E-03,-47.7876410E-03,+91.6718723E-03
+7.0048437E-03,+7.8606691E-03,-47.6222529E-03,+91.6845688E-03
+7.0051375E-03,+7.1165329E-03,-47.5119941E-03,+91.6710371E-03
+7.0054312E-03,+7.1632090E-03,-47.8578056E-03,+91.6718723E-03
+7.0057250E-03,+8.1001143E-03,-47.6172411E-03,+91.6845688E-03
+7.0060187E-03,+9.9862738E-03,-47.7091234E-03,+91.6753806E-03
+7.0063125E-03,+11.5975215E-03,-47.6306058E-03,+91.6767170E-03
+7.0066062E-03,+12.4742255E-03,-47.6172411E-03,+91.6653571E-03
+7.0069000E-03,+11.6555911E-03,-47.7091234E-03,+91.6631853E-03
+7.0071937E-03,+8.9491434E-03,-47.6523235E-03,+91.6553335E-03
+7.0074875E-03,+6.7288264E-03,-47.6523235E-03,+91.6583406E-03
+7.0077812E-03,+7.1997782E-03,-47.6306058E-03,+91.6745453E-03
+7.0080750E-03,+8.7010979E-03,-47.5955235E-03,+91.6575053E-03
+7.0083687E-03,+10.5049309E-03,-47.6306058E-03,+91.6575053E-03
+7.0086625E-03,+12.1349594E-03,-47.5955235E-03,+91.6553335E-03
+7.0089562E-03,+12.2636313E-03,-47.6523235E-03,+91.6518253E-03
+7.0092500E-03,+11.5799536E-03,-47.6740411E-03,+91.6596771E-03
+7.0095437E-03,+8.9546196E-03,-47.6439705E-03,+91.6675288E-03
+7.0098375E-03,+6.3517415E-03,-47.5253588E-03,+91.6710371E-03
+7.0101312E-03,+5.9341916E-03,-47.7224881E-03,+91.6675288E-03
+7.0104250E-03,+7.1684280E-03,-47.5387235E-03,+91.6710371E-03
+7.0107187E-03,+9.7230862E-03,-47.6740411E-03,+91.6610135E-03
+7.0110125E-03,+11.8690888E-03,-47.6874058E-03,+91.6561688E-03
+7.0113062E-03,+12.7155084E-03,-47.6606764E-03,+91.6753806E-03
+7.0116000E-03,+11.2000388E-03,-47.8444410E-03,+91.6702018E-03
+7.0118937E-03,+8.5292046E-03,-47.7742763E-03,+91.6418018E-03
+7.0121875E-03,+6.3789386E-03,-47.7575704E-03,+91.6526606E-03
+7.0124812E-03,+6.9546730E-03,-47.4819236E-03,+91.6745453E-03
+7.0127750E-03,+7.8445713E-03,-47.7174763E-03,+91.6575053E-03
+7.0130687E-03,+9.5533980E-03,-47.8661586E-03,+91.6618488E-03
+7.0133625E-03,+11.2382985E-03,-47.7442057E-03,+91.6710371E-03
+7.0136562E-03,+12.6200611E-03,-47.5955235E-03,+91.6588418E-03
+7.0139500E-03,+11.8214938E-03,-47.5654529E-03,+91.6461453E-03
+7.0142437E-03,+9.5987511E-03,-47.4685589E-03,+91.6553335E-03
+7.0145375E-03,+7.3373811E-03,-47.7659234E-03,+91.6518253E-03
+7.0148312E-03,+6.1118185E-03,-47.6740411E-03,+91.6575053E-03
+7.0151250E-03,+6.5259135E-03,-47.7525587E-03,+91.6596771E-03
+7.0154187E-03,+8.3137222E-03,-47.7876410E-03,+91.6631853E-03
+7.0157125E-03,+11.0478449E-03,-47.7091234E-03,+91.6596771E-03
+7.0160062E-03,+12.6952943E-03,-47.6740411E-03,+91.6631853E-03
+7.0163000E-03,+12.3753969E-03,-47.7308410E-03,+91.6640206E-03
+7.0165937E-03,+10.8244608E-03,-47.7308410E-03,+91.6767170E-03
+7.0168875E-03,+9.2255253E-03,-47.7308410E-03,+91.6610135E-03
+7.0171812E-03,+8.5547478E-03,-47.7525587E-03,+91.6539971E-03
+7.0174750E-03,+8.9842791E-03,-47.7224881E-03,+91.6610135E-03
+7.0177687E-03,+9.7054080E-03,-47.5387235E-03,+91.6518253E-03
+7.0180625E-03,+12.0133072E-03,-47.7174763E-03,+91.6575053E-03
+7.0183562E-03,+12.9542553E-03,-47.8661586E-03,+91.6575053E-03
+7.0186500E-03,+12.3412535E-03,-47.7224881E-03,+91.6531618E-03
+7.0189437E-03,+10.1183270E-03,-47.5387235E-03,+91.6483171E-03
+7.0192375E-03,+8.0241093E-03,-47.6523235E-03,+91.6675288E-03
+7.0195312E-03,+6.7905345E-03,-47.6306058E-03,+91.6666935E-03
+7.0198250E-03,+7.0916144E-03,-47.5520882E-03,+91.6518253E-03
+7.0201187E-03,+8.5491981E-03,-47.4735706E-03,+91.6683641E-03
+7.0204125E-03,+10.7643330E-03,-47.4819236E-03,+91.6815618E-03
+7.0207062E-03,+11.7550445E-03,-47.6740411E-03,+91.6483171E-03
+7.0210000E-03,+11.4789566E-03,-47.7742763E-03,+91.6675288E-03
+7.0212937E-03,+10.0323620E-03,-47.8661586E-03,+91.6688653E-03
+7.0215875E-03,+7.7666551E-03,-47.7876410E-03,+91.6553335E-03
+7.0218812E-03,+6.5818882E-03,-47.7091234E-03,+91.6539971E-03
+7.0221750E-03,+6.9015651E-03,-47.7391940E-03,+91.6653571E-03
+7.0224687E-03,+8.3730414E-03,-47.9012409E-03,+91.6653571E-03
+7.0227625E-03,+10.6707968E-03,-47.7525587E-03,+91.6718723E-03
+7.0230562E-03,+12.0845344E-03,-47.7876410E-03,+91.6780535E-03
+7.0233500E-03,+11.9860733E-03,-47.7525587E-03,+91.6561688E-03
+7.0236437E-03,+10.2336209E-03,-47.7659234E-03,+91.6710371E-03
+7.0239375E-03,+8.7685028E-03,-47.6740411E-03,+91.6675288E-03
+7.0242312E-03,+7.7292407E-03,-47.7959939E-03,+91.6688653E-03
+7.0245250E-03,+7.4000448E-03,-47.8795233E-03,+91.6575053E-03
+7.0248187E-03,+9.0911934E-03,-47.7391940E-03,+91.6618488E-03
+7.0251125E-03,+11.2080876E-03,-47.8795233E-03,+91.6710371E-03
+7.0254062E-03,+12.6915455E-03,-47.6306058E-03,+91.6653571E-03
+7.0257000E-03,+13.1470244E-03,-47.6823940E-03,+91.6610135E-03
+7.0259937E-03,+11.8165689E-03,-47.9446762E-03,+91.6539971E-03
+7.0262875E-03,+10.1099474E-03,-47.8227233E-03,+91.6631853E-03
+7.0265812E-03,+7.2289968E-03,-47.6957587E-03,+91.6596771E-03
+7.0268750E-03,+6.7571261E-03,-47.8962291E-03,+91.6610135E-03
+7.0271687E-03,+8.7599761E-03,-48.0582761E-03,+91.6539971E-03
+7.0274625E-03,+10.5095250E-03,-47.8444410E-03,+91.6610135E-03
+7.0277562E-03,+11.6571715E-03,-47.7525587E-03,+91.6539971E-03
+7.0280500E-03,+11.5712432E-03,-47.7659234E-03,+91.6631853E-03
+7.0283437E-03,+10.3673648E-03,-47.6957587E-03,+91.6596771E-03
+7.0286375E-03,+9.0300733E-03,-47.7659234E-03,+91.6631853E-03
+7.0289312E-03,+7.7969763E-03,-47.6957587E-03,+91.6618488E-03
+7.0292250E-03,+7.7197952E-03,-47.7224881E-03,+91.6732088E-03
+7.0295187E-03,+8.8747922E-03,-47.5387235E-03,+91.6645218E-03
+7.0298125E-03,+10.2517033E-03,-47.7174763E-03,+91.6483171E-03
+7.0301062E-03,+11.4182041E-03,-47.8661586E-03,+91.6588418E-03
+7.0304000E-03,+12.0652759E-03,-47.8527939E-03,+91.6483171E-03
+7.0306937E-03,+11.5092410E-03,-47.8795233E-03,+91.6566700E-03
+7.0309875E-03,+9.4396845E-03,-47.7826292E-03,+91.6426371E-03
+7.0312812E-03,+7.3653501E-03,-47.9714056E-03,+91.6631853E-03
+7.0315750E-03,+6.8260378E-03,-47.5520882E-03,+91.6596771E-03
+7.0318687E-03,+7.8948125E-03,-47.4735706E-03,+91.6631853E-03
+7.0321625E-03,+9.7559801E-03,-47.4819236E-03,+91.6553335E-03
+7.0324562E-03,+10.0390510E-03,-47.6957587E-03,+91.6518253E-03
+7.0327500E-03,+10.8782670E-03,-47.8093586E-03,+91.6596771E-03
+7.0330437E-03,+11.1988994E-03,-47.7876410E-03,+91.6610135E-03
+7.0333375E-03,+9.8388211E-03,-47.7742763E-03,+91.6561688E-03
+7.0336312E-03,+8.6996278E-03,-47.8444410E-03,+91.6710371E-03
+7.0339250E-03,+7.5556567E-03,-47.7091234E-03,+91.6544982E-03
+7.0342187E-03,+8.0064679E-03,-47.6957587E-03,+91.6326136E-03
+7.0345125E-03,+9.8325364E-03,-47.7659234E-03,+91.6518253E-03
+7.0348062E-03,+11.5363647E-03,-47.6740411E-03,+91.6553335E-03
+7.0351000E-03,+12.5704079E-03,-47.7091234E-03,+91.6561688E-03
+7.0353937E-03,+12.8207320E-03,-47.6740411E-03,+91.6688653E-03
+7.0356875E-03,+10.5176107E-03,-47.7308410E-03,+91.6618488E-03
+7.0359812E-03,+8.3180223E-03,-47.7308410E-03,+91.6688653E-03
+7.0362750E-03,+7.0314499E-03,-47.6874058E-03,+91.6596771E-03
+7.0365687E-03,+7.3145208E-03,-47.5738059E-03,+91.6588418E-03
+7.0368625E-03,+9.6221627E-03,-47.6389588E-03,+91.6504888E-03
+7.0371562E-03,+10.7816804E-03,-47.7659234E-03,+91.6710371E-03
+7.0374500E-03,+11.7665849E-03,-47.6306058E-03,+91.6631853E-03
+7.0377437E-03,+11.5318073E-03,-47.5520882E-03,+91.6575053E-03
+7.0380375E-03,+10.1483909E-03,-47.6038764E-03,+91.6553335E-03
+7.0383312E-03,+8.8174209E-03,-47.8878762E-03,+91.6496535E-03
+7.0386250E-03,+8.0919552E-03,-47.8878762E-03,+91.6518253E-03
+7.0389187E-03,+7.2657129E-03,-47.8227233E-03,+91.6575053E-03
+7.0392125E-03,+8.6324435E-03,-47.6740411E-03,+91.6553335E-03
+7.0395062E-03,+10.4151435E-03,-47.7308410E-03,+91.6583406E-03
+7.0398000E-03,+12.5644539E-03,-47.7742763E-03,+91.6788888E-03
+7.0400937E-03,+13.6167633E-03,-47.8227233E-03,+91.6710371E-03
+7.0403875E-03,+11.9858528E-03,-47.6740411E-03,+91.6566700E-03
+7.0406812E-03,+9.5231136E-03,-47.8177116E-03,+91.6382935E-03
+7.0409750E-03,+7.4870757E-03,-48.0014761E-03,+91.6583406E-03
+7.0412687E-03,+6.5260973E-03,-47.7792881E-03,+91.6723735E-03
+7.0415625E-03,+7.7699996E-03,-47.5821588E-03,+91.6518253E-03
+7.0418562E-03,+9.4808477E-03,-47.7659234E-03,+91.6596771E-03
+7.0421500E-03,+11.8040729E-03,-47.6957587E-03,+91.6653571E-03
+7.0424437E-03,+12.4714323E-03,-47.8310763E-03,+91.6653571E-03
+7.0427375E-03,+10.8150153E-03,-47.8444410E-03,+91.6610135E-03
+7.0430312E-03,+8.9462031E-03,-47.7091234E-03,+91.6583406E-03
+7.0433250E-03,+6.8788150E-03,-47.7174763E-03,+91.6788888E-03
+7.0436187E-03,+6.6423835E-03,-47.8227233E-03,+91.6710371E-03
+7.0439125E-03,+7.8623965E-03,-47.7391940E-03,+91.6631853E-03
+7.0442062E-03,+10.3840873E-03,-47.9012409E-03,+91.6575053E-03
+7.0445000E-03,+11.6579066E-03,-47.7742763E-03,+91.6553335E-03
+7.0447937E-03,+12.1445886E-03,-47.8661586E-03,+91.6474818E-03
+7.0450875E-03,+11.2094843E-03,-47.7442057E-03,+91.6461453E-03
+7.0453812E-03,+8.8181192E-03,-47.7041116E-03,+91.6618488E-03
+7.0456750E-03,+7.2995256E-03,-47.9580409E-03,+91.6753806E-03
+7.0459687E-03,+6.3284034E-03,-47.7742763E-03,+91.6767170E-03
+7.0462625E-03,+7.4631496E-03,-47.8444410E-03,+91.6631853E-03
+7.0465562E-03,+9.8026562E-03,-47.7308410E-03,+91.6509900E-03
+7.0468500E-03,+12.3874519E-03,-47.7091234E-03,+91.6361218E-03
+7.0471437E-03,+12.1633694E-03,-47.6957587E-03,+91.6504888E-03
+7.0474375E-03,+11.7391305E-03,-47.7659234E-03,+91.6732088E-03
+7.0477312E-03,+9.6632157E-03,-47.6523235E-03,+91.6710371E-03
+7.0480250E-03,+7.6890697E-03,-47.7174763E-03,+91.6653571E-03
+7.0483187E-03,+6.7490772E-03,-47.8878762E-03,+91.6653571E-03
+7.0486125E-03,+7.6606965E-03,-47.8010057E-03,+91.6631853E-03
+7.0489062E-03,+10.3476652E-03,-47.7041116E-03,+91.6553335E-03
+7.0492000E-03,+12.3986615E-03,-47.9580409E-03,+91.6518253E-03
+7.0494937E-03,+13.1860192E-03,-47.7959939E-03,+91.6596771E-03
+7.0497875E-03,+12.1830322E-03,-47.9012409E-03,+91.6697006E-03
+7.0500812E-03,+10.0392715E-03,-47.7091234E-03,+91.6723735E-03
+7.0503750E-03,+7.7287629E-03,-47.5871706E-03,+91.6539971E-03
+7.0506687E-03,+7.0276276E-03,-47.4602059E-03,+91.6610135E-03
+7.0509625E-03,+7.8634623E-03,-47.6172411E-03,+91.6518253E-03
+7.0512562E-03,+9.7860807E-03,-47.7091234E-03,+91.6596771E-03
+7.0515500E-03,+11.9417861E-03,-47.7174763E-03,+91.6631853E-03
+7.0518437E-03,+12.5767661E-03,-47.7792881E-03,+91.6531618E-03
+7.0521375E-03,+12.1544752E-03,-47.5821588E-03,+91.6439735E-03
+7.0524312E-03,+9.3913177E-03,-47.8310763E-03,+91.6474818E-03
+7.0527250E-03,+7.1745290E-03,-47.8444410E-03,+91.6461453E-03
+7.0530187E-03,+5.9549570E-03,-47.7742763E-03,+91.6575053E-03
+7.0533125E-03,+6.8858348E-03,-47.8878762E-03,+91.6618488E-03
+7.0536062E-03,+9.1641111E-03,-47.8010057E-03,+91.6732088E-03
+7.0539000E-03,+11.2788003E-03,-47.6172411E-03,+91.6688653E-03
+7.0541937E-03,+11.4080970E-03,-47.6656881E-03,+91.6575053E-03
+7.0544875E-03,+11.2447671E-03,-47.4735706E-03,+91.6575053E-03
+7.0547812E-03,+9.6873991E-03,-47.5687941E-03,+91.6509900E-03
+7.0550750E-03,+7.9286987E-03,-47.9446762E-03,+91.6404653E-03
+7.0553687E-03,+7.2566717E-03,-47.8661586E-03,+91.6596771E-03
+7.0556625E-03,+7.4072851E-03,-47.8093586E-03,+91.6588418E-03
+7.0559562E-03,+9.3129972E-03,-47.7876410E-03,+91.6439735E-03
+7.0562500E-03,+12.2044591E-03,-47.7525587E-03,+91.6496535E-03
+7.0565437E-03,+13.7110713E-03,-47.8093586E-03,+91.6539971E-03
+7.0568375E-03,+13.3261948E-03,-47.7442057E-03,+91.6653571E-03
+7.0571312E-03,+11.7611823E-03,-47.5303706E-03,+91.6675288E-03
+7.0574250E-03,+8.9431894E-03,-47.5036412E-03,+91.6688653E-03
+7.0577187E-03,+6.6961898E-03,-47.7525587E-03,+91.6575053E-03
+7.0580125E-03,+6.8378355E-03,-47.7659234E-03,+91.6553335E-03
+7.0583062E-03,+8.6855514E-03,-47.6957587E-03,+91.6496535E-03
+7.0586000E-03,+11.9881682E-03,-47.8093586E-03,+91.6561688E-03
+7.0588937E-03,+13.4122701E-03,-47.7876410E-03,+91.6710371E-03
+7.0591875E-03,+13.0395956E-03,-47.7091234E-03,+91.6610135E-03
+7.0594812E-03,+11.0834953E-03,-47.6957587E-03,+91.6496535E-03
+7.0597750E-03,+9.2036940E-03,-47.8310763E-03,+91.6496535E-03
+7.0600687E-03,+7.1708904E-03,-47.8227233E-03,+91.6561688E-03
+7.0603625E-03,+6.4902265E-03,-47.6523235E-03,+91.6688653E-03
+7.0606562E-03,+7.7447504E-03,-47.7174763E-03,+91.6509900E-03
+7.0609500E-03,+10.1182903E-03,-47.8227233E-03,+91.6339500E-03
+7.0612437E-03,+11.9563035E-03,-47.7174763E-03,+91.6426371E-03
+7.0615375E-03,+12.8403580E-03,-47.8661586E-03,+91.6653571E-03
+7.0618312E-03,+11.7949949E-03,-47.8527939E-03,+91.6631853E-03
+7.0621250E-03,+9.2546336E-03,-47.9663938E-03,+91.6575053E-03
+7.0624187E-03,+7.4050065E-03,-47.9012409E-03,+91.6575053E-03
+7.0627125E-03,+6.6379364E-03,-47.7742763E-03,+91.6640206E-03
+7.0630062E-03,+7.0851091E-03,-47.7792881E-03,+91.6745453E-03
+7.0633000E-03,+9.1992469E-03,-47.5821588E-03,+91.6553335E-03
+7.0635937E-03,+12.2366179E-03,-47.7224881E-03,+91.6583406E-03
+7.0638875E-03,+13.8622360E-03,-47.5387235E-03,+91.6767170E-03
+7.0641812E-03,+12.0560509E-03,-47.6088882E-03,+91.6631853E-03
+7.0644750E-03,+10.4354679E-03,-47.4952883E-03,+91.6488182E-03
+7.0647687E-03,+7.8855141E-03,-47.4735706E-03,+91.6391288E-03
+7.0650625E-03,+5.5446108E-03,-47.4602059E-03,+91.6688653E-03
+7.0653562E-03,+5.6268638E-03,-47.5520882E-03,+91.6531618E-03
+7.0656500E-03,+7.9492068E-03,-47.5170059E-03,+91.6483171E-03
+7.0659437E-03,+11.1782075E-03,-47.6172411E-03,+91.6588418E-03
+7.0662375E-03,+13.1839243E-03,-47.7091234E-03,+91.6418018E-03
+7.0665312E-03,+12.1953812E-03,-47.6957587E-03,+91.6461453E-03
+7.0668250E-03,+10.1227007E-03,-47.7659234E-03,+91.6618488E-03
+7.0671187E-03,+6.9519533E-03,-47.6957587E-03,+91.6688653E-03
+7.0674125E-03,+6.0486035E-03,-47.8310763E-03,+91.6575053E-03
+7.0677062E-03,+6.9020428E-03,-47.7792881E-03,+91.6553335E-03
+7.0680000E-03,+9.1303352E-03,-47.5604412E-03,+91.6518253E-03
+7.0682937E-03,+12.4032556E-03,-47.7742763E-03,+91.6640206E-03
+7.0685875E-03,+14.0102768E-03,-47.7792881E-03,+91.6745453E-03
+7.0688812E-03,+12.9907510E-03,-47.5604412E-03,+91.6640206E-03
+7.0691750E-03,+11.1850068E-03,-47.7525587E-03,+91.6767170E-03
+7.0694687E-03,+8.2566817E-03,-47.7659234E-03,+91.6631853E-03
+7.0697625E-03,+6.9354880E-03,-47.6740411E-03,+91.6531618E-03
+7.0700562E-03,+8.6898148E-03,-47.6874058E-03,+91.6483171E-03
+7.0703500E-03,+10.1520294E-03,-47.6172411E-03,+91.6653571E-03
+7.0706437E-03,+11.8641271E-03,-47.6656881E-03,+91.6653571E-03
+7.0709375E-03,+12.9072483E-03,-47.5604412E-03,+91.6653571E-03
+7.0712312E-03,+12.9514989E-03,-47.7308410E-03,+91.6697006E-03
+7.0715250E-03,+11.3102975E-03,-47.7308410E-03,+91.6767170E-03
+7.0718187E-03,+8.0362378E-03,-47.7308410E-03,+91.6610135E-03
+7.0721125E-03,+5.3768337E-03,-47.7091234E-03,+91.6605124E-03
+7.0724062E-03,+5.8422726E-03,-47.6957587E-03,+91.6823970E-03
+7.0727000E-03,+7.9858495E-03,-47.8745115E-03,+91.6588418E-03
+7.0729937E-03,+11.2710454E-03,-47.9580409E-03,+91.6418018E-03
+7.0732875E-03,+13.1582340E-03,-47.6874058E-03,+91.6461453E-03
+7.0735812E-03,+13.0483795E-03,-47.5738059E-03,+91.6509900E-03
+7.0738750E-03,+11.0198025E-03,-47.6606764E-03,+91.6382935E-03
+7.0741687E-03,+8.2610186E-03,-47.8661586E-03,+91.6496535E-03
+7.0744625E-03,+6.1513646E-03,-47.8310763E-03,+91.6474818E-03
+7.0747562E-03,+6.4869187E-03,-47.8227233E-03,+91.6461453E-03
+7.0750500E-03,+8.0697196E-03,-47.6740411E-03,+91.6596771E-03
+7.0753437E-03,+10.5858976E-03,-47.6874058E-03,+91.6610135E-03
+7.0756375E-03,+12.9272787E-03,-47.6172411E-03,+91.6561688E-03
+7.0759312E-03,+12.7110981E-03,-47.7959939E-03,+91.6601782E-03
+7.0762250E-03,+10.2466682E-03,-47.9012409E-03,+91.6304418E-03
+7.0765187E-03,+7.4563871E-03,-47.6874058E-03,+91.6418018E-03
+7.0768125E-03,+5.6886454E-03,-47.5738059E-03,+91.6461453E-03
+7.0771062E-03,+6.1953946E-03,-47.5738059E-03,+91.6553335E-03
+7.0774000E-03,+8.3842143E-03,-47.6389588E-03,+91.6561688E-03
+7.0776937E-03,+11.3341134E-03,-47.7224881E-03,+91.6645218E-03
+7.0779875E-03,+13.1824909E-03,-47.5387235E-03,+91.6439735E-03
+7.0782812E-03,+13.2561438E-03,-47.6523235E-03,+91.6496535E-03
+7.0785750E-03,+10.3196963E-03,-47.7391940E-03,+91.6539971E-03
+7.0788687E-03,+7.9906274E-03,-47.9229585E-03,+91.6610135E-03
+7.0791625E-03,+6.6466101E-03,-47.7876410E-03,+91.6474818E-03
+7.0794562E-03,+6.6883247E-03,-47.6222529E-03,+91.6504888E-03
+7.0797500E-03,+8.6446087E-03,-47.3816884E-03,+91.6710371E-03
+7.0800437E-03,+11.6445652E-03,-47.5604412E-03,+91.6631853E-03
+7.0803375E-03,+14.1493865E-03,-47.8177116E-03,+91.6488182E-03
+7.0806312E-03,+13.2358561E-03,-47.9797585E-03,+91.6326136E-03
+7.0809250E-03,+10.7437514E-03,-47.7442057E-03,+91.6539971E-03
+7.0812187E-03,+8.0195152E-03,-47.6389588E-03,+91.6610135E-03
+7.0815125E-03,+6.4618165E-03,-47.8310763E-03,+91.6539971E-03
+7.0818062E-03,+6.5444370E-03,-47.8878762E-03,+91.6566700E-03
+7.0821000E-03,+8.2556526E-03,-47.8661586E-03,+91.6448088E-03
+7.0823937E-03,+11.5270662E-03,-47.7659234E-03,+91.6710371E-03
+7.0826875E-03,+13.5096653E-03,-47.7391940E-03,+91.6653571E-03
+7.0829812E-03,+13.0066282E-03,-47.9229585E-03,+91.6631853E-03
+7.0832750E-03,+10.6781842E-03,-47.8093586E-03,+91.6575053E-03
+7.0835687E-03,+8.5029998E-03,-47.8310763E-03,+91.6553335E-03
+7.0838625E-03,+6.8121452E-03,-47.8661586E-03,+91.6518253E-03
+7.0841562E-03,+6.3529543E-03,-47.8962291E-03,+91.6596771E-03
+7.0844500E-03,+8.3629711E-03,-47.9931232E-03,+91.6631853E-03
+7.0847437E-03,+10.8248283E-03,-47.7609116E-03,+91.6575053E-03
+7.0850375E-03,+13.1758754E-03,-47.9363232E-03,+91.6596771E-03
+7.0853312E-03,+12.7928733E-03,-47.6957587E-03,+91.6718723E-03
+7.0856250E-03,+10.7602534E-03,-47.7659234E-03,+91.6758818E-03
+7.0859187E-03,+8.2386361E-03,-47.7174763E-03,+91.6439735E-03
+7.0862125E-03,+6.3285504E-03,-47.8444410E-03,+91.6496535E-03
+7.0865062E-03,+5.1343747E-03,-47.7742763E-03,+91.6583406E-03
+7.0868000E-03,+7.0905853E-03,-47.8444410E-03,+91.6832323E-03
+7.0870937E-03,+9.7391472E-03,-47.7742763E-03,+91.6823970E-03
+7.0873875E-03,+12.6312707E-03,-47.8661586E-03,+91.6610135E-03
+7.0876812E-03,+13.8922264E-03,-47.7224881E-03,+91.6518253E-03
+7.0879750E-03,+12.6304989E-03,-47.5170059E-03,+91.6575053E-03
+7.0882687E-03,+9.1196401E-03,-47.6606764E-03,+91.6596771E-03
+7.0885625E-03,+6.9360393E-03,-47.7792881E-03,+91.6653571E-03
+7.0888562E-03,+5.9109270E-03,-47.5821588E-03,+91.6675288E-03
+7.0891500E-03,+6.7173962E-03,-47.7876410E-03,+91.6688653E-03
+7.0894437E-03,+9.3084031E-03,-47.6874058E-03,+91.6640206E-03
+7.0897375E-03,+12.6100643E-03,-47.6389588E-03,+91.6788888E-03
+7.0900312E-03,+13.7284922E-03,-47.7442057E-03,+91.6753806E-03
+7.0903250E-03,+13.2339082E-03,-47.6389588E-03,+91.6788888E-03
+7.0906187E-03,+10.9746699E-03,-47.7442057E-03,+91.6710371E-03
+7.0909125E-03,+8.5870169E-03,-47.5738059E-03,+91.6653571E-03
+7.0912062E-03,+7.5107079E-03,-47.6389588E-03,+91.6653571E-03
+7.0915000E-03,+7.3044505E-03,-47.7224881E-03,+91.6588418E-03
+7.0917937E-03,+9.0232740E-03,-47.4518530E-03,+91.6461453E-03
+7.0920875E-03,+11.2777344E-03,-47.4251236E-03,+91.6596771E-03
+7.0923812E-03,+11.6740778E-03,-47.6306058E-03,+91.6697006E-03
+7.0926750E-03,+11.7293910E-03,-47.6389588E-03,+91.6767170E-03
+7.0929687E-03,+9.8651730E-03,-47.7876410E-03,+91.6610135E-03
+7.0932625E-03,+8.0047405E-03,-47.6874058E-03,+91.6539971E-03
+7.0935562E-03,+6.5071696E-03,-47.5520882E-03,+91.6653571E-03
+7.0938500E-03,+6.8149752E-03,-47.4735706E-03,+91.6675288E-03
+7.0941437E-03,+8.0279683E-03,-47.5470765E-03,+91.6732088E-03
+7.0944375E-03,+10.6337866E-03,-47.8444410E-03,+91.6666935E-03
+7.0947312E-03,+12.4752546E-03,-47.6874058E-03,+91.6496535E-03
+7.0950250E-03,+11.7819109E-03,-47.6172411E-03,+91.6539971E-03
+7.0953187E-03,+10.1544919E-03,-47.6656881E-03,+91.6675288E-03
+7.0956125E-03,+8.4415489E-03,-47.4952883E-03,+91.6710371E-03
+7.0959062E-03,+7.3222757E-03,-47.5387235E-03,+91.6566700E-03
+7.0962000E-03,+7.1401650E-03,-47.6957587E-03,+91.6382935E-03
+7.0964937E-03,+8.9646531E-03,-47.7224881E-03,+91.6539971E-03
+7.0967875E-03,+11.2441055E-03,-47.5170059E-03,+91.6675288E-03
+7.0970812E-03,+12.9040141E-03,-47.5520882E-03,+91.6666935E-03
+7.0973750E-03,+12.9574528E-03,-47.4735706E-03,+91.6518253E-03
+7.0976687E-03,+11.4223572E-03,-47.5253588E-03,+91.6575053E-03
+7.0979625E-03,+9.4672124E-03,-47.8527939E-03,+91.6575053E-03
+7.0982562E-03,+7.8085535E-03,-47.8795233E-03,+91.6596771E-03
+7.0985500E-03,+7.6096834E-03,-47.6523235E-03,+91.6610135E-03
+7.0988437E-03,+8.3741440E-03,-47.6523235E-03,+91.6605124E-03
+7.0991375E-03,+10.8036953E-03,-47.6523235E-03,+91.6867406E-03
+7.0994312E-03,+12.4872728E-03,-47.6523235E-03,+91.6810606E-03
+7.0997250E-03,+11.9481811E-03,-47.6957587E-03,+91.6767170E-03
+7.1000187E-03,+9.8922599E-03,-47.7876410E-03,+91.6697006E-03
+7.1003125E-03,+7.8283265E-03,-47.7742763E-03,+91.6745453E-03
+7.1006062E-03,+6.8119247E-03,-47.8444410E-03,+91.6618488E-03
+7.1009000E-03,+7.3350657E-03,-47.7091234E-03,+91.6688653E-03
+7.1011937E-03,+8.7440988E-03,-47.6740411E-03,+91.6596771E-03
+7.1014875E-03,+11.1779870E-03,-47.7308410E-03,+91.6675288E-03
+7.1017812E-03,+12.5437253E-03,-47.7308410E-03,+91.6732088E-03
+7.1020750E-03,+11.7476939E-03,-47.7091234E-03,+91.6645218E-03
+7.1023687E-03,+10.4469348E-03,-47.6740411E-03,+91.6483171E-03
+7.1026625E-03,+8.6653374E-03,-47.7959939E-03,+91.6653571E-03
+7.1029562E-03,+7.1308665E-03,-47.8578056E-03,+91.6675288E-03
+7.1032500E-03,+6.9986663E-03,-47.4869353E-03,+91.6710371E-03
+7.1035437E-03,+7.7103497E-03,-47.4117589E-03,+91.6631853E-03
+7.1038375E-03,+9.9687427E-03,-47.8310763E-03,+91.6553335E-03
+7.1041312E-03,+12.3357405E-03,-47.9095938E-03,+91.6583406E-03
+7.1044250E-03,+13.0276141E-03,-47.8360880E-03,+91.6767170E-03
+7.1047187E-03,+11.7225549E-03,-47.4952883E-03,+91.6675288E-03
+7.1050125E-03,+9.8455102E-03,-47.5170059E-03,+91.6710371E-03
+7.1053062E-03,+8.6578030E-03,-47.6606764E-03,+91.6653571E-03
+7.1056000E-03,+7.2470792E-03,-47.8444410E-03,+91.6653571E-03
+7.1058937E-03,+8.0292179E-03,-47.6874058E-03,+91.6675288E-03
+7.1061875E-03,+9.5738326E-03,-47.6172411E-03,+91.6753806E-03
+7.1064812E-03,+12.0463113E-03,-47.6656881E-03,+91.6788888E-03
+7.1067750E-03,+12.5696361E-03,-47.5170059E-03,+91.6688653E-03
+7.1070687E-03,+11.9138906E-03,-47.5738059E-03,+91.6640206E-03
+7.1073625E-03,+10.1957654E-03,-47.5520882E-03,+91.6788888E-03
+7.1076562E-03,+8.5694858E-03,-47.5387235E-03,+91.6753806E-03
+7.1079500E-03,+7.8404550E-03,-47.6306058E-03,+91.6810606E-03
+7.1082437E-03,+8.3050486E-03,-47.6172411E-03,+91.6788888E-03
+7.1085375E-03,+8.6269306E-03,-47.6874058E-03,+91.6732088E-03
+7.1088312E-03,+10.6702455E-03,-47.6823940E-03,+91.6710371E-03
+7.1091250E-03,+11.6910209E-03,-47.8143704E-03,+91.6675288E-03
+7.1094187E-03,+10.5889848E-03,-47.4384883E-03,+91.6688653E-03
+7.1097125E-03,+9.1148255E-03,-47.4301354E-03,+91.6618488E-03
+7.1100062E-03,+7.6849167E-03,-47.3031708E-03,+91.6710371E-03
+7.1103000E-03,+7.4362097E-03,-47.5036412E-03,+91.6588418E-03
+7.1105937E-03,+7.5507685E-03,-47.6656881E-03,+91.6461453E-03
+7.1108875E-03,+9.3500441E-03,-47.5821588E-03,+91.6575053E-03
+7.1111812E-03,+11.1957754E-03,-47.7007705E-03,+91.6575053E-03
+7.1114750E-03,+12.9791370E-03,-47.4384883E-03,+91.6640206E-03
+7.1117687E-03,+12.7485125E-03,-47.6473117E-03,+91.6788888E-03
+7.1120625E-03,+12.1663096E-03,-47.8928880E-03,+91.6775523E-03
+7.1123562E-03,+9.8657243E-03,-47.5170059E-03,+91.6845688E-03
+7.1126500E-03,+8.0205443E-03,-47.5955235E-03,+91.6732088E-03
+7.1129437E-03,+7.6543015E-03,-47.6523235E-03,+91.6710371E-03
+7.1132375E-03,+8.4615792E-03,-47.6306058E-03,+91.6631853E-03
+7.1135312E-03,+10.3958483E-03,-47.5086530E-03,+91.6618488E-03
+7.1138250E-03,+11.6255272E-03,-47.4034060E-03,+91.6710371E-03
+7.1141187E-03,+11.1675124E-03,-47.5955235E-03,+91.6653571E-03
+7.1144125E-03,+10.1663263E-03,-47.6088882E-03,+91.6631853E-03
+7.1147062E-03,+8.6867643E-03,-47.5170059E-03,+91.6618488E-03
+7.1150000E-03,+7.4089390E-03,-47.5955235E-03,+91.6710371E-03
+7.1152937E-03,+6.6505427E-03,-47.6523235E-03,+91.6653571E-03
+7.1155875E-03,+8.2043088E-03,-47.6088882E-03,+91.6675288E-03
+7.1158812E-03,+9.7405071E-03,-47.4952883E-03,+91.6688653E-03
+7.1161750E-03,+10.7632304E-03,-47.5170059E-03,+91.6575053E-03
+7.1164687E-03,+11.6211537E-03,-47.4652177E-03,+91.6640206E-03
+7.1167625E-03,+11.1808537E-03,-47.2680884E-03,+91.6788888E-03
+7.1170562E-03,+11.0823192E-03,-47.5170059E-03,+91.6775523E-03
+7.1173500E-03,+9.5045901E-03,-47.5738059E-03,+91.6802253E-03
+7.1176437E-03,+8.3989155E-03,-47.5520882E-03,+91.6553335E-03
+7.1179375E-03,+9.0334913E-03,-47.4301354E-03,+91.6518253E-03
+7.1182312E-03,+10.0162642E-03,-47.3683237E-03,+91.6575053E-03
+7.1185250E-03,+11.0626931E-03,-47.6740411E-03,+91.6575053E-03
+7.1188187E-03,+11.8320419E-03,-47.6439705E-03,+91.6661924E-03
+7.1191125E-03,+11.2368284E-03,-47.4384883E-03,+91.6823970E-03
+7.1194062E-03,+9.0817111E-03,-47.4518530E-03,+91.6631853E-03
+7.1197000E-03,+7.9335134E-03,-47.4034060E-03,+91.6640206E-03
+7.1199937E-03,+7.9017588E-03,-47.5303706E-03,+91.6788888E-03
+7.1202875E-03,+7.6057141E-03,-47.4167707E-03,+91.6710371E-03
+7.1205812E-03,+8.8177517E-03,-47.4602059E-03,+91.6653571E-03
+7.1208750E-03,+10.9808444E-03,-47.5738059E-03,+91.6653571E-03
+7.1211687E-03,+12.5608521E-03,-47.5738059E-03,+91.6631853E-03
+7.1214625E-03,+11.8671409E-03,-47.5738059E-03,+91.6618488E-03
+7.1217562E-03,+10.5088635E-03,-47.5520882E-03,+91.6645218E-03
+7.1220500E-03,+9.3393123E-03,-47.5821588E-03,+91.6439735E-03
+7.1223437E-03,+7.7723518E-03,-47.7442057E-03,+91.6583406E-03
+7.1226375E-03,+7.5071796E-03,-47.5738059E-03,+91.6767170E-03
+7.1229312E-03,+8.8377085E-03,-47.5520882E-03,+91.6631853E-03
+7.1232250E-03,+10.8218145E-03,-47.5821588E-03,+91.6575053E-03
+7.1235187E-03,+12.1655746E-03,-47.7224881E-03,+91.6618488E-03
+7.1238125E-03,+11.3291885E-03,-47.4518530E-03,+91.6818959E-03
+7.1241062E-03,+9.9288658E-03,-47.4251236E-03,+91.6959288E-03
+7.1244000E-03,+8.6008360E-03,-47.6088882E-03,+91.6710371E-03
+7.1246937E-03,+7.6568374E-03,-47.4952883E-03,+91.6718723E-03
+7.1249875E-03,+7.4361362E-03,-47.4735706E-03,+91.6823970E-03
+7.1252812E-03,+8.3491888E-03,-47.4384883E-03,+91.6653571E-03
+7.1255750E-03,+10.5907857E-03,-47.4084178E-03,+91.6610135E-03
+7.1258687E-03,+12.4644860E-03,-47.2463708E-03,+91.6518253E-03
+7.1261625E-03,+11.7941129E-03,-47.3950531E-03,+91.6640206E-03
+7.1264562E-03,+10.1651870E-03,-47.4034060E-03,+91.6745453E-03
+7.1267500E-03,+8.8132678E-03,-47.5303706E-03,+91.6618488E-03
+7.1270437E-03,+7.8444611E-03,-47.4384883E-03,+91.6710371E-03
+7.1273375E-03,+7.4427150E-03,-47.5170059E-03,+91.6653571E-03
+7.1276312E-03,+8.1680704E-03,-47.6389588E-03,+91.6697006E-03
+7.1279250E-03,+9.8842845E-03,-47.7876410E-03,+91.6767170E-03
+7.1282187E-03,+11.2077936E-03,-47.7091234E-03,+91.6718723E-03
+7.1285125E-03,+11.9983121E-03,-47.6088882E-03,+91.6845688E-03
+7.1288062E-03,+10.7769392E-03,-47.5604412E-03,+91.6623500E-03
+7.1291000E-03,+10.1305658E-03,-47.6656881E-03,+91.6361218E-03
+7.1293937E-03,+7.9308304E-03,-47.5604412E-03,+91.6439735E-03
+7.1296875E-03,+7.4874433E-03,-47.6439705E-03,+91.6496535E-03
+7.1299812E-03,+7.6041337E-03,-47.4167707E-03,+91.6518253E-03
+7.1302750E-03,+9.1287548E-03,-47.4819236E-03,+91.6575053E-03
+7.1305687E-03,+11.1253936E-03,-47.5437353E-03,+91.6575053E-03
+7.1308625E-03,+12.1677062E-03,-47.3248884E-03,+91.6575053E-03
+7.1311562E-03,+11.8634656E-03,-47.5821588E-03,+91.6618488E-03
+7.1314500E-03,+9.8135719E-03,-47.7876410E-03,+91.6710371E-03
+7.1317437E-03,+8.3921162E-03,-47.7525587E-03,+91.6631853E-03
+7.1320375E-03,+7.1849300E-03,-47.7659234E-03,+91.6596771E-03
+7.1323312E-03,+8.2242657E-03,-47.6306058E-03,+91.6653571E-03
+7.1326250E-03,+9.1473150E-03,-47.5738059E-03,+91.6697006E-03
+7.1329187E-03,+11.3713441E-03,-47.5086530E-03,+91.6810606E-03
+7.1332125E-03,+12.0344034E-03,-47.4251236E-03,+91.6810606E-03
+7.1335062E-03,+11.3005212E-03,-47.6740411E-03,+91.6767170E-03
+7.1338000E-03,+9.7793182E-03,-47.6656881E-03,+91.6675288E-03
+7.1340937E-03,+8.2841729E-03,-47.4952883E-03,+91.6753806E-03
+7.1343875E-03,+7.7545267E-03,-47.4952883E-03,+91.6832323E-03
+7.1346812E-03,+8.1419391E-03,-47.4952883E-03,+91.6823970E-03
+7.1349750E-03,+9.3484270E-03,-47.4518530E-03,+91.6675288E-03
+7.1352687E-03,+10.2631703E-03,-47.4034060E-03,+91.6688653E-03
+7.1355625E-03,+11.0735720E-03,-47.5086530E-03,+91.6596771E-03
+7.1358562E-03,+10.5415001E-03,-47.3382531E-03,+91.6610135E-03
+7.1361500E-03,+10.3183364E-03,-47.4034060E-03,+91.6561688E-03
+7.1364437E-03,+9.2463274E-03,-47.5303706E-03,+91.6688653E-03
+7.1367375E-03,+7.4699489E-03,-47.3733354E-03,+91.6575053E-03
+7.1370312E-03,+7.5696228E-03,-47.3466060E-03,+91.6683641E-03
+7.1373250E-03,+8.3883674E-03,-47.5520882E-03,+91.6924206E-03
+7.1376187E-03,+9.9251905E-03,-47.5387235E-03,+91.6832323E-03
+7.1379125E-03,+11.3278654E-03,-47.6306058E-03,+91.6845688E-03
+7.1382062E-03,+12.5259001E-03,-47.4869353E-03,+91.6732088E-03
+7.1385000E-03,+10.8605889E-03,-47.3900413E-03,+91.6732088E-03
+7.1387937E-03,+9.3720959E-03,-47.6222529E-03,+91.6666935E-03
+7.1390875E-03,+7.7615465E-03,-47.4468413E-03,+91.6539971E-03
+7.1393812E-03,+6.9962773E-03,-47.7525587E-03,+91.6610135E-03
+7.1396750E-03,+8.8078652E-03,-47.7224881E-03,+91.6496535E-03
+7.1399687E-03,+9.9932569E-03,-47.5170059E-03,+91.6539971E-03
+7.1402625E-03,+11.6717624E-03,-47.5955235E-03,+91.6718723E-03
+7.1405562E-03,+12.3979265E-03,-47.6088882E-03,+91.6823970E-03
+7.1408500E-03,+10.9609611E-03,-47.4952883E-03,+91.6675288E-03
+7.1411437E-03,+8.8542106E-03,-47.4735706E-03,+91.6688653E-03
+7.1414375E-03,+7.0863587E-03,-47.4167707E-03,+91.6683641E-03
+7.1417312E-03,+6.9565474E-03,-47.4167707E-03,+91.6945923E-03
+7.1420250E-03,+7.8041431E-03,-47.4167707E-03,+91.6823970E-03
+7.1423187E-03,+9.8385638E-03,-47.5470765E-03,+91.6675288E-03
+7.1426125E-03,+12.5288771E-03,-47.8227233E-03,+91.6710371E-03
+7.1429062E-03,+12.1255506E-03,-47.6523235E-03,+91.6675288E-03
+7.1432000E-03,+11.3948292E-03,-47.6957587E-03,+91.6753806E-03
+7.1434937E-03,+8.8900814E-03,-47.8093586E-03,+91.6745453E-03
+7.1437875E-03,+7.7755126E-03,-47.7007705E-03,+91.6618488E-03
+7.1440812E-03,+7.5115532E-03,-47.4167707E-03,+91.6732088E-03
+7.1443750E-03,+8.0461610E-03,-47.4167707E-03,+91.6753806E-03
+7.1446687E-03,+9.9532329E-03,-47.4384883E-03,+91.6788888E-03
+7.1449625E-03,+12.5234009E-03,-47.4518530E-03,+91.6732088E-03
+7.1452562E-03,+12.4798855E-03,-47.4251236E-03,+91.6753806E-03
+7.1455500E-03,+11.6202348E-03,-47.6957587E-03,+91.6745453E-03
+7.1458437E-03,+10.1297940E-03,-47.7442057E-03,+91.6661924E-03
+7.1461375E-03,+8.2547706E-03,-47.5955235E-03,+91.6845688E-03
+7.1464312E-03,+7.1710742E-03,-47.6523235E-03,+91.6818959E-03
+7.1467250E-03,+7.0410424E-03,-47.6306058E-03,+91.6959288E-03
+7.1470187E-03,+9.4937480E-03,-47.5520882E-03,+91.6710371E-03
+7.1473125E-03,+11.3279756E-03,-47.4735706E-03,+91.6697006E-03
+7.1476062E-03,+12.7480715E-03,-47.4167707E-03,+91.6788888E-03
+7.1479000E-03,+11.8266392E-03,-47.5470765E-03,+91.6732088E-03
+7.1481937E-03,+9.9620169E-03,-47.7792881E-03,+91.6732088E-03
+7.1484875E-03,+7.6336463E-03,-47.4301354E-03,+91.6732088E-03
+7.1487812E-03,+6.5461644E-03,-47.2597355E-03,+91.6688653E-03
+7.1490750E-03,+6.6188616E-03,-47.3248884E-03,+91.6575053E-03
+7.1493687E-03,+8.9342952E-03,-47.5387235E-03,+91.6640206E-03
+7.1496625E-03,+11.5406648E-03,-47.6088882E-03,+91.6767170E-03
+7.1499562E-03,+12.8561618E-03,-47.4518530E-03,+91.6697006E-03
+7.1502500E-03,+13.0339356E-03,-47.4034060E-03,+91.6767170E-03
+7.1505437E-03,+11.1820299E-03,-47.5520882E-03,+91.6697006E-03
+7.1508375E-03,+8.7934948E-03,-47.5387235E-03,+91.6745453E-03
+7.1511312E-03,+6.8304114E-03,-47.6523235E-03,+91.6575053E-03
+7.1514250E-03,+7.5505112E-03,-47.7609116E-03,+91.6553335E-03
+7.1517187E-03,+8.8871044E-03,-47.9363232E-03,+91.6605124E-03
+7.1520125E-03,+11.0554896E-03,-47.6523235E-03,+91.6823970E-03
+7.1523062E-03,+12.3996539E-03,-47.6306058E-03,+91.6740441E-03
+7.1526000E-03,+12.0739495E-03,-47.5738059E-03,+91.6837335E-03
+7.1528937E-03,+10.4682148E-03,-47.6389588E-03,+91.6496535E-03
+7.1531875E-03,+8.0780626E-03,-47.7442057E-03,+91.6496535E-03
+7.1534812E-03,+6.6165095E-03,-47.6823940E-03,+91.6518253E-03
+7.1537750E-03,+6.4146992E-03,-47.8578056E-03,+91.6596771E-03
+7.1540687E-03,+7.9105795E-03,-47.5303706E-03,+91.6653571E-03
+7.1543625E-03,+10.0124419E-03,-47.4167707E-03,+91.6675288E-03
+7.1546562E-03,+11.7540889E-03,-47.4167707E-03,+91.6732088E-03
+7.1549500E-03,+12.1975496E-03,-47.4384883E-03,+91.6732088E-03
+7.1552437E-03,+11.0039620E-03,-47.5170059E-03,+91.6688653E-03
+7.1555375E-03,+8.3139795E-03,-47.6606764E-03,+91.6618488E-03
+7.1558312E-03,+6.6377159E-03,-47.7575704E-03,+91.6710371E-03
+7.1561250E-03,+6.7928499E-03,-47.4819236E-03,+91.6675288E-03
+7.1564187E-03,+8.2966689E-03,-47.6088882E-03,+91.6710371E-03
+7.1567125E-03,+10.6813449E-03,-47.5604412E-03,+91.6631853E-03
+7.1570062E-03,+12.0996398E-03,-47.6439705E-03,+91.6575053E-03
+7.1573000E-03,+12.2649544E-03,-47.4384883E-03,+91.6640206E-03
+7.1575937E-03,+10.7850249E-03,-47.5387235E-03,+91.6767170E-03
+7.1578875E-03,+9.1526810E-03,-47.6523235E-03,+91.6631853E-03
+7.1581812E-03,+8.0486235E-03,-47.6740411E-03,+91.6618488E-03
+7.1584750E-03,+7.9796750E-03,-47.7091234E-03,+91.6688653E-03
+7.1587687E-03,+8.7169384E-03,-47.6306058E-03,+91.6596771E-03
+7.1590625E-03,+10.9824983E-03,-47.5738059E-03,+91.6610135E-03
+7.1593562E-03,+12.4548935E-03,-47.5520882E-03,+91.6539971E-03
+7.1596500E-03,+12.9941690E-03,-47.4735706E-03,+91.6588418E-03
+7.1599437E-03,+12.2247100E-03,-47.4167707E-03,+91.6483171E-03
+7.1602375E-03,+9.5639829E-03,-47.3733354E-03,+91.6697006E-03
+7.1605312E-03,+7.2878014E-03,-47.3248884E-03,+91.6723735E-03
+7.1608250E-03,+6.7949816E-03,-47.4735706E-03,+91.6561688E-03
+7.1611187E-03,+7.4027645E-03,-47.4819236E-03,+91.6710371E-03
+7.1614125E-03,+9.0695459E-03,-47.6740411E-03,+91.6675288E-03
+7.1617062E-03,+10.8348251E-03,-47.6656881E-03,+91.6732088E-03
+7.1620000E-03,+11.8990424E-03,-47.4301354E-03,+91.6710371E-03
+7.1622937E-03,+11.1634329E-03,-47.4117589E-03,+91.6675288E-03
+7.1625875E-03,+8.8438095E-03,-47.7659234E-03,+91.6688653E-03
+7.1628812E-03,+7.5329434E-03,-47.6306058E-03,+91.6596771E-03
+7.1631750E-03,+7.7674269E-03,-47.5955235E-03,+91.6675288E-03
+7.1634687E-03,+9.7131262E-03,-47.6740411E-03,+91.6710371E-03
+7.1637625E-03,+11.0154289E-03,-47.6874058E-03,+91.6675288E-03
+7.1640562E-03,+12.9623777E-03,-47.6172411E-03,+91.6732088E-03
+7.1643500E-03,+13.5736154E-03,-47.6656881E-03,+91.6732088E-03
+7.1646437E-03,+11.8202442E-03,-47.5170059E-03,+91.6732088E-03
+7.1649375E-03,+8.6734598E-03,-47.5520882E-03,+91.6732088E-03
+7.1652312E-03,+6.9724614E-03,-47.4952883E-03,+91.6623500E-03
+7.1655250E-03,+6.2994788E-03,-47.5387235E-03,+91.6404653E-03
+7.1658187E-03,+7.1650099E-03,-47.6740411E-03,+91.6640206E-03
+7.1661125E-03,+9.8727808E-03,-47.7091234E-03,+91.6788888E-03
+7.1664062E-03,+11.3681833E-03,-47.6088882E-03,+91.6753806E-03
+7.1667000E-03,+12.1388919E-03,-47.5170059E-03,+91.6788888E-03
+7.1669937E-03,+11.3929548E-03,-47.5738059E-03,+91.6732088E-03
+7.1672875E-03,+8.4754351E-03,-47.5520882E-03,+91.6753806E-03
+7.1675812E-03,+7.7038812E-03,-47.5387235E-03,+91.6702018E-03
+7.1678750E-03,+7.8407490E-03,-47.6523235E-03,+91.6461453E-03
+7.1681687E-03,+8.8277485E-03,-47.6523235E-03,+91.6553335E-03
+7.1684625E-03,+10.8776055E-03,-47.6306058E-03,+91.6561688E-03
+7.1687562E-03,+12.2886601E-03,-47.5520882E-03,+91.6666935E-03
+7.1690500E-03,+12.6460821E-03,-47.4518530E-03,+91.6561688E-03
+7.1693437E-03,+11.9705636E-03,-47.3816884E-03,+91.6710371E-03
+7.1696375E-03,+9.6171276E-03,-47.5170059E-03,+91.6610135E-03
+7.1699312E-03,+7.1409368E-03,-47.6606764E-03,+91.6583406E-03
+7.1702250E-03,+6.6372381E-03,-47.7792881E-03,+91.6745453E-03
+7.1705187E-03,+7.4730729E-03,-47.4518530E-03,+91.6553335E-03
+7.1708125E-03,+9.4922044E-03,-47.4468413E-03,+91.6561688E-03
+7.1711062E-03,+11.9619634E-03,-47.7525587E-03,+91.6797241E-03
+7.1714000E-03,+12.0677383E-03,-47.7442057E-03,+91.6859053E-03
+7.1716937E-03,+10.2869862E-03,-47.5955235E-03,+91.6618488E-03
+7.1719875E-03,+8.8860019E-03,-47.6523235E-03,+91.6732088E-03
+7.1722812E-03,+7.2984598E-03,-47.5871706E-03,+91.6710371E-03
+7.1725750E-03,+5.8972550E-03,-47.4602059E-03,+91.6631853E-03
+7.1728687E-03,+5.6263860E-03,-47.5303706E-03,+91.6618488E-03
+7.1731625E-03,+8.4254878E-03,-47.3950531E-03,+91.6666935E-03
+7.1734562E-03,+11.4261794E-03,-47.3816884E-03,+91.6561688E-03
+7.1737500E-03,+12.4068574E-03,-47.4735706E-03,+91.6688653E-03
+7.1740437E-03,+11.4991340E-03,-47.4602059E-03,+91.6618488E-03
+7.1743375E-03,+9.9540783E-03,-47.5520882E-03,+91.6710371E-03
+7.1746312E-03,+8.5761380E-03,-47.4952883E-03,+91.6675288E-03
+7.1749250E-03,+8.5042493E-03,-47.5387235E-03,+91.6732088E-03
+7.1752187E-03,+8.2784027E-03,-47.5654529E-03,+91.6732088E-03
+7.1755125E-03,+9.6686551E-03,-47.3599707E-03,+91.6710371E-03
+7.1758062E-03,+12.1237130E-03,-47.4167707E-03,+91.6653571E-03
+7.1761000E-03,+12.6671048E-03,-47.4384883E-03,+91.6675288E-03
+7.1763937E-03,+12.0604245E-03,-47.6255941E-03,+91.6645218E-03
+7.1766875E-03,+10.1894807E-03,-47.8360880E-03,+91.6526606E-03
+7.1769812E-03,+8.7289567E-03,-47.4301354E-03,+91.6832323E-03
+7.1772750E-03,+7.7641559E-03,-47.3466060E-03,+91.6889123E-03
+7.1775687E-03,+8.0325257E-03,-47.5738059E-03,+91.6823970E-03
+7.1778625E-03,+8.9130887E-03,-47.5955235E-03,+91.6653571E-03
+7.1781562E-03,+10.8513639E-03,-47.6740411E-03,+91.6610135E-03
+7.1784500E-03,+10.9512215E-03,-47.6874058E-03,+91.6539971E-03
+7.1787437E-03,+11.3617883E-03,-47.6389588E-03,+91.6718723E-03
+7.1790375E-03,+10.8207120E-03,-47.6790528E-03,+91.6802253E-03
+7.1793312E-03,+9.0874446E-03,-47.4468413E-03,+91.6575053E-03
+7.1796250E-03,+7.9193635E-03,-47.7091234E-03,+91.6596771E-03
+7.1799187E-03,+8.0434046E-03,-47.6306058E-03,+91.6610135E-03
+7.1802125E-03,+8.8860018E-03,-47.5955235E-03,+91.6561688E-03
+7.1805062E-03,+11.1106924E-03,-47.6523235E-03,+91.6688653E-03
+7.1808000E-03,+11.6980040E-03,-47.7609116E-03,+91.6618488E-03
+7.1810937E-03,+11.1303920E-03,-47.9797585E-03,+91.6688653E-03
+7.1813875E-03,+10.7506977E-03,-47.7659234E-03,+91.6618488E-03
+7.1816812E-03,+9.6042273E-03,-47.5220177E-03,+91.6732088E-03
+7.1819750E-03,+8.6399044E-03,-47.2680884E-03,+91.6688653E-03
+7.1822687E-03,+8.2773001E-03,-47.5821588E-03,+91.6575053E-03
+7.1825625E-03,+9.6730655E-03,-47.7659234E-03,+91.6575053E-03
+7.1828562E-03,+10.8418816E-03,-47.5871706E-03,+91.6618488E-03
+7.1831500E-03,+11.2960741E-03,-47.4384883E-03,+91.6688653E-03
+7.1834437E-03,+10.9124472E-03,-47.5604412E-03,+91.6575053E-03
+7.1837375E-03,+10.2207942E-03,-47.6656881E-03,+91.6618488E-03
+7.1840312E-03,+8.9822577E-03,-47.5387235E-03,+91.6710371E-03
+7.1843250E-03,+8.6339871E-03,-47.6088882E-03,+91.6675288E-03
+7.1846187E-03,+7.8912843E-03,-47.5387235E-03,+91.6732088E-03
+7.1849125E-03,+9.0733682E-03,-47.6740411E-03,+91.6688653E-03
+7.1852062E-03,+10.3948192E-03,-47.7308410E-03,+91.6640206E-03
+7.1855000E-03,+10.6705763E-03,-47.6222529E-03,+91.6745453E-03
+7.1857937E-03,+11.1072377E-03,-47.4685589E-03,+91.6575053E-03
+7.1860875E-03,+11.1619628E-03,-47.7659234E-03,+91.6618488E-03
+7.1863812E-03,+9.4450872E-03,-47.6306058E-03,+91.6666935E-03
+7.1866750E-03,+8.2915970E-03,-47.5955235E-03,+91.6474818E-03
+7.1869687E-03,+7.8686445E-03,-47.6088882E-03,+91.6483171E-03
+7.1872625E-03,+8.0209118E-03,-47.4518530E-03,+91.6697006E-03
+7.1875562E-03,+9.5191810E-03,-47.4034060E-03,+91.6788888E-03
+7.1878500E-03,+11.6827515E-03,-47.6172411E-03,+91.6688653E-03
+7.1881437E-03,+11.8566663E-03,-47.7091234E-03,+91.6553335E-03
+7.1884375E-03,+11.2534775E-03,-47.6523235E-03,+91.6453100E-03
+7.1887312E-03,+10.1114175E-03,-47.5871706E-03,+91.6382935E-03
+7.1890250E-03,+8.3430143E-03,-47.5253588E-03,+91.6561688E-03
+7.1893187E-03,+7.9909582E-03,-47.8093586E-03,+91.6688653E-03
+7.1896125E-03,+8.6373316E-03,-47.7442057E-03,+91.6553335E-03
+7.1899062E-03,+9.8236789E-03,-47.6389588E-03,+91.6561688E-03
+7.1902000E-03,+12.0358000E-03,-47.7659234E-03,+91.6710371E-03
+7.1904937E-03,+12.3138358E-03,-47.5871706E-03,+91.6653571E-03
+7.1907875E-03,+11.2575938E-03,-47.4819236E-03,+91.6653571E-03
+7.1910812E-03,+9.3818722E-03,-47.6306058E-03,+91.6610135E-03
+7.1913750E-03,+8.2998664E-03,-47.4869353E-03,+91.6605124E-03
+7.1916687E-03,+7.3741708E-03,-47.3683237E-03,+91.6867406E-03
+7.1919625E-03,+7.6502586E-03,-47.6306058E-03,+91.6767170E-03
+7.1922562E-03,+9.1522399E-03,-47.5955235E-03,+91.6610135E-03
+7.1925500E-03,+11.2080141E-03,-47.5871706E-03,+91.6496535E-03
+7.1928437E-03,+11.5275807E-03,-47.4602059E-03,+91.6518253E-03
+7.1931375E-03,+10.5784000E-03,-47.5738059E-03,+91.6618488E-03
+7.1934312E-03,+9.3615478E-03,-47.5303706E-03,+91.6666935E-03
+7.1937250E-03,+8.1281200E-03,-47.4602059E-03,+91.6518253E-03
+7.1940187E-03,+7.4260291E-03,-47.5520882E-03,+91.6575053E-03
+7.1943125E-03,+8.1414246E-03,-47.5170059E-03,+91.6596771E-03
+7.1946062E-03,+9.4135532E-03,-47.5955235E-03,+91.6653571E-03
+7.1949000E-03,+10.3662989E-03,-47.7174763E-03,+91.6610135E-03
+7.1951937E-03,+11.7520675E-03,-47.8227233E-03,+91.6496535E-03
+7.1954875E-03,+11.9867349E-03,-47.5654529E-03,+91.6539971E-03
+7.1957812E-03,+10.9878642E-03,-47.4685589E-03,+91.6610135E-03
+7.1960750E-03,+9.3672078E-03,-47.7442057E-03,+91.6518253E-03
+7.1963687E-03,+7.5135378E-03,-47.6389588E-03,+91.6531618E-03
+7.1966625E-03,+7.7507044E-03,-47.7876410E-03,+91.6418018E-03
+7.1969562E-03,+8.8836129E-03,-47.7308410E-03,+91.6504888E-03
+7.1972500E-03,+10.9212679E-03,-47.6874058E-03,+91.6732088E-03
+7.1975437E-03,+12.4442351E-03,-47.5738059E-03,+91.6732088E-03
+7.1978375E-03,+12.0153654E-03,-47.6172411E-03,+91.6688653E-03
+7.1981312E-03,+10.6311404E-03,-47.6222529E-03,+91.6618488E-03
+7.1984250E-03,+8.8695366E-03,-47.3816884E-03,+91.6666935E-03
+7.1987187E-03,+7.4539246E-03,-47.5604412E-03,+91.6539971E-03
+7.1990125E-03,+7.7679415E-03,-47.6439705E-03,+91.6675288E-03
+7.1993062E-03,+9.6820699E-03,-47.5253588E-03,+91.6688653E-03
+7.1996000E-03,+11.3474547E-03,-47.7876410E-03,+91.6596771E-03
+7.1998937E-03,+12.0312427E-03,-47.7525587E-03,+91.6631853E-03
+7.2001875E-03,+11.8752265E-03,-47.7442057E-03,+91.6640206E-03
+7.2004812E-03,+10.0703645E-03,-47.5520882E-03,+91.6788888E-03
+7.2007750E-03,+7.1982346E-03,-47.5387235E-03,+91.6710371E-03
+7.2010687E-03,+6.3151356E-03,-47.6957587E-03,+91.6631853E-03
+7.2013625E-03,+7.3065454E-03,-47.7876410E-03,+91.6575053E-03
+7.2016562E-03,+8.0344001E-03,-47.5788176E-03,+91.6596771E-03
+7.2019500E-03,+10.1331752E-03,-47.3115237E-03,+91.6588418E-03
+7.2022437E-03,+11.5674576E-03,-47.5654529E-03,+91.6439735E-03
+7.2025375E-03,+11.8694196E-03,-47.4251236E-03,+91.6561688E-03
+7.2028312E-03,+11.7057589E-03,-47.6306058E-03,+91.6753806E-03
+7.2031250E-03,+9.8180557E-03,-47.5303706E-03,+91.6767170E-03
+7.2034187E-03,+8.9343687E-03,-47.5036412E-03,+91.6631853E-03
+7.2037125E-03,+7.8494227E-03,-47.6656881E-03,+91.6575053E-03
+7.2040062E-03,+8.3611335E-03,-47.4952883E-03,+91.6553335E-03
+7.2043000E-03,+9.6959258E-03,-47.4735706E-03,+91.6496535E-03
+7.2045937E-03,+11.0242863E-03,-47.4167707E-03,+91.6518253E-03
+7.2048875E-03,+12.3328738E-03,-47.3950531E-03,+91.6575053E-03
+7.2051812E-03,+11.9005493E-03,-47.4468413E-03,+91.6618488E-03
+7.2054750E-03,+9.2716134E-03,-47.7308410E-03,+91.6688653E-03
+7.2057687E-03,+7.7826059E-03,-47.7959939E-03,+91.6575053E-03
+7.2060625E-03,+7.5186465E-03,-47.8795233E-03,+91.6618488E-03
+7.2063562E-03,+7.1319323E-03,-47.5437353E-03,+91.6710371E-03
+7.2066500E-03,+8.4681580E-03,-47.3466060E-03,+91.6675288E-03
+7.2069437E-03,+9.7930637E-03,-47.5303706E-03,+91.6688653E-03
+7.2072375E-03,+11.1962532E-03,-47.3733354E-03,+91.6596771E-03
+7.2075312E-03,+11.6876029E-03,-47.3466060E-03,+91.6588418E-03
+7.2078250E-03,+10.1901790E-03,-47.5738059E-03,+91.6439735E-03
+7.2081187E-03,+9.0845043E-03,-47.5520882E-03,+91.6474818E-03
+7.2084125E-03,+8.4830062E-03,-47.4952883E-03,+91.6461453E-03
+7.2087062E-03,+8.8957781E-03,-47.5170059E-03,+91.6596771E-03
+7.2090000E-03,+9.7710120E-03,-47.5738059E-03,+91.6653571E-03
+7.2092937E-03,+11.1105454E-03,-47.5520882E-03,+91.6631853E-03
+7.2095875E-03,+11.7263405E-03,-47.4301354E-03,+91.6553335E-03
+7.2098812E-03,+11.5841435E-03,-47.3900413E-03,+91.6539971E-03
+7.2101750E-03,+10.8387944E-03,-47.6874058E-03,+91.6610135E-03
+7.2104687E-03,+9.0592551E-03,-47.5738059E-03,+91.6583406E-03
+7.2107625E-03,+8.3706158E-03,-47.6172411E-03,+91.6832323E-03
+7.2110562E-03,+7.6308899E-03,-47.7308410E-03,+91.6845688E-03
+7.2113500E-03,+8.3031742E-03,-47.6656881E-03,+91.6710371E-03
+7.2116437E-03,+9.2421008E-03,-47.5387235E-03,+91.6653571E-03
+7.2119375E-03,+10.8815748E-03,-47.6523235E-03,+91.6631853E-03
+7.2122312E-03,+11.8820993E-03,-47.6088882E-03,+91.6661924E-03
+7.2125250E-03,+11.3176481E-03,-47.5604412E-03,+91.6802253E-03
+7.2128187E-03,+9.7550980E-03,-47.6439705E-03,+91.6575053E-03
+7.2131125E-03,+8.2026917E-03,-47.5253588E-03,+91.6596771E-03
+7.2134062E-03,+7.8373677E-03,-47.7659234E-03,+91.6610135E-03
+7.2137000E-03,+8.6693434E-03,-47.6306058E-03,+91.6474818E-03
+7.2139937E-03,+9.6320860E-03,-47.5955235E-03,+91.6461453E-03
+7.2142875E-03,+10.7907951E-03,-47.6523235E-03,+91.6553335E-03
+7.2145812E-03,+11.7229225E-03,-47.5871706E-03,+91.6496535E-03
+7.2148750E-03,+10.9424009E-03,-47.4167707E-03,+91.6539971E-03
+7.2151687E-03,+8.8852668E-03,-47.5470765E-03,+91.6631853E-03
+7.2154625E-03,+7.2557896E-03,-47.7792881E-03,+91.6575053E-03
+7.2157562E-03,+6.2427323E-03,-47.4952883E-03,+91.6553335E-03
+7.2160500E-03,+6.9771290E-03,-47.5387235E-03,+91.6583406E-03
+7.2163437E-03,+9.8213267E-03,-47.6088882E-03,+91.6767170E-03
+7.2166375E-03,+11.1242910E-03,-47.5170059E-03,+91.6653571E-03
+7.2169312E-03,+12.0459071E-03,-47.5738059E-03,+91.6631853E-03
+7.2172250E-03,+12.0486268E-03,-47.5738059E-03,+91.6575053E-03
+7.2175187E-03,+10.2945940E-03,-47.5520882E-03,+91.6509900E-03
+7.2178125E-03,+8.3766065E-03,-47.4735706E-03,+91.6426371E-03
+7.2181062E-03,+7.6312942E-03,-47.4384883E-03,+91.6653571E-03
+7.2184000E-03,+7.9551608E-03,-47.4518530E-03,+91.6631853E-03
+7.2186937E-03,+9.9070345E-03,-47.3816884E-03,+91.6640206E-03
+7.2189875E-03,+11.8643109E-03,-47.5170059E-03,+91.6767170E-03
+7.2192812E-03,+13.1241640E-03,-47.5086530E-03,+91.6675288E-03
+7.2195750E-03,+12.0081618E-03,-47.3816884E-03,+91.6710371E-03
+7.2198687E-03,+10.5937260E-03,-47.5604412E-03,+91.6610135E-03
+7.2201625E-03,+8.6537235E-03,-47.7091234E-03,+91.6474818E-03
+7.2204562E-03,+7.4175025E-03,-47.6740411E-03,+91.6526606E-03
+7.2207500E-03,+7.8721727E-03,-47.6656881E-03,+91.6767170E-03
+7.2210437E-03,+9.7776643E-03,-47.5170059E-03,+91.6631853E-03
+7.2213375E-03,+11.0991888E-03,-47.5520882E-03,+91.6509900E-03
+7.2216312E-03,+12.7739823E-03,-47.5604412E-03,+91.6404653E-03
+7.2219250E-03,+12.1509469E-03,-47.7091234E-03,+91.6640206E-03
+7.2222187E-03,+10.3233348E-03,-47.6740411E-03,+91.6745453E-03
+7.2225125E-03,+8.2570493E-03,-47.6874058E-03,+91.6596771E-03
+7.2228062E-03,+6.7477909E-03,-47.5955235E-03,+91.6675288E-03
+7.2231000E-03,+7.0192479E-03,-47.7174763E-03,+91.6666935E-03
+7.2233937E-03,+8.7758534E-03,-47.7358528E-03,+91.6539971E-03
+7.2236875E-03,+10.6472382E-03,-47.3816884E-03,+91.6631853E-03
+7.2239812E-03,+12.0476712E-03,-47.4735706E-03,+91.6553335E-03
+7.2242750E-03,+11.6629417E-03,-47.4602059E-03,+91.6539971E-03
+7.2245687E-03,+9.5803011E-03,-47.5086530E-03,+91.6675288E-03
+7.2248625E-03,+8.3008587E-03,-47.4902765E-03,+91.6710371E-03
+7.2251562E-03,+7.3190046E-03,-47.8444410E-03,+91.6653571E-03
+7.2254500E-03,+8.2983963E-03,-47.6656881E-03,+91.6653571E-03
+7.2257437E-03,+9.9763505E-03,-47.5170059E-03,+91.6653571E-03
+7.2260375E-03,+11.4767514E-03,-47.5086530E-03,+91.6675288E-03
+7.2263312E-03,+12.4973799E-03,-47.3165355E-03,+91.6688653E-03
+7.2266250E-03,+11.9670353E-03,-47.3900413E-03,+91.6553335E-03
+7.2269187E-03,+10.9985226E-03,-47.7091234E-03,+91.6518253E-03
+7.2272125E-03,+8.8519687E-03,-47.6523235E-03,+91.6553335E-03
+7.2275062E-03,+7.9281474E-03,-47.6306058E-03,+91.6453100E-03
+7.2278000E-03,+8.1093760E-03,-47.5955235E-03,+91.6361218E-03
+7.2280937E-03,+8.8920293E-03,-47.5871706E-03,+91.6461453E-03
+7.2283875E-03,+10.0015998E-03,-47.4819236E-03,+91.6618488E-03
+7.2286812E-03,+10.8393457E-03,-47.6306058E-03,+91.6710371E-03
+7.2289750E-03,+10.2077101E-03,-47.5738059E-03,+91.6610135E-03
+7.2292687E-03,+9.0420915E-03,-47.5303706E-03,+91.6583406E-03
+7.2295625E-03,+8.3093119E-03,-47.4819236E-03,+91.6767170E-03
+7.2298562E-03,+7.3339263E-03,-47.6088882E-03,+91.6610135E-03
+7.2301500E-03,+8.1469375E-03,-47.4518530E-03,+91.6539971E-03
+7.2304437E-03,+9.2262603E-03,-47.4685589E-03,+91.6675288E-03
+7.2307375E-03,+10.4774765E-03,-47.7442057E-03,+91.6753806E-03
+7.2310312E-03,+11.9063930E-03,-47.5303706E-03,+91.6767170E-03
+7.2313250E-03,+12.0678853E-03,-47.4167707E-03,+91.6588418E-03
+7.2316187E-03,+10.0721286E-03,-47.4819236E-03,+91.6418018E-03
+7.2319125E-03,+9.2605140E-03,-47.6740411E-03,+91.6504888E-03
+7.2322062E-03,+8.5582761E-03,-47.6874058E-03,+91.6732088E-03
+7.2325000E-03,+8.2799096E-03,-47.5955235E-03,+91.6710371E-03
+7.2327937E-03,+9.8811605E-03,-47.5437353E-03,+91.6653571E-03
+7.2330875E-03,+10.6648428E-03,-47.3466060E-03,+91.6653571E-03
+7.2333812E-03,+10.8022987E-03,-47.5086530E-03,+91.6631853E-03
+7.2336750E-03,+10.8246445E-03,-47.3816884E-03,+91.6596771E-03
+7.2339687E-03,+10.5306212E-03,-47.5170059E-03,+91.6610135E-03
+7.2342625E-03,+10.0654396E-03,-47.5738059E-03,+91.6518253E-03
+7.2345562E-03,+8.6747094E-03,-47.5738059E-03,+91.6575053E-03
+7.2348500E-03,+7.9763673E-03,-47.5303706E-03,+91.6618488E-03
+7.2351437E-03,+8.6244314E-03,-47.3950531E-03,+91.6732088E-03
+7.2354375E-03,+9.7173895E-03,-47.4034060E-03,+91.6688653E-03
+7.2357312E-03,+10.0551855E-03,-47.5303706E-03,+91.6618488E-03
+7.2360250E-03,+10.5635518E-03,-47.4819236E-03,+91.6688653E-03
+7.2363187E-03,+10.9584619E-03,-47.5871706E-03,+91.6575053E-03
+7.2366125E-03,+10.5431540E-03,-47.4167707E-03,+91.6618488E-03
+7.2369062E-03,+8.8015437E-03,-47.3950531E-03,+91.6688653E-03
+7.2372000E-03,+8.2432301E-03,-47.3599707E-03,+91.6596771E-03
+7.2374937E-03,+9.2374700E-03,-47.3516178E-03,+91.6631853E-03
+7.2377875E-03,+9.5229666E-03,-47.2898061E-03,+91.6553335E-03
+7.2380812E-03,+10.7645902E-03,-47.5086530E-03,+91.6496535E-03
+7.2383750E-03,+11.2731036E-03,-47.3816884E-03,+91.6518253E-03
+7.2386687E-03,+10.9465172E-03,-47.4735706E-03,+91.6575053E-03
+7.2389625E-03,+10.3458643E-03,-47.3733354E-03,+91.6575053E-03
+7.2392562E-03,+8.9183444E-03,-47.2814531E-03,+91.6553335E-03
+7.2395500E-03,+7.4850176E-03,-47.2731002E-03,+91.6539971E-03
+7.2398437E-03,+8.0496526E-03,-47.2112885E-03,+91.6631853E-03
+7.2401375E-03,+9.5260906E-03,-47.4518530E-03,+91.6618488E-03
+7.2404312E-03,+10.8647052E-03,-47.2731002E-03,+91.6818959E-03
+7.2407250E-03,+11.1657483E-03,-47.1461356E-03,+91.6872417E-03
+7.2410187E-03,+9.8986916E-03,-47.3248884E-03,+91.6483171E-03
+7.2413125E-03,+10.4907443E-03,-47.5821588E-03,+91.6610135E-03
+7.2416062E-03,+9.2165576E-03,-47.7659234E-03,+91.6561688E-03
+7.2419000E-03,+8.3936231E-03,-47.6088882E-03,+91.6710371E-03
+7.2421937E-03,+7.9244354E-03,-47.4735706E-03,+91.6631853E-03
+7.2424875E-03,+8.7758166E-03,-47.5036412E-03,+91.6596771E-03
+7.2427812E-03,+9.5138519E-03,-47.6874058E-03,+91.6610135E-03
+7.2430750E-03,+11.4244521E-03,-47.5738059E-03,+91.6431383E-03
+7.2433687E-03,+10.7633039E-03,-47.5955235E-03,+91.6304418E-03
+7.2436625E-03,+9.5089637E-03,-47.5654529E-03,+91.6418018E-03
+7.2439562E-03,+9.5805952E-03,-47.3816884E-03,+91.6418018E-03
+7.2442500E-03,+8.3725637E-03,-47.4735706E-03,+91.6461453E-03
+7.2445437E-03,+7.8935262E-03,-47.5470765E-03,+91.6553335E-03
+7.2448375E-03,+8.0449482E-03,-47.8227233E-03,+91.6561688E-03
+7.2451312E-03,+9.5712967E-03,-47.5871706E-03,+91.6688653E-03
+7.2454250E-03,+10.8150152E-03,-47.4167707E-03,+91.6618488E-03
+7.2457187E-03,+11.7933410E-03,-47.4167707E-03,+91.6666935E-03
+7.2460125E-03,+10.9399752E-03,-47.5036412E-03,+91.6518253E-03
+7.2463062E-03,+9.9150099E-03,-47.5788176E-03,+91.6618488E-03
+7.2466000E-03,+9.3537194E-03,-47.2463708E-03,+91.6645218E-03
+7.2468937E-03,+7.8935262E-03,-47.3516178E-03,+91.6396300E-03
+7.2471875E-03,+8.5741166E-03,-47.2463708E-03,+91.6426371E-03
+7.2474812E-03,+10.5513498E-03,-47.4384883E-03,+91.6631853E-03
+7.2477750E-03,+11.5003836E-03,-47.4952883E-03,+91.6618488E-03
+7.2480687E-03,+11.9832801E-03,-47.4952883E-03,+91.6710371E-03
+7.2483625E-03,+11.4025106E-03,-47.4518530E-03,+91.6653571E-03
+7.2486562E-03,+9.5003268E-03,-47.3382531E-03,+91.6653571E-03
+7.2489500E-03,+8.6576928E-03,-47.3165355E-03,+91.6631853E-03
+7.2492437E-03,+8.0887944E-03,-47.3248884E-03,+91.6488182E-03
+7.2495375E-03,+8.0421550E-03,-47.5170059E-03,+91.6369571E-03
+7.2498312E-03,+8.4627185E-03,-47.5955235E-03,+91.6675288E-03
+7.2501250E-03,+9.9083576E-03,-47.6088882E-03,+91.6688653E-03
+7.2504187E-03,+11.6158980E-03,-47.4735706E-03,+91.6575053E-03
+7.2507125E-03,+12.7116493E-03,-47.4384883E-03,+91.6575053E-03
+7.2510062E-03,+11.8428105E-03,-47.5387235E-03,+91.6575053E-03
+7.2513000E-03,+9.5404977E-03,-47.5871706E-03,+91.6596771E-03
+7.2515937E-03,+7.8579494E-03,-47.3299002E-03,+91.6610135E-03
+7.2518875E-03,+7.8596400E-03,-47.2330061E-03,+91.6496535E-03
+7.2521812E-03,+8.2678914E-03,-47.5086530E-03,+91.6518253E-03
+7.2524750E-03,+9.4584652E-03,-47.3599707E-03,+91.6618488E-03
+7.2527687E-03,+10.7152311E-03,-47.3516178E-03,+91.6710371E-03
+7.2530625E-03,+11.0999238E-03,-47.2680884E-03,+91.6653571E-03
+7.2533562E-03,+10.1826814E-03,-47.5170059E-03,+91.6610135E-03
+7.2536500E-03,+8.7342858E-03,-47.5086530E-03,+91.6518253E-03
+7.2539437E-03,+7.2626992E-03,-47.3165355E-03,+91.6553335E-03
+7.2542375E-03,+7.8723565E-03,-47.3031708E-03,+91.6496535E-03
+7.2545312E-03,+8.8173842E-03,-47.5036412E-03,+91.6539971E-03
+7.2548250E-03,+9.8777792E-03,-47.7525587E-03,+91.6653571E-03
+7.2551187E-03,+10.9283980E-03,-47.6573352E-03,+91.6610135E-03
+7.2554125E-03,+11.4693274E-03,-47.1728650E-03,+91.6496535E-03
+7.2557062E-03,+10.8660651E-03,-47.0542533E-03,+91.6605124E-03
+7.2560000E-03,+9.6744253E-03,-47.2513826E-03,+91.6823970E-03
+7.2562937E-03,+9.1037629E-03,-47.1327709E-03,+91.6610135E-03
+7.2565875E-03,+7.8497535E-03,-47.4384883E-03,+91.6539971E-03
+7.2568812E-03,+8.8585474E-03,-47.4301354E-03,+91.6610135E-03
+7.2571750E-03,+10.1475823E-03,-47.2814531E-03,+91.6453100E-03
+7.2574687E-03,+10.9192098E-03,-47.3599707E-03,+91.6382935E-03
+7.2577625E-03,+10.7245663E-03,-47.5036412E-03,+91.6518253E-03
+7.2580562E-03,+10.1485379E-03,-47.6005353E-03,+91.6596771E-03
+7.2583500E-03,+9.2426889E-03,-47.2380179E-03,+91.6631853E-03
+7.2586437E-03,+8.2910825E-03,-47.2463708E-03,+91.6596771E-03
+7.2589375E-03,+7.9443922E-03,-47.4819236E-03,+91.6566700E-03
+7.2592312E-03,+8.5683097E-03,-47.5003000E-03,+91.6404653E-03
+7.2595250E-03,+9.7600596E-03,-47.2112885E-03,+91.6575053E-03
+7.2598187E-03,+11.0836790E-03,-47.4301354E-03,+91.6596771E-03
+7.2601125E-03,+11.5823426E-03,-47.2597355E-03,+91.6675288E-03
+7.2604062E-03,+11.0497929E-03,-47.3683237E-03,+91.6666935E-03
+7.2607000E-03,+9.9884055E-03,-47.6088882E-03,+91.6518253E-03
+7.2609937E-03,+8.9252540E-03,-47.4735706E-03,+91.6618488E-03
+7.2612875E-03,+8.1469375E-03,-47.3950531E-03,+91.6710371E-03
+7.2615812E-03,+8.6253869E-03,-47.3816884E-03,+91.6675288E-03
+7.2618750E-03,+10.6681506E-03,-47.4084178E-03,+91.6710371E-03
+7.2621687E-03,+10.7203030E-03,-47.2029356E-03,+91.6653571E-03
+7.2624625E-03,+10.6000475E-03,-47.3248884E-03,+91.6610135E-03
+7.2627562E-03,+10.1813583E-03,-47.5170059E-03,+91.6496535E-03
+7.2630500E-03,+9.5472603E-03,-47.5086530E-03,+91.6518253E-03
+7.2633437E-03,+8.6492028E-03,-47.2513826E-03,+91.6575053E-03
+7.2636375E-03,+7.8672846E-03,-47.1110533E-03,+91.6553335E-03
+7.2639312E-03,+8.5614001E-03,-47.3816884E-03,+91.6496535E-03
+7.2642250E-03,+9.5871004E-03,-47.4518530E-03,+91.6496535E-03
+7.2645187E-03,+11.0029329E-03,-47.3816884E-03,+91.6539971E-03
+7.2648125E-03,+10.7524618E-03,-47.4518530E-03,+91.6675288E-03
+7.2651062E-03,+11.1483274E-03,-47.3816884E-03,+91.6688653E-03
+7.2654000E-03,+10.5495122E-03,-47.4952883E-03,+91.6531618E-03
+7.2656937E-03,+9.1470946E-03,-47.4518530E-03,+91.6504888E-03
+7.2659875E-03,+7.7872368E-03,-47.2296650E-03,+91.6732088E-03
+7.2662812E-03,+8.2196348E-03,-47.0976886E-03,+91.6666935E-03
+7.2665750E-03,+9.3082928E-03,-47.4518530E-03,+91.6561688E-03
+7.2668687E-03,+10.2817305E-03,-47.3816884E-03,+91.6688653E-03
+7.2671625E-03,+10.8426902E-03,-47.4301354E-03,+91.6575053E-03
+7.2674562E-03,+10.6925913E-03,-47.2814531E-03,+91.6531618E-03
+7.2677500E-03,+9.7396250E-03,-47.4251236E-03,+91.6483171E-03
+7.2680437E-03,+8.8913678E-03,-47.5871706E-03,+91.6653571E-03
+7.2683375E-03,+8.1972523E-03,-47.4384883E-03,+91.6675288E-03
+7.2686312E-03,+8.4648502E-03,-47.4301354E-03,+91.6688653E-03
+7.2689250E-03,+9.2420273E-03,-47.3031708E-03,+91.6553335E-03
+7.2692187E-03,+11.2401362E-03,-47.4819236E-03,+91.6496535E-03
+7.2695125E-03,+12.2494814E-03,-47.5871706E-03,+91.6539971E-03
+7.2698062E-03,+12.0642468E-03,-47.3950531E-03,+91.6675288E-03
+7.2701000E-03,+9.7315026E-03,-47.4034060E-03,+91.6645218E-03
+7.2703937E-03,+7.9956993E-03,-47.5738059E-03,+91.6418018E-03
+7.2706875E-03,+6.6829955E-03,-47.5520882E-03,+91.6439735E-03
+7.2709812E-03,+7.1508968E-03,-47.4518530E-03,+91.6518253E-03
+7.2712750E-03,+8.4723846E-03,-47.3816884E-03,+91.6531618E-03
+7.2715687E-03,+10.0546710E-03,-47.4301354E-03,+91.6439735E-03
+7.2718625E-03,+11.5653995E-03,-47.3031708E-03,+91.6496535E-03
+7.2721562E-03,+11.5908692E-03,-47.4602059E-03,+91.6518253E-03
+7.2724500E-03,+11.3604653E-03,-47.5303706E-03,+91.6596771E-03
+7.2727437E-03,+9.2231731E-03,-47.3733354E-03,+91.6631853E-03
+7.2730375E-03,+8.0276743E-03,-47.2814531E-03,+91.6553335E-03
+7.2733312E-03,+7.3504284E-03,-47.3816884E-03,+91.6453100E-03
+7.2736250E-03,+8.4882251E-03,-47.5170059E-03,+91.6426371E-03
+7.2739187E-03,+9.6202148E-03,-47.5520882E-03,+91.6588418E-03
+7.2742125E-03,+11.3464624E-03,-47.5604412E-03,+91.6396300E-03
+7.2745062E-03,+12.7597221E-03,-47.6222529E-03,+91.6426371E-03
+7.2748000E-03,+12.0364616E-03,-47.3599707E-03,+91.6610135E-03
+7.2750937E-03,+10.0200498E-03,-47.4384883E-03,+91.6518253E-03
+7.2753875E-03,+8.5143564E-03,-47.4952883E-03,+91.6553335E-03
+7.2756812E-03,+7.5888445E-03,-47.5170059E-03,+91.6518253E-03
+7.2759750E-03,+8.2524184E-03,-47.5520882E-03,+91.6531618E-03
+7.2762687E-03,+9.2007905E-03,-47.4301354E-03,+91.6526606E-03
+7.2765625E-03,+10.7026248E-03,-47.2814531E-03,+91.6745453E-03
+7.2768562E-03,+12.1998283E-03,-47.3165355E-03,+91.6575053E-03
+7.2771500E-03,+11.9563402E-03,-47.2597355E-03,+91.6531618E-03
+7.2774437E-03,+10.0309654E-03,-47.2597355E-03,+91.6504888E-03
+7.2777375E-03,+7.9634302E-03,-47.3248884E-03,+91.6688653E-03
+7.2780312E-03,+6.6006690E-03,-47.5170059E-03,+91.6575053E-03
+7.2783250E-03,+6.7512824E-03,-47.5086530E-03,+91.6618488E-03
+7.2786187E-03,+8.8100703E-03,-47.3165355E-03,+91.6666935E-03
+7.2789125E-03,+11.1092591E-03,-47.2597355E-03,+91.6561688E-03
+7.2792062E-03,+12.5305677E-03,-47.2380179E-03,+91.6666935E-03
+7.2795000E-03,+12.5448279E-03,-47.2898061E-03,+91.6474818E-03
+7.2797937E-03,+10.8403013E-03,-47.4869353E-03,+91.6439735E-03
+7.2800875E-03,+8.5885973E-03,-47.3466060E-03,+91.6561688E-03
+7.2803812E-03,+6.9269981E-03,-47.5303706E-03,+91.6666935E-03
+7.2806750E-03,+6.4140377E-03,-47.4167707E-03,+91.6518253E-03
+7.2809687E-03,+7.9537274E-03,-47.4384883E-03,+91.6575053E-03
+7.2812625E-03,+9.7543629E-03,-47.4518530E-03,+91.6640206E-03
+7.2815562E-03,+11.6980775E-03,-47.3599707E-03,+91.6810606E-03
+7.2818500E-03,+12.2694383E-03,-47.4819236E-03,+91.6788888E-03
+7.2821437E-03,+11.2314258E-03,-47.6306058E-03,+91.6710371E-03
+7.2824375E-03,+10.4488827E-03,-47.5955235E-03,+91.6610135E-03
+7.2827312E-03,+8.7712225E-03,-47.5871706E-03,+91.6474818E-03
+7.2830250E-03,+7.8529510E-03,-47.4819236E-03,+91.6461453E-03
+7.2833187E-03,+8.3370603E-03,-47.5654529E-03,+91.6575053E-03
+7.2836125E-03,+10.7748811E-03,-47.3382531E-03,+91.6596771E-03
+7.2839062E-03,+12.7678078E-03,-47.3599707E-03,+91.6697006E-03
+7.2842000E-03,+13.3619186E-03,-47.4602059E-03,+91.6767170E-03
+7.2844937E-03,+11.6118552E-03,-47.6172411E-03,+91.6610135E-03
+7.2847875E-03,+8.9790602E-03,-47.6656881E-03,+91.6474818E-03
+7.2850812E-03,+7.7222944E-03,-47.4735706E-03,+91.6418018E-03
+7.2853750E-03,+6.9173321E-03,-47.4384883E-03,+91.6461453E-03
+7.2856687E-03,+7.5528267E-03,-47.4952883E-03,+91.6575053E-03
+7.2859625E-03,+9.8909735E-03,-47.4518530E-03,+91.6618488E-03
+7.2862562E-03,+12.1403988E-03,-47.3599707E-03,+91.6688653E-03
+7.2865500E-03,+12.2648074E-03,-47.4384883E-03,+91.6575053E-03
+7.2868437E-03,+11.1597576E-03,-47.4084178E-03,+91.6553335E-03
+7.2871375E-03,+8.8222723E-03,-47.2029356E-03,+91.6496535E-03
+7.2874312E-03,+7.1991534E-03,-47.3031708E-03,+91.6561688E-03
+7.2877250E-03,+6.2181079E-03,-47.3516178E-03,+91.6645218E-03
+7.2880187E-03,+6.9056814E-03,-47.1595003E-03,+91.6461453E-03
+7.2883125E-03,+9.2365879E-03,-47.1027003E-03,+91.6531618E-03
+7.2886062E-03,+11.2715232E-03,-47.1461356E-03,+91.6418018E-03
+7.2889000E-03,+12.6650834E-03,-47.3031708E-03,+91.6483171E-03
+7.2891937E-03,+11.4866748E-03,-47.4167707E-03,+91.6610135E-03
+7.2894875E-03,+9.1629351E-03,-47.3733354E-03,+91.6496535E-03
+7.2897812E-03,+7.7136207E-03,-47.1728650E-03,+91.6518253E-03
+7.2900750E-03,+7.1586149E-03,-47.0325357E-03,+91.6575053E-03
+7.2903687E-03,+8.2760137E-03,-47.3031708E-03,+91.6596771E-03
+7.2906625E-03,+9.5150647E-03,-47.3516178E-03,+91.6653571E-03
+7.2909562E-03,+11.5038383E-03,-47.2246532E-03,+91.6631853E-03
+7.2912500E-03,+13.5450584E-03,-47.3816884E-03,+91.6553335E-03
+7.2915437E-03,+12.2607279E-03,-47.4735706E-03,+91.6539971E-03
+7.2918375E-03,+10.4241848E-03,-47.4167707E-03,+91.6697006E-03
+7.2921312E-03,+8.6010565E-03,-47.3950531E-03,+91.6702018E-03
+7.2924250E-03,+7.3253629E-03,-47.3382531E-03,+91.6483171E-03
+7.2927187E-03,+7.3447684E-03,-47.3816884E-03,+91.6566700E-03
+7.2930125E-03,+8.9068775E-03,-47.4084178E-03,+91.6361218E-03
+7.2933062E-03,+10.4705669E-03,-47.2463708E-03,+91.6461453E-03
+7.2936000E-03,+11.5765724E-03,-47.4602059E-03,+91.6596771E-03
+7.2938937E-03,+11.3674851E-03,-47.5303706E-03,+91.6718723E-03
+7.2941875E-03,+9.6625909E-03,-47.3733354E-03,+91.6780535E-03
+7.2944812E-03,+8.2293376E-03,-47.3248884E-03,+91.6496535E-03
+7.2947750E-03,+6.9191697E-03,-47.4518530E-03,+91.6518253E-03
+7.2950687E-03,+6.9878609E-03,-47.3816884E-03,+91.6575053E-03
+7.2953625E-03,+9.3974921E-03,-47.5387235E-03,+91.6596771E-03
+7.2956562E-03,+10.8031440E-03,-47.5654529E-03,+91.6631853E-03
+7.2959500E-03,+12.2364342E-03,-47.4034060E-03,+91.6596771E-03
+7.2962437E-03,+12.2852420E-03,-47.3783472E-03,+91.6610135E-03
+7.2965375E-03,+10.4562333E-03,-46.9757357E-03,+91.6561688E-03
+7.2968312E-03,+8.3420955E-03,-47.3248884E-03,+91.6645218E-03
+7.2971250E-03,+7.6539707E-03,-47.5604412E-03,+91.6418018E-03
+7.2974187E-03,+7.3422325E-03,-47.6439705E-03,+91.6461453E-03
+7.2977125E-03,+8.7486929E-03,-47.4384883E-03,+91.6596771E-03
+7.2980062E-03,+11.3683304E-03,-47.5170059E-03,+91.6631853E-03
+7.2983000E-03,+11.7163069E-03,-47.6172411E-03,+91.6575053E-03
+7.2985937E-03,+11.4973331E-03,-47.6439705E-03,+91.6575053E-03
+7.2988875E-03,+9.5314565E-03,-47.4167707E-03,+91.6575053E-03
+7.2991812E-03,+8.4287589E-03,-47.3950531E-03,+91.6553335E-03
+7.2994750E-03,+6.7628963E-03,-47.2948178E-03,+91.6561688E-03
+7.2997687E-03,+6.8724568E-03,-47.2898061E-03,+91.6710371E-03
+7.3000625E-03,+8.1392194E-03,-47.4652177E-03,+91.6653571E-03
+7.3003562E-03,+10.6705028E-03,-47.2463708E-03,+91.6588418E-03
+7.3006500E-03,+12.6696040E-03,-47.4602059E-03,+91.6504888E-03
+7.3009437E-03,+13.0261440E-03,-47.4869353E-03,+91.6623500E-03
+7.3012375E-03,+11.9356116E-03,-47.2597355E-03,+91.6339500E-03
+7.3015312E-03,+9.7567151E-03,-47.3031708E-03,+91.6361218E-03
+7.3018250E-03,+8.0067619E-03,-47.4384883E-03,+91.6418018E-03
+7.3021187E-03,+7.8197631E-03,-47.4301354E-03,+91.6439735E-03
+7.3024125E-03,+9.4119360E-03,-47.2597355E-03,+91.6496535E-03
+7.3027062E-03,+10.6050826E-03,-47.3466060E-03,+91.6496535E-03
+7.3030000E-03,+11.8300204E-03,-47.5738059E-03,+91.6474818E-03
+7.3032937E-03,+12.4872728E-03,-47.4869353E-03,+91.6396300E-03
+7.3035875E-03,+10.7669792E-03,-47.3031708E-03,+91.6448088E-03
+7.3038812E-03,+9.2636013E-03,-47.4167707E-03,+91.6645218E-03
+7.3041750E-03,+7.8175947E-03,-47.3950531E-03,+91.6483171E-03
+7.3044687E-03,+7.8322223E-03,-47.3816884E-03,+91.6588418E-03
+7.3047625E-03,+8.7132999E-03,-47.4952883E-03,+91.6396300E-03
+7.3050562E-03,+9.8656875E-03,-47.4735706E-03,+91.6404653E-03
+7.3053500E-03,+11.5383861E-03,-47.4167707E-03,+91.6640206E-03
+7.3056437E-03,+11.7304568E-03,-47.4384883E-03,+91.6658582E-03
+7.3059375E-03,+11.2017662E-03,-47.3649825E-03,+91.6369571E-03
+7.3062312E-03,+9.5988614E-03,-47.1327709E-03,+91.6588418E-03
+7.3065250E-03,+7.9504565E-03,-47.3733354E-03,+91.6418018E-03
+7.3068187E-03,+7.1091823E-03,-47.3900413E-03,+91.6483171E-03
+7.3071125E-03,+8.0828037E-03,-47.6656881E-03,+91.6653571E-03
+7.3074062E-03,+8.9810816E-03,-47.4518530E-03,+91.6631853E-03
+7.3077000E-03,+10.6886587E-03,-47.3816884E-03,+91.6553335E-03
+7.3079937E-03,+11.8134816E-03,-47.4301354E-03,+91.6474818E-03
+7.3082875E-03,+10.9895181E-03,-47.2597355E-03,+91.6418018E-03
+7.3085812E-03,+9.0724862E-03,-47.3900413E-03,+91.6418018E-03
+7.3088750E-03,+6.9898823E-03,-47.6439705E-03,+91.6461453E-03
+7.3091687E-03,+6.0350416E-03,-47.3950531E-03,+91.6596771E-03
+7.3094625E-03,+7.0257899E-03,-47.3382531E-03,+91.6610135E-03
+7.3097562E-03,+9.7681820E-03,-47.3599707E-03,+91.6518253E-03
+7.3100500E-03,+12.4931165E-03,-47.4384883E-03,+91.6553335E-03
+7.3103437E-03,+13.6858220E-03,-47.4518530E-03,+91.6518253E-03
+7.3106375E-03,+13.1756549E-03,-47.4468413E-03,+91.6575053E-03
+7.3109312E-03,+10.3454601E-03,-47.7091234E-03,+91.6618488E-03
+7.3112250E-03,+7.1466335E-03,-47.6088882E-03,+91.6666935E-03
+7.3115187E-03,+5.8068428E-03,-47.4735706E-03,+91.6518253E-03
+7.3118125E-03,+5.9269513E-03,-47.3950531E-03,+91.6553335E-03
+7.3121062E-03,+8.8873984E-03,-47.3165355E-03,+91.6474818E-03
+7.3124000E-03,+11.6655512E-03,-47.2814531E-03,+91.6461453E-03
+7.3126937E-03,+12.8642107E-03,-47.3382531E-03,+91.6553335E-03
+7.3129875E-03,+12.3445245E-03,-47.3382531E-03,+91.6518253E-03
+7.3132812E-03,+9.7742830E-03,-47.3382531E-03,+91.6596771E-03
+7.3135750E-03,+8.0296222E-03,-47.4034060E-03,+91.6653571E-03
+7.3138687E-03,+7.0385064E-03,-47.4869353E-03,+91.6653571E-03
+7.3141625E-03,+7.1847462E-03,-47.3683237E-03,+91.6631853E-03
+7.3144562E-03,+9.8607626E-03,-47.5437353E-03,+91.6553335E-03
+7.3147500E-03,+12.7666684E-03,-47.3248884E-03,+91.6583406E-03
+7.3150437E-03,+13.9991406E-03,-47.5170059E-03,+91.6767170E-03
+7.3153375E-03,+13.7961176E-03,-47.6606764E-03,+91.6653571E-03
+7.3156312E-03,+11.1496873E-03,-47.7141352E-03,+91.6653571E-03
+7.3159250E-03,+7.5660577E-03,-47.2814531E-03,+91.6588418E-03
+7.3162187E-03,+6.5224955E-03,-47.3599707E-03,+91.6461453E-03
+7.3165125E-03,+7.4039039E-03,-47.3516178E-03,+91.6575053E-03
+7.3168062E-03,+9.7204032E-03,-47.2463708E-03,+91.6596771E-03
+7.3171000E-03,+11.4809413E-03,-47.4167707E-03,+91.6631853E-03
+7.3173937E-03,+12.1365398E-03,-47.3950531E-03,+91.6575053E-03
+7.3176875E-03,+10.9914660E-03,-47.3816884E-03,+91.6640206E-03
+7.3179812E-03,+10.0709893E-03,-47.4735706E-03,+91.6745453E-03
+7.3182750E-03,+7.1568141E-03,-47.4819236E-03,+91.6553335E-03
+7.3185687E-03,+5.4478771E-03,-47.6088882E-03,+91.6518253E-03
+7.3188625E-03,+5.9110740E-03,-47.4518530E-03,+91.6575053E-03
+7.3191562E-03,+7.8162348E-03,-47.4251236E-03,+91.6618488E-03
+7.3194500E-03,+10.7576072E-03,-47.5654529E-03,+91.6710371E-03
+7.3197437E-03,+12.4743358E-03,-47.2731002E-03,+91.6610135E-03
+7.3200375E-03,+12.2206672E-03,-47.1895709E-03,+91.6496535E-03
+7.3203312E-03,+10.9131823E-03,-47.3299002E-03,+91.6496535E-03
+7.3206250E-03,+8.9177931E-03,-47.2330061E-03,+91.6453100E-03
+7.3209187E-03,+7.0802577E-03,-47.5086530E-03,+91.6361218E-03
+7.3212125E-03,+7.2975042E-03,-47.3382531E-03,+91.6483171E-03
+7.3215062E-03,+8.9074655E-03,-47.4034060E-03,+91.6653571E-03
+7.3218000E-03,+11.5477213E-03,-47.5955235E-03,+91.6610135E-03
+7.3220937E-03,+13.2548941E-03,-47.5871706E-03,+91.6518253E-03
+7.3223875E-03,+12.9924416E-03,-47.3733354E-03,+91.6575053E-03
+7.3226812E-03,+11.2779550E-03,-47.2380179E-03,+91.6553335E-03
+7.3229750E-03,+8.3467264E-03,-47.2463708E-03,+91.6518253E-03
+7.3232687E-03,+6.2952155E-03,-47.4167707E-03,+91.6575053E-03
+7.3235625E-03,+6.3956980E-03,-47.3733354E-03,+91.6531618E-03
+7.3238562E-03,+8.0950056E-03,-47.3031708E-03,+91.6504888E-03
+7.3241500E-03,+10.1519927E-03,-47.3733354E-03,+91.6666935E-03
+7.3244437E-03,+11.6573553E-03,-47.3466060E-03,+91.6496535E-03
+7.3247375E-03,+12.3104545E-03,-47.5086530E-03,+91.6474818E-03
+7.3250312E-03,+11.7174830E-03,-47.3599707E-03,+91.6526606E-03
+7.3253250E-03,+10.1091756E-03,-47.3516178E-03,+91.6745453E-03
+7.3256187E-03,+7.3395495E-03,-47.3332413E-03,+91.6553335E-03
+7.3259125E-03,+6.2504872E-03,-47.7308410E-03,+91.6539971E-03
+7.3262062E-03,+7.3699074E-03,-47.6005353E-03,+91.6610135E-03
+7.3265000E-03,+9.8359911E-03,-47.3900413E-03,+91.6539971E-03
+7.3267937E-03,+11.3345912E-03,-47.6656881E-03,+91.6610135E-03
+7.3270875E-03,+12.2241219E-03,-47.5387235E-03,+91.6453100E-03
+7.3273812E-03,+11.4119193E-03,-47.6523235E-03,+91.6448088E-03
+7.3276750E-03,+10.0843306E-03,-47.5654529E-03,+91.6732088E-03
+7.3279687E-03,+8.0451320E-03,-47.3816884E-03,+91.6645218E-03
+7.3282625E-03,+6.7167714E-03,-47.4518530E-03,+91.6418018E-03
+7.3285562E-03,+7.8017174E-03,-47.3816884E-03,+91.6439735E-03
+7.3288500E-03,+9.2856898E-03,-47.4735706E-03,+91.6583406E-03
+7.3291437E-03,+11.1138164E-03,-47.3950531E-03,+91.6810606E-03
+7.3294375E-03,+12.3910169E-03,-47.4251236E-03,+91.6723735E-03
+7.3297312E-03,+11.3926240E-03,-47.5654529E-03,+91.6539971E-03
+7.3300250E-03,+10.1507799E-03,-47.3165355E-03,+91.6588418E-03
+7.3303187E-03,+7.8953271E-03,-47.2597355E-03,+91.6418018E-03
+7.3306125E-03,+6.9121499E-03,-47.3248884E-03,+91.6483171E-03
+7.3309062E-03,+6.9293870E-03,-47.5387235E-03,+91.6610135E-03
+7.3312000E-03,+9.6689124E-03,-47.6523235E-03,+91.6539971E-03
+7.3314937E-03,+11.8780565E-03,-47.6523235E-03,+91.6653571E-03
+7.3317875E-03,+12.2842129E-03,-47.6088882E-03,+91.6653571E-03
+7.3320812E-03,+12.7166845E-03,-47.4084178E-03,+91.6610135E-03
+7.3323750E-03,+10.3528841E-03,-47.2463708E-03,+91.6561688E-03
+7.3326687E-03,+7.6585281E-03,-47.4819236E-03,+91.6666935E-03
+7.3329625E-03,+6.5343667E-03,-47.6306058E-03,+91.6539971E-03
+7.3332562E-03,+6.8003843E-03,-47.5303706E-03,+91.6610135E-03
+7.3335500E-03,+8.4957962E-03,-47.4384883E-03,+91.6539971E-03
+7.3338437E-03,+11.0268958E-03,-47.5170059E-03,+91.6610135E-03
+7.3341375E-03,+12.5984136E-03,-47.5086530E-03,+91.6496535E-03
+7.3344312E-03,+13.1507364E-03,-47.4034060E-03,+91.6474818E-03
+7.3347250E-03,+11.8153193E-03,-47.5086530E-03,+91.6418018E-03
+7.3350187E-03,+9.0859010E-03,-47.4034060E-03,+91.6504888E-03
+7.3353125E-03,+7.0493118E-03,-47.4435001E-03,+91.6710371E-03
+7.3356062E-03,+6.5710461E-03,-47.1678532E-03,+91.6610135E-03
+7.3359000E-03,+7.8997007E-03,-47.4034060E-03,+91.6496535E-03
+7.3361937E-03,+10.6817492E-03,-47.5086530E-03,+91.6518253E-03
+7.3364875E-03,+12.2755760E-03,-47.3165355E-03,+91.6618488E-03
+7.3367812E-03,+11.9799723E-03,-47.3248884E-03,+91.6732088E-03
+7.3370750E-03,+10.4159521E-03,-47.5170059E-03,+91.6710371E-03
+7.3373687E-03,+8.4311478E-03,-47.4217825E-03,+91.6631853E-03
+7.3376625E-03,+6.3637229E-03,-47.1110533E-03,+91.6596771E-03
+7.3379562E-03,+6.2036272E-03,-47.3816884E-03,+91.6588418E-03
+7.3382500E-03,+7.0515537E-03,-47.5387235E-03,+91.6418018E-03
+7.3385437E-03,+9.4741955E-03,-47.6088882E-03,+91.6461453E-03
+7.3388375E-03,+11.7840058E-03,-47.4084178E-03,+91.6488182E-03
+7.3391312E-03,+12.4074087E-03,-47.2029356E-03,+91.6347853E-03
+7.3394250E-03,+12.3621291E-03,-47.3683237E-03,+91.6488182E-03
+7.3397187E-03,+10.1532056E-03,-47.6306058E-03,+91.6304418E-03
+7.3400125E-03,+7.6880774E-03,-47.5738059E-03,+91.6461453E-03
+7.3403062E-03,+7.1603056E-03,-47.4652177E-03,+91.6575053E-03
+7.3406000E-03,+8.8203979E-03,-47.2898061E-03,+91.6575053E-03
+7.3408937E-03,+11.1560088E-03,-47.5520882E-03,+91.6596771E-03
+7.3411875E-03,+12.7981657E-03,-47.4952883E-03,+91.6675288E-03
+7.3414812E-03,+12.6102481E-03,-47.5387235E-03,+91.6666935E-03
+7.3417750E-03,+11.3310629E-03,-47.5654529E-03,+91.6518253E-03
+7.3420687E-03,+9.1716088E-03,-47.2948178E-03,+91.6553335E-03
+7.3423625E-03,+7.1866207E-03,-47.2246532E-03,+91.6474818E-03
+7.3426562E-03,+7.1164593E-03,-47.3599707E-03,+91.6461453E-03
+7.3429500E-03,+7.9973899E-03,-47.3950531E-03,+91.6553335E-03
+7.3432437E-03,+9.2498924E-03,-47.3816884E-03,+91.6518253E-03
+7.3435375E-03,+12.0593954E-03,-47.4735706E-03,+91.6575053E-03
+7.3438312E-03,+12.9117689E-03,-47.3950531E-03,+91.6553335E-03
+7.3441250E-03,+12.0757504E-03,-47.4468413E-03,+91.6496535E-03
+7.3444187E-03,+9.4890437E-03,-47.6656881E-03,+91.6518253E-03
+7.3447125E-03,+6.9344589E-03,-47.4952883E-03,+91.6531618E-03
+7.3450062E-03,+6.8141666E-03,-47.4735706E-03,+91.6439735E-03
+7.3453000E-03,+8.5148342E-03,-47.4167707E-03,+91.6474818E-03
+7.3455937E-03,+10.5309520E-03,-47.4602059E-03,+91.6526606E-03
+7.3458875E-03,+11.3325698E-03,-47.5303706E-03,+91.6702018E-03
+7.3461812E-03,+12.2316930E-03,-47.4167707E-03,+91.6461453E-03
+7.3464750E-03,+11.4698787E-03,-47.4167707E-03,+91.6596771E-03
+7.3467687E-03,+8.9897186E-03,-47.3733354E-03,+91.6610135E-03
+7.3470625E-03,+7.2694617E-03,-47.3683237E-03,+91.6496535E-03
+7.3473562E-03,+7.3657543E-03,-47.6088882E-03,+91.6518253E-03
+7.3476500E-03,+9.1293429E-03,-47.4518530E-03,+91.6596771E-03
+7.3479437E-03,+10.5486669E-03,-47.3599707E-03,+91.6675288E-03
+7.3482375E-03,+12.9582614E-03,-47.4167707E-03,+91.6688653E-03
+7.3485312E-03,+13.2528727E-03,-47.3950531E-03,+91.6531618E-03
+7.3488250E-03,+11.7572497E-03,-47.3816884E-03,+91.6483171E-03
+7.3491187E-03,+9.1132451E-03,-47.5170059E-03,+91.6631853E-03
+7.3494125E-03,+6.9091362E-03,-47.5520882E-03,+91.6553335E-03
+7.3497062E-03,+7.0796697E-03,-47.4735706E-03,+91.6474818E-03
+7.3500000E-03,+7.9934574E-03,-47.4384883E-03,+91.6439735E-03
+7.3502937E-03,+9.4846333E-03,-47.4084178E-03,+91.6539971E-03
+7.3505875E-03,+11.3265790E-03,-47.2898061E-03,+91.6631853E-03
+7.3508812E-03,+12.1205890E-03,-47.5738059E-03,+91.6596771E-03
+7.3511750E-03,+10.8837800E-03,-47.5520882E-03,+91.6697006E-03
+7.3514687E-03,+9.4780913E-03,-47.4518530E-03,+91.6723735E-03
+7.3517625E-03,+7.3412034E-03,-47.4034060E-03,+91.6518253E-03
+7.3520562E-03,+6.9373256E-03,-47.5303706E-03,+91.6596771E-03
+7.3523500E-03,+7.2270856E-03,-47.3733354E-03,+91.6631853E-03
+7.3526437E-03,+9.2032530E-03,-47.3031708E-03,+91.6531618E-03
+7.3529375E-03,+11.7204968E-03,-47.5470765E-03,+91.6483171E-03
+7.3532312E-03,+12.4726084E-03,-47.7575704E-03,+91.6631853E-03
+7.3535250E-03,+11.9366407E-03,-47.3516178E-03,+91.6596771E-03
+7.3538187E-03,+9.9605835E-03,-47.2680884E-03,+91.6653571E-03
+7.3541125E-03,+7.7870530E-03,-47.5170059E-03,+91.6610135E-03
+7.3544062E-03,+7.0634616E-03,-47.5303706E-03,+91.6539971E-03
+7.3547000E-03,+7.0460040E-03,-47.4167707E-03,+91.6631853E-03
+7.3549937E-03,+8.3369868E-03,-47.4819236E-03,+91.6531618E-03
+7.3552875E-03,+10.7189064E-03,-47.6088882E-03,+91.6483171E-03
+7.3555812E-03,+12.0036412E-03,-47.4518530E-03,+91.6610135E-03
+7.3558750E-03,+12.2185723E-03,-47.3816884E-03,+91.6539971E-03
+7.3561687E-03,+10.8108622E-03,-47.4952883E-03,+91.6610135E-03
+7.3564625E-03,+8.8996004E-03,-47.5170059E-03,+91.6518253E-03
+7.3567562E-03,+7.5903146E-03,-47.5303706E-03,+91.6618488E-03
+7.3570500E-03,+8.8223458E-03,-47.4384883E-03,+91.6666935E-03
+7.3573437E-03,+9.5446875E-03,-47.4301354E-03,+91.6539971E-03
+7.3576375E-03,+11.5500000E-03,-47.3248884E-03,+91.6588418E-03
+7.3579312E-03,+12.7417132E-03,-47.5604412E-03,+91.6504888E-03
+7.3582250E-03,+12.9901262E-03,-47.7525587E-03,+91.6688653E-03
+7.3585187E-03,+12.3021484E-03,-47.7659234E-03,+91.6596771E-03
+7.3588125E-03,+9.5912535E-03,-47.5437353E-03,+91.6653571E-03
+7.3591062E-03,+7.4320566E-03,-47.3248884E-03,+91.6653571E-03
+7.3594000E-03,+6.9361863E-03,-47.5387235E-03,+91.6631853E-03
+7.3596937E-03,+8.0059166E-03,-47.6523235E-03,+91.6596771E-03
+7.3599875E-03,+9.9964911E-03,-47.6523235E-03,+91.6631853E-03
+7.3602812E-03,+11.3981737E-03,-47.6740411E-03,+91.6488182E-03
+7.3605750E-03,+11.5409220E-03,-47.7091234E-03,+91.6369571E-03
+7.3608687E-03,+10.3418950E-03,-47.5654529E-03,+91.6631853E-03
+7.3611625E-03,+7.8661820E-03,-47.3382531E-03,+91.6640206E-03
+7.3614562E-03,+6.6138265E-03,-47.2948178E-03,+91.6745453E-03
+7.3617500E-03,+6.1498210E-03,-47.3115237E-03,+91.6575053E-03
+7.3620437E-03,+7.8518116E-03,-47.5871706E-03,+91.6575053E-03
+7.3623375E-03,+9.9227280E-03,-47.5036412E-03,+91.6596771E-03
+7.3626312E-03,+11.9230788E-03,-47.6656881E-03,+91.6610135E-03
+7.3629250E-03,+12.4336871E-03,-47.4301354E-03,+91.6496535E-03
+7.3632187E-03,+11.1527010E-03,-47.2814531E-03,+91.6539971E-03
+7.3635125E-03,+9.6291090E-03,-47.3382531E-03,+91.6653571E-03
+7.3638062E-03,+8.0582160E-03,-47.2513826E-03,+91.6631853E-03
+7.3641000E-03,+6.8038391E-03,-47.1762062E-03,+91.6575053E-03
+7.3643937E-03,+7.7408913E-03,-47.5303706E-03,+91.6575053E-03
+7.3646875E-03,+9.9904269E-03,-47.3516178E-03,+91.6596771E-03
+7.3649812E-03,+11.9998557E-03,-47.2463708E-03,+91.6697006E-03
+7.3652750E-03,+12.8477086E-03,-47.3299002E-03,+91.6745453E-03
+7.3655687E-03,+12.5228864E-03,-47.1678532E-03,+91.6575053E-03
+7.3658625E-03,+10.8125896E-03,-47.3599707E-03,+91.6618488E-03
+7.3661562E-03,+9.2102728E-03,-47.4167707E-03,+91.6645218E-03
+7.3664500E-03,+7.3934293E-03,-47.3950531E-03,+91.6461453E-03
+7.3667437E-03,+7.4442586E-03,-47.3816884E-03,+91.6575053E-03
+7.3670375E-03,+8.9717096E-03,-47.3867001E-03,+91.6596771E-03
+7.3673312E-03,+11.2206939E-03,-47.1895709E-03,+91.6675288E-03
+7.3676250E-03,+11.9172719E-03,-47.4384883E-03,+91.6688653E-03
+7.3679187E-03,+11.1655646E-03,-47.5170059E-03,+91.6596771E-03
+7.3682125E-03,+8.7640925E-03,-47.5303706E-03,+91.6653571E-03
+7.3685062E-03,+6.9106430E-03,-47.3950531E-03,+91.6653571E-03
+7.3688000E-03,+6.3636862E-03,-47.3599707E-03,+91.6653571E-03
+7.3690937E-03,+6.7753923E-03,-47.4602059E-03,+91.6675288E-03
+7.3693875E-03,+8.6070472E-03,-47.4869353E-03,+91.6710371E-03
+7.3696812E-03,+11.0392448E-03,-47.2814531E-03,+91.6653571E-03
+7.3699750E-03,+12.3272139E-03,-47.3382531E-03,+91.6653571E-03
+7.3702687E-03,+12.3622026E-03,-47.3599707E-03,+91.6610135E-03
+7.3705625E-03,+10.4675900E-03,-47.3733354E-03,+91.6518253E-03
+7.3708562E-03,+9.1299309E-03,-47.3031708E-03,+91.6596771E-03
+7.3711500E-03,+8.5672071E-03,-47.3516178E-03,+91.6610135E-03
+7.3714437E-03,+8.1758988E-03,-47.2246532E-03,+91.6496535E-03
+7.3717375E-03,+9.0479719E-03,-47.3599707E-03,+91.6474818E-03
+7.3720312E-03,+11.6862063E-03,-47.3733354E-03,+91.6570041E-03
+7.3723250E-03,+12.1714550E-03,-47.2814531E-03,+91.6967641E-03
+7.3726187E-03,+11.3885077E-03,-47.3165355E-03,+91.6902488E-03
+7.3729125E-03,+9.7667119E-03,-47.2597355E-03,+91.6688653E-03
+7.3732062E-03,+8.0821054E-03,-47.1945826E-03,+91.6596771E-03
+7.3735000E-03,+7.0730542E-03,-47.1327709E-03,+91.6653571E-03
+7.3737937E-03,+7.8246880E-03,-47.3950531E-03,+91.6631853E-03
+7.3740875E-03,+9.4658158E-03,-47.3382531E-03,+91.6640206E-03
+7.3743812E-03,+10.3692392E-03,-47.3816884E-03,+91.6810606E-03
+7.3746750E-03,+11.7504871E-03,-47.4952883E-03,+91.6810606E-03
+7.3749687E-03,+11.9968419E-03,-47.4735706E-03,+91.6810606E-03
+7.3752625E-03,+10.6530084E-03,-47.4602059E-03,+91.6745453E-03
+7.3755562E-03,+8.8831719E-03,-47.5086530E-03,+91.6596771E-03
+7.3758500E-03,+7.2016159E-03,-47.4034060E-03,+91.6653571E-03
+7.3761437E-03,+6.5722957E-03,-47.4435001E-03,+91.6588418E-03
+7.3764375E-03,+8.5139889E-03,-47.2112885E-03,+91.6461453E-03
+7.3767312E-03,+10.1943688E-03,-47.4735706E-03,+91.6553335E-03
+7.3770250E-03,+11.9420801E-03,-47.4167707E-03,+91.6518253E-03
+7.3773187E-03,+13.0372801E-03,-47.3733354E-03,+91.6531618E-03
+7.3776125E-03,+12.1691396E-03,-47.2814531E-03,+91.6526606E-03
+7.3779062E-03,+9.8937667E-03,-47.4034060E-03,+91.6767170E-03
+7.3782000E-03,+7.7040282E-03,-47.5955235E-03,+91.6653571E-03
+7.3784937E-03,+6.4693141E-03,-47.5220177E-03,+91.6675288E-03
+7.3787875E-03,+7.3258039E-03,-47.2680884E-03,+91.6710371E-03
+7.3790812E-03,+9.0017735E-03,-47.4301354E-03,+91.6610135E-03
+7.3793750E-03,+10.1084405E-03,-47.2814531E-03,+91.6539971E-03
+7.3796687E-03,+12.0604980E-03,-47.3382531E-03,+91.6675288E-03
+7.3799625E-03,+11.2370122E-03,-47.4251236E-03,+91.6666935E-03
+7.3802562E-03,+9.5061338E-03,-47.6306058E-03,+91.6561688E-03
+7.3805500E-03,+8.1092290E-03,-47.5086530E-03,+91.6710371E-03
+7.3808437E-03,+7.4617530E-03,-47.3599707E-03,+91.6631853E-03
+7.3811375E-03,+7.8490919E-03,-47.4167707E-03,+91.6640206E-03
+7.3814312E-03,+9.9412147E-03,-47.4819236E-03,+91.6745453E-03
+7.3817250E-03,+11.2094475E-03,-47.6088882E-03,+91.6553335E-03
+7.3820187E-03,+12.7731002E-03,-47.4735706E-03,+91.6583406E-03
+7.3823125E-03,+12.8378589E-03,-47.4602059E-03,+91.6745453E-03
+7.3826062E-03,+11.1101044E-03,-47.5520882E-03,+91.6553335E-03
+7.3829000E-03,+10.0278414E-03,-47.4301354E-03,+91.6539971E-03
+7.3831937E-03,+8.8501310E-03,-47.4334766E-03,+91.6631853E-03
+7.3834875E-03,+8.8514909E-03,-47.7575704E-03,+91.6509900E-03
+7.3837812E-03,+9.5189238E-03,-47.4167707E-03,+91.6339500E-03
+7.3840750E-03,+10.3528106E-03,-47.4384883E-03,+91.6426371E-03
+7.3843687E-03,+11.6553706E-03,-47.4952883E-03,+91.6653571E-03
+7.3846625E-03,+11.1540976E-03,-47.4518530E-03,+91.6675288E-03
+7.3849562E-03,+9.5983836E-03,-47.3816884E-03,+91.6623500E-03
+7.3852500E-03,+7.8222990E-03,-47.5387235E-03,+91.6469806E-03
+7.3855437E-03,+6.9195740E-03,-47.6523235E-03,+91.6767170E-03
+7.3858375E-03,+6.9761000E-03,-47.6088882E-03,+91.6653571E-03
+7.3861312E-03,+8.6130747E-03,-47.5170059E-03,+91.6653571E-03
+7.3864250E-03,+9.7483354E-03,-47.5738059E-03,+91.6610135E-03
+7.3867187E-03,+11.6148321E-03,-47.5520882E-03,+91.6496535E-03
+7.3870125E-03,+11.8070131E-03,-47.5604412E-03,+91.6583406E-03
+7.3873062E-03,+10.1118953E-03,-47.6874058E-03,+91.6745453E-03
+7.3876000E-03,+8.0633614E-03,-47.5738059E-03,+91.6596771E-03
+7.3878937E-03,+6.8284635E-03,-47.5738059E-03,+91.6653571E-03
+7.3881875E-03,+7.0548247E-03,-47.5738059E-03,+91.6653571E-03
+7.3884812E-03,+8.9976939E-03,-47.6389588E-03,+91.6566700E-03
+7.3887750E-03,+10.7437513E-03,-47.6790528E-03,+91.6382935E-03
+7.3890687E-03,+11.5921188E-03,-47.4251236E-03,+91.6518253E-03
+7.3893625E-03,+12.1372381E-03,-47.6306058E-03,+91.6531618E-03
+7.3896562E-03,+11.4235332E-03,-47.5955235E-03,+91.6504888E-03
+7.3899500E-03,+9.7628896E-03,-47.6088882E-03,+91.6688653E-03
+7.3902437E-03,+8.1676294E-03,-47.5170059E-03,+91.6661924E-03
+7.3905375E-03,+7.2676608E-03,-47.5520882E-03,+91.6823970E-03
+7.3908312E-03,+8.2050071E-03,-47.4301354E-03,+91.6631853E-03
+7.3911250E-03,+10.2228891E-03,-47.3031708E-03,+91.6553335E-03
+7.3914187E-03,+10.6867108E-03,-47.3299002E-03,+91.6561688E-03
+7.3917125E-03,+11.0974614E-03,-47.2330061E-03,+91.6710371E-03
+7.3920062E-03,+10.2380680E-03,-47.5738059E-03,+91.6653571E-03
+7.3923000E-03,+9.2118532E-03,-47.6172411E-03,+91.6610135E-03
+7.3925937E-03,+8.1217250E-03,-47.7091234E-03,+91.6539971E-03
+7.3928875E-03,+6.8763893E-03,-47.6088882E-03,+91.6675288E-03
+7.3931812E-03,+7.2332233E-03,-47.5170059E-03,+91.6688653E-03
+7.3934750E-03,+9.2404469E-03,-47.5303706E-03,+91.6553335E-03
+7.3937687E-03,+11.2277505E-03,-47.4602059E-03,+91.6496535E-03
+7.3940625E-03,+11.7905478E-03,-47.4652177E-03,+91.6518253E-03
+7.3943562E-03,+11.8415976E-03,-47.3332413E-03,+91.6575053E-03
+7.3946500E-03,+10.3637630E-03,-47.6656881E-03,+91.6575053E-03
+7.3949437E-03,+8.7359397E-03,-47.4735706E-03,+91.6553335E-03
+7.3952375E-03,+7.8306420E-03,-47.3081825E-03,+91.6518253E-03
+7.3955312E-03,+8.1515684E-03,-47.1327709E-03,+91.6575053E-03
+7.3958250E-03,+9.9949107E-03,-47.3950531E-03,+91.6575053E-03
+7.3961187E-03,+11.8136654E-03,-47.2513826E-03,+91.6596771E-03
+7.3964125E-03,+11.7574702E-03,-47.1544885E-03,+91.6675288E-03
+7.3967062E-03,+11.0515938E-03,-47.4518530E-03,+91.6645218E-03
+7.3970000E-03,+9.5831311E-03,-47.2513826E-03,+91.6439735E-03
+7.3972937E-03,+7.9136300E-03,-47.1762062E-03,+91.6518253E-03
+7.3975875E-03,+7.1343948E-03,-47.5086530E-03,+91.6575053E-03
+7.3978812E-03,+6.9750709E-03,-47.3599707E-03,+91.6509900E-03
+7.3981750E-03,+8.5621719E-03,-47.4819236E-03,+91.6404653E-03
+7.3984687E-03,+10.7867155E-03,-47.6740411E-03,+91.6661924E-03
+7.3987625E-03,+12.2836617E-03,-47.7091234E-03,+91.6758818E-03
+7.3990562E-03,+12.3649223E-03,-47.6740411E-03,+91.6526606E-03
+7.3993500E-03,+11.7770228E-03,-47.6874058E-03,+91.6788888E-03
+7.3996437E-03,+9.1823406E-03,-47.5303706E-03,+91.6732088E-03
+7.3999375E-03,+7.7468086E-03,-47.4167707E-03,+91.6710371E-03
+7.4002312E-03,+7.2189632E-03,-47.4602059E-03,+91.6653571E-03
+7.4005250E-03,+8.3595164E-03,-47.5086530E-03,+91.6675288E-03
+7.4008187E-03,+10.2215292E-03,-47.3816884E-03,+91.6753806E-03
+7.4011125E-03,+12.1272413E-03,-47.4518530E-03,+91.6767170E-03
+7.4014062E-03,+11.9268276E-03,-47.2948178E-03,+91.6631853E-03
+7.4017000E-03,+10.2652652E-03,-47.2246532E-03,+91.6531618E-03
+7.4019937E-03,+8.4254511E-03,-47.3382531E-03,+91.6461453E-03
+7.4022875E-03,+7.1541311E-03,-47.4468413E-03,+91.6618488E-03
+7.4025812E-03,+6.6350697E-03,-47.6222529E-03,+91.6688653E-03
+7.4028750E-03,+7.7046530E-03,-47.3382531E-03,+91.6596771E-03
+7.4031687E-03,+9.9168108E-03,-47.4034060E-03,+91.6631853E-03
+7.4034625E-03,+11.3235286E-03,-47.4869353E-03,+91.6618488E-03
+7.4037562E-03,+11.0932716E-03,-47.3031708E-03,+91.6666935E-03
+7.4040500E-03,+10.2169351E-03,-47.3733354E-03,+91.6605124E-03
+7.4043437E-03,+9.5634683E-03,-47.2380179E-03,+91.6802253E-03
+7.4046375E-03,+7.6876731E-03,-47.2463708E-03,+91.6596771E-03
+7.4049312E-03,+7.6327275E-03,-47.3950531E-03,+91.6610135E-03
+7.4052250E-03,+9.0937661E-03,-47.3382531E-03,+91.6583406E-03
+7.4055187E-03,+10.3036352E-03,-47.3165355E-03,+91.6745453E-03
+7.4058125E-03,+11.6783044E-03,-47.2597355E-03,+91.6596771E-03
+7.4061062E-03,+12.5568093E-03,-47.2597355E-03,+91.6653571E-03
+7.4064000E-03,+11.3310997E-03,-47.2380179E-03,+91.6631853E-03
+7.4066937E-03,+9.8243405E-03,-47.2463708E-03,+91.6618488E-03
+7.4069875E-03,+7.5166251E-03,-47.5036412E-03,+91.6688653E-03
+7.4072812E-03,+6.0886641E-03,-47.6222529E-03,+91.6509900E-03
+7.4075750E-03,+6.4875435E-03,-47.2948178E-03,+91.6404653E-03
+7.4078687E-03,+8.1849400E-03,-47.2029356E-03,+91.6618488E-03
+7.4081625E-03,+10.3547217E-03,-47.3900413E-03,+91.6732088E-03
+7.4084562E-03,+12.6249125E-03,-47.6222529E-03,+91.6710371E-03
+7.4087500E-03,+12.0106610E-03,-47.4034060E-03,+91.6588418E-03
+7.4090437E-03,+10.2801869E-03,-47.5303706E-03,+91.6526606E-03
+7.4093375E-03,+9.0017368E-03,-47.4819236E-03,+91.6745453E-03
+7.4096312E-03,+7.4935810E-03,-47.5654529E-03,+91.6531618E-03
+7.4099250E-03,+7.4705737E-03,-47.3382531E-03,+91.6439735E-03
+7.4102187E-03,+9.3975289E-03,-47.3382531E-03,+91.6496535E-03
+7.4105125E-03,+11.8098431E-03,-47.2731002E-03,+91.6518253E-03
+7.4108062E-03,+13.6249592E-03,-47.1895709E-03,+91.6531618E-03
+7.4111000E-03,+12.8027231E-03,-47.4384883E-03,+91.6461453E-03
+7.4113937E-03,+11.0708523E-03,-47.4735706E-03,+91.6618488E-03
+7.4116875E-03,+8.9448433E-03,-47.5036412E-03,+91.6710371E-03
+7.4119812E-03,+7.0801475E-03,-47.6439705E-03,+91.6610135E-03
+7.4122750E-03,+7.8178152E-03,-47.4384883E-03,+91.6518253E-03
+7.4125687E-03,+8.5300131E-03,-47.4084178E-03,+91.6575053E-03
+7.4128625E-03,+10.4702362E-03,-47.2246532E-03,+91.6509900E-03
+7.4131562E-03,+11.1365297E-03,-47.2948178E-03,+91.6404653E-03
+7.4134500E-03,+11.3475650E-03,-47.2029356E-03,+91.6575053E-03
+7.4137437E-03,+9.9868251E-03,-47.2597355E-03,+91.6575053E-03
+7.4140375E-03,+8.5202369E-03,-47.2380179E-03,+91.6596771E-03
+7.4143312E-03,+6.6213241E-03,-47.2246532E-03,+91.6653571E-03
+7.4146250E-03,+6.3556005E-03,-47.2731002E-03,+91.6631853E-03
+7.4149187E-03,+8.4347863E-03,-47.1895709E-03,+91.6596771E-03
+7.4152125E-03,+11.5558805E-03,-47.3516178E-03,+91.6610135E-03
+7.4155062E-03,+12.9098945E-03,-47.2029356E-03,+91.6518253E-03
+7.4158000E-03,+12.7141485E-03,-47.2380179E-03,+91.6618488E-03
+7.4160937E-03,+11.4580075E-03,-47.2463708E-03,+91.6666935E-03
+7.4163875E-03,+9.2801769E-03,-47.4819236E-03,+91.6539971E-03
+7.4166812E-03,+7.0691216E-03,-47.5220177E-03,+91.6610135E-03
+7.4169750E-03,+6.4975770E-03,-47.2029356E-03,+91.6474818E-03
+7.4172687E-03,+7.9450537E-03,-47.2814531E-03,+91.6504888E-03
+7.4175625E-03,+10.8380593E-03,-47.3165355E-03,+91.6732088E-03
+7.4178562E-03,+11.9385518E-03,-47.2597355E-03,+91.6710371E-03
+7.4181500E-03,+12.3170333E-03,-47.3031708E-03,+91.6675288E-03
+7.4184437E-03,+11.2871064E-03,-47.3950531E-03,+91.6732088E-03
+7.4187375E-03,+9.8450324E-03,-47.3165355E-03,+91.6688653E-03
+7.4190312E-03,+7.7894787E-03,-47.2814531E-03,+91.6575053E-03
+7.4193250E-03,+6.3735727E-03,-47.3816884E-03,+91.6618488E-03
+7.4196187E-03,+7.0544572E-03,-47.4952883E-03,+91.6710371E-03
+7.4199125E-03,+9.6335193E-03,-47.4518530E-03,+91.6653571E-03
+7.4202062E-03,+12.0373804E-03,-47.3599707E-03,+91.6610135E-03
+7.4205000E-03,+12.6995944E-03,-47.4384883E-03,+91.6539971E-03
+7.4207937E-03,+12.0251049E-03,-47.4301354E-03,+91.6697006E-03
+7.4210875E-03,+9.9091295E-03,-47.2597355E-03,+91.6745453E-03
+7.4213812E-03,+7.3934293E-03,-47.3248884E-03,+91.6618488E-03
+7.4216750E-03,+6.3128201E-03,-47.5387235E-03,+91.6688653E-03
+7.4219687E-03,+8.4355214E-03,-47.5871706E-03,+91.6531618E-03
+7.4222625E-03,+10.3868438E-03,-47.3516178E-03,+91.6461453E-03
+7.4225562E-03,+12.5665121E-03,-47.2463708E-03,+91.6575053E-03
+7.4228500E-03,+13.0392281E-03,-47.3516178E-03,+91.6596771E-03
+7.4231437E-03,+11.8805557E-03,-47.1595003E-03,+91.6588418E-03
+7.4234375E-03,+9.9658392E-03,-47.2112885E-03,+91.6439735E-03
+7.4237312E-03,+7.8646752E-03,-47.4301354E-03,+91.6518253E-03
+7.4240250E-03,+6.6556146E-03,-47.3031708E-03,+91.6575053E-03
+7.4243187E-03,+7.1162388E-03,-47.3299002E-03,+91.6553335E-03
+7.4246125E-03,+9.6656414E-03,-47.1461356E-03,+91.6518253E-03
+7.4249062E-03,+11.5791818E-03,-47.3683237E-03,+91.6553335E-03
+7.4252000E-03,+12.3288310E-03,-47.5003000E-03,+91.6518253E-03
+7.4254937E-03,+11.2442158E-03,-47.1895709E-03,+91.6618488E-03
+7.4257875E-03,+9.0836223E-03,-47.4167707E-03,+91.6732088E-03
+7.4260812E-03,+7.2893083E-03,-47.4167707E-03,+91.6666935E-03
+7.4263750E-03,+5.9471287E-03,-47.3950531E-03,+91.6518253E-03
+7.4266687E-03,+6.0495590E-03,-47.3599707E-03,+91.6531618E-03
+7.4269625E-03,+8.9584051E-03,-47.4384883E-03,+91.6439735E-03
+7.4272562E-03,+11.5520949E-03,-47.4952883E-03,+91.6518253E-03
+7.4275500E-03,+12.8973618E-03,-47.3867001E-03,+91.6618488E-03
+7.4278437E-03,+12.2281280E-03,-47.1678532E-03,+91.6732088E-03
+7.4281375E-03,+10.9875334E-03,-47.2948178E-03,+91.6601782E-03
+7.4284312E-03,+8.4162261E-03,-47.2029356E-03,+91.6326136E-03
+7.4287250E-03,+6.5837626E-03,-47.3031708E-03,+91.6539971E-03
+7.4290187E-03,+6.8457374E-03,-47.5036412E-03,+91.6631853E-03
+7.4293125E-03,+9.3287274E-03,-47.6656881E-03,+91.6575053E-03
+7.4296062E-03,+11.3561651E-03,-47.4952883E-03,+91.6575053E-03
+7.4299000E-03,+12.8256936E-03,-47.4301354E-03,+91.6618488E-03
+7.4301937E-03,+12.1097101E-03,-47.2814531E-03,+91.6732088E-03
+7.4304875E-03,+10.3434019E-03,-47.3599707E-03,+91.6753806E-03
+7.4307812E-03,+8.4758026E-03,-47.4384883E-03,+91.6723735E-03
+7.4310750E-03,+7.4956024E-03,-47.4301354E-03,+91.6518253E-03
+7.4313687E-03,+7.9686491E-03,-47.2597355E-03,+91.6618488E-03
+7.4316625E-03,+9.4498283E-03,-47.2814531E-03,+91.6710371E-03
+7.4319562E-03,+11.8904790E-03,-47.3165355E-03,+91.6675288E-03
+7.4322500E-03,+13.2241320E-03,-47.2597355E-03,+91.6710371E-03
+7.4325437E-03,+12.6632458E-03,-47.3031708E-03,+91.6675288E-03
+7.4328375E-03,+11.1494300E-03,-47.3950531E-03,+91.6710371E-03
+7.4331312E-03,+9.0939866E-03,-47.3382531E-03,+91.6653571E-03
+7.4334250E-03,+7.3352127E-03,-47.4034060E-03,+91.6631853E-03
+7.4337187E-03,+7.1559687E-03,-47.5520882E-03,+91.6553335E-03
+7.4340125E-03,+7.8240632E-03,-47.4952883E-03,+91.6539971E-03
+7.4343062E-03,+9.9074756E-03,-47.4735706E-03,+91.6610135E-03
+7.4346000E-03,+11.6820900E-03,-47.4819236E-03,+91.6518253E-03
+7.4348937E-03,+12.0394753E-03,-47.5654529E-03,+91.6531618E-03
+7.4351875E-03,+10.0342731E-03,-47.4251236E-03,+91.6483171E-03
+7.4354812E-03,+8.8584004E-03,-47.5871706E-03,+91.6697006E-03
+7.4357750E-03,+7.2245129E-03,-47.4819236E-03,+91.6658582E-03
+7.4360687E-03,+6.5509423E-03,-47.6088882E-03,+91.6347853E-03
+7.4363625E-03,+7.8661820E-03,-47.4518530E-03,+91.6575053E-03
+7.4366562E-03,+10.3671810E-03,-47.3599707E-03,+91.6596771E-03
+7.4369500E-03,+13.1079560E-03,-47.3733354E-03,+91.6653571E-03
+7.4372437E-03,+13.6878067E-03,-47.3031708E-03,+91.6631853E-03
+7.4375375E-03,+11.4071415E-03,-47.4167707E-03,+91.6596771E-03
+7.4378312E-03,+8.7592411E-03,-47.3733354E-03,+91.6610135E-03
+7.4381250E-03,+7.2066142E-03,-47.3248884E-03,+91.6496535E-03
+7.4384187E-03,+6.9594141E-03,-47.4952883E-03,+91.6518253E-03
+7.4387125E-03,+8.5738961E-03,-47.5604412E-03,+91.6553335E-03
+7.4390062E-03,+10.6799483E-03,-47.6439705E-03,+91.6539971E-03
+7.4393000E-03,+11.8484704E-03,-47.4384883E-03,+91.6631853E-03
+7.4395937E-03,+11.7760304E-03,-47.4735706E-03,+91.6618488E-03
+7.4398875E-03,+10.1236562E-03,-47.4167707E-03,+91.6710371E-03
+7.4401812E-03,+7.7785998E-03,-47.3950531E-03,+91.6610135E-03
+7.4404750E-03,+6.3612605E-03,-47.3599707E-03,+91.6539971E-03
+7.4407687E-03,+6.0454427E-03,-47.3299002E-03,+91.6653571E-03
+7.4410625E-03,+8.5345337E-03,-47.2547237E-03,+91.6631853E-03
+7.4413562E-03,+10.9772058E-03,-47.5654529E-03,+91.6596771E-03
+7.4416500E-03,+12.2448506E-03,-47.4251236E-03,+91.6588418E-03
+7.4419437E-03,+12.1856049E-03,-47.5654529E-03,+91.6483171E-03
+7.4422375E-03,+10.7881489E-03,-47.2948178E-03,+91.6610135E-03
+7.4425312E-03,+9.1413979E-03,-47.2680884E-03,+91.6539971E-03
+7.4428250E-03,+7.3431146E-03,-47.5387235E-03,+91.6631853E-03
+7.4431187E-03,+6.2906949E-03,-47.6088882E-03,+91.6509900E-03
+7.4434125E-03,+7.7667654E-03,-47.4952883E-03,+91.6448088E-03
+7.4437062E-03,+10.7930370E-03,-47.3867001E-03,+91.6710371E-03
+7.4440000E-03,+12.0943106E-03,-47.0809827E-03,+91.6697006E-03
+7.4442937E-03,+12.7540622E-03,-47.1762062E-03,+91.6767170E-03
+7.4445875E-03,+11.3358040E-03,-47.5303706E-03,+91.6588418E-03
+7.4448812E-03,+9.3847757E-03,-47.4384883E-03,+91.6461453E-03
+7.4451750E-03,+7.2394346E-03,-47.4952883E-03,+91.6553335E-03
+7.4454687E-03,+5.6347289E-03,-47.4735706E-03,+91.6539971E-03
+7.4457625E-03,+7.3975089E-03,-47.3950531E-03,+91.6631853E-03
+7.4460562E-03,+10.1091755E-03,-47.4034060E-03,+91.6575053E-03
+7.4463500E-03,+11.9000347E-03,-47.5086530E-03,+91.6575053E-03
+7.4466437E-03,+12.4464036E-03,-47.4034060E-03,+91.6553335E-03
+7.4469375E-03,+11.6569142E-03,-47.5738059E-03,+91.6496535E-03
+7.4472312E-03,+10.1247956E-03,-47.5955235E-03,+91.6474818E-03
+7.4475250E-03,+7.7436846E-03,-47.5003000E-03,+91.6418018E-03
+7.4478187E-03,+6.5875114E-03,-47.1461356E-03,+91.6461453E-03
+7.4481125E-03,+7.8487611E-03,-47.3248884E-03,+91.6596771E-03
+7.4484062E-03,+9.4873530E-03,-47.4518530E-03,+91.6610135E-03
+7.4487000E-03,+11.0342096E-03,-47.4034060E-03,+91.6496535E-03
+7.4489937E-03,+12.1127974E-03,-47.4652177E-03,+91.6539971E-03
+7.4492875E-03,+12.3684506E-03,-47.2029356E-03,+91.6610135E-03
+7.4495812E-03,+11.0718446E-03,-47.2380179E-03,+91.6518253E-03
+7.4498750E-03,+8.7434006E-03,-47.1595003E-03,+91.6618488E-03
+7.4501687E-03,+7.9765143E-03,-47.1027003E-03,+91.6710371E-03
+7.4504625E-03,+7.2540255E-03,-47.1895709E-03,+91.6566700E-03
+7.4507562E-03,+8.8355033E-03,-47.4384883E-03,+91.6448088E-03
+7.4510500E-03,+10.2309379E-03,-47.4735706E-03,+91.6645218E-03
+7.4513437E-03,+11.1432188E-03,-47.4384883E-03,+91.6396300E-03
+7.4516375E-03,+10.7211483E-03,-47.4735706E-03,+91.6382935E-03
+7.4519312E-03,+10.1564031E-03,-47.3733354E-03,+91.6518253E-03
+7.4522250E-03,+8.5113794E-03,-47.2814531E-03,+91.6618488E-03
+7.4525187E-03,+7.0736422E-03,-47.3382531E-03,+91.6666935E-03
+7.4528125E-03,+7.1448693E-03,-47.3382531E-03,+91.6496535E-03
+7.4531062E-03,+8.7704507E-03,-47.4251236E-03,+91.6496535E-03
+7.4534000E-03,+11.0274471E-03,-47.5871706E-03,+91.6583406E-03
+7.4536937E-03,+12.1821134E-03,-47.3950531E-03,+91.6723735E-03
+7.4539875E-03,+12.1324602E-03,-47.2948178E-03,+91.6518253E-03
+7.4542812E-03,+11.4700992E-03,-47.2029356E-03,+91.6509900E-03
+7.4545750E-03,+9.3283232E-03,-47.3900413E-03,+91.6426371E-03
+7.4548687E-03,+8.3725637E-03,-47.6656881E-03,+91.6610135E-03
+7.4551625E-03,+8.3979232E-03,-47.5387235E-03,+91.6496535E-03
+7.4554562E-03,+9.1896177E-03,-47.6088882E-03,+91.6561688E-03
+7.4557500E-03,+10.2553419E-03,-47.5170059E-03,+91.6753806E-03
+7.4560437E-03,+10.9319263E-03,-47.4652177E-03,+91.6680300E-03
+7.4563375E-03,+12.2451446E-03,-47.2463708E-03,+91.6361218E-03
+7.4566312E-03,+10.6707233E-03,-47.4384883E-03,+91.6439735E-03
+7.4569250E-03,+8.7380714E-03,-47.5387235E-03,+91.6539971E-03
+7.4572187E-03,+8.1512376E-03,-47.6740411E-03,+91.6697006E-03
+7.4575125E-03,+8.0510859E-03,-47.7308410E-03,+91.6767170E-03
+7.4578062E-03,+7.7549677E-03,-47.6874058E-03,+91.6610135E-03
+7.4581000E-03,+8.9974734E-03,-47.5086530E-03,+91.6453100E-03
+7.4583937E-03,+10.6948332E-03,-47.3382531E-03,+91.6448088E-03
+7.4586875E-03,+11.9754150E-03,-47.3382531E-03,+91.6645218E-03
+7.4589812E-03,+11.1572216E-03,-47.3816884E-03,+91.6483171E-03
+7.4592750E-03,+8.9296643E-03,-47.4952883E-03,+91.6653571E-03
+7.4595687E-03,+7.6316617E-03,-47.5387235E-03,+91.6631853E-03
+7.4598625E-03,+8.1929889E-03,-47.5003000E-03,+91.6575053E-03
+7.4601562E-03,+8.8406120E-03,-47.2547237E-03,+91.6509900E-03
+7.4604500E-03,+10.3755239E-03,-47.6306058E-03,+91.6382935E-03
+7.4607437E-03,+11.4854986E-03,-47.5086530E-03,+91.6561688E-03
+7.4610375E-03,+11.7461136E-03,-47.3382531E-03,+91.6688653E-03
+7.4613312E-03,+10.5132003E-03,-47.2948178E-03,+91.6575053E-03
+7.4616250E-03,+9.4386554E-03,-47.2898061E-03,+91.6596771E-03
+7.4619187E-03,+6.9723512E-03,-47.5303706E-03,+91.6631853E-03
+7.4622125E-03,+6.8899144E-03,-47.3950531E-03,+91.6596771E-03
+7.4625062E-03,+8.1638439E-03,-47.3816884E-03,+91.6631853E-03
+7.4628000E-03,+9.7500261E-03,-47.4952883E-03,+91.6553335E-03
+7.4630937E-03,+11.5539326E-03,-47.4735706E-03,+91.6539971E-03
+7.4633875E-03,+11.7641592E-03,-47.4167707E-03,+91.6653571E-03
+7.4636812E-03,+11.5825263E-03,-47.3733354E-03,+91.6610135E-03
+7.4639750E-03,+10.5500268E-03,-47.2597355E-03,+91.6561688E-03
+7.4642687E-03,+8.3505119E-03,-47.3248884E-03,+91.6732088E-03
+7.4645625E-03,+7.3324562E-03,-47.4735706E-03,+91.6688653E-03
+7.4648562E-03,+7.9780211E-03,-47.3950531E-03,+91.6553335E-03
+7.4651500E-03,+9.4733869E-03,-47.3165355E-03,+91.6496535E-03
+7.4654437E-03,+11.1267535E-03,-47.3466060E-03,+91.6453100E-03
+7.4657375E-03,+11.6621331E-03,-47.4652177E-03,+91.6404653E-03
+7.4660312E-03,+12.0835053E-03,-47.2463708E-03,+91.6553335E-03
+7.4663250E-03,+10.1900687E-03,-47.4167707E-03,+91.6474818E-03
+7.4666187E-03,+8.0702342E-03,-47.3950531E-03,+91.6461453E-03
+7.4669125E-03,+6.7088328E-03,-47.3382531E-03,+91.6596771E-03
+7.4672062E-03,+6.7671964E-03,-47.4251236E-03,+91.6653571E-03
+7.4675000E-03,+8.6407129E-03,-47.5871706E-03,+91.6610135E-03
+7.4677937E-03,+10.7679348E-03,-47.4602059E-03,+91.6518253E-03
+7.4680875E-03,+11.2111749E-03,-47.5520882E-03,+91.6531618E-03
+7.4683812E-03,+10.7820111E-03,-47.4301354E-03,+91.6439735E-03
+7.4686750E-03,+9.8829246E-03,-47.3248884E-03,+91.6518253E-03
+7.4689687E-03,+8.4847703E-03,-47.4735706E-03,+91.6596771E-03
+7.4692625E-03,+7.9471487E-03,-47.3950531E-03,+91.6588418E-03
+7.4695562E-03,+8.3749893E-03,-47.3382531E-03,+91.6439735E-03
+7.4698500E-03,+10.2178172E-03,-47.4034060E-03,+91.6539971E-03
+7.4701437E-03,+11.4712385E-03,-47.4435001E-03,+91.6631853E-03
+7.4704375E-03,+12.1090486E-03,-47.0809827E-03,+91.6575053E-03
+7.4707312E-03,+11.7498624E-03,-47.1544885E-03,+91.6575053E-03
+7.4710250E-03,+10.0226960E-03,-47.5604412E-03,+91.6596771E-03
+7.4713187E-03,+9.0147841E-03,-47.6222529E-03,+91.6631853E-03
+7.4716125E-03,+8.0434413E-03,-47.3599707E-03,+91.6531618E-03
+7.4719062E-03,+7.8744147E-03,-47.3733354E-03,+91.6461453E-03
+7.4722000E-03,+8.8986449E-03,-47.2380179E-03,+91.6488182E-03
+7.4724937E-03,+9.6629217E-03,-47.2898061E-03,+91.6326136E-03
+7.4727875E-03,+10.5137149E-03,-47.5086530E-03,+91.6518253E-03
+7.4730812E-03,+10.3945252E-03,-47.3599707E-03,+91.6553335E-03
+7.4733750E-03,+10.0289807E-03,-47.3950531E-03,+91.6496535E-03
+7.4736687E-03,+8.1519727E-03,-47.4251236E-03,+91.6453100E-03
+7.4739625E-03,+7.8152792E-03,-47.5437353E-03,+91.6426371E-03
+7.4742562E-03,+8.7387697E-03,-47.3248884E-03,+91.6610135E-03
+7.4745500E-03,+9.1533793E-03,-47.5387235E-03,+91.6518253E-03
+7.4748437E-03,+10.0586771E-03,-47.5871706E-03,+91.6596771E-03
+7.4751375E-03,+10.6544785E-03,-47.3733354E-03,+91.6566700E-03
+7.4754312E-03,+11.4771190E-03,-47.3466060E-03,+91.6404653E-03
+7.4757250E-03,+11.0578785E-03,-47.4652177E-03,+91.6618488E-03
+7.4760187E-03,+9.4328485E-03,-47.2246532E-03,+91.6666935E-03
+7.4763125E-03,+8.5508520E-03,-47.3599707E-03,+91.6539971E-03
+7.4766062E-03,+8.5254925E-03,-47.3733354E-03,+91.6588418E-03
+7.4769000E-03,+8.8743512E-03,-47.2814531E-03,+91.6439735E-03
+7.4771937E-03,+9.6276021E-03,-47.2948178E-03,+91.6474818E-03
+7.4774875E-03,+9.8263619E-03,-47.2029356E-03,+91.6439735E-03
+7.4777812E-03,+10.0502239E-03,-47.3031708E-03,+91.6431383E-03
+7.4780750E-03,+9.8165121E-03,-47.4167707E-03,+91.6347853E-03
+7.4783687E-03,+8.8705656E-03,-47.3950531E-03,+91.6596771E-03
+7.4786625E-03,+7.9654149E-03,-47.2948178E-03,+91.6610135E-03
+7.4789562E-03,+8.0669999E-03,-47.1812179E-03,+91.6496535E-03
+7.4792500E-03,+8.9267976E-03,-47.3332413E-03,+91.6518253E-03
+7.4795437E-03,+9.7652785E-03,-47.7091234E-03,+91.6596771E-03
+7.4798375E-03,+10.7312186E-03,-47.6306058E-03,+91.6523265E-03
+7.4801312E-03,+11.1821769E-03,-47.5520882E-03,+91.6291053E-03
+7.4804250E-03,+10.4091161E-03,-47.4084178E-03,+91.6553335E-03
+7.4807187E-03,+9.4258286E-03,-47.2246532E-03,+91.6539971E-03
+7.4810125E-03,+8.6035557E-03,-47.3382531E-03,+91.6610135E-03
+7.4813062E-03,+8.3746953E-03,-47.3816884E-03,+91.6474818E-03
+7.4816000E-03,+9.5370062E-03,-47.4301354E-03,+91.6548324E-03
+7.4818937E-03,+10.7339383E-03,-47.3248884E-03,+91.6737100E-03
+7.4821875E-03,+11.5442298E-03,-47.4952883E-03,+91.6361218E-03
+7.4824812E-03,+11.5446708E-03,-47.4518530E-03,+91.6461453E-03
+7.4827750E-03,+10.3078251E-03,-47.3382531E-03,+91.6575053E-03
+7.4830687E-03,+9.1106357E-03,-47.3165355E-03,+91.6531618E-03
+7.4833625E-03,+8.0197357E-03,-47.2597355E-03,+91.6418018E-03
+7.4836562E-03,+7.4758661E-03,-47.3248884E-03,+91.6418018E-03
+7.4839500E-03,+7.4691770E-03,-47.4735706E-03,+91.6396300E-03
+7.4842437E-03,+8.8922131E-03,-47.4167707E-03,+91.6448088E-03
+7.4845375E-03,+10.0009750E-03,-47.4602059E-03,+91.6666935E-03
+7.4848312E-03,+10.8732319E-03,-47.5086530E-03,+91.6518253E-03
+7.4851250E-03,+11.5940668E-03,-47.2948178E-03,+91.6618488E-03
+7.4854187E-03,+11.3853102E-03,-47.2029356E-03,+91.6710371E-03
+7.4857125E-03,+10.2602300E-03,-47.3466060E-03,+91.6588418E-03
+7.4860062E-03,+8.9102955E-03,-47.5303706E-03,+91.6461453E-03
+7.4863000E-03,+8.7061698E-03,-47.4384883E-03,+91.6575053E-03
+7.4865937E-03,+9.3407089E-03,-47.5170059E-03,+91.6553335E-03
+7.4868875E-03,+10.5896096E-03,-47.5303706E-03,+91.6474818E-03
+7.4871812E-03,+11.0490578E-03,-47.4602059E-03,+91.6461453E-03
+7.4874750E-03,+11.8689418E-03,-47.5086530E-03,+91.6553335E-03
+7.4877687E-03,+10.4738380E-03,-47.4034060E-03,+91.6518253E-03
+7.4880625E-03,+9.5900774E-03,-47.5955235E-03,+91.6575053E-03
+7.4883562E-03,+7.7841128E-03,-47.5871706E-03,+91.6618488E-03
+7.4886500E-03,+6.1499680E-03,-47.4602059E-03,+91.6688653E-03
+7.4889437E-03,+7.2456458E-03,-47.5086530E-03,+91.6575053E-03
+7.4892375E-03,+8.8170534E-03,-47.3816884E-03,+91.6553335E-03
+7.4895312E-03,+11.3088641E-03,-47.4735706E-03,+91.6474818E-03
+7.4898250E-03,+11.7111615E-03,-47.4167707E-03,+91.6504888E-03
+7.4901187E-03,+10.9904369E-03,-47.4384883E-03,+91.6645218E-03
+7.4904125E-03,+9.2369187E-03,-47.4735706E-03,+91.6439735E-03
+7.4907062E-03,+7.7132164E-03,-47.3516178E-03,+91.6518253E-03
+7.4910000E-03,+7.6275086E-03,-47.2246532E-03,+91.6618488E-03
+7.4912937E-03,+8.2263238E-03,-47.3382531E-03,+91.6732088E-03
+7.4915875E-03,+9.8014434E-03,-47.4034060E-03,+91.6688653E-03
+7.4918812E-03,+11.4085013E-03,-47.5738059E-03,+91.6531618E-03
+7.4921750E-03,+12.8296629E-03,-47.5738059E-03,+91.6483171E-03
+7.4924687E-03,+12.3616514E-03,-47.5520882E-03,+91.6631853E-03
+7.4927625E-03,+10.3489148E-03,-47.4952883E-03,+91.6618488E-03
+7.4930562E-03,+8.7572932E-03,-47.4952883E-03,+91.6666935E-03
+7.4933500E-03,+7.6415850E-03,-47.4084178E-03,+91.6431383E-03
+7.4936437E-03,+8.0646845E-03,-47.3115237E-03,+91.6304418E-03
+7.4939375E-03,+9.3046543E-03,-47.5437353E-03,+91.6418018E-03
+7.4942312E-03,+10.9969422E-03,-47.2814531E-03,+91.6504888E-03
+7.4945250E-03,+11.5922659E-03,-47.4034060E-03,+91.6710371E-03
+7.4948187E-03,+11.5510291E-03,-47.4435001E-03,+91.6610135E-03
+7.4951125E-03,+9.7973271E-03,-47.2112885E-03,+91.6496535E-03
+7.4954062E-03,+8.6024164E-03,-47.4735706E-03,+91.6496535E-03
+7.4957000E-03,+7.8845585E-03,-47.3950531E-03,+91.6539971E-03
+7.4959937E-03,+8.0061371E-03,-47.4251236E-03,+91.6588418E-03
+7.4962875E-03,+8.8423394E-03,-47.5003000E-03,+91.6396300E-03
+7.4965812E-03,+10.6370576E-03,-47.1678532E-03,+91.6404653E-03
+7.4968750E-03,+11.3976224E-03,-47.4034060E-03,+91.6596771E-03
+7.4971687E-03,+10.2866554E-03,-47.5520882E-03,+91.6653571E-03
+7.4974625E-03,+8.9586991E-03,-47.4735706E-03,+91.6631853E-03
+7.4977562E-03,+7.7618037E-03,-47.4384883E-03,+91.6531618E-03
+7.4980500E-03,+7.6379097E-03,-47.4735706E-03,+91.6461453E-03
+7.4983437E-03,+7.4004859E-03,-47.3733354E-03,+91.6596771E-03
+7.4986375E-03,+8.8313135E-03,-47.2597355E-03,+91.6631853E-03
+7.4989312E-03,+11.1699014E-03,-47.2814531E-03,+91.6509900E-03
+7.4992250E-03,+12.1279763E-03,-47.3599707E-03,+91.6404653E-03
+7.4995187E-03,+10.7886267E-03,-47.3950531E-03,+91.6553335E-03
+7.4998125E-03,+8.9449903E-03,-47.3382531E-03,+91.6496535E-03
+7.5001062E-03,+7.7121138E-03,-47.2731002E-03,+91.6518253E-03
+7.5004000E-03,+7.7276970E-03,-47.1461356E-03,+91.6553335E-03
+7.5006937E-03,+8.0795694E-03,-47.3248884E-03,+91.6518253E-03
+7.5009875E-03,+9.7350676E-03,-47.4952883E-03,+91.6575053E-03
+7.5012812E-03,+11.8809232E-03,-47.4518530E-03,+91.6509900E-03
+7.5015750E-03,+11.7652618E-03,-47.4034060E-03,+91.6382935E-03
+7.5018687E-03,+11.4459525E-03,-47.5955235E-03,+91.6518253E-03
+7.5021625E-03,+10.2532470E-03,-47.5871706E-03,+91.6575053E-03
+7.5024562E-03,+8.5193916E-03,-47.4384883E-03,+91.6575053E-03
+7.5027500E-03,+7.6516920E-03,-47.4952883E-03,+91.6553335E-03
+7.5030437E-03,+7.5818615E-03,-47.5604412E-03,+91.6474818E-03
+7.5033375E-03,+8.3329440E-03,-47.6222529E-03,+91.6483171E-03
+7.5036312E-03,+9.5325223E-03,-47.2948178E-03,+91.6653571E-03
+7.5039250E-03,+10.9021564E-03,-47.2680884E-03,+91.6588418E-03
+7.5042187E-03,+11.0133707E-03,-47.4952883E-03,+91.6483171E-03
+7.5045125E-03,+10.9717664E-03,-47.4735706E-03,+91.6631853E-03
+7.5048062E-03,+10.5291879E-03,-47.3299002E-03,+91.6575053E-03
+7.5051000E-03,+9.4561866E-03,-47.2112885E-03,+91.6575053E-03
+7.5053937E-03,+8.1623370E-03,-47.4952883E-03,+91.6553335E-03
+7.5056875E-03,+8.2906047E-03,-47.4952883E-03,+91.6496535E-03
+7.5059812E-03,+9.1036158E-03,-47.5170059E-03,+91.6453100E-03
+7.5062750E-03,+10.4736542E-03,-47.5738059E-03,+91.6448088E-03
+7.5065687E-03,+11.1932762E-03,-47.4869353E-03,+91.6753806E-03
+7.5068625E-03,+10.8323259E-03,-47.3466060E-03,+91.6702018E-03
+7.5071562E-03,+10.0179181E-03,-47.5520882E-03,+91.6374583E-03
+7.5074500E-03,+8.4321401E-03,-47.3867001E-03,+91.6304418E-03
+7.5077437E-03,+7.6956853E-03,-47.2547237E-03,+91.6461453E-03
+7.5080375E-03,+8.6014240E-03,-47.6088882E-03,+91.6553335E-03
+7.5083312E-03,+10.3050318E-03,-47.5170059E-03,+91.6518253E-03
+7.5086250E-03,+11.1757083E-03,-47.5520882E-03,+91.6553335E-03
+7.5089187E-03,+11.4464671E-03,-47.4735706E-03,+91.6518253E-03
+7.5092125E-03,+11.3157737E-03,-47.3299002E-03,+91.6575053E-03
+7.5095062E-03,+10.4805270E-03,-47.1461356E-03,+91.6488182E-03
+7.5098000E-03,+8.5300499E-03,-47.2814531E-03,+91.6326136E-03
+7.5100937E-03,+8.1146317E-03,-47.3382531E-03,+91.6539971E-03
+7.5103875E-03,+8.1785083E-03,-47.2731002E-03,+91.6675288E-03
+7.5106812E-03,+8.9443655E-03,-47.1678532E-03,+91.6688653E-03
+7.5109750E-03,+9.8206284E-03,-47.4468413E-03,+91.6596771E-03
+7.5112687E-03,+10.7626056E-03,-47.7091234E-03,+91.6610135E-03
+7.5115625E-03,+11.2403567E-03,-47.5871706E-03,+91.6518253E-03
+7.5118562E-03,+10.2784227E-03,-47.4384883E-03,+91.6575053E-03
+7.5121500E-03,+9.0532276E-03,-47.4301354E-03,+91.6553335E-03
+7.5124437E-03,+8.4164834E-03,-47.3683237E-03,+91.6518253E-03
+7.5127375E-03,+8.1658285E-03,-47.6306058E-03,+91.6575053E-03
+7.5130312E-03,+8.8961824E-03,-47.5086530E-03,+91.6596771E-03
+7.5133250E-03,+10.0422117E-03,-47.3816884E-03,+91.6566700E-03
+7.5136187E-03,+11.8400540E-03,-47.4084178E-03,+91.6404653E-03
+7.5139125E-03,+11.7510385E-03,-47.2463708E-03,+91.6553335E-03
+7.5142062E-03,+10.2398689E-03,-47.5036412E-03,+91.6518253E-03
+7.5145000E-03,+8.6624339E-03,-47.6439705E-03,+91.6531618E-03
+7.5147937E-03,+7.3825504E-03,-47.3950531E-03,+91.6461453E-03
+7.5150875E-03,+6.8605121E-03,-47.3816884E-03,+91.6531618E-03
+7.5153812E-03,+7.6685616E-03,-47.4735706E-03,+91.6461453E-03
+7.5156750E-03,+9.7750916E-03,-47.3950531E-03,+91.6596771E-03
+7.5159687E-03,+11.7682388E-03,-47.3816884E-03,+91.6610135E-03
+7.5162625E-03,+11.3296296E-03,-47.5387235E-03,+91.6561688E-03
+7.5165562E-03,+9.8059640E-03,-47.6523235E-03,+91.6753806E-03
+7.5168500E-03,+8.5337619E-03,-47.5654529E-03,+91.6745453E-03
+7.5171437E-03,+7.7807315E-03,-47.3382531E-03,+91.6553335E-03
+7.5174375E-03,+7.1596073E-03,-47.3382531E-03,+91.6453100E-03
+7.5177312E-03,+8.0207648E-03,-47.3599707E-03,+91.6404653E-03
+7.5180250E-03,+10.1366667E-03,-47.4602059E-03,+91.6575053E-03
+7.5183187E-03,+12.3310362E-03,-47.5303706E-03,+91.6531618E-03
+7.5186125E-03,+11.9177129E-03,-47.3733354E-03,+91.6483171E-03
+7.5189062E-03,+10.5305845E-03,-47.2814531E-03,+91.6653571E-03
+7.5192000E-03,+9.0606150E-03,-47.3816884E-03,+91.6588418E-03
+7.5194937E-03,+7.1250228E-03,-47.4518530E-03,+91.6483171E-03
+7.5197875E-03,+7.3175713E-03,-47.2948178E-03,+91.6610135E-03
+7.5200812E-03,+8.0523723E-03,-47.2029356E-03,+91.6474818E-03
+7.5203750E-03,+9.1164426E-03,-47.3248884E-03,+91.6461453E-03
+7.5206687E-03,+10.7389000E-03,-47.4518530E-03,+91.6575053E-03
+7.5209625E-03,+11.0117168E-03,-47.3816884E-03,+91.6531618E-03
+7.5212562E-03,+10.8024458E-03,-47.4735706E-03,+91.6483171E-03
+7.5215500E-03,+10.3297298E-03,-47.5253588E-03,+91.6588418E-03
+7.5218437E-03,+8.9953418E-03,-47.7659234E-03,+91.6439735E-03
+7.5221375E-03,+8.1951941E-03,-47.6523235E-03,+91.6539971E-03
+7.5224312E-03,+8.5149812E-03,-47.6523235E-03,+91.6610135E-03
+7.5227250E-03,+10.0891084E-03,-47.5654529E-03,+91.6539971E-03
+7.5230187E-03,+12.1979171E-03,-47.3382531E-03,+91.6631853E-03
+7.5233125E-03,+12.3473912E-03,-47.3165355E-03,+91.6531618E-03
+7.5236062E-03,+11.4052670E-03,-47.2597355E-03,+91.6483171E-03
+7.5239000E-03,+9.5960681E-03,-47.2814531E-03,+91.6566700E-03
+7.5241937E-03,+8.0747916E-03,-47.3165355E-03,+91.6404653E-03
+7.5244875E-03,+7.2983495E-03,-47.3248884E-03,+91.6531618E-03
+7.5247812E-03,+7.8755540E-03,-47.4301354E-03,+91.6461453E-03
+7.5250750E-03,+9.2449308E-03,-47.2814531E-03,+91.6509900E-03
+7.5253687E-03,+10.3012830E-03,-47.3599707E-03,+91.6404653E-03
+7.5256625E-03,+11.1115378E-03,-47.3733354E-03,+91.6575053E-03
+7.5259562E-03,+10.3855207E-03,-47.2380179E-03,+91.6575053E-03
+7.5262500E-03,+9.3105715E-03,-47.2246532E-03,+91.6531618E-03
+7.5265437E-03,+7.8978998E-03,-47.3382531E-03,+91.6461453E-03
+7.5268375E-03,+7.4825919E-03,-47.4034060E-03,+91.6531618E-03
+7.5271312E-03,+8.6670280E-03,-47.5086530E-03,+91.6439735E-03
+7.5274250E-03,+10.3937901E-03,-47.2948178E-03,+91.6474818E-03
+7.5277187E-03,+11.7671362E-03,-47.2246532E-03,+91.6483171E-03
+7.5280125E-03,+11.2548006E-03,-47.4251236E-03,+91.6588418E-03
+7.5283062E-03,+10.6692900E-03,-47.5220177E-03,+91.6483171E-03
+7.5286000E-03,+9.6773656E-03,-47.2680884E-03,+91.6588418E-03
+7.5288937E-03,+8.5975283E-03,-47.3432649E-03,+91.6439735E-03
+7.5291875E-03,+7.6908339E-03,-46.9456652E-03,+91.6539971E-03
+7.5294812E-03,+8.7205770E-03,-47.0976886E-03,+91.6610135E-03
+7.5297750E-03,+9.7653153E-03,-47.4735706E-03,+91.6496535E-03
+7.5300687E-03,+10.6222095E-03,-47.3950531E-03,+91.6518253E-03
+7.5303625E-03,+10.6666805E-03,-47.3599707E-03,+91.6640206E-03
+7.5306562E-03,+10.3793830E-03,-47.4384883E-03,+91.6745453E-03
+7.5309500E-03,+9.6242576E-03,-47.4518530E-03,+91.6575053E-03
+7.5312437E-03,+8.2488166E-03,-47.3165355E-03,+91.6553335E-03
+7.5315375E-03,+7.6124767E-03,-47.2814531E-03,+91.6496535E-03
+7.5318312E-03,+8.3628241E-03,-47.3599707E-03,+91.6518253E-03
+7.5321250E-03,+9.5171596E-03,-47.4384883E-03,+91.6618488E-03
+7.5324187E-03,+10.6446287E-03,-47.3649825E-03,+91.6710371E-03
+7.5327125E-03,+11.0881262E-03,-47.0893356E-03,+91.6610135E-03
+7.5330062E-03,+10.2658165E-03,-47.2814531E-03,+91.6474818E-03
+7.5333000E-03,+10.4049263E-03,-47.3599707E-03,+91.6461453E-03
+7.5335937E-03,+8.9091562E-03,-47.4167707E-03,+91.6575053E-03
+7.5338875E-03,+7.2840159E-03,-47.4602059E-03,+91.6531618E-03
+7.5341812E-03,+7.1924644E-03,-47.5086530E-03,+91.6483171E-03
+7.5344750E-03,+8.3513205E-03,-47.2731002E-03,+91.6631853E-03
+7.5347687E-03,+9.3679795E-03,-47.2112885E-03,+91.6553335E-03
+7.5350625E-03,+10.8322156E-03,-47.4952883E-03,+91.6496535E-03
+7.5353562E-03,+10.6069938E-03,-47.5170059E-03,+91.6518253E-03
+7.5356500E-03,+10.3692024E-03,-47.5738059E-03,+91.6466465E-03
+7.5359437E-03,+9.4457487E-03,-47.5303706E-03,+91.6291053E-03
+7.5362375E-03,+8.2235306E-03,-47.4384883E-03,+91.6553335E-03
+7.5365312E-03,+7.8460047E-03,-47.4735706E-03,+91.6539971E-03
+7.5368250E-03,+8.4584920E-03,-47.3299002E-03,+91.6631853E-03
+7.5371187E-03,+10.1371813E-03,-47.1461356E-03,+91.6575053E-03
+7.5374125E-03,+11.4300385E-03,-47.3248884E-03,+91.6575053E-03
+7.5377062E-03,+12.2784427E-03,-47.4735706E-03,+91.6575053E-03
+7.5380000E-03,+11.7659969E-03,-47.3733354E-03,+91.6640206E-03
+7.5382937E-03,+10.4293669E-03,-47.2814531E-03,+91.6745453E-03
+7.5385875E-03,+8.4916431E-03,-47.4251236E-03,+91.6531618E-03
+7.5388812E-03,+7.0332875E-03,-47.5220177E-03,+91.6504888E-03
+7.5391750E-03,+6.9351940E-03,-47.2246532E-03,+91.6710371E-03
+7.5394687E-03,+9.3268530E-03,-47.4468413E-03,+91.6675288E-03
+7.5397625E-03,+10.3563389E-03,-47.6222529E-03,+91.6666935E-03
+7.5400562E-03,+11.2946408E-03,-47.3816884E-03,+91.6561688E-03
+7.5403500E-03,+11.4805370E-03,-47.4518530E-03,+91.6645218E-03
+7.5406437E-03,+10.2598258E-03,-47.3816884E-03,+91.6461453E-03
+7.5409375E-03,+9.2750315E-03,-47.5387235E-03,+91.6553335E-03
+7.5412312E-03,+8.0625161E-03,-47.5871706E-03,+91.6518253E-03
+7.5415250E-03,+8.2595852E-03,-47.4384883E-03,+91.6575053E-03
+7.5418187E-03,+9.5376677E-03,-47.3867001E-03,+91.6596771E-03
+7.5421125E-03,+11.2159160E-03,-47.1895709E-03,+91.6631853E-03
+7.5424062E-03,+11.7964283E-03,-47.4167707E-03,+91.6640206E-03
+7.5427000E-03,+11.4611315E-03,-47.3950531E-03,+91.6723735E-03
+7.5429937E-03,+9.9309974E-03,-47.3599707E-03,+91.6539971E-03
+7.5432875E-03,+8.5402305E-03,-47.4819236E-03,+91.6588418E-03
+7.5435812E-03,+7.3071702E-03,-47.6088882E-03,+91.6461453E-03
+7.5438750E-03,+7.7274765E-03,-47.4518530E-03,+91.6575053E-03
+7.5441687E-03,+9.3241701E-03,-47.3382531E-03,+91.6618488E-03
+7.5444625E-03,+10.9994781E-03,-47.3816884E-03,+91.6710371E-03
+7.5447562E-03,+11.1948199E-03,-47.4952883E-03,+91.6610135E-03
+7.5450500E-03,+10.9363366E-03,-47.4084178E-03,+91.6496535E-03
+7.5453437E-03,+10.3248784E-03,-47.1812179E-03,+91.6539971E-03
+7.5456375E-03,+8.8768136E-03,-47.2463708E-03,+91.6631853E-03
+7.5459312E-03,+7.7519540E-03,-47.4602059E-03,+91.6661924E-03
+7.5462250E-03,+7.9008400E-03,-47.4869353E-03,+91.6802253E-03
+7.5465187E-03,+9.1994674E-03,-47.2380179E-03,+91.6596771E-03
+7.5468125E-03,+10.1218186E-03,-47.2898061E-03,+91.6610135E-03
+7.5471062E-03,+10.9555216E-03,-47.5738059E-03,+91.6518253E-03
+7.5474000E-03,+11.1272313E-03,-47.5520882E-03,+91.6575053E-03
+7.5476937E-03,+9.6344014E-03,-47.5387235E-03,+91.6618488E-03
+7.5479875E-03,+9.7261367E-03,-47.6088882E-03,+91.6688653E-03
+7.5482812E-03,+8.8220885E-03,-47.5170059E-03,+91.6553335E-03
+7.5485750E-03,+8.3932555E-03,-47.5955235E-03,+91.6496535E-03
+7.5488687E-03,+9.1484544E-03,-47.6306058E-03,+91.6496535E-03
+7.5491625E-03,+10.8047244E-03,-47.5520882E-03,+91.6496535E-03
+7.5494562E-03,+11.9744594E-03,-47.4735706E-03,+91.6561688E-03
+7.5497500E-03,+11.3076881E-03,-47.4384883E-03,+91.6732088E-03
+7.5500437E-03,+9.8945386E-03,-47.4735706E-03,+91.6732088E-03
+7.5503375E-03,+8.3001972E-03,-47.3950531E-03,+91.6666935E-03
+7.5506312E-03,+7.0664019E-03,-47.2948178E-03,+91.6539971E-03
+7.5509250E-03,+7.0929007E-03,-47.2246532E-03,+91.6631853E-03
+7.5512187E-03,+9.3345711E-03,-47.3816884E-03,+91.6618488E-03
+7.5515125E-03,+11.0786806E-03,-47.3867001E-03,+91.6732088E-03
+7.5518062E-03,+11.7485760E-03,-47.0809827E-03,+91.6710371E-03
+7.5521000E-03,+11.5678987E-03,-47.0893356E-03,+91.6631853E-03
+7.5523937E-03,+10.5223151E-03,-47.3900413E-03,+91.6575053E-03
+7.5526875E-03,+8.9943494E-03,-47.6656881E-03,+91.6575053E-03
+7.5529812E-03,+8.1195566E-03,-47.4952883E-03,+91.6575053E-03
+7.5532750E-03,+7.8404182E-03,-47.4518530E-03,+91.6596771E-03
+7.5535687E-03,+8.5465152E-03,-47.3599707E-03,+91.6631853E-03
+7.5538625E-03,+10.0233575E-03,-47.3950531E-03,+91.6575053E-03
+7.5541562E-03,+11.3182729E-03,-47.2948178E-03,+91.6553335E-03
+7.5544500E-03,+11.5120710E-03,-47.2463708E-03,+91.6496535E-03
+7.5547437E-03,+10.0762817E-03,-47.4167707E-03,+91.6496535E-03
+7.5550375E-03,+8.7549777E-03,-47.3733354E-03,+91.6583406E-03
+7.5553312E-03,+7.4929562E-03,-47.2814531E-03,+91.6767170E-03
+7.5556250E-03,+7.7490872E-03,-47.4251236E-03,+91.6653571E-03
+7.5559187E-03,+8.9447330E-03,-47.5003000E-03,+91.6653571E-03
+7.5562125E-03,+9.9722709E-03,-47.1461356E-03,+91.6631853E-03
+7.5565062E-03,+11.0214563E-03,-47.3248884E-03,+91.6553335E-03
+7.5568000E-03,+12.2194911E-03,-47.4735706E-03,+91.6561688E-03
+7.5570937E-03,+10.7513592E-03,-47.3733354E-03,+91.6645218E-03
+7.5573875E-03,+9.4387289E-03,-47.3031708E-03,+91.6526606E-03
+7.5576812E-03,+8.3197130E-03,-47.4602059E-03,+91.6745453E-03
+7.5579750E-03,+7.7286526E-03,-47.5303706E-03,+91.6596771E-03
+7.5582687E-03,+8.3995035E-03,-47.4167707E-03,+91.6631853E-03
+7.5585625E-03,+9.2300826E-03,-47.4384883E-03,+91.6575053E-03
+7.5588562E-03,+10.5580389E-03,-47.5604412E-03,+91.6575053E-03
+7.5591500E-03,+11.3249252E-03,-47.6005353E-03,+91.6575053E-03
+7.5594437E-03,+11.2230829E-03,-47.3031708E-03,+91.6618488E-03
+7.5597375E-03,+9.7721146E-03,-47.4167707E-03,+91.6710371E-03
+7.5600312E-03,+8.0476312E-03,-47.4602059E-03,+91.6631853E-03
+7.5603250E-03,+7.6733027E-03,-47.5303706E-03,+91.6596771E-03
+7.5606187E-03,+9.0337486E-03,-47.4384883E-03,+91.6610135E-03
+7.5609125E-03,+9.8605788E-03,-47.3867001E-03,+91.6539971E-03
+7.5612062E-03,+10.9845197E-03,-47.1461356E-03,+91.6718723E-03
+7.5615000E-03,+11.0190674E-03,-47.3031708E-03,+91.6802253E-03
+7.5617937E-03,+10.5803847E-03,-47.4819236E-03,+91.6553335E-03
+7.5620875E-03,+9.9271751E-03,-47.5871706E-03,+91.6496535E-03
+7.5623812E-03,+9.1434928E-03,-47.3733354E-03,+91.6496535E-03
+7.5626750E-03,+8.7092571E-03,-47.2814531E-03,+91.6496535E-03
+7.5629687E-03,+9.0976619E-03,-47.2948178E-03,+91.6561688E-03
+7.5632625E-03,+9.5481423E-03,-47.2029356E-03,+91.6710371E-03
+7.5635562E-03,+10.3146243E-03,-47.2597355E-03,+91.6631853E-03
+7.5638500E-03,+10.6783679E-03,-47.2597355E-03,+91.6618488E-03
+7.5641437E-03,+10.6463561E-03,-47.2597355E-03,+91.6645218E-03
+7.5644375E-03,+9.1399645E-03,-47.2597355E-03,+91.6483171E-03
+7.5647312E-03,+8.5126290E-03,-47.2163003E-03,+91.6631853E-03
+7.5650250E-03,+7.5554729E-03,-47.1244180E-03,+91.6553335E-03
+7.5653187E-03,+7.4953451E-03,-47.2680884E-03,+91.6518253E-03
+7.5656125E-03,+8.5440527E-03,-47.3867001E-03,+91.6618488E-03
+7.5659062E-03,+10.9016051E-03,-47.1678532E-03,+91.6710371E-03
+7.5662000E-03,+10.9550438E-03,-47.4468413E-03,+91.6697006E-03
+7.5664937E-03,+11.5110419E-03,-47.6222529E-03,+91.6702018E-03
+7.5667875E-03,+10.3602715E-03,-47.3599707E-03,+91.6526606E-03
+7.5670812E-03,+8.9324943E-03,-47.3950531E-03,+91.6745453E-03
+7.5673750E-03,+7.6098305E-03,-47.3165355E-03,+91.6596771E-03
+7.5676687E-03,+7.2425218E-03,-47.3466060E-03,+91.6631853E-03
+7.5679625E-03,+7.9079333E-03,-47.5086530E-03,+91.6596771E-03
+7.5682562E-03,+9.8816750E-03,-47.4034060E-03,+91.6610135E-03
+7.5685500E-03,+11.3454700E-03,-47.4869353E-03,+91.6561688E-03
+7.5688437E-03,+11.1366767E-03,-47.2380179E-03,+91.6688653E-03
+7.5691375E-03,+10.6058544E-03,-47.2463708E-03,+91.6618488E-03
+7.5694312E-03,+8.8726973E-03,-47.4167707E-03,+91.6732088E-03
+7.5697250E-03,+8.2883627E-03,-47.4167707E-03,+91.6688653E-03
+7.5700187E-03,+8.4812420E-03,-47.3950531E-03,+91.6640206E-03
+7.5703125E-03,+9.4523642E-03,-47.2948178E-03,+91.6745453E-03
+7.5706062E-03,+10.7935883E-03,-47.2029356E-03,+91.6596771E-03
+7.5709000E-03,+12.0027591E-03,-47.2814531E-03,+91.6566700E-03
+7.5711937E-03,+12.1110332E-03,-47.3165355E-03,+91.6426371E-03
+7.5714875E-03,+11.0277779E-03,-47.2380179E-03,+91.6653571E-03
+7.5717812E-03,+9.6533292E-03,-47.2463708E-03,+91.6718723E-03
+7.5720750E-03,+8.0807823E-03,-47.3950531E-03,+91.6845688E-03
+7.5723687E-03,+8.0504979E-03,-47.2948178E-03,+91.6688653E-03
+7.5726625E-03,+8.4756923E-03,-47.2246532E-03,+91.6618488E-03
+7.5729562E-03,+9.5371165E-03,-47.3382531E-03,+91.6623500E-03
+7.5732500E-03,+10.9655552E-03,-47.3165355E-03,+91.6426371E-03
+7.5735437E-03,+11.9527017E-03,-47.2597355E-03,+91.6675288E-03
+7.5738375E-03,+11.1968780E-03,-47.2380179E-03,+91.6753806E-03
+7.5741312E-03,+9.0364683E-03,-47.2029356E-03,+91.6723735E-03
+7.5744250E-03,+8.1272747E-03,-47.3031708E-03,+91.6539971E-03
+7.5747187E-03,+7.2795688E-03,-47.4602059E-03,+91.6675288E-03
+7.5750125E-03,+7.1511908E-03,-47.5738059E-03,+91.6732088E-03
+7.5753062E-03,+8.4903935E-03,-47.5086530E-03,+91.6732088E-03
+7.5756000E-03,+10.0483127E-03,-47.3382531E-03,+91.6775523E-03
+7.5758937E-03,+11.8481764E-03,-47.3165355E-03,+91.6867406E-03
+7.5761875E-03,+11.5459572E-03,-47.3031708E-03,+91.6767170E-03
+7.5764812E-03,+9.8707227E-03,-47.4384883E-03,+91.6610135E-03
+7.5767750E-03,+7.7930805E-03,-47.4301354E-03,+91.6518253E-03
+7.5770687E-03,+6.5698700E-03,-47.2814531E-03,+91.6575053E-03
+7.5773625E-03,+6.8808732E-03,-47.3599707E-03,+91.6596771E-03
+7.5776562E-03,+8.2136808E-03,-47.3950531E-03,+91.6653571E-03
+7.5779500E-03,+10.0523188E-03,-47.3816884E-03,+91.6610135E-03
+7.5782437E-03,+11.8906628E-03,-47.4735706E-03,+91.6539971E-03
+7.5785375E-03,+12.2036138E-03,-47.4167707E-03,+91.6610135E-03
+7.5788312E-03,+11.0575477E-03,-47.3516178E-03,+91.6539971E-03
+7.5791250E-03,+8.8351726E-03,-47.1812179E-03,+91.6588418E-03
+7.5794187E-03,+8.1834332E-03,-47.1812179E-03,+91.6483171E-03
+7.5797125E-03,+8.7963615E-03,-47.2463708E-03,+91.6610135E-03
+7.5800062E-03,+9.7010344E-03,-47.3950531E-03,+91.6496535E-03
+7.5803000E-03,+10.8551127E-03,-47.3816884E-03,+91.6539971E-03
+7.5805937E-03,+11.8417814E-03,-47.4518530E-03,+91.6631853E-03
+7.5808875E-03,+12.1653908E-03,-47.3816884E-03,+91.6575053E-03
+7.5811812E-03,+11.2171656E-03,-47.4518530E-03,+91.6575053E-03
+7.5814750E-03,+10.0388305E-03,-47.3599707E-03,+91.6575053E-03
+7.5817687E-03,+8.1291491E-03,-47.3516178E-03,+91.6575053E-03
+7.5820625E-03,+7.6227675E-03,-47.1812179E-03,+91.6596771E-03
+7.5823562E-03,+8.0060636E-03,-47.3115237E-03,+91.6610135E-03
+7.5826500E-03,+9.3197230E-03,-47.5003000E-03,+91.6561688E-03
+7.5829437E-03,+10.2104298E-03,-47.1244180E-03,+91.6710371E-03
+7.5832375E-03,+10.1301247E-03,-47.2898061E-03,+91.6610135E-03
+7.5835312E-03,+9.2784127E-03,-47.4652177E-03,+91.6518253E-03
+7.5838250E-03,+8.4746265E-03,-47.2246532E-03,+91.6553335E-03
+7.5841187E-03,+7.7021170E-03,-47.3599707E-03,+91.6518253E-03
+7.5844125E-03,+6.9679776E-03,-47.3950531E-03,+91.6531618E-03
+7.5847062E-03,+7.5024752E-03,-47.4034060E-03,+91.6418018E-03
+7.5850000E-03,+9.8017007E-03,-47.5086530E-03,+91.6439735E-03
+7.5852937E-03,+11.7257892E-03,-47.3382531E-03,+91.6474818E-03
+7.5855875E-03,+12.2168816E-03,-47.2948178E-03,+91.6461453E-03
+7.5858812E-03,+11.3436324E-03,-47.2246532E-03,+91.6575053E-03
+7.5861750E-03,+10.3281127E-03,-47.3599707E-03,+91.6575053E-03
+7.5864687E-03,+8.4507004E-03,-47.4167707E-03,+91.6596771E-03
+7.5867625E-03,+7.6908339E-03,-47.3950531E-03,+91.6631853E-03
+7.5870562E-03,+7.9037067E-03,-47.2731002E-03,+91.6575053E-03
+7.5873500E-03,+9.6631422E-03,-47.1461356E-03,+91.6618488E-03
+7.5876437E-03,+11.2557929E-03,-47.3248884E-03,+91.6710371E-03
+7.5879375E-03,+11.5046102E-03,-47.4952883E-03,+91.6697006E-03
+7.5882312E-03,+10.6381602E-03,-47.5387235E-03,+91.6723735E-03
+7.5885250E-03,+9.1803192E-03,-47.6088882E-03,+91.6518253E-03
+7.5888187E-03,+8.4451507E-03,-47.4518530E-03,+91.6596771E-03
+7.5891125E-03,+7.4666779E-03,-47.2296650E-03,+91.6631853E-03
+7.5894062E-03,+7.6984417E-03,-47.0759709E-03,+91.6575053E-03
+7.5897000E-03,+9.0096386E-03,-47.3733354E-03,+91.6618488E-03
+7.5899937E-03,+10.9746331E-03,-47.2814531E-03,+91.6688653E-03
+7.5902875E-03,+11.6645956E-03,-47.2948178E-03,+91.6575053E-03
+7.5905812E-03,+10.9494942E-03,-47.2246532E-03,+91.6618488E-03
+7.5908750E-03,+9.4862504E-03,-47.3165355E-03,+91.6710371E-03
+7.5911687E-03,+8.6458951E-03,-47.2163003E-03,+91.6631853E-03
+7.5914625E-03,+8.0488440E-03,-47.1678532E-03,+91.6618488E-03
+7.5917562E-03,+7.9859230E-03,-47.2731002E-03,+91.6732088E-03
+7.5920500E-03,+9.0075805E-03,-47.1895709E-03,+91.6710371E-03
+7.5923437E-03,+10.3699007E-03,-47.4384883E-03,+91.6653571E-03
+7.5926375E-03,+10.9895181E-03,-47.3649825E-03,+91.6653571E-03
+7.5929312E-03,+10.7729332E-03,-47.1110533E-03,+91.6653571E-03
+7.5932250E-03,+9.2060462E-03,-47.4251236E-03,+91.6675288E-03
+7.5935187E-03,+8.0739462E-03,-47.6088882E-03,+91.6666935E-03
+7.5938125E-03,+7.4972930E-03,-47.4952883E-03,+91.6561688E-03
+7.5941062E-03,+8.0081953E-03,-47.4735706E-03,+91.6666935E-03
+7.5944000E-03,+9.4530993E-03,-47.4384883E-03,+91.6518253E-03
+7.5946937E-03,+10.5859711E-03,-47.3649825E-03,+91.6661924E-03
+7.5949875E-03,+11.4036131E-03,-47.0893356E-03,+91.6845688E-03
+7.5952812E-03,+11.9777672E-03,-47.1511474E-03,+91.6732088E-03
+7.5955750E-03,+11.3553934E-03,-46.9323005E-03,+91.6710371E-03
+7.5958687E-03,+9.1013739E-03,-47.1461356E-03,+91.6675288E-03
+7.5961625E-03,+7.7295347E-03,-47.2163003E-03,+91.6732088E-03
+7.5964562E-03,+7.2675873E-03,-47.1244180E-03,+91.6688653E-03
+7.5967500E-03,+8.5993659E-03,-47.1595003E-03,+91.6553335E-03
+7.5970437E-03,+10.4566743E-03,-47.1678532E-03,+91.6561688E-03
+7.5973375E-03,+11.2347703E-03,-47.3816884E-03,+91.6732088E-03
+7.5976312E-03,+11.5016699E-03,-47.4952883E-03,+91.6775523E-03
+7.5979250E-03,+10.8279890E-03,-47.4301354E-03,+91.6845688E-03
+7.5982187E-03,+9.5349848E-03,-47.3031708E-03,+91.6666935E-03
+7.5985125E-03,+8.3895068E-03,-47.3950531E-03,+91.6539971E-03
+7.5988062E-03,+8.1221293E-03,-47.3382531E-03,+91.6653571E-03
+7.5991000E-03,+8.6923140E-03,-47.2296650E-03,+91.6697006E-03
+7.5993937E-03,+9.6925813E-03,-46.9673828E-03,+91.6788888E-03
+7.5996875E-03,+10.7030291E-03,-47.0676180E-03,+91.6688653E-03
+7.5999812E-03,+10.8348986E-03,-47.0943474E-03,+91.6553335E-03
+7.6002750E-03,+10.3140363E-03,-46.9974534E-03,+91.6474818E-03
+7.6005687E-03,+9.1316583E-03,-47.2731002E-03,+91.6439735E-03
+7.6008625E-03,+8.2085354E-03,-47.1895709E-03,+91.6518253E-03
+7.6011562E-03,+8.1629618E-03,-47.3081825E-03,+91.6596771E-03
+7.6014500E-03,+8.0091141E-03,-47.1327709E-03,+91.6631853E-03
+7.6017437E-03,+8.7537281E-03,-47.3516178E-03,+91.6553335E-03
+7.6020375E-03,+9.8996104E-03,-47.2029356E-03,+91.6518253E-03
+7.6023312E-03,+10.6317285E-03,-47.2380179E-03,+91.6618488E-03
+7.6026250E-03,+11.3557976E-03,-47.1812179E-03,+91.6753806E-03
+7.6029187E-03,+10.5619347E-03,-47.2680884E-03,+91.6767170E-03
+7.6032125E-03,+9.5020542E-03,-47.4735706E-03,+91.6675288E-03
+7.6035062E-03,+8.6293930E-03,-47.4167707E-03,+91.6666935E-03
+7.6038000E-03,+8.3078050E-03,-47.3299002E-03,+91.6539971E-03
+7.6040937E-03,+9.1001611E-03,-47.1678532E-03,+91.6653571E-03
+7.6043875E-03,+11.1900420E-03,-47.3599707E-03,+91.6631853E-03
+7.6046812E-03,+10.9433564E-03,-47.3081825E-03,+91.6618488E-03
+7.6049750E-03,+10.3806326E-03,-47.1762062E-03,+91.6753806E-03
+7.6052687E-03,+9.7584793E-03,-47.4869353E-03,+91.6767170E-03
+7.6055625E-03,+8.3821929E-03,-47.3683237E-03,+91.6631853E-03
+7.6058562E-03,+7.1794906E-03,-47.5654529E-03,+91.6575053E-03
+7.6061500E-03,+7.7676107E-03,-47.2731002E-03,+91.6553335E-03
+7.6064437E-03,+9.0222816E-03,-47.1027003E-03,+91.6496535E-03
+7.6067375E-03,+10.6427176E-03,-47.1461356E-03,+91.6518253E-03
+7.6070312E-03,+11.4013712E-03,-47.3248884E-03,+91.6618488E-03
+7.6073250E-03,+11.1872855E-03,-47.3867001E-03,+91.6666935E-03
+7.6076187E-03,+10.1462960E-03,-47.1461356E-03,+91.6518253E-03
+7.6079125E-03,+8.4996552E-03,-47.3466060E-03,+91.6575053E-03
+7.6082062E-03,+7.9338809E-03,-47.5738059E-03,+91.6553335E-03
+7.6085000E-03,+8.4874165E-03,-47.5520882E-03,+91.6561688E-03
+7.6087937E-03,+10.1892969E-03,-47.4084178E-03,+91.6710371E-03
+7.6090875E-03,+12.3246779E-03,-47.2898061E-03,+91.6653571E-03
+7.6093812E-03,+13.4194002E-03,-47.4869353E-03,+91.6631853E-03
+7.6096750E-03,+11.7807716E-03,-47.2814531E-03,+91.6596771E-03
+7.6099687E-03,+10.2851485E-03,-47.2948178E-03,+91.6653571E-03
+7.6102625E-03,+7.9241046E-03,-47.2029356E-03,+91.6653571E-03
+7.6105562E-03,+6.6500649E-03,-47.2814531E-03,+91.6675288E-03
+7.6108500E-03,+6.5622989E-03,-47.3599707E-03,+91.6688653E-03
+7.6111437E-03,+8.1660858E-03,-47.4167707E-03,+91.6596771E-03
+7.6114375E-03,+10.4771457E-03,-47.4167707E-03,+91.6610135E-03
+7.6117312E-03,+11.7857699E-03,-47.3733354E-03,+91.6518253E-03
+7.6120250E-03,+12.3232078E-03,-47.2814531E-03,+91.6575053E-03
+7.6123187E-03,+10.3563389E-03,-47.2948178E-03,+91.6553335E-03
+7.6126125E-03,+8.3127667E-03,-47.2246532E-03,+91.6539971E-03
+7.6129062E-03,+7.1410470E-03,-47.3382531E-03,+91.6631853E-03
+7.6132000E-03,+7.6056406E-03,-47.3165355E-03,+91.6575053E-03
+7.6134937E-03,+8.9046356E-03,-47.2380179E-03,+91.6575053E-03
+7.6137875E-03,+10.6103750E-03,-47.1812179E-03,+91.6553335E-03
+7.6140812E-03,+11.9009536E-03,-47.2246532E-03,+91.6583406E-03
+7.6143750E-03,+12.2587432E-03,-47.3382531E-03,+91.6702018E-03
+7.6146687E-03,+10.5690648E-03,-47.2513826E-03,+91.6439735E-03
+7.6149625E-03,+8.2462072E-03,-47.0893356E-03,+91.6561688E-03
+7.6152562E-03,+6.6703157E-03,-47.2597355E-03,+91.6732088E-03
+7.6155500E-03,+6.8061177E-03,-47.2163003E-03,+91.6666935E-03
+7.6158437E-03,+7.9936044E-03,-47.1461356E-03,+91.6518253E-03
+7.6161375E-03,+10.2977547E-03,-47.2814531E-03,+91.6575053E-03
+7.6164312E-03,+11.8550859E-03,-47.3165355E-03,+91.6618488E-03
+7.6167250E-03,+12.0128662E-03,-47.2814531E-03,+91.6710371E-03
+7.6170187E-03,+11.1214611E-03,-47.3816884E-03,+91.6610135E-03
+7.6173125E-03,+9.3379157E-03,-47.3867001E-03,+91.6474818E-03
+7.6176062E-03,+8.5794826E-03,-47.1678532E-03,+91.6483171E-03
+7.6179000E-03,+8.4906508E-03,-47.3165355E-03,+91.6653571E-03
+7.6181937E-03,+8.7171957E-03,-47.2380179E-03,+91.6675288E-03
+7.6184875E-03,+9.7881388E-03,-47.1377827E-03,+91.6688653E-03
+7.6187812E-03,+11.0873176E-03,-47.1110533E-03,+91.6596771E-03
+7.6190750E-03,+11.8598638E-03,-47.3382531E-03,+91.6675288E-03
+7.6193687E-03,+11.1989730E-03,-47.3165355E-03,+91.6666935E-03
+7.6196625E-03,+9.2648876E-03,-47.3248884E-03,+91.6583406E-03
+7.6199562E-03,+8.4262597E-03,-47.4952883E-03,+91.6723735E-03
+7.6202500E-03,+7.6954647E-03,-47.4301354E-03,+91.6561688E-03
+7.6205437E-03,+8.0852294E-03,-47.3466060E-03,+91.6710371E-03
+7.6208375E-03,+9.5847115E-03,-47.5086530E-03,+91.6653571E-03
+7.6211312E-03,+11.4430123E-03,-47.3382531E-03,+91.6675288E-03
+7.6214250E-03,+12.4521003E-03,-47.3382531E-03,+91.6666935E-03
+7.6217187E-03,+11.9201386E-03,-47.3382531E-03,+91.6605124E-03
+7.6220125E-03,+10.1102047E-03,-47.3382531E-03,+91.6823970E-03
+7.6223062E-03,+7.9918770E-03,-47.3165355E-03,+91.6631853E-03
+7.6226000E-03,+6.7646605E-03,-47.3031708E-03,+91.6575053E-03
+7.6228937E-03,+7.2233368E-03,-47.3950531E-03,+91.6575053E-03
+7.6231875E-03,+9.0556533E-03,-47.3165355E-03,+91.6575053E-03
+7.6234812E-03,+11.3997173E-03,-47.3683237E-03,+91.6596771E-03
+7.6237750E-03,+12.2116995E-03,-47.5437353E-03,+91.6610135E-03
+7.6240687E-03,+11.5426862E-03,-47.2814531E-03,+91.6561688E-03
+7.6243625E-03,+10.0959813E-03,-47.3599707E-03,+91.6688653E-03
+7.6246562E-03,+8.2350710E-03,-47.3950531E-03,+91.6575053E-03
+7.6249500E-03,+6.9568414E-03,-47.4034060E-03,+91.6618488E-03
+7.6252437E-03,+7.4558725E-03,-47.5738059E-03,+91.6688653E-03
+7.6255375E-03,+8.7843433E-03,-47.4435001E-03,+91.6596771E-03
+7.6258312E-03,+10.7813496E-03,-47.1461356E-03,+91.6631853E-03
+7.6261250E-03,+11.5175104E-03,-47.2380179E-03,+91.6575053E-03
+7.6264187E-03,+11.1062821E-03,-47.2680884E-03,+91.6640206E-03
+7.6267125E-03,+8.9029817E-03,-47.5387235E-03,+91.6767170E-03
+7.6270062E-03,+7.7393845E-03,-47.4785824E-03,+91.6610135E-03
+7.6273000E-03,+6.7465413E-03,-47.1544885E-03,+91.6539971E-03
+7.6275937E-03,+7.1332922E-03,-47.4518530E-03,+91.6610135E-03
+7.6278875E-03,+8.6989295E-03,-47.4251236E-03,+91.6561688E-03
+7.6281812E-03,+10.9751109E-03,-47.5871706E-03,+91.6688653E-03
+7.6284750E-03,+12.4179201E-03,-47.4167707E-03,+91.6596771E-03
+7.6287687E-03,+12.0823292E-03,-47.4167707E-03,+91.6631853E-03
+7.6290625E-03,+10.4939418E-03,-47.3950531E-03,+91.6618488E-03
+7.6293562E-03,+7.7595986E-03,-47.3599707E-03,+91.6623500E-03
+7.6296500E-03,+7.5059667E-03,-47.3516178E-03,+91.6404653E-03
+7.6299437E-03,+7.2456826E-03,-47.1812179E-03,+91.6640206E-03
+7.6302375E-03,+9.0933985E-03,-47.1595003E-03,+91.6723735E-03
+7.6305312E-03,+11.3886915E-03,-47.1678532E-03,+91.6496535E-03
+7.6308250E-03,+12.5984871E-03,-47.2513826E-03,+91.6496535E-03
+7.6311187E-03,+12.4630894E-03,-47.0676180E-03,+91.6518253E-03
+7.6314125E-03,+11.1977234E-03,-47.2898061E-03,+91.6553335E-03
+7.6317062E-03,+8.9814124E-03,-47.5520882E-03,+91.6539971E-03
+7.6320000E-03,+6.7210348E-03,-47.4735706E-03,+91.6610135E-03
+7.6322937E-03,+6.1489021E-03,-47.4167707E-03,+91.6518253E-03
+7.6325875E-03,+8.0553860E-03,-47.4167707E-03,+91.6575053E-03
+7.6328812E-03,+11.2979118E-03,-47.3950531E-03,+91.6531618E-03
+7.6331750E-03,+13.0997968E-03,-47.3816884E-03,+91.6504888E-03
+7.6334687E-03,+13.2703304E-03,-47.4735706E-03,+91.6688653E-03
+7.6337625E-03,+11.6853242E-03,-47.3950531E-03,+91.6575053E-03
+7.6340562E-03,+9.5593888E-03,-47.2948178E-03,+91.6640206E-03
+7.6343500E-03,+6.7447404E-03,-47.2029356E-03,+91.6745453E-03
+7.6346437E-03,+6.5175339E-03,-47.3248884E-03,+91.6618488E-03
+7.6349375E-03,+7.9213849E-03,-47.4084178E-03,+91.6688653E-03
+7.6352312E-03,+9.7546937E-03,-47.2029356E-03,+91.6575053E-03
+7.6355250E-03,+11.2648341E-03,-47.1945826E-03,+91.6575053E-03
+7.6358187E-03,+11.9481076E-03,-47.0459004E-03,+91.6618488E-03
+7.6361125E-03,+10.9632398E-03,-47.1244180E-03,+91.6666935E-03
+7.6364062E-03,+8.6777599E-03,-47.1595003E-03,+91.6496535E-03
+7.6367000E-03,+7.3776623E-03,-47.2330061E-03,+91.6539971E-03
+7.6369937E-03,+6.9306734E-03,-47.5303706E-03,+91.6697006E-03
+7.6372875E-03,+7.5871906E-03,-47.4602059E-03,+91.6767170E-03
+7.6375812E-03,+9.0535951E-03,-47.5086530E-03,+91.6631853E-03
+7.6378750E-03,+10.9591969E-03,-47.3816884E-03,+91.6553335E-03
+7.6381687E-03,+11.4088688E-03,-47.4518530E-03,+91.6539971E-03
+7.6384625E-03,+10.8896604E-03,-47.2948178E-03,+91.6675288E-03
+7.6387562E-03,+9.3079621E-03,-47.2246532E-03,+91.6710371E-03
+7.6390500E-03,+7.9653414E-03,-47.3382531E-03,+91.6631853E-03
+7.6393437E-03,+7.7293877E-03,-47.2731002E-03,+91.6596771E-03
+7.6396375E-03,+8.5158633E-03,-47.1678532E-03,+91.6675288E-03
+7.6399312E-03,+9.6161352E-03,-47.3165355E-03,+91.6775523E-03
+7.6402250E-03,+10.3079353E-03,-47.3031708E-03,+91.6845688E-03
+7.6405187E-03,+11.1892702E-03,-47.3733354E-03,+91.6710371E-03
+7.6408125E-03,+10.4664506E-03,-47.2597355E-03,+91.6631853E-03
+7.6411062E-03,+8.8403915E-03,-47.3248884E-03,+91.6596771E-03
+7.6414000E-03,+7.7716168E-03,-47.4301354E-03,+91.6697006E-03
+7.6416937E-03,+7.7523215E-03,-47.3031708E-03,+91.6854041E-03
+7.6419875E-03,+8.6886387E-03,-47.4167707E-03,+91.6902488E-03
+7.6422812E-03,+10.3261280E-03,-47.3081825E-03,+91.6688653E-03
+7.6425750E-03,+11.1466368E-03,-47.0893356E-03,+91.6661924E-03
+7.6428687E-03,+11.2679214E-03,-47.3683237E-03,+91.6802253E-03
+7.6431625E-03,+10.5129063E-03,-47.6088882E-03,+91.6618488E-03
+7.6434562E-03,+9.0784034E-03,-47.3867001E-03,+91.6666935E-03
+7.6437500E-03,+7.5117737E-03,-47.1244180E-03,+91.6561688E-03
+7.6440437E-03,+7.9374827E-03,-47.2680884E-03,+91.6753806E-03
+7.6443375E-03,+8.1525607E-03,-47.5604412E-03,+91.6810606E-03
+7.6446312E-03,+8.8149217E-03,-47.6222529E-03,+91.6745453E-03
+7.6449250E-03,+9.9627152E-03,-47.3165355E-03,+91.6596771E-03
+7.6452187E-03,+10.6742883E-03,-47.2814531E-03,+91.6653571E-03
+7.6455125E-03,+10.7737785E-03,-47.3165355E-03,+91.6653571E-03
+7.6458062E-03,+9.9929629E-03,-47.2163003E-03,+91.6588418E-03
+7.6461000E-03,+8.4705102E-03,-47.1895709E-03,+91.6439735E-03
+7.6463937E-03,+8.2180177E-03,-47.4167707E-03,+91.6496535E-03
+7.6466875E-03,+8.3144205E-03,-47.3299002E-03,+91.6518253E-03
+7.6469812E-03,+10.2578411E-03,-47.1461356E-03,+91.6575053E-03
+7.6472750E-03,+11.8353129E-03,-47.2597355E-03,+91.6575053E-03
+7.6475687E-03,+11.2349173E-03,-47.2597355E-03,+91.6575053E-03
+7.6478625E-03,+10.5198159E-03,-47.1945826E-03,+91.6575053E-03
+7.6481562E-03,+9.6753074E-03,-47.1544885E-03,+91.6618488E-03
+7.6484500E-03,+9.0363580E-03,-47.3867001E-03,+91.6710371E-03
+7.6487437E-03,+8.2791010E-03,-47.1461356E-03,+91.6653571E-03
+7.6490375E-03,+7.8082962E-03,-47.2380179E-03,+91.6697006E-03
+7.6493312E-03,+9.2654389E-03,-47.2029356E-03,+91.6810606E-03
+7.6496250E-03,+10.6893570E-03,-47.3466060E-03,+91.6702018E-03
+7.6499187E-03,+11.6354505E-03,-47.5086530E-03,+91.6461453E-03
+7.6502125E-03,+10.4808945E-03,-47.3599707E-03,+91.6640206E-03
+7.6505062E-03,+9.7040482E-03,-47.3733354E-03,+91.6767170E-03
+7.6508000E-03,+8.8279690E-03,-47.3248884E-03,+91.6631853E-03
+7.6510937E-03,+7.5400367E-03,-47.4301354E-03,+91.6618488E-03
+7.6513875E-03,+7.7429862E-03,-47.3248884E-03,+91.6666935E-03
+7.6516812E-03,+8.7245463E-03,-47.4952883E-03,+91.6539971E-03
+7.6519750E-03,+9.8239362E-03,-47.3867001E-03,+91.6631853E-03
+7.6522687E-03,+10.7947644E-03,-47.1461356E-03,+91.6618488E-03
+7.6525625E-03,+11.1625876E-03,-47.2597355E-03,+91.6666935E-03
+7.6528562E-03,+10.2085187E-03,-47.2163003E-03,+91.6518253E-03
+7.6531500E-03,+9.3552263E-03,-47.1895709E-03,+91.6596771E-03
+7.6534437E-03,+7.6769413E-03,-47.4167707E-03,+91.6653571E-03
+7.6537375E-03,+7.1271912E-03,-47.3733354E-03,+91.6697006E-03
+7.6540312E-03,+8.1324936E-03,-47.3248884E-03,+91.6767170E-03
+7.6543250E-03,+9.9992108E-03,-47.4084178E-03,+91.6675288E-03
+7.6546187E-03,+11.3402879E-03,-47.1812179E-03,+91.6645218E-03
+7.6549125E-03,+11.3553198E-03,-47.2463708E-03,+91.6461453E-03
+7.6552062E-03,+10.5917046E-03,-47.3299002E-03,+91.6553335E-03
+7.6555000E-03,+9.4739750E-03,-47.1895709E-03,+91.6496535E-03
+7.6557937E-03,+8.6549363E-03,-47.4167707E-03,+91.6496535E-03
+7.6560875E-03,+8.3046810E-03,-47.4384883E-03,+91.6496535E-03
+7.6563812E-03,+8.6872421E-03,-47.3432649E-03,+91.6626841E-03
+7.6566750E-03,+10.5802376E-03,-47.0108181E-03,+91.6880770E-03
+7.6569687E-03,+11.7716568E-03,-47.2246532E-03,+91.6675288E-03
+7.6572625E-03,+12.4853984E-03,-47.3165355E-03,+91.6666935E-03
+7.6575562E-03,+11.5331304E-03,-47.1294297E-03,+91.6583406E-03
+7.6578500E-03,+9.7914466E-03,-46.8972181E-03,+91.6723735E-03
+7.6581437E-03,+7.4210307E-03,-47.2463708E-03,+91.6496535E-03
+7.6584375E-03,+7.1065361E-03,-47.4167707E-03,+91.6518253E-03
+7.6587312E-03,+7.7171490E-03,-47.3299002E-03,+91.6596771E-03
+7.6590250E-03,+8.8075711E-03,-47.1895709E-03,+91.6631853E-03
+7.6593187E-03,+10.3862558E-03,-47.3081825E-03,+91.6553335E-03
+7.6596125E-03,+10.9290228E-03,-47.0893356E-03,+91.6518253E-03
+7.6599062E-03,+9.7089363E-03,-47.3466060E-03,+91.6618488E-03
+7.6602000E-03,+8.4674597E-03,-47.4435001E-03,+91.6775523E-03
+7.6604937E-03,+6.6165830E-03,-47.1895709E-03,+91.6823970E-03
+7.6607875E-03,+6.0895829E-03,-47.3733354E-03,+91.6631853E-03
+7.6610812E-03,+7.5613901E-03,-47.2597355E-03,+91.6553335E-03
+7.6613750E-03,+8.8428907E-03,-47.2814531E-03,+91.6474818E-03
+7.6616687E-03,+10.9695612E-03,-47.3382531E-03,+91.6504888E-03
+7.6619625E-03,+12.0799035E-03,-47.3816884E-03,+91.6732088E-03
+7.6622562E-03,+12.8230107E-03,-47.4084178E-03,+91.6710371E-03
+7.6625500E-03,+11.3176849E-03,-47.1377827E-03,+91.6631853E-03
+7.6628437E-03,+9.8907163E-03,-47.0676180E-03,+91.6640206E-03
+7.6631375E-03,+8.3604352E-03,-47.2029356E-03,+91.6788888E-03
+7.6634312E-03,+8.2391138E-03,-47.2163003E-03,+91.6666935E-03
+7.6637250E-03,+10.2514828E-03,-47.1244180E-03,+91.6561688E-03
+7.6640187E-03,+11.0056894E-03,-47.2463708E-03,+91.6666935E-03
+7.6643125E-03,+11.5659508E-03,-47.3516178E-03,+91.6539971E-03
+7.6646062E-03,+11.3567532E-03,-47.2029356E-03,+91.6588418E-03
+7.6649000E-03,+9.4411546E-03,-47.2380179E-03,+91.6461453E-03
+7.6651937E-03,+7.6676428E-03,-47.2463708E-03,+91.6531618E-03
+7.6654875E-03,+7.3635492E-03,-47.3950531E-03,+91.6504888E-03
+7.6657812E-03,+7.3344409E-03,-47.2513826E-03,+91.6710371E-03
+7.6660750E-03,+8.9553546E-03,-47.0024651E-03,+91.6653571E-03
+7.6663687E-03,+10.9199081E-03,-47.0542533E-03,+91.6610135E-03
+7.6666625E-03,+11.7458195E-03,-47.3599707E-03,+91.6583406E-03
+7.6669562E-03,+11.8549389E-03,-47.2864649E-03,+91.6767170E-03
+7.6672500E-03,+10.6785885E-03,-47.0542533E-03,+91.6675288E-03
+7.6675437E-03,+9.0654296E-03,-47.2948178E-03,+91.6623500E-03
+7.6678375E-03,+7.8783840E-03,-47.2463708E-03,+91.6448088E-03
+7.6681312E-03,+7.6903193E-03,-47.3516178E-03,+91.6732088E-03
+7.6684250E-03,+9.7331565E-03,-47.1812179E-03,+91.6732088E-03
+7.6687187E-03,+11.1450564E-03,-47.2246532E-03,+91.6732088E-03
+7.6690125E-03,+11.7427690E-03,-47.2731002E-03,+91.6688653E-03
+7.6693062E-03,+11.4187186E-03,-47.1678532E-03,+91.6618488E-03
+7.6696000E-03,+10.4347696E-03,-47.3165355E-03,+91.6688653E-03
+7.6698937E-03,+9.3380994E-03,-47.2163003E-03,+91.6575053E-03
+7.6701875E-03,+8.0368258E-03,-47.1461356E-03,+91.6661924E-03
+7.6704812E-03,+7.3376751E-03,-47.2380179E-03,+91.6823970E-03
+7.6707750E-03,+7.8509663E-03,-47.2029356E-03,+91.6653571E-03
+7.6710687E-03,+9.3212666E-03,-47.2380179E-03,+91.6675288E-03
+7.6713625E-03,+10.6717156E-03,-47.1160650E-03,+91.6710371E-03
+7.6716562E-03,+11.4041277E-03,-46.9673828E-03,+91.6631853E-03
+7.6719500E-03,+11.0285864E-03,-47.0459004E-03,+91.6596771E-03
+7.6722437E-03,+9.7705710E-03,-47.0809827E-03,+91.6653571E-03
+7.6725375E-03,+8.3581565E-03,-47.0459004E-03,+91.6675288E-03
+7.6728312E-03,+7.8347215E-03,-47.1027003E-03,+91.6688653E-03
+7.6731250E-03,+8.2710889E-03,-47.1461356E-03,+91.6575053E-03
+7.6734187E-03,+8.9697250E-03,-47.2163003E-03,+91.6596771E-03
+7.6737125E-03,+10.0567291E-03,-47.1461356E-03,+91.6610135E-03
+7.6740062E-03,+10.2625455E-03,-47.2380179E-03,+91.6539971E-03
+7.6743000E-03,+9.9955723E-03,-47.2463708E-03,+91.6697006E-03
+7.6745937E-03,+8.9263198E-03,-47.3950531E-03,+91.6788888E-03
+7.6748875E-03,+7.8751865E-03,-47.2948178E-03,+91.6666935E-03
+7.6751812E-03,+7.2070920E-03,-47.1812179E-03,+91.6539971E-03
+7.6754750E-03,+7.9996686E-03,-47.2463708E-03,+91.6675288E-03
+7.6757687E-03,+9.4531360E-03,-47.3733354E-03,+91.6710371E-03
+7.6760625E-03,+10.9014581E-03,-47.2163003E-03,+91.6610135E-03
+7.6763562E-03,+11.2587332E-03,-47.0809827E-03,+91.6539971E-03
+7.6766500E-03,+11.4397780E-03,-47.0676180E-03,+91.6631853E-03
+7.6769437E-03,+10.0065614E-03,-47.1595003E-03,+91.6618488E-03
+7.6772375E-03,+8.7848579E-03,-47.1027003E-03,+91.6666935E-03
+7.6775312E-03,+7.2103998E-03,-47.1678532E-03,+91.6539971E-03
+7.6778250E-03,+7.6272881E-03,-47.3382531E-03,+91.6697006E-03
+7.6781187E-03,+8.5114529E-03,-47.2513826E-03,+91.6745453E-03
+7.6784125E-03,+9.6296971E-03,-47.0241828E-03,+91.6618488E-03
+7.6787062E-03,+10.3325230E-03,-47.0459004E-03,+91.6732088E-03
+7.6790000E-03,+11.6524304E-03,-47.1678532E-03,+91.6666935E-03
+7.6792937E-03,+10.6698045E-03,-47.3599707E-03,+91.6539971E-03
+7.6795875E-03,+10.1096901E-03,-47.3733354E-03,+91.6675288E-03
+7.6798812E-03,+8.8655305E-03,-47.3248884E-03,+91.6732088E-03
+7.6801750E-03,+8.6189552E-03,-47.4084178E-03,+91.6775523E-03
+7.6804687E-03,+10.0996933E-03,-47.1595003E-03,+91.6780535E-03
+7.6807625E-03,+10.9758092E-03,-47.1244180E-03,+91.6539971E-03
+7.6810562E-03,+11.5502205E-03,-47.2246532E-03,+91.6610135E-03
+7.6813500E-03,+11.8327402E-03,-47.3599707E-03,+91.6561688E-03
+7.6816437E-03,+10.8605521E-03,-47.3950531E-03,+91.6688653E-03
+7.6819375E-03,+9.6695005E-03,-47.3599707E-03,+91.6596771E-03
+7.6822312E-03,+7.9818434E-03,-47.3950531E-03,+91.6631853E-03
+7.6825250E-03,+7.4996085E-03,-47.3165355E-03,+91.6596771E-03
+7.6828187E-03,+8.1495102E-03,-47.2380179E-03,+91.6631853E-03
+7.6831125E-03,+9.2678279E-03,-47.1377827E-03,+91.6596771E-03
+7.6834062E-03,+10.7772332E-03,-47.0459004E-03,+91.6697006E-03
+7.6837000E-03,+11.8909200E-03,-47.1461356E-03,+91.6767170E-03
+7.6839937E-03,+11.1810008E-03,-47.2597355E-03,+91.6631853E-03
+7.6842875E-03,+9.2375802E-03,-47.2380179E-03,+91.6531618E-03
+7.6845812E-03,+7.1703391E-03,-47.2246532E-03,+91.6374583E-03
+7.6848750E-03,+6.5912970E-03,-47.3816884E-03,+91.6369571E-03
+7.6851687E-03,+7.9556386E-03,-47.4084178E-03,+91.6718723E-03
+7.6854625E-03,+9.4007264E-03,-47.1812179E-03,+91.6802253E-03
+7.6857562E-03,+11.0524391E-03,-47.2246532E-03,+91.6661924E-03
+7.6860500E-03,+11.9812954E-03,-47.3599707E-03,+91.6802253E-03
+7.6863437E-03,+12.2245997E-03,-47.3950531E-03,+91.6596771E-03
+7.6866375E-03,+10.0143163E-03,-47.2513826E-03,+91.6653571E-03
+7.6869312E-03,+7.6991400E-03,-47.0676180E-03,+91.6610135E-03
+7.6872250E-03,+6.6237866E-03,-47.2029356E-03,+91.6561688E-03
+7.6875187E-03,+6.6789894E-03,-47.2597355E-03,+91.6732088E-03
+7.6878125E-03,+8.8710802E-03,-47.3031708E-03,+91.6753806E-03
+7.6881062E-03,+10.7883326E-03,-47.4167707E-03,+91.6767170E-03
+7.6884000E-03,+11.4952014E-03,-47.3950531E-03,+91.6675288E-03
+7.6886937E-03,+11.2277505E-03,-47.2731002E-03,+91.6688653E-03
+7.6889875E-03,+10.0794057E-03,-47.1678532E-03,+91.6553335E-03
+7.6892812E-03,+8.8297332E-03,-47.2948178E-03,+91.6561688E-03
+7.6895750E-03,+7.8675051E-03,-47.2029356E-03,+91.6710371E-03
+7.6898687E-03,+8.8265724E-03,-47.2814531E-03,+91.6631853E-03
+7.6901625E-03,+10.4395107E-03,-47.2948178E-03,+91.6575053E-03
+7.6904562E-03,+11.0637590E-03,-47.2246532E-03,+91.6640206E-03
+7.6907500E-03,+11.4571254E-03,-47.3816884E-03,+91.6723735E-03
+7.6910437E-03,+10.6894673E-03,-47.5387235E-03,+91.6518253E-03
+7.6913375E-03,+9.9283880E-03,-47.5003000E-03,+91.6596771E-03
+7.6916312E-03,+8.4867550E-03,-47.1895709E-03,+91.6718723E-03
+7.6919250E-03,+7.0969803E-03,-47.4384883E-03,+91.6802253E-03
+7.6922187E-03,+7.5337152E-03,-47.4518530E-03,+91.6575053E-03
+7.6925125E-03,+8.8255066E-03,-47.3165355E-03,+91.6596771E-03
+7.6928062E-03,+9.9926688E-03,-47.2380179E-03,+91.6566700E-03
+7.6931000E-03,+11.3864128E-03,-47.2246532E-03,+91.6426371E-03
+7.6933937E-03,+11.8350556E-03,-47.2731002E-03,+91.6631853E-03
+7.6936875E-03,+10.4256549E-03,-47.1895709E-03,+91.6640206E-03
+7.6939812E-03,+9.4069377E-03,-47.4167707E-03,+91.6810606E-03
+7.6942750E-03,+7.8648957E-03,-47.3950531E-03,+91.6745453E-03
+7.6945687E-03,+7.8722095E-03,-47.3382531E-03,+91.6553335E-03
+7.6948625E-03,+9.8491854E-03,-47.3816884E-03,+91.6583406E-03
+7.6951562E-03,+10.4174590E-03,-47.4735706E-03,+91.6745453E-03
+7.6954500E-03,+11.3213969E-03,-47.3516178E-03,+91.6575053E-03
+7.6957437E-03,+11.5114462E-03,-47.2029356E-03,+91.6596771E-03
+7.6960375E-03,+10.2865084E-03,-47.3466060E-03,+91.6631853E-03
+7.6963312E-03,+8.5533880E-03,-47.4869353E-03,+91.6596771E-03
+7.6966250E-03,+7.3541404E-03,-47.3031708E-03,+91.6675288E-03
+7.6969187E-03,+7.5304442E-03,-47.3733354E-03,+91.6688653E-03
+7.6972125E-03,+9.0977354E-03,-47.2814531E-03,+91.6618488E-03
+7.6975062E-03,+11.1500916E-03,-47.2731002E-03,+91.6710371E-03
+7.6978000E-03,+11.7942966E-03,-47.2547237E-03,+91.6718723E-03
+7.6980937E-03,+11.2065073E-03,-47.6740411E-03,+91.6845688E-03
+7.6983875E-03,+9.3848859E-03,-47.6439705E-03,+91.6688653E-03
+7.6986812E-03,+7.5168088E-03,-47.4602059E-03,+91.6553335E-03
+7.6989750E-03,+7.5081719E-03,-47.5303706E-03,+91.6561688E-03
+7.6992687E-03,+8.0179715E-03,-47.4167707E-03,+91.6688653E-03
+7.6995625E-03,+9.6082333E-03,-47.4602059E-03,+91.6596771E-03
+7.6998562E-03,+10.1112337E-03,-47.5303706E-03,+91.6588418E-03
+7.7001500E-03,+10.7068882E-03,-47.4384883E-03,+91.6504888E-03
+7.7004437E-03,+10.7850249E-03,-47.4735706E-03,+91.6666935E-03
+7.7007375E-03,+9.6159515E-03,-47.3950531E-03,+91.6474818E-03
+7.7010312E-03,+8.3563556E-03,-47.2948178E-03,+91.6504888E-03
+7.7013250E-03,+6.9717264E-03,-47.1812179E-03,+91.6688653E-03
+7.7016187E-03,+8.1097068E-03,-47.2463708E-03,+91.6596771E-03
+7.7019125E-03,+9.3463688E-03,-47.3733354E-03,+91.6675288E-03
+7.7022062E-03,+9.8345578E-03,-47.3031708E-03,+91.6732088E-03
+7.7025000E-03,+10.7378341E-03,-47.3950531E-03,+91.6732088E-03
+7.7027937E-03,+12.0072798E-03,-47.2948178E-03,+91.6710371E-03
+7.7030875E-03,+11.4716428E-03,-47.2680884E-03,+91.6675288E-03
+7.7033812E-03,+9.1680805E-03,-47.4735706E-03,+91.6732088E-03
+7.7036750E-03,+7.4940955E-03,-47.4602059E-03,+91.6732088E-03
+7.7039687E-03,+7.9885325E-03,-47.4869353E-03,+91.6710371E-03
+7.7042625E-03,+9.5501270E-03,-47.3031708E-03,+91.6610135E-03
+7.7045562E-03,+9.8060375E-03,-47.4384883E-03,+91.6539971E-03
+7.7048500E-03,+10.9036265E-03,-47.4952883E-03,+91.6610135E-03
+7.7051437E-03,+10.8881535E-03,-47.4735706E-03,+91.6518253E-03
+7.7054375E-03,+10.3776556E-03,-47.3950531E-03,+91.6596771E-03
+7.7057312E-03,+8.7046997E-03,-47.3382531E-03,+91.6675288E-03
+7.7060250E-03,+7.0336183E-03,-47.4251236E-03,+91.6710371E-03
+7.7063187E-03,+6.9477267E-03,-47.5871706E-03,+91.6718723E-03
+7.7066125E-03,+8.1573386E-03,-47.4167707E-03,+91.6823970E-03
+7.7069062E-03,+8.9622274E-03,-47.3733354E-03,+91.6631853E-03
+7.7072000E-03,+10.7367683E-03,-47.2814531E-03,+91.6640206E-03
+7.7074937E-03,+11.2273829E-03,-47.3816884E-03,+91.6788888E-03
+7.7077875E-03,+10.4790936E-03,-47.4518530E-03,+91.6732088E-03
+7.7080812E-03,+8.9602795E-03,-47.3382531E-03,+91.6666935E-03
+7.7083750E-03,+8.0474842E-03,-47.2731002E-03,+91.6561688E-03
+7.7086687E-03,+7.5906822E-03,-47.1461356E-03,+91.6710371E-03
+7.7089625E-03,+8.7053245E-03,-47.2814531E-03,+91.6675288E-03
+7.7092562E-03,+9.4329955E-03,-47.3382531E-03,+91.6753806E-03
+7.7095500E-03,+10.3163517E-03,-47.2948178E-03,+91.6767170E-03
+7.7098437E-03,+11.3388545E-03,-47.2246532E-03,+91.6653571E-03
+7.7101375E-03,+11.2209144E-03,-47.3599707E-03,+91.6653571E-03
+7.7104312E-03,+10.8409996E-03,-47.3950531E-03,+91.6653571E-03
+7.7107250E-03,+8.6733863E-03,-47.3599707E-03,+91.6653571E-03
+7.7110187E-03,+7.5895428E-03,-47.4602059E-03,+91.6631853E-03
+7.7113125E-03,+7.7933377E-03,-47.5303706E-03,+91.6618488E-03
+7.7116062E-03,+9.0329400E-03,-47.4167707E-03,+91.6710371E-03
+7.7119000E-03,+10.3635425E-03,-47.4819236E-03,+91.6631853E-03
+7.7121937E-03,+10.7559533E-03,-47.5654529E-03,+91.6575053E-03
+7.7124875E-03,+10.6347790E-03,-47.3165355E-03,+91.6553335E-03
+7.7127812E-03,+10.7372461E-03,-47.2814531E-03,+91.6496535E-03
+7.7130750E-03,+9.8336757E-03,-47.3816884E-03,+91.6539971E-03
+7.7133687E-03,+8.5461109E-03,-47.4735706E-03,+91.6631853E-03
+7.7136625E-03,+8.4037669E-03,-47.4819236E-03,+91.6553335E-03
+7.7139562E-03,+9.3678325E-03,-47.6088882E-03,+91.6518253E-03
+7.7142500E-03,+10.3902618E-03,-47.4084178E-03,+91.6596771E-03
+7.7145437E-03,+10.6994273E-03,-47.2246532E-03,+91.6610135E-03
+7.7148375E-03,+10.5933584E-03,-47.4251236E-03,+91.6453100E-03
+7.7151312E-03,+10.5982833E-03,-47.5654529E-03,+91.6404653E-03
+7.7154250E-03,+9.3357473E-03,-47.3816884E-03,+91.6575053E-03
+7.7157187E-03,+8.1682542E-03,-47.4735706E-03,+91.6596771E-03
+7.7160125E-03,+8.2926261E-03,-47.3950531E-03,+91.6653571E-03
+7.7163062E-03,+8.9734003E-03,-47.3599707E-03,+91.6610135E-03
+7.7166000E-03,+10.1748530E-03,-47.4602059E-03,+91.6539971E-03
+7.7168937E-03,+11.0902946E-03,-47.4869353E-03,+91.6675288E-03
+7.7171875E-03,+10.8867937E-03,-47.3031708E-03,+91.6732088E-03
+7.7174812E-03,+9.2960909E-03,-47.4167707E-03,+91.6732088E-03
+7.7177750E-03,+7.7216328E-03,-47.4167707E-03,+91.6710371E-03
+7.7180687E-03,+7.5115532E-03,-47.4384883E-03,+91.6610135E-03
+7.7183625E-03,+7.4376063E-03,-47.5387235E-03,+91.6474818E-03
+7.7186562E-03,+8.0898970E-03,-47.6088882E-03,+91.6461453E-03
+7.7189500E-03,+9.9436037E-03,-47.4952883E-03,+91.6575053E-03
+7.7192437E-03,+10.5356931E-03,-47.4735706E-03,+91.6618488E-03
+7.7195375E-03,+11.3489983E-03,-47.4819236E-03,+91.6666935E-03
+7.7198312E-03,+10.4079400E-03,-47.5654529E-03,+91.6539971E-03
+7.7201250E-03,+9.3765430E-03,-47.4468413E-03,+91.6631853E-03
+7.7204187E-03,+8.6422198E-03,-47.6656881E-03,+91.6596771E-03
+7.7207125E-03,+8.9464236E-03,-47.4518530E-03,+91.6610135E-03
+7.7210062E-03,+8.6108328E-03,-47.3599707E-03,+91.6561688E-03
+7.7213000E-03,+9.7964082E-03,-47.4384883E-03,+91.6666935E-03
+7.7215937E-03,+11.3280492E-03,-47.5170059E-03,+91.6583406E-03
+7.7218875E-03,+11.8472576E-03,-47.4869353E-03,+91.6788888E-03
+7.7221812E-03,+11.7519940E-03,-47.3031708E-03,+91.6688653E-03
+7.7224750E-03,+9.7237845E-03,-47.4384883E-03,+91.6618488E-03
+7.7227687E-03,+8.3054528E-03,-47.4518530E-03,+91.6666935E-03
+7.7230625E-03,+7.8121552E-03,-47.3382531E-03,+91.6539971E-03
+7.7233562E-03,+7.3877693E-03,-47.3816884E-03,+91.6653571E-03
+7.7236500E-03,+8.3849126E-03,-47.5387235E-03,+91.6588418E-03
+7.7239437E-03,+10.4517862E-03,-47.6306058E-03,+91.6461453E-03
+7.7242375E-03,+11.4576767E-03,-47.5303706E-03,+91.6618488E-03
+7.7245312E-03,+11.4899825E-03,-47.3733354E-03,+91.6645218E-03
+7.7248250E-03,+10.2969830E-03,-47.3031708E-03,+91.6418018E-03
+7.7251187E-03,+8.3208156E-03,-47.3950531E-03,+91.6483171E-03
+7.7254125E-03,+7.5269159E-03,-47.3599707E-03,+91.6631853E-03
+7.7257062E-03,+6.9366641E-03,-47.3950531E-03,+91.6553335E-03
+7.7260000E-03,+8.1415348E-03,-47.4251236E-03,+91.6518253E-03
+7.7262937E-03,+10.6124699E-03,-47.5871706E-03,+91.6596771E-03
+7.7265875E-03,+11.1795306E-03,-47.3733354E-03,+91.6610135E-03
+7.7268812E-03,+11.4382712E-03,-47.3466060E-03,+91.6539971E-03
+7.7271750E-03,+10.8178452E-03,-47.4435001E-03,+91.6631853E-03
+7.7274687E-03,+9.5001430E-03,-47.2112885E-03,+91.6575053E-03
+7.7277625E-03,+8.2385993E-03,-47.4518530E-03,+91.6488182E-03
+7.7280562E-03,+8.1057743E-03,-47.3599707E-03,+91.6326136E-03
+7.7283500E-03,+8.7616667E-03,-47.3950531E-03,+91.6496535E-03
+7.7286437E-03,+10.0083991E-03,-47.3816884E-03,+91.6518253E-03
+7.7289375E-03,+10.7971901E-03,-47.5387235E-03,+91.6618488E-03
+7.7292312E-03,+10.7793282E-03,-47.6088882E-03,+91.6710371E-03
+7.7295250E-03,+10.1958389E-03,-47.5170059E-03,+91.6653571E-03
+7.7298187E-03,+9.0259570E-03,-47.5738059E-03,+91.6588418E-03
+7.7301125E-03,+8.1634396E-03,-47.5738059E-03,+91.6439735E-03
+7.7304062E-03,+8.3226532E-03,-47.5086530E-03,+91.6453100E-03
+7.7307000E-03,+8.9107366E-03,-47.3382531E-03,+91.6426371E-03
+7.7309937E-03,+9.7719676E-03,-47.3382531E-03,+91.6653571E-03
+7.7312875E-03,+11.0438021E-03,-47.4034060E-03,+91.6653571E-03
+7.7315812E-03,+11.6816857E-03,-47.5520882E-03,+91.6631853E-03
+7.7318750E-03,+11.2805644E-03,-47.5170059E-03,+91.6509900E-03
+7.7321687E-03,+9.6503890E-03,-47.5520882E-03,+91.6404653E-03
+7.7324625E-03,+8.2346300E-03,-47.4952883E-03,+91.6618488E-03
+7.7327562E-03,+7.7194276E-03,-47.4301354E-03,+91.6666935E-03
+7.7330500E-03,+7.8029670E-03,-47.3031708E-03,+91.6539971E-03
+7.7333437E-03,+9.3186571E-03,-47.4384883E-03,+91.6610135E-03
+7.7336375E-03,+10.8593760E-03,-47.4518530E-03,+91.6583406E-03
+7.7339312E-03,+11.3581498E-03,-47.2296650E-03,+91.6767170E-03
+7.7342250E-03,+10.7023308E-03,-47.0976886E-03,+91.6566700E-03
+7.7345187E-03,+9.4417059E-03,-47.4301354E-03,+91.6361218E-03
+7.7348125E-03,+8.1346253E-03,-47.2597355E-03,+91.6483171E-03
+7.7351062E-03,+7.0989282E-03,-47.2814531E-03,+91.6631853E-03
+7.7354000E-03,+7.9630994E-03,-47.4251236E-03,+91.6553335E-03
+7.7356937E-03,+9.3536091E-03,-47.5220177E-03,+91.6561688E-03
+7.7359875E-03,+11.4203357E-03,-47.2463708E-03,+91.6732088E-03
+7.7362812E-03,+11.8091448E-03,-47.4384883E-03,+91.6666935E-03
+7.7365750E-03,+11.8917286E-03,-47.4518530E-03,+91.6539971E-03
+7.7368687E-03,+10.1813215E-03,-47.4034060E-03,+91.6588418E-03
+7.7371625E-03,+8.6184774E-03,-47.5520882E-03,+91.6461453E-03
+7.7374562E-03,+7.6897680E-03,-47.4735706E-03,+91.6531618E-03
+7.7377500E-03,+7.8295394E-03,-47.3950531E-03,+91.6461453E-03
+7.7380437E-03,+8.8403547E-03,-47.3816884E-03,+91.6575053E-03
+7.7383375E-03,+9.9312914E-03,-47.4952883E-03,+91.6553335E-03
+7.7386312E-03,+11.4668282E-03,-47.4518530E-03,+91.6496535E-03
+7.7389250E-03,+10.8290181E-03,-47.3382531E-03,+91.6583406E-03
+7.7392187E-03,+9.7807883E-03,-47.4685589E-03,+91.6767170E-03
+7.7395125E-03,+8.0373771E-03,-47.7007705E-03,+91.6653571E-03
+7.7398062E-03,+7.9824315E-03,-47.5036412E-03,+91.6588418E-03
+7.7401000E-03,+7.9220832E-03,-47.6222529E-03,+91.6418018E-03
+7.7403937E-03,+9.0915609E-03,-47.3382531E-03,+91.6483171E-03
+7.7406875E-03,+10.4292567E-03,-47.3382531E-03,+91.6675288E-03
+7.7409812E-03,+12.1309901E-03,-47.3816884E-03,+91.6688653E-03
+7.7412750E-03,+12.1388552E-03,-47.4735706E-03,+91.6553335E-03
+7.7415687E-03,+10.8046509E-03,-47.3516178E-03,+91.6518253E-03
+7.7418625E-03,+9.5930912E-03,-47.2029356E-03,+91.6596771E-03
+7.7421562E-03,+8.5688610E-03,-47.3248884E-03,+91.6610135E-03
+7.7424500E-03,+8.5544906E-03,-47.4735706E-03,+91.6561688E-03
+7.7427437E-03,+9.0169157E-03,-47.4384883E-03,+91.6732088E-03
+7.7430375E-03,+9.6812614E-03,-47.4301354E-03,+91.6732088E-03
+7.7433312E-03,+10.8186170E-03,-47.3248884E-03,+91.6666935E-03
+7.7436250E-03,+10.9267809E-03,-47.4735706E-03,+91.6518253E-03
+7.7439187E-03,+10.3883507E-03,-47.5253588E-03,+91.6553335E-03
+7.7442125E-03,+9.3758079E-03,-47.7224881E-03,+91.6518253E-03
+7.7445062E-03,+8.0761147E-03,-47.4518530E-03,+91.6618488E-03
+7.7448000E-03,+8.0994160E-03,-47.3599707E-03,+91.6666935E-03
+7.7450937E-03,+8.1099641E-03,-47.4819236E-03,+91.6496535E-03
+7.7453875E-03,+9.6066897E-03,-47.6306058E-03,+91.6539971E-03
+7.7456812E-03,+10.8762824E-03,-47.5520882E-03,+91.6697006E-03
+7.7459750E-03,+10.9318160E-03,-47.5604412E-03,+91.6680300E-03
+7.7462687E-03,+9.7962613E-03,-47.6222529E-03,+91.6382935E-03
+7.7465625E-03,+8.9818902E-03,-47.3165355E-03,+91.6496535E-03
+7.7468562E-03,+8.0403908E-03,-47.2814531E-03,+91.6496535E-03
+7.7471500E-03,+8.0515270E-03,-47.3816884E-03,+91.6496535E-03
+7.7474437E-03,+8.2585929E-03,-47.4518530E-03,+91.6518253E-03
+7.7477375E-03,+9.7380814E-03,-47.3165355E-03,+91.6596771E-03
+7.7480312E-03,+11.5964924E-03,-47.2163003E-03,+91.6610135E-03
+7.7483250E-03,+12.2870429E-03,-47.1027003E-03,+91.6539971E-03
+7.7486187E-03,+10.2309380E-03,-47.1027003E-03,+91.6566700E-03
+7.7489125E-03,+9.1419124E-03,-47.1461356E-03,+91.6404653E-03
+7.7492062E-03,+8.0670367E-03,-47.3683237E-03,+91.6618488E-03
+7.7495000E-03,+7.6774191E-03,-47.5437353E-03,+91.6688653E-03
+7.7497937E-03,+7.7279175E-03,-47.2597355E-03,+91.6575053E-03
+7.7500875E-03,+9.5287000E-03,-47.2597355E-03,+91.6531618E-03
+7.7503812E-03,+10.7557328E-03,-47.3466060E-03,+91.6504888E-03
+7.7506750E-03,+11.1947464E-03,-47.5086530E-03,+91.6645218E-03
+7.7509687E-03,+10.3026061E-03,-47.4034060E-03,+91.6461453E-03
+7.7512625E-03,+9.3371439E-03,-47.5303706E-03,+91.6596771E-03
+7.7515562E-03,+8.4597416E-03,-47.4167707E-03,+91.6631853E-03
+7.7518500E-03,+7.6320660E-03,-47.3950531E-03,+91.6531618E-03
+7.7521437E-03,+7.8643811E-03,-47.4034060E-03,+91.6439735E-03
+7.7524375E-03,+8.9342952E-03,-47.6172411E-03,+91.6518253E-03
+7.7527312E-03,+11.0894860E-03,-47.6874058E-03,+91.6575053E-03
+7.7530250E-03,+12.3532349E-03,-47.5086530E-03,+91.6640206E-03
+7.7533187E-03,+11.8686110E-03,-47.3599707E-03,+91.6702018E-03
+7.7536125E-03,+10.0473204E-03,-47.4167707E-03,+91.6483171E-03
+7.7539062E-03,+8.2189365E-03,-47.3950531E-03,+91.6631853E-03
+7.7542000E-03,+7.2398021E-03,-47.3382531E-03,+91.6575053E-03
+7.7544937E-03,+7.2375234E-03,-47.3816884E-03,+91.6575053E-03
+7.7547875E-03,+8.6231450E-03,-47.4518530E-03,+91.6618488E-03
+7.7550812E-03,+10.2558197E-03,-47.4034060E-03,+91.6688653E-03
+7.7553750E-03,+11.7608147E-03,-47.5738059E-03,+91.6575053E-03
+7.7556687E-03,+11.8955877E-03,-47.4869353E-03,+91.6661924E-03
+7.7559625E-03,+10.9390196E-03,-47.3248884E-03,+91.6802253E-03
+7.7562562E-03,+9.1181700E-03,-47.4952883E-03,+91.6575053E-03
+7.7565500E-03,+7.8325531E-03,-47.4301354E-03,+91.6575053E-03
+7.7568437E-03,+7.6946929E-03,-47.3248884E-03,+91.6575053E-03
+7.7571375E-03,+8.9853450E-03,-47.5170059E-03,+91.6531618E-03
+7.7574312E-03,+10.9288390E-03,-47.4869353E-03,+91.6461453E-03
+7.7577250E-03,+11.2645034E-03,-47.3466060E-03,+91.6575053E-03
+7.7580187E-03,+11.5904650E-03,-47.4652177E-03,+91.6575053E-03
+7.7583125E-03,+10.1765069E-03,-47.2246532E-03,+91.6618488E-03
+7.7586062E-03,+8.2731838E-03,-47.3599707E-03,+91.6753806E-03
+7.7589000E-03,+7.3824402E-03,-47.4384883E-03,+91.6723735E-03
+7.7591937E-03,+7.4392969E-03,-47.4735706E-03,+91.6539971E-03
+7.7594875E-03,+8.4487524E-03,-47.4819236E-03,+91.6610135E-03
+7.7597812E-03,+10.3146611E-03,-47.6088882E-03,+91.6539971E-03
+7.7600750E-03,+11.1505326E-03,-47.4952883E-03,+91.6588418E-03
+7.7603687E-03,+11.2291838E-03,-47.5387235E-03,+91.6483171E-03
+7.7606625E-03,+10.4020963E-03,-47.6088882E-03,+91.6631853E-03
+7.7609562E-03,+8.9560897E-03,-47.4301354E-03,+91.6596771E-03
+7.7612500E-03,+7.2058057E-03,-47.3031708E-03,+91.6631853E-03
+7.7615437E-03,+6.7129123E-03,-47.4167707E-03,+91.6531618E-03
+7.7618375E-03,+8.2864148E-03,-47.4602059E-03,+91.6483171E-03
+7.7621312E-03,+10.0422485E-03,-47.5520882E-03,+91.6610135E-03
+7.7624250E-03,+12.0262443E-03,-47.5387235E-03,+91.6539971E-03
+7.7627187E-03,+12.0992723E-03,-47.5003000E-03,+91.6610135E-03
+7.7630125E-03,+11.1477026E-03,-47.1244180E-03,+91.6518253E-03
+7.7633062E-03,+9.2455556E-03,-47.2246532E-03,+91.6553335E-03
+7.7636000E-03,+7.2737618E-03,-47.3599707E-03,+91.6518253E-03
+7.7638937E-03,+6.5727367E-03,-47.5036412E-03,+91.6531618E-03
+7.7641875E-03,+7.8611101E-03,-47.7525587E-03,+91.6439735E-03
+7.7644812E-03,+9.7276803E-03,-47.7659234E-03,+91.6431383E-03
+7.7647750E-03,+11.5238687E-03,-47.6306058E-03,+91.6326136E-03
+7.7650687E-03,+11.7267448E-03,-47.5520882E-03,+91.6539971E-03
+7.7653625E-03,+10.4745730E-03,-47.5170059E-03,+91.6697006E-03
+7.7656562E-03,+8.7128957E-03,-47.5520882E-03,+91.6810606E-03
+7.7659500E-03,+6.5248477E-03,-47.4518530E-03,+91.6745453E-03
+7.7662437E-03,+6.3216776E-03,-47.4034060E-03,+91.6575053E-03
+7.7665375E-03,+7.5087599E-03,-47.6172411E-03,+91.6553335E-03
+7.7668312E-03,+9.7219468E-03,-47.6005353E-03,+91.6518253E-03
+7.7671250E-03,+11.6005720E-03,-47.3031708E-03,+91.6509900E-03
+7.7674187E-03,+11.9022767E-03,-47.4167707E-03,+91.6317783E-03
+7.7677125E-03,+10.6505460E-03,-47.3950531E-03,+91.6326136E-03
+7.7680062E-03,+9.2245697E-03,-47.3165355E-03,+91.6518253E-03
+7.7683000E-03,+7.7827529E-03,-47.3248884E-03,+91.6575053E-03
+7.7685937E-03,+7.5806486E-03,-47.4518530E-03,+91.6596771E-03
+7.7688875E-03,+8.9521938E-03,-47.3816884E-03,+91.6675288E-03
+7.7691812E-03,+10.3021651E-03,-47.5387235E-03,+91.6688653E-03
+7.7694750E-03,+12.3928546E-03,-47.5654529E-03,+91.6575053E-03
+7.7697687E-03,+12.0207681E-03,-47.3599707E-03,+91.6575053E-03
+7.7700625E-03,+11.2862611E-03,-47.4602059E-03,+91.6575053E-03
+7.7703562E-03,+9.9651042E-03,-47.4652177E-03,+91.6553335E-03
+7.7706500E-03,+7.8684607E-03,-47.1595003E-03,+91.6561688E-03
+7.7709437E-03,+7.3393658E-03,-47.2330061E-03,+91.6710371E-03
+7.7712375E-03,+7.5385665E-03,-47.5520882E-03,+91.6631853E-03
+7.7715312E-03,+9.2162268E-03,-47.4301354E-03,+91.6618488E-03
+7.7718250E-03,+10.4610847E-03,-47.3031708E-03,+91.6666935E-03
+7.7721187E-03,+11.0492783E-03,-47.4167707E-03,+91.6474818E-03
+7.7724125E-03,+11.2792781E-03,-47.4384883E-03,+91.6439735E-03
+7.7727062E-03,+9.9845832E-03,-47.4735706E-03,+91.6496535E-03
+7.7730000E-03,+7.7852521E-03,-47.4602059E-03,+91.6518253E-03
+7.7732937E-03,+6.3969108E-03,-47.4869353E-03,+91.6575053E-03
+7.7735875E-03,+7.5355896E-03,-47.3031708E-03,+91.6531618E-03
+7.7738812E-03,+8.3421322E-03,-47.4384883E-03,+91.6418018E-03
+7.7741750E-03,+9.8899444E-03,-47.4518530E-03,+91.6439735E-03
+7.7744687E-03,+10.8853236E-03,-47.3165355E-03,+91.6539971E-03
+7.7747625E-03,+10.6818227E-03,-47.2814531E-03,+91.6610135E-03
+7.7750562E-03,+10.6178726E-03,-47.3165355E-03,+91.6431383E-03
+7.7753500E-03,+9.1894339E-03,-47.3466060E-03,+91.6304418E-03
+7.7756437E-03,+8.4103089E-03,-47.5086530E-03,+91.6439735E-03
+7.7759375E-03,+8.5981163E-03,-47.3382531E-03,+91.6496535E-03
+7.7762312E-03,+10.1453404E-03,-47.3599707E-03,+91.6496535E-03
+7.7765250E-03,+11.2087859E-03,-47.4167707E-03,+91.6518253E-03
+7.7768187E-03,+12.4456317E-03,-47.4819236E-03,+91.6618488E-03
+7.7771125E-03,+12.0473037E-03,-47.5871706E-03,+91.6732088E-03
+7.7774062E-03,+10.5806787E-03,-47.4167707E-03,+91.6688653E-03
+7.7777000E-03,+8.6577663E-03,-47.3733354E-03,+91.6618488E-03
+7.7779937E-03,+7.2663745E-03,-47.1945826E-03,+91.6710371E-03
+7.7782875E-03,+6.9203458E-03,-47.0024651E-03,+91.6718723E-03
+7.7785812E-03,+8.2032797E-03,-47.0542533E-03,+91.6823970E-03
+7.7788750E-03,+9.5787575E-03,-47.4251236E-03,+91.6653571E-03
+7.7791687E-03,+11.0568494E-03,-47.5871706E-03,+91.6610135E-03
+7.7794625E-03,+11.0444637E-03,-47.4167707E-03,+91.6453100E-03
+7.7797562E-03,+10.6078391E-03,-47.3950531E-03,+91.6382935E-03
+7.7800500E-03,+9.1677130E-03,-47.2948178E-03,+91.6518253E-03
+7.7803437E-03,+7.2773636E-03,-47.3115237E-03,+91.6575053E-03
+7.7806375E-03,+7.0564786E-03,-47.5871706E-03,+91.6553335E-03
+7.7809312E-03,+8.1340740E-03,-47.2864649E-03,+91.6518253E-03
+7.7812250E-03,+9.7237477E-03,-47.0542533E-03,+91.6575053E-03
+7.7815187E-03,+11.7415562E-03,-47.3382531E-03,+91.6531618E-03
+7.7818125E-03,+11.6255272E-03,-47.3382531E-03,+91.6461453E-03
+7.7821062E-03,+10.9569183E-03,-47.3382531E-03,+91.6509900E-03
+7.7824000E-03,+9.9393404E-03,-47.4034060E-03,+91.6426371E-03
+7.7826937E-03,+8.1921069E-03,-47.5086530E-03,+91.6631853E-03
+7.7829875E-03,+6.3372976E-03,-47.3599707E-03,+91.6553335E-03
+7.7832812E-03,+7.0866895E-03,-47.4384883E-03,+91.6453100E-03
+7.7835750E-03,+8.6356777E-03,-47.4301354E-03,+91.6382935E-03
+7.7838687E-03,+10.9703698E-03,-47.2814531E-03,+91.6539971E-03
+7.7841625E-03,+11.4997220E-03,-47.3382531E-03,+91.6610135E-03
+7.7844562E-03,+11.3080188E-03,-47.3382531E-03,+91.6539971E-03
+7.7847500E-03,+9.5220110E-03,-47.3599707E-03,+91.6631853E-03
+7.7850437E-03,+8.0199195E-03,-47.3950531E-03,+91.6618488E-03
+7.7853375E-03,+6.8537495E-03,-47.3816884E-03,+91.6666935E-03
+7.7856312E-03,+7.3487745E-03,-47.4301354E-03,+91.6539971E-03
+7.7859250E-03,+9.0964858E-03,-47.3683237E-03,+91.6653571E-03
+7.7862187E-03,+11.3994968E-03,-47.6306058E-03,+91.6610135E-03
+7.7865125E-03,+12.8555737E-03,-47.6389588E-03,+91.6518253E-03
+7.7868062E-03,+12.4777906E-03,-47.6790528E-03,+91.6575053E-03
+7.7871000E-03,+10.3245476E-03,-47.4034060E-03,+91.6553335E-03
+7.7873937E-03,+8.5187668E-03,-47.5303706E-03,+91.6561688E-03
+7.7876875E-03,+6.9804736E-03,-47.3733354E-03,+91.6666935E-03
+7.7879812E-03,+6.7780385E-03,-47.3248884E-03,+91.6561688E-03
+7.7882750E-03,+8.9336336E-03,-47.4084178E-03,+91.6710371E-03
+7.7885687E-03,+11.3039392E-03,-47.2680884E-03,+91.6631853E-03
+7.7888625E-03,+11.8888986E-03,-47.4735706E-03,+91.6553335E-03
+7.7891562E-03,+11.5612832E-03,-47.3950531E-03,+91.6496535E-03
+7.7894500E-03,+9.3783806E-03,-47.4034060E-03,+91.6431383E-03
+7.7897437E-03,+7.7430230E-03,-47.5086530E-03,+91.6326136E-03
+7.7900375E-03,+7.0565888E-03,-47.3382531E-03,+91.6518253E-03
+7.7903312E-03,+7.7366648E-03,-47.3165355E-03,+91.6575053E-03
+7.7906250E-03,+8.7758534E-03,-47.2814531E-03,+91.6575053E-03
+7.7909187E-03,+10.9074856E-03,-47.3382531E-03,+91.6640206E-03
+7.7912125E-03,+12.0377847E-03,-47.2731002E-03,+91.6788888E-03
+7.7915062E-03,+10.8937400E-03,-47.1244180E-03,+91.6666935E-03
+7.7918000E-03,+9.0758307E-03,-47.2029356E-03,+91.6496535E-03
+7.7920937E-03,+7.7874940E-03,-47.2597355E-03,+91.6518253E-03
+7.7923875E-03,+7.0027458E-03,-47.2814531E-03,+91.6575053E-03
+7.7926812E-03,+7.6705463E-03,-47.2948178E-03,+91.6553335E-03
+7.7929750E-03,+9.4360827E-03,-47.2246532E-03,+91.6474818E-03
+7.7932687E-03,+10.7886634E-03,-47.3165355E-03,+91.6396300E-03
+7.7935625E-03,+11.2611589E-03,-47.2814531E-03,+91.6404653E-03
+7.7938562E-03,+11.0773943E-03,-47.2731002E-03,+91.6575053E-03
+7.7941500E-03,+9.5614837E-03,-47.1678532E-03,+91.6618488E-03
+7.7944437E-03,+8.3610968E-03,-47.2731002E-03,+91.6666935E-03
+7.7947375E-03,+7.2896023E-03,-47.1461356E-03,+91.6518253E-03
+7.7950312E-03,+7.2976880E-03,-47.2597355E-03,+91.6575053E-03
+7.7953250E-03,+8.4817933E-03,-47.2597355E-03,+91.6596771E-03
+7.7956187E-03,+10.5195586E-03,-47.2814531E-03,+91.6675288E-03
+7.7959125E-03,+12.1497341E-03,-47.3816884E-03,+91.6688653E-03
+7.7962062E-03,+11.4863072E-03,-47.4735706E-03,+91.6553335E-03
+7.7965000E-03,+10.4439579E-03,-47.3950531E-03,+91.6496535E-03
+7.7967937E-03,+8.0946014E-03,-47.3382531E-03,+91.6474818E-03
+7.7970875E-03,+7.1588722E-03,-47.4034060E-03,+91.6396300E-03
+7.7973812E-03,+6.8031408E-03,-47.5086530E-03,+91.6382935E-03
+7.7976750E-03,+7.2836483E-03,-47.3816884E-03,+91.6496535E-03
+7.7979687E-03,+9.2316630E-03,-47.4084178E-03,+91.6518253E-03
+7.7982625E-03,+11.3272038E-03,-47.2246532E-03,+91.6618488E-03
+7.7985562E-03,+11.9126778E-03,-47.3382531E-03,+91.6601782E-03
+7.7988500E-03,+10.7932208E-03,-47.2948178E-03,+91.6326136E-03
+7.7991437E-03,+9.4951447E-03,-47.2680884E-03,+91.6453100E-03
+7.7994375E-03,+7.8370002E-03,-47.5604412E-03,+91.6404653E-03
+7.7997312E-03,+7.5802444E-03,-47.6656881E-03,+91.6553335E-03
+7.8000250E-03,+8.6356410E-03,-47.4301354E-03,+91.6518253E-03
+7.8003187E-03,+11.1472983E-03,-47.2163003E-03,+91.6553335E-03
+7.8006125E-03,+12.7514527E-03,-47.1461356E-03,+91.6496535E-03
+7.8009062E-03,+12.9819303E-03,-47.2814531E-03,+91.6474818E-03
+7.8012000E-03,+11.7725389E-03,-47.3599707E-03,+91.6504888E-03
+7.8014937E-03,+9.8042367E-03,-47.4167707E-03,+91.6710371E-03
+7.8017875E-03,+7.9159087E-03,-47.3299002E-03,+91.6566700E-03
+7.8020812E-03,+6.5935022E-03,-47.1895709E-03,+91.6426371E-03
+7.8023750E-03,+6.7043857E-03,-47.3299002E-03,+91.6610135E-03
+7.8026687E-03,+8.6827215E-03,-47.1244180E-03,+91.6539971E-03
+7.8029625E-03,+10.1970150E-03,-47.2463708E-03,+91.6653571E-03
+7.8032562E-03,+10.8178452E-03,-47.3950531E-03,+91.6631853E-03
+7.8035500E-03,+11.1734664E-03,-47.3382531E-03,+91.6618488E-03
+7.8038437E-03,+10.6010766E-03,-47.3816884E-03,+91.6666935E-03
+7.8041375E-03,+9.6188550E-03,-47.4735706E-03,+91.6539971E-03
+7.8044312E-03,+8.3969676E-03,-47.4167707E-03,+91.6631853E-03
+7.8047250E-03,+7.9151001E-03,-47.4602059E-03,+91.6575053E-03
+7.8050187E-03,+9.6249192E-03,-47.5955235E-03,+91.6509900E-03
+7.8053125E-03,+11.3725937E-03,-47.5437353E-03,+91.6339500E-03
+7.8056062E-03,+11.9213882E-03,-47.3248884E-03,+91.6382935E-03
+7.8059000E-03,+12.0672605E-03,-47.4952883E-03,+91.6561688E-03
+7.8061937E-03,+11.3204413E-03,-47.4518530E-03,+91.6732088E-03
+7.8064875E-03,+9.8194524E-03,-47.2948178E-03,+91.6645218E-03
+7.8067812E-03,+7.9850042E-03,-47.2680884E-03,+91.6396300E-03
+7.8070750E-03,+6.5638425E-03,-47.4301354E-03,+91.6361218E-03
+7.8073687E-03,+6.8966034E-03,-47.2597355E-03,+91.6461453E-03
+7.8076625E-03,+8.7507511E-03,-47.2380179E-03,+91.6575053E-03
+7.8079562E-03,+10.9742289E-03,-47.2680884E-03,+91.6575053E-03
+7.8082500E-03,+11.1793469E-03,-47.3649825E-03,+91.6575053E-03
+7.8085437E-03,+9.6171643E-03,-47.0893356E-03,+91.6531618E-03
+7.8088375E-03,+8.7227087E-03,-47.3466060E-03,+91.6418018E-03
+7.8091312E-03,+7.0972743E-03,-47.5520882E-03,+91.6439735E-03
+7.8094250E-03,+6.3871345E-03,-47.4518530E-03,+91.6496535E-03
+7.8097187E-03,+7.9540950E-03,-47.3382531E-03,+91.6539971E-03
+7.8100125E-03,+10.4462365E-03,-47.3816884E-03,+91.6610135E-03
+7.8103062E-03,+12.6902959E-03,-47.4518530E-03,+91.6496535E-03
+7.8106000E-03,+12.5410791E-03,-47.3599707E-03,+91.6539971E-03
+7.8108937E-03,+10.8776055E-03,-47.4602059E-03,+91.6631853E-03
+7.8111875E-03,+8.9554281E-03,-47.5738059E-03,+91.6596771E-03
+7.8114812E-03,+7.6975229E-03,-47.5086530E-03,+91.6631853E-03
+7.8117750E-03,+7.4143785E-03,-47.3382531E-03,+91.6509900E-03
+7.8120687E-03,+8.2008173E-03,-47.2513826E-03,+91.6426371E-03
+7.8123625E-03,+9.7591040E-03,-47.1544885E-03,+91.6610135E-03
+7.8126562E-03,+10.9971994E-03,-47.4518530E-03,+91.6496535E-03
+7.8129500E-03,+11.6038430E-03,-47.2948178E-03,+91.6518253E-03
+7.8132437E-03,+10.6093827E-03,-47.1812179E-03,+91.6553335E-03
+7.8135375E-03,+9.0655031E-03,-47.2680884E-03,+91.6496535E-03
+7.8138312E-03,+7.5967464E-03,-47.4518530E-03,+91.6496535E-03
+7.8141250E-03,+7.7381716E-03,-47.2731002E-03,+91.6539971E-03
+7.8144187E-03,+9.4465205E-03,-47.1895709E-03,+91.6697006E-03
+7.8147125E-03,+10.7622381E-03,-47.3081825E-03,+91.6767170E-03
+7.8150062E-03,+11.4943928E-03,-47.1762062E-03,+91.6653571E-03
+7.8153000E-03,+12.0727367E-03,-47.4869353E-03,+91.6675288E-03
+7.8155937E-03,+10.8934092E-03,-47.2597355E-03,+91.6666935E-03
+7.8158875E-03,+9.4196174E-03,-47.1728650E-03,+91.6561688E-03
+7.8161812E-03,+7.6771985E-03,-47.0542533E-03,+91.6710371E-03
+7.8164750E-03,+7.0605949E-03,-47.3816884E-03,+91.6631853E-03
+7.8167687E-03,+7.8716582E-03,-47.4518530E-03,+91.6531618E-03
+7.8170625E-03,+10.3732820E-03,-47.3382531E-03,+91.6418018E-03
+7.8173562E-03,+11.2351745E-03,-47.3599707E-03,+91.6439735E-03
+7.8176500E-03,+11.7565146E-03,-47.4167707E-03,+91.6518253E-03
+7.8179437E-03,+11.1259449E-03,-47.3299002E-03,+91.6596771E-03
+7.8182375E-03,+9.5547211E-03,-47.1895709E-03,+91.6653571E-03
+7.8185312E-03,+7.8356404E-03,-47.4167707E-03,+91.6631853E-03
+7.8188250E-03,+7.0496793E-03,-47.4167707E-03,+91.6531618E-03
+7.8191187E-03,+7.3933558E-03,-47.3516178E-03,+91.6461453E-03
+7.8194125E-03,+9.6262790E-03,-47.2029356E-03,+91.6596771E-03
+7.8197062E-03,+11.9368979E-03,-47.2597355E-03,+91.6544982E-03
+7.8200000E-03,+11.9079734E-03,-47.3248884E-03,+91.6347853E-03
+7.8202937E-03,+10.7208911E-03,-47.4952883E-03,+91.6531618E-03
+7.8205875E-03,+8.9827723E-03,-47.5604412E-03,+91.6418018E-03
+7.8208812E-03,+7.4545494E-03,-47.6874058E-03,+91.6461453E-03
+7.8211750E-03,+7.3502079E-03,-47.4869353E-03,+91.6509900E-03
+7.8214687E-03,+8.3546650E-03,-47.2380179E-03,+91.6382935E-03
+7.8217625E-03,+9.6578498E-03,-47.1377827E-03,+91.6539971E-03
+7.8220562E-03,+11.0521450E-03,-47.0024651E-03,+91.6653571E-03
+7.8223500E-03,+11.8049182E-03,-47.1194062E-03,+91.6675288E-03
+7.8226437E-03,+10.6737003E-03,-47.5303706E-03,+91.6710371E-03
+7.8229375E-03,+8.5630908E-03,-47.3299002E-03,+91.6631853E-03
+7.8232312E-03,+7.8198733E-03,-47.2547237E-03,+91.6553335E-03
+7.8235250E-03,+7.7513292E-03,-47.6088882E-03,+91.6518253E-03
+7.8238187E-03,+7.8534655E-03,-47.4301354E-03,+91.6596771E-03
+7.8241125E-03,+9.4671389E-03,-47.3031708E-03,+91.6631853E-03
+7.8244062E-03,+10.1654442E-03,-47.4819236E-03,+91.6531618E-03
+7.8247000E-03,+11.6285042E-03,-47.5871706E-03,+91.6418018E-03
+7.8249937E-03,+10.5946448E-03,-47.5253588E-03,+91.6439735E-03
+7.8252875E-03,+8.7445032E-03,-47.7007705E-03,+91.6583406E-03
+7.8255812E-03,+7.3356170E-03,-47.3950531E-03,+91.6788888E-03
+7.8258750E-03,+7.5674543E-03,-47.2948178E-03,+91.6732088E-03
+7.8261687E-03,+8.6462993E-03,-47.2029356E-03,+91.6688653E-03
+7.8264625E-03,+10.9639381E-03,-47.3031708E-03,+91.6488182E-03
+7.8267562E-03,+11.8165321E-03,-47.5036412E-03,+91.6304418E-03
+7.8270500E-03,+12.6650099E-03,-47.6874058E-03,+91.6483171E-03
+7.8273437E-03,+11.6161920E-03,-47.5086530E-03,+91.6653571E-03
+7.8276375E-03,+9.8044572E-03,-47.3382531E-03,+91.6653571E-03
+7.8279312E-03,+8.3979599E-03,-47.3599707E-03,+91.6697006E-03
+7.8282250E-03,+6.9648903E-03,-47.5253588E-03,+91.6680300E-03
+7.8285187E-03,+8.1472315E-03,-47.6790528E-03,+91.6404653E-03
+7.8288125E-03,+9.7852721E-03,-47.3382531E-03,+91.6553335E-03
+7.8291062E-03,+10.6685916E-03,-47.3599707E-03,+91.6496535E-03
+7.8294000E-03,+11.1036359E-03,-47.4167707E-03,+91.6518253E-03
+7.8296937E-03,+10.8443441E-03,-47.4167707E-03,+91.6596771E-03
+7.8299875E-03,+8.8343640E-03,-47.4819236E-03,+91.6610135E-03
+7.8302812E-03,+7.1387316E-03,-47.6306058E-03,+91.6518253E-03
+7.8305750E-03,+6.5540295E-03,-47.4869353E-03,+91.6596771E-03
+7.8308687E-03,+7.3100369E-03,-47.2380179E-03,+91.6610135E-03
+7.8311625E-03,+9.0730742E-03,-47.2680884E-03,+91.6518253E-03
+7.8314562E-03,+10.8547451E-03,-47.5387235E-03,+91.6618488E-03
+7.8317500E-03,+11.2699060E-03,-47.5654529E-03,+91.6710371E-03
+7.8320437E-03,+11.8425532E-03,-47.3382531E-03,+91.6610135E-03
+7.8323375E-03,+11.2363507E-03,-47.4034060E-03,+91.6518253E-03
+7.8326312E-03,+9.6088582E-03,-47.4652177E-03,+91.6553335E-03
+7.8329250E-03,+7.5089805E-03,-47.1595003E-03,+91.6539971E-03
+7.8332187E-03,+7.5405144E-03,-47.2764414E-03,+91.6631853E-03
+7.8335125E-03,+9.0097856E-03,-47.5788176E-03,+91.6575053E-03
+7.8338062E-03,+11.1203952E-03,-47.2898061E-03,+91.6531618E-03
+7.8341000E-03,+12.3899511E-03,-47.5738059E-03,+91.6461453E-03
+7.8343937E-03,+11.4015918E-03,-47.4435001E-03,+91.6553335E-03
+7.8346875E-03,+10.0781561E-03,-47.1895709E-03,+91.6453100E-03
+7.8349812E-03,+8.0907423E-03,-47.5253588E-03,+91.6361218E-03
+7.8352750E-03,+7.3392923E-03,-47.6573352E-03,+91.6483171E-03
+7.8355687E-03,+6.5035678E-03,-47.2380179E-03,+91.6610135E-03
+7.8358625E-03,+7.2402431E-03,-47.2029356E-03,+91.6496535E-03
+7.8361562E-03,+9.8187908E-03,-47.2597355E-03,+91.6561688E-03
+7.8364500E-03,+11.5907957E-03,-47.2163003E-03,+91.6645218E-03
+7.8367437E-03,+12.0197022E-03,-47.2112885E-03,+91.6461453E-03
+7.8370375E-03,+10.8104212E-03,-47.5170059E-03,+91.6596771E-03
+7.8373312E-03,+9.2682322E-03,-47.4435001E-03,+91.6631853E-03
+7.8376250E-03,+8.8214637E-03,-47.1027003E-03,+91.6596771E-03
+7.8379187E-03,+8.3664259E-03,-47.1027003E-03,+91.6588418E-03
+7.8382125E-03,+7.9913992E-03,-47.1895709E-03,+91.6461453E-03
+7.8385062E-03,+9.9851345E-03,-47.4167707E-03,+91.6553335E-03
+7.8388000E-03,+10.9749272E-03,-47.3516178E-03,+91.6518253E-03
+7.8390937E-03,+12.1113640E-03,-47.3332413E-03,+91.6575053E-03
+7.8393875E-03,+11.3141198E-03,-47.6222529E-03,+91.6596771E-03
+7.8396812E-03,+10.1600783E-03,-47.3599707E-03,+91.6631853E-03
+7.8399750E-03,+8.7509717E-03,-47.3950531E-03,+91.6575053E-03
+7.8402687E-03,+6.9397146E-03,-47.3382531E-03,+91.6575053E-03
+7.8405625E-03,+7.3081258E-03,-47.3382531E-03,+91.6575053E-03
+7.8408562E-03,+8.2940227E-03,-47.3382531E-03,+91.6553335E-03
+7.8411500E-03,+10.3696434E-03,-47.4034060E-03,+91.6539971E-03
+7.8414437E-03,+11.9135966E-03,-47.4652177E-03,+91.6631853E-03
+7.8417375E-03,+11.9970625E-03,-47.2029356E-03,+91.6596771E-03
+7.8420312E-03,+10.6381235E-03,-47.2597355E-03,+91.6631853E-03
+7.8423250E-03,+9.0245603E-03,-47.2597355E-03,+91.6575053E-03
+7.8426187E-03,+7.7979686E-03,-47.2814531E-03,+91.6596771E-03
+7.8429125E-03,+7.1603423E-03,-47.3382531E-03,+91.6631853E-03
+7.8432062E-03,+8.7162034E-03,-47.3599707E-03,+91.6575053E-03
+7.8435000E-03,+10.3624031E-03,-47.4602059E-03,+91.6575053E-03
+7.8437937E-03,+11.5674944E-03,-47.6172411E-03,+91.6575053E-03
+7.8440875E-03,+12.2380881E-03,-47.5788176E-03,+91.6640206E-03
+7.8443812E-03,+10.3879097E-03,-47.2463708E-03,+91.6702018E-03
+7.8446750E-03,+8.6637937E-03,-47.4602059E-03,+91.6461453E-03
+7.8449687E-03,+8.0194784E-03,-47.4652177E-03,+91.6575053E-03
+7.8452625E-03,+7.4436338E-03,-47.1812179E-03,+91.6596771E-03
+7.8455562E-03,+8.0454260E-03,-47.2246532E-03,+91.6675288E-03
+7.8458500E-03,+9.5463047E-03,-47.3599707E-03,+91.6666935E-03
+7.8461437E-03,+10.5068053E-03,-47.4602059E-03,+91.6539971E-03
+7.8464375E-03,+10.4996385E-03,-47.5086530E-03,+91.6653571E-03
+7.8467312E-03,+9.3886347E-03,-47.3382531E-03,+91.6653571E-03
+7.8470250E-03,+7.9360861E-03,-47.3599707E-03,+91.6631853E-03
+7.8473187E-03,+7.9585788E-03,-47.3733354E-03,+91.6640206E-03
+7.8476125E-03,+7.8428439E-03,-47.3466060E-03,+91.6745453E-03
+7.8479062E-03,+9.0717878E-03,-47.5738059E-03,+91.6575053E-03
+7.8482000E-03,+10.5875882E-03,-47.5303706E-03,+91.6575053E-03
+7.8484937E-03,+11.9478503E-03,-47.3950531E-03,+91.6596771E-03
+7.8487875E-03,+12.0912602E-03,-47.2731002E-03,+91.6675288E-03
+7.8490812E-03,+10.3281862E-03,-47.1895709E-03,+91.6688653E-03
+7.8493750E-03,+9.2876745E-03,-47.3733354E-03,+91.6575053E-03
+7.8496687E-03,+8.3445947E-03,-47.2597355E-03,+91.6575053E-03
+7.8499625E-03,+8.3031741E-03,-47.2814531E-03,+91.6553335E-03
+7.8502562E-03,+9.3713976E-03,-47.3165355E-03,+91.6474818E-03
+7.8505500E-03,+10.7023676E-03,-47.3031708E-03,+91.6483171E-03
+7.8508437E-03,+12.2610954E-03,-47.4384883E-03,+91.6588418E-03
+7.8511375E-03,+12.0751256E-03,-47.4518530E-03,+91.6504888E-03
+7.8514312E-03,+10.1916491E-03,-47.3599707E-03,+91.6775523E-03
+7.8517250E-03,+9.0717511E-03,-47.3950531E-03,+91.6845688E-03
+7.8520187E-03,+7.1994842E-03,-47.3599707E-03,+91.6710371E-03
+7.8523125E-03,+7.0522520E-03,-47.3733354E-03,+91.6675288E-03
+7.8526062E-03,+7.9204293E-03,-47.2597355E-03,+91.6688653E-03
+7.8529000E-03,+9.4512984E-03,-47.3900413E-03,+91.6596771E-03
+7.8531937E-03,+10.7037274E-03,-47.6439705E-03,+91.6675288E-03
+7.8534875E-03,+11.4094201E-03,-47.3950531E-03,+91.6688653E-03
+7.8537812E-03,+10.3159842E-03,-47.2948178E-03,+91.6553335E-03
+7.8540750E-03,+8.9949375E-03,-47.2246532E-03,+91.6518253E-03
+7.8543687E-03,+8.2037575E-03,-47.3382531E-03,+91.6553335E-03
+7.8546625E-03,+7.6765370E-03,-47.4034060E-03,+91.6518253E-03
+7.8549562E-03,+8.7089263E-03,-47.4435001E-03,+91.6509900E-03
+7.8552500E-03,+10.4905605E-03,-47.1461356E-03,+91.6382935E-03
+7.8555437E-03,+12.3915682E-03,-47.3466060E-03,+91.6496535E-03
+7.8558375E-03,+11.9571488E-03,-47.5955235E-03,+91.6539971E-03
+7.8561312E-03,+10.3506055E-03,-47.5437353E-03,+91.6610135E-03
+7.8564250E-03,+8.4577569E-03,-47.3248884E-03,+91.6474818E-03
+7.8567187E-03,+7.3262450E-03,-47.4518530E-03,+91.6483171E-03
+7.8570125E-03,+7.2916605E-03,-47.3382531E-03,+91.6631853E-03
+7.8573062E-03,+7.7806947E-03,-47.2731002E-03,+91.6618488E-03
+7.8576000E-03,+9.1092758E-03,-47.1678532E-03,+91.6688653E-03
+7.8578937E-03,+10.3972081E-03,-47.2513826E-03,+91.6596771E-03
+7.8581875E-03,+11.5703244E-03,-47.0893356E-03,+91.6566700E-03
+7.8584812E-03,+9.9728590E-03,-47.3248884E-03,+91.6404653E-03
+7.8587750E-03,+9.2675706E-03,-47.5604412E-03,+91.6596771E-03
+7.8590687E-03,+9.0482292E-03,-47.5788176E-03,+91.6610135E-03
+7.8593625E-03,+8.1847930E-03,-47.2029356E-03,+91.6496535E-03
+7.8596562E-03,+9.5957006E-03,-47.2380179E-03,+91.6539971E-03
+7.8599500E-03,+10.8386106E-03,-47.2029356E-03,+91.6653571E-03
+7.8602437E-03,+12.1226471E-03,-47.3031708E-03,+91.6675288E-03
+7.8605375E-03,+12.4410009E-03,-47.3950531E-03,+91.6710371E-03
+7.8608312E-03,+11.3534087E-03,-47.2731002E-03,+91.6631853E-03
+7.8611250E-03,+10.3962526E-03,-47.1244180E-03,+91.6575053E-03
+7.8614187E-03,+9.4989669E-03,-47.2463708E-03,+91.6553335E-03
+7.8617125E-03,+8.5948085E-03,-47.4167707E-03,+91.6518253E-03
+7.8620062E-03,+8.5927871E-03,-47.3950531E-03,+91.6553335E-03
+7.8623000E-03,+9.1026235E-03,-47.3165355E-03,+91.6496535E-03
+7.8625937E-03,+9.7629264E-03,-47.2380179E-03,+91.6539971E-03
+7.8628875E-03,+10.1953611E-03,-47.2680884E-03,+91.6697006E-03
+7.8631812E-03,+10.4601659E-03,-47.4518530E-03,+91.6723735E-03
+7.8634750E-03,+9.8737732E-03,-47.3599707E-03,+91.6496535E-03
+7.8637687E-03,+9.0197090E-03,-47.3516178E-03,+91.6496535E-03
+7.8640625E-03,+8.3486008E-03,-47.2029356E-03,+91.6518253E-03
+7.8643562E-03,+8.0140757E-03,-47.3031708E-03,+91.6596771E-03
+7.8646500E-03,+8.5125187E-03,-47.3299002E-03,+91.6653571E-03
+7.8649437E-03,+9.1140537E-03,-47.1895709E-03,+91.6631853E-03
+7.8652375E-03,+9.1110399E-03,-47.3516178E-03,+91.6618488E-03
+7.8655312E-03,+9.2654757E-03,-47.2246532E-03,+91.6688653E-03
+7.8658250E-03,+9.3931185E-03,-47.2731002E-03,+91.6618488E-03
+7.8661187E-03,+8.9578171E-03,-47.2547237E-03,+91.6710371E-03
+7.8664125E-03,+7.9517060E-03,-47.5871706E-03,+91.6675288E-03
+7.8667062E-03,+8.1237097E-03,-47.3733354E-03,+91.6666935E-03
+7.8670000E-03,+8.4390129E-03,-47.2380179E-03,+91.6496535E-03
+7.8672937E-03,+9.0277946E-03,-47.2463708E-03,+91.6474818E-03
+7.8675875E-03,+10.1907303E-03,-47.4384883E-03,+91.6483171E-03
+7.8678812E-03,+10.6793235E-03,-47.4301354E-03,+91.6653571E-03
+7.8681750E-03,+10.8583102E-03,-47.2597355E-03,+91.6631853E-03
+7.8684687E-03,+10.3054729E-03,-47.1728650E-03,+91.6618488E-03
+7.8687625E-03,+9.0095284E-03,-47.0542533E-03,+91.6710371E-03
+7.8690562E-03,+9.1416184E-03,-47.3599707E-03,+91.6631853E-03
+7.8693500E-03,+9.9646999E-03,-47.3950531E-03,+91.6575053E-03
+7.8696437E-03,+9.9234263E-03,-47.3165355E-03,+91.6575053E-03
+7.8699375E-03,+10.3049216E-03,-47.3031708E-03,+91.6553335E-03
+7.8702312E-03,+10.3495396E-03,-47.3733354E-03,+91.6518253E-03
+7.8705250E-03,+9.8119915E-03,-47.3031708E-03,+91.6618488E-03
+7.8708187E-03,+9.0843573E-03,-47.3733354E-03,+91.6645218E-03
+7.8711125E-03,+8.2135338E-03,-47.3031708E-03,+91.6504888E-03
+7.8714062E-03,+7.7425085E-03,-47.3733354E-03,+91.6688653E-03
+7.8717000E-03,+8.5078511E-03,-47.2380179E-03,+91.6575053E-03
+7.8719937E-03,+9.5206511E-03,-47.2246532E-03,+91.6553335E-03
+7.8722875E-03,+11.3384870E-03,-47.2948178E-03,+91.6539971E-03
+7.8725812E-03,+11.6609938E-03,-47.1595003E-03,+91.6631853E-03
+7.8728750E-03,+10.6293028E-03,-47.1461356E-03,+91.6618488E-03
+7.8731687E-03,+10.3124559E-03,-47.2380179E-03,+91.6732088E-03
+7.8734625E-03,+9.7350309E-03,-47.1377827E-03,+91.6645218E-03
+7.8737562E-03,+9.3143203E-03,-47.1110533E-03,+91.6439735E-03
+7.8740500E-03,+8.8516746E-03,-47.2731002E-03,+91.6561688E-03
+7.8743437E-03,+9.6781374E-03,-47.0592651E-03,+91.6688653E-03
+7.8746375E-03,+11.0842303E-03,-47.0325357E-03,+91.6596771E-03
+7.8749312E-03,+11.2658632E-03,-47.2814531E-03,+91.6697006E-03
+7.8752250E-03,+11.7454520E-03,-47.3382531E-03,+91.6788888E-03
+7.8755187E-03,+9.6488453E-03,-47.3382531E-03,+91.6645218E-03
+7.8758125E-03,+7.6162622E-03,-47.3382531E-03,+91.6439735E-03
+7.8761062E-03,+6.6522333E-03,-47.3165355E-03,+91.6453100E-03
+7.8764000E-03,+6.9262630E-03,-47.2814531E-03,+91.6426371E-03
+7.8766937E-03,+8.1992002E-03,-47.3599707E-03,+91.6653571E-03
+7.8769875E-03,+9.3999546E-03,-47.3950531E-03,+91.6675288E-03
+7.8772812E-03,+9.5371165E-03,-47.3382531E-03,+91.6688653E-03
+7.8775750E-03,+9.8403280E-03,-47.3382531E-03,+91.6509900E-03
+7.8778687E-03,+9.5988246E-03,-47.3165355E-03,+91.6404653E-03
+7.8781625E-03,+9.1272112E-03,-47.2163003E-03,+91.6596771E-03
+7.8784562E-03,+8.8983141E-03,-47.0809827E-03,+91.6631853E-03
+7.8787500E-03,+9.3813209E-03,-46.9807475E-03,+91.6618488E-03
+7.8790437E-03,+10.7424650E-03,-46.9105828E-03,+91.6710371E-03
+7.8793375E-03,+11.9252473E-03,-47.1110533E-03,+91.6631853E-03
+7.8796312E-03,+11.3985413E-03,-47.2513826E-03,+91.6575053E-03
+7.8799250E-03,+9.8756476E-03,-47.0893356E-03,+91.6509900E-03
+7.8802187E-03,+8.8681767E-03,-47.2814531E-03,+91.6404653E-03
+7.8805125E-03,+8.3796937E-03,-47.3599707E-03,+91.6575053E-03
+7.8808062E-03,+7.7758801E-03,-47.3516178E-03,+91.6553335E-03
+7.8811000E-03,+8.4240545E-03,-47.2029356E-03,+91.6496535E-03
+7.8813937E-03,+9.3307856E-03,-47.2597355E-03,+91.6518253E-03
+7.8816875E-03,+9.8143437E-03,-47.3031708E-03,+91.6531618E-03
+7.8819812E-03,+10.3134115E-03,-47.3516178E-03,+91.6461453E-03
+7.8822750E-03,+9.7329727E-03,-47.2680884E-03,+91.6618488E-03
+7.8825687E-03,+10.0125889E-03,-47.5604412E-03,+91.6710371E-03
+7.8828625E-03,+8.6987825E-03,-47.6656881E-03,+91.6675288E-03
+7.8831562E-03,+8.3353697E-03,-47.4084178E-03,+91.6666935E-03
+7.8834500E-03,+9.1690728E-03,-47.3115237E-03,+91.6474818E-03
+7.8837437E-03,+10.0898803E-03,-47.5220177E-03,+91.6504888E-03
+7.8840375E-03,+10.1376223E-03,-47.2898061E-03,+91.6710371E-03
+7.8843312E-03,+10.0268123E-03,-47.5086530E-03,+91.6653571E-03
+7.8846250E-03,+9.9157082E-03,-47.2731002E-03,+91.6653571E-03
+7.8849187E-03,+9.3480962E-03,-47.1244180E-03,+91.6610135E-03
+7.8852125E-03,+9.1460287E-03,-47.2246532E-03,+91.6561688E-03
+7.8855062E-03,+8.5770201E-03,-47.2948178E-03,+91.6710371E-03
+7.8858000E-03,+9.1080630E-03,-47.1812179E-03,+91.6631853E-03
+7.8860937E-03,+9.1877800E-03,-47.1595003E-03,+91.6618488E-03
+7.8863875E-03,+9.3068962E-03,-47.1461356E-03,+91.6710371E-03
+7.8866812E-03,+9.9150467E-03,-47.2380179E-03,+91.6631853E-03
+7.8869750E-03,+10.1790796E-03,-47.2680884E-03,+91.6531618E-03
+7.8872687E-03,+9.6890163E-03,-47.4084178E-03,+91.6504888E-03
+7.8875625E-03,+9.3315942E-03,-47.2463708E-03,+91.6688653E-03
+7.8878562E-03,+9.3219282E-03,-47.4384883E-03,+91.6531618E-03
+7.8881500E-03,+9.0765657E-03,-47.4084178E-03,+91.6483171E-03
+7.8884437E-03,+9.4777238E-03,-47.1595003E-03,+91.6631853E-03
+7.8887375E-03,+9.4012777E-03,-47.1895709E-03,+91.6509900E-03
+7.8890312E-03,+9.5285898E-03,-47.3299002E-03,+91.6426371E-03
+7.8893250E-03,+10.1491260E-03,-47.2112885E-03,+91.6631853E-03
+7.8896187E-03,+9.7358395E-03,-47.4301354E-03,+91.6596771E-03
+7.8899125E-03,+9.8137924E-03,-47.3683237E-03,+91.6675288E-03
+7.8902062E-03,+10.5028360E-03,-47.5003000E-03,+91.6666935E-03
+7.8905000E-03,+10.0079213E-03,-47.1895709E-03,+91.6518253E-03
+7.8907937E-03,+9.0824094E-03,-47.3299002E-03,+91.6596771E-03
+7.8910875E-03,+8.0999673E-03,-47.1461356E-03,+91.6588418E-03
+7.8913812E-03,+8.7570726E-03,-47.2597355E-03,+91.6548324E-03
+7.8916750E-03,+9.5537288E-03,-47.2597355E-03,+91.6867406E-03
+7.8919687E-03,+10.4365338E-03,-47.2814531E-03,+91.6745453E-03
+7.8922625E-03,+9.9692572E-03,-47.2731002E-03,+91.6575053E-03
+7.8925562E-03,+9.5817345E-03,-47.0592651E-03,+91.6575053E-03
+7.8928500E-03,+9.4801495E-03,-47.0108181E-03,+91.6553335E-03
+7.8931437E-03,+7.8560015E-03,-47.2680884E-03,+91.6583406E-03
+7.8934375E-03,+7.2000722E-03,-47.4084178E-03,+91.6745453E-03
+7.8937312E-03,+8.1333389E-03,-47.1812179E-03,+91.6575053E-03
+7.8940250E-03,+9.8205549E-03,-47.1812179E-03,+91.6596771E-03
+7.8943187E-03,+10.2473298E-03,-47.2680884E-03,+91.6675288E-03
+7.8946125E-03,+10.7742930E-03,-47.4301354E-03,+91.6688653E-03
+7.8949062E-03,+10.9564405E-03,-47.2814531E-03,+91.6596771E-03
+7.8952000E-03,+9.5231504E-03,-47.2513826E-03,+91.6631853E-03
+7.8954937E-03,+8.3381262E-03,-47.1110533E-03,+91.6575053E-03
+7.8957875E-03,+7.9283312E-03,-47.3599707E-03,+91.6596771E-03
+7.8960812E-03,+8.9050766E-03,-47.3733354E-03,+91.6610135E-03
+7.8963750E-03,+11.0323720E-03,-47.1945826E-03,+91.6496535E-03
+7.8966687E-03,+12.3010458E-03,-47.1544885E-03,+91.6561688E-03
+7.8969625E-03,+11.8135919E-03,-47.4735706E-03,+91.6710371E-03
+7.8972562E-03,+10.3130072E-03,-47.3516178E-03,+91.6610135E-03
+7.8975500E-03,+9.0388205E-03,-47.2029356E-03,+91.6453100E-03
+7.8978437E-03,+7.5454026E-03,-47.2163003E-03,+91.6426371E-03
+7.8981375E-03,+7.6043175E-03,-47.1461356E-03,+91.6653571E-03
+7.8984312E-03,+8.4696281E-03,-47.2597355E-03,+91.6653571E-03
+7.8987250E-03,+10.0565821E-03,-47.3031708E-03,+91.6697006E-03
+7.8990187E-03,+11.0522553E-03,-47.3950531E-03,+91.6788888E-03
+7.8993125E-03,+10.4956324E-03,-47.2513826E-03,+91.6710371E-03
+7.8996062E-03,+9.9738881E-03,-47.0893356E-03,+91.6610135E-03
+7.8999000E-03,+8.7892315E-03,-47.2597355E-03,+91.6496535E-03
+7.9001937E-03,+7.0046937E-03,-47.2380179E-03,+91.6539971E-03
+7.9004875E-03,+6.8622027E-03,-47.1812179E-03,+91.6653571E-03
+7.9007812E-03,+8.3404416E-03,-47.1812179E-03,+91.6653571E-03
+7.9010750E-03,+10.7905011E-03,-47.1812179E-03,+91.6631853E-03
+7.9013687E-03,+11.3330108E-03,-47.1812179E-03,+91.6553335E-03
+7.9016625E-03,+10.9338374E-03,-47.1595003E-03,+91.6518253E-03
+7.9019562E-03,+9.0872608E-03,-47.1678532E-03,+91.6553335E-03
+7.9022500E-03,+8.1342578E-03,-47.3816884E-03,+91.6561688E-03
+7.9025437E-03,+8.0242931E-03,-47.4301354E-03,+91.6710371E-03
+7.9028375E-03,+8.0606049E-03,-47.2814531E-03,+91.6653571E-03
+7.9031312E-03,+8.8459779E-03,-47.3599707E-03,+91.6653571E-03
+7.9034250E-03,+10.7295280E-03,-47.4167707E-03,+91.6653571E-03
+7.9037187E-03,+11.0593486E-03,-47.3733354E-03,+91.6610135E-03
+7.9040125E-03,+11.0170460E-03,-47.2814531E-03,+91.6496535E-03
+7.9043062E-03,+9.7320907E-03,-47.3165355E-03,+91.6539971E-03
+7.9046000E-03,+8.6459686E-03,-47.3248884E-03,+91.6653571E-03
+7.9048937E-03,+8.1574121E-03,-47.4518530E-03,+91.6544982E-03
+7.9051875E-03,+8.7426655E-03,-47.3165355E-03,+91.6369571E-03
+7.9054812E-03,+9.2011581E-03,-47.2814531E-03,+91.6653571E-03
+7.9057750E-03,+10.7491908E-03,-47.2731002E-03,+91.6566700E-03
+7.9060687E-03,+11.4301855E-03,-47.1678532E-03,+91.6426371E-03
+7.9063625E-03,+10.0540094E-03,-47.3382531E-03,+91.6631853E-03
+7.9066562E-03,+8.7642027E-03,-47.2731002E-03,+91.6596771E-03
+7.9069500E-03,+8.2910090E-03,-47.1678532E-03,+91.6631853E-03
+7.9072437E-03,+7.7151643E-03,-47.3382531E-03,+91.6531618E-03
+7.9075375E-03,+7.9524779E-03,-47.3165355E-03,+91.6504888E-03
+7.9078312E-03,+8.8088207E-03,-47.3466060E-03,+91.6666935E-03
+7.9081250E-03,+10.0686003E-03,-47.5520882E-03,+91.6518253E-03
+7.9084187E-03,+10.6687754E-03,-47.4084178E-03,+91.6553335E-03
+7.9087125E-03,+10.7226184E-03,-47.1595003E-03,+91.6539971E-03
+7.9090062E-03,+9.0247074E-03,-47.0809827E-03,+91.6675288E-03
+7.9093000E-03,+8.1439238E-03,-47.0676180E-03,+91.6645218E-03
+7.9095937E-03,+8.4336470E-03,-47.2463708E-03,+91.6461453E-03
+7.9098875E-03,+8.9071348E-03,-47.4167707E-03,+91.6575053E-03
+7.9101812E-03,+10.2698960E-03,-47.3081825E-03,+91.6596771E-03
+7.9104750E-03,+11.3782904E-03,-47.1327709E-03,+91.6653571E-03
+7.9107687E-03,+11.8842310E-03,-47.4167707E-03,+91.6653571E-03
+7.9110625E-03,+11.4525680E-03,-47.3516178E-03,+91.6631853E-03
+7.9113562E-03,+10.4517862E-03,-47.2246532E-03,+91.6575053E-03
+7.9116500E-03,+9.1126203E-03,-47.3816884E-03,+91.6575053E-03
+7.9119437E-03,+8.7103597E-03,-47.4952883E-03,+91.6596771E-03
+7.9122375E-03,+8.1775160E-03,-47.4735706E-03,+91.6631853E-03
+7.9125312E-03,+8.3589283E-03,-47.2647473E-03,+91.6618488E-03
+7.9128250E-03,+9.5038183E-03,-46.9757357E-03,+91.6732088E-03
+7.9131187E-03,+9.9957193E-03,-47.2597355E-03,+91.6688653E-03
+7.9134125E-03,+9.6317920E-03,-47.2163003E-03,+91.6575053E-03
+7.9137062E-03,+10.1442011E-03,-47.1895709E-03,+91.6596771E-03
+7.9140000E-03,+10.1554475E-03,-47.2864649E-03,+91.6588418E-03
+7.9142937E-03,+9.4339878E-03,-47.0976886E-03,+91.6483171E-03
+7.9145875E-03,+8.7431800E-03,-47.4952883E-03,+91.6675288E-03
+7.9148812E-03,+8.2883260E-03,-47.4301354E-03,+91.6688653E-03
+7.9151750E-03,+8.9543990E-03,-47.2163003E-03,+91.6596771E-03
+7.9154687E-03,+9.8006716E-03,-47.1461356E-03,+91.6653571E-03
+7.9157625E-03,+11.0485065E-03,-47.2597355E-03,+91.6631853E-03
+7.9160562E-03,+11.0871706E-03,-47.3466060E-03,+91.6553335E-03
+7.9163500E-03,+10.3366393E-03,-47.5303706E-03,+91.6539971E-03
+7.9166437E-03,+9.4027111E-03,-47.2647473E-03,+91.6653571E-03
+7.9169375E-03,+8.0816276E-03,-46.9974534E-03,+91.6631853E-03
+7.9172312E-03,+8.1555010E-03,-47.3816884E-03,+91.6531618E-03
+7.9175250E-03,+8.1316483E-03,-47.4084178E-03,+91.6461453E-03
+7.9178187E-03,+9.7819644E-03,-47.2246532E-03,+91.6596771E-03
+7.9181125E-03,+9.9073286E-03,-47.3816884E-03,+91.6610135E-03
+7.9184062E-03,+10.3984577E-03,-47.4301354E-03,+91.6561688E-03
+7.9187000E-03,+10.2879050E-03,-47.2814531E-03,+91.6666935E-03
+7.9189937E-03,+9.2644466E-03,-47.3382531E-03,+91.6539971E-03
+7.9192875E-03,+8.5134008E-03,-47.2079473E-03,+91.6610135E-03
+7.9195812E-03,+8.1540308E-03,-47.0843239E-03,+91.6453100E-03
+7.9198750E-03,+8.2401062E-03,-47.5654529E-03,+91.6404653E-03
+7.9201687E-03,+8.3996138E-03,-47.2948178E-03,+91.6575053E-03
+7.9204625E-03,+10.1448259E-03,-47.2246532E-03,+91.6618488E-03
+7.9207562E-03,+11.1386614E-03,-47.3165355E-03,+91.6688653E-03
+7.9210500E-03,+11.4608742E-03,-47.3031708E-03,+91.6575053E-03
+7.9213437E-03,+10.0528334E-03,-47.4167707E-03,+91.6575053E-03
+7.9216375E-03,+8.9613821E-03,-47.3299002E-03,+91.6705359E-03
+7.9219312E-03,+8.4887764E-03,-47.1895709E-03,+91.6915853E-03
+7.9222250E-03,+7.7660671E-03,-47.4167707E-03,+91.6531618E-03
+7.9225187E-03,+8.2886200E-03,-47.2864649E-03,+91.6418018E-03
+7.9228125E-03,+10.6056339E-03,-47.0542533E-03,+91.6418018E-03
+7.9231062E-03,+11.6694837E-03,-47.2948178E-03,+91.6483171E-03
+7.9234000E-03,+10.8808030E-03,-47.3115237E-03,+91.6588418E-03
+7.9236937E-03,+9.4293569E-03,-47.5220177E-03,+91.6461453E-03
+7.9239875E-03,+8.3878529E-03,-47.2246532E-03,+91.6553335E-03
+7.9242812E-03,+7.8590152E-03,-47.3382531E-03,+91.6583406E-03
+7.9245750E-03,+7.9636140E-03,-47.2948178E-03,+91.6745453E-03
+7.9248687E-03,+9.5350215E-03,-47.2680884E-03,+91.6575053E-03
+7.9251625E-03,+10.7630466E-03,-47.4084178E-03,+91.6531618E-03
+7.9254562E-03,+12.1594736E-03,-47.2898061E-03,+91.6439735E-03
+7.9257500E-03,+11.4058184E-03,-47.4869353E-03,+91.6518253E-03
+7.9260437E-03,+9.4059821E-03,-47.3031708E-03,+91.6553335E-03
+7.9263375E-03,+8.3784074E-03,-47.3299002E-03,+91.6518253E-03
+7.9266312E-03,+7.1092925E-03,-47.1027003E-03,+91.6618488E-03
+7.9269250E-03,+7.6832260E-03,-47.1244180E-03,+91.6710371E-03
+7.9272187E-03,+9.2107138E-03,-47.1377827E-03,+91.6631853E-03
+7.9275125E-03,+10.8599641E-03,-47.0676180E-03,+91.6531618E-03
+7.9278062E-03,+11.1359417E-03,-47.1595003E-03,+91.6418018E-03
+7.9281000E-03,+10.8231377E-03,-47.1678532E-03,+91.6483171E-03
+7.9283937E-03,+9.7172425E-03,-47.3382531E-03,+91.6631853E-03
+7.9286875E-03,+8.2611656E-03,-47.3382531E-03,+91.6553335E-03
+7.9289812E-03,+8.0269025E-03,-47.3599707E-03,+91.6496535E-03
+7.9292750E-03,+8.1962232E-03,-47.3950531E-03,+91.6518253E-03
+7.9295687E-03,+9.1589290E-03,-47.2948178E-03,+91.6575053E-03
+7.9298625E-03,+11.0641265E-03,-47.2463708E-03,+91.6553335E-03
+7.9301562E-03,+11.7135872E-03,-47.5036412E-03,+91.6518253E-03
+7.9304500E-03,+11.3542540E-03,-47.6439705E-03,+91.6509900E-03
+7.9307437E-03,+9.7121706E-03,-47.4602059E-03,+91.6426371E-03
+7.9310375E-03,+8.7227087E-03,-47.5303706E-03,+91.6631853E-03
+7.9313312E-03,+7.7121506E-03,-47.3733354E-03,+91.6553335E-03
+7.9316250E-03,+8.3404416E-03,-47.2380179E-03,+91.6496535E-03
+7.9319187E-03,+9.2358528E-03,-47.2246532E-03,+91.6453100E-03
+7.9322125E-03,+10.0085093E-03,-47.3382531E-03,+91.6426371E-03
+7.9325062E-03,+10.0989950E-03,-47.3599707E-03,+91.6653571E-03
+7.9328000E-03,+9.6679936E-03,-47.3733354E-03,+91.6610135E-03
+7.9330937E-03,+9.0856069E-03,-47.3031708E-03,+91.6539971E-03
+7.9333875E-03,+8.9670053E-03,-47.4167707E-03,+91.6610135E-03
+7.9336812E-03,+8.1830656E-03,-47.3733354E-03,+91.6561688E-03
+7.9339750E-03,+8.4466208E-03,-47.2380179E-03,+91.6666935E-03
+7.9342687E-03,+9.8829246E-03,-47.2029356E-03,+91.6561688E-03
+7.9345625E-03,+10.9483181E-03,-47.2597355E-03,+91.6688653E-03
+7.9348562E-03,+11.2273094E-03,-47.3248884E-03,+91.6618488E-03
+7.9351500E-03,+11.1191824E-03,-47.4952883E-03,+91.6710371E-03
+7.9354437E-03,+10.5697998E-03,-47.4084178E-03,+91.6675288E-03
+7.9357375E-03,+9.9441917E-03,-47.1812179E-03,+91.6688653E-03
+7.9360312E-03,+9.2629030E-03,-47.3115237E-03,+91.6596771E-03
+7.9363250E-03,+8.2635178E-03,-47.5871706E-03,+91.6588418E-03
+7.9366187E-03,+8.9692104E-03,-47.4602059E-03,+91.6483171E-03
+7.9369125E-03,+9.6791665E-03,-47.4652177E-03,+91.6610135E-03
+7.9372062E-03,+9.6700885E-03,-47.1812179E-03,+91.6518253E-03
+7.9375000E-03,+9.8721560E-03,-47.2680884E-03,+91.6575053E-03
+7.9377937E-03,+9.4198012E-03,-47.4735706E-03,+91.6553335E-03
+7.9380875E-03,+7.9063162E-03,-47.3733354E-03,+91.6539971E-03
+7.9383812E-03,+7.3154396E-03,-47.2814531E-03,+91.6631853E-03
+7.9386750E-03,+7.5312527E-03,-47.3382531E-03,+91.6553335E-03
+7.9389687E-03,+7.9386588E-03,-47.3165355E-03,+91.6496535E-03
+7.9392625E-03,+8.7860707E-03,-47.2814531E-03,+91.6561688E-03
+7.9395562E-03,+10.6732225E-03,-47.4251236E-03,+91.6710371E-03
+7.9398500E-03,+11.2785430E-03,-47.5871706E-03,+91.6588418E-03
+7.9401437E-03,+11.1834632E-03,-47.3950531E-03,+91.6461453E-03
+7.9404375E-03,+9.8265824E-03,-47.3165355E-03,+91.6553335E-03
+7.9407312E-03,+9.2365511E-03,-47.2814531E-03,+91.6583406E-03
+7.9410250E-03,+9.0505814E-03,-47.3165355E-03,+91.6788888E-03
+7.9413187E-03,+8.2229425E-03,-47.2597355E-03,+91.6645218E-03
+7.9416125E-03,+9.1265129E-03,-47.2814531E-03,+91.6439735E-03
+7.9419062E-03,+10.3260912E-03,-47.3165355E-03,+91.6518253E-03
+7.9422000E-03,+11.6565100E-03,-47.2814531E-03,+91.6575053E-03
+7.9424937E-03,+11.2602033E-03,-47.2731002E-03,+91.6553335E-03
+7.9427875E-03,+10.1538671E-03,-47.1027003E-03,+91.6496535E-03
+7.9430812E-03,+8.7148436E-03,-47.1027003E-03,+91.6453100E-03
+7.9433750E-03,+7.4289694E-03,-47.1244180E-03,+91.6382935E-03
+7.9436687E-03,+6.9806206E-03,-47.1377827E-03,+91.6539971E-03
+7.9439625E-03,+7.2947110E-03,-47.0241828E-03,+91.6653571E-03
+7.9442562E-03,+9.6958890E-03,-47.1110533E-03,+91.6588418E-03
+7.9445500E-03,+11.8354231E-03,-47.3165355E-03,+91.6483171E-03
+7.9448437E-03,+12.0722589E-03,-47.2380179E-03,+91.6653571E-03
+7.9451375E-03,+10.9496044E-03,-47.1377827E-03,+91.6631853E-03
+7.9454312E-03,+10.0379484E-03,-47.1110533E-03,+91.6618488E-03
+7.9457250E-03,+8.1858221E-03,-47.3165355E-03,+91.6688653E-03
+7.9460187E-03,+7.5838829E-03,-47.3466060E-03,+91.6596771E-03
+7.9463125E-03,+7.9551241E-03,-47.5086530E-03,+91.6610135E-03
+7.9466062E-03,+9.8196361E-03,-47.2948178E-03,+91.6474818E-03
+7.9469000E-03,+11.4993912E-03,-47.1812179E-03,+91.6418018E-03
+7.9471937E-03,+12.2111114E-03,-47.2246532E-03,+91.6504888E-03
+7.9474875E-03,+10.3165355E-03,-47.3816884E-03,+91.6666935E-03
+7.9477812E-03,+8.3104145E-03,-47.4735706E-03,+91.6539971E-03
+7.9480750E-03,+7.1454942E-03,-47.3733354E-03,+91.6588418E-03
+7.9483687E-03,+6.5028695E-03,-47.3031708E-03,+91.6439735E-03
+7.9486625E-03,+7.9829093E-03,-47.4167707E-03,+91.6583406E-03
+7.9489562E-03,+10.0692619E-03,-47.4167707E-03,+91.6680300E-03
+7.9492500E-03,+11.7128889E-03,-47.3516178E-03,+91.6382935E-03
+7.9495437E-03,+12.4720571E-03,-47.2463708E-03,+91.6453100E-03
+7.9498375E-03,+11.4713120E-03,-47.3733354E-03,+91.6404653E-03
+7.9501312E-03,+9.7837653E-03,-47.3466060E-03,+91.6596771E-03
+7.9504250E-03,+7.8152058E-03,-47.5520882E-03,+91.6631853E-03
+7.9507187E-03,+6.5445105E-03,-47.4952883E-03,+91.6553335E-03
+7.9510125E-03,+7.9424076E-03,-47.4952883E-03,+91.6518253E-03
+7.9513062E-03,+9.2554789E-03,-47.4301354E-03,+91.6553335E-03
+7.9516000E-03,+11.1985687E-03,-47.2597355E-03,+91.6496535E-03
+7.9518937E-03,+11.2886868E-03,-47.2814531E-03,+91.6496535E-03
+7.9521875E-03,+10.5593620E-03,-47.4034060E-03,+91.6518253E-03
+7.9524812E-03,+9.0764922E-03,-47.5303706E-03,+91.6509900E-03
+7.9527750E-03,+7.5452556E-03,-47.3950531E-03,+91.6404653E-03
+7.9530687E-03,+7.2629565E-03,-47.3382531E-03,+91.6596771E-03
+7.9533625E-03,+8.2520876E-03,-47.3816884E-03,+91.6610135E-03
+7.9536562E-03,+10.0966061E-03,-47.3867001E-03,+91.6539971E-03
+7.9539500E-03,+11.0482492E-03,-47.1244180E-03,+91.6631853E-03
+7.9542437E-03,+11.8695298E-03,-47.2463708E-03,+91.6596771E-03
+7.9545375E-03,+11.5727501E-03,-47.3516178E-03,+91.6631853E-03
+7.9548312E-03,+10.3547218E-03,-47.1812179E-03,+91.6553335E-03
+7.9551250E-03,+8.4146090E-03,-47.1812179E-03,+91.6518253E-03
+7.9554187E-03,+7.4393704E-03,-47.2463708E-03,+91.6509900E-03
+7.9557125E-03,+8.5393116E-03,-47.4384883E-03,+91.6469806E-03
+7.9560062E-03,+9.6324535E-03,-47.4301354E-03,+91.6723735E-03
+7.9563000E-03,+10.3925405E-03,-47.2380179E-03,+91.6539971E-03
+7.9565937E-03,+11.9152872E-03,-47.2029356E-03,+91.6631853E-03
+7.9568875E-03,+11.3057034E-03,-47.2814531E-03,+91.6553335E-03
+7.9571812E-03,+8.9250702E-03,-47.2731002E-03,+91.6561688E-03
+7.9574750E-03,+7.4434868E-03,-47.1678532E-03,+91.6688653E-03
+7.9577687E-03,+6.9196107E-03,-47.3816884E-03,+91.6575053E-03
+7.9580625E-03,+8.7217163E-03,-47.3867001E-03,+91.6596771E-03
+7.9583562E-03,+10.3398736E-03,-47.1461356E-03,+91.6697006E-03
+7.9586500E-03,+11.7707748E-03,-47.3031708E-03,+91.6745453E-03
+7.9589437E-03,+12.0091542E-03,-47.4167707E-03,+91.6575053E-03
+7.9592375E-03,+10.8771277E-03,-47.3733354E-03,+91.6553335E-03
+7.9595312E-03,+9.4310843E-03,-47.2814531E-03,+91.6518253E-03
+7.9598250E-03,+7.5409555E-03,-47.3599707E-03,+91.6531618E-03
+7.9601187E-03,+6.7809052E-03,-47.4167707E-03,+91.6483171E-03
+7.9604125E-03,+7.8203511E-03,-47.3950531E-03,+91.6653571E-03
+7.9607062E-03,+9.8032075E-03,-47.3599707E-03,+91.6631853E-03
+7.9610000E-03,+10.7764247E-03,-47.3733354E-03,+91.6618488E-03
+7.9612937E-03,+11.6321060E-03,-47.3248884E-03,+91.6666935E-03
+7.9615875E-03,+11.3647653E-03,-47.4518530E-03,+91.6539971E-03
+7.9618812E-03,+9.0619381E-03,-47.4468413E-03,+91.6588418E-03
+7.9621750E-03,+7.7738955E-03,-47.5788176E-03,+91.6461453E-03
+7.9624687E-03,+7.5898736E-03,-47.2246532E-03,+91.6509900E-03
+7.9627625E-03,+7.3882104E-03,-47.2948178E-03,+91.6382935E-03
+7.9630562E-03,+8.5289840E-03,-47.2029356E-03,+91.6539971E-03
+7.9633500E-03,+10.5642134E-03,-47.2380179E-03,+91.6610135E-03
+7.9636437E-03,+11.2926193E-03,-47.1377827E-03,+91.6518253E-03
+7.9639375E-03,+11.5623858E-03,-47.0893356E-03,+91.6531618E-03
+7.9642312E-03,+9.9253375E-03,-47.2597355E-03,+91.6439735E-03
+7.9645250E-03,+8.5139889E-03,-47.2163003E-03,+91.6539971E-03
+7.9648187E-03,+6.3144740E-03,-47.1895709E-03,+91.6653571E-03
+7.9651125E-03,+6.8008988E-03,-47.3733354E-03,+91.6653571E-03
+7.9654062E-03,+8.2393711E-03,-47.2380179E-03,+91.6610135E-03
+7.9657000E-03,+10.1655177E-03,-47.1377827E-03,+91.6474818E-03
+7.9659937E-03,+13.1193494E-03,-47.1110533E-03,+91.6483171E-03
+7.9662875E-03,+12.9855688E-03,-47.3599707E-03,+91.6631853E-03
+7.9665812E-03,+11.5183558E-03,-47.4167707E-03,+91.6575053E-03
+7.9668750E-03,+8.6579500E-03,-47.4384883E-03,+91.6553335E-03
+7.9671687E-03,+6.9335769E-03,-47.4518530E-03,+91.6539971E-03
+7.9674625E-03,+7.1632090E-03,-47.3816884E-03,+91.6610135E-03
+7.9677562E-03,+8.9507972E-03,-47.4952883E-03,+91.6474818E-03
+7.9680500E-03,+10.1985219E-03,-47.5387235E-03,+91.6461453E-03
+7.9683437E-03,+12.0132705E-03,-47.5871706E-03,+91.6509900E-03
+7.9686375E-03,+11.6557382E-03,-47.5036412E-03,+91.6382935E-03
+7.9689312E-03,+10.1860259E-03,-47.5788176E-03,+91.6474818E-03
+7.9692250E-03,+8.3338261E-03,-47.2029356E-03,+91.6483171E-03
+7.9695187E-03,+6.7342658E-03,-47.3031708E-03,+91.6675288E-03
+7.9698125E-03,+7.1652305E-03,-47.3516178E-03,+91.6623500E-03
+7.9701062E-03,+8.5609591E-03,-47.1595003E-03,+91.6426371E-03
+7.9704000E-03,+10.1220758E-03,-47.1461356E-03,+91.6675288E-03
+7.9706937E-03,+11.9040776E-03,-47.2814531E-03,+91.6666935E-03
+7.9709875E-03,+12.2659468E-03,-47.4034060E-03,+91.6518253E-03
+7.9712812E-03,+11.8259777E-03,-47.5086530E-03,+91.6553335E-03
+7.9715750E-03,+9.6744254E-03,-47.3165355E-03,+91.6496535E-03
+7.9718687E-03,+7.8716215E-03,-47.3031708E-03,+91.6539971E-03
+7.9721625E-03,+7.4934340E-03,-47.3516178E-03,+91.6631853E-03
+7.9724562E-03,+8.2490371E-03,-47.1595003E-03,+91.6553335E-03
+7.9727500E-03,+10.4555717E-03,-47.1678532E-03,+91.6453100E-03
+7.9730437E-03,+12.0111756E-03,-47.2948178E-03,+91.6426371E-03
+7.9733375E-03,+12.4626484E-03,-47.2029356E-03,+91.6631853E-03
+7.9736312E-03,+11.2713762E-03,-47.2597355E-03,+91.6575053E-03
+7.9739250E-03,+9.0904583E-03,-47.3031708E-03,+91.6575053E-03
+7.9742187E-03,+7.4328284E-03,-47.3516178E-03,+91.6509900E-03
+7.9745125E-03,+6.6900153E-03,-47.2246532E-03,+91.6404653E-03
+7.9748062E-03,+7.7594515E-03,-47.3382531E-03,+91.6596771E-03
+7.9751000E-03,+9.6582173E-03,-47.2731002E-03,+91.6610135E-03
+7.9753937E-03,+11.8345411E-03,-47.1678532E-03,+91.6583406E-03
+7.9756875E-03,+12.3898408E-03,-47.3599707E-03,+91.6723735E-03
+7.9759812E-03,+11.7424383E-03,-47.3081825E-03,+91.6496535E-03
+7.9762750E-03,+9.6975797E-03,-47.1327709E-03,+91.6453100E-03
+7.9765687E-03,+6.9711751E-03,-47.3950531E-03,+91.6361218E-03
+7.9768625E-03,+6.3990425E-03,-47.3816884E-03,+91.6396300E-03
+7.9771562E-03,+7.7746305E-03,-47.4518530E-03,+91.6448088E-03
+7.9774500E-03,+9.3013098E-03,-47.3816884E-03,+91.6710371E-03
+7.9777437E-03,+10.8249385E-03,-47.4735706E-03,+91.6566700E-03
+7.9780375E-03,+11.2700531E-03,-47.3733354E-03,+91.6382935E-03
+7.9783312E-03,+10.3075678E-03,-47.2597355E-03,+91.6496535E-03
+7.9786250E-03,+8.5535350E-03,-47.2597355E-03,+91.6474818E-03
+7.9789187E-03,+7.3338161E-03,-47.2380179E-03,+91.6374583E-03
+7.9792125E-03,+6.9047625E-03,-47.2463708E-03,+91.6369571E-03
+7.9795062E-03,+8.3966001E-03,-47.3516178E-03,+91.6610135E-03
+7.9798000E-03,+8.7305003E-03,-47.2246532E-03,+91.6518253E-03
+7.9800937E-03,+11.0068654E-03,-47.3382531E-03,+91.6575053E-03
+7.9803875E-03,+11.6325103E-03,-47.2513826E-03,+91.6553335E-03
+7.9806812E-03,+10.3454600E-03,-47.1762062E-03,+91.6518253E-03
+7.9809750E-03,+9.0712366E-03,-47.5086530E-03,+91.6553335E-03
+7.9812687E-03,+7.3487378E-03,-47.3165355E-03,+91.6496535E-03
+7.9815625E-03,+7.3766332E-03,-47.3683237E-03,+91.6518253E-03
+7.9818562E-03,+7.9541317E-03,-47.5220177E-03,+91.6596771E-03
+7.9821500E-03,+9.5695693E-03,-47.2463708E-03,+91.6610135E-03
+7.9824437E-03,+10.5045266E-03,-47.4602059E-03,+91.6474818E-03
+7.9827375E-03,+12.3527939E-03,-47.5303706E-03,+91.6418018E-03
+7.9830312E-03,+11.9667781E-03,-47.4384883E-03,+91.6461453E-03
+7.9833250E-03,+10.6573085E-03,-47.4952883E-03,+91.6553335E-03
+7.9836187E-03,+8.7611890E-03,-47.4735706E-03,+91.6453100E-03
+7.9839125E-03,+7.5837726E-03,-47.3733354E-03,+91.6404653E-03
+7.9842062E-03,+8.1001511E-03,-47.3466060E-03,+91.6618488E-03
+7.9845000E-03,+9.5504945E-03,-47.5520882E-03,+91.6666935E-03
+7.9847937E-03,+11.6559587E-03,-47.4301354E-03,+91.6561688E-03
+7.9850875E-03,+11.8115705E-03,-47.3031708E-03,+91.6710371E-03
+7.9853812E-03,+11.1449462E-03,-47.4167707E-03,+91.6653571E-03
+7.9856750E-03,+9.3775353E-03,-47.4602059E-03,+91.6610135E-03
+7.9859687E-03,+8.1962232E-03,-47.5520882E-03,+91.6539971E-03
+7.9862625E-03,+7.9092197E-03,-47.5170059E-03,+91.6610135E-03
+7.9865562E-03,+7.5757972E-03,-47.5520882E-03,+91.6453100E-03
+7.9868500E-03,+9.4040709E-03,-47.4518530E-03,+91.6361218E-03
+7.9871437E-03,+11.0644940E-03,-47.3165355E-03,+91.6439735E-03
+7.9874375E-03,+11.5921556E-03,-47.2380179E-03,+91.6453100E-03
+7.9877312E-03,+11.0682428E-03,-47.2463708E-03,+91.6426371E-03
+7.9880250E-03,+8.7693481E-03,-47.4167707E-03,+91.6653571E-03
+7.9883187E-03,+7.2859270E-03,-47.4384883E-03,+91.6631853E-03
+7.9886125E-03,+7.0348679E-03,-47.4518530E-03,+91.6596771E-03
+7.9889062E-03,+7.2145161E-03,-47.3382531E-03,+91.6610135E-03
+7.9892000E-03,+8.4993612E-03,-47.2948178E-03,+91.6539971E-03
+7.9894937E-03,+10.6874091E-03,-47.2029356E-03,+91.6653571E-03
+7.9897875E-03,+12.0353222E-03,-47.3031708E-03,+91.6631853E-03
+7.9900812E-03,+12.6190688E-03,-47.3950531E-03,+91.6575053E-03
+7.9903750E-03,+11.1666671E-03,-47.3599707E-03,+91.6575053E-03
+7.9906687E-03,+8.6643818E-03,-47.4384883E-03,+91.6575053E-03
+7.9909625E-03,+7.0323687E-03,-47.4735706E-03,+91.6531618E-03
+7.9912562E-03,+7.1372615E-03,-47.4384883E-03,+91.6483171E-03
+7.9915500E-03,+8.6032249E-03,-47.4735706E-03,+91.6610135E-03
+7.9918437E-03,+10.3871378E-03,-47.4167707E-03,+91.6474818E-03
+7.9921375E-03,+11.9101418E-03,-47.3299002E-03,+91.6439735E-03
+7.9924312E-03,+11.2934647E-03,-47.1244180E-03,+91.6539971E-03
+7.9927250E-03,+9.5075671E-03,-47.2246532E-03,+91.6610135E-03
+7.9930187E-03,+7.9842324E-03,-47.3816884E-03,+91.6539971E-03
+7.9933125E-03,+5.9676368E-03,-47.4952883E-03,+91.6631853E-03
+7.9936062E-03,+5.7081245E-03,-47.4735706E-03,+91.6553335E-03
+7.9939000E-03,+7.2614863E-03,-47.3516178E-03,+91.6496535E-03
+7.9941937E-03,+9.6740946E-03,-47.2680884E-03,+91.6561688E-03
+7.9944875E-03,+11.2353583E-03,-47.4084178E-03,+91.6732088E-03
+7.9947812E-03,+11.7867255E-03,-47.2680884E-03,+91.6688653E-03
+7.9950750E-03,+11.8835695E-03,-47.4084178E-03,+91.6509900E-03
+7.9953687E-03,+10.1558150E-03,-47.2029356E-03,+91.6426371E-03
+7.9956625E-03,+8.7868057E-03,-47.1728650E-03,+91.6631853E-03
+7.9959562E-03,+8.2204801E-03,-47.0542533E-03,+91.6553335E-03
+7.9962500E-03,+8.6189184E-03,-47.3165355E-03,+91.6431383E-03
+7.9965437E-03,+9.8802784E-03,-47.2380179E-03,+91.6304418E-03
+7.9968375E-03,+11.6746659E-03,-47.1812179E-03,+91.6374583E-03
+7.9971312E-03,+12.0369761E-03,-47.1812179E-03,+91.6369571E-03
+7.9974250E-03,+11.4656521E-03,-47.1812179E-03,+91.6588418E-03
+7.9977187E-03,+9.4343186E-03,-47.2029356E-03,+91.6396300E-03
+7.9980125E-03,+7.2767756E-03,-47.3683237E-03,+91.6296065E-03
+7.9983062E-03,+7.1463762E-03,-47.4785824E-03,+91.6269336E-03
+7.9986000E-03,+7.9011340E-03,-47.0893356E-03,+91.6453100E-03
+7.9988937E-03,+9.3618051E-03,-47.2597355E-03,+91.6382935E-03
+7.9991875E-03,+10.7607679E-03,-47.1728650E-03,+91.6518253E-03
+7.9994812E-03,+11.4541852E-03,-47.0976886E-03,+91.6575053E-03
+7.9997750E-03,+10.9123002E-03,-47.4301354E-03,+91.6575053E-03
+8.0000687E-03,+8.4936645E-03,-47.2814531E-03,+91.6531618E-03
+8.0003625E-03,+6.8059340E-03,-47.4251236E-03,+91.6418018E-03
+8.0006562E-03,+7.0039954E-03,-47.5437353E-03,+91.6483171E-03
+8.0009500E-03,+7.9221934E-03,-47.3248884E-03,+91.6631853E-03
+8.0012437E-03,+9.6459418E-03,-47.4952883E-03,+91.6553335E-03
+8.0015375E-03,+10.7906113E-03,-47.4735706E-03,+91.6474818E-03
+8.0018312E-03,+11.2398422E-03,-47.4384883E-03,+91.6461453E-03
+8.0021250E-03,+10.8897707E-03,-47.4518530E-03,+91.6509900E-03
+8.0024187E-03,+9.5645341E-03,-47.3382531E-03,+91.6404653E-03
+8.0027125E-03,+9.2650346E-03,-47.3599707E-03,+91.6596771E-03
+8.0030062E-03,+9.2934447E-03,-47.4819236E-03,+91.6653571E-03
+8.0033000E-03,+9.2154182E-03,-47.5871706E-03,+91.6610135E-03
+8.0035937E-03,+9.9176194E-03,-47.3299002E-03,+91.6496535E-03
+8.0038875E-03,+10.8892929E-03,-47.2547237E-03,+91.6539971E-03
+8.0041812E-03,+11.5378348E-03,-47.5871706E-03,+91.6653571E-03
+8.0044750E-03,+11.3169130E-03,-47.3950531E-03,+91.6588418E-03
+8.0047687E-03,+9.7802737E-03,-47.3599707E-03,+91.6504888E-03
+8.0050625E-03,+8.7275233E-03,-47.3516178E-03,+91.6688653E-03
+8.0053562E-03,+8.3980702E-03,-47.2898061E-03,+91.6575053E-03
+8.0056500E-03,+7.7670227E-03,-47.4869353E-03,+91.6553335E-03
+8.0059437E-03,+8.5997334E-03,-47.2380179E-03,+91.6518253E-03
+8.0062375E-03,+9.3224794E-03,-47.2029356E-03,+91.6531618E-03
+8.0065312E-03,+9.8975523E-03,-47.3900413E-03,+91.6504888E-03
+8.0068250E-03,+9.6212439E-03,-47.5788176E-03,+91.6688653E-03
+8.0071187E-03,+8.4266272E-03,-47.2246532E-03,+91.6553335E-03
+8.0074125E-03,+7.2940494E-03,-47.2948178E-03,+91.6539971E-03
+8.0077062E-03,+7.0315969E-03,-47.2246532E-03,+91.6566700E-03
+8.0080000E-03,+8.2909354E-03,-47.2948178E-03,+91.6448088E-03
+8.0082937E-03,+8.7014287E-03,-47.2246532E-03,+91.6623500E-03
+8.0085875E-03,+10.0390877E-03,-47.3599707E-03,+91.6404653E-03
+8.0088812E-03,+11.1322296E-03,-47.2647473E-03,+91.6596771E-03
+8.0091750E-03,+11.5193481E-03,-46.9105828E-03,+91.6653571E-03
+8.0094687E-03,+10.8250856E-03,-47.0459004E-03,+91.6588418E-03
+8.0097625E-03,+9.7127954E-03,-47.1244180E-03,+91.6439735E-03
+8.0100562E-03,+8.3605087E-03,-47.2463708E-03,+91.6453100E-03
+8.0103500E-03,+7.1017582E-03,-47.3516178E-03,+91.6361218E-03
+8.0106437E-03,+7.3914446E-03,-47.1812179E-03,+91.6439735E-03
+8.0109375E-03,+8.5748517E-03,-47.1812179E-03,+91.6496535E-03
+8.0112312E-03,+10.0497093E-03,-47.1812179E-03,+91.6496535E-03
+8.0115250E-03,+10.9490531E-03,-47.2898061E-03,+91.6496535E-03
+8.0118187E-03,+10.8013064E-03,-47.5303706E-03,+91.6431383E-03
+8.0121125E-03,+9.4990037E-03,-47.3950531E-03,+91.6282700E-03
+8.0124062E-03,+8.7560068E-03,-47.4034060E-03,+91.6426371E-03
+8.0127000E-03,+8.4827856E-03,-47.5738059E-03,+91.6675288E-03
+8.0129937E-03,+10.0393450E-03,-47.5086530E-03,+91.6710371E-03
+8.0132875E-03,+10.2874639E-03,-47.3165355E-03,+91.6610135E-03
+8.0135812E-03,+11.1414546E-03,-47.3031708E-03,+91.6496535E-03
+8.0138750E-03,+11.7517368E-03,-47.4167707E-03,+91.6496535E-03
+8.0141687E-03,+11.3131642E-03,-47.3950531E-03,+91.6496535E-03
+8.0144625E-03,+10.3708931E-03,-47.3165355E-03,+91.6496535E-03
+8.0147562E-03,+8.8267929E-03,-47.2380179E-03,+91.6539971E-03
+8.0150500E-03,+7.8981203E-03,-47.2029356E-03,+91.6675288E-03
+8.0153437E-03,+7.8294659E-03,-47.2380179E-03,+91.6710371E-03
+8.0156375E-03,+8.1739142E-03,-47.2680884E-03,+91.6566700E-03
+8.0159312E-03,+9.2316262E-03,-47.4735706E-03,+91.6339500E-03
+8.0162250E-03,+9.9328718E-03,-47.3950531E-03,+91.6382935E-03
+8.0165187E-03,+10.4339611E-03,-47.4251236E-03,+91.6518253E-03
+8.0168125E-03,+9.6137831E-03,-47.6088882E-03,+91.6575053E-03
+8.0171062E-03,+7.9115351E-03,-47.4301354E-03,+91.6553335E-03
+8.0174000E-03,+7.3328238E-03,-47.2814531E-03,+91.6496535E-03
+8.0176937E-03,+7.0043262E-03,-47.3165355E-03,+91.6474818E-03
+8.0179875E-03,+8.6182569E-03,-47.3248884E-03,+91.6439735E-03
+8.0182812E-03,+10.1777197E-03,-47.4952883E-03,+91.6431383E-03
+8.0185750E-03,+10.9733468E-03,-47.4301354E-03,+91.6282700E-03
+8.0188687E-03,+11.6912782E-03,-47.2380179E-03,+91.6404653E-03
+8.0191625E-03,+10.6183872E-03,-47.1812179E-03,+91.6553335E-03
+8.0194562E-03,+8.8157303E-03,-47.2463708E-03,+91.6518253E-03
+8.0197500E-03,+7.8647487E-03,-47.4167707E-03,+91.6531618E-03
+8.0200437E-03,+8.1964437E-03,-47.3733354E-03,+91.6461453E-03
+8.0203375E-03,+8.5337987E-03,-47.2380179E-03,+91.6553335E-03
+8.0206312E-03,+10.0484230E-03,-47.2246532E-03,+91.6518253E-03
+8.0209250E-03,+9.7266145E-03,-47.2948178E-03,+91.6553335E-03
+8.0212187E-03,+9.7054081E-03,-47.2680884E-03,+91.6474818E-03
+8.0215125E-03,+9.5232974E-03,-47.5170059E-03,+91.6439735E-03
+8.0218062E-03,+8.8839804E-03,-47.4869353E-03,+91.6431383E-03
+8.0221000E-03,+9.0380854E-03,-47.1945826E-03,+91.6326136E-03
+8.0223937E-03,+9.5489141E-03,-47.0676180E-03,+91.6518253E-03
+8.0226875E-03,+10.1772787E-03,-47.1812179E-03,+91.6553335E-03
+8.0229812E-03,+10.6664967E-03,-47.2029356E-03,+91.6496535E-03
+8.0232750E-03,+11.6319958E-03,-47.2597355E-03,+91.6496535E-03
+8.0235687E-03,+11.3578925E-03,-47.3031708E-03,+91.6474818E-03
+8.0238625E-03,+10.5206979E-03,-47.4167707E-03,+91.6439735E-03
+8.0241562E-03,+9.7310249E-03,-47.4167707E-03,+91.6539971E-03
+8.0244500E-03,+8.0974681E-03,-47.3081825E-03,+91.6588418E-03
+8.0247437E-03,+8.3975189E-03,-47.1110533E-03,+91.6461453E-03
+8.0250375E-03,+8.9183812E-03,-47.4034060E-03,+91.6575053E-03
+8.0253312E-03,+9.5785002E-03,-47.5303706E-03,+91.6575053E-03
+8.0256250E-03,+10.4906340E-03,-47.3516178E-03,+91.6553335E-03
+8.0259187E-03,+10.2355321E-03,-47.2246532E-03,+91.6561688E-03
+8.0262125E-03,+9.1162221E-03,-47.3382531E-03,+91.6623500E-03
+8.0265062E-03,+7.6131015E-03,-47.3816884E-03,+91.6339500E-03
+8.0268000E-03,+6.8190548E-03,-47.5170059E-03,+91.6448088E-03
+8.0270937E-03,+7.1530652E-03,-47.5303706E-03,+91.6666935E-03
+8.0273875E-03,+8.9946802E-03,-47.3733354E-03,+91.6453100E-03
+8.0276812E-03,+9.7696521E-03,-47.2814531E-03,+91.6448088E-03
+8.0279750E-03,+11.3677423E-03,-47.3165355E-03,+91.6666935E-03
+8.0282687E-03,+10.6971854E-03,-47.1728650E-03,+91.6474818E-03
+8.0285625E-03,+9.1705062E-03,-47.0542533E-03,+91.6483171E-03
+8.0288562E-03,+8.0818849E-03,-47.3382531E-03,+91.6566700E-03
+8.0291500E-03,+7.9345424E-03,-47.3165355E-03,+91.6426371E-03
+8.0294437E-03,+8.2429361E-03,-47.1945826E-03,+91.6544982E-03
+8.0297375E-03,+8.7703772E-03,-47.0459004E-03,+91.6304418E-03
+8.0300312E-03,+9.8650627E-03,-47.1027003E-03,+91.6483171E-03
+8.0303250E-03,+10.4347696E-03,-47.2112885E-03,+91.6653571E-03
+8.0306187E-03,+11.1041137E-03,-47.4735706E-03,+91.6610135E-03
+8.0309125E-03,+10.9326981E-03,-47.5253588E-03,+91.6474818E-03
+8.0312062E-03,+10.1468840E-03,-47.6356176E-03,+91.6418018E-03
+8.0315000E-03,+9.7028353E-03,-47.1812179E-03,+91.6461453E-03
+8.0317937E-03,+9.4937848E-03,-47.1812179E-03,+91.6596771E-03
+8.0320875E-03,+9.1989897E-03,-47.1812179E-03,+91.6610135E-03
+8.0323812E-03,+9.5284060E-03,-47.2029356E-03,+91.6474818E-03
+8.0326750E-03,+9.9292700E-03,-47.3466060E-03,+91.6504888E-03
+8.0329687E-03,+10.1544552E-03,-47.4869353E-03,+91.6732088E-03
+8.0332625E-03,+9.4139207E-03,-47.2597355E-03,+91.6645218E-03
+8.0335562E-03,+8.9790235E-03,-47.1728650E-03,+91.6396300E-03
+8.0338500E-03,+8.0572237E-03,-47.0542533E-03,+91.6448088E-03
+8.0341437E-03,+7.9701193E-03,-47.3165355E-03,+91.6666935E-03
+8.0344375E-03,+8.0810028E-03,-47.3031708E-03,+91.6496535E-03
+8.0347312E-03,+9.0842471E-03,-47.4384883E-03,+91.6496535E-03
+8.0350250E-03,+9.8015537E-03,-47.4301354E-03,+91.6474818E-03
+8.0353187E-03,+10.2152077E-03,-47.2814531E-03,+91.6396300E-03
+8.0356125E-03,+9.3242068E-03,-47.3382531E-03,+91.6361218E-03
+8.0359062E-03,+8.8335922E-03,-47.3382531E-03,+91.6374583E-03
+8.0362000E-03,+9.1388987E-03,-47.3599707E-03,+91.6326136E-03
+8.0364937E-03,+8.8120182E-03,-47.3733354E-03,+91.6518253E-03
+8.0367875E-03,+8.5877887E-03,-47.3466060E-03,+91.6553335E-03
+8.0370812E-03,+10.0042460E-03,-47.4435001E-03,+91.6474818E-03
+8.0373750E-03,+11.0828705E-03,-47.1461356E-03,+91.6418018E-03
+8.0376687E-03,+11.2982425E-03,-47.3031708E-03,+91.6461453E-03
+8.0379625E-03,+11.3602447E-03,-47.3733354E-03,+91.6553335E-03
+8.0382562E-03,+10.1134021E-03,-47.2597355E-03,+91.6539971E-03
+8.0385500E-03,+9.1910143E-03,-47.3466060E-03,+91.6588418E-03
+8.0388437E-03,+7.4923681E-03,-47.5738059E-03,+91.6396300E-03
+8.0391375E-03,+6.8528675E-03,-47.4869353E-03,+91.6361218E-03
+8.0394312E-03,+7.4380106E-03,-47.2814531E-03,+91.6439735E-03
+8.0397250E-03,+9.2766118E-03,-47.2948178E-03,+91.6496535E-03
+8.0400187E-03,+10.6591829E-03,-47.2029356E-03,+91.6496535E-03
+8.0403125E-03,+11.7123009E-03,-47.3031708E-03,+91.6539971E-03
+8.0406062E-03,+11.8637596E-03,-47.3299002E-03,+91.6697006E-03
+8.0409000E-03,+10.1357479E-03,-47.1678532E-03,+91.6745453E-03
+8.0411937E-03,+8.6720264E-03,-47.3599707E-03,+91.6531618E-03
+8.0414875E-03,+7.1025300E-03,-47.4167707E-03,+91.6396300E-03
+8.0417812E-03,+7.1318221E-03,-47.3950531E-03,+91.6382935E-03
+8.0420750E-03,+8.3351859E-03,-47.3382531E-03,+91.6496535E-03
+8.0423687E-03,+10.4507204E-03,-47.3382531E-03,+91.6518253E-03
+8.0426625E-03,+11.4213281E-03,-47.3599707E-03,+91.6553335E-03
+8.0429562E-03,+11.3485941E-03,-47.3516178E-03,+91.6453100E-03
+8.0432500E-03,+9.9997254E-03,-47.2246532E-03,+91.6382935E-03
+8.0435437E-03,+8.4103824E-03,-47.2731002E-03,+91.6518253E-03
+8.0438375E-03,+7.4843928E-03,-47.1027003E-03,+91.6531618E-03
+8.0441312E-03,+8.2976245E-03,-47.1895709E-03,+91.6418018E-03
+8.0444250E-03,+9.1661693E-03,-47.4167707E-03,+91.6439735E-03
+8.0447187E-03,+10.0101264E-03,-47.4167707E-03,+91.6474818E-03
+8.0450125E-03,+11.4091261E-03,-47.3516178E-03,+91.6461453E-03
+8.0453062E-03,+11.4556920E-03,-47.1377827E-03,+91.6531618E-03
+8.0456000E-03,+11.2122407E-03,-47.1544885E-03,+91.6418018E-03
+8.0458937E-03,+9.6540275E-03,-47.4301354E-03,+91.6418018E-03
+8.0461875E-03,+8.3627874E-03,-47.2380179E-03,+91.6461453E-03
+8.0464812E-03,+8.4941423E-03,-47.2898061E-03,+91.6575053E-03
+8.0467750E-03,+8.9247762E-03,-47.5086530E-03,+91.6553335E-03
+8.0470687E-03,+10.6477895E-03,-47.2948178E-03,+91.6474818E-03
+8.0473625E-03,+11.0234410E-03,-47.2463708E-03,+91.6418018E-03
+8.0476562E-03,+11.8621425E-03,-47.4384883E-03,+91.6461453E-03
+8.0479500E-03,+10.8827141E-03,-47.4952883E-03,+91.6596771E-03
+8.0482437E-03,+9.5034141E-03,-47.4301354E-03,+91.6631853E-03
+8.0485375E-03,+7.5563182E-03,-47.2597355E-03,+91.6596771E-03
+8.0488312E-03,+6.6125034E-03,-47.2597355E-03,+91.6588418E-03
+8.0491250E-03,+6.6650601E-03,-47.3031708E-03,+91.6526606E-03
+8.0494187E-03,+8.3845451E-03,-47.4384883E-03,+91.6788888E-03
+8.0497125E-03,+10.1783078E-03,-47.4952883E-03,+91.6688653E-03
+8.0500062E-03,+10.9561464E-03,-47.4518530E-03,+91.6531618E-03
+8.0503000E-03,+10.2575471E-03,-47.2731002E-03,+91.6483171E-03
+8.0505937E-03,+8.5712132E-03,-47.1678532E-03,+91.6675288E-03
+8.0508875E-03,+7.4603564E-03,-47.3165355E-03,+91.6688653E-03
+8.0511812E-03,+7.2392876E-03,-47.1945826E-03,+91.6553335E-03
+8.0514750E-03,+9.0058898E-03,-47.1327709E-03,+91.6496535E-03
+8.0517687E-03,+10.4126443E-03,-47.3733354E-03,+91.6518253E-03
+8.0520625E-03,+11.4249298E-03,-47.2814531E-03,+91.6553335E-03
+8.0523562E-03,+11.4001584E-03,-47.3816884E-03,+91.6518253E-03
+8.0526500E-03,+10.0298260E-03,-47.4084178E-03,+91.6553335E-03
+8.0529437E-03,+9.3435389E-03,-47.2463708E-03,+91.6583406E-03
+8.0532375E-03,+8.6917627E-03,-47.3950531E-03,+91.6636865E-03
+8.0535312E-03,+8.2039413E-03,-47.3382531E-03,+91.6291053E-03
+8.0538250E-03,+9.0075805E-03,-47.3382531E-03,+91.6531618E-03
+8.0541187E-03,+9.2085822E-03,-47.3165355E-03,+91.6483171E-03
+8.0544125E-03,+9.8825938E-03,-47.3248884E-03,+91.6610135E-03
+8.0547062E-03,+10.8699976E-03,-47.4084178E-03,+91.6518253E-03
+8.0550000E-03,+10.2696020E-03,-47.2029356E-03,+91.6553335E-03
+8.0552937E-03,+9.6780271E-03,-47.2597355E-03,+91.6518253E-03
+8.0555875E-03,+9.8474581E-03,-47.2814531E-03,+91.6575053E-03
+8.0558812E-03,+8.9419030E-03,-47.2731002E-03,+91.6531618E-03
+8.0561750E-03,+8.7099921E-03,-47.1678532E-03,+91.6418018E-03
+8.0564687E-03,+9.6542112E-03,-47.3816884E-03,+91.6439735E-03
+8.0567625E-03,+10.4294037E-03,-47.5170059E-03,+91.6474818E-03
+8.0570562E-03,+11.1663363E-03,-47.4652177E-03,+91.6461453E-03
+8.0573500E-03,+10.9150567E-03,-47.2029356E-03,+91.6531618E-03
+8.0576437E-03,+9.7539219E-03,-47.2814531E-03,+91.6461453E-03
+8.0579375E-03,+9.0254424E-03,-47.3165355E-03,+91.6575053E-03
+8.0582312E-03,+8.4786326E-03,-47.3031708E-03,+91.6575053E-03
+8.0585250E-03,+8.2935816E-03,-47.4384883E-03,+91.6618488E-03
+8.0588187E-03,+9.7097816E-03,-47.3649825E-03,+91.6666935E-03
+8.0591125E-03,+10.5813770E-03,-47.0893356E-03,+91.6496535E-03
+8.0594062E-03,+10.8279890E-03,-47.2597355E-03,+91.6474818E-03
+8.0597000E-03,+10.6728917E-03,-47.2814531E-03,+91.6418018E-03
+8.0599937E-03,+9.3941109E-03,-47.4251236E-03,+91.6461453E-03
+8.0602875E-03,+7.7656628E-03,-47.6523235E-03,+91.6509900E-03
+8.0605812E-03,+6.7091636E-03,-47.5437353E-03,+91.6361218E-03
+8.0608750E-03,+6.5683631E-03,-47.2597355E-03,+91.6461453E-03
+8.0611687E-03,+8.0491012E-03,-47.2380179E-03,+91.6575053E-03
+8.0614625E-03,+10.0777886E-03,-47.2463708E-03,+91.6531618E-03
+8.0617562E-03,+11.2898629E-03,-47.3733354E-03,+91.6439735E-03
+8.0620500E-03,+11.7111248E-03,-47.3900413E-03,+91.6496535E-03
+8.0623437E-03,+10.3873584E-03,-47.6439705E-03,+91.6539971E-03
+8.0626375E-03,+8.9299583E-03,-47.3950531E-03,+91.6610135E-03
+8.0629312E-03,+8.4603296E-03,-47.3816884E-03,+91.6474818E-03
+8.0632250E-03,+8.4966415E-03,-47.4301354E-03,+91.6418018E-03
+8.0635187E-03,+9.0906788E-03,-47.2597355E-03,+91.6439735E-03
+8.0638125E-03,+10.1601886E-03,-47.2814531E-03,+91.6518253E-03
+8.0641062E-03,+11.4101184E-03,-47.4034060E-03,+91.6575053E-03
+8.0644000E-03,+11.5162608E-03,-47.4652177E-03,+91.6553335E-03
+8.0646937E-03,+10.5095986E-03,-47.2029356E-03,+91.6518253E-03
+8.0649875E-03,+8.9279737E-03,-47.2380179E-03,+91.6596771E-03
+8.0652812E-03,+7.8929381E-03,-47.2463708E-03,+91.6588418E-03
+8.0655750E-03,+8.0883534E-03,-47.4384883E-03,+91.6439735E-03
+8.0658687E-03,+8.4373590E-03,-47.4735706E-03,+91.6561688E-03
+8.0661625E-03,+9.6148489E-03,-47.3950531E-03,+91.6710371E-03
+8.0664562E-03,+10.9179602E-03,-47.3816884E-03,+91.6653571E-03
+8.0667500E-03,+11.0775781E-03,-47.4301354E-03,+91.6610135E-03
+8.0670437E-03,+10.9126310E-03,-47.2163003E-03,+91.6431383E-03
+8.0673375E-03,+9.3737130E-03,-47.1895709E-03,+91.6304418E-03
+8.0676312E-03,+7.9787562E-03,-47.4384883E-03,+91.6548324E-03
+8.0679250E-03,+7.3008119E-03,-47.4735706E-03,+91.6823970E-03
+8.0682187E-03,+8.2798728E-03,-47.4819236E-03,+91.6610135E-03
+8.0685125E-03,+9.3613273E-03,-47.6306058E-03,+91.6518253E-03
+8.0688062E-03,+10.8105314E-03,-47.5738059E-03,+91.6618488E-03
+8.0691000E-03,+11.0449782E-03,-47.5520882E-03,+91.6688653E-03
+8.0693937E-03,+10.3253195E-03,-47.4952883E-03,+91.6596771E-03
+8.0696875E-03,+8.7693114E-03,-47.4301354E-03,+91.6610135E-03
+8.0699812E-03,+7.8253495E-03,-47.2163003E-03,+91.6496535E-03
+8.0702750E-03,+7.1884583E-03,-47.2112885E-03,+91.6453100E-03
+8.0705687E-03,+8.1834699E-03,-47.4735706E-03,+91.6382935E-03
+8.0708625E-03,+9.8050819E-03,-47.4167707E-03,+91.6518253E-03
+8.0711562E-03,+11.5395254E-03,-47.3733354E-03,+91.6553335E-03
+8.0714500E-03,+11.8390984E-03,-47.2597355E-03,+91.6496535E-03
+8.0717437E-03,+11.8624365E-03,-47.3248884E-03,+91.6496535E-03
+8.0720375E-03,+9.5131168E-03,-47.4518530E-03,+91.6474818E-03
+8.0723312E-03,+8.2215459E-03,-47.3382531E-03,+91.6439735E-03
+8.0726250E-03,+7.2202128E-03,-47.2513826E-03,+91.6518253E-03
+8.0729187E-03,+7.3204380E-03,-47.0676180E-03,+91.6553335E-03
+8.0732125E-03,+8.6415950E-03,-47.2246532E-03,+91.6518253E-03
+8.0735062E-03,+9.8708329E-03,-47.4034060E-03,+91.6531618E-03
+8.0738000E-03,+10.1831224E-03,-47.5086530E-03,+91.6439735E-03
+8.0740937E-03,+9.7499526E-03,-47.3816884E-03,+91.6496535E-03
+8.0743875E-03,+8.5721687E-03,-47.3649825E-03,+91.6605124E-03
+8.0746812E-03,+7.2418970E-03,-47.0241828E-03,+91.6758818E-03
+8.0749750E-03,+6.6599514E-03,-47.1544885E-03,+91.6374583E-03
+8.0752687E-03,+6.5100730E-03,-47.4735706E-03,+91.6326136E-03
+8.0755625E-03,+8.9350670E-03,-47.4384883E-03,+91.6496535E-03
+8.0758562E-03,+10.8390516E-03,-47.4301354E-03,+91.6496535E-03
+8.0761500E-03,+12.2850950E-03,-47.3031708E-03,+91.6518253E-03
+8.0764437E-03,+11.5742569E-03,-47.3950531E-03,+91.6553335E-03
+8.0767375E-03,+9.7964450E-03,-47.3599707E-03,+91.6453100E-03
+8.0770312E-03,+8.0354659E-03,-47.3733354E-03,+91.6404653E-03
+8.0773250E-03,+7.0855134E-03,-47.1945826E-03,+91.6488182E-03
+8.0776187E-03,+7.5282757E-03,-47.0893356E-03,+91.6304418E-03
+8.0779125E-03,+9.7974373E-03,-47.2814531E-03,+91.6418018E-03
+8.0782062E-03,+11.2074628E-03,-47.3165355E-03,+91.6504888E-03
+8.0785000E-03,+12.1143042E-03,-47.2814531E-03,+91.6666935E-03
+8.0787937E-03,+11.8492422E-03,-47.3599707E-03,+91.6518253E-03
+8.0790875E-03,+10.4667814E-03,-47.4384883E-03,+91.6488182E-03
+8.0793812E-03,+8.6617723E-03,-47.4735706E-03,+91.6304418E-03
+8.0796750E-03,+7.8799276E-03,-47.4167707E-03,+91.6439735E-03
+8.0799687E-03,+7.5738493E-03,-47.3516178E-03,+91.6496535E-03
+8.0802625E-03,+8.4737812E-03,-47.2029356E-03,+91.6474818E-03
+8.0805562E-03,+10.8281360E-03,-47.2380179E-03,+91.6439735E-03
+8.0808500E-03,+12.1263592E-03,-47.2029356E-03,+91.6518253E-03
+8.0811437E-03,+11.5688543E-03,-47.2814531E-03,+91.6596771E-03
+8.0814375E-03,+11.1202115E-03,-47.3382531E-03,+91.6588418E-03
+8.0817312E-03,+9.1825611E-03,-47.3599707E-03,+91.6483171E-03
+8.0820250E-03,+7.6212606E-03,-47.3733354E-03,+91.6610135E-03
+8.0823187E-03,+7.5424256E-03,-47.2597355E-03,+91.6431383E-03
+8.0826125E-03,+8.6547158E-03,-47.2380179E-03,+91.6347853E-03
+8.0829062E-03,+10.5135311E-03,-47.2246532E-03,+91.6531618E-03
+8.0832000E-03,+11.9636173E-03,-47.4034060E-03,+91.6461453E-03
+8.0834937E-03,+11.9245122E-03,-47.5303706E-03,+91.6553335E-03
+8.0837875E-03,+10.5310623E-03,-47.3516178E-03,+91.6496535E-03
+8.0840812E-03,+8.0635084E-03,-47.2463708E-03,+91.6474818E-03
+8.0843750E-03,+6.1779737E-03,-47.4384883E-03,+91.6396300E-03
+8.0846687E-03,+5.9424978E-03,-47.4084178E-03,+91.6426371E-03
+8.0849625E-03,+7.4213983E-03,-47.2463708E-03,+91.6588418E-03
+8.0852562E-03,+8.9240778E-03,-47.3733354E-03,+91.6439735E-03
+8.0855500E-03,+10.8276215E-03,-47.1511474E-03,+91.6474818E-03
+8.0858437E-03,+10.9372922E-03,-46.9974534E-03,+91.6461453E-03
+8.0861375E-03,+10.3396163E-03,-47.3816884E-03,+91.6575053E-03
+8.0864312E-03,+8.3130975E-03,-47.5170059E-03,+91.6553335E-03
+8.0867250E-03,+7.8022687E-03,-47.5738059E-03,+91.6518253E-03
+8.0870187E-03,+8.2797258E-03,-47.5520882E-03,+91.6509900E-03
+8.0873125E-03,+9.2959438E-03,-47.4084178E-03,+91.6382935E-03
+8.0876062E-03,+10.8623897E-03,-47.3332413E-03,+91.6539971E-03
+8.0879000E-03,+11.7185121E-03,-47.6439705E-03,+91.6610135E-03
+8.0881937E-03,+11.6965339E-03,-47.3950531E-03,+91.6496535E-03
+8.0884875E-03,+11.3273876E-03,-47.4034060E-03,+91.6496535E-03
+8.0887812E-03,+9.5536920E-03,-47.5303706E-03,+91.6453100E-03
+8.0890750E-03,+7.8732386E-03,-47.4384883E-03,+91.6339500E-03
+8.0893687E-03,+6.6951975E-03,-47.4735706E-03,+91.6361218E-03
+8.0896625E-03,+6.8495964E-03,-47.4602059E-03,+91.6461453E-03
+8.0899562E-03,+9.7139347E-03,-47.5086530E-03,+91.6531618E-03
+8.0902500E-03,+10.9518096E-03,-47.3816884E-03,+91.6439735E-03
+8.0905437E-03,+11.4872260E-03,-47.4084178E-03,+91.6496535E-03
+8.0908375E-03,+11.3825905E-03,-47.2246532E-03,+91.6496535E-03
+8.0911312E-03,+9.7235273E-03,-47.3599707E-03,+91.6518253E-03
+8.0914250E-03,+7.7453017E-03,-47.3950531E-03,+91.6553335E-03
+8.0917187E-03,+6.9740418E-03,-47.3165355E-03,+91.6496535E-03
+8.0920125E-03,+8.0636186E-03,-47.2380179E-03,+91.6583406E-03
+8.0923062E-03,+10.2790475E-03,-47.1595003E-03,+91.6702018E-03
+8.0926000E-03,+11.5905752E-03,-47.0809827E-03,+91.6396300E-03
+8.0928937E-03,+11.6071508E-03,-47.1110533E-03,+91.6404653E-03
+8.0931875E-03,+10.4172752E-03,-47.3816884E-03,+91.6553335E-03
+8.0934812E-03,+9.1850236E-03,-47.4735706E-03,+91.6496535E-03
+8.0937750E-03,+6.8897674E-03,-47.4602059E-03,+91.6518253E-03
+8.0940687E-03,+6.7666451E-03,-47.5303706E-03,+91.6575053E-03
+8.0943625E-03,+7.6365866E-03,-47.3516178E-03,+91.6575053E-03
+8.0946562E-03,+9.3708095E-03,-47.2246532E-03,+91.6509900E-03
+8.0949500E-03,+10.8507758E-03,-47.3599707E-03,+91.6382935E-03
+8.0952437E-03,+10.8969007E-03,-47.3733354E-03,+91.6474818E-03
+8.0955375E-03,+10.3962526E-03,-47.2597355E-03,+91.6418018E-03
+8.0958312E-03,+8.5265951E-03,-47.2597355E-03,+91.6396300E-03
+8.0961250E-03,+6.7670494E-03,-47.2814531E-03,+91.6404653E-03
+8.0964187E-03,+6.8598873E-03,-47.2731002E-03,+91.6553335E-03
+8.0967125E-03,+7.9027512E-03,-47.1678532E-03,+91.6431383E-03
+8.0970062E-03,+10.0136915E-03,-47.3599707E-03,+91.6369571E-03
+8.0973000E-03,+12.3183932E-03,-47.3950531E-03,+91.6631853E-03
+8.0975937E-03,+12.3992496E-03,-47.2731002E-03,+91.6575053E-03
+8.0978875E-03,+11.5062641E-03,-47.1244180E-03,+91.6618488E-03
+8.0981812E-03,+9.6643918E-03,-47.2898061E-03,+91.6710371E-03
+8.0984750E-03,+7.9216422E-03,-47.5303706E-03,+91.6588418E-03
+8.0987687E-03,+7.0474741E-03,-47.3950531E-03,+91.6461453E-03
+8.0990625E-03,+7.5831478E-03,-47.3165355E-03,+91.6531618E-03
+8.0993562E-03,+8.9447697E-03,-47.2597355E-03,+91.6418018E-03
+8.0996500E-03,+10.8672779E-03,-47.2597355E-03,+91.6461453E-03
+8.0999437E-03,+12.1430450E-03,-47.3031708E-03,+91.6553335E-03
+8.1002375E-03,+11.7852554E-03,-47.4167707E-03,+91.6518253E-03
+8.1005312E-03,+10.2356791E-03,-47.3733354E-03,+91.6596771E-03
+8.1008250E-03,+8.1036058E-03,-47.2163003E-03,+91.6631853E-03
+8.1011187E-03,+7.4519032E-03,-47.2112885E-03,+91.6553335E-03
+8.1014125E-03,+7.4096373E-03,-47.4084178E-03,+91.6474818E-03
+8.1017062E-03,+9.4428085E-03,-47.2029356E-03,+91.6418018E-03
+8.1020000E-03,+11.4923714E-03,-47.2380179E-03,+91.6439735E-03
+8.1022937E-03,+12.1080562E-03,-47.2029356E-03,+91.6496535E-03
+8.1025875E-03,+11.6443815E-03,-47.2380179E-03,+91.6474818E-03
+8.1028812E-03,+10.2385458E-03,-47.1812179E-03,+91.6504888E-03
+8.1031750E-03,+8.2622314E-03,-47.3332413E-03,+91.6645218E-03
+8.1034687E-03,+6.5857473E-03,-47.5788176E-03,+91.6439735E-03
+8.1037625E-03,+6.2191737E-03,-47.2463708E-03,+91.6496535E-03
+8.1040562E-03,+7.8040328E-03,-47.3299002E-03,+91.6496535E-03
+8.1043500E-03,+10.4235232E-03,-47.2547237E-03,+91.6583406E-03
+8.1046437E-03,+11.3495864E-03,-47.5220177E-03,+91.6723735E-03
+8.1049375E-03,+11.4076192E-03,-47.2029356E-03,+91.6539971E-03
+8.1052312E-03,+10.2277037E-03,-47.2163003E-03,+91.6631853E-03
+8.1055250E-03,+8.1036794E-03,-47.1895709E-03,+91.6553335E-03
+8.1058187E-03,+6.9906174E-03,-47.3733354E-03,+91.6474818E-03
+8.1061125E-03,+6.9035497E-03,-47.2597355E-03,+91.6461453E-03
+8.1064062E-03,+8.5306012E-03,-47.3248884E-03,+91.6553335E-03
+8.1067000E-03,+10.2115691E-03,-47.3215472E-03,+91.6518253E-03
+8.1069937E-03,+11.9809647E-03,-47.0408886E-03,+91.6575053E-03
+8.1072875E-03,+11.4958997E-03,-47.4084178E-03,+91.6596771E-03
+8.1075812E-03,+10.8616547E-03,-47.2029356E-03,+91.6653571E-03
+8.1078750E-03,+9.3841508E-03,-47.3248884E-03,+91.6610135E-03
+8.1081687E-03,+8.1041571E-03,-47.4518530E-03,+91.6496535E-03
+8.1084625E-03,+7.1180765E-03,-47.2731002E-03,+91.6496535E-03
+8.1087562E-03,+7.5079514E-03,-47.1895709E-03,+91.6496535E-03
+8.1090500E-03,+8.9262463E-03,-47.3516178E-03,+91.6561688E-03
+8.1093437E-03,+10.6129845E-03,-47.2029356E-03,+91.6623500E-03
+8.1096375E-03,+10.8400440E-03,-47.3031708E-03,+91.6404653E-03
+8.1099312E-03,+9.6502052E-03,-47.3081825E-03,+91.6596771E-03
+8.1102250E-03,+8.4567646E-03,-47.1110533E-03,+91.6631853E-03
+8.1105187E-03,+7.8378088E-03,-47.2731002E-03,+91.6509900E-03
+8.1108125E-03,+6.9701460E-03,-47.1027003E-03,+91.6382935E-03
+8.1111062E-03,+7.4259924E-03,-47.1244180E-03,+91.6561688E-03
+8.1114000E-03,+9.1062620E-03,-47.1812179E-03,+91.6688653E-03
+8.1116937E-03,+11.4546630E-03,-47.3115237E-03,+91.6553335E-03
+8.1119875E-03,+11.7435041E-03,-47.5003000E-03,+91.6496535E-03
+8.1122812E-03,+11.7892982E-03,-47.0592651E-03,+91.6518253E-03
+8.1125750E-03,+9.9219930E-03,-46.9673828E-03,+91.6553335E-03
+8.1128687E-03,+8.3719756E-03,-47.1110533E-03,+91.6496535E-03
+8.1131625E-03,+7.8627273E-03,-47.3599707E-03,+91.6453100E-03
+8.1134562E-03,+8.2401796E-03,-47.4384883E-03,+91.6404653E-03
+8.1137500E-03,+10.4365337E-03,-47.4301354E-03,+91.6531618E-03
+8.1140437E-03,+12.0542500E-03,-47.3466060E-03,+91.6461453E-03
+8.1143375E-03,+12.4519165E-03,-47.5520882E-03,+91.6531618E-03
+8.1146312E-03,+11.3724835E-03,-47.3867001E-03,+91.6461453E-03
+8.1149250E-03,+9.5159468E-03,-47.2330061E-03,+91.6553335E-03
+8.1152187E-03,+8.0037482E-03,-47.4869353E-03,+91.6474818E-03
+8.1155125E-03,+7.1835334E-03,-47.2597355E-03,+91.6461453E-03
+8.1158062E-03,+6.9409274E-03,-47.2597355E-03,+91.6553335E-03
+8.1161000E-03,+8.1449896E-03,-47.2597355E-03,+91.6496535E-03
+8.1163937E-03,+10.0907991E-03,-47.2163003E-03,+91.6561688E-03
+8.1166875E-03,+11.0517408E-03,-47.2112885E-03,+91.6666935E-03
+8.1169812E-03,+11.0105040E-03,-47.4301354E-03,+91.6474818E-03
+8.1172750E-03,+9.8958249E-03,-47.1511474E-03,+91.6483171E-03
+8.1175687E-03,+8.2831438E-03,-46.9540181E-03,+91.6631853E-03
+8.1178625E-03,+7.7476539E-03,-47.2463708E-03,+91.6553335E-03
+8.1181562E-03,+7.8658145E-03,-47.3516178E-03,+91.6518253E-03
+8.1184500E-03,+9.7482252E-03,-47.1595003E-03,+91.6575053E-03
+8.1187437E-03,+11.4250033E-03,-47.1461356E-03,+91.6553335E-03
+8.1190375E-03,+12.7364208E-03,-47.3031708E-03,+91.6539971E-03
+8.1193312E-03,+12.3697370E-03,-47.3733354E-03,+91.6631853E-03
+8.1196250E-03,+10.6703191E-03,-47.2814531E-03,+91.6509900E-03
+8.1199187E-03,+8.4952081E-03,-47.3382531E-03,+91.6361218E-03
+8.1202125E-03,+7.6264060E-03,-47.3165355E-03,+91.6418018E-03
+8.1205062E-03,+7.0267087E-03,-47.2597355E-03,+91.6461453E-03
+8.1208000E-03,+8.0905585E-03,-47.2597355E-03,+91.6466465E-03
+8.1210937E-03,+9.5798233E-03,-47.2163003E-03,+91.6312771E-03
+8.1213875E-03,+11.0559306E-03,-47.1244180E-03,+91.6610135E-03
+8.1216812E-03,+10.7663544E-03,-47.2029356E-03,+91.6474818E-03
+8.1219750E-03,+9.9802096E-03,-47.2380179E-03,+91.6396300E-03
+8.1222687E-03,+8.7477742E-03,-47.2463708E-03,+91.6339500E-03
+8.1225625E-03,+7.5936224E-03,-47.4167707E-03,+91.6339500E-03
+8.1228562E-03,+7.7888171E-03,-47.4167707E-03,+91.6426371E-03
+8.1231500E-03,+8.5776817E-03,-47.3950531E-03,+91.6653571E-03
+8.1234437E-03,+10.1251631E-03,-47.2731002E-03,+91.6631853E-03
+8.1237375E-03,+11.6919030E-03,-47.1461356E-03,+91.6596771E-03
+8.1240312E-03,+11.8716615E-03,-47.2163003E-03,+91.6588418E-03
+8.1243250E-03,+10.5591047E-03,-47.1678532E-03,+91.6439735E-03
+8.1246187E-03,+9.2509950E-03,-47.3599707E-03,+91.6539971E-03
+8.1249125E-03,+8.2186792E-03,-47.3950531E-03,+91.6566700E-03
+8.1252062E-03,+7.8736796E-03,-47.2513826E-03,+91.6426371E-03
+8.1255000E-03,+8.5490879E-03,-47.0676180E-03,+91.6566700E-03
+8.1257937E-03,+9.9506970E-03,-47.1377827E-03,+91.6382935E-03
+8.1260875E-03,+10.9296108E-03,-47.1110533E-03,+91.6518253E-03
+8.1263812E-03,+11.1235560E-03,-47.3165355E-03,+91.6596771E-03
+8.1266750E-03,+10.0794425E-03,-47.2163003E-03,+91.6588418E-03
+8.1269687E-03,+8.6729085E-03,-47.0809827E-03,+91.6374583E-03
+8.1272625E-03,+8.4729359E-03,-47.1110533E-03,+91.6326136E-03
+8.1275562E-03,+7.7411119E-03,-47.3165355E-03,+91.6539971E-03
+8.1278500E-03,+7.7725356E-03,-47.2163003E-03,+91.6588418E-03
+8.1281437E-03,+8.4320666E-03,-47.1027003E-03,+91.6439735E-03
+8.1284375E-03,+9.7131629E-03,-47.1027003E-03,+91.6474818E-03
+8.1287312E-03,+10.3780966E-03,-47.1244180E-03,+91.6483171E-03
+8.1290250E-03,+10.2393544E-03,-47.1812179E-03,+91.6631853E-03
+8.1293187E-03,+9.1654710E-03,-47.1812179E-03,+91.6553335E-03
+8.1296125E-03,+8.3049383E-03,-47.1812179E-03,+91.6518253E-03
+8.1299062E-03,+8.1719663E-03,-47.2029356E-03,+91.6509900E-03
+8.1302000E-03,+8.1241507E-03,-47.2163003E-03,+91.6339500E-03
+8.1304937E-03,+9.1094228E-03,-47.1244180E-03,+91.6382935E-03
+8.1307875E-03,+10.1637904E-03,-47.2246532E-03,+91.6474818E-03
+8.1310812E-03,+10.5813035E-03,-47.3382531E-03,+91.6483171E-03
+8.1313750E-03,+10.7900600E-03,-47.2513826E-03,+91.6631853E-03
+8.1316687E-03,+9.8299269E-03,-47.0024651E-03,+91.6553335E-03
+8.1319625E-03,+9.2197551E-03,-46.9456652E-03,+91.6496535E-03
+8.1322562E-03,+8.6816189E-03,-47.0325357E-03,+91.6539971E-03
+8.1325500E-03,+9.2619107E-03,-47.2597355E-03,+91.6631853E-03
+8.1328437E-03,+9.6440307E-03,-47.3248884E-03,+91.6575053E-03
+8.1331375E-03,+10.9918703E-03,-47.4735706E-03,+91.6553335E-03
+8.1334312E-03,+11.1929087E-03,-47.4167707E-03,+91.6518253E-03
+8.1337250E-03,+10.5339290E-03,-47.3733354E-03,+91.6618488E-03
+8.1340187E-03,+9.2079574E-03,-47.2597355E-03,+91.6666935E-03
+8.1343125E-03,+7.8480261E-03,-47.2163003E-03,+91.6539971E-03
+8.1346062E-03,+7.9540950E-03,-47.1895709E-03,+91.6610135E-03
+8.1349000E-03,+8.2858635E-03,-47.3733354E-03,+91.6518253E-03
+8.1351937E-03,+9.6295133E-03,-47.2597355E-03,+91.6488182E-03
+8.1354875E-03,+10.2956966E-03,-47.2597355E-03,+91.6304418E-03
+8.1357812E-03,+11.4700257E-03,-47.3248884E-03,+91.6418018E-03
+8.1360750E-03,+11.4193802E-03,-47.4301354E-03,+91.6483171E-03
+8.1363687E-03,+10.2876845E-03,-47.2814531E-03,+91.6610135E-03
+8.1366625E-03,+8.1284508E-03,-47.3382531E-03,+91.6496535E-03
+8.1369562E-03,+7.1958089E-03,-47.2948178E-03,+91.6496535E-03
+8.1372500E-03,+7.8204614E-03,-47.1812179E-03,+91.6539971E-03
+8.1375437E-03,+8.6941884E-03,-47.2680884E-03,+91.6566700E-03
+8.1378375E-03,+10.6319857E-03,-47.3649825E-03,+91.6404653E-03
+8.1381312E-03,+11.2411653E-03,-47.1544885E-03,+91.6531618E-03
+8.1384250E-03,+10.5722255E-03,-47.4518530E-03,+91.6418018E-03
+8.1387187E-03,+8.9249967E-03,-47.3599707E-03,+91.6526606E-03
+8.1390125E-03,+7.0523623E-03,-47.3733354E-03,+91.6702018E-03
+8.1393062E-03,+5.8699108E-03,-47.2597355E-03,+91.6461453E-03
+8.1396000E-03,+6.5943107E-03,-47.2163003E-03,+91.6531618E-03
+8.1398937E-03,+7.4857526E-03,-47.2112885E-03,+91.6418018E-03
+8.1401875E-03,+9.5353523E-03,-47.4084178E-03,+91.6352865E-03
+8.1404812E-03,+11.0850756E-03,-47.2029356E-03,+91.6247618E-03
+8.1407750E-03,+11.6533492E-03,-47.2163003E-03,+91.6461453E-03
+8.1410687E-03,+10.7270655E-03,-47.1244180E-03,+91.6618488E-03
+8.1413625E-03,+9.3265958E-03,-47.2463708E-03,+91.6666935E-03
+8.1416562E-03,+7.6754712E-03,-47.4167707E-03,+91.6474818E-03
+8.1419500E-03,+7.3288912E-03,-47.3081825E-03,+91.6439735E-03
+8.1422437E-03,+8.8399504E-03,-47.1110533E-03,+91.6496535E-03
+8.1425375E-03,+10.7086523E-03,-47.2948178E-03,+91.6561688E-03
+8.1428312E-03,+11.9511581E-03,-47.2246532E-03,+91.6688653E-03
+8.1431250E-03,+11.9454614E-03,-47.3382531E-03,+91.6596771E-03
+8.1434187E-03,+10.4342918E-03,-47.3165355E-03,+91.6610135E-03
+8.1437125E-03,+8.5983001E-03,-47.2814531E-03,+91.6539971E-03
+8.1440062E-03,+7.7522112E-03,-47.2731002E-03,+91.6631853E-03
+8.1443000E-03,+7.1037428E-03,-47.1461356E-03,+91.6553335E-03
+8.1445937E-03,+8.3410296E-03,-47.3031708E-03,+91.6539971E-03
+8.1448875E-03,+10.0598531E-03,-47.4602059E-03,+91.6631853E-03
+8.1451812E-03,+11.6550031E-03,-47.3566296E-03,+91.6553335E-03
+8.1454750E-03,+12.6831291E-03,-46.8972181E-03,+91.6496535E-03
+8.1457687E-03,+11.0468159E-03,-47.2246532E-03,+91.6539971E-03
+8.1460625E-03,+9.0343734E-03,-47.3599707E-03,+91.6653571E-03
+8.1463562E-03,+7.1066831E-03,-47.3299002E-03,+91.6631853E-03
+8.1466500E-03,+6.6294465E-03,-47.1027003E-03,+91.6553335E-03
+8.1469437E-03,+7.8875722E-03,-47.2112885E-03,+91.6561688E-03
+8.1472375E-03,+9.2935181E-03,-47.4301354E-03,+91.6666935E-03
+8.1475312E-03,+11.3352527E-03,-47.2597355E-03,+91.6496535E-03
+8.1478250E-03,+12.5078177E-03,-47.3031708E-03,+91.6496535E-03
+8.1481187E-03,+11.0375542E-03,-47.3299002E-03,+91.6518253E-03
+8.1484125E-03,+9.6099240E-03,-47.1461356E-03,+91.6553335E-03
+8.1487062E-03,+7.7181413E-03,-47.2597355E-03,+91.6561688E-03
+8.1490000E-03,+7.3812273E-03,-47.2597355E-03,+91.6688653E-03
+8.1492937E-03,+8.2010010E-03,-47.3248884E-03,+91.6553335E-03
+8.1495875E-03,+9.5685769E-03,-47.4518530E-03,+91.6539971E-03
+8.1498812E-03,+11.0293950E-03,-47.2513826E-03,+91.6588418E-03
+8.1501750E-03,+11.5738894E-03,-47.0893356E-03,+91.6439735E-03
+8.1504687E-03,+10.8878963E-03,-47.2597355E-03,+91.6539971E-03
+8.1507625E-03,+9.9947638E-03,-47.3031708E-03,+91.6631853E-03
+8.1510562E-03,+8.2833644E-03,-47.3950531E-03,+91.6575053E-03
+8.1513500E-03,+7.2372662E-03,-47.3165355E-03,+91.6575053E-03
+8.1516437E-03,+7.6920835E-03,-47.2597355E-03,+91.6553335E-03
+8.1519375E-03,+8.9484083E-03,-47.3031708E-03,+91.6496535E-03
+8.1522312E-03,+10.1962800E-03,-47.3733354E-03,+91.6539971E-03
+8.1525250E-03,+10.5843907E-03,-47.2163003E-03,+91.6631853E-03
+8.1528187E-03,+9.9825618E-03,-47.1461356E-03,+91.6618488E-03
+8.1531125E-03,+9.4130019E-03,-47.3031708E-03,+91.6688653E-03
+8.1534062E-03,+8.0110253E-03,-47.3733354E-03,+91.6531618E-03
+8.1537000E-03,+7.1622902E-03,-47.2597355E-03,+91.6352865E-03
+8.1539937E-03,+7.6744053E-03,-47.2814531E-03,+91.6269336E-03
+8.1542875E-03,+8.8453164E-03,-47.4034060E-03,+91.6518253E-03
+8.1545812E-03,+10.3466729E-03,-47.4869353E-03,+91.6488182E-03
+8.1548750E-03,+11.6652572E-03,-47.2597355E-03,+91.6369571E-03
+8.1551687E-03,+10.8935195E-03,-47.1945826E-03,+91.6631853E-03
+8.1554625E-03,+10.1045447E-03,-47.2196414E-03,+91.6531618E-03
+8.1557562E-03,+8.7372261E-03,-47.6222529E-03,+91.6483171E-03
+8.1560500E-03,+6.5606450E-03,-47.3599707E-03,+91.6631853E-03
+8.1563437E-03,+7.0417774E-03,-47.3516178E-03,+91.6553335E-03
+8.1566375E-03,+7.4583349E-03,-47.1812179E-03,+91.6518253E-03
+8.1569312E-03,+9.0379016E-03,-47.2463708E-03,+91.6640206E-03
+8.1572250E-03,+10.9737878E-03,-47.3516178E-03,+91.6745453E-03
+8.1575187E-03,+11.2288898E-03,-47.1812179E-03,+91.6618488E-03
+8.1578125E-03,+10.5513499E-03,-47.2029356E-03,+91.6666935E-03
+8.1581062E-03,+9.6586584E-03,-47.2380179E-03,+91.6496535E-03
+8.1584000E-03,+7.7057188E-03,-47.1160650E-03,+91.6539971E-03
+8.1586937E-03,+7.7911693E-03,-47.0325357E-03,+91.6631853E-03
+8.1589875E-03,+9.7007037E-03,-47.3248884E-03,+91.6596771E-03
+8.1592812E-03,+10.8716147E-03,-47.5170059E-03,+91.6610135E-03
+8.1595750E-03,+12.3200470E-03,-47.4869353E-03,+91.6496535E-03
+8.1598687E-03,+12.4912789E-03,-47.3031708E-03,+91.6518253E-03
+8.1601625E-03,+11.8923534E-03,-47.4167707E-03,+91.6553335E-03
+8.1604562E-03,+10.1688991E-03,-47.3516178E-03,+91.6539971E-03
+8.1607500E-03,+7.4896117E-03,-47.2898061E-03,+91.6588418E-03
+8.1610437E-03,+6.3090346E-03,-47.5086530E-03,+91.6396300E-03
+8.1613375E-03,+6.5126825E-03,-47.3816884E-03,+91.6382935E-03
+8.1616312E-03,+8.2914132E-03,-47.4735706E-03,+91.6474818E-03
+8.1619250E-03,+10.2818040E-03,-47.3950531E-03,+91.6439735E-03
+8.1622187E-03,+11.5736689E-03,-47.2513826E-03,+91.6539971E-03
+8.1625125E-03,+10.7935148E-03,-47.1327709E-03,+91.6697006E-03
+8.1628062E-03,+8.3711671E-03,-47.3516178E-03,+91.6745453E-03
+8.1631000E-03,+7.1442813E-03,-47.1595003E-03,+91.6575053E-03
+8.1633937E-03,+6.4430357E-03,-47.1027003E-03,+91.6618488E-03
+8.1636875E-03,+7.4815628E-03,-47.1244180E-03,+91.6710371E-03
+8.1639812E-03,+9.7202195E-03,-47.1595003E-03,+91.6610135E-03
+8.1642750E-03,+11.1970250E-03,-47.1461356E-03,+91.6518253E-03
+8.1645687E-03,+12.8140062E-03,-47.3031708E-03,+91.6531618E-03
+8.1648625E-03,+12.4794812E-03,-47.3299002E-03,+91.6483171E-03
+8.1651562E-03,+10.5548047E-03,-47.1895709E-03,+91.6675288E-03
+8.1654500E-03,+8.1410938E-03,-47.3516178E-03,+91.6688653E-03
+8.1657437E-03,+7.4032791E-03,-47.2029356E-03,+91.6575053E-03
+8.1660375E-03,+7.4815628E-03,-47.3031708E-03,+91.6553335E-03
+8.1663312E-03,+8.6798180E-03,-47.4167707E-03,+91.6539971E-03
+8.1666250E-03,+10.4902297E-03,-47.3299002E-03,+91.6653571E-03
+8.1669187E-03,+12.2994654E-03,-47.1461356E-03,+91.6631853E-03
+8.1672125E-03,+11.6056072E-03,-47.2380179E-03,+91.6553335E-03
+8.1675062E-03,+10.1272948E-03,-47.2246532E-03,+91.6496535E-03
+8.1678000E-03,+8.0545040E-03,-47.2948178E-03,+91.6518253E-03
+8.1680937E-03,+6.9415522E-03,-47.2029356E-03,+91.6509900E-03
+8.1683875E-03,+8.1954881E-03,-47.2814531E-03,+91.6382935E-03
+8.1686812E-03,+8.6538337E-03,-47.3165355E-03,+91.6496535E-03
+8.1689750E-03,+9.6751604E-03,-47.1945826E-03,+91.6539971E-03
+8.1692687E-03,+10.3966201E-03,-47.0676180E-03,+91.6653571E-03
+8.1695625E-03,+10.8973418E-03,-47.2463708E-03,+91.6653571E-03
+8.1698562E-03,+9.7354719E-03,-47.4602059E-03,+91.6588418E-03
+8.1701500E-03,+8.9606103E-03,-47.5303706E-03,+91.6504888E-03
+8.1704437E-03,+7.3722596E-03,-47.4167707E-03,+91.6666935E-03
+8.1707375E-03,+7.1878335E-03,-47.4167707E-03,+91.6539971E-03
+8.1710312E-03,+8.4573526E-03,-47.3733354E-03,+91.6610135E-03
+8.1713250E-03,+10.0717978E-03,-47.2597355E-03,+91.6474818E-03
+8.1716187E-03,+11.6082534E-03,-47.2163003E-03,+91.6483171E-03
+8.1719125E-03,+11.9503863E-03,-47.1678532E-03,+91.6610135E-03
+8.1722062E-03,+10.3427036E-03,-47.3165355E-03,+91.6474818E-03
+8.1725000E-03,+8.5997702E-03,-47.3031708E-03,+91.6483171E-03
+8.1727937E-03,+7.6444149E-03,-47.3516178E-03,+91.6653571E-03
+8.1730875E-03,+7.9591301E-03,-47.1595003E-03,+91.6675288E-03
+8.1733812E-03,+9.5650854E-03,-47.1027003E-03,+91.6710371E-03
+8.1736750E-03,+11.3310996E-03,-47.1678532E-03,+91.6631853E-03
+8.1739687E-03,+12.0951560E-03,-47.2948178E-03,+91.6596771E-03
+8.1742625E-03,+11.4463568E-03,-47.1812179E-03,+91.6675288E-03
+8.1745562E-03,+10.0669465E-03,-47.1595003E-03,+91.6688653E-03
+8.1748500E-03,+8.4405198E-03,-47.1461356E-03,+91.6596771E-03
+8.1751437E-03,+6.9813189E-03,-47.1945826E-03,+91.6675288E-03
+8.1754375E-03,+7.0111622E-03,-47.0893356E-03,+91.6666935E-03
+8.1757312E-03,+8.3891392E-03,-47.2597355E-03,+91.6496535E-03
+8.1760250E-03,+9.3987417E-03,-47.2814531E-03,+91.6518253E-03
+8.1763187E-03,+10.3611903E-03,-47.4034060E-03,+91.6618488E-03
+8.1766125E-03,+10.3662622E-03,-47.5086530E-03,+91.6688653E-03
+8.1769062E-03,+9.5699736E-03,-47.3816884E-03,+91.6640206E-03
+8.1772000E-03,+7.9889000E-03,-47.3867001E-03,+91.6702018E-03
+8.1774937E-03,+7.4346293E-03,-47.1895709E-03,+91.6483171E-03
+8.1777875E-03,+7.5925198E-03,-47.3516178E-03,+91.6610135E-03
+8.1780812E-03,+9.5187400E-03,-47.2246532E-03,+91.6539971E-03
+8.1783750E-03,+10.4248831E-03,-47.2731002E-03,+91.6697006E-03
+8.1786687E-03,+11.2940527E-03,-47.1027003E-03,+91.6745453E-03
+8.1789625E-03,+11.2566750E-03,-47.1244180E-03,+91.6596771E-03
+8.1792562E-03,+11.3953438E-03,-47.1377827E-03,+91.6653571E-03
+8.1795500E-03,+10.3170500E-03,-47.0893356E-03,+91.6653571E-03
+8.1798437E-03,+8.8058438E-03,-47.3031708E-03,+91.6675288E-03
+8.1801375E-03,+8.2329026E-03,-47.3733354E-03,+91.6666935E-03
+8.1804312E-03,+9.2583824E-03,-47.3031708E-03,+91.6518253E-03
+8.1807250E-03,+10.4445459E-03,-47.3516178E-03,+91.6596771E-03
+8.1810187E-03,+11.2179374E-03,-47.2246532E-03,+91.6675288E-03
+8.1813125E-03,+11.3976959E-03,-47.3165355E-03,+91.6732088E-03
+8.1816062E-03,+10.4395107E-03,-47.2380179E-03,+91.6688653E-03
+8.1819000E-03,+9.4469983E-03,-47.2029356E-03,+91.6575053E-03
+8.1821937E-03,+7.9618499E-03,-47.2814531E-03,+91.6618488E-03
+8.1824875E-03,+7.3409094E-03,-47.2948178E-03,+91.6688653E-03
+8.1827812E-03,+7.3755674E-03,-47.2029356E-03,+91.6553335E-03
+8.1830750E-03,+8.7035604E-03,-47.2597355E-03,+91.6496535E-03
+8.1833687E-03,+9.7922919E-03,-47.2814531E-03,+91.6496535E-03
+8.1836625E-03,+10.4371585E-03,-47.2513826E-03,+91.6561688E-03
+8.1839562E-03,+10.1101679E-03,-47.1327709E-03,+91.6688653E-03
+8.1842500E-03,+8.6414847E-03,-47.4384883E-03,+91.6575053E-03
+8.1845437E-03,+8.0815173E-03,-47.5170059E-03,+91.6596771E-03
+8.1848375E-03,+7.4613487E-03,-47.5086530E-03,+91.6610135E-03
+8.1851312E-03,+7.5960481E-03,-47.3599707E-03,+91.6518253E-03
+8.1854250E-03,+9.3289479E-03,-47.3516178E-03,+91.6553335E-03
+8.1857187E-03,+10.8067458E-03,-47.2463708E-03,+91.6518253E-03
+8.1860125E-03,+11.1871753E-03,-47.4384883E-03,+91.6596771E-03
+8.1863062E-03,+10.3944149E-03,-47.4735706E-03,+91.6675288E-03
+8.1866000E-03,+9.5114629E-03,-47.3516178E-03,+91.6710371E-03
+8.1868937E-03,+7.9912522E-03,-47.2463708E-03,+91.6653571E-03
+8.1871875E-03,+7.7556293E-03,-47.3733354E-03,+91.6566700E-03
+8.1874812E-03,+7.8544946E-03,-47.3031708E-03,+91.6426371E-03
+8.1877750E-03,+9.1605093E-03,-47.2864649E-03,+91.6566700E-03
+8.1880687E-03,+10.9968319E-03,-47.0542533E-03,+91.6404653E-03
+8.1883625E-03,+11.9534735E-03,-47.3165355E-03,+91.6575053E-03
+8.1886562E-03,+10.7115926E-03,-47.2814531E-03,+91.6661924E-03
+8.1889500E-03,+8.9706438E-03,-47.2948178E-03,+91.6845688E-03
+8.1892437E-03,+7.4007064E-03,-47.1595003E-03,+91.6688653E-03
+8.1895375E-03,+6.7655793E-03,-47.1678532E-03,+91.6596771E-03
+8.1898312E-03,+8.4928559E-03,-47.3599707E-03,+91.6610135E-03
+8.1901250E-03,+8.9900861E-03,-47.3299002E-03,+91.6561688E-03
+8.1904187E-03,+10.6283472E-03,-47.1244180E-03,+91.6666935E-03
+8.1907125E-03,+11.9265336E-03,-47.1812179E-03,+91.6518253E-03
+8.1910062E-03,+12.3684506E-03,-47.2029356E-03,+91.6596771E-03
+8.1913000E-03,+11.0532844E-03,-47.2163003E-03,+91.6675288E-03
+8.1915937E-03,+8.9954520E-03,-47.1895709E-03,+91.6732088E-03
+8.1918875E-03,+8.4920106E-03,-47.3516178E-03,+91.6710371E-03
+8.1921812E-03,+8.1312440E-03,-47.1812179E-03,+91.6631853E-03
+8.1924750E-03,+8.8573346E-03,-47.2463708E-03,+91.6618488E-03
+8.1927687E-03,+9.7981724E-03,-47.3733354E-03,+91.6645218E-03
+8.1930625E-03,+11.3661252E-03,-47.2814531E-03,+91.6396300E-03
+8.1933562E-03,+11.7837485E-03,-47.3165355E-03,+91.6404653E-03
+8.1936500E-03,+10.7803205E-03,-47.1945826E-03,+91.6553335E-03
+8.1939437E-03,+9.1720865E-03,-47.0893356E-03,+91.6539971E-03
+8.1942375E-03,+7.7331732E-03,-47.3031708E-03,+91.6631853E-03
+8.1945312E-03,+7.4904937E-03,-47.4602059E-03,+91.6575053E-03
+8.1948250E-03,+8.2639588E-03,-47.4652177E-03,+91.6596771E-03
+8.1951187E-03,+10.0954667E-03,-47.2029356E-03,+91.6631853E-03
+8.1954125E-03,+11.0523656E-03,-47.2814531E-03,+91.6553335E-03
+8.1957062E-03,+11.0407884E-03,-47.3599707E-03,+91.6518253E-03
+8.1960000E-03,+9.8962659E-03,-47.3299002E-03,+91.6531618E-03
+8.1962937E-03,+8.5035143E-03,-47.1244180E-03,+91.6461453E-03
+8.1965875E-03,+7.6562494E-03,-47.2463708E-03,+91.6618488E-03
+8.1968812E-03,+7.4154810E-03,-47.4167707E-03,+91.6623500E-03
+8.1971750E-03,+8.8364589E-03,-47.3950531E-03,+91.6361218E-03
+8.1974687E-03,+10.3683938E-03,-47.2948178E-03,+91.6504888E-03
+8.1977625E-03,+10.7025881E-03,-47.2246532E-03,+91.6688653E-03
+8.1980562E-03,+10.5174637E-03,-47.3599707E-03,+91.6640206E-03
+8.1983500E-03,+9.6307261E-03,-47.3516178E-03,+91.6745453E-03
+8.1986437E-03,+8.2763813E-03,-47.2463708E-03,+91.6531618E-03
+8.1989375E-03,+7.2594649E-03,-47.3081825E-03,+91.6483171E-03
+8.1992312E-03,+7.2890510E-03,-47.0676180E-03,+91.6610135E-03
+8.1995250E-03,+7.8589784E-03,-47.2898061E-03,+91.6474818E-03
+8.1998187E-03,+8.9987230E-03,-47.4869353E-03,+91.6439735E-03
+8.2001125E-03,+9.9214784E-03,-47.2814531E-03,+91.6561688E-03
+8.2004062E-03,+10.1242442E-03,-47.4034060E-03,+91.6753806E-03
+8.2007000E-03,+10.2017562E-03,-47.5955235E-03,+91.6745453E-03
+8.2009937E-03,+9.5160938E-03,-47.5003000E-03,+91.6531618E-03
+8.2012875E-03,+9.0767495E-03,-47.2112885E-03,+91.6418018E-03
+8.2015812E-03,+8.7306841E-03,-47.4518530E-03,+91.6461453E-03
+8.2018750E-03,+8.6749299E-03,-47.3816884E-03,+91.6553335E-03
+8.2021687E-03,+11.0300933E-03,-47.4952883E-03,+91.6496535E-03
+8.2024625E-03,+12.2206304E-03,-47.4735706E-03,+91.6539971E-03
+8.2027562E-03,+11.4194537E-03,-47.4384883E-03,+91.6631853E-03
+8.2030500E-03,+10.3609698E-03,-47.5170059E-03,+91.6553335E-03
+8.2033437E-03,+9.4900727E-03,-47.5738059E-03,+91.6518253E-03
+8.2036375E-03,+8.6262323E-03,-47.5520882E-03,+91.6596771E-03
+8.2039312E-03,+7.7058291E-03,-47.4952883E-03,+91.6631853E-03
+8.2042250E-03,+7.6554040E-03,-47.4301354E-03,+91.6596771E-03
+8.2045187E-03,+9.0884001E-03,-47.2597355E-03,+91.6631853E-03
+8.2048125E-03,+9.9852080E-03,-47.2380179E-03,+91.6596771E-03
+8.2051062E-03,+10.6083904E-03,-47.2463708E-03,+91.6631853E-03
+8.2054000E-03,+10.5219108E-03,-47.4167707E-03,+91.6575053E-03
+8.2056937E-03,+9.3467364E-03,-47.4819236E-03,+91.6553335E-03
+8.2059875E-03,+7.8970912E-03,-47.5654529E-03,+91.6496535E-03
+8.2062812E-03,+7.5117369E-03,-47.2079473E-03,+91.6518253E-03
+8.2065750E-03,+7.6016713E-03,-46.9540181E-03,+91.6553335E-03
+8.2068687E-03,+9.1589657E-03,-47.2680884E-03,+91.6518253E-03
+8.2071625E-03,+9.4505634E-03,-47.4952883E-03,+91.6531618E-03
+8.2074562E-03,+9.9280939E-03,-47.5387235E-03,+91.6461453E-03
+8.2077500E-03,+10.8516947E-03,-47.5003000E-03,+91.6596771E-03
+8.2080437E-03,+10.5832514E-03,-47.2330061E-03,+91.6675288E-03
+8.2083375E-03,+9.7477842E-03,-47.5520882E-03,+91.6666935E-03
+8.2086312E-03,+8.5165616E-03,-47.4735706E-03,+91.6518253E-03
+8.2089250E-03,+8.9153307E-03,-47.3733354E-03,+91.6553335E-03
+8.2092187E-03,+9.2162268E-03,-47.2814531E-03,+91.6539971E-03
+8.2095125E-03,+10.0012690E-03,-47.3382531E-03,+91.6675288E-03
+8.2098062E-03,+10.4981684E-03,-47.3165355E-03,+91.6601782E-03
+8.2101000E-03,+10.5287468E-03,-47.3248884E-03,+91.6304418E-03
+8.2103937E-03,+10.0807288E-03,-47.4952883E-03,+91.6461453E-03
+8.2106875E-03,+9.5229666E-03,-47.3867001E-03,+91.6575053E-03
+8.2109812E-03,+8.0269025E-03,-47.1244180E-03,+91.6531618E-03
+8.2112750E-03,+8.0006242E-03,-47.2029356E-03,+91.6526606E-03
+8.2115687E-03,+9.2830803E-03,-47.2163003E-03,+91.6745453E-03
+8.2118625E-03,+10.1156441E-03,-47.1895709E-03,+91.6553335E-03
+8.2121562E-03,+10.6788825E-03,-47.3733354E-03,+91.6453100E-03
+8.2124500E-03,+10.8331712E-03,-47.3466060E-03,+91.6404653E-03
+8.2127437E-03,+10.4178265E-03,-47.5520882E-03,+91.6575053E-03
+8.2130375E-03,+9.2481651E-03,-47.4952883E-03,+91.6575053E-03
+8.2133312E-03,+8.1819998E-03,-47.4301354E-03,+91.6575053E-03
+8.2136250E-03,+7.8500842E-03,-47.2814531E-03,+91.6531618E-03
+8.2139187E-03,+8.8688750E-03,-47.3165355E-03,+91.6418018E-03
+8.2142125E-03,+9.5852260E-03,-47.3031708E-03,+91.6439735E-03
+8.2145062E-03,+9.8159976E-03,-47.4384883E-03,+91.6431383E-03
+8.2148000E-03,+10.7756529E-03,-47.4301354E-03,+91.6304418E-03
+8.2150937E-03,+10.4761534E-03,-47.2597355E-03,+91.6483171E-03
+8.2153875E-03,+9.4640884E-03,-47.3466060E-03,+91.6610135E-03
+8.2156812E-03,+8.2633340E-03,-47.5520882E-03,+91.6474818E-03
+8.2159750E-03,+7.9855187E-03,-47.4518530E-03,+91.6418018E-03
+8.2162687E-03,+8.4680845E-03,-47.2296650E-03,+91.6461453E-03
+8.2165625E-03,+9.5280017E-03,-47.0325357E-03,+91.6531618E-03
+8.2168562E-03,+10.5101131E-03,-47.2597355E-03,+91.6418018E-03
+8.2171500E-03,+11.0121211E-03,-47.2380179E-03,+91.6504888E-03
+8.2174437E-03,+10.0672772E-03,-47.2680884E-03,+91.6645218E-03
+8.2177375E-03,+9.0259202E-03,-47.5170059E-03,+91.6461453E-03
+8.2180312E-03,+8.2460601E-03,-47.5520882E-03,+91.6553335E-03
+8.2183250E-03,+8.1882846E-03,-47.4735706E-03,+91.6496535E-03
+8.2186187E-03,+8.1699081E-03,-47.3950531E-03,+91.6474818E-03
+8.2189125E-03,+8.9138238E-03,-47.3165355E-03,+91.6418018E-03
+8.2192062E-03,+9.7982092E-03,-47.2380179E-03,+91.6483171E-03
+8.2195000E-03,+9.7874406E-03,-47.2463708E-03,+91.6631853E-03
+8.2197937E-03,+10.0689311E-03,-47.4819236E-03,+91.6553335E-03
+8.2200875E-03,+9.6836503E-03,-47.6088882E-03,+91.6496535E-03
+8.2203812E-03,+8.6246151E-03,-47.4301354E-03,+91.6496535E-03
+8.2206750E-03,+8.6843019E-03,-47.3031708E-03,+91.6453100E-03
+8.2209687E-03,+8.2951253E-03,-47.3516178E-03,+91.6426371E-03
+8.2212625E-03,+9.3587178E-03,-47.2463708E-03,+91.6610135E-03
+8.2215562E-03,+10.0583830E-03,-47.4384883E-03,+91.6539971E-03
+8.2218500E-03,+9.8169164E-03,-47.4301354E-03,+91.6653571E-03
+8.2221437E-03,+9.9248964E-03,-47.3900413E-03,+91.6610135E-03
+8.2224375E-03,+9.7584793E-03,-47.6222529E-03,+91.6474818E-03
+8.2227312E-03,+9.2232098E-03,-47.2948178E-03,+91.6418018E-03
+8.2230250E-03,+8.8498370E-03,-47.2463708E-03,+91.6418018E-03
+8.2233187E-03,+9.7244093E-03,-47.3516178E-03,+91.6418018E-03
+8.2236125E-03,+10.2564077E-03,-47.2246532E-03,+91.6483171E-03
+8.2239062E-03,+10.6947597E-03,-47.3816884E-03,+91.6653571E-03
+8.2242000E-03,+10.6580803E-03,-47.4518530E-03,+91.6588418E-03
+8.2244937E-03,+10.2440588E-03,-47.3382531E-03,+91.6418018E-03
+8.2247875E-03,+9.2067813E-03,-47.3599707E-03,+91.6439735E-03
+8.2250812E-03,+8.8195893E-03,-47.5036412E-03,+91.6453100E-03
+8.2253750E-03,+8.3734825E-03,-47.6222529E-03,+91.6382935E-03
+8.2256687E-03,+8.1546189E-03,-47.3599707E-03,+91.6496535E-03
+8.2259625E-03,+9.0885839E-03,-47.4384883E-03,+91.6453100E-03
+8.2262562E-03,+9.6981310E-03,-47.4952883E-03,+91.6404653E-03
+8.2265500E-03,+9.9745129E-03,-47.4084178E-03,+91.6575053E-03
+8.2268437E-03,+9.7344061E-03,-47.2246532E-03,+91.6553335E-03
+8.2271375E-03,+10.0156394E-03,-47.2948178E-03,+91.6496535E-03
+8.2274312E-03,+9.9640383E-03,-47.3332413E-03,+91.6496535E-03
+8.2277250E-03,+9.5050679E-03,-47.6656881E-03,+91.6518253E-03
+8.2280187E-03,+8.4014882E-03,-47.4518530E-03,+91.6488182E-03
+8.2283125E-03,+8.7117195E-03,-47.4034060E-03,+91.6347853E-03
+8.2286062E-03,+9.5683197E-03,-47.5738059E-03,+91.6531618E-03
+8.2289000E-03,+9.4853683E-03,-47.6389588E-03,+91.6439735E-03
+8.2291937E-03,+10.3699742E-03,-47.6573352E-03,+91.6518253E-03
+8.2294875E-03,+10.0125521E-03,-47.3031708E-03,+91.6575053E-03
+8.2297812E-03,+10.2120470E-03,-47.4819236E-03,+91.6575053E-03
+8.2300750E-03,+9.3815046E-03,-47.6523235E-03,+91.6553335E-03
+8.2303687E-03,+7.5753195E-03,-47.5871706E-03,+91.6539971E-03
+8.2306625E-03,+7.1935670E-03,-47.4167707E-03,+91.6588418E-03
+8.2309562E-03,+7.4667513E-03,-47.3950531E-03,+91.6483171E-03
+8.2312500E-03,+8.8420086E-03,-47.4034060E-03,+91.6610135E-03
+8.2315437E-03,+9.8373142E-03,-47.5303706E-03,+91.6583406E-03
+8.2318375E-03,+10.6524939E-03,-47.4602059E-03,+91.6767170E-03
+8.2321312E-03,+10.6053399E-03,-47.5303706E-03,+91.6675288E-03
+8.2324250E-03,+9.8326834E-03,-47.3733354E-03,+91.6666935E-03
+8.2327187E-03,+9.3128869E-03,-47.3248884E-03,+91.6474818E-03
+8.2330125E-03,+9.1946161E-03,-47.4735706E-03,+91.6439735E-03
+8.2333062E-03,+9.7497688E-03,-47.3950531E-03,+91.6409665E-03
+8.2336000E-03,+10.4048160E-03,-47.3382531E-03,+91.6291053E-03
+8.2338937E-03,+11.0357900E-03,-47.3816884E-03,+91.6488182E-03
+8.2341875E-03,+10.9708844E-03,-47.5170059E-03,+91.6326136E-03
+8.2344812E-03,+10.4973966E-03,-47.5955235E-03,+91.6496535E-03
+8.2347750E-03,+8.9350303E-03,-47.5437353E-03,+91.6453100E-03
+8.2350687E-03,+7.9055076E-03,-47.2597355E-03,+91.6361218E-03
+8.2353625E-03,+7.9483615E-03,-47.3683237E-03,+91.6418018E-03
+8.2356562E-03,+7.8207922E-03,-47.5654529E-03,+91.6396300E-03
+8.2359500E-03,+8.4160791E-03,-47.2948178E-03,+91.6404653E-03
+8.2362437E-03,+10.2026382E-03,-47.2246532E-03,+91.6531618E-03
+8.2365375E-03,+11.2332634E-03,-47.3816884E-03,+91.6439735E-03
+8.2368312E-03,+10.5787675E-03,-47.4518530E-03,+91.6518253E-03
+8.2371250E-03,+9.8871512E-03,-47.3816884E-03,+91.6575053E-03
+8.2374187E-03,+9.2540455E-03,-47.4518530E-03,+91.6575053E-03
+8.2377125E-03,+9.1068134E-03,-47.4034060E-03,+91.6531618E-03
+8.2380062E-03,+7.8170801E-03,-47.4652177E-03,+91.6439735E-03
+8.2383000E-03,+8.7740525E-03,-47.2246532E-03,+91.6431383E-03
+8.2385937E-03,+9.6301381E-03,-47.3816884E-03,+91.6304418E-03
+8.2388875E-03,+10.3470771E-03,-47.5170059E-03,+91.6461453E-03
+8.2391812E-03,+11.2667453E-03,-47.4869353E-03,+91.6531618E-03
+8.2394750E-03,+10.1229211E-03,-47.2597355E-03,+91.6439735E-03
+8.2397687E-03,+9.5040021E-03,-47.3248884E-03,+91.6496535E-03
+8.2400625E-03,+8.2892448E-03,-47.5387235E-03,+91.6496535E-03
+8.2403562E-03,+8.4755821E-03,-47.6306058E-03,+91.6496535E-03
+8.2406500E-03,+9.1431987E-03,-47.5303706E-03,+91.6496535E-03
+8.2409437E-03,+10.1738239E-03,-47.3733354E-03,+91.6518253E-03
+8.2412375E-03,+10.4531828E-03,-47.2380179E-03,+91.6596771E-03
+8.2415312E-03,+10.1538671E-03,-47.2463708E-03,+91.6631853E-03
+8.2418250E-03,+9.4093266E-03,-47.4602059E-03,+91.6596771E-03
+8.2421187E-03,+9.0076540E-03,-47.5303706E-03,+91.6610135E-03
+8.2424125E-03,+8.4525013E-03,-47.4384883E-03,+91.6496535E-03
+8.2427062E-03,+8.1148155E-03,-47.4952883E-03,+91.6453100E-03
+8.2430000E-03,+8.8082327E-03,-47.5387235E-03,+91.6382935E-03
+8.2432937E-03,+9.5083022E-03,-47.5871706E-03,+91.6496535E-03
+8.2435875E-03,+10.0881896E-03,-47.3516178E-03,+91.6496535E-03
+8.2438812E-03,+9.8793963E-03,-47.2246532E-03,+91.6496535E-03
+8.2441750E-03,+9.4464838E-03,-47.3816884E-03,+91.6496535E-03
+8.2444687E-03,+9.1656915E-03,-47.4301354E-03,+91.6518253E-03
+8.2447625E-03,+7.9221935E-03,-47.3031708E-03,+91.6531618E-03
+8.2450562E-03,+7.4160323E-03,-47.4819236E-03,+91.6418018E-03
+8.2453500E-03,+8.2395181E-03,-47.5871706E-03,+91.6461453E-03
+8.2456437E-03,+8.6093627E-03,-47.4167707E-03,+91.6618488E-03
+8.2459375E-03,+10.0628301E-03,-47.4602059E-03,+91.6666935E-03
+8.2462312E-03,+10.8459612E-03,-47.5738059E-03,+91.6496535E-03
+8.2465250E-03,+10.3095157E-03,-47.5086530E-03,+91.6496535E-03
+8.2468187E-03,+10.0325825E-03,-47.3382531E-03,+91.6431383E-03
+8.2471125E-03,+9.0510592E-03,-47.3165355E-03,+91.6326136E-03
+8.2474062E-03,+8.1730321E-03,-47.3900413E-03,+91.6474818E-03
+8.2477000E-03,+9.0058163E-03,-47.6005353E-03,+91.6461453E-03
+8.2479937E-03,+10.2463007E-03,-47.2814531E-03,+91.6553335E-03
+8.2482875E-03,+10.5206979E-03,-47.4034060E-03,+91.6496535E-03
+8.2485812E-03,+10.9058317E-03,-47.5738059E-03,+91.6496535E-03
+8.2488750E-03,+10.0374339E-03,-47.5738059E-03,+91.6496535E-03
+8.2491687E-03,+10.1041772E-03,-47.5520882E-03,+91.6496535E-03
+8.2494625E-03,+9.8332347E-03,-47.4952883E-03,+91.6496535E-03
+8.2497562E-03,+9.5051047E-03,-47.4301354E-03,+91.6518253E-03
+8.2500500E-03,+9.3704052E-03,-47.2814531E-03,+91.6509900E-03
+8.2503437E-03,+9.9853917E-03,-47.2731002E-03,+91.6382935E-03
+8.2506375E-03,+10.4534401E-03,-47.1678532E-03,+91.6496535E-03
+8.2509312E-03,+10.1192091E-03,-47.3816884E-03,+91.6518253E-03
+8.2512250E-03,+10.5474908E-03,-47.5170059E-03,+91.6531618E-03
+8.2515187E-03,+9.9273589E-03,-47.4869353E-03,+91.6418018E-03
+8.2518125E-03,+9.3282497E-03,-47.3683237E-03,+91.6461453E-03
+8.2521062E-03,+8.7052878E-03,-47.5437353E-03,+91.6553335E-03
+8.2524000E-03,+8.2129825E-03,-47.2814531E-03,+91.6474818E-03
+8.2526937E-03,+8.7421142E-03,-47.3599707E-03,+91.6461453E-03
+8.2529875E-03,+9.4456017E-03,-47.3950531E-03,+91.6531618E-03
+8.2532812E-03,+9.7813763E-03,-47.3599707E-03,+91.6439735E-03
+8.2535750E-03,+10.1867242E-03,-47.4167707E-03,+91.6496535E-03
+8.2538687E-03,+9.3668770E-03,-47.3950531E-03,+91.6474818E-03
+8.2541625E-03,+7.8149117E-03,-47.3165355E-03,+91.6461453E-03
+8.2544562E-03,+7.5126190E-03,-47.3248884E-03,+91.6575053E-03
+8.2547500E-03,+7.7407443E-03,-47.5387235E-03,+91.6488182E-03
+8.2550437E-03,+9.3465526E-03,-47.5654529E-03,+91.6347853E-03
+8.2553375E-03,+10.0846981E-03,-47.4034060E-03,+91.6575053E-03
+8.2556312E-03,+10.4685823E-03,-47.5738059E-03,+91.6596771E-03
+8.2559250E-03,+10.0978924E-03,-47.5086530E-03,+91.6588418E-03
+8.2562187E-03,+9.2920848E-03,-47.3599707E-03,+91.6439735E-03
+8.2565125E-03,+7.9034127E-03,-47.3950531E-03,+91.6496535E-03
+8.2568062E-03,+6.6938744E-03,-47.4251236E-03,+91.6518253E-03
+8.2571000E-03,+7.0417039E-03,-47.6523235E-03,+91.6575053E-03
+8.2573937E-03,+8.5695960E-03,-47.5654529E-03,+91.6596771E-03
+8.2576875E-03,+10.2001758E-03,-47.3816884E-03,+91.6588418E-03
+8.2579812E-03,+11.0253154E-03,-47.4735706E-03,+91.6418018E-03
+8.2582750E-03,+11.6811712E-03,-47.4602059E-03,+91.6483171E-03
+8.2585687E-03,+11.1492095E-03,-47.4435001E-03,+91.6675288E-03
+8.2588625E-03,+8.8456104E-03,-47.2112885E-03,+91.6710371E-03
+8.2591562E-03,+8.1896812E-03,-47.5604412E-03,+91.6653571E-03
+8.2594500E-03,+7.5877787E-03,-47.7091234E-03,+91.6610135E-03
+8.2597437E-03,+8.5214129E-03,-47.6306058E-03,+91.6496535E-03
+8.2600375E-03,+10.5051882E-03,-47.5086530E-03,+91.6474818E-03
+8.2603312E-03,+11.6679034E-03,-47.3816884E-03,+91.6439735E-03
+8.2606250E-03,+11.8537996E-03,-47.4735706E-03,+91.6453100E-03
+8.2609187E-03,+11.1096634E-03,-47.4602059E-03,+91.6339500E-03
+8.2612125E-03,+9.1642214E-03,-47.5086530E-03,+91.6361218E-03
+8.2615062E-03,+7.7852889E-03,-47.3165355E-03,+91.6418018E-03
+8.2618000E-03,+7.3068394E-03,-47.3248884E-03,+91.6418018E-03
+8.2620937E-03,+8.0126424E-03,-47.4952883E-03,+91.6461453E-03
+8.2623875E-03,+9.4696748E-03,-47.4952883E-03,+91.6553335E-03
+8.2626812E-03,+11.3160309E-03,-47.4518530E-03,+91.6474818E-03
+8.2629750E-03,+12.4266672E-03,-47.3165355E-03,+91.6439735E-03
+8.2632687E-03,+11.9239977E-03,-47.2380179E-03,+91.6518253E-03
+8.2635625E-03,+9.7669692E-03,-47.2246532E-03,+91.6509900E-03
+8.2638562E-03,+8.2988373E-03,-47.3165355E-03,+91.6361218E-03
+8.2641500E-03,+7.5011521E-03,-47.3683237E-03,+91.6461453E-03
+8.2644437E-03,+8.2388565E-03,-47.5871706E-03,+91.6509900E-03
+8.2647375E-03,+10.0076640E-03,-47.4384883E-03,+91.6361218E-03
+8.2650312E-03,+11.2144827E-03,-47.4518530E-03,+91.6439735E-03
+8.2653250E-03,+11.7280311E-03,-47.3382531E-03,+91.6496535E-03
+8.2656187E-03,+10.4041912E-03,-47.4034060E-03,+91.6453100E-03
+8.2659125E-03,+8.0021311E-03,-47.4869353E-03,+91.6361218E-03
+8.2662062E-03,+6.1934467E-03,-47.2380179E-03,+91.6418018E-03
+8.2665000E-03,+6.1225503E-03,-47.2463708E-03,+91.6461453E-03
+8.2667937E-03,+7.1314178E-03,-47.3733354E-03,+91.6553335E-03
+8.2670875E-03,+9.8272807E-03,-47.3683237E-03,+91.6539971E-03
+8.2673812E-03,+10.8946588E-03,-47.5654529E-03,+91.6653571E-03
+8.2676750E-03,+11.2979118E-03,-47.2948178E-03,+91.6566700E-03
+8.2679687E-03,+10.9575063E-03,-47.2463708E-03,+91.6382935E-03
+8.2682625E-03,+9.7636982E-03,-47.4819236E-03,+91.6496535E-03
+8.2685562E-03,+7.5952396E-03,-47.5437353E-03,+91.6496535E-03
+8.2688500E-03,+6.5347710E-03,-47.3031708E-03,+91.6474818E-03
+8.2691437E-03,+7.3795367E-03,-47.4602059E-03,+91.6439735E-03
+8.2694375E-03,+9.5436585E-03,-47.5303706E-03,+91.6496535E-03
+8.2697312E-03,+11.8697503E-03,-47.3081825E-03,+91.6431383E-03
+8.2700250E-03,+12.4651476E-03,-47.1544885E-03,+91.6260983E-03
+8.2703187E-03,+11.7490905E-03,-47.4735706E-03,+91.6304418E-03
+8.2706125E-03,+10.2815100E-03,-47.4167707E-03,+91.6439735E-03
+8.2709062E-03,+7.8537963E-03,-47.4167707E-03,+91.6518253E-03
+8.2712000E-03,+6.5754197E-03,-47.4167707E-03,+91.6531618E-03
+8.2714937E-03,+7.3448052E-03,-47.3950531E-03,+91.6396300E-03
+8.2717875E-03,+9.0541097E-03,-47.2948178E-03,+91.6361218E-03
+8.2720812E-03,+11.4734437E-03,-47.2246532E-03,+91.6439735E-03
+8.2723750E-03,+12.4078130E-03,-47.3599707E-03,+91.6518253E-03
+8.2726687E-03,+11.1497240E-03,-47.3733354E-03,+91.6509900E-03
+8.2729625E-03,+9.6430751E-03,-47.3031708E-03,+91.6382935E-03
+8.2732562E-03,+7.8332514E-03,-47.4602059E-03,+91.6496535E-03
+8.2735500E-03,+6.5010318E-03,-47.4869353E-03,+91.6496535E-03
+8.2738437E-03,+7.1246552E-03,-47.3031708E-03,+91.6496535E-03
+8.2741375E-03,+9.2086189E-03,-47.4167707E-03,+91.6453100E-03
+8.2744312E-03,+10.5922558E-03,-47.3733354E-03,+91.6404653E-03
+8.2747250E-03,+12.1110332E-03,-47.2597355E-03,+91.6531618E-03
+8.2750187E-03,+11.3342237E-03,-47.1945826E-03,+91.6418018E-03
+8.2753125E-03,+9.3403414E-03,-47.1110533E-03,+91.6418018E-03
+8.2756062E-03,+7.0365953E-03,-47.3382531E-03,+91.6418018E-03
+8.2759000E-03,+6.1478363E-03,-47.4034060E-03,+91.6418018E-03
+8.2761937E-03,+6.4178599E-03,-47.5303706E-03,+91.6418018E-03
+8.2764875E-03,+8.7271190E-03,-47.4167707E-03,+91.6439735E-03
+8.2767812E-03,+9.9687427E-03,-47.3733354E-03,+91.6518253E-03
+8.2770750E-03,+11.4517595E-03,-47.3248884E-03,+91.6596771E-03
+8.2773687E-03,+11.4300753E-03,-47.3649825E-03,+91.6610135E-03
+8.2776625E-03,+10.2040716E-03,-47.1544885E-03,+91.6453100E-03
+8.2779562E-03,+8.8823266E-03,-47.4518530E-03,+91.6296065E-03
+8.2782500E-03,+7.5302236E-03,-47.3382531E-03,+91.6204183E-03
+8.2785437E-03,+7.8433217E-03,-47.3382531E-03,+91.6326136E-03
+8.2788375E-03,+9.5610793E-03,-47.2948178E-03,+91.6518253E-03
+8.2791312E-03,+11.1573686E-03,-47.2246532E-03,+91.6553335E-03
+8.2794250E-03,+11.6930424E-03,-47.3599707E-03,+91.6474818E-03
+8.2797187E-03,+11.0277044E-03,-47.3516178E-03,+91.6352865E-03
+8.2800125E-03,+10.1178125E-03,-47.2463708E-03,+91.6225900E-03
+8.2803062E-03,+7.7847743E-03,-47.5253588E-03,+91.6361218E-03
+8.2806000E-03,+6.9648903E-03,-47.7442057E-03,+91.6439735E-03
+8.2808937E-03,+6.6077255E-03,-47.5955235E-03,+91.6518253E-03
+8.2811875E-03,+8.3473511E-03,-47.6088882E-03,+91.6575053E-03
+8.2814812E-03,+10.4770355E-03,-47.4084178E-03,+91.6553335E-03
+8.2817750E-03,+11.3856410E-03,-47.2246532E-03,+91.6453100E-03
+8.2820687E-03,+11.9696080E-03,-47.3599707E-03,+91.6382935E-03
+8.2823625E-03,+10.6773021E-03,-47.3950531E-03,+91.6496535E-03
+8.2826562E-03,+9.0323887E-03,-47.3599707E-03,+91.6518253E-03
+8.2829500E-03,+7.7417734E-03,-47.4384883E-03,+91.6531618E-03
+8.2832437E-03,+7.8877927E-03,-47.4518530E-03,+91.6483171E-03
+8.2835375E-03,+8.5055724E-03,-47.2731002E-03,+91.6544982E-03
+8.2838312E-03,+10.3188142E-03,-47.1244180E-03,+91.6282700E-03
+8.2841250E-03,+11.6045413E-03,-47.2463708E-03,+91.6339500E-03
+8.2844187E-03,+11.7689371E-03,-47.3733354E-03,+91.6382935E-03
+8.2847125E-03,+9.9874132E-03,-47.4117589E-03,+91.6496535E-03
+8.2850062E-03,+7.9330356E-03,-47.7442057E-03,+91.6453100E-03
+8.2853000E-03,+7.2481083E-03,-47.5520882E-03,+91.6426371E-03
+8.2855937E-03,+6.6705730E-03,-47.4735706E-03,+91.6588418E-03
+8.2858875E-03,+8.5527632E-03,-47.4167707E-03,+91.6374583E-03
+8.2861812E-03,+9.6670380E-03,-47.4384883E-03,+91.6326136E-03
+8.2864750E-03,+10.4698319E-03,-47.4518530E-03,+91.6496535E-03
+8.2867687E-03,+11.1108027E-03,-47.3382531E-03,+91.6474818E-03
+8.2870625E-03,+10.8378388E-03,-47.3382531E-03,+91.6439735E-03
+8.2873562E-03,+9.4736074E-03,-47.3165355E-03,+91.6518253E-03
+8.2876500E-03,+9.2945840E-03,-47.2814531E-03,+91.6509900E-03
+8.2879437E-03,+9.4831264E-03,-47.3816884E-03,+91.6317783E-03
+8.2882375E-03,+9.0889147E-03,-47.5170059E-03,+91.6347853E-03
+8.2885312E-03,+9.5582126E-03,-47.5086530E-03,+91.6553335E-03
+8.2888250E-03,+10.4186351E-03,-47.3382531E-03,+91.6561688E-03
+8.2891187E-03,+10.5292613E-03,-47.3816884E-03,+91.6645218E-03
+8.2894125E-03,+10.3566329E-03,-47.5387235E-03,+91.6439735E-03
+8.2897062E-03,+8.5204941E-03,-47.5220177E-03,+91.6453100E-03
+8.2900000E-03,+7.8977528E-03,-47.3332413E-03,+91.6448088E-03
+8.2902937E-03,+7.5728938E-03,-47.7091234E-03,+91.6645218E-03
+8.2905875E-03,+6.9337238E-03,-47.4785824E-03,+91.6396300E-03
+8.2908812E-03,+9.0128729E-03,-47.0459004E-03,+91.6382935E-03
+8.2911750E-03,+10.7213688E-03,-47.1461356E-03,+91.6387947E-03
+8.2914687E-03,+11.8000668E-03,-47.3248884E-03,+91.6212536E-03
+8.2917625E-03,+11.3008153E-03,-47.4518530E-03,+91.6496535E-03
+8.2920562E-03,+9.9071448E-03,-47.4034060E-03,+91.6474818E-03
+8.2923500E-03,+8.2606143E-03,-47.5303706E-03,+91.6396300E-03
+8.2926437E-03,+7.8343172E-03,-47.3733354E-03,+91.6382935E-03
+8.2929375E-03,+8.5358201E-03,-47.3248884E-03,+91.6496535E-03
+8.2932312E-03,+9.4955489E-03,-47.4952883E-03,+91.6496535E-03
+8.2935250E-03,+10.7663911E-03,-47.4301354E-03,+91.6474818E-03
+8.2938187E-03,+10.9381743E-03,-47.3031708E-03,+91.6461453E-03
+8.2941125E-03,+10.4665609E-03,-47.3516178E-03,+91.6553335E-03
+8.2944062E-03,+9.4333998E-03,-47.2246532E-03,+91.6474818E-03
+8.2947000E-03,+8.1092290E-03,-47.3599707E-03,+91.6439735E-03
+8.2949937E-03,+7.1863266E-03,-47.4819236E-03,+91.6496535E-03
+8.2952875E-03,+8.0403540E-03,-47.5871706E-03,+91.6496535E-03
+8.2955812E-03,+10.1969783E-03,-47.3733354E-03,+91.6474818E-03
+8.2958750E-03,+10.5165448E-03,-47.2163003E-03,+91.6396300E-03
+8.2961687E-03,+10.7284621E-03,-47.1244180E-03,+91.6382935E-03
+8.2964625E-03,+10.1399745E-03,-47.2680884E-03,+91.6539971E-03
+8.2967562E-03,+9.4932335E-03,-47.3649825E-03,+91.6588418E-03
+8.2970500E-03,+8.2072491E-03,-47.1762062E-03,+91.6461453E-03
+8.2973437E-03,+7.6445252E-03,-47.5520882E-03,+91.6575053E-03
+8.2976375E-03,+7.6708403E-03,-47.4301354E-03,+91.6509900E-03
+8.2979312E-03,+8.1784715E-03,-47.2597355E-03,+91.6426371E-03
+8.2982250E-03,+10.5158098E-03,-47.2597355E-03,+91.6588418E-03
+8.2985187E-03,+11.1848598E-03,-47.2814531E-03,+91.6461453E-03
+8.2988125E-03,+10.8612137E-03,-47.3382531E-03,+91.6575053E-03
+8.2991062E-03,+9.5766626E-03,-47.2948178E-03,+91.6553335E-03
+8.2994000E-03,+8.2867456E-03,-47.2463708E-03,+91.6453100E-03
+8.2996937E-03,+7.9549036E-03,-47.4602059E-03,+91.6361218E-03
+8.2999875E-03,+7.8032610E-03,-47.4869353E-03,+91.6396300E-03
+8.3002812E-03,+9.5287000E-03,-47.3248884E-03,+91.6361218E-03
+8.3005750E-03,+11.3664560E-03,-47.4518530E-03,+91.6374583E-03
+8.3008687E-03,+12.0750154E-03,-47.3816884E-03,+91.6369571E-03
+8.3011625E-03,+11.5480521E-03,-47.5387235E-03,+91.6588418E-03
+8.3014562E-03,+9.8619020E-03,-47.6306058E-03,+91.6439735E-03
+8.3017500E-03,+8.3867503E-03,-47.5738059E-03,+91.6496535E-03
+8.3020437E-03,+7.7741160E-03,-47.4869353E-03,+91.6453100E-03
+8.3023375E-03,+8.0134142E-03,-47.3248884E-03,+91.6448088E-03
+8.3026312E-03,+8.5616574E-03,-47.4952883E-03,+91.6666935E-03
+8.3029250E-03,+10.2930504E-03,-47.4735706E-03,+91.6431383E-03
+8.3032187E-03,+11.3154062E-03,-47.4602059E-03,+91.6282700E-03
+8.3035125E-03,+11.1899317E-03,-47.4869353E-03,+91.6382935E-03
+8.3038062E-03,+9.5536185E-03,-47.3683237E-03,+91.6474818E-03
+8.3041000E-03,+7.6345652E-03,-47.5437353E-03,+91.6374583E-03
+8.3043937E-03,+7.0153521E-03,-47.3248884E-03,+91.6369571E-03
+8.3046875E-03,+7.6059714E-03,-47.5170059E-03,+91.6566700E-03
+8.3049812E-03,+9.2268851E-03,-47.5738059E-03,+91.6361218E-03
+8.3052750E-03,+11.2722582E-03,-47.5086530E-03,+91.6418018E-03
+8.3055687E-03,+12.0812266E-03,-47.3165355E-03,+91.6439735E-03
+8.3058625E-03,+11.0645308E-03,-47.3031708E-03,+91.6431383E-03
+8.3061562E-03,+10.1001711E-03,-47.4819236E-03,+91.6304418E-03
+8.3064500E-03,+8.5582026E-03,-47.6088882E-03,+91.6396300E-03
+8.3067437E-03,+7.5396324E-03,-47.4301354E-03,+91.6339500E-03
+8.3070375E-03,+7.9420400E-03,-47.3031708E-03,+91.6382935E-03
+8.3073312E-03,+8.1228276E-03,-47.4384883E-03,+91.6453100E-03
+8.3076250E-03,+9.6739108E-03,-47.4301354E-03,+91.6404653E-03
+8.3079187E-03,+10.9531695E-03,-47.3466060E-03,+91.6531618E-03
+8.3082125E-03,+10.9895548E-03,-47.4869353E-03,+91.6418018E-03
+8.3085062E-03,+10.3034515E-03,-47.2597355E-03,+91.6396300E-03
+8.3088000E-03,+8.3884777E-03,-47.3031708E-03,+91.6404653E-03
+8.3090937E-03,+7.3506489E-03,-47.3733354E-03,+91.6509900E-03
+8.3093875E-03,+6.8871212E-03,-47.3248884E-03,+91.6382935E-03
+8.3096812E-03,+7.9209071E-03,-47.4518530E-03,+91.6539971E-03
+8.3099750E-03,+9.3050953E-03,-47.3165355E-03,+91.6588418E-03
+8.3102687E-03,+10.9257518E-03,-47.2814531E-03,+91.6439735E-03
+8.3105625E-03,+11.9856690E-03,-47.3382531E-03,+91.6518253E-03
+8.3108562E-03,+11.4979212E-03,-47.4251236E-03,+91.6509900E-03
+8.3111500E-03,+9.0121379E-03,-47.5654529E-03,+91.6404653E-03
+8.3114437E-03,+7.8838969E-03,-47.2948178E-03,+91.6553335E-03
+8.3117375E-03,+7.3940173E-03,-47.1595003E-03,+91.6496535E-03
+8.3120312E-03,+8.9791337E-03,-47.1678532E-03,+91.6539971E-03
+8.3123250E-03,+10.0896597E-03,-47.3165355E-03,+91.6631853E-03
+8.3126187E-03,+11.6224767E-03,-47.2380179E-03,+91.6596771E-03
+8.3129125E-03,+12.1593633E-03,-47.1595003E-03,+91.6566700E-03
+8.3132062E-03,+10.8565093E-03,-47.0809827E-03,+91.6317783E-03
+8.3135000E-03,+9.4857727E-03,-47.1110533E-03,+91.6304418E-03
+8.3137937E-03,+7.8391319E-03,-47.3382531E-03,+91.6418018E-03
+8.3140875E-03,+7.3725904E-03,-47.2513826E-03,+91.6396300E-03
+8.3143812E-03,+7.7846640E-03,-47.0459004E-03,+91.6382935E-03
+8.3146750E-03,+9.0488908E-03,-47.1461356E-03,+91.6474818E-03
+8.3149687E-03,+9.5420413E-03,-47.2597355E-03,+91.6418018E-03
+8.3152625E-03,+10.4533666E-03,-47.2814531E-03,+91.6418018E-03
+8.3155562E-03,+9.9500354E-03,-47.2731002E-03,+91.6418018E-03
+8.3158500E-03,+9.6542848E-03,-47.1678532E-03,+91.6439735E-03
+8.3161437E-03,+8.8977260E-03,-47.2948178E-03,+91.6539971E-03
+8.3164375E-03,+7.9826520E-03,-47.2029356E-03,+91.6610135E-03
+8.3167312E-03,+7.9101017E-03,-47.3031708E-03,+91.6496535E-03
+8.3170250E-03,+9.3397166E-03,-47.3516178E-03,+91.6474818E-03
+8.3173187E-03,+10.4234130E-03,-47.2029356E-03,+91.6374583E-03
+8.3176125E-03,+10.6935101E-03,-47.3031708E-03,+91.6326136E-03
+8.3179062E-03,+10.5347743E-03,-47.3733354E-03,+91.6496535E-03
+8.3182000E-03,+9.8343373E-03,-47.2163003E-03,+91.6453100E-03
+8.3184937E-03,+9.2821615E-03,-47.1027003E-03,+91.6382935E-03
+8.3187875E-03,+8.7596821E-03,-47.2112885E-03,+91.6431383E-03
+8.3190812E-03,+8.3550325E-03,-47.4518530E-03,+91.6304418E-03
+8.3193750E-03,+8.9834338E-03,-47.4251236E-03,+91.6418018E-03
+8.3196687E-03,+9.9316957E-03,-47.5654529E-03,+91.6439735E-03
+8.3199625E-03,+10.6098605E-03,-47.3599707E-03,+91.6474818E-03
+8.3202562E-03,+11.2085654E-03,-47.3950531E-03,+91.6439735E-03
+8.3205500E-03,+10.7452215E-03,-47.2948178E-03,+91.6474818E-03
+8.3208437E-03,+9.4982319E-03,-47.2029356E-03,+91.6461453E-03
+8.3211375E-03,+8.0435883E-03,-47.3248884E-03,+91.6553335E-03
+8.3214312E-03,+8.2157390E-03,-47.4301354E-03,+91.6453100E-03
+8.3217250E-03,+9.3217444E-03,-47.2597355E-03,+91.6296065E-03
+8.3220187E-03,+10.1666204E-03,-47.2163003E-03,+91.6225900E-03
+8.3223125E-03,+10.3821394E-03,-47.1244180E-03,+91.6382935E-03
+8.3226062E-03,+11.2096680E-03,-47.2246532E-03,+91.6474818E-03
+8.3229000E-03,+10.6835501E-03,-47.3816884E-03,+91.6461453E-03
+8.3231937E-03,+9.2125882E-03,-47.4084178E-03,+91.6553335E-03
+8.3234875E-03,+8.1505393E-03,-47.1812179E-03,+91.6496535E-03
+8.3237812E-03,+6.9930063E-03,-47.2029356E-03,+91.6474818E-03
+8.3240750E-03,+7.8704821E-03,-47.2163003E-03,+91.6461453E-03
+8.3243687E-03,+9.2033633E-03,-47.1678532E-03,+91.6553335E-03
+8.3246625E-03,+9.7812661E-03,-47.2948178E-03,+91.6539971E-03
+8.3249562E-03,+10.2977180E-03,-47.1812179E-03,+91.6631853E-03
+8.3252500E-03,+10.1834532E-03,-47.2898061E-03,+91.6575053E-03
+8.3255437E-03,+8.3851699E-03,-47.4869353E-03,+91.6531618E-03
+8.3258375E-03,+7.5549216E-03,-47.2814531E-03,+91.6439735E-03
+8.3261312E-03,+7.2554221E-03,-47.3382531E-03,+91.6496535E-03
+8.3264250E-03,+7.9960668E-03,-47.4034060E-03,+91.6496535E-03
+8.3267187E-03,+9.5116834E-03,-47.4869353E-03,+91.6496535E-03
+8.3270125E-03,+10.6605427E-03,-47.2814531E-03,+91.6496535E-03
+8.3273062E-03,+11.5393417E-03,-47.2948178E-03,+91.6453100E-03
+8.3276000E-03,+11.4839183E-03,-47.2463708E-03,+91.6404653E-03
+8.3278937E-03,+9.9108201E-03,-47.3516178E-03,+91.6553335E-03
+8.3281875E-03,+8.4610279E-03,-47.1812179E-03,+91.6518253E-03
+8.3284812E-03,+7.5262543E-03,-47.2246532E-03,+91.6553335E-03
+8.3287750E-03,+8.9884690E-03,-47.3165355E-03,+91.6496535E-03
+8.3290687E-03,+10.5806052E-03,-47.2597355E-03,+91.6518253E-03
+8.3293625E-03,+11.1128609E-03,-47.2814531E-03,+91.6531618E-03
+8.3296562E-03,+11.0263078E-03,-47.2948178E-03,+91.6418018E-03
+8.3299500E-03,+10.2567018E-03,-47.1160650E-03,+91.6418018E-03
+8.3302437E-03,+9.2624252E-03,-47.0542533E-03,+91.6439735E-03
+8.3305375E-03,+8.3811271E-03,-47.2731002E-03,+91.6496535E-03
+8.3308312E-03,+8.4240177E-03,-47.1461356E-03,+91.6518253E-03
+8.3311250E-03,+8.3417279E-03,-47.2597355E-03,+91.6531618E-03
+8.3314187E-03,+9.9831131E-03,-47.2814531E-03,+91.6418018E-03
+8.3317125E-03,+10.6688122E-03,-47.2948178E-03,+91.6439735E-03
+8.3320062E-03,+10.1869447E-03,-47.1595003E-03,+91.6496535E-03
+8.3323000E-03,+8.8655672E-03,-47.1461356E-03,+91.6474818E-03
+8.3325937E-03,+8.0132304E-03,-47.1728650E-03,+91.6418018E-03
+8.3328875E-03,+8.2405839E-03,-46.9891004E-03,+91.6461453E-03
+8.3331812E-03,+8.3139795E-03,-47.1461356E-03,+91.6553335E-03
+8.3334750E-03,+8.3804288E-03,-47.2163003E-03,+91.6474818E-03
+8.3337687E-03,+9.7661974E-03,-47.1244180E-03,+91.6483171E-03
+8.3340625E-03,+10.1588655E-03,-47.2029356E-03,+91.6610135E-03
+8.3343562E-03,+11.0095117E-03,-47.2380179E-03,+91.6561688E-03
+8.3346500E-03,+10.7275433E-03,-47.1160650E-03,+91.6688653E-03
+8.3349437E-03,+9.2903942E-03,-47.0108181E-03,+91.6531618E-03
+8.3352375E-03,+9.0436351E-03,-47.1595003E-03,+91.6374583E-03
+8.3355312E-03,+8.9841321E-03,-47.0592651E-03,+91.6326136E-03
+8.3358250E-03,+8.9903066E-03,-46.9891004E-03,+91.6518253E-03
+8.3361187E-03,+9.6927650E-03,-47.1678532E-03,+91.6553335E-03
+8.3364125E-03,+10.3586543E-03,-47.2948178E-03,+91.6474818E-03
+8.3367062E-03,+10.4398783E-03,-47.1377827E-03,+91.6418018E-03
+8.3370000E-03,+10.0805450E-03,-47.0676180E-03,+91.6483171E-03
+8.3372937E-03,+8.7773603E-03,-47.1377827E-03,+91.6588418E-03
+8.3375875E-03,+7.9919137E-03,-47.0459004E-03,+91.6439735E-03
+8.3378812E-03,+8.0454995E-03,-47.1027003E-03,+91.6518253E-03
+8.3381750E-03,+9.1670146E-03,-47.0809827E-03,+91.6553335E-03
+8.3384687E-03,+9.6538437E-03,-47.1544885E-03,+91.6496535E-03
+8.3387625E-03,+9.9494106E-03,-47.3867001E-03,+91.6474818E-03
+8.3390562E-03,+9.5658205E-03,-47.1027003E-03,+91.6461453E-03
+8.3393500E-03,+9.4372956E-03,-47.1027003E-03,+91.6553335E-03
+8.3396437E-03,+9.1307395E-03,-47.1895709E-03,+91.6453100E-03
+8.3399375E-03,+8.8872515E-03,-47.2430297E-03,+91.6361218E-03
+8.3402312E-03,+8.4151235E-03,-46.8537829E-03,+91.6461453E-03
+8.3405250E-03,+8.8381863E-03,-47.0024651E-03,+91.6575053E-03
+8.3408187E-03,+9.3725369E-03,-46.9673828E-03,+91.6531618E-03
+8.3411125E-03,+9.3040295E-03,-47.1110533E-03,+91.6418018E-03
+8.3414062E-03,+9.6005152E-03,-47.3165355E-03,+91.6461453E-03
+8.3417000E-03,+9.8800579E-03,-47.2163003E-03,+91.6596771E-03
+8.3419937E-03,+9.5812935E-03,-47.1461356E-03,+91.6631853E-03
+8.3422875E-03,+9.1457715E-03,-47.2380179E-03,+91.6531618E-03
+8.3425812E-03,+8.7151008E-03,-47.1812179E-03,+91.6439735E-03
+8.3428750E-03,+9.1999820E-03,-47.1160650E-03,+91.6474818E-03
+8.3431687E-03,+9.2806179E-03,-46.9673828E-03,+91.6418018E-03
+8.3434625E-03,+9.2168883E-03,-47.0676180E-03,+91.6396300E-03
+8.3437562E-03,+9.4036666E-03,-47.2029356E-03,+91.6469806E-03
+8.3440500E-03,+9.9176929E-03,-47.1511474E-03,+91.6767170E-03
+8.3443437E-03,+10.3343239E-03,-46.9757357E-03,+91.6610135E-03
+8.3446375E-03,+10.2092905E-03,-47.3248884E-03,+91.6453100E-03
+8.3449312E-03,+9.5692385E-03,-47.3649825E-03,+91.6426371E-03
+8.3452250E-03,+9.7382652E-03,-47.0893356E-03,+91.6631853E-03
+8.3455187E-03,+9.2686364E-03,-47.2380179E-03,+91.6553335E-03
+8.3458125E-03,+8.6184406E-03,-47.2246532E-03,+91.6474818E-03
+8.3461062E-03,+9.1540041E-03,-47.2731002E-03,+91.6483171E-03
+8.3464000E-03,+10.1453772E-03,-47.0809827E-03,+91.6610135E-03
+8.3466937E-03,+10.2977180E-03,-47.1327709E-03,+91.6496535E-03
+8.3469875E-03,+9.5277445E-03,-47.3733354E-03,+91.6518253E-03
+8.3472812E-03,+9.3926408E-03,-47.2597355E-03,+91.6531618E-03
+8.3475750E-03,+9.1110399E-03,-47.2163003E-03,+91.6461453E-03
+8.3478687E-03,+8.8116507E-03,-47.1895709E-03,+91.6575053E-03
+8.3481625E-03,+8.1207327E-03,-47.3516178E-03,+91.6618488E-03
+8.3484562E-03,+8.5142829E-03,-47.1812179E-03,+91.6688653E-03
+8.3487500E-03,+9.5156160E-03,-47.1377827E-03,+91.6618488E-03
+8.3490437E-03,+10.2701901E-03,-47.1110533E-03,+91.6645218E-03
+8.3493375E-03,+10.1082935E-03,-47.3599707E-03,+91.6439735E-03
+8.3496312E-03,+9.3043235E-03,-47.3733354E-03,+91.6518253E-03
+8.3499250E-03,+8.1768544E-03,-47.2814531E-03,+91.6553335E-03
+8.3502187E-03,+7.9110941E-03,-47.2948178E-03,+91.6496535E-03
+8.3505125E-03,+8.0016900E-03,-47.1595003E-03,+91.6518253E-03
+8.3508062E-03,+8.7681720E-03,-47.1461356E-03,+91.6575053E-03
+8.3511000E-03,+10.3581030E-03,-47.1511474E-03,+91.6553335E-03
+8.3513937E-03,+10.3627707E-03,-46.9757357E-03,+91.6518253E-03
+8.3516875E-03,+10.7177303E-03,-47.2380179E-03,+91.6575053E-03
+8.3519812E-03,+10.8429842E-03,-47.2246532E-03,+91.6596771E-03
+8.3522750E-03,+9.6691697E-03,-47.2948178E-03,+91.6653571E-03
+8.3525687E-03,+8.9988700E-03,-47.1812179E-03,+91.6566700E-03
+8.3528625E-03,+9.5488406E-03,-47.1595003E-03,+91.6361218E-03
+8.3531562E-03,+9.3700377E-03,-47.1678532E-03,+91.6483171E-03
+8.3534500E-03,+10.3612638E-03,-47.3599707E-03,+91.6610135E-03
+8.3537437E-03,+10.6980675E-03,-47.3299002E-03,+91.6496535E-03
+8.3540375E-03,+9.9150099E-03,-47.0809827E-03,+91.6518253E-03
+8.3543312E-03,+8.7940093E-03,-47.0676180E-03,+91.6488182E-03
+8.3546250E-03,+8.5540863E-03,-47.1595003E-03,+91.6326136E-03
+8.3549187E-03,+7.3380059E-03,-47.1244180E-03,+91.6496535E-03
+8.3552125E-03,+6.9931901E-03,-47.2029356E-03,+91.6474818E-03
+8.3555062E-03,+8.0298060E-03,-47.3248884E-03,+91.6461453E-03
+8.3558000E-03,+9.1373183E-03,-47.4735706E-03,+91.6575053E-03
+8.3560937E-03,+10.3734657E-03,-47.3299002E-03,+91.6553335E-03
+8.3563875E-03,+11.4163664E-03,-47.1678532E-03,+91.6496535E-03
+8.3566812E-03,+10.9317425E-03,-47.2948178E-03,+91.6474818E-03
+8.3569750E-03,+9.9787395E-03,-47.2029356E-03,+91.6374583E-03
+8.3572687E-03,+9.5836457E-03,-47.3031708E-03,+91.6304418E-03
+8.3575625E-03,+9.4182943E-03,-47.3950531E-03,+91.6374583E-03
+8.3578562E-03,+10.0452255E-03,-47.3816884E-03,+91.6282700E-03
+8.3581500E-03,+10.1576894E-03,-47.3649825E-03,+91.6361218E-03
+8.3584437E-03,+10.7368786E-03,-47.0893356E-03,+91.6439735E-03
+8.3587375E-03,+11.0951092E-03,-47.2814531E-03,+91.6474818E-03
+8.3590312E-03,+10.6261788E-03,-47.2731002E-03,+91.6483171E-03
+8.3593250E-03,+9.2634910E-03,-47.1895709E-03,+91.6653571E-03
+8.3596187E-03,+8.0592818E-03,-47.3516178E-03,+91.6631853E-03
+8.3599125E-03,+8.1327876E-03,-47.1812179E-03,+91.6596771E-03
+8.3602062E-03,+9.0531908E-03,-47.1812179E-03,+91.6610135E-03
+8.3605000E-03,+10.4861502E-03,-47.2680884E-03,+91.6453100E-03
+8.3607937E-03,+10.8886681E-03,-47.4518530E-03,+91.6361218E-03
+8.3610875E-03,+10.5886541E-03,-47.2948178E-03,+91.6461453E-03
+8.3613812E-03,+9.8026930E-03,-47.0943474E-03,+91.6575053E-03
+8.3616750E-03,+8.8233749E-03,-46.9323005E-03,+91.6553335E-03
+8.3619687E-03,+8.4272152E-03,-47.1461356E-03,+91.6496535E-03
+8.3622625E-03,+8.8958884E-03,-47.2163003E-03,+91.6561688E-03
+8.3625562E-03,+8.7886801E-03,-47.1678532E-03,+91.6645218E-03
+8.3628500E-03,+9.6890898E-03,-47.2948178E-03,+91.6483171E-03
+8.3631437E-03,+10.2038878E-03,-47.1595003E-03,+91.6675288E-03
+8.3634375E-03,+9.8556540E-03,-47.0809827E-03,+91.6666935E-03
+8.3637312E-03,+9.4481009E-03,-47.0024651E-03,+91.6539971E-03
+8.3640250E-03,+9.6012871E-03,-46.9456652E-03,+91.6566700E-03
+8.3643187E-03,+7.9379605E-03,-47.0759709E-03,+91.6426371E-03
+8.3646125E-03,+8.2711624E-03,-47.2864649E-03,+91.6610135E-03
+8.3649062E-03,+8.2609451E-03,-47.0325357E-03,+91.6518253E-03
+8.3652000E-03,+8.9100382E-03,-47.2380179E-03,+91.6575053E-03
+8.3654937E-03,+9.8284200E-03,-47.2246532E-03,+91.6596771E-03
+8.3657875E-03,+10.0947317E-03,-47.2513826E-03,+91.6675288E-03
+8.3660812E-03,+9.6500949E-03,-47.0024651E-03,+91.6710371E-03
+8.3663750E-03,+9.1625675E-03,-46.9673828E-03,+91.6588418E-03
+8.3666687E-03,+9.0031701E-03,-47.0024651E-03,+91.6396300E-03
+8.3669625E-03,+8.8678092E-03,-47.0108181E-03,+91.6382935E-03
+8.3672562E-03,+8.7257224E-03,-47.1812179E-03,+91.6539971E-03
+8.3675500E-03,+9.1307027E-03,-47.1160650E-03,+91.6588418E-03
+8.3678437E-03,+10.0271431E-03,-47.0976886E-03,+91.6396300E-03
+8.3681375E-03,+9.8789186E-03,-47.3867001E-03,+91.6469806E-03
+8.3684312E-03,+9.6060649E-03,-47.1244180E-03,+91.6723735E-03
+8.3687250E-03,+9.2748844E-03,-47.2029356E-03,+91.6518253E-03
+8.3690187E-03,+9.2353750E-03,-47.2814531E-03,+91.6553335E-03
+8.3693125E-03,+9.5244735E-03,-47.3599707E-03,+91.6539971E-03
+8.3696062E-03,+9.4803700E-03,-47.3081825E-03,+91.6588418E-03
+8.3699000E-03,+9.8226498E-03,-47.1327709E-03,+91.6483171E-03
+8.3701937E-03,+10.8242035E-03,-47.3516178E-03,+91.6653571E-03
+8.3704875E-03,+10.4174222E-03,-47.1377827E-03,+91.6588418E-03
+8.3707812E-03,+9.5245102E-03,-47.1110533E-03,+91.6461453E-03
+8.3710750E-03,+9.5586904E-03,-47.2731002E-03,+91.6553335E-03
+8.3713687E-03,+9.5986041E-03,-47.1244180E-03,+91.6518253E-03
+8.3716625E-03,+9.6316450E-03,-47.1377827E-03,+91.6553335E-03
+8.3719562E-03,+9.7000421E-03,-47.1327709E-03,+91.6518253E-03
+8.3722500E-03,+9.3918689E-03,-47.3516178E-03,+91.6531618E-03
+8.3725437E-03,+9.8315073E-03,-47.1812179E-03,+91.6418018E-03
+8.3728375E-03,+10.3973551E-03,-47.1377827E-03,+91.6461453E-03
+8.3731312E-03,+10.5883600E-03,-47.1110533E-03,+91.6553335E-03
+8.3734250E-03,+10.1460755E-03,-47.2731002E-03,+91.6496535E-03
+8.3737187E-03,+9.2290168E-03,-47.1678532E-03,+91.6518253E-03
+8.3740125E-03,+9.0067719E-03,-47.4034060E-03,+91.6575053E-03
+8.3743062E-03,+8.3990258E-03,-47.5086530E-03,+91.6596771E-03
+8.3746000E-03,+8.6623971E-03,-47.3382531E-03,+91.6631853E-03
+8.3748937E-03,+9.2201226E-03,-47.3816884E-03,+91.6531618E-03
+8.3751875E-03,+9.2298989E-03,-47.3649825E-03,+91.6483171E-03
+8.3754812E-03,+9.2254518E-03,-47.0676180E-03,+91.6610135E-03
+8.3757750E-03,+9.5590580E-03,-47.2463708E-03,+91.6496535E-03
+8.3760687E-03,+8.5188770E-03,-47.4167707E-03,+91.6496535E-03
+8.3763625E-03,+8.4550372E-03,-47.4167707E-03,+91.6474818E-03
+8.3766562E-03,+8.2115859E-03,-47.3950531E-03,+91.6439735E-03
+8.3769500E-03,+8.3797672E-03,-47.3382531E-03,+91.6561688E-03
+8.3772437E-03,+9.4691971E-03,-47.2731002E-03,+91.6645218E-03
+8.3775375E-03,+10.5252553E-03,-47.1244180E-03,+91.6504888E-03
+8.3778312E-03,+10.8782303E-03,-47.2680884E-03,+91.6688653E-03
+8.3781250E-03,+11.5581959E-03,-47.3649825E-03,+91.6553335E-03
+8.3784187E-03,+10.5506516E-03,-47.1762062E-03,+91.6496535E-03
+8.3787125E-03,+8.3170300E-03,-47.4435001E-03,+91.6453100E-03
+8.3790062E-03,+7.9109838E-03,-47.0809827E-03,+91.6404653E-03
+8.3793000E-03,+8.2330496E-03,-47.1327709E-03,+91.6575053E-03
+8.3795937E-03,+9.7234537E-03,-47.4384883E-03,+91.6618488E-03
+8.3798875E-03,+10.9227748E-03,-47.4084178E-03,+91.6710371E-03
+8.3801812E-03,+10.8860586E-03,-47.1812179E-03,+91.6631853E-03
+8.3804750E-03,+10.7048668E-03,-47.1812179E-03,+91.6553335E-03
+8.3807687E-03,+10.3220852E-03,-47.1812179E-03,+91.6496535E-03
+8.3810625E-03,+8.3839571E-03,-47.2246532E-03,+91.6518253E-03
+8.3813562E-03,+6.4132659E-03,-47.2948178E-03,+91.6618488E-03
+8.3816500E-03,+6.9085113E-03,-47.2246532E-03,+91.6645218E-03
+8.3819437E-03,+9.1541511E-03,-47.3599707E-03,+91.6461453E-03
+8.3822375E-03,+10.3785744E-03,-47.3733354E-03,+91.6531618E-03
+8.3825312E-03,+11.8685743E-03,-47.2163003E-03,+91.6483171E-03
+8.3828250E-03,+11.9800826E-03,-47.1244180E-03,+91.6588418E-03
+8.3831187E-03,+11.2700163E-03,-47.1595003E-03,+91.6461453E-03
+8.3834125E-03,+8.7890477E-03,-47.1027003E-03,+91.6618488E-03
+8.3837062E-03,+7.1129311E-03,-47.1244180E-03,+91.6688653E-03
+8.3840000E-03,+7.9333296E-03,-47.1595003E-03,+91.6553335E-03
+8.3842937E-03,+8.9485553E-03,-47.1895709E-03,+91.6496535E-03
+8.3845875E-03,+10.6553974E-03,-47.3950531E-03,+91.6518253E-03
+8.3848812E-03,+10.6478998E-03,-47.2948178E-03,+91.6596771E-03
+8.3851750E-03,+10.8636026E-03,-47.2246532E-03,+91.6588418E-03
+8.3854687E-03,+9.9853183E-03,-47.3382531E-03,+91.6483171E-03
+8.3857625E-03,+7.7449709E-03,-47.2948178E-03,+91.6610135E-03
+8.3860562E-03,+6.3356070E-03,-47.1160650E-03,+91.6539971E-03
+8.3863500E-03,+6.2010178E-03,-47.0542533E-03,+91.6653571E-03
+8.3866437E-03,+7.2641693E-03,-47.3816884E-03,+91.6610135E-03
+8.3869375E-03,+9.9233528E-03,-47.4301354E-03,+91.6583406E-03
+8.3872312E-03,+11.6351565E-03,-47.1728650E-03,+91.6745453E-03
+8.3875250E-03,+11.5182822E-03,-46.9673828E-03,+91.6575053E-03
+8.3878187E-03,+11.0483228E-03,-47.0024651E-03,+91.6575053E-03
+8.3881125E-03,+9.4385084E-03,-47.0108181E-03,+91.6553335E-03
+8.3884062E-03,+8.5274037E-03,-47.2029356E-03,+91.6518253E-03
+8.3887000E-03,+7.5251517E-03,-47.2163003E-03,+91.6553335E-03
+8.3889937E-03,+8.6131115E-03,-47.1244180E-03,+91.6496535E-03
+8.3892875E-03,+10.4993077E-03,-47.2246532E-03,+91.6453100E-03
+8.3895812E-03,+11.9624779E-03,-47.2296650E-03,+91.6404653E-03
+8.3898750E-03,+12.2834779E-03,-46.8805123E-03,+91.6553335E-03
+8.3901687E-03,+10.8347516E-03,-46.7969829E-03,+91.6518253E-03
+8.3904625E-03,+9.0978457E-03,-47.0241828E-03,+91.6596771E-03
+8.3907562E-03,+7.7218533E-03,-47.0241828E-03,+91.6718723E-03
+8.3910500E-03,+7.0979359E-03,-47.0459004E-03,+91.6867406E-03
+8.3913437E-03,+7.6409969E-03,-47.0375475E-03,+91.6767170E-03
+8.3916375E-03,+10.0117803E-03,-46.9105828E-03,+91.6653571E-03
+8.3919312E-03,+11.5103436E-03,-47.0459004E-03,+91.6631853E-03
+8.3922250E-03,+11.5990652E-03,-47.0809827E-03,+91.6553335E-03
+8.3925187E-03,+9.6513078E-03,-47.0241828E-03,+91.6496535E-03
+8.3928125E-03,+7.6783746E-03,-47.0893356E-03,+91.6496535E-03
+8.3931062E-03,+6.8042066E-03,-47.1728650E-03,+91.6539971E-03
+8.3934000E-03,+6.8800279E-03,-47.0325357E-03,+91.6610135E-03
+8.3936937E-03,+7.8430644E-03,-47.2814531E-03,+91.6496535E-03
+8.3939875E-03,+9.5581391E-03,-47.3382531E-03,+91.6518253E-03
+8.3942812E-03,+10.3930550E-03,-47.2948178E-03,+91.6553335E-03
+8.3945750E-03,+11.0469629E-03,-47.1812179E-03,+91.6561688E-03
+8.3948687E-03,+10.5542901E-03,-47.1595003E-03,+91.6688653E-03
+8.3951625E-03,+9.1793269E-03,-47.1461356E-03,+91.6596771E-03
+8.3954562E-03,+8.2393711E-03,-47.2163003E-03,+91.6610135E-03
+8.3957500E-03,+7.5771939E-03,-47.1244180E-03,+91.6453100E-03
+8.3960437E-03,+7.6922305E-03,-47.0943474E-03,+91.6382935E-03
+8.3963375E-03,+9.7018798E-03,-46.9323005E-03,+91.6518253E-03
+8.3966312E-03,+11.0093647E-03,-47.0809827E-03,+91.6509900E-03
+8.3969250E-03,+11.3473077E-03,-47.1110533E-03,+91.6361218E-03
+8.3972187E-03,+11.3018811E-03,-47.3165355E-03,+91.6461453E-03
+8.3975125E-03,+9.8055598E-03,-47.2380179E-03,+91.6575053E-03
+8.3978062E-03,+8.3509897E-03,-47.2029356E-03,+91.6618488E-03
+8.3981000E-03,+7.7849213E-03,-47.1945826E-03,+91.6645218E-03
+8.3983937E-03,+8.0455730E-03,-47.1327709E-03,+91.6504888E-03
+8.3986875E-03,+8.7743832E-03,-47.3299002E-03,+91.6688653E-03
+8.3989812E-03,+10.9805136E-03,-47.1244180E-03,+91.6596771E-03
+8.3992750E-03,+11.7802938E-03,-47.1812179E-03,+91.6631853E-03
+8.3995687E-03,+11.0432509E-03,-47.1377827E-03,+91.6618488E-03
+8.3998625E-03,+9.2416231E-03,-47.1327709E-03,+91.6666935E-03
+8.4001562E-03,+7.5889548E-03,-47.3516178E-03,+91.6539971E-03
+8.4004500E-03,+6.7210715E-03,-47.2463708E-03,+91.6610135E-03
+8.4007437E-03,+7.5000862E-03,-47.3299002E-03,+91.6496535E-03
+8.4010375E-03,+8.4951714E-03,-47.1678532E-03,+91.6518253E-03
+8.4013312E-03,+10.1040301E-03,-47.3599707E-03,+91.6618488E-03
+8.4016250E-03,+10.8102374E-03,-47.3733354E-03,+91.6666935E-03
+8.4019187E-03,+10.6397774E-03,-47.2163003E-03,+91.6474818E-03
+8.4022125E-03,+10.4377834E-03,-47.1027003E-03,+91.6418018E-03
+8.4025062E-03,+9.2342725E-03,-47.1678532E-03,+91.6418018E-03
+8.4028000E-03,+8.0111723E-03,-47.3599707E-03,+91.6418018E-03
+8.4030937E-03,+7.9645696E-03,-47.3299002E-03,+91.6483171E-03
+8.4033875E-03,+9.0968166E-03,-47.1027003E-03,+91.6631853E-03
+8.4036812E-03,+10.0937393E-03,-47.1027003E-03,+91.6575053E-03
+8.4039750E-03,+10.8998042E-03,-47.0592651E-03,+91.6553335E-03
+8.4042687E-03,+11.1215346E-03,-46.9891004E-03,+91.6496535E-03
+8.4045625E-03,+10.2733508E-03,-47.0809827E-03,+91.6474818E-03
+8.4048562E-03,+9.0552858E-03,-47.0893356E-03,+91.6483171E-03
+8.4051500E-03,+6.9130320E-03,-47.3248884E-03,+91.6631853E-03
+8.4054437E-03,+6.9193535E-03,-47.3867001E-03,+91.6596771E-03
+8.4057375E-03,+8.7553085E-03,-47.1244180E-03,+91.6653571E-03
+8.4060312E-03,+10.3884609E-03,-47.1377827E-03,+91.6588418E-03
+8.4063250E-03,+11.1123831E-03,-47.1110533E-03,+91.6439735E-03
+8.4066187E-03,+11.3563489E-03,-47.2513826E-03,+91.6496535E-03
+8.4069125E-03,+10.1376958E-03,-47.0459004E-03,+91.6539971E-03
+8.4072062E-03,+8.7371893E-03,-47.1461356E-03,+91.6588418E-03
+8.4075000E-03,+7.2352080E-03,-47.2163003E-03,+91.6439735E-03
+8.4077937E-03,+7.3929883E-03,-47.1895709E-03,+91.6518253E-03
+8.4080875E-03,+8.4858361E-03,-47.3081825E-03,+91.6575053E-03
+8.4083812E-03,+9.8159975E-03,-47.1110533E-03,+91.6553335E-03
+8.4086750E-03,+11.1561925E-03,-47.3599707E-03,+91.6474818E-03
+8.4089687E-03,+10.7709853E-03,-47.3950531E-03,+91.6504888E-03
+8.4092625E-03,+9.8762724E-03,-47.3165355E-03,+91.6688653E-03
+8.4095562E-03,+8.9303994E-03,-47.2597355E-03,+91.6596771E-03
+8.4098500E-03,+8.2524184E-03,-47.2380179E-03,+91.6675288E-03
+8.4101437E-03,+8.1764501E-03,-47.2898061E-03,+91.6645218E-03
+8.4104375E-03,+8.8238527E-03,-47.4869353E-03,+91.6418018E-03
+8.4107312E-03,+9.7975476E-03,-47.2814531E-03,+91.6504888E-03
+8.4110250E-03,+11.0516305E-03,-47.3382531E-03,+91.6710371E-03
+8.4113187E-03,+11.0008747E-03,-47.4034060E-03,+91.6631853E-03
+8.4116125E-03,+9.6265363E-03,-47.4652177E-03,+91.6575053E-03
+8.4119062E-03,+8.2831438E-03,-47.2029356E-03,+91.6575053E-03
+8.4122000E-03,+6.8548154E-03,-47.1945826E-03,+91.6575053E-03
+8.4124937E-03,+6.9653314E-03,-47.0459004E-03,+91.6575053E-03
+8.4127875E-03,+7.8422191E-03,-47.1027003E-03,+91.6553335E-03
+8.4130812E-03,+8.8935362E-03,-47.1461356E-03,+91.6561688E-03
+8.4133750E-03,+10.7057856E-03,-47.2163003E-03,+91.6666935E-03
+8.4136687E-03,+11.5912000E-03,-47.1678532E-03,+91.6539971E-03
+8.4139625E-03,+10.8962025E-03,-47.3165355E-03,+91.6566700E-03
+8.4142562E-03,+8.6389488E-03,-47.2380179E-03,+91.6382935E-03
+8.4145500E-03,+7.7546002E-03,-47.2680884E-03,+91.6453100E-03
+8.4148437E-03,+8.0615605E-03,-47.4301354E-03,+91.6469806E-03
+8.4151375E-03,+9.0384162E-03,-47.1945826E-03,+91.6788888E-03
+8.4154312E-03,+10.7927430E-03,-47.1110533E-03,+91.6753806E-03
+8.4157250E-03,+11.8416344E-03,-47.2948178E-03,+91.6702018E-03
+8.4160187E-03,+11.8040362E-03,-47.2029356E-03,+91.6418018E-03
+8.4163125E-03,+10.6100810E-03,-47.2163003E-03,+91.6483171E-03
+8.4166062E-03,+8.4311478E-03,-47.1461356E-03,+91.6610135E-03
+8.4169000E-03,+7.4287488E-03,-47.2597355E-03,+91.6518253E-03
+8.4171937E-03,+8.2242289E-03,-47.2380179E-03,+91.6553335E-03
+8.4174875E-03,+8.9002620E-03,-47.1595003E-03,+91.6539971E-03
+8.4177812E-03,+10.3069062E-03,-47.1244180E-03,+91.6610135E-03
+8.4180750E-03,+11.5647747E-03,-47.1595003E-03,+91.6539971E-03
+8.4183687E-03,+12.0199595E-03,-47.1244180E-03,+91.6588418E-03
+8.4186625E-03,+10.2024545E-03,-47.2463708E-03,+91.6526606E-03
+8.4189562E-03,+8.3028434E-03,-47.3516178E-03,+91.6810606E-03
+8.4192500E-03,+7.0912469E-03,-47.1377827E-03,+91.6745453E-03
+8.4195437E-03,+7.1715887E-03,-47.0459004E-03,+91.6553335E-03
+8.4198375E-03,+8.4591535E-03,-47.0592651E-03,+91.6518253E-03
+8.4201312E-03,+9.5119040E-03,-47.0542533E-03,+91.6575053E-03
+8.4204250E-03,+10.8529442E-03,-47.2296650E-03,+91.6596771E-03
+8.4207187E-03,+11.6981878E-03,-46.9673828E-03,+91.6588418E-03
+8.4210125E-03,+11.1349494E-03,-47.1544885E-03,+91.6461453E-03
+8.4213062E-03,+9.8047512E-03,-47.4084178E-03,+91.6531618E-03
+8.4216000E-03,+7.5652124E-03,-47.1812179E-03,+91.6461453E-03
+8.4218937E-03,+6.4803767E-03,-47.2463708E-03,+91.6531618E-03
+8.4221875E-03,+7.5608388E-03,-47.4384883E-03,+91.6483171E-03
+8.4224812E-03,+9.8877760E-03,-47.3649825E-03,+91.6631853E-03
+8.4227750E-03,+11.5108214E-03,-47.1110533E-03,+91.6531618E-03
+8.4230687E-03,+11.4410276E-03,-47.3816884E-03,+91.6418018E-03
+8.4233625E-03,+10.3400941E-03,-47.3649825E-03,+91.6461453E-03
+8.4236562E-03,+8.2836216E-03,-47.0459004E-03,+91.6553335E-03
+8.4239500E-03,+7.0208650E-03,-47.0809827E-03,+91.6518253E-03
+8.4242437E-03,+7.0597129E-03,-47.0676180E-03,+91.6531618E-03
+8.4245375E-03,+7.4382678E-03,-47.1595003E-03,+91.6439735E-03
+8.4248312E-03,+9.5301334E-03,-47.1027003E-03,+91.6539971E-03
+8.4251250E-03,+10.8404483E-03,-47.1895709E-03,+91.6588418E-03
+8.4254187E-03,+10.4877306E-03,-47.3516178E-03,+91.6396300E-03
+8.4257125E-03,+9.7266145E-03,-47.0726298E-03,+91.6361218E-03
+8.4260062E-03,+8.5492349E-03,-46.8320653E-03,+91.6483171E-03
+8.4263000E-03,+7.6540442E-03,-47.0325357E-03,+91.6610135E-03
+8.4265937E-03,+7.3136387E-03,-47.2597355E-03,+91.6539971E-03
+8.4268875E-03,+8.3857947E-03,-47.2597355E-03,+91.6631853E-03
+8.4271812E-03,+9.6866273E-03,-47.2163003E-03,+91.6575053E-03
+8.4274750E-03,+11.0714771E-03,-47.1027003E-03,+91.6553335E-03
+8.4277687E-03,+11.0226692E-03,-47.1027003E-03,+91.6496535E-03
+8.4280625E-03,+10.6452536E-03,-47.1244180E-03,+91.6474818E-03
+8.4283562E-03,+9.7650580E-03,-47.2680884E-03,+91.6483171E-03
+8.4286500E-03,+9.6929121E-03,-47.3867001E-03,+91.6631853E-03
+8.4289437E-03,+8.8123858E-03,-47.1244180E-03,+91.6509900E-03
+8.4292375E-03,+8.5903614E-03,-47.2246532E-03,+91.6361218E-03
+8.4295312E-03,+9.1703959E-03,-47.3382531E-03,+91.6439735E-03
+8.4298250E-03,+10.1765436E-03,-47.3165355E-03,+91.6474818E-03
+8.4301187E-03,+11.1744587E-03,-47.2163003E-03,+91.6396300E-03
+8.4304125E-03,+10.5277545E-03,-47.0592651E-03,+91.6404653E-03
+8.4307062E-03,+9.8339330E-03,-46.9673828E-03,+91.6575053E-03
+8.4310000E-03,+8.3784441E-03,-47.0459004E-03,+91.6531618E-03
+8.4312937E-03,+8.1129043E-03,-47.0809827E-03,+91.6439735E-03
+8.4315875E-03,+8.5699268E-03,-47.0893356E-03,+91.6496535E-03
+8.4318812E-03,+10.2173394E-03,-47.3248884E-03,+91.6518253E-03
+8.4321750E-03,+11.5641131E-03,-47.3649825E-03,+91.6553335E-03
+8.4324687E-03,+12.3155632E-03,-47.0893356E-03,+91.6561688E-03
+8.4327625E-03,+11.7316697E-03,-47.2597355E-03,+91.6666935E-03
+8.4330562E-03,+9.9496679E-03,-47.3031708E-03,+91.6496535E-03
+8.4333500E-03,+8.0118338E-03,-47.2430297E-03,+91.6583406E-03
+8.4336437E-03,+7.5640731E-03,-46.8755005E-03,+91.6788888E-03
+8.4339375E-03,+8.0846781E-03,-47.1461356E-03,+91.6710371E-03
+8.4342312E-03,+8.5934119E-03,-47.2380179E-03,+91.6610135E-03
+8.4345250E-03,+9.3813209E-03,-47.1377827E-03,+91.6561688E-03
+8.4348187E-03,+10.1251631E-03,-46.9807475E-03,+91.6688653E-03
+8.4351125E-03,+9.8382331E-03,-46.9757357E-03,+91.6575053E-03
+8.4354062E-03,+9.8430477E-03,-47.1945826E-03,+91.6553335E-03
+8.4357000E-03,+8.7123811E-03,-47.0459004E-03,+91.6539971E-03
+8.4359937E-03,+7.8478423E-03,-47.1461356E-03,+91.6588418E-03
+8.4362875E-03,+8.1414246E-03,-47.3031708E-03,+91.6439735E-03
+8.4365812E-03,+8.4437173E-03,-47.3516178E-03,+91.6496535E-03
+8.4368750E-03,+9.2199388E-03,-47.2029356E-03,+91.6431383E-03
+8.4371687E-03,+10.7872668E-03,-47.2597355E-03,+91.6304418E-03
+8.4374625E-03,+11.1172712E-03,-47.3031708E-03,+91.6418018E-03
+8.4377562E-03,+10.3294358E-03,-47.3950531E-03,+91.6396300E-03
+8.4380500E-03,+9.4862137E-03,-47.2513826E-03,+91.6382935E-03
+8.4383437E-03,+8.2028755E-03,-47.0459004E-03,+91.6539971E-03
+8.4386375E-03,+8.0544304E-03,-47.1895709E-03,+91.6631853E-03
+8.4389312E-03,+8.3481230E-03,-47.3733354E-03,+91.6553335E-03
+8.4392250E-03,+9.2529797E-03,-47.3248884E-03,+91.6431383E-03
+8.4395187E-03,+10.1228109E-03,-47.4735706E-03,+91.6326136E-03
+8.4398125E-03,+10.5763786E-03,-47.3950531E-03,+91.6539971E-03
+8.4401062E-03,+10.3864395E-03,-47.2948178E-03,+91.6523265E-03
+8.4404000E-03,+8.8878028E-03,-47.2246532E-03,+91.6247618E-03
+8.4406937E-03,+8.4182108E-03,-47.2513826E-03,+91.6418018E-03
+8.4409875E-03,+8.4391232E-03,-47.0676180E-03,+91.6418018E-03
+8.4412812E-03,+8.8066523E-03,-47.2246532E-03,+91.6504888E-03
+8.4415750E-03,+9.8039059E-03,-47.3382531E-03,+91.6666935E-03
+8.4418687E-03,+10.3698640E-03,-47.2513826E-03,+91.6518253E-03
+8.4421625E-03,+11.3399939E-03,-47.0676180E-03,+91.6553335E-03
+8.4424562E-03,+11.3167293E-03,-47.1595003E-03,+91.6496535E-03
+8.4427500E-03,+10.3456806E-03,-47.1027003E-03,+91.6518253E-03
+8.4430437E-03,+8.7159829E-03,-47.1244180E-03,+91.6488182E-03
+8.4433375E-03,+7.3670407E-03,-47.1595003E-03,+91.6304418E-03
+8.4436312E-03,+7.6634162E-03,-47.0809827E-03,+91.6396300E-03
+8.4439250E-03,+8.7216796E-03,-47.0893356E-03,+91.6361218E-03
+8.4442187E-03,+10.5656835E-03,-47.2380179E-03,+91.6461453E-03
+8.4445125E-03,+11.2028320E-03,-47.2246532E-03,+91.6575053E-03
+8.4448062E-03,+10.1840780E-03,-47.2731002E-03,+91.6531618E-03
+8.4451000E-03,+9.7057021E-03,-47.1461356E-03,+91.6461453E-03
+8.4453937E-03,+8.7251711E-03,-47.1511474E-03,+91.6596771E-03
+8.4456875E-03,+7.1995209E-03,-46.8888652E-03,+91.6588418E-03
+8.4459812E-03,+6.9603697E-03,-46.9891004E-03,+91.6461453E-03
+8.4462750E-03,+8.8411633E-03,-47.0592651E-03,+91.6575053E-03
+8.4465687E-03,+9.9843259E-03,-47.0108181E-03,+91.6575053E-03
+8.4468625E-03,+11.2103663E-03,-47.1377827E-03,+91.6509900E-03
+8.4471562E-03,+10.9984858E-03,-47.0893356E-03,+91.6361218E-03
+8.4474500E-03,+9.9867148E-03,-47.1728650E-03,+91.6374583E-03
+8.4477437E-03,+9.7467183E-03,-46.9891004E-03,+91.6326136E-03
+8.4480375E-03,+8.6760692E-03,-47.0809827E-03,+91.6453100E-03
+8.4483312E-03,+7.7988507E-03,-47.0024651E-03,+91.6426371E-03
+8.4486250E-03,+9.0092711E-03,-46.9239475E-03,+91.6588418E-03
+8.4489187E-03,+10.2786800E-03,-46.9540181E-03,+91.6439735E-03
+8.4492125E-03,+11.3107385E-03,-47.2029356E-03,+91.6561688E-03
+8.4495062E-03,+10.9851812E-03,-47.2814531E-03,+91.6710371E-03
+8.4498000E-03,+10.4179000E-03,-47.2731002E-03,+91.6610135E-03
+8.4500937E-03,+8.8924336E-03,-47.1244180E-03,+91.6496535E-03
+8.4503875E-03,+7.9512283E-03,-47.2463708E-03,+91.6518253E-03
+8.4506812E-03,+7.5566857E-03,-47.3950531E-03,+91.6553335E-03
+8.4509750E-03,+8.3340098E-03,-47.2731002E-03,+91.6496535E-03
+8.4512687E-03,+9.7408011E-03,-47.0809827E-03,+91.6453100E-03
+8.4515625E-03,+11.5581224E-03,-47.1327709E-03,+91.6404653E-03
+8.4518562E-03,+12.3435322E-03,-47.3950531E-03,+91.6575053E-03
+8.4521500E-03,+11.2850115E-03,-47.2731002E-03,+91.6596771E-03
+8.4524437E-03,+9.6004785E-03,-47.1244180E-03,+91.6631853E-03
+8.4527375E-03,+8.1935035E-03,-47.1595003E-03,+91.6553335E-03
+8.4530312E-03,+7.5814205E-03,-47.1244180E-03,+91.6474818E-03
+8.4533250E-03,+7.7405973E-03,-47.2029356E-03,+91.6461453E-03
+8.4536187E-03,+8.8332982E-03,-47.3031708E-03,+91.6553335E-03
+8.4539125E-03,+9.7581117E-03,-47.3733354E-03,+91.6474818E-03
+8.4542062E-03,+10.8737464E-03,-47.2597355E-03,+91.6439735E-03
+8.4545000E-03,+10.4704567E-03,-47.3466060E-03,+91.6496535E-03
+8.4547937E-03,+8.8208389E-03,-47.4652177E-03,+91.6518253E-03
+8.4550875E-03,+8.0850456E-03,-47.1595003E-03,+91.6531618E-03
+8.4553812E-03,+7.7644499E-03,-47.2112885E-03,+91.6483171E-03
+8.4556750E-03,+8.5762116E-03,-47.4084178E-03,+91.6610135E-03
+8.4559687E-03,+8.6844856E-03,-47.1812179E-03,+91.6496535E-03
+8.4562625E-03,+9.4987464E-03,-47.2246532E-03,+91.6518253E-03
+8.4565562E-03,+10.0804348E-03,-47.2948178E-03,+91.6531618E-03
+8.4568500E-03,+9.9534167E-03,-47.2246532E-03,+91.6439735E-03
+8.4571437E-03,+8.6543850E-03,-47.3165355E-03,+91.6539971E-03
+8.4574375E-03,+7.9199148E-03,-47.2597355E-03,+91.6610135E-03
+8.4577312E-03,+9.1432722E-03,-47.2597355E-03,+91.6474818E-03
+8.4580250E-03,+9.2408512E-03,-47.2380179E-03,+91.6461453E-03
+8.4583187E-03,+10.0955402E-03,-47.2029356E-03,+91.6640206E-03
+8.4586125E-03,+10.8049450E-03,-47.2814531E-03,+91.6767170E-03
+8.4589062E-03,+11.1514514E-03,-47.3599707E-03,+91.6566700E-03
+8.4592000E-03,+11.3402879E-03,-47.4167707E-03,+91.6361218E-03
+8.4594937E-03,+9.2341255E-03,-47.4167707E-03,+91.6439735E-03
+8.4597875E-03,+8.0963655E-03,-47.3950531E-03,+91.6474818E-03
+8.4600812E-03,+8.3945419E-03,-47.3599707E-03,+91.6439735E-03
+8.4603750E-03,+8.5307482E-03,-47.3299002E-03,+91.6518253E-03
+8.4606687E-03,+8.5604445E-03,-47.1895709E-03,+91.6553335E-03
+8.4609625E-03,+9.3529476E-03,-47.3950531E-03,+91.6496535E-03
+8.4612562E-03,+10.6498844E-03,-47.1862297E-03,+91.6453100E-03
+8.4615500E-03,+10.6226873E-03,-46.9189358E-03,+91.6361218E-03
+8.4618437E-03,+9.9518731E-03,-47.2597355E-03,+91.6461453E-03
+8.4621375E-03,+8.1063623E-03,-47.1945826E-03,+91.6575053E-03
+8.4624312E-03,+7.0317806E-03,-47.0459004E-03,+91.6575053E-03
+8.4627250E-03,+7.5873009E-03,-47.1678532E-03,+91.6531618E-03
+8.4630187E-03,+8.9879177E-03,-47.3382531E-03,+91.6418018E-03
+8.4633125E-03,+10.2429194E-03,-47.2948178E-03,+91.6396300E-03
+8.4636062E-03,+11.6383173E-03,-47.0943474E-03,+91.6426371E-03
+8.4639000E-03,+11.7239883E-03,-46.9105828E-03,+91.6610135E-03
+8.4641937E-03,+10.6488186E-03,-47.0459004E-03,+91.6496535E-03
+8.4644875E-03,+10.4450972E-03,-47.1678532E-03,+91.6496535E-03
+8.4647812E-03,+8.5755500E-03,-47.3165355E-03,+91.6474818E-03
+8.4650750E-03,+8.1388519E-03,-47.3466060E-03,+91.6396300E-03
+8.4653687E-03,+8.5025587E-03,-47.4869353E-03,+91.6404653E-03
+8.4656625E-03,+9.2913130E-03,-47.2814531E-03,+91.6531618E-03
+8.4659562E-03,+10.0734150E-03,-47.3382531E-03,+91.6439735E-03
+8.4662500E-03,+10.9428419E-03,-47.3165355E-03,+91.6539971E-03
+8.4665437E-03,+10.6594402E-03,-47.2597355E-03,+91.6631853E-03
+8.4668375E-03,+9.2576841E-03,-47.2163003E-03,+91.6553335E-03
+8.4671312E-03,+8.4202322E-03,-47.1244180E-03,+91.6453100E-03
+8.4674250E-03,+7.1741247E-03,-47.2029356E-03,+91.6361218E-03
+8.4677187E-03,+8.0240725E-03,-47.2597355E-03,+91.6418018E-03
+8.4680125E-03,+8.7069049E-03,-47.2597355E-03,+91.6461453E-03
+8.4683062E-03,+9.7451747E-03,-47.2814531E-03,+91.6531618E-03
+8.4686000E-03,+10.5789513E-03,-47.4034060E-03,+91.6418018E-03
+8.4688937E-03,+10.9829393E-03,-47.5520882E-03,+91.6483171E-03
+8.4691875E-03,+9.7927697E-03,-47.4301354E-03,+91.6631853E-03
+8.4694812E-03,+8.1217985E-03,-47.2814531E-03,+91.6509900E-03
+8.4697750E-03,+7.0344636E-03,-47.3816884E-03,+91.6361218E-03
+8.4700687E-03,+7.3928045E-03,-47.4518530E-03,+91.6461453E-03
+8.4703625E-03,+8.7573299E-03,-47.3382531E-03,+91.6531618E-03
+8.4706562E-03,+10.5590680E-03,-47.3382531E-03,+91.6504888E-03
+8.4709500E-03,+10.9931566E-03,-47.4034060E-03,+91.6688653E-03
+8.4712437E-03,+10.8924169E-03,-47.5520882E-03,+91.6531618E-03
+8.4715375E-03,+9.2709519E-03,-47.4084178E-03,+91.6396300E-03
+8.4718312E-03,+7.4834739E-03,-47.1812179E-03,+91.6361218E-03
+8.4721250E-03,+7.4569016E-03,-47.1812179E-03,+91.6461453E-03
+8.4724187E-03,+7.5675278E-03,-47.1160650E-03,+91.6531618E-03
+8.4727125E-03,+8.9121332E-03,-46.9673828E-03,+91.6439735E-03
+8.4730062E-03,+11.1094061E-03,-47.0893356E-03,+91.6453100E-03
+8.4733000E-03,+12.3379825E-03,-47.2380179E-03,+91.6339500E-03
+8.4735937E-03,+12.0808591E-03,-47.1595003E-03,+91.6361218E-03
+8.4738875E-03,+10.8266292E-03,-47.1461356E-03,+91.6418018E-03
+8.4741812E-03,+9.0151516E-03,-47.3031708E-03,+91.6483171E-03
+8.4744750E-03,+8.4937013E-03,-47.4167707E-03,+91.6566700E-03
+8.4747687E-03,+8.4049430E-03,-47.3299002E-03,+91.6361218E-03
+8.4750625E-03,+8.5590847E-03,-47.1678532E-03,+91.6418018E-03
+8.4753562E-03,+10.2993719E-03,-47.3816884E-03,+91.6483171E-03
+8.4756500E-03,+11.7322577E-03,-47.4735706E-03,+91.6588418E-03
+8.4759437E-03,+11.6699615E-03,-47.3516178E-03,+91.6461453E-03
+8.4762375E-03,+9.9155245E-03,-47.2463708E-03,+91.6553335E-03
+8.4765312E-03,+8.0338488E-03,-47.3299002E-03,+91.6496535E-03
+8.4768250E-03,+7.2969529E-03,-47.1244180E-03,+91.6518253E-03
+8.4771187E-03,+7.8623230E-03,-47.1812179E-03,+91.6509900E-03
+8.4774125E-03,+7.8191015E-03,-47.2463708E-03,+91.6361218E-03
+8.4777062E-03,+9.6357613E-03,-47.3516178E-03,+91.6439735E-03
+8.4780000E-03,+11.2591742E-03,-47.2029356E-03,+91.6474818E-03
+8.4782937E-03,+11.7138078E-03,-47.2163003E-03,+91.6418018E-03
+8.4785875E-03,+10.3609330E-03,-47.1244180E-03,+91.6418018E-03
+8.4788812E-03,+8.5069691E-03,-47.1160650E-03,+91.6418018E-03
+8.4791750E-03,+7.8425867E-03,-46.9673828E-03,+91.6418018E-03
+8.4794687E-03,+7.6613580E-03,-47.0676180E-03,+91.6396300E-03
+8.4797625E-03,+9.0618645E-03,-47.1812179E-03,+91.6426371E-03
+8.4800562E-03,+10.3601612E-03,-47.1160650E-03,+91.6718723E-03
+8.4803500E-03,+10.8517682E-03,-47.0976886E-03,+91.6780535E-03
+8.4806437E-03,+10.2307175E-03,-47.4518530E-03,+91.6496535E-03
+8.4809375E-03,+9.0316904E-03,-47.2948178E-03,+91.6453100E-03
+8.4812312E-03,+7.8388379E-03,-47.2898061E-03,+91.6361218E-03
+8.4815250E-03,+7.4916698E-03,-47.4869353E-03,+91.6418018E-03
+8.4818187E-03,+8.1741347E-03,-47.2814531E-03,+91.6483171E-03
+8.4821125E-03,+9.6613781E-03,-47.2296650E-03,+91.6610135E-03
+8.4824062E-03,+11.1139634E-03,-47.0325357E-03,+91.6431383E-03
+8.4827000E-03,+12.7799362E-03,-47.2597355E-03,+91.6326136E-03
+8.4829937E-03,+12.6313442E-03,-47.2597355E-03,+91.6431383E-03
+8.4832875E-03,+10.3836831E-03,-47.2163003E-03,+91.6347853E-03
+8.4835812E-03,+8.1882846E-03,-47.0809827E-03,+91.6509900E-03
+8.4838750E-03,+7.3385204E-03,-47.1327709E-03,+91.6404653E-03
+8.4841687E-03,+7.8086269E-03,-47.3950531E-03,+91.6553335E-03
+8.4844625E-03,+9.2667620E-03,-47.3382531E-03,+91.6539971E-03
+8.4847562E-03,+10.3361983E-03,-47.2731002E-03,+91.6566700E-03
+8.4850500E-03,+10.7197884E-03,-47.1678532E-03,+91.6404653E-03
+8.4853437E-03,+11.0690881E-03,-47.2948178E-03,+91.6640206E-03
+8.4856375E-03,+10.0529804E-03,-47.1595003E-03,+91.6723735E-03
+8.4859312E-03,+8.2817105E-03,-47.1678532E-03,+91.6605124E-03
+8.4862250E-03,+7.4355481E-03,-47.2296650E-03,+91.6780535E-03
+8.4865187E-03,+7.4829226E-03,-47.0976886E-03,+91.6496535E-03
+8.4868125E-03,+8.1756415E-03,-47.3215472E-03,+91.6453100E-03
+8.4871062E-03,+9.9267341E-03,-46.9757357E-03,+91.6382935E-03
+8.4874000E-03,+10.5427497E-03,-47.2380179E-03,+91.6583406E-03
+8.4876937E-03,+10.0318474E-03,-47.1595003E-03,+91.6702018E-03
+8.4879875E-03,+9.6880974E-03,-47.0809827E-03,+91.6461453E-03
+8.4882812E-03,+9.4959900E-03,-47.0893356E-03,+91.6596771E-03
+8.4885750E-03,+8.4878943E-03,-47.2597355E-03,+91.6566700E-03
+8.4888687E-03,+8.1223866E-03,-47.2380179E-03,+91.6382935E-03
+8.4891625E-03,+9.0119908E-03,-47.2680884E-03,+91.6561688E-03
+8.4894562E-03,+9.4630226E-03,-47.4518530E-03,+91.6732088E-03
+8.4897500E-03,+10.3331478E-03,-47.2948178E-03,+91.6688653E-03
+8.4900437E-03,+9.9043516E-03,-47.2463708E-03,+91.6575053E-03
+8.4903375E-03,+9.8646584E-03,-47.3516178E-03,+91.6575053E-03
+8.4906312E-03,+9.3871278E-03,-47.1595003E-03,+91.6575053E-03
+8.4909250E-03,+8.8856343E-03,-47.1244180E-03,+91.6553335E-03
+8.4912187E-03,+8.2277572E-03,-47.1377827E-03,+91.6539971E-03
+8.4915125E-03,+9.2712459E-03,-47.1327709E-03,+91.6631853E-03
+8.4918062E-03,+10.1096901E-03,-47.3516178E-03,+91.6488182E-03
+8.4921000E-03,+10.6299643E-03,-47.2246532E-03,+91.6282700E-03
+8.4923937E-03,+10.8344943E-03,-47.2296650E-03,+91.6361218E-03
+8.4926875E-03,+11.5847315E-03,-47.0108181E-03,+91.6374583E-03
+8.4929812E-03,+10.3972081E-03,-47.2246532E-03,+91.6304418E-03
+8.4932750E-03,+9.5591315E-03,-47.3599707E-03,+91.6396300E-03
+8.4935687E-03,+8.2643631E-03,-47.3299002E-03,+91.6404653E-03
+8.4938625E-03,+8.5539025E-03,-47.1461356E-03,+91.6553335E-03
+8.4941562E-03,+9.0987277E-03,-47.2380179E-03,+91.6474818E-03
+8.4944500E-03,+9.3557776E-03,-47.1812179E-03,+91.6418018E-03
+8.4947437E-03,+9.9143484E-03,-47.2029356E-03,+91.6418018E-03
+8.4950375E-03,+9.7999365E-03,-47.2380179E-03,+91.6374583E-03
+8.4953312E-03,+9.9995049E-03,-47.1595003E-03,+91.6326136E-03
+8.4956250E-03,+9.0241561E-03,-47.1895709E-03,+91.6474818E-03
+8.4959187E-03,+8.3001604E-03,-47.3299002E-03,+91.6439735E-03
+8.4962125E-03,+8.1280465E-03,-47.1678532E-03,+91.6474818E-03
+8.4965062E-03,+8.4058985E-03,-47.2731002E-03,+91.6396300E-03
+8.4968000E-03,+9.3451560E-03,-47.1027003E-03,+91.6339500E-03
+8.4970937E-03,+10.7852086E-03,-47.1895709E-03,+91.6382935E-03
+8.4973875E-03,+10.9719870E-03,-47.4167707E-03,+91.6474818E-03
+8.4976812E-03,+10.2765116E-03,-47.4167707E-03,+91.6461453E-03
+8.4979750E-03,+9.0890250E-03,-47.3733354E-03,+91.6575053E-03
+8.4982687E-03,+7.7164139E-03,-47.2814531E-03,+91.6575053E-03
+8.4985625E-03,+8.3955710E-03,-47.2731002E-03,+91.6553335E-03
+8.4988562E-03,+9.1160016E-03,-47.1027003E-03,+91.6496535E-03
+8.4991500E-03,+10.2611488E-03,-47.2547237E-03,+91.6518253E-03
+8.4994437E-03,+10.9141011E-03,-47.5437353E-03,+91.6553335E-03
+8.4997375E-03,+11.0139220E-03,-47.2380179E-03,+91.6496535E-03
+8.5000312E-03,+10.0626831E-03,-47.1595003E-03,+91.6518253E-03
+8.5003250E-03,+9.0140490E-03,-47.1027003E-03,+91.6553335E-03
+8.5006187E-03,+8.7187394E-03,-47.0158298E-03,+91.6474818E-03
+8.5009125E-03,+7.8718052E-03,-46.8755005E-03,+91.6461453E-03
+8.5012062E-03,+8.7257959E-03,-47.1678532E-03,+91.6575053E-03
+8.5015000E-03,+9.3159374E-03,-47.3165355E-03,+91.6531618E-03
+8.5017937E-03,+10.2906614E-03,-47.1945826E-03,+91.6483171E-03
+8.5020875E-03,+10.4749405E-03,-47.0893356E-03,+91.6631853E-03
+8.5023812E-03,+10.3819557E-03,-47.2380179E-03,+91.6531618E-03
+8.5026750E-03,+9.6539172E-03,-47.1160650E-03,+91.6483171E-03
+8.5029687E-03,+8.9242984E-03,-47.0325357E-03,+91.6631853E-03
+8.5032625E-03,+9.0503976E-03,-47.2380179E-03,+91.6553335E-03
+8.5035562E-03,+9.3549323E-03,-47.1812179E-03,+91.6496535E-03
+8.5038500E-03,+9.3041397E-03,-47.1812179E-03,+91.6496535E-03
+8.5041437E-03,+9.6456846E-03,-47.1377827E-03,+91.6474818E-03
+8.5044375E-03,+9.3179956E-03,-47.0024651E-03,+91.6439735E-03
+8.5047312E-03,+9.0239355E-03,-47.0325357E-03,+91.6561688E-03
+8.5050250E-03,+8.5465887E-03,-47.2163003E-03,+91.6688653E-03
+8.5053187E-03,+8.1752005E-03,-47.1244180E-03,+91.6575053E-03
+8.5056125E-03,+8.4844028E-03,-47.1595003E-03,+91.6553335E-03
+8.5059062E-03,+9.3860987E-03,-47.0592651E-03,+91.6431383E-03
+8.5062000E-03,+10.1212305E-03,-47.0325357E-03,+91.6391288E-03
+8.5064937E-03,+10.6603222E-03,-47.2380179E-03,+91.6601782E-03
+8.5067875E-03,+10.0696294E-03,-47.1595003E-03,+91.6391288E-03
+8.5070812E-03,+9.8396297E-03,-47.1027003E-03,+91.6688653E-03
+8.5073750E-03,+8.6477327E-03,-47.1244180E-03,+91.6575053E-03
+8.5076687E-03,+7.7150908E-03,-47.2029356E-03,+91.6575053E-03
+8.5079625E-03,+8.5770569E-03,-47.1945826E-03,+91.6553335E-03
+8.5082562E-03,+9.5481423E-03,-47.0241828E-03,+91.6518253E-03
+8.5085500E-03,+10.8827141E-03,-47.0241828E-03,+91.6509900E-03
+8.5088437E-03,+10.5112892E-03,-47.0459004E-03,+91.6339500E-03
+8.5091375E-03,+10.1354539E-03,-47.0592651E-03,+91.6426371E-03
+8.5094312E-03,+9.1178392E-03,-47.0325357E-03,+91.6610135E-03
+8.5097250E-03,+8.3307021E-03,-47.2380179E-03,+91.6539971E-03
+8.5100187E-03,+7.7332467E-03,-47.1595003E-03,+91.6631853E-03
+8.5103125E-03,+7.2990846E-03,-47.1678532E-03,+91.6575053E-03
+8.5106062E-03,+8.4125141E-03,-47.2731002E-03,+91.6488182E-03
+8.5109000E-03,+9.7906748E-03,-47.0809827E-03,+91.6347853E-03
+8.5111937E-03,+10.0162642E-03,-47.0893356E-03,+91.6531618E-03
+8.5114875E-03,+10.5653895E-03,-47.2380179E-03,+91.6461453E-03
+8.5117812E-03,+10.2844502E-03,-47.1377827E-03,+91.6531618E-03
+8.5120750E-03,+9.9189425E-03,-46.9807475E-03,+91.6461453E-03
+8.5123687E-03,+9.1252266E-03,-46.9540181E-03,+91.6509900E-03
+8.5126625E-03,+9.1379431E-03,-47.1160650E-03,+91.6361218E-03
+8.5129562E-03,+9.7994955E-03,-46.9673828E-03,+91.6418018E-03
+8.5132500E-03,+10.0229165E-03,-47.0459004E-03,+91.6483171E-03
+8.5135437E-03,+10.6880339E-03,-47.1244180E-03,+91.6653571E-03
+8.5138375E-03,+10.7499258E-03,-47.1812179E-03,+91.6610135E-03
+8.5141312E-03,+10.4215386E-03,-47.1595003E-03,+91.6474818E-03
+8.5144250E-03,+9.5604546E-03,-47.1027003E-03,+91.6374583E-03
+8.5147187E-03,+8.8426334E-03,-47.0809827E-03,+91.6304418E-03
+8.5150125E-03,+8.8420821E-03,-47.0676180E-03,+91.6439735E-03
+8.5153062E-03,+8.0327095E-03,-47.1595003E-03,+91.6474818E-03
+8.5156000E-03,+8.2159227E-03,-47.1678532E-03,+91.6439735E-03
+8.5158937E-03,+8.4443788E-03,-47.3599707E-03,+91.6539971E-03
+8.5161875E-03,+8.8130841E-03,-47.3733354E-03,+91.6631853E-03
+8.5164812E-03,+8.9676301E-03,-47.3031708E-03,+91.6509900E-03
+8.5167750E-03,+8.5881930E-03,-47.3733354E-03,+91.6339500E-03
+8.5170687E-03,+8.5452288E-03,-47.3031708E-03,+91.6404653E-03
+8.5173625E-03,+9.0762717E-03,-47.3516178E-03,+91.6575053E-03
+8.5176562E-03,+8.7393945E-03,-47.2029356E-03,+91.6575053E-03
+8.5179500E-03,+7.9479205E-03,-47.2814531E-03,+91.6596771E-03
+8.5182437E-03,+8.9427851E-03,-47.2513826E-03,+91.6544982E-03
+8.5185375E-03,+10.2094742E-03,-47.0676180E-03,+91.6304418E-03
+8.5188312E-03,+11.1472616E-03,-47.2029356E-03,+91.6374583E-03
+8.5191250E-03,+11.0484330E-03,-47.1945826E-03,+91.6326136E-03
+8.5194187E-03,+10.4982786E-03,-47.0459004E-03,+91.6539971E-03
+8.5197125E-03,+10.8418449E-03,-47.0809827E-03,+91.6588418E-03
+8.5200062E-03,+9.9094602E-03,-47.1327709E-03,+91.6461453E-03
+8.5203000E-03,+9.2447103E-03,-47.3516178E-03,+91.6553335E-03
+8.5205937E-03,+8.4227681E-03,-47.1812179E-03,+91.6496535E-03
+8.5208875E-03,+9.1323566E-03,-47.1812179E-03,+91.6474818E-03
+8.5211812E-03,+10.1712512E-03,-47.1377827E-03,+91.6504888E-03
+8.5214750E-03,+10.4098144E-03,-47.0676180E-03,+91.6645218E-03
+8.5217687E-03,+9.9730060E-03,-47.2680884E-03,+91.6439735E-03
+8.5220625E-03,+8.2885465E-03,-47.4301354E-03,+91.6518253E-03
+8.5223562E-03,+8.0431473E-03,-47.2163003E-03,+91.6531618E-03
+8.5226500E-03,+7.9851144E-03,-47.1244180E-03,+91.6439735E-03
+8.5229437E-03,+8.1692098E-03,-47.2246532E-03,+91.6518253E-03
+8.5232375E-03,+8.5013459E-03,-47.3816884E-03,+91.6596771E-03
+8.5235312E-03,+8.6556713E-03,-47.4301354E-03,+91.6566700E-03
+8.5238250E-03,+8.8034548E-03,-47.1728650E-03,+91.6404653E-03
+8.5241187E-03,+8.6192860E-03,-46.9891004E-03,+91.6531618E-03
+8.5244125E-03,+8.0692419E-03,-47.1027003E-03,+91.6483171E-03
+8.5247062E-03,+8.6608168E-03,-47.0809827E-03,+91.6631853E-03
+8.5250000E-03,+8.7704507E-03,-47.0893356E-03,+91.6575053E-03
+8.5252937E-03,+9.2659535E-03,-47.2163003E-03,+91.6575053E-03
+8.5255875E-03,+10.1066764E-03,-47.2112885E-03,+91.6531618E-03
+8.5258812E-03,+10.0259669E-03,-47.3649825E-03,+91.6483171E-03
+8.5261750E-03,+11.0855534E-03,-47.0459004E-03,+91.6610135E-03
+8.5264687E-03,+10.6760893E-03,-47.1461356E-03,+91.6561688E-03
+8.5267625E-03,+9.1704694E-03,-47.2380179E-03,+91.6666935E-03
+8.5270562E-03,+8.2973304E-03,-47.1160650E-03,+91.6474818E-03
+8.5273500E-03,+8.6979739E-03,-46.9022299E-03,+91.6418018E-03
+8.5276437E-03,+9.6769613E-03,-46.8972181E-03,+91.6418018E-03
+8.5279375E-03,+10.0924162E-03,-47.2680884E-03,+91.6439735E-03
+8.5282312E-03,+9.8851665E-03,-47.3432649E-03,+91.6518253E-03
+8.5285250E-03,+10.1957287E-03,-47.0976886E-03,+91.6531618E-03
+8.5288187E-03,+9.7299958E-03,-47.3649825E-03,+91.6461453E-03
+8.5291125E-03,+9.1346353E-03,-47.0893356E-03,+91.6531618E-03
+8.5294062E-03,+7.6930023E-03,-47.2380179E-03,+91.6396300E-03
+8.5297000E-03,+7.5136481E-03,-47.2029356E-03,+91.6361218E-03
+8.5299937E-03,+8.8910737E-03,-47.1511474E-03,+91.6396300E-03
+8.5302875E-03,+10.2534307E-03,-47.0408886E-03,+91.6382935E-03
+8.5305812E-03,+10.4079400E-03,-47.4735706E-03,+91.6496535E-03
+8.5308750E-03,+10.5539593E-03,-47.3733354E-03,+91.6474818E-03
+8.5311687E-03,+10.9408572E-03,-47.2597355E-03,+91.6439735E-03
+8.5314625E-03,+9.7163604E-03,-47.2163003E-03,+91.6496535E-03
+8.5317562E-03,+8.9247027E-03,-47.1461356E-03,+91.6496535E-03
+8.5320500E-03,+8.9386688E-03,-47.2380179E-03,+91.6474818E-03
+8.5323437E-03,+9.9572758E-03,-47.1377827E-03,+91.6439735E-03
+8.5326375E-03,+10.0552223E-03,-47.1110533E-03,+91.6496535E-03
+8.5329312E-03,+10.5639561E-03,-47.2731002E-03,+91.6518253E-03
+8.5332250E-03,+10.5322751E-03,-47.0809827E-03,+91.6618488E-03
+8.5335187E-03,+10.0282089E-03,-47.1762062E-03,+91.6688653E-03
+8.5338125E-03,+9.3483535E-03,-47.4652177E-03,+91.6531618E-03
+8.5341062E-03,+8.3251524E-03,-47.1812179E-03,+91.6461453E-03
+8.5344000E-03,+7.4603564E-03,-47.2463708E-03,+91.6488182E-03
+8.5346937E-03,+7.1039633E-03,-47.3081825E-03,+91.6304418E-03
+8.5349875E-03,+8.0008814E-03,-47.0024651E-03,+91.6396300E-03
+8.5352812E-03,+9.4378468E-03,-46.9673828E-03,+91.6382935E-03
+8.5355750E-03,+10.7998730E-03,-47.0893356E-03,+91.6474818E-03
+8.5358687E-03,+10.3515978E-03,-47.2814531E-03,+91.6504888E-03
+8.5361625E-03,+8.8329674E-03,-47.2948178E-03,+91.6623500E-03
+8.5364562E-03,+8.7804842E-03,-47.1812179E-03,+91.6404653E-03
+8.5367500E-03,+8.2040883E-03,-47.2029356E-03,+91.6575053E-03
+8.5370437E-03,+7.4598786E-03,-47.2597355E-03,+91.6575053E-03
+8.5373375E-03,+7.6410337E-03,-47.2597355E-03,+91.6553335E-03
+8.5376312E-03,+9.4583550E-03,-47.2380179E-03,+91.6474818E-03
+8.5379250E-03,+10.8278788E-03,-47.2029356E-03,+91.6439735E-03
+8.5382187E-03,+10.8644479E-03,-47.1294297E-03,+91.6409665E-03
+8.5385125E-03,+10.1357479E-03,-46.8755005E-03,+91.6312771E-03
+8.5388062E-03,+9.5818448E-03,-47.1027003E-03,+91.6588418E-03
+8.5391000E-03,+8.7803372E-03,-47.1244180E-03,+91.6439735E-03
+8.5393937E-03,+8.1707167E-03,-47.0943474E-03,+91.6496535E-03
+8.5396875E-03,+7.8181092E-03,-46.9540181E-03,+91.6496535E-03
+8.5399812E-03,+9.1663531E-03,-47.1812179E-03,+91.6474818E-03
+8.5402750E-03,+10.7049035E-03,-47.1377827E-03,+91.6374583E-03
+8.5405687E-03,+10.6103383E-03,-47.0893356E-03,+91.6347853E-03
+8.5408625E-03,+10.6037963E-03,-47.2814531E-03,+91.6575053E-03
+8.5411562E-03,+9.7176100E-03,-47.3599707E-03,+91.6553335E-03
+8.5414500E-03,+8.6587218E-03,-47.3516178E-03,+91.6496535E-03
+8.5417437E-03,+8.2422011E-03,-47.1377827E-03,+91.6453100E-03
+8.5420375E-03,+8.6134790E-03,-47.0676180E-03,+91.6404653E-03
+8.5423312E-03,+9.3343506E-03,-47.2029356E-03,+91.6575053E-03
+8.5426250E-03,+9.7942766E-03,-47.2380179E-03,+91.6575053E-03
+8.5429187E-03,+10.4699054E-03,-47.1812179E-03,+91.6553335E-03
+8.5432125E-03,+11.1026803E-03,-47.1377827E-03,+91.6539971E-03
+8.5435062E-03,+10.8504451E-03,-47.1110533E-03,+91.6588418E-03
+8.5438000E-03,+9.0924062E-03,-47.2296650E-03,+91.6461453E-03
+8.5440937E-03,+8.0486235E-03,-46.9022299E-03,+91.6575053E-03
+8.5443875E-03,+7.8270769E-03,-46.9623710E-03,+91.6575053E-03
+8.5446812E-03,+8.9162862E-03,-47.3299002E-03,+91.6509900E-03
+8.5449750E-03,+9.4248363E-03,-47.2112885E-03,+91.6448088E-03
+8.5452687E-03,+9.5042226E-03,-47.4518530E-03,+91.6688653E-03
+8.5455625E-03,+9.7869628E-03,-47.2513826E-03,+91.6575053E-03
+8.5458562E-03,+9.4511882E-03,-47.0676180E-03,+91.6553335E-03
+8.5461500E-03,+8.9227548E-03,-47.1160650E-03,+91.6431383E-03
+8.5464437E-03,+8.2202228E-03,-46.9891004E-03,+91.6347853E-03
+8.5467375E-03,+9.1490424E-03,-47.1461356E-03,+91.6553335E-03
+8.5470312E-03,+9.6265731E-03,-47.1945826E-03,+91.6496535E-03
+8.5473250E-03,+9.2691142E-03,-47.0459004E-03,+91.6518253E-03
+8.5476187E-03,+9.9830028E-03,-47.1244180E-03,+91.6509900E-03
+8.5479125E-03,+10.5929909E-03,-47.2029356E-03,+91.6296065E-03
+8.5482062E-03,+10.4633266E-03,-47.2380179E-03,+91.6269336E-03
+8.5485000E-03,+9.5894526E-03,-47.2463708E-03,+91.6453100E-03
+8.5487937E-03,+8.9182709E-03,-47.3733354E-03,+91.6361218E-03
+8.5490875E-03,+8.7151743E-03,-47.1945826E-03,+91.6439735E-03
+8.5493812E-03,+9.6350997E-03,-47.0241828E-03,+91.6474818E-03
+8.5496750E-03,+10.6735533E-03,-47.0459004E-03,+91.6396300E-03
+8.5499687E-03,+11.3489616E-03,-47.1244180E-03,+91.6317783E-03
+8.5502625E-03,+10.8276215E-03,-47.2029356E-03,+91.6326136E-03
+8.5505562E-03,+9.6067632E-03,-47.2597355E-03,+91.6474818E-03
+8.5508500E-03,+8.2425319E-03,-47.2163003E-03,+91.6439735E-03
+8.5511437E-03,+7.2782457E-03,-47.0592651E-03,+91.6518253E-03
+8.5514375E-03,+7.8209759E-03,-47.0325357E-03,+91.6531618E-03
+8.5517312E-03,+8.5004270E-03,-47.3031708E-03,+91.6418018E-03
+8.5520250E-03,+9.5738326E-03,-47.3516178E-03,+91.6461453E-03
+8.5523187E-03,+10.1448994E-03,-47.2029356E-03,+91.6531618E-03
+8.5526125E-03,+10.5110319E-03,-47.2597355E-03,+91.6418018E-03
+8.5529062E-03,+10.1622835E-03,-47.2380179E-03,+91.6461453E-03
+8.5532000E-03,+8.8686912E-03,-47.1812179E-03,+91.6618488E-03
+8.5534937E-03,+7.5593320E-03,-47.1160650E-03,+91.6645218E-03
+8.5537875E-03,+7.5669398E-03,-47.0325357E-03,+91.6461453E-03
+8.5540812E-03,+8.0708222E-03,-47.2380179E-03,+91.6509900E-03
+8.5543750E-03,+9.4292466E-03,-47.0726298E-03,+91.6382935E-03
+8.5546687E-03,+10.8156400E-03,-46.8755005E-03,+91.6561688E-03
+8.5549625E-03,+10.9688997E-03,-47.1461356E-03,+91.6666935E-03
+8.5552562E-03,+10.1139534E-03,-47.2380179E-03,+91.6474818E-03
+8.5555500E-03,+9.2696655E-03,-47.2246532E-03,+91.6396300E-03
+8.5558437E-03,+8.1419391E-03,-47.2731002E-03,+91.6317783E-03
+8.5561375E-03,+8.5884135E-03,-47.1027003E-03,+91.6347853E-03
+8.5564312E-03,+10.0684166E-03,-47.1678532E-03,+91.6575053E-03
+8.5567250E-03,+11.1606764E-03,-47.3165355E-03,+91.6575053E-03
+8.5570187E-03,+11.7797792E-03,-47.1945826E-03,+91.6509900E-03
+8.5573125E-03,+11.4355882E-03,-47.0893356E-03,+91.6382935E-03
+8.5576062E-03,+10.0791117E-03,-47.2597355E-03,+91.6496535E-03
+8.5579000E-03,+8.1335962E-03,-47.1945826E-03,+91.6474818E-03
+8.5581937E-03,+6.6908974E-03,-46.9590299E-03,+91.6418018E-03
+8.5584875E-03,+6.6735500E-03,-46.8537829E-03,+91.6483171E-03
+8.5587812E-03,+7.3704220E-03,-47.0024651E-03,+91.6631853E-03
+8.5590750E-03,+8.9891305E-03,-46.9239475E-03,+91.6553335E-03
+8.5593687E-03,+10.2654122E-03,-46.9323005E-03,+91.6496535E-03
+8.5596625E-03,+11.2105869E-03,-47.1244180E-03,+91.6453100E-03
+8.5599562E-03,+9.7234537E-03,-47.1377827E-03,+91.6382935E-03
+8.5602500E-03,+8.5124085E-03,-47.0459004E-03,+91.6474818E-03
+8.5605437E-03,+8.2940962E-03,-47.1244180E-03,+91.6418018E-03
+8.5608375E-03,+7.7727929E-03,-47.1595003E-03,+91.6439735E-03
+8.5611312E-03,+8.7539119E-03,-47.0592651E-03,+91.6474818E-03
+8.5614250E-03,+10.5026522E-03,-46.9891004E-03,+91.6439735E-03
+8.5617187E-03,+11.3180156E-03,-47.1461356E-03,+91.6453100E-03
+8.5620125E-03,+11.8370403E-03,-47.1728650E-03,+91.6296065E-03
+8.5623062E-03,+11.0669932E-03,-47.0108181E-03,+91.6225900E-03
+8.5626000E-03,+9.2820513E-03,-47.1160650E-03,+91.6404653E-03
+8.5628937E-03,+7.1429215E-03,-47.0759709E-03,+91.6531618E-03
+8.5631875E-03,+6.7573466E-03,-47.3081825E-03,+91.6396300E-03
+8.5634812E-03,+7.8908432E-03,-47.0024651E-03,+91.6404653E-03
+8.5637750E-03,+9.5137048E-03,-47.0325357E-03,+91.6488182E-03
+8.5640687E-03,+10.4342183E-03,-47.1728650E-03,+91.6369571E-03
+8.5643625E-03,+10.5070258E-03,-46.9673828E-03,+91.6566700E-03
+8.5646562E-03,+10.2988574E-03,-47.1110533E-03,+91.6296065E-03
+8.5649500E-03,+9.0268390E-03,-47.2296650E-03,+91.6225900E-03
+8.5652437E-03,+8.2907884E-03,-46.9456652E-03,+91.6382935E-03
+8.5655375E-03,+7.3257304E-03,-47.0108181E-03,+91.6453100E-03
+8.5658312E-03,+8.6211603E-03,-47.1812179E-03,+91.6404653E-03
+8.5661250E-03,+10.8637864E-03,-47.1595003E-03,+91.6531618E-03
+8.5664187E-03,+11.7109043E-03,-47.0158298E-03,+91.6483171E-03
+8.5667125E-03,+11.9772894E-03,-46.9406534E-03,+91.6610135E-03
+8.5670062E-03,+11.7661071E-03,-47.2731002E-03,+91.6474818E-03
+8.5673000E-03,+10.8905793E-03,-47.1244180E-03,+91.6396300E-03
+8.5675937E-03,+8.7273396E-03,-47.1812179E-03,+91.6361218E-03
+8.5678875E-03,+7.3232312E-03,-47.1595003E-03,+91.6396300E-03
+8.5681812E-03,+8.3376851E-03,-47.1027003E-03,+91.6382935E-03
+8.5684750E-03,+9.3343874E-03,-47.1244180E-03,+91.6539971E-03
+8.5687687E-03,+10.2696755E-03,-47.1377827E-03,+91.6631853E-03
+8.5690625E-03,+10.0369561E-03,-47.0459004E-03,+91.6596771E-03
+8.5693562E-03,+9.8756108E-03,-47.0809827E-03,+91.6588418E-03
+8.5696500E-03,+9.1210367E-03,-47.0459004E-03,+91.6418018E-03
+8.5699437E-03,+7.6451133E-03,-47.0809827E-03,+91.6374583E-03
+8.5702375E-03,+7.0176308E-03,-47.0893356E-03,+91.6326136E-03
+8.5705312E-03,+8.1619327E-03,-47.2163003E-03,+91.6474818E-03
+8.5708250E-03,+10.1117115E-03,-47.1027003E-03,+91.6439735E-03
+8.5711187E-03,+11.6582006E-03,-47.0809827E-03,+91.6539971E-03
+8.5714125E-03,+11.6265196E-03,-47.0459004E-03,+91.6566700E-03
+8.5717062E-03,+11.4496278E-03,-47.1461356E-03,+91.6426371E-03
+8.5720000E-03,+9.4849274E-03,-47.2814531E-03,+91.6566700E-03
+8.5722937E-03,+7.4029116E-03,-47.2296650E-03,+91.6404653E-03
+8.5725875E-03,+6.3808498E-03,-46.9891004E-03,+91.6531618E-03
+8.5728812E-03,+6.6910811E-03,-47.1027003E-03,+91.6461453E-03
+8.5731750E-03,+8.3696602E-03,-47.1678532E-03,+91.6509900E-03
+8.5734687E-03,+9.5862551E-03,-47.3382531E-03,+91.6317783E-03
+8.5737625E-03,+10.9175191E-03,-47.2948178E-03,+91.6282700E-03
+8.5740562E-03,+10.9174456E-03,-47.2029356E-03,+91.6317783E-03
+8.5743500E-03,+9.4535771E-03,-47.1945826E-03,+91.6282700E-03
+8.5746437E-03,+8.3828177E-03,-47.0024651E-03,+91.6361218E-03
+8.5749375E-03,+7.6953545E-03,-47.0325357E-03,+91.6439735E-03
+8.5752312E-03,+8.0307983E-03,-47.2380179E-03,+91.6474818E-03
+8.5755250E-03,+8.9367576E-03,-47.1812179E-03,+91.6396300E-03
+8.5758187E-03,+9.7854926E-03,-47.2246532E-03,+91.6361218E-03
+8.5761125E-03,+11.5324689E-03,-47.2948178E-03,+91.6439735E-03
+8.5764062E-03,+12.2262169E-03,-47.1160650E-03,+91.6518253E-03
+8.5767000E-03,+10.9900326E-03,-46.9456652E-03,+91.6553335E-03
+8.5769937E-03,+10.2696388E-03,-46.9673828E-03,+91.6496535E-03
+8.5772875E-03,+9.4676167E-03,-47.0024651E-03,+91.6431383E-03
+8.5775812E-03,+8.5953231E-03,-46.9891004E-03,+91.6282700E-03
+8.5778750E-03,+8.6164927E-03,-47.0809827E-03,+91.6339500E-03
+8.5781687E-03,+9.3390550E-03,-47.0241828E-03,+91.6382935E-03
+8.5784625E-03,+10.3325230E-03,-46.9807475E-03,+91.6474818E-03
+8.5787562E-03,+10.7816804E-03,-46.8888652E-03,+91.6418018E-03
+8.5790500E-03,+10.1126671E-03,-46.9891004E-03,+91.6461453E-03
+8.5793437E-03,+8.6993706E-03,-47.0592651E-03,+91.6553335E-03
+8.5796375E-03,+8.6094729E-03,-47.0108181E-03,+91.6474818E-03
+8.5799312E-03,+8.3045340E-03,-47.1377827E-03,+91.6418018E-03
+8.5802250E-03,+8.6701887E-03,-47.0024651E-03,+91.6418018E-03
+8.5805187E-03,+9.0875548E-03,-47.0759709E-03,+91.6396300E-03
+8.5808125E-03,+10.3754872E-03,-47.3516178E-03,+91.6382935E-03
+8.5811062E-03,+10.5362444E-03,-47.2029356E-03,+91.6453100E-03
+8.5814000E-03,+10.6758687E-03,-47.2380179E-03,+91.6382935E-03
+8.5816937E-03,+9.1448159E-03,-47.1377827E-03,+91.6561688E-03
+8.5819875E-03,+8.2200758E-03,-47.0676180E-03,+91.6645218E-03
+8.5822812E-03,+7.6018183E-03,-47.1377827E-03,+91.6439735E-03
+8.5825750E-03,+7.8355301E-03,-47.0459004E-03,+91.6518253E-03
+8.5828687E-03,+9.2325083E-03,-47.1678532E-03,+91.6488182E-03
+8.5831625E-03,+9.9611348E-03,-47.3599707E-03,+91.6304418E-03
+8.5834562E-03,+10.1437601E-03,-47.3516178E-03,+91.6418018E-03
+8.5837500E-03,+9.3591221E-03,-47.1812179E-03,+91.6396300E-03
+8.5840437E-03,+8.1446956E-03,-47.1595003E-03,+91.6296065E-03
+8.5843375E-03,+6.9330991E-03,-47.1678532E-03,+91.6247618E-03
+8.5846312E-03,+7.3049650E-03,-47.1862297E-03,+91.6461453E-03
+8.5849250E-03,+8.5225523E-03,-46.8320653E-03,+91.6575053E-03
+8.5852187E-03,+10.5180517E-03,-47.0108181E-03,+91.6509900E-03
+8.5855125E-03,+11.2221640E-03,-47.2029356E-03,+91.6382935E-03
+8.5858062E-03,+10.8642274E-03,-47.2380179E-03,+91.6496535E-03
+8.5861000E-03,+10.1247588E-03,-47.1595003E-03,+91.6474818E-03
+8.5863937E-03,+9.2336844E-03,-47.1027003E-03,+91.6461453E-03
+8.5866875E-03,+8.5729405E-03,-47.1244180E-03,+91.6553335E-03
+8.5869812E-03,+8.0178981E-03,-47.2029356E-03,+91.6518253E-03
+8.5872750E-03,+7.8666230E-03,-47.2380179E-03,+91.6531618E-03
+8.5875687E-03,+9.8530812E-03,-47.2680884E-03,+91.6461453E-03
+8.5878625E-03,+11.7916136E-03,-47.4952883E-03,+91.6618488E-03
+8.5881562E-03,+12.0574475E-03,-47.3867001E-03,+91.6666935E-03
+8.5884500E-03,+10.6658352E-03,-47.1027003E-03,+91.6496535E-03
+8.5887437E-03,+9.4607072E-03,-47.1461356E-03,+91.6496535E-03
+8.5890375E-03,+7.5745844E-03,-47.2814531E-03,+91.6453100E-03
+8.5893312E-03,+6.7339350E-03,-47.2948178E-03,+91.6339500E-03
+8.5896250E-03,+6.7213655E-03,-47.1160650E-03,+91.6361218E-03
+8.5899187E-03,+8.8932054E-03,-47.0108181E-03,+91.6439735E-03
+8.5902125E-03,+11.0681326E-03,-47.1595003E-03,+91.6474818E-03
+8.5905062E-03,+11.4343018E-03,-47.1027003E-03,+91.6418018E-03
+8.5908000E-03,+11.7336543E-03,-47.0809827E-03,+91.6483171E-03
+8.5910937E-03,+9.9275059E-03,-47.0459004E-03,+91.6631853E-03
+8.5913875E-03,+8.1075384E-03,-47.1895709E-03,+91.6488182E-03
+8.5916812E-03,+6.6243011E-03,-47.3950531E-03,+91.6326136E-03
+8.5919750E-03,+6.4672559E-03,-47.2948178E-03,+91.6431383E-03
+8.5922687E-03,+8.5780859E-03,-47.1595003E-03,+91.6369571E-03
+8.5925625E-03,+10.4639147E-03,-47.0375475E-03,+91.6610135E-03
+8.5928562E-03,+11.4086115E-03,-46.9540181E-03,+91.6539971E-03
+8.5931500E-03,+11.0926835E-03,-47.1377827E-03,+91.6588418E-03
+8.5934437E-03,+9.4719903E-03,-47.0676180E-03,+91.6396300E-03
+8.5937375E-03,+8.2694717E-03,-47.1160650E-03,+91.6339500E-03
+8.5940312E-03,+8.4167774E-03,-46.9891004E-03,+91.6361218E-03
+8.5943250E-03,+8.9478202E-03,-47.1244180E-03,+91.6461453E-03
+8.5946187E-03,+9.2307809E-03,-47.1812179E-03,+91.6553335E-03
+8.5949125E-03,+9.5529569E-03,-47.1377827E-03,+91.6518253E-03
+8.5952062E-03,+11.7090666E-03,-47.0893356E-03,+91.6509900E-03
+8.5955000E-03,+12.0537722E-03,-47.2814531E-03,+91.6426371E-03
+8.5957937E-03,+10.9139541E-03,-47.2731002E-03,+91.6610135E-03
+8.5960875E-03,+9.3593794E-03,-47.1461356E-03,+91.6474818E-03
+8.5963812E-03,+8.2727795E-03,-47.1945826E-03,+91.6352865E-03
+8.5966750E-03,+8.2767120E-03,-47.0676180E-03,+91.6247618E-03
+8.5969687E-03,+9.3059039E-03,-47.2029356E-03,+91.6374583E-03
+8.5972625E-03,+9.6729185E-03,-47.2380179E-03,+91.6326136E-03
+8.5975562E-03,+10.4995650E-03,-47.1595003E-03,+91.6453100E-03
+8.5978500E-03,+11.1276355E-03,-47.0809827E-03,+91.6317783E-03
+8.5981437E-03,+11.0138485E-03,-47.1110533E-03,+91.6304418E-03
+8.5984375E-03,+9.5886073E-03,-47.2948178E-03,+91.6461453E-03
+8.5987312E-03,+8.3421690E-03,-47.2029356E-03,+91.6531618E-03
+8.5990250E-03,+7.5705416E-03,-47.2163003E-03,+91.6396300E-03
+8.5993187E-03,+7.9552343E-03,-47.0592651E-03,+91.6404653E-03
+8.5996125E-03,+8.8726973E-03,-46.9891004E-03,+91.6553335E-03
+8.5999062E-03,+10.0733047E-03,-47.0592651E-03,+91.6496535E-03
+8.6002000E-03,+10.4295507E-03,-47.0542533E-03,+91.6474818E-03
+8.6004937E-03,+10.2125248E-03,-47.2296650E-03,+91.6418018E-03
+8.6007875E-03,+9.1996512E-03,-46.9239475E-03,+91.6439735E-03
+8.6010812E-03,+8.3304081E-03,-46.9540181E-03,+91.6539971E-03
+8.6013750E-03,+7.7794084E-03,-47.1595003E-03,+91.6588418E-03
+8.6016687E-03,+8.0969168E-03,-47.0809827E-03,+91.6461453E-03
+8.6019625E-03,+8.7712960E-03,-47.0459004E-03,+91.6553335E-03
+8.6022562E-03,+10.0050913E-03,-47.1678532E-03,+91.6518253E-03
+8.6025500E-03,+10.1608869E-03,-47.2079473E-03,+91.6531618E-03
+8.6028437E-03,+9.7571929E-03,-46.9757357E-03,+91.6374583E-03
+8.6031375E-03,+9.5168656E-03,-47.1945826E-03,+91.6304418E-03
+8.6034312E-03,+8.5138051E-03,-47.0459004E-03,+91.6439735E-03
+8.6037250E-03,+7.7264474E-03,-47.1678532E-03,+91.6474818E-03
+8.6040187E-03,+7.9300953E-03,-47.3165355E-03,+91.6396300E-03
+8.6043125E-03,+8.9452475E-03,-47.2597355E-03,+91.6382935E-03
+8.6046062E-03,+10.0108615E-03,-47.1077121E-03,+91.6518253E-03
+8.6049000E-03,+10.9108301E-03,-46.8621358E-03,+91.6488182E-03
+8.6051937E-03,+10.6555811E-03,-47.2597355E-03,+91.6304418E-03
+8.6054875E-03,+10.0270695E-03,-47.2163003E-03,+91.6439735E-03
+8.6057812E-03,+9.7182348E-03,-47.0809827E-03,+91.6474818E-03
+8.6060750E-03,+8.7304268E-03,-47.0459004E-03,+91.6439735E-03
+8.6063687E-03,+9.4360827E-03,-47.1678532E-03,+91.6453100E-03
+8.6066625E-03,+9.2832273E-03,-47.2079473E-03,+91.6426371E-03
+8.6069562E-03,+10.2067913E-03,-46.9757357E-03,+91.6566700E-03
+8.6072500E-03,+10.4260959E-03,-47.2163003E-03,+91.6317783E-03
+8.6075437E-03,+9.8388211E-03,-47.1244180E-03,+91.6304418E-03
+8.6078375E-03,+9.9383113E-03,-47.2246532E-03,+91.6461453E-03
+8.6081312E-03,+8.7896357E-03,-47.2079473E-03,+91.6531618E-03
+8.6084250E-03,+7.7647072E-03,-46.9757357E-03,+91.6439735E-03
+8.6087187E-03,+7.6126972E-03,-47.2380179E-03,+91.6474818E-03
+8.6090125E-03,+8.4195339E-03,-47.1377827E-03,+91.6418018E-03
+8.6093062E-03,+9.8098966E-03,-47.0241828E-03,+91.6396300E-03
+8.6096000E-03,+11.5166651E-03,-47.1110533E-03,+91.6361218E-03
+8.6098937E-03,+11.6687119E-03,-47.3382531E-03,+91.6439735E-03
+8.6101875E-03,+11.6516953E-03,-47.3165355E-03,+91.6518253E-03
+8.6104812E-03,+9.6808939E-03,-47.3031708E-03,+91.6553335E-03
+8.6107750E-03,+8.2192673E-03,-47.3081825E-03,+91.6453100E-03
+8.6110687E-03,+8.4450404E-03,-47.0241828E-03,+91.6404653E-03
+8.6113625E-03,+9.0387470E-03,-47.0676180E-03,+91.6531618E-03
+8.6116562E-03,+9.8944283E-03,-47.2246532E-03,+91.6461453E-03
+8.6119500E-03,+10.9850710E-03,-47.2731002E-03,+91.6575053E-03
+8.6122437E-03,+11.3362818E-03,-47.1027003E-03,+91.6509900E-03
+8.6125375E-03,+10.4305063E-03,-47.0809827E-03,+91.6339500E-03
+8.6128312E-03,+9.3458176E-03,-47.0459004E-03,+91.6361218E-03
+8.6131250E-03,+7.4383781E-03,-47.1461356E-03,+91.6396300E-03
+8.6134187E-03,+6.7576774E-03,-47.2597355E-03,+91.6382935E-03
+8.6137125E-03,+7.8365592E-03,-47.2163003E-03,+91.6496535E-03
+8.6140062E-03,+8.7643497E-03,-47.1244180E-03,+91.6474818E-03
+8.6143000E-03,+9.9187587E-03,-47.1377827E-03,+91.6439735E-03
+8.6145937E-03,+9.6669277E-03,-47.0241828E-03,+91.6474818E-03
+8.6148875E-03,+10.0347142E-03,-46.9807475E-03,+91.6352865E-03
+8.6151812E-03,+9.4947771E-03,-46.9974534E-03,+91.6182465E-03
+8.6154750E-03,+8.7972068E-03,-47.3165355E-03,+91.6269336E-03
+8.6157687E-03,+9.3559981E-03,-47.2380179E-03,+91.6453100E-03
+8.6160625E-03,+8.8608261E-03,-47.1812179E-03,+91.6382935E-03
+8.6163562E-03,+10.2091067E-03,-47.2029356E-03,+91.6496535E-03
+8.6166500E-03,+10.6304054E-03,-47.2380179E-03,+91.6539971E-03
+8.6169437E-03,+11.1624405E-03,-47.1377827E-03,+91.6544982E-03
+8.6172375E-03,+10.2561505E-03,-47.1110533E-03,+91.6304418E-03
+8.6175312E-03,+8.7812928E-03,-47.2079473E-03,+91.6461453E-03
+8.6178250E-03,+7.7909856E-03,-46.9540181E-03,+91.6553335E-03
+8.6181187E-03,+8.2844669E-03,-47.1160650E-03,+91.6474818E-03
+8.6184125E-03,+9.0367255E-03,-46.9673828E-03,+91.6418018E-03
+8.6187062E-03,+10.1222963E-03,-47.0676180E-03,+91.6418018E-03
+8.6190000E-03,+10.3894533E-03,-47.0943474E-03,+91.6418018E-03
+8.6192937E-03,+10.5840232E-03,-47.0626062E-03,+91.6461453E-03
+8.6195875E-03,+9.6905231E-03,-47.5738059E-03,+91.6488182E-03
+8.6198812E-03,+9.2863146E-03,-47.4435001E-03,+91.6304418E-03
+8.6201750E-03,+7.9047726E-03,-47.1027003E-03,+91.6439735E-03
+8.6204687E-03,+7.2597222E-03,-47.1027003E-03,+91.6431383E-03
+8.6207625E-03,+7.9619601E-03,-47.1461356E-03,+91.6282700E-03
+8.6210562E-03,+9.4105394E-03,-47.2597355E-03,+91.6382935E-03
+8.6213500E-03,+10.1881943E-03,-47.1511474E-03,+91.6474818E-03
+8.6216437E-03,+10.2670293E-03,-47.0191710E-03,+91.6396300E-03
+8.6219375E-03,+9.1214410E-03,-47.3516178E-03,+91.6339500E-03
+8.6222312E-03,+8.2487798E-03,-47.1160650E-03,+91.6361218E-03
+8.6225250E-03,+8.1192258E-03,-47.0108181E-03,+91.6418018E-03
+8.6228187E-03,+7.5858308E-03,-47.1160650E-03,+91.6352865E-03
+8.6231125E-03,+9.5334412E-03,-46.9456652E-03,+91.6247618E-03
+8.6234062E-03,+11.0661111E-03,-47.0325357E-03,+91.6396300E-03
+8.6237000E-03,+11.0455295E-03,-47.3031708E-03,+91.6382935E-03
+8.6239937E-03,+10.2175231E-03,-47.2864649E-03,+91.6539971E-03
+8.6242875E-03,+10.0902111E-03,-46.9673828E-03,+91.6588418E-03
+8.6245812E-03,+9.4192499E-03,-46.9807475E-03,+91.6483171E-03
+8.6248750E-03,+8.9242616E-03,-46.9323005E-03,+91.6588418E-03
+8.6251687E-03,+8.9991273E-03,-47.0809827E-03,+91.6374583E-03
+8.6254625E-03,+8.6168235E-03,-47.0241828E-03,+91.6304418E-03
+8.6257562E-03,+9.1179127E-03,-47.0676180E-03,+91.6418018E-03
+8.6260500E-03,+10.2154282E-03,-47.2029356E-03,+91.6418018E-03
+8.6263437E-03,+10.4985359E-03,-47.1945826E-03,+91.6439735E-03
+8.6266375E-03,+10.8666899E-03,-47.0024651E-03,+91.6496535E-03
+8.6269312E-03,+10.3965466E-03,-46.9673828E-03,+91.6496535E-03
+8.6272250E-03,+9.6544685E-03,-47.1327709E-03,+91.6518253E-03
+8.6275187E-03,+8.2348505E-03,-47.3516178E-03,+91.6531618E-03
+8.6278125E-03,+7.3708998E-03,-47.1595003E-03,+91.6483171E-03
+8.6281062E-03,+7.8467765E-03,-47.1895709E-03,+91.6588418E-03
+8.6284000E-03,+8.7559700E-03,-47.3081825E-03,+91.6374583E-03
+8.6286937E-03,+9.4608909E-03,-47.0459004E-03,+91.6326136E-03
+8.6289875E-03,+9.9712786E-03,-47.1461356E-03,+91.6539971E-03
+8.6292812E-03,+10.4012142E-03,-47.1511474E-03,+91.6631853E-03
+8.6295750E-03,+10.3815146E-03,-46.9105828E-03,+91.6509900E-03
+8.6298687E-03,+9.8030606E-03,-47.0459004E-03,+91.6426371E-03
+8.6301625E-03,+9.3994400E-03,-47.1027003E-03,+91.6610135E-03
+8.6304562E-03,+10.4522272E-03,-47.1244180E-03,+91.6453100E-03
+8.6307500E-03,+11.1490992E-03,-47.1160650E-03,+91.6382935E-03
+8.6310437E-03,+11.2205469E-03,-47.0108181E-03,+91.6518253E-03
+8.6313375E-03,+10.2021604E-03,-47.2029356E-03,+91.6575053E-03
+8.6316312E-03,+9.7034969E-03,-47.1511474E-03,+91.6531618E-03
+8.6319250E-03,+8.6191757E-03,-46.8671476E-03,+91.6439735E-03
+8.6322187E-03,+7.9841956E-03,-46.9757357E-03,+91.6453100E-03
+8.6325125E-03,+8.2325718E-03,-47.2814531E-03,+91.6361218E-03
+8.6328062E-03,+8.5831946E-03,-47.2731002E-03,+91.6396300E-03
+8.6331000E-03,+9.0427163E-03,-47.1461356E-03,+91.6426371E-03
+8.6333937E-03,+9.5051047E-03,-47.2163003E-03,+91.6566700E-03
+8.6336875E-03,+9.9160390E-03,-47.0809827E-03,+91.6404653E-03
+8.6339812E-03,+9.5316770E-03,-46.9807475E-03,+91.6553335E-03
+8.6342750E-03,+8.8591355E-03,-47.0191710E-03,+91.6474818E-03
+8.6345687E-03,+8.2520141E-03,-47.3081825E-03,+91.6418018E-03
+8.6348625E-03,+8.3852434E-03,-47.0893356E-03,+91.6483171E-03
+8.6351562E-03,+8.9212111E-03,-47.2597355E-03,+91.6566700E-03
+8.6354500E-03,+9.7469021E-03,-47.2814531E-03,+91.6426371E-03
+8.6357437E-03,+10.8858381E-03,-47.2948178E-03,+91.6588418E-03
+8.6360375E-03,+11.7286559E-03,-47.0943474E-03,+91.6439735E-03
+8.6363312E-03,+10.8665429E-03,-46.9974534E-03,+91.6518253E-03
+8.6366250E-03,+8.6050626E-03,-47.3165355E-03,+91.6531618E-03
+8.6369187E-03,+8.3520188E-03,-47.1945826E-03,+91.6526606E-03
+8.6372125E-03,+8.6277391E-03,-47.0459004E-03,+91.6658582E-03
+8.6375062E-03,+8.6865805E-03,-47.1244180E-03,+91.6304418E-03
+8.6378000E-03,+8.8768136E-03,-47.1377827E-03,+91.6504888E-03
+8.6380937E-03,+9.9925586E-03,-47.0459004E-03,+91.6666935E-03
+8.6383875E-03,+10.7531233E-03,-47.1461356E-03,+91.6539971E-03
+8.6386812E-03,+10.3164620E-03,-47.1294297E-03,+91.6631853E-03
+8.6389750E-03,+8.4531996E-03,-46.8755005E-03,+91.6553335E-03
+8.6392687E-03,+7.6981109E-03,-47.1027003E-03,+91.6539971E-03
+8.6395625E-03,+8.2685161E-03,-47.1895709E-03,+91.6566700E-03
+8.6398562E-03,+9.1514314E-03,-47.3081825E-03,+91.6382935E-03
+8.6401500E-03,+9.3633119E-03,-47.0241828E-03,+91.6474818E-03
+8.6404437E-03,+10.4184513E-03,-47.0459004E-03,+91.6418018E-03
+8.6407375E-03,+11.4970023E-03,-47.1027003E-03,+91.6418018E-03
+8.6410312E-03,+10.9234731E-03,-47.1244180E-03,+91.6396300E-03
+8.6413250E-03,+10.0318107E-03,-47.1595003E-03,+91.6339500E-03
+8.6416187E-03,+8.6183671E-03,-47.1461356E-03,+91.6339500E-03
+8.6419125E-03,+7.9280739E-03,-47.2163003E-03,+91.6382935E-03
+8.6422062E-03,+7.9480308E-03,-47.0809827E-03,+91.6583406E-03
+8.6425000E-03,+8.7349474E-03,-47.0459004E-03,+91.6723735E-03
+8.6427937E-03,+9.5229298E-03,-47.0375475E-03,+91.6518253E-03
+8.6430875E-03,+10.0200130E-03,-46.9974534E-03,+91.6575053E-03
+8.6433812E-03,+9.7421977E-03,-47.2079473E-03,+91.6618488E-03
+8.6436750E-03,+9.5777284E-03,-46.9323005E-03,+91.6688653E-03
+8.6439687E-03,+9.4636474E-03,-47.1461356E-03,+91.6531618E-03
+8.6442625E-03,+8.3646618E-03,-47.1511474E-03,+91.6396300E-03
+8.6445562E-03,+7.7032196E-03,-46.8888652E-03,+91.6382935E-03
+8.6448500E-03,+8.0713368E-03,-46.9673828E-03,+91.6561688E-03
+8.6451437E-03,+9.2086189E-03,-47.0893356E-03,+91.6710371E-03
+8.6454375E-03,+9.1087613E-03,-47.2597355E-03,+91.6588418E-03
+8.6457312E-03,+9.2999132E-03,-47.2597355E-03,+91.6418018E-03
+8.6460250E-03,+9.9777471E-03,-47.2163003E-03,+91.6396300E-03
+8.6463187E-03,+9.6953010E-03,-47.1027003E-03,+91.6404653E-03
+8.6466125E-03,+9.1260719E-03,-47.0592651E-03,+91.6596771E-03
+8.6469062E-03,+8.4966782E-03,-47.0325357E-03,+91.6631853E-03
+8.6472000E-03,+8.9752379E-03,-47.1945826E-03,+91.6618488E-03
+8.6474937E-03,+10.4171650E-03,-47.0459004E-03,+91.6688653E-03
+8.6477875E-03,+10.9841889E-03,-47.1461356E-03,+91.6618488E-03
+8.6480812E-03,+10.5627800E-03,-47.1728650E-03,+91.6623500E-03
+8.6483750E-03,+10.0530906E-03,-47.0108181E-03,+91.6404653E-03
+8.6486687E-03,+8.7001424E-03,-47.2029356E-03,+91.6531618E-03
+8.6489625E-03,+8.6852207E-03,-47.2380179E-03,+91.6439735E-03
+8.6492562E-03,+8.6808471E-03,-47.1377827E-03,+91.6474818E-03
+8.6495500E-03,+8.9645428E-03,-46.9807475E-03,+91.6439735E-03
+8.6498437E-03,+10.2038878E-03,-46.9540181E-03,+91.6496535E-03
+8.6501375E-03,+10.4646130E-03,-47.0943474E-03,+91.6496535E-03
+8.6504312E-03,+10.4318661E-03,-46.9974534E-03,+91.6518253E-03
+8.6507250E-03,+10.4299917E-03,-47.2948178E-03,+91.6553335E-03
+8.6510187E-03,+9.7036807E-03,-47.1595003E-03,+91.6539971E-03
+8.6513125E-03,+8.3342304E-03,-47.1678532E-03,+91.6588418E-03
+8.6516062E-03,+8.1845725E-03,-47.2948178E-03,+91.6461453E-03
+8.6519000E-03,+7.7669124E-03,-47.1812179E-03,+91.6575053E-03
+8.6521937E-03,+8.5931914E-03,-47.1595003E-03,+91.6575053E-03
+8.6524875E-03,+9.5172699E-03,-47.1027003E-03,+91.6575053E-03
+8.6527812E-03,+9.7611990E-03,-47.1027003E-03,+91.6575053E-03
+8.6530750E-03,+10.2588334E-03,-47.1244180E-03,+91.6553335E-03
+8.6533687E-03,+9.6413845E-03,-47.1595003E-03,+91.6496535E-03
+8.6536625E-03,+9.0066984E-03,-47.1027003E-03,+91.6518253E-03
+8.6539562E-03,+8.1503188E-03,-47.1244180E-03,+91.6553335E-03
+8.6542500E-03,+8.2525286E-03,-47.1812179E-03,+91.6474818E-03
+8.6545437E-03,+8.1425272E-03,-47.2029356E-03,+91.6526606E-03
+8.6548375E-03,+8.9065467E-03,-47.2814531E-03,+91.6702018E-03
+8.6551312E-03,+9.7414627E-03,-47.3382531E-03,+91.6483171E-03
+8.6554250E-03,+10.2134436E-03,-47.2948178E-03,+91.6566700E-03
+8.6557187E-03,+9.9873029E-03,-47.2463708E-03,+91.6361218E-03
+8.6560125E-03,+9.8487444E-03,-47.3299002E-03,+91.6439735E-03
+8.6563062E-03,+9.4825016E-03,-47.1461356E-03,+91.6518253E-03
+8.6566000E-03,+9.1854646E-03,-47.2814531E-03,+91.6596771E-03
+8.6568937E-03,+8.9047826E-03,-47.3165355E-03,+91.6610135E-03
+8.6571875E-03,+9.8062580E-03,-47.2814531E-03,+91.6453100E-03
+8.6574812E-03,+10.8471373E-03,-47.2948178E-03,+91.6339500E-03
+8.6577750E-03,+10.4383714E-03,-47.1377827E-03,+91.6426371E-03
+8.6580687E-03,+9.6275286E-03,-47.0459004E-03,+91.6631853E-03
+8.6583625E-03,+8.6015343E-03,-47.1895709E-03,+91.6575053E-03
+8.6586562E-03,+8.2505440E-03,-47.3733354E-03,+91.6575053E-03
+8.6589500E-03,+7.5848385E-03,-47.3248884E-03,+91.6488182E-03
+8.6592437E-03,+7.3014000E-03,-47.4735706E-03,+91.6369571E-03
+8.6595375E-03,+8.4970458E-03,-47.3733354E-03,+91.6610135E-03
+8.6598312E-03,+9.7359865E-03,-47.2163003E-03,+91.6496535E-03
+8.6601250E-03,+10.0289439E-03,-47.0592651E-03,+91.6474818E-03
+8.6604187E-03,+10.1260084E-03,-47.0108181E-03,+91.6461453E-03
+8.6607125E-03,+9.7136407E-03,-47.1812179E-03,+91.6531618E-03
+8.6610062E-03,+9.1428680E-03,-47.1812179E-03,+91.6396300E-03
+8.6613000E-03,+8.6433224E-03,-47.3115237E-03,+91.6448088E-03
+8.6615937E-03,+9.8472008E-03,-47.5654529E-03,+91.6666935E-03
+8.6618875E-03,+10.1239870E-03,-47.3165355E-03,+91.6431383E-03
+8.6621812E-03,+10.9462231E-03,-47.2814531E-03,+91.6326136E-03
+8.6624750E-03,+11.8232579E-03,-47.3165355E-03,+91.6453100E-03
+8.6627687E-03,+10.4014715E-03,-47.2163003E-03,+91.6448088E-03
+8.6630625E-03,+9.4034094E-03,-47.1244180E-03,+91.6666935E-03
+8.6633562E-03,+8.2749112E-03,-47.2680884E-03,+91.6518253E-03
+8.6636500E-03,+7.5466889E-03,-47.4084178E-03,+91.6531618E-03
+8.6639437E-03,+8.3936231E-03,-47.1595003E-03,+91.6396300E-03
+8.6642375E-03,+8.9809346E-03,-47.1461356E-03,+91.6361218E-03
+8.6645312E-03,+9.3415910E-03,-47.2597355E-03,+91.6483171E-03
+8.6648250E-03,+10.0826767E-03,-47.2380179E-03,+91.6610135E-03
+8.6651187E-03,+9.8073974E-03,-47.2680884E-03,+91.6496535E-03
+8.6654125E-03,+9.0576747E-03,-47.4084178E-03,+91.6518253E-03
+8.6657062E-03,+9.2948780E-03,-47.1595003E-03,+91.6596771E-03
+8.6660000E-03,+8.9362431E-03,-47.1027003E-03,+91.6631853E-03
+8.6662937E-03,+8.7160564E-03,-47.1461356E-03,+91.6553335E-03
+8.6665875E-03,+10.0496726E-03,-47.2597355E-03,+91.6518253E-03
+8.6668812E-03,+10.7623483E-03,-47.2814531E-03,+91.6553335E-03
+8.6671750E-03,+10.9980448E-03,-47.3165355E-03,+91.6453100E-03
+8.6674687E-03,+10.8701079E-03,-47.1945826E-03,+91.6361218E-03
+8.6677625E-03,+9.8463922E-03,-47.0893356E-03,+91.6439735E-03
+8.6680562E-03,+8.3363253E-03,-47.2597355E-03,+91.6496535E-03
+8.6683500E-03,+7.5282757E-03,-47.2814531E-03,+91.6453100E-03
+8.6686437E-03,+7.7069684E-03,-47.2731002E-03,+91.6317783E-03
+8.6689375E-03,+8.9727387E-03,-47.1678532E-03,+91.6347853E-03
+8.6692312E-03,+9.8435990E-03,-47.4034060E-03,+91.6596771E-03
+8.6695250E-03,+10.3020548E-03,-47.4652177E-03,+91.6653571E-03
+8.6698187E-03,+10.3399839E-03,-47.1160650E-03,+91.6653571E-03
+8.6701125E-03,+8.8341803E-03,-47.0108181E-03,+91.6588418E-03
+8.6704062E-03,+7.2606410E-03,-47.2029356E-03,+91.6352865E-03
+8.6707000E-03,+7.2047031E-03,-47.2597355E-03,+91.6247618E-03
+8.6709937E-03,+8.3825604E-03,-47.2597355E-03,+91.6439735E-03
+8.6712875E-03,+9.5545006E-03,-47.2814531E-03,+91.6518253E-03
+8.6715812E-03,+10.5185295E-03,-47.2948178E-03,+91.6553335E-03
+8.6718750E-03,+10.9837846E-03,-47.1812179E-03,+91.6518253E-03
+8.6721687E-03,+10.8143905E-03,-47.2463708E-03,+91.6509900E-03
+8.6724625E-03,+9.5711497E-03,-47.4167707E-03,+91.6382935E-03
+8.6727562E-03,+8.0475944E-03,-47.3516178E-03,+91.6474818E-03
+8.6730500E-03,+7.6626811E-03,-47.1160650E-03,+91.6418018E-03
+8.6733437E-03,+8.6181834E-03,-47.0759709E-03,+91.6439735E-03
+8.6736375E-03,+9.6707133E-03,-47.3516178E-03,+91.6518253E-03
+8.6739312E-03,+10.4745730E-03,-47.1812179E-03,+91.6553335E-03
+8.6742250E-03,+10.6748396E-03,-47.1595003E-03,+91.6518253E-03
+8.6745187E-03,+10.4532563E-03,-47.1244180E-03,+91.6531618E-03
+8.6748125E-03,+9.8622695E-03,-47.1160650E-03,+91.6483171E-03
+8.6751062E-03,+7.8853670E-03,-46.9673828E-03,+91.6588418E-03
+8.6754000E-03,+7.7474701E-03,-47.0024651E-03,+91.6483171E-03
+8.6756937E-03,+8.1039366E-03,-47.0108181E-03,+91.6631853E-03
+8.6759875E-03,+8.9925118E-03,-47.1160650E-03,+91.6553335E-03
+8.6762812E-03,+10.1560355E-03,-46.9456652E-03,+91.6474818E-03
+8.6765750E-03,+10.8902852E-03,-47.0108181E-03,+91.6483171E-03
+8.6768687E-03,+11.1725843E-03,-47.1812179E-03,+91.6675288E-03
+8.6771625E-03,+10.6428279E-03,-47.2029356E-03,+91.6645218E-03
+8.6774562E-03,+9.0107413E-03,-47.2597355E-03,+91.6439735E-03
+8.6777500E-03,+7.9525514E-03,-47.2380179E-03,+91.6474818E-03
+8.6780437E-03,+8.3239028E-03,-47.2246532E-03,+91.6439735E-03
+8.6783375E-03,+8.8153627E-03,-47.2731002E-03,+91.6539971E-03
+8.6786312E-03,+10.3948927E-03,-47.0592651E-03,+91.6610135E-03
+8.6789250E-03,+11.5817913E-03,-47.0325357E-03,+91.6496535E-03
+8.6792187E-03,+10.6806466E-03,-47.2380179E-03,+91.6474818E-03
+8.6795125E-03,+10.3580663E-03,-47.2246532E-03,+91.6483171E-03
+8.6798062E-03,+8.8083430E-03,-47.2731002E-03,+91.6631853E-03
+8.6801000E-03,+7.7966088E-03,-47.1027003E-03,+91.6575053E-03
+8.6803937E-03,+7.2987905E-03,-47.1678532E-03,+91.6531618E-03
+8.6806875E-03,+8.4039139E-03,-47.2948178E-03,+91.6461453E-03
+8.6809812E-03,+9.8439665E-03,-47.1160650E-03,+91.6618488E-03
+8.6812750E-03,+11.2027952E-03,-47.0325357E-03,+91.6732088E-03
+8.6815687E-03,+10.9543088E-03,-47.3248884E-03,+91.6688653E-03
+8.6818625E-03,+10.5668963E-03,-47.3649825E-03,+91.6553335E-03
+8.6821562E-03,+9.6233021E-03,-47.0893356E-03,+91.6453100E-03
+8.6824500E-03,+8.5204941E-03,-47.1294297E-03,+91.6382935E-03
+8.6827437E-03,+8.1221293E-03,-46.8537829E-03,+91.6496535E-03
+8.6830375E-03,+8.1383006E-03,-47.0241828E-03,+91.6518253E-03
+8.6833312E-03,+8.5352688E-03,-47.0241828E-03,+91.6553335E-03
+8.6836250E-03,+9.7521945E-03,-47.0459004E-03,+91.6496535E-03
+8.6839187E-03,+10.5380821E-03,-47.1244180E-03,+91.6518253E-03
+8.6842125E-03,+9.4532096E-03,-47.1812179E-03,+91.6531618E-03
+8.6845062E-03,+9.5890483E-03,-47.1377827E-03,+91.6418018E-03
+8.6848000E-03,+8.6047686E-03,-47.0676180E-03,+91.6461453E-03
+8.6850937E-03,+8.3138325E-03,-47.1595003E-03,+91.6553335E-03
+8.6853875E-03,+8.4218861E-03,-47.1027003E-03,+91.6453100E-03
+8.6856812E-03,+9.1830757E-03,-47.0592651E-03,+91.6317783E-03
+8.6859750E-03,+9.5805216E-03,-47.0542533E-03,+91.6260983E-03
+8.6862687E-03,+10.5547679E-03,-47.2948178E-03,+91.6304418E-03
+8.6865625E-03,+10.2172659E-03,-47.0943474E-03,+91.6439735E-03
+8.6868562E-03,+9.7638452E-03,-46.9105828E-03,+91.6518253E-03
+8.6871500E-03,+9.5123450E-03,-47.0024651E-03,+91.6575053E-03
+8.6874437E-03,+8.7015757E-03,-46.9239475E-03,+91.6509900E-03
+8.6877375E-03,+9.1439706E-03,-46.9540181E-03,+91.6339500E-03
+8.6880312E-03,+8.8301742E-03,-47.1595003E-03,+91.6339500E-03
+8.6883250E-03,+8.6829788E-03,-47.1895709E-03,+91.6361218E-03
+8.6886187E-03,+9.8546984E-03,-47.3299002E-03,+91.6461453E-03
+8.6889125E-03,+10.6633360E-03,-47.0809827E-03,+91.6596771E-03
+8.6892062E-03,+9.8510599E-03,-47.0024651E-03,+91.6610135E-03
+8.6895000E-03,+8.8955576E-03,-46.9673828E-03,+91.6518253E-03
+8.6897937E-03,+7.9768818E-03,-47.1110533E-03,+91.6575053E-03
+8.6900875E-03,+8.1500248E-03,-47.3165355E-03,+91.6596771E-03
+8.6903812E-03,+9.3301975E-03,-47.2597355E-03,+91.6566700E-03
+8.6906750E-03,+10.5688810E-03,-47.2380179E-03,+91.6404653E-03
+8.6909687E-03,+10.9822410E-03,-47.1812179E-03,+91.6531618E-03
+8.6912625E-03,+10.9381743E-03,-47.1595003E-03,+91.6396300E-03
+8.6915562E-03,+9.9929261E-03,-47.0592651E-03,+91.6339500E-03
+8.6918500E-03,+9.0251116E-03,-46.9673828E-03,+91.6339500E-03
+8.6921437E-03,+7.9169378E-03,-47.0241828E-03,+91.6317783E-03
+8.6924375E-03,+7.9754852E-03,-46.9807475E-03,+91.6304418E-03
+8.6927312E-03,+7.6857620E-03,-46.8671476E-03,+91.6504888E-03
+8.6930250E-03,+7.6714283E-03,-46.9757357E-03,+91.6688653E-03
+8.6933187E-03,+8.3982172E-03,-47.2380179E-03,+91.6531618E-03
+8.6936125E-03,+9.9695512E-03,-47.1595003E-03,+91.6418018E-03
+8.6939062E-03,+9.8973685E-03,-47.1027003E-03,+91.6439735E-03
+8.6942000E-03,+8.7839758E-03,-47.1244180E-03,+91.6496535E-03
+8.6944937E-03,+8.6670280E-03,-47.0726298E-03,+91.6496535E-03
+8.6947875E-03,+8.9510913E-03,-46.8755005E-03,+91.6496535E-03
+8.6950812E-03,+9.5901142E-03,-47.0592651E-03,+91.6518253E-03
+8.6953750E-03,+9.9330556E-03,-46.9891004E-03,+91.6531618E-03
+8.6956687E-03,+11.4039439E-03,-47.1678532E-03,+91.6483171E-03
+8.6959625E-03,+12.2033933E-03,-47.2731002E-03,+91.6631853E-03
+8.6962562E-03,+11.2831004E-03,-47.1461356E-03,+91.6509900E-03
+8.6965500E-03,+9.4164934E-03,-47.2814531E-03,+91.6426371E-03
+8.6968437E-03,+8.1682175E-03,-47.2731002E-03,+91.6566700E-03
+8.6971375E-03,+7.1403120E-03,-47.1678532E-03,+91.6404653E-03
+8.6974312E-03,+7.0696361E-03,-47.3165355E-03,+91.6596771E-03
+8.6977250E-03,+7.8783472E-03,-47.2814531E-03,+91.6588418E-03
+8.6980187E-03,+8.9540682E-03,-47.3382531E-03,+91.6418018E-03
+8.6983125E-03,+9.8999045E-03,-47.2079473E-03,+91.6439735E-03
+8.6986062E-03,+10.2499392E-03,-46.9323005E-03,+91.6539971E-03
+8.6989000E-03,+10.0853229E-03,-47.1027003E-03,+91.6588418E-03
+8.6991937E-03,+9.1969315E-03,-47.1461356E-03,+91.6439735E-03
+8.6994875E-03,+9.3657009E-03,-47.2380179E-03,+91.6474818E-03
+8.6997812E-03,+8.9825150E-03,-47.2029356E-03,+91.6396300E-03
+8.7000750E-03,+9.7606844E-03,-47.2597355E-03,+91.6361218E-03
+8.7003687E-03,+10.5796496E-03,-47.2163003E-03,+91.6483171E-03
+8.7006625E-03,+11.2078671E-03,-47.0375475E-03,+91.6610135E-03
+8.7009562E-03,+11.5410323E-03,-46.9757357E-03,+91.6561688E-03
+8.7012500E-03,+10.8622428E-03,-47.1511474E-03,+91.6666935E-03
+8.7015437E-03,+9.8001203E-03,-46.8888652E-03,+91.6518253E-03
+8.7018375E-03,+8.0575912E-03,-46.9891004E-03,+91.6531618E-03
+8.7021312E-03,+7.9548668E-03,-47.1461356E-03,+91.6418018E-03
+8.7024250E-03,+8.8565995E-03,-47.1945826E-03,+91.6461453E-03
+8.7027187E-03,+10.2194710E-03,-47.0676180E-03,+91.6618488E-03
+8.7030125E-03,+10.8348251E-03,-47.1595003E-03,+91.6688653E-03
+8.7033062E-03,+10.0261140E-03,-47.0592651E-03,+91.6618488E-03
+8.7036000E-03,+8.9925853E-03,-46.9673828E-03,+91.6623500E-03
+8.7038937E-03,+8.4591903E-03,-47.0893356E-03,+91.6448088E-03
+8.7041875E-03,+7.5294151E-03,-47.3031708E-03,+91.6666935E-03
+8.7044812E-03,+7.0184026E-03,-47.3516178E-03,+91.6474818E-03
+8.7047750E-03,+8.1386681E-03,-47.1812179E-03,+91.6483171E-03
+8.7050687E-03,+10.0772740E-03,-47.2463708E-03,+91.6588418E-03
+8.7053625E-03,+11.9816262E-03,-47.3081825E-03,+91.6396300E-03
+8.7056562E-03,+10.9902532E-03,-46.9807475E-03,+91.6448088E-03
+8.7059500E-03,+9.7452850E-03,-46.9323005E-03,+91.6688653E-03
+8.7062437E-03,+9.0057061E-03,-47.1895709E-03,+91.6553335E-03
+8.7065375E-03,+8.1687688E-03,-47.3081825E-03,+91.6518253E-03
+8.7068312E-03,+8.0048508E-03,-47.0893356E-03,+91.6488182E-03
+8.7071250E-03,+7.8875722E-03,-47.2597355E-03,+91.6347853E-03
+8.7074187E-03,+8.4534936E-03,-47.1945826E-03,+91.6509900E-03
+8.7077125E-03,+9.5578819E-03,-47.0241828E-03,+91.6426371E-03
+8.7080062E-03,+10.0974514E-03,-47.0676180E-03,+91.6588418E-03
+8.7083000E-03,+9.8977361E-03,-47.1160650E-03,+91.6461453E-03
+8.7085937E-03,+8.9513853E-03,-47.0325357E-03,+91.6531618E-03
+8.7088875E-03,+8.2308444E-03,-47.2380179E-03,+91.6439735E-03
+8.7091812E-03,+7.4240812E-03,-47.1812179E-03,+91.6474818E-03
+8.7094750E-03,+8.3436391E-03,-47.2246532E-03,+91.6396300E-03
+8.7097687E-03,+9.7953424E-03,-47.3382531E-03,+91.6382935E-03
+8.7100625E-03,+11.4240845E-03,-47.2296650E-03,+91.6539971E-03
+8.7103562E-03,+12.2181680E-03,-46.9456652E-03,+91.6588418E-03
+8.7106500E-03,+11.7570659E-03,-46.9456652E-03,+91.6461453E-03
+8.7109437E-03,+10.5559807E-03,-47.0325357E-03,+91.6553335E-03
+8.7112375E-03,+8.9677403E-03,-47.2380179E-03,+91.6539971E-03
+8.7115312E-03,+8.8643176E-03,-47.1160650E-03,+91.6566700E-03
+8.7118250E-03,+9.4294672E-03,-47.0325357E-03,+91.6339500E-03
+8.7121187E-03,+9.5835354E-03,-47.2597355E-03,+91.6361218E-03
+8.7124125E-03,+9.9173621E-03,-47.1294297E-03,+91.6396300E-03
+8.7127062E-03,+10.4583650E-03,-46.8320653E-03,+91.6404653E-03
+8.7130000E-03,+9.5952596E-03,-46.9673828E-03,+91.6531618E-03
+8.7132937E-03,+9.1274685E-03,-47.0241828E-03,+91.6483171E-03
+8.7135875E-03,+7.9516326E-03,-47.1110533E-03,+91.6588418E-03
+8.7138812E-03,+7.2106938E-03,-47.2948178E-03,+91.6483171E-03
+8.7141750E-03,+7.2227120E-03,-47.1160650E-03,+91.6588418E-03
+8.7144687E-03,+7.9139608E-03,-47.0325357E-03,+91.6461453E-03
+8.7147625E-03,+9.5017234E-03,-47.1728650E-03,+91.6488182E-03
+8.7150562E-03,+11.3016606E-03,-47.0325357E-03,+91.6347853E-03
+8.7153500E-03,+11.1962165E-03,-47.2814531E-03,+91.6531618E-03
+8.7156437E-03,+10.4578504E-03,-47.2948178E-03,+91.6396300E-03
+8.7159375E-03,+9.8501778E-03,-47.2246532E-03,+91.6404653E-03
+8.7162312E-03,+8.6693067E-03,-47.3382531E-03,+91.6575053E-03
+8.7165250E-03,+9.0529336E-03,-47.2948178E-03,+91.6531618E-03
+8.7168187E-03,+9.8949796E-03,-47.1160650E-03,+91.6483171E-03
+8.7171125E-03,+9.8731851E-03,-47.0108181E-03,+91.6631853E-03
+8.7174062E-03,+10.1168202E-03,-47.1595003E-03,+91.6509900E-03
+8.7177000E-03,+10.0830075E-03,-47.1461356E-03,+91.6339500E-03
+8.7179937E-03,+9.9003455E-03,-47.3031708E-03,+91.6382935E-03
+8.7182875E-03,+8.4344923E-03,-47.3733354E-03,+91.6474818E-03
+8.7185812E-03,+7.1278528E-03,-47.1945826E-03,+91.6396300E-03
+8.7188750E-03,+6.9305999E-03,-47.0459004E-03,+91.6382935E-03
+8.7191687E-03,+7.5954233E-03,-47.0809827E-03,+91.6518253E-03
+8.7194625E-03,+9.2461069E-03,-47.1110533E-03,+91.6531618E-03
+8.7197562E-03,+10.6277592E-03,-47.2731002E-03,+91.6374583E-03
+8.7200500E-03,+11.1746793E-03,-47.0375475E-03,+91.6239265E-03
+8.7203437E-03,+11.2914433E-03,-46.9105828E-03,+91.6269336E-03
+8.7206375E-03,+9.7961878E-03,-47.0676180E-03,+91.6431383E-03
+8.7209312E-03,+8.4998022E-03,-47.2246532E-03,+91.6282700E-03
+8.7212250E-03,+8.3932923E-03,-47.2948178E-03,+91.6361218E-03
+8.7215187E-03,+9.2093907E-03,-47.2029356E-03,+91.6439735E-03
+8.7218125E-03,+10.1654810E-03,-47.2380179E-03,+91.6474818E-03
+8.7221062E-03,+11.2503168E-03,-47.2029356E-03,+91.6439735E-03
+8.7224000E-03,+10.6147854E-03,-47.1945826E-03,+91.6474818E-03
+8.7226937E-03,+9.7638452E-03,-47.1327709E-03,+91.6439735E-03
+8.7229875E-03,+7.8923134E-03,-47.3733354E-03,+91.6518253E-03
+8.7232812E-03,+7.2591709E-03,-47.1945826E-03,+91.6423030E-03
+8.7235750E-03,+7.4066603E-03,-47.0676180E-03,+91.6134018E-03
+8.7238687E-03,+8.3852801E-03,-47.1377827E-03,+91.6374583E-03
+8.7241625E-03,+10.2635378E-03,-47.1327709E-03,+91.6347853E-03
+8.7244562E-03,+11.3615311E-03,-47.4167707E-03,+91.6553335E-03
+8.7247500E-03,+11.1120891E-03,-47.3299002E-03,+91.6496535E-03
+8.7250437E-03,+9.5276710E-03,-47.1244180E-03,+91.6539971E-03
+8.7253375E-03,+8.0778788E-03,-47.1377827E-03,+91.6588418E-03
+8.7256312E-03,+7.0705549E-03,-47.0241828E-03,+91.6461453E-03
+8.7259250E-03,+7.8485774E-03,-47.0241828E-03,+91.6509900E-03
+8.7262187E-03,+8.2079841E-03,-47.0024651E-03,+91.6317783E-03
+8.7265125E-03,+10.8336490E-03,-46.9673828E-03,+91.6260983E-03
+8.7268062E-03,+11.9113547E-03,-47.0893356E-03,+91.6347853E-03
+8.7271000E-03,+11.3968506E-03,-47.2163003E-03,+91.6553335E-03
+8.7273937E-03,+10.2714764E-03,-47.0809827E-03,+91.6496535E-03
+8.7276875E-03,+8.4800659E-03,-47.0676180E-03,+91.6453100E-03
+8.7279812E-03,+7.8547151E-03,-47.1595003E-03,+91.6361218E-03
+8.7282750E-03,+7.2751217E-03,-47.1244180E-03,+91.6461453E-03
+8.7285687E-03,+8.0136347E-03,-47.2029356E-03,+91.6553335E-03
+8.7288625E-03,+8.8882070E-03,-47.2814531E-03,+91.6474818E-03
+8.7291562E-03,+10.5386701E-03,-47.3165355E-03,+91.6374583E-03
+8.7294500E-03,+10.9904369E-03,-47.2814531E-03,+91.6304418E-03
+8.7297437E-03,+10.4840185E-03,-47.2079473E-03,+91.6396300E-03
+8.7300375E-03,+8.1278995E-03,-47.0408886E-03,+91.6382935E-03
+8.7303312E-03,+6.9528721E-03,-47.4735706E-03,+91.6474818E-03
+8.7306250E-03,+7.1612611E-03,-47.3299002E-03,+91.6439735E-03
+8.7309187E-03,+8.1711577E-03,-47.1895709E-03,+91.6431383E-03
+8.7312125E-03,+10.3935696E-03,-47.4167707E-03,+91.6369571E-03
+8.7315062E-03,+11.2377105E-03,-47.4167707E-03,+91.6610135E-03
+8.7318000E-03,+11.1689090E-03,-47.3299002E-03,+91.6496535E-03
+8.7320937E-03,+11.3041230E-03,-47.1027003E-03,+91.6496535E-03
+8.7323875E-03,+9.4550472E-03,-47.1461356E-03,+91.6518253E-03
+8.7326812E-03,+7.9738680E-03,-47.2163003E-03,+91.6553335E-03
+8.7329750E-03,+8.7067946E-03,-47.1244180E-03,+91.6496535E-03
+8.7332687E-03,+9.1776362E-03,-47.2029356E-03,+91.6474818E-03
+8.7335625E-03,+10.4318294E-03,-47.2814531E-03,+91.6461453E-03
+8.7338562E-03,+10.3903353E-03,-47.3599707E-03,+91.6575053E-03
+8.7341500E-03,+10.3066489E-03,-47.2430297E-03,+91.6509900E-03
+8.7344437E-03,+10.8879698E-03,-46.8755005E-03,+91.6382935E-03
+8.7347375E-03,+10.1442379E-03,-47.1027003E-03,+91.6474818E-03
+8.7350312E-03,+8.8652732E-03,-47.1461356E-03,+91.6483171E-03
+8.7353250E-03,+8.6580970E-03,-47.1945826E-03,+91.6631853E-03
+8.7356187E-03,+9.1934400E-03,-47.0893356E-03,+91.6531618E-03
+8.7359125E-03,+8.8864796E-03,-47.2380179E-03,+91.6439735E-03
+8.7362062E-03,+9.6407229E-03,-47.1595003E-03,+91.6496535E-03
+8.7365000E-03,+10.1111235E-03,-47.1461356E-03,+91.6496535E-03
+8.7367937E-03,+10.1725743E-03,-47.2814531E-03,+91.6496535E-03
+8.7370875E-03,+10.1130346E-03,-47.3599707E-03,+91.6431383E-03
+8.7373812E-03,+8.9520469E-03,-47.3950531E-03,+91.6282700E-03
+8.7376750E-03,+7.9648636E-03,-47.3165355E-03,+91.6361218E-03
+8.7379687E-03,+8.1870717E-03,-47.2814531E-03,+91.6418018E-03
+8.7382625E-03,+8.8683605E-03,-47.3165355E-03,+91.6374583E-03
+8.7385562E-03,+9.0952362E-03,-47.2814531E-03,+91.6282700E-03
+8.7388500E-03,+9.8617182E-03,-47.3165355E-03,+91.6404653E-03
+8.7391437E-03,+10.1613647E-03,-47.2814531E-03,+91.6531618E-03
+8.7394375E-03,+10.1766539E-03,-47.2513826E-03,+91.6461453E-03
+8.7397312E-03,+9.4003589E-03,-47.0241828E-03,+91.6531618E-03
+8.7400250E-03,+7.8779797E-03,-47.0676180E-03,+91.6418018E-03
+8.7403187E-03,+7.7729031E-03,-47.0291945E-03,+91.6461453E-03
+8.7406125E-03,+8.9733635E-03,-46.7184653E-03,+91.6444747E-03
+8.7409062E-03,+10.2790108E-03,-47.0108181E-03,+91.6147383E-03
+8.7412000E-03,+11.4071782E-03,-47.2029356E-03,+91.6260983E-03
+8.7414937E-03,+11.2580349E-03,-47.1945826E-03,+91.6304418E-03
+8.7417875E-03,+10.1772420E-03,-47.1544885E-03,+91.6374583E-03
+8.7420812E-03,+9.0286032E-03,-47.4518530E-03,+91.6326136E-03
+8.7423750E-03,+7.2407210E-03,-47.4251236E-03,+91.6431383E-03
+8.7426687E-03,+6.8780432E-03,-47.5871706E-03,+91.6282700E-03
+8.7429625E-03,+7.7275133E-03,-47.3516178E-03,+91.6339500E-03
+8.7432562E-03,+8.4588227E-03,-47.1812179E-03,+91.6317783E-03
+8.7435500E-03,+9.9446695E-03,-47.1812179E-03,+91.6260983E-03
+8.7438437E-03,+11.0464116E-03,-47.2680884E-03,+91.6326136E-03
+8.7441375E-03,+10.5931747E-03,-47.4952883E-03,+91.6431383E-03
+8.7444312E-03,+9.1830757E-03,-47.4084178E-03,+91.6282700E-03
+8.7447250E-03,+8.3750996E-03,-47.2246532E-03,+91.6382935E-03
+8.7450187E-03,+8.7274865E-03,-47.3599707E-03,+91.6431383E-03
+8.7453125E-03,+9.5002900E-03,-47.3733354E-03,+91.6326136E-03
+8.7456062E-03,+9.4663303E-03,-47.1728650E-03,+91.6539971E-03
+8.7459000E-03,+9.8893564E-03,-46.9456652E-03,+91.6610135E-03
+8.7461937E-03,+10.0721286E-03,-47.0108181E-03,+91.6518253E-03
+8.7464875E-03,+10.2688302E-03,-47.1595003E-03,+91.6488182E-03
+8.7467812E-03,+9.3526168E-03,-47.1244180E-03,+91.6282700E-03
+8.7470750E-03,+8.9908579E-03,-47.1377827E-03,+91.6317783E-03
+8.7473687E-03,+7.5795460E-03,-47.0893356E-03,+91.6282700E-03
+8.7476625E-03,+8.1214310E-03,-47.3248884E-03,+91.6361218E-03
+8.7479562E-03,+9.1823406E-03,-47.3867001E-03,+91.6396300E-03
+8.7482500E-03,+9.8731851E-03,-47.1895709E-03,+91.6382935E-03
+8.7485437E-03,+11.4489663E-03,-47.4167707E-03,+91.6431383E-03
+8.7488375E-03,+10.9413350E-03,-47.3516178E-03,+91.6304418E-03
+8.7491312E-03,+10.0221447E-03,-47.2898061E-03,+91.6374583E-03
+8.7494250E-03,+8.8900447E-03,-47.4869353E-03,+91.6326136E-03
+8.7497187E-03,+8.7993752E-03,-47.2163003E-03,+91.6474818E-03
+8.7500125E-03,+9.1631188E-03,-47.1895709E-03,+91.6418018E-03
+8.7503062E-03,+9.9208169E-03,-47.3516178E-03,+91.6396300E-03
+8.7506000E-03,+10.6861595E-03,-47.2029356E-03,+91.6317783E-03
+8.7508937E-03,+11.3053726E-03,-47.2814531E-03,+91.6282700E-03
+8.7511875E-03,+10.3051421E-03,-47.2513826E-03,+91.6382935E-03
+8.7514812E-03,+8.5561445E-03,-47.0676180E-03,+91.6453100E-03
+8.7517750E-03,+6.7825224E-03,-47.2029356E-03,+91.6382935E-03
+8.7520687E-03,+6.8237959E-03,-47.3031708E-03,+91.6496535E-03
+8.7523625E-03,+7.5833316E-03,-47.4384883E-03,+91.6496535E-03
+8.7526562E-03,+9.6217217E-03,-47.3649825E-03,+91.6496535E-03
+8.7529500E-03,+10.6167700E-03,-47.1110533E-03,+91.6518253E-03
+8.7532437E-03,+9.7675572E-03,-47.3382531E-03,+91.6531618E-03
+8.7535375E-03,+8.7108007E-03,-47.4468413E-03,+91.6418018E-03
+8.7538312E-03,+8.0764822E-03,-47.6005353E-03,+91.6461453E-03
+8.7541250E-03,+7.9803365E-03,-47.3248884E-03,+91.6509900E-03
+8.7544187E-03,+9.2146464E-03,-47.4735706E-03,+91.6404653E-03
+8.7547125E-03,+9.0641800E-03,-47.4167707E-03,+91.6509900E-03
+8.7550062E-03,+10.4177162E-03,-47.3081825E-03,+91.6339500E-03
+8.7553000E-03,+11.8345043E-03,-47.0893356E-03,+91.6382935E-03
+8.7555937E-03,+11.4757224E-03,-47.1945826E-03,+91.6518253E-03
+8.7558875E-03,+10.2583924E-03,-47.0676180E-03,+91.6596771E-03
+8.7561812E-03,+9.5835722E-03,-47.1812179E-03,+91.6566700E-03
+8.7564750E-03,+8.4474293E-03,-47.2463708E-03,+91.6339500E-03
+8.7567687E-03,+8.4461062E-03,-47.3733354E-03,+91.6296065E-03
+8.7570625E-03,+8.2096013E-03,-47.3031708E-03,+91.6225900E-03
+8.7573562E-03,+8.2084251E-03,-47.2647473E-03,+91.6339500E-03
+8.7576500E-03,+10.2077836E-03,-46.8888652E-03,+91.6361218E-03
+8.7579437E-03,+10.8342738E-03,-47.0325357E-03,+91.6439735E-03
+8.7582375E-03,+11.0534314E-03,-47.2814531E-03,+91.6518253E-03
+8.7585312E-03,+9.4911018E-03,-47.3599707E-03,+91.6553335E-03
+8.7588250E-03,+7.4465740E-03,-47.3516178E-03,+91.6474818E-03
+8.7591187E-03,+7.3244808E-03,-47.1595003E-03,+91.6396300E-03
+8.7594125E-03,+7.5521284E-03,-47.1027003E-03,+91.6448088E-03
+8.7597062E-03,+8.1337800E-03,-47.1678532E-03,+91.6645218E-03
+8.7600000E-03,+9.3301240E-03,-47.3382531E-03,+91.6439735E-03
+8.7602937E-03,+10.6097135E-03,-47.2948178E-03,+91.6518253E-03
+8.7605875E-03,+11.3673748E-03,-47.2246532E-03,+91.6553335E-03
+8.7608812E-03,+9.8904957E-03,-47.3382531E-03,+91.6474818E-03
+8.7611750E-03,+8.7610052E-03,-47.2948178E-03,+91.6396300E-03
+8.7614687E-03,+7.9852247E-03,-47.2246532E-03,+91.6404653E-03
+8.7617625E-03,+9.4893744E-03,-47.2948178E-03,+91.6531618E-03
+8.7620562E-03,+9.5692385E-03,-47.2463708E-03,+91.6461453E-03
+8.7623500E-03,+9.7040114E-03,-47.3950531E-03,+91.6553335E-03
+8.7626437E-03,+9.8858281E-03,-47.2513826E-03,+91.6431383E-03
+8.7629375E-03,+9.6121659E-03,-47.1327709E-03,+91.6260983E-03
+8.7632312E-03,+9.7184186E-03,-47.3516178E-03,+91.6369571E-03
+8.7635250E-03,+9.0758307E-03,-47.1812179E-03,+91.6544982E-03
+8.7638187E-03,+8.9618231E-03,-47.1595003E-03,+91.6347853E-03
+8.7641125E-03,+8.9858963E-03,-47.1244180E-03,+91.6553335E-03
+8.7644062E-03,+9.3367028E-03,-47.1377827E-03,+91.6496535E-03
+8.7647000E-03,+9.7518637E-03,-47.0241828E-03,+91.6474818E-03
+8.7649937E-03,+10.4038972E-03,-47.0459004E-03,+91.6396300E-03
+8.7652875E-03,+10.4602394E-03,-47.1895709E-03,+91.6404653E-03
+8.7655812E-03,+10.2124512E-03,-47.3516178E-03,+91.6596771E-03
+8.7658750E-03,+9.9559894E-03,-47.2029356E-03,+91.6631853E-03
+8.7661687E-03,+9.1951674E-03,-47.2380179E-03,+91.6553335E-03
+8.7664625E-03,+9.1129143E-03,-47.1595003E-03,+91.6474818E-03
+8.7667562E-03,+8.7336610E-03,-47.1461356E-03,+91.6461453E-03
+8.7670500E-03,+8.5837459E-03,-47.1945826E-03,+91.6618488E-03
+8.7673437E-03,+9.2912395E-03,-47.1327709E-03,+91.6688653E-03
+8.7676375E-03,+9.5022379E-03,-47.4384883E-03,+91.6596771E-03
+8.7679312E-03,+9.4184781E-03,-47.3215472E-03,+91.6566700E-03
+8.7682250E-03,+8.7837920E-03,-46.8671476E-03,+91.6361218E-03
+8.7685187E-03,+9.2308912E-03,-46.8671476E-03,+91.6396300E-03
+8.7688125E-03,+8.5921256E-03,-46.9974534E-03,+91.6317783E-03
+8.7691062E-03,+8.5901776E-03,-47.2948178E-03,+91.6326136E-03
+8.7694000E-03,+9.5632478E-03,-47.0943474E-03,+91.6518253E-03
+8.7696937E-03,+9.3337993E-03,-46.9323005E-03,+91.6575053E-03
+8.7699875E-03,+9.3569537E-03,-47.1027003E-03,+91.6509900E-03
+8.7702812E-03,+9.3482432E-03,-47.0809827E-03,+91.6361218E-03
+8.7705750E-03,+9.6875829E-03,-47.0241828E-03,+91.6396300E-03
+8.7708687E-03,+9.4868017E-03,-46.9590299E-03,+91.6382935E-03
+8.7711625E-03,+9.0882164E-03,-46.9623710E-03,+91.6453100E-03
+8.7714562E-03,+8.3164052E-03,-47.4602059E-03,+91.6317783E-03
+8.7717500E-03,+8.8228603E-03,-47.5303706E-03,+91.6304418E-03
+8.7720437E-03,+9.6035657E-03,-47.2864649E-03,+91.6483171E-03
+8.7723375E-03,+10.5196688E-03,-47.0759709E-03,+91.6588418E-03
+8.7726312E-03,+10.0965326E-03,-47.2864649E-03,+91.6504888E-03
+8.7729250E-03,+9.8248183E-03,-47.0542533E-03,+91.6688653E-03
+8.7732187E-03,+9.8634823E-03,-47.2513826E-03,+91.6596771E-03
+8.7735125E-03,+9.3609597E-03,-47.0676180E-03,+91.6610135E-03
+8.7738062E-03,+9.6167968E-03,-47.1377827E-03,+91.6518253E-03
+8.7741000E-03,+9.3171503E-03,-47.0893356E-03,+91.6531618E-03
+8.7743937E-03,+9.4526950E-03,-47.1945826E-03,+91.6461453E-03
+8.7746875E-03,+9.6204721E-03,-47.0676180E-03,+91.6509900E-03
+8.7749812E-03,+9.5998904E-03,-47.1595003E-03,+91.6339500E-03
+8.7752750E-03,+9.7002626E-03,-47.1244180E-03,+91.6361218E-03
+8.7755687E-03,+9.3878996E-03,-47.1377827E-03,+91.6461453E-03
+8.7758625E-03,+9.3033312E-03,-47.0024651E-03,+91.6553335E-03
+8.7761562E-03,+9.0462813E-03,-46.9673828E-03,+91.6453100E-03
+8.7764500E-03,+8.8790923E-03,-47.0676180E-03,+91.6382935E-03
+8.7767437E-03,+8.9816329E-03,-47.2680884E-03,+91.6431383E-03
+8.7770375E-03,+9.1363994E-03,-47.4301354E-03,+91.6282700E-03
+8.7773312E-03,+9.4495710E-03,-47.2163003E-03,+91.6382935E-03
+8.7776250E-03,+9.4671022E-03,-46.9941122E-03,+91.6496535E-03
+8.7779187E-03,+9.9243819E-03,-46.7969829E-03,+91.6474818E-03
+8.7782125E-03,+9.7735112E-03,-47.0676180E-03,+91.6504888E-03
+8.7785062E-03,+9.3463689E-03,-47.1377827E-03,+91.6666935E-03
+8.7788000E-03,+8.4773462E-03,-47.1110533E-03,+91.6518253E-03
+8.7790937E-03,+8.1887991E-03,-47.2948178E-03,+91.6509900E-03
+8.7793875E-03,+8.6926815E-03,-47.0943474E-03,+91.6404653E-03
+8.7796812E-03,+9.6875094E-03,-46.8888652E-03,+91.6618488E-03
+8.7799750E-03,+9.8835862E-03,-46.9456652E-03,+91.6645218E-03
+8.7802687E-03,+9.7591041E-03,-47.0108181E-03,+91.6396300E-03
+8.7805625E-03,+9.6349895E-03,-47.1812179E-03,+91.6382935E-03
+8.7808562E-03,+8.7018330E-03,-47.2029356E-03,+91.6496535E-03
+8.7811500E-03,+8.4194604E-03,-47.1728650E-03,+91.6474818E-03
+8.7814437E-03,+8.2000087E-03,-46.9239475E-03,+91.6483171E-03
+8.7817375E-03,+8.8950798E-03,-46.9105828E-03,+91.6566700E-03
+8.7820312E-03,+9.5552356E-03,-46.9373122E-03,+91.6404653E-03
+8.7823250E-03,+9.9854285E-03,-46.7969829E-03,+91.6531618E-03
+8.7826187E-03,+10.5007411E-03,-47.0676180E-03,+91.6483171E-03
+8.7829125E-03,+9.8649525E-03,-47.1812179E-03,+91.6631853E-03
+8.7832062E-03,+9.0187901E-03,-47.1377827E-03,+91.6596771E-03
+8.7835000E-03,+8.5042126E-03,-47.0459004E-03,+91.6588418E-03
+8.7837937E-03,+8.5328799E-03,-47.1244180E-03,+91.6439735E-03
+8.7840875E-03,+9.0849086E-03,-47.2029356E-03,+91.6539971E-03
+8.7843812E-03,+9.5155793E-03,-47.2380179E-03,+91.6588418E-03
+8.7846750E-03,+9.5602708E-03,-47.2246532E-03,+91.6396300E-03
+8.7849687E-03,+9.8854238E-03,-47.3382531E-03,+91.6382935E-03
+8.7852625E-03,+9.3336156E-03,-47.2948178E-03,+91.6496535E-03
+8.7855562E-03,+8.2602468E-03,-47.1812179E-03,+91.6539971E-03
+8.7858500E-03,+8.3104880E-03,-47.1377827E-03,+91.6631853E-03
+8.7861437E-03,+8.7878348E-03,-47.0024651E-03,+91.6531618E-03
+8.7864375E-03,+9.1760926E-03,-46.9456652E-03,+91.6439735E-03
+8.7867312E-03,+9.8308825E-03,-46.9891004E-03,+91.6474818E-03
+8.7870250E-03,+9.9193100E-03,-47.1244180E-03,+91.6439735E-03
+8.7873187E-03,+9.0670467E-03,-47.1595003E-03,+91.6453100E-03
+8.7876125E-03,+9.3617683E-03,-47.2112885E-03,+91.6426371E-03
+8.7879062E-03,+8.1266132E-03,-47.4518530E-03,+91.6501547E-03
+8.7882000E-03,+7.5063710E-03,-47.1427944E-03,+91.6212536E-03
+8.7884937E-03,+8.4364402E-03,-46.6750301E-03,+91.6474818E-03
+8.7887875E-03,+9.7600229E-03,-46.9189358E-03,+91.6374583E-03
+8.7890812E-03,+9.8637028E-03,-47.3031708E-03,+91.6282700E-03
+8.7893750E-03,+10.5455061E-03,-47.3516178E-03,+91.6339500E-03
+8.7896687E-03,+10.7451480E-03,-47.1160650E-03,+91.6404653E-03
+8.7899625E-03,+10.3011360E-03,-47.0325357E-03,+91.6596771E-03
+8.7902562E-03,+9.3638265E-03,-47.2163003E-03,+91.6610135E-03
+8.7905500E-03,+8.5378047E-03,-47.1244180E-03,+91.6474818E-03
+8.7908437E-03,+9.3995136E-03,-47.1377827E-03,+91.6439735E-03
+8.7911375E-03,+9.9070345E-03,-47.1110533E-03,+91.6453100E-03
+8.7914312E-03,+11.1100676E-03,-47.3816884E-03,+91.6404653E-03
+8.7917250E-03,+11.0879056E-03,-47.3649825E-03,+91.6553335E-03
+8.7920187E-03,+9.9323940E-03,-47.0893356E-03,+91.6453100E-03
+8.7923125E-03,+9.0324622E-03,-47.1728650E-03,+91.6382935E-03
+8.7926062E-03,+7.7240218E-03,-46.9891004E-03,+91.6409665E-03
+8.7929000E-03,+7.6472449E-03,-47.0592651E-03,+91.6269336E-03
+8.7931937E-03,+8.1819998E-03,-46.9891004E-03,+91.6539971E-03
+8.7934875E-03,+9.6502787E-03,-47.0592651E-03,+91.6566700E-03
+8.7937812E-03,+10.6288985E-03,-46.9891004E-03,+91.6382935E-03
+8.7940750E-03,+10.3024959E-03,-47.1027003E-03,+91.6474818E-03
+8.7943687E-03,+9.3716549E-03,-47.1895709E-03,+91.6396300E-03
+8.7946625E-03,+9.0282356E-03,-47.3299002E-03,+91.6361218E-03
+8.7949562E-03,+8.3357372E-03,-47.0592651E-03,+91.6396300E-03
+8.7952500E-03,+7.7405973E-03,-47.0325357E-03,+91.6382935E-03
+8.7955437E-03,+8.2345932E-03,-47.1511474E-03,+91.6496535E-03
+8.7958375E-03,+9.1558785E-03,-46.9540181E-03,+91.6474818E-03
+8.7961312E-03,+9.7039747E-03,-47.2029356E-03,+91.6374583E-03
+8.7964250E-03,+10.2311217E-03,-47.2597355E-03,+91.6239265E-03
+8.7967187E-03,+10.0516940E-03,-47.2597355E-03,+91.6269336E-03
+8.7970125E-03,+10.0534214E-03,-47.2814531E-03,+91.6539971E-03
+8.7973062E-03,+9.6962933E-03,-47.2513826E-03,+91.6675288E-03
+8.7976000E-03,+8.6110901E-03,-47.0024651E-03,+91.6623500E-03
+8.7978937E-03,+8.6075618E-03,-46.9239475E-03,+91.6404653E-03
+8.7981875E-03,+8.9622641E-03,-46.8888652E-03,+91.6596771E-03
+8.7984812E-03,+9.4914693E-03,-46.9891004E-03,+91.6610135E-03
+8.7987750E-03,+10.1314111E-03,-47.1244180E-03,+91.6539971E-03
+8.7990687E-03,+10.2106136E-03,-47.1595003E-03,+91.6610135E-03
+8.7993625E-03,+10.2123042E-03,-47.0592651E-03,+91.6496535E-03
+8.7996562E-03,+9.9828926E-03,-46.8805123E-03,+91.6539971E-03
+8.7999500E-03,+9.2744067E-03,-46.8621358E-03,+91.6631853E-03
+8.8002437E-03,+8.2877012E-03,-47.2814531E-03,+91.6531618E-03
+8.8005375E-03,+8.6490926E-03,-47.3165355E-03,+91.6418018E-03
+8.8008312E-03,+9.3068595E-03,-47.1511474E-03,+91.6396300E-03
+8.8011250E-03,+9.7002626E-03,-46.9105828E-03,+91.6404653E-03
+8.8014187E-03,+10.3877626E-03,-47.0893356E-03,+91.6596771E-03
+8.8017125E-03,+9.9853918E-03,-47.2597355E-03,+91.6631853E-03
+8.8020062E-03,+8.8042266E-03,-47.2163003E-03,+91.6575053E-03
+8.8023000E-03,+8.3947624E-03,-47.1027003E-03,+91.6575053E-03
+8.8025937E-03,+8.4399685E-03,-47.0809827E-03,+91.6531618E-03
+8.8028875E-03,+8.7977213E-03,-47.0676180E-03,+91.6396300E-03
+8.8031812E-03,+9.6382237E-03,-47.0943474E-03,+91.6426371E-03
+8.8034750E-03,+9.6752339E-03,-46.9540181E-03,+91.6566700E-03
+8.8037687E-03,+10.0832647E-03,-47.2680884E-03,+91.6426371E-03
+8.8040625E-03,+10.4753081E-03,-47.3867001E-03,+91.6653571E-03
+8.8043562E-03,+9.9296008E-03,-47.0809827E-03,+91.6631853E-03
+8.8046500E-03,+9.2247535E-03,-47.0024651E-03,+91.6531618E-03
+8.8049437E-03,+9.0014428E-03,-47.0325357E-03,+91.6374583E-03
+8.8052375E-03,+9.3207521E-03,-47.2597355E-03,+91.6326136E-03
+8.8055312E-03,+9.7139715E-03,-47.2380179E-03,+91.6409665E-03
+8.8058250E-03,+10.0105307E-03,-47.2029356E-03,+91.6247618E-03
+8.8061187E-03,+10.0410724E-03,-47.2163003E-03,+91.6309430E-03
+8.8064125E-03,+10.2980120E-03,-47.1461356E-03,+91.6155736E-03
+8.8067062E-03,+9.8461350E-03,-47.2380179E-03,+91.6496535E-03
+8.8070000E-03,+9.4641619E-03,-47.2246532E-03,+91.6496535E-03
+8.8072937E-03,+8.2814899E-03,-47.2513826E-03,+91.6496535E-03
+8.8075875E-03,+8.4744060E-03,-47.0024651E-03,+91.6453100E-03
+8.8078812E-03,+9.5264214E-03,-46.9891004E-03,+91.6382935E-03
+8.8081750E-03,+9.8698406E-03,-47.0809827E-03,+91.6453100E-03
+8.8084687E-03,+10.3669605E-03,-47.1327709E-03,+91.6382935E-03
+8.8087625E-03,+10.5034608E-03,-47.3950531E-03,+91.6496535E-03
+8.8090562E-03,+9.8127633E-03,-47.2731002E-03,+91.6474818E-03
+8.8093500E-03,+8.6046216E-03,-47.1895709E-03,+91.6396300E-03
+8.8096437E-03,+7.5712767E-03,-47.3299002E-03,+91.6339500E-03
+8.8099375E-03,+7.4944263E-03,-47.1027003E-03,+91.6317783E-03
+8.8102312E-03,+9.4006529E-03,-47.0809827E-03,+91.6347853E-03
+8.8105250E-03,+10.3150654E-03,-47.0676180E-03,+91.6553335E-03
+8.8108187E-03,+10.5431172E-03,-47.2029356E-03,+91.6496535E-03
+8.8111125E-03,+10.9985593E-03,-47.2163003E-03,+91.6561688E-03
+8.8114062E-03,+9.9964911E-03,-47.1461356E-03,+91.6666935E-03
+8.8117000E-03,+8.6422566E-03,-47.1945826E-03,+91.6518253E-03
+8.8119937E-03,+7.3224594E-03,-47.0459004E-03,+91.6575053E-03
+8.8122875E-03,+7.3651295E-03,-47.1461356E-03,+91.6553335E-03
+8.8125812E-03,+9.5312727E-03,-47.2814531E-03,+91.6539971E-03
+8.8128750E-03,+10.9734938E-03,-47.2731002E-03,+91.6653571E-03
+8.8131687E-03,+11.7399758E-03,-47.1244180E-03,+91.6610135E-03
+8.8134625E-03,+11.1796409E-03,-47.2463708E-03,+91.6453100E-03
+8.8137562E-03,+10.1277725E-03,-47.2864649E-03,+91.6339500E-03
+8.8140500E-03,+8.3484905E-03,-46.9673828E-03,+91.6317783E-03
+8.8143437E-03,+6.7146765E-03,-47.0893356E-03,+91.6260983E-03
+8.8146375E-03,+6.6073947E-03,-47.2380179E-03,+91.6326136E-03
+8.8149312E-03,+8.5413698E-03,-47.2246532E-03,+91.6453100E-03
+8.8152250E-03,+10.6606530E-03,-47.2513826E-03,+91.6296065E-03
+8.8155187E-03,+11.2271624E-03,-47.0241828E-03,+91.6269336E-03
+8.8158125E-03,+12.0264280E-03,-47.0893356E-03,+91.6496535E-03
+8.8161062E-03,+10.7957935E-03,-47.2163003E-03,+91.6474818E-03
+8.8164000E-03,+8.3405519E-03,-47.0375475E-03,+91.6396300E-03
+8.8166937E-03,+6.7115525E-03,-46.9105828E-03,+91.6361218E-03
+8.8169875E-03,+6.4880580E-03,-47.0893356E-03,+91.6418018E-03
+8.8172812E-03,+7.4686257E-03,-47.2163003E-03,+91.6396300E-03
+8.8175750E-03,+9.7047097E-03,-47.1027003E-03,+91.6361218E-03
+8.8178687E-03,+11.0761447E-03,-47.0592651E-03,+91.6483171E-03
+8.8181625E-03,+11.7243558E-03,-46.9456652E-03,+91.6544982E-03
+8.8184562E-03,+11.4946869E-03,-47.0325357E-03,+91.6347853E-03
+8.8187500E-03,+9.0409522E-03,-47.2814531E-03,+91.6488182E-03
+8.8190437E-03,+7.6710608E-03,-47.3165355E-03,+91.6304418E-03
+8.8193375E-03,+7.4574529E-03,-47.2163003E-03,+91.6396300E-03
+8.8196312E-03,+8.1904897E-03,-47.1678532E-03,+91.6296065E-03
+8.8199250E-03,+9.3251257E-03,-47.2731002E-03,+91.6247618E-03
+8.8202187E-03,+10.5840232E-03,-47.2112885E-03,+91.6418018E-03
+8.8205125E-03,+11.7959873E-03,-47.4301354E-03,+91.6439735E-03
+8.8208062E-03,+10.1290222E-03,-47.2597355E-03,+91.6539971E-03
+8.8211000E-03,+8.1484812E-03,-47.2380179E-03,+91.6566700E-03
+8.8213937E-03,+6.5942740E-03,-47.0726298E-03,+91.6339500E-03
+8.8216875E-03,+6.1114877E-03,-46.8537829E-03,+91.6361218E-03
+8.8219812E-03,+7.8391686E-03,-47.0893356E-03,+91.6396300E-03
+8.8222750E-03,+9.1848030E-03,-47.1945826E-03,+91.6426371E-03
+8.8225687E-03,+10.5771136E-03,-47.0459004E-03,+91.6610135E-03
+8.8228625E-03,+12.6105788E-03,-47.0158298E-03,+91.6561688E-03
+8.8231562E-03,+11.8265290E-03,-46.9189358E-03,+91.6688653E-03
+8.8234500E-03,+9.9217725E-03,-47.1728650E-03,+91.6531618E-03
+8.8237437E-03,+8.8231544E-03,-47.0325357E-03,+91.6418018E-03
+8.8240375E-03,+7.6052363E-03,-47.2163003E-03,+91.6504888E-03
+8.8243312E-03,+7.6945091E-03,-47.0592651E-03,+91.6645218E-03
+8.8246250E-03,+9.8856443E-03,-47.0108181E-03,+91.6396300E-03
+8.8249187E-03,+10.6871151E-03,-47.2246532E-03,+91.6382935E-03
+8.8252125E-03,+11.3133112E-03,-47.2296650E-03,+91.6518253E-03
+8.8255062E-03,+11.1893437E-03,-46.9239475E-03,+91.6553335E-03
+8.8258000E-03,+10.0224387E-03,-46.8888652E-03,+91.6431383E-03
+8.8260937E-03,+8.5410390E-03,-47.0108181E-03,+91.6326136E-03
+8.8263875E-03,+7.0365953E-03,-47.1160650E-03,+91.6539971E-03
+8.8266812E-03,+7.0356029E-03,-46.9673828E-03,+91.6610135E-03
+8.8269750E-03,+7.6576092E-03,-47.0676180E-03,+91.6453100E-03
+8.8272687E-03,+9.6854145E-03,-47.1595003E-03,+91.6382935E-03
+8.8275625E-03,+10.6867108E-03,-47.0375475E-03,+91.6496535E-03
+8.8278562E-03,+10.8725703E-03,-46.9323005E-03,+91.6496535E-03
+8.8281500E-03,+10.2615899E-03,-47.1244180E-03,+91.6518253E-03
+8.8284437E-03,+9.6974694E-03,-47.0943474E-03,+91.6575053E-03
+8.8287375E-03,+8.5833416E-03,-46.9323005E-03,+91.6575053E-03
+8.8290312E-03,+8.2825190E-03,-47.1027003E-03,+91.6596771E-03
+8.8293250E-03,+9.2233201E-03,-47.1027003E-03,+91.6588418E-03
+8.8296187E-03,+11.0242863E-03,-47.0809827E-03,+91.6504888E-03
+8.8299125E-03,+11.8949996E-03,-47.0676180E-03,+91.6666935E-03
+8.8302062E-03,+11.6497474E-03,-47.1160650E-03,+91.6496535E-03
+8.8305000E-03,+9.8550659E-03,-46.9239475E-03,+91.6539971E-03
+8.8307937E-03,+8.3137958E-03,-46.8671476E-03,+91.6631853E-03
+8.8310875E-03,+6.9418830E-03,-46.9757357E-03,+91.6575053E-03
+8.8313812E-03,+6.9416992E-03,-47.2597355E-03,+91.6509900E-03
+8.8316750E-03,+8.3259610E-03,-47.1945826E-03,+91.6296065E-03
+8.8319687E-03,+9.5876517E-03,-47.1110533E-03,+91.6247618E-03
+8.8322625E-03,+10.6781474E-03,-47.3382531E-03,+91.6483171E-03
+8.8325562E-03,+10.4680310E-03,-47.3599707E-03,+91.6588418E-03
+8.8328500E-03,+9.1437868E-03,-47.3733354E-03,+91.6439735E-03
+8.8331437E-03,+7.3032377E-03,-47.1945826E-03,+91.6496535E-03
+8.8334375E-03,+6.9719836E-03,-47.0676180E-03,+91.6496535E-03
+8.8337312E-03,+7.6488253E-03,-47.1812179E-03,+91.6496535E-03
+8.8340250E-03,+9.1932194E-03,-47.1812179E-03,+91.6496535E-03
+8.8343187E-03,+10.7588935E-03,-47.1595003E-03,+91.6431383E-03
+8.8346125E-03,+11.9496879E-03,-47.0375475E-03,+91.6347853E-03
+8.8349062E-03,+12.4107532E-03,-46.9105828E-03,+91.6553335E-03
+8.8352000E-03,+11.4788831E-03,-47.1544885E-03,+91.6474818E-03
+8.8354937E-03,+9.1064826E-03,-47.4518530E-03,+91.6439735E-03
+8.8357875E-03,+7.0396825E-03,-47.2948178E-03,+91.6539971E-03
+8.8360812E-03,+7.1204654E-03,-47.0509121E-03,+91.6631853E-03
+8.8363750E-03,+8.1418288E-03,-46.7969829E-03,+91.6575053E-03
+8.8366687E-03,+10.3150654E-03,-47.1544885E-03,+91.6509900E-03
+8.8369625E-03,+11.6584578E-03,-47.3649825E-03,+91.6382935E-03
+8.8372562E-03,+11.7980822E-03,-47.1327709E-03,+91.6474818E-03
+8.8375500E-03,+10.4944196E-03,-47.2647473E-03,+91.6439735E-03
+8.8378437E-03,+8.0086363E-03,-47.0191710E-03,+91.6453100E-03
+8.8381375E-03,+5.8758280E-03,-47.3950531E-03,+91.6404653E-03
+8.8384312E-03,+6.1428747E-03,-47.2948178E-03,+91.6575053E-03
+8.8387250E-03,+7.8264521E-03,-47.1812179E-03,+91.6531618E-03
+8.8390187E-03,+10.1030746E-03,-47.1595003E-03,+91.6439735E-03
+8.8393125E-03,+11.0544605E-03,-47.1678532E-03,+91.6474818E-03
+8.8396062E-03,+12.2529730E-03,-47.2948178E-03,+91.6483171E-03
+8.8399000E-03,+11.7517368E-03,-47.1812179E-03,+91.6566700E-03
+8.8401937E-03,+9.7743565E-03,-47.2246532E-03,+91.6404653E-03
+8.8404875E-03,+7.6103818E-03,-47.3165355E-03,+91.6575053E-03
+8.8407812E-03,+7.1096601E-03,-47.2814531E-03,+91.6531618E-03
+8.8410750E-03,+8.2500294E-03,-47.3382531E-03,+91.6418018E-03
+8.8413687E-03,+10.2053579E-03,-47.2513826E-03,+91.6396300E-03
+8.8416625E-03,+11.1416751E-03,-47.0676180E-03,+91.6317783E-03
+8.8419562E-03,+11.3334151E-03,-47.1595003E-03,+91.6282700E-03
+8.8422500E-03,+10.7752119E-03,-47.0809827E-03,+91.6361218E-03
+8.8425437E-03,+9.1731891E-03,-47.0459004E-03,+91.6461453E-03
+8.8428375E-03,+8.0258367E-03,-47.1678532E-03,+91.6509900E-03
+8.8431312E-03,+7.5449248E-03,-47.3165355E-03,+91.6361218E-03
+8.8434250E-03,+8.2490739E-03,-47.2163003E-03,+91.6418018E-03
+8.8437187E-03,+9.0106677E-03,-47.1027003E-03,+91.6439735E-03
+8.8440125E-03,+10.5406547E-03,-47.1461356E-03,+91.6453100E-03
+8.8443062E-03,+11.0434714E-03,-47.2597355E-03,+91.6296065E-03
+8.8446000E-03,+10.2978650E-03,-47.2380179E-03,+91.6291053E-03
+8.8448937E-03,+9.0283827E-03,-47.1595003E-03,+91.6509900E-03
+8.8451875E-03,+7.7677210E-03,-47.2112885E-03,+91.6361218E-03
+8.8454812E-03,+8.2259930E-03,-47.4084178E-03,+91.6396300E-03
+8.8457750E-03,+8.3458810E-03,-47.2029356E-03,+91.6317783E-03
+8.8460687E-03,+8.5548581E-03,-47.1728650E-03,+91.6260983E-03
+8.8463625E-03,+9.7301795E-03,-46.9891004E-03,+91.6304418E-03
+8.8466562E-03,+10.0434614E-03,-47.1895709E-03,+91.6418018E-03
+8.8469500E-03,+9.6525206E-03,-47.3516178E-03,+91.6418018E-03
+8.8472437E-03,+8.7903340E-03,-47.2029356E-03,+91.6439735E-03
+8.8475375E-03,+7.6118519E-03,-47.2380179E-03,+91.6518253E-03
+8.8478312E-03,+8.2879952E-03,-47.2029356E-03,+91.6575053E-03
+8.8481250E-03,+8.7596453E-03,-47.2380179E-03,+91.6575053E-03
+8.8484187E-03,+9.3742275E-03,-47.1595003E-03,+91.6509900E-03
+8.8487125E-03,+10.8343105E-03,-47.2330061E-03,+91.6339500E-03
+8.8490062E-03,+11.2951553E-03,-47.4869353E-03,+91.6382935E-03
+8.8493000E-03,+10.7235740E-03,-47.2163003E-03,+91.6453100E-03
+8.8495937E-03,+9.8472375E-03,-47.1244180E-03,+91.6317783E-03
+8.8498875E-03,+9.2316998E-03,-47.1812179E-03,+91.6304418E-03
+8.8501812E-03,+7.9629157E-03,-47.2029356E-03,+91.6439735E-03
+8.8504750E-03,+7.9244354E-03,-47.2597355E-03,+91.6431383E-03
+8.8507687E-03,+9.5241059E-03,-47.3031708E-03,+91.6369571E-03
+8.8510625E-03,+9.8573078E-03,-47.3081825E-03,+91.6631853E-03
+8.8513562E-03,+10.3494293E-03,-47.0676180E-03,+91.6531618E-03
+8.8516500E-03,+10.6942819E-03,-47.0291945E-03,+91.6418018E-03
+8.8519437E-03,+9.0535952E-03,-46.8270535E-03,+91.6418018E-03
+8.8522375E-03,+7.6161152E-03,-47.2948178E-03,+91.6396300E-03
+8.8525312E-03,+7.0135512E-03,-47.1812179E-03,+91.6361218E-03
+8.8528250E-03,+6.9761734E-03,-47.1812179E-03,+91.6461453E-03
+8.8531187E-03,+9.5074936E-03,-47.2246532E-03,+91.6531618E-03
+8.8534125E-03,+10.7227654E-03,-47.3165355E-03,+91.6439735E-03
+8.8537062E-03,+11.4228717E-03,-47.2380179E-03,+91.6474818E-03
+8.8540000E-03,+11.3686244E-03,-47.2246532E-03,+91.6461453E-03
+8.8542937E-03,+10.4619668E-03,-47.3599707E-03,+91.6553335E-03
+8.8545875E-03,+9.2509215E-03,-47.4167707E-03,+91.6496535E-03
+8.8548812E-03,+8.2228691E-03,-47.3733354E-03,+91.6474818E-03
+8.8551750E-03,+7.4127981E-03,-47.2163003E-03,+91.6418018E-03
+8.8554687E-03,+8.3814211E-03,-47.1895709E-03,+91.6352865E-03
+8.8557625E-03,+9.9068875E-03,-47.3733354E-03,+91.6182465E-03
+8.8560562E-03,+11.0657436E-03,-47.1728650E-03,+91.6182465E-03
+8.8563500E-03,+11.0661112E-03,-47.0108181E-03,+91.6269336E-03
+8.8566437E-03,+9.7115458E-03,-47.2680884E-03,+91.6518253E-03
+8.8569375E-03,+9.0477147E-03,-47.3432649E-03,+91.6596771E-03
+8.8572312E-03,+7.9023469E-03,-47.0108181E-03,+91.6588418E-03
+8.8575250E-03,+7.2931673E-03,-47.0726298E-03,+91.6439735E-03
+8.8578187E-03,+8.0073132E-03,-46.9406534E-03,+91.6431383E-03
+8.8581125E-03,+9.4102086E-03,-47.3165355E-03,+91.6282700E-03
+8.8584062E-03,+11.4403293E-03,-47.2163003E-03,+91.6317783E-03
+8.8587000E-03,+11.4486722E-03,-47.1678532E-03,+91.6260983E-03
+8.8589937E-03,+9.9425379E-03,-47.3599707E-03,+91.6304418E-03
+8.8592875E-03,+8.8738367E-03,-47.3516178E-03,+91.6418018E-03
+8.8595812E-03,+7.4451774E-03,-47.2029356E-03,+91.6396300E-03
+8.8598750E-03,+7.6693702E-03,-47.1945826E-03,+91.6361218E-03
+8.8601687E-03,+8.5989983E-03,-47.0676180E-03,+91.6418018E-03
+8.8604625E-03,+9.9821942E-03,-47.1812179E-03,+91.6396300E-03
+8.8607562E-03,+10.4976906E-03,-47.2029356E-03,+91.6382935E-03
+8.8610500E-03,+10.1174082E-03,-47.1728650E-03,+91.6431383E-03
+8.8613437E-03,+9.7583690E-03,-47.0759709E-03,+91.6347853E-03
+8.8616375E-03,+8.4303393E-03,-47.3733354E-03,+91.6488182E-03
+8.8619312E-03,+6.7652853E-03,-47.1945826E-03,+91.6282700E-03
+8.8622250E-03,+7.5549216E-03,-47.1327709E-03,+91.6426371E-03
+8.8625187E-03,+8.7510084E-03,-47.3950531E-03,+91.6610135E-03
+8.8628125E-03,+10.0026288E-03,-47.3382531E-03,+91.6496535E-03
+8.8631062E-03,+11.4377199E-03,-47.3382531E-03,+91.6474818E-03
+8.8634000E-03,+11.0488005E-03,-47.3382531E-03,+91.6439735E-03
+8.8636937E-03,+10.0587873E-03,-47.2513826E-03,+91.6453100E-03
+8.8639875E-03,+8.0946749E-03,-47.1110533E-03,+91.6361218E-03
+8.8642812E-03,+6.9076293E-03,-47.2296650E-03,+91.6439735E-03
+8.8645750E-03,+6.6802023E-03,-47.1411238E-03,+91.6518253E-03
+8.8648687E-03,+8.1610139E-03,-47.5003000E-03,+91.6553335E-03
+8.8651625E-03,+10.0083255E-03,-47.0592651E-03,+91.6474818E-03
+8.8654562E-03,+11.6957253E-03,-47.0325357E-03,+91.6439735E-03
+8.8657500E-03,+12.6837171E-03,-47.3248884E-03,+91.6518253E-03
+8.8660437E-03,+10.9555584E-03,-47.3867001E-03,+91.6553335E-03
+8.8663375E-03,+9.6823640E-03,-47.1027003E-03,+91.6453100E-03
+8.8666312E-03,+8.1112137E-03,-47.1027003E-03,+91.6339500E-03
+8.8669250E-03,+7.9098812E-03,-47.1027003E-03,+91.6317783E-03
+8.8672187E-03,+8.2186792E-03,-47.1461356E-03,+91.6304418E-03
+8.8675125E-03,+9.7499526E-03,-47.1945826E-03,+91.6418018E-03
+8.8678062E-03,+11.0048440E-03,-47.0024651E-03,+91.6461453E-03
+8.8681000E-03,+11.3447350E-03,-46.9891004E-03,+91.6553335E-03
+8.8683937E-03,+11.2464945E-03,-47.1244180E-03,+91.6474818E-03
+8.8686875E-03,+9.7618605E-03,-47.1377827E-03,+91.6396300E-03
+8.8689812E-03,+8.8042266E-03,-47.1110533E-03,+91.6382935E-03
+8.8692750E-03,+8.3836263E-03,-47.2731002E-03,+91.6518253E-03
+8.8695687E-03,+8.0581057E-03,-47.1461356E-03,+91.6596771E-03
+8.8698625E-03,+8.9836543E-03,-47.2814531E-03,+91.6610135E-03
+8.8701562E-03,+10.0034742E-03,-47.2948178E-03,+91.6496535E-03
+8.8704500E-03,+11.4345959E-03,-47.1377827E-03,+91.6496535E-03
+8.8707437E-03,+11.2070218E-03,-47.1110533E-03,+91.6431383E-03
+8.8710375E-03,+10.0275106E-03,-47.2513826E-03,+91.6260983E-03
+8.8713312E-03,+8.3540034E-03,-47.0459004E-03,+91.6347853E-03
+8.8716250E-03,+7.7370323E-03,-47.0809827E-03,+91.6488182E-03
+8.8719187E-03,+8.3504384E-03,-47.0676180E-03,+91.6326136E-03
+8.8722125E-03,+8.9770756E-03,-47.1812179E-03,+91.6496535E-03
+8.8725062E-03,+9.9259990E-03,-47.2463708E-03,+91.6474818E-03
+8.8728000E-03,+10.4381509E-03,-47.3733354E-03,+91.6396300E-03
+8.8730937E-03,+10.7269920E-03,-47.2163003E-03,+91.6339500E-03
+8.8733875E-03,+10.2325183E-03,-47.0592651E-03,+91.6339500E-03
+8.8736812E-03,+8.7683190E-03,-46.9673828E-03,+91.6361218E-03
+8.8739750E-03,+7.1997782E-03,-47.0676180E-03,+91.6396300E-03
+8.8742687E-03,+6.8717952E-03,-47.1595003E-03,+91.6382935E-03
+8.8745625E-03,+8.2151509E-03,-47.0809827E-03,+91.6496535E-03
+8.8748562E-03,+9.4528420E-03,-47.0676180E-03,+91.6431383E-03
+8.8751500E-03,+10.4498016E-03,-47.2029356E-03,+91.6326136E-03
+8.8754437E-03,+10.4653113E-03,-47.2380179E-03,+91.6518253E-03
+8.8757375E-03,+10.5942038E-03,-47.0726298E-03,+91.6509900E-03
+8.8760312E-03,+9.3134383E-03,-46.9189358E-03,+91.6361218E-03
+8.8763250E-03,+8.1834699E-03,-47.2597355E-03,+91.6439735E-03
+8.8766187E-03,+8.5591214E-03,-47.2597355E-03,+91.6539971E-03
+8.8769125E-03,+9.4930497E-03,-47.2380179E-03,+91.6610135E-03
+8.8772062E-03,+9.9028079E-03,-47.1160650E-03,+91.6518253E-03
+8.8775000E-03,+11.1403520E-03,-46.9891004E-03,+91.6553335E-03
+8.8777937E-03,+11.3672278E-03,-47.0809827E-03,+91.6453100E-03
+8.8780875E-03,+10.7582688E-03,-47.1110533E-03,+91.6382935E-03
+8.8783812E-03,+10.1202014E-03,-47.2513826E-03,+91.6496535E-03
+8.8786750E-03,+8.8101438E-03,-47.0676180E-03,+91.6474818E-03
+8.8789687E-03,+8.6109798E-03,-47.2898061E-03,+91.6439735E-03
+8.8792625E-03,+7.9300953E-03,-47.4000648E-03,+91.6474818E-03
+8.8795562E-03,+8.8006616E-03,-47.0108181E-03,+91.6461453E-03
+8.8798500E-03,+10.1930824E-03,-47.1377827E-03,+91.6531618E-03
+8.8801437E-03,+10.7345999E-03,-47.0459004E-03,+91.6396300E-03
+8.8804375E-03,+10.1261554E-03,-47.1461356E-03,+91.6361218E-03
+8.8807312E-03,+9.6170541E-03,-47.2380179E-03,+91.6461453E-03
+8.8810250E-03,+8.9287455E-03,-47.2029356E-03,+91.6509900E-03
+8.8813187E-03,+8.3919692E-03,-47.3248884E-03,+91.6317783E-03
+8.8816125E-03,+8.1245182E-03,-47.4301354E-03,+91.6369571E-03
+8.8819062E-03,+8.8352461E-03,-47.1945826E-03,+91.6675288E-03
+8.8822000E-03,+10.2204266E-03,-47.0676180E-03,+91.6688653E-03
+8.8824937E-03,+10.7528661E-03,-47.2029356E-03,+91.6575053E-03
+8.8827875E-03,+10.3736495E-03,-47.2380179E-03,+91.6553335E-03
+8.8830812E-03,+9.5854098E-03,-47.1595003E-03,+91.6518253E-03
+8.8833750E-03,+8.3109290E-03,-47.0375475E-03,+91.6509900E-03
+8.8836687E-03,+7.5222850E-03,-46.9540181E-03,+91.6382935E-03
+8.8839625E-03,+7.8701146E-03,-47.1377827E-03,+91.6474818E-03
+8.8842562E-03,+9.1903895E-03,-47.0459004E-03,+91.6418018E-03
+8.8845500E-03,+10.8854338E-03,-47.1027003E-03,+91.6374583E-03
+8.8848437E-03,+11.1079360E-03,-47.1895709E-03,+91.6326136E-03
+8.8851375E-03,+9.8184233E-03,-47.2864649E-03,+91.6518253E-03
+8.8854312E-03,+7.9144754E-03,-46.9456652E-03,+91.6531618E-03
+8.8857250E-03,+7.3929515E-03,-46.9891004E-03,+91.6483171E-03
+8.8860187E-03,+7.4606504E-03,-47.1244180E-03,+91.6610135E-03
+8.8863125E-03,+8.3214403E-03,-47.2246532E-03,+91.6518253E-03
+8.8866062E-03,+9.4744527E-03,-47.2948178E-03,+91.6509900E-03
+8.8869000E-03,+11.3293355E-03,-47.1377827E-03,+91.6361218E-03
+8.8871937E-03,+11.3431179E-03,-47.0241828E-03,+91.6396300E-03
+8.8874875E-03,+10.0640430E-03,-47.0241828E-03,+91.6339500E-03
+8.8877812E-03,+8.9113981E-03,-47.0676180E-03,+91.6361218E-03
+8.8880750E-03,+7.4385619E-03,-47.0726298E-03,+91.6483171E-03
+8.8883687E-03,+7.8704086E-03,-46.8972181E-03,+91.6610135E-03
+8.8886625E-03,+8.5266318E-03,-47.1377827E-03,+91.6518253E-03
+8.8889562E-03,+10.8699976E-03,-47.0241828E-03,+91.6466465E-03
+8.8892500E-03,+12.3793662E-03,-47.0024651E-03,+91.6269336E-03
+8.8895437E-03,+12.2655792E-03,-46.8805123E-03,+91.6496535E-03
+8.8898375E-03,+11.0941904E-03,-46.8187006E-03,+91.6518253E-03
+8.8901312E-03,+8.9774431E-03,-47.0592651E-03,+91.6575053E-03
+8.8904250E-03,+6.5708256E-03,-46.9239475E-03,+91.6531618E-03
+8.8907187E-03,+6.4254311E-03,-46.9323005E-03,+91.6483171E-03
+8.8910125E-03,+7.4063296E-03,-47.0592651E-03,+91.6544982E-03
+8.8913062E-03,+8.5735286E-03,-47.0108181E-03,+91.6326136E-03
+8.8916000E-03,+10.1159748E-03,-47.1377827E-03,+91.6496535E-03
+8.8918937E-03,+10.2532102E-03,-47.0459004E-03,+91.6539971E-03
+8.8921875E-03,+9.8660183E-03,-47.1027003E-03,+91.6566700E-03
+8.8924812E-03,+9.2656962E-03,-47.0592651E-03,+91.6339500E-03
+8.8927750E-03,+8.5157898E-03,-47.0759709E-03,+91.6317783E-03
+8.8930687E-03,+8.2247802E-03,-47.4167707E-03,+91.6369571E-03
+8.8933625E-03,+8.8703451E-03,-47.2864649E-03,+91.6653571E-03
+8.8936562E-03,+9.9693675E-03,-46.9673828E-03,+91.6610135E-03
+8.8939500E-03,+11.2905979E-03,-47.0893356E-03,+91.6518253E-03
+8.8942437E-03,+11.4521638E-03,-47.2380179E-03,+91.6531618E-03
+8.8945375E-03,+10.5980261E-03,-47.1812179E-03,+91.6439735E-03
+8.8948312E-03,+8.8521892E-03,-47.1812179E-03,+91.6474818E-03
+8.8951250E-03,+7.5893591E-03,-47.2246532E-03,+91.6461453E-03
+8.8954187E-03,+6.9428386E-03,-47.3382531E-03,+91.6531618E-03
+8.8957125E-03,+7.6954280E-03,-47.3165355E-03,+91.6483171E-03
+8.8960062E-03,+9.7894619E-03,-47.3031708E-03,+91.6610135E-03
+8.8963000E-03,+11.1607499E-03,-47.2864649E-03,+91.6453100E-03
+8.8965937E-03,+11.5466922E-03,-46.9891004E-03,+91.6361218E-03
+8.8968875E-03,+10.6553974E-03,-47.1027003E-03,+91.6461453E-03
+8.8971812E-03,+8.3608027E-03,-47.0809827E-03,+91.6575053E-03
+8.8974750E-03,+6.9096507E-03,-47.1327709E-03,+91.6575053E-03
+8.8977687E-03,+6.8162983E-03,-47.4384883E-03,+91.6596771E-03
+8.8980625E-03,+7.6296402E-03,-47.3215472E-03,+91.6588418E-03
+8.8983562E-03,+9.5476278E-03,-46.9540181E-03,+91.6483171E-03
+8.8986500E-03,+10.6710908E-03,-47.2246532E-03,+91.6631853E-03
+8.8989437E-03,+11.0791952E-03,-47.3165355E-03,+91.6553335E-03
+8.8992375E-03,+10.6857553E-03,-47.1511474E-03,+91.6496535E-03
+8.8995312E-03,+9.4293569E-03,-46.7585594E-03,+91.6474818E-03
+8.8998250E-03,+8.2441490E-03,-46.5614302E-03,+91.6418018E-03
+8.9001187E-03,+7.6617256E-03,-46.8755005E-03,+91.6418018E-03
+8.9004125E-03,+7.5085762E-03,-47.1678532E-03,+91.6461453E-03
+8.9007062E-03,+9.3732352E-03,-47.2948178E-03,+91.6531618E-03
+8.9010000E-03,+10.0414032E-03,-47.1377827E-03,+91.6396300E-03
+8.9012937E-03,+10.0985540E-03,-46.9807475E-03,+91.6339500E-03
+8.9015875E-03,+10.3193655E-03,-46.8888652E-03,+91.6361218E-03
+8.9018812E-03,+8.9835441E-03,-46.9673828E-03,+91.6483171E-03
+8.9021750E-03,+8.1509803E-03,-47.0241828E-03,+91.6653571E-03
+8.9024687E-03,+8.0575177E-03,-47.0241828E-03,+91.6544982E-03
+8.9027625E-03,+8.3455870E-03,-47.0024651E-03,+91.6304418E-03
+8.9030562E-03,+9.8624532E-03,-46.9891004E-03,+91.6439735E-03
+8.9033500E-03,+11.2869227E-03,-47.0809827E-03,+91.6496535E-03
+8.9036437E-03,+10.7921550E-03,-47.0241828E-03,+91.6561688E-03
+8.9039375E-03,+9.9977040E-03,-47.1110533E-03,+91.6623500E-03
+8.9042312E-03,+9.1191256E-03,-47.2948178E-03,+91.6426371E-03
+8.9045250E-03,+7.5028795E-03,-47.1812179E-03,+91.6566700E-03
+8.9048187E-03,+7.8578024E-03,-47.1595003E-03,+91.6382935E-03
+8.9051125E-03,+8.0588408E-03,-47.1027003E-03,+91.6518253E-03
+8.9054062E-03,+8.5880827E-03,-47.0375475E-03,+91.6575053E-03
+8.9057000E-03,+9.5618512E-03,-46.8671476E-03,+91.6531618E-03
+8.9059937E-03,+10.2636113E-03,-46.9757357E-03,+91.6504888E-03
+8.9062875E-03,+10.3866968E-03,-47.2380179E-03,+91.6666935E-03
+8.9065812E-03,+9.4339878E-03,-47.1377827E-03,+91.6496535E-03
+8.9068750E-03,+8.7970966E-03,-47.0459004E-03,+91.6496535E-03
+8.9071687E-03,+8.0379651E-03,-47.1461356E-03,+91.6453100E-03
+8.9074625E-03,+8.1393664E-03,-47.2597355E-03,+91.6382935E-03
+8.9077562E-03,+8.4356316E-03,-47.2380179E-03,+91.6496535E-03
+8.9080500E-03,+10.0366620E-03,-47.2246532E-03,+91.6496535E-03
+8.9083437E-03,+11.3077616E-03,-47.2079473E-03,+91.6474818E-03
+8.9086375E-03,+11.0239556E-03,-46.9323005E-03,+91.6418018E-03
+8.9089312E-03,+9.9374292E-03,-47.1027003E-03,+91.6396300E-03
+8.9092250E-03,+8.2821515E-03,-47.1244180E-03,+91.6361218E-03
+8.9095187E-03,+8.4204895E-03,-47.1812179E-03,+91.6483171E-03
+8.9098125E-03,+8.5269994E-03,-47.1595003E-03,+91.6566700E-03
+8.9101062E-03,+8.6948132E-03,-47.0158298E-03,+91.6317783E-03
+8.9104000E-03,+10.0936291E-03,-46.8103476E-03,+91.6304418E-03
+8.9106937E-03,+10.8319216E-03,-46.8888652E-03,+91.6461453E-03
+8.9109875E-03,+10.5348478E-03,-46.9456652E-03,+91.6509900E-03
+8.9112812E-03,+9.4798922E-03,-47.0542533E-03,+91.6404653E-03
+8.9115750E-03,+8.4148663E-03,-47.2513826E-03,+91.6575053E-03
+8.9118687E-03,+8.0335548E-03,-47.1110533E-03,+91.6553335E-03
+8.9121625E-03,+8.3370971E-03,-47.2296650E-03,+91.6496535E-03
+8.9124562E-03,+9.6955583E-03,-46.9891004E-03,+91.6496535E-03
+8.9127500E-03,+10.8490852E-03,-47.0158298E-03,+91.6474818E-03
+8.9130437E-03,+11.6945492E-03,-46.8972181E-03,+91.6439735E-03
+8.9133375E-03,+11.5741099E-03,-47.1595003E-03,+91.6496535E-03
+8.9136312E-03,+10.1680905E-03,-47.0592651E-03,+91.6518253E-03
+8.9139250E-03,+8.7705610E-03,-46.9239475E-03,+91.6618488E-03
+8.9142187E-03,+7.6263693E-03,-47.0408886E-03,+91.6623500E-03
+8.9145125E-03,+7.3254732E-03,-47.4301354E-03,+91.6339500E-03
+8.9148062E-03,+7.6344549E-03,-47.2814531E-03,+91.6404653E-03
+8.9151000E-03,+8.3571274E-03,-47.2731002E-03,+91.6531618E-03
+8.9153937E-03,+8.7342858E-03,-47.0592651E-03,+91.6483171E-03
+8.9156875E-03,+9.1791798E-03,-46.9891004E-03,+91.6610135E-03
+8.9159812E-03,+8.9242984E-03,-47.1027003E-03,+91.6453100E-03
+8.9162750E-03,+8.8491387E-03,-47.0592651E-03,+91.6361218E-03
+8.9165687E-03,+8.3470939E-03,-47.0108181E-03,+91.6396300E-03
+8.9168625E-03,+8.8106951E-03,-47.1595003E-03,+91.6339500E-03
+8.9171562E-03,+9.8360279E-03,-47.0809827E-03,+91.6382935E-03
+8.9174500E-03,+11.2847910E-03,-47.0676180E-03,+91.6561688E-03
+8.9177437E-03,+11.5794023E-03,-47.2246532E-03,+91.6688653E-03
+8.9180375E-03,+10.7348939E-03,-47.2731002E-03,+91.6531618E-03
+8.9183312E-03,+10.1991099E-03,-47.0375475E-03,+91.6461453E-03
+8.9186250E-03,+10.0090606E-03,-46.9105828E-03,+91.6553335E-03
+8.9189187E-03,+10.0820519E-03,-46.9590299E-03,+91.6474818E-03
+8.9192125E-03,+10.0314431E-03,-46.8755005E-03,+91.6461453E-03
+8.9195062E-03,+10.4664506E-03,-47.0592651E-03,+91.6596771E-03
+8.9198000E-03,+10.0390878E-03,-46.9673828E-03,+91.6631853E-03
+8.9200937E-03,+9.7525620E-03,-47.0241828E-03,+91.6531618E-03
+8.9203875E-03,+8.9560162E-03,-47.0241828E-03,+91.6461453E-03
+8.9206812E-03,+7.4217291E-03,-47.0459004E-03,+91.6553335E-03
+8.9209750E-03,+6.7819711E-03,-47.1244180E-03,+91.6518253E-03
+8.9212687E-03,+7.2578110E-03,-47.1595003E-03,+91.6596771E-03
+8.9215625E-03,+8.5923093E-03,-47.0809827E-03,+91.6610135E-03
+8.9218562E-03,+9.1767909E-03,-47.0024651E-03,+91.6431383E-03
+8.9221500E-03,+9.8019579E-03,-46.8805123E-03,+91.6326136E-03
+8.9224437E-03,+10.1984484E-03,-46.7969829E-03,+91.6518253E-03
+8.9227375E-03,+9.8587780E-03,-47.0024651E-03,+91.6596771E-03
+8.9230312E-03,+9.3210093E-03,-47.0325357E-03,+91.6631853E-03
+8.9233250E-03,+8.9231223E-03,-47.1945826E-03,+91.6553335E-03
+8.9236187E-03,+9.4902565E-03,-47.0676180E-03,+91.6496535E-03
+8.9239125E-03,+10.4704567E-03,-47.1595003E-03,+91.6474818E-03
+8.9242062E-03,+10.5770769E-03,-47.2112885E-03,+91.6374583E-03
+8.9245000E-03,+9.9431994E-03,-47.3867001E-03,+91.6326136E-03
+8.9247937E-03,+9.0872976E-03,-47.1027003E-03,+91.6474818E-03
+8.9250875E-03,+8.6584646E-03,-47.0375475E-03,+91.6483171E-03
+8.9253812E-03,+8.2780719E-03,-46.9540181E-03,+91.6653571E-03
+8.9256750E-03,+8.1674457E-03,-47.0943474E-03,+91.6631853E-03
+8.9259687E-03,+8.0861850E-03,-46.8888652E-03,+91.6509900E-03
+8.9262625E-03,+8.7872835E-03,-46.9673828E-03,+91.6426371E-03
+8.9265562E-03,+9.8643644E-03,-46.9373122E-03,+91.6631853E-03
+8.9268500E-03,+10.1869815E-03,-46.7752653E-03,+91.6618488E-03
+8.9271437E-03,+9.7715265E-03,-46.9673828E-03,+91.6645218E-03
+8.9274375E-03,+9.8082059E-03,-47.0893356E-03,+91.6461453E-03
+8.9277312E-03,+10.3288477E-03,-47.2597355E-03,+91.6531618E-03
+8.9280250E-03,+10.4489562E-03,-47.2814531E-03,+91.6461453E-03
+8.9283187E-03,+10.4930230E-03,-47.3165355E-03,+91.6531618E-03
+8.9286125E-03,+9.7855294E-03,-47.2163003E-03,+91.6461453E-03
+8.9289062E-03,+10.0490845E-03,-47.1678532E-03,+91.6553335E-03
+8.9292000E-03,+9.8657610E-03,-47.2948178E-03,+91.6496535E-03
+8.9294937E-03,+9.5193648E-03,-47.2029356E-03,+91.6518253E-03
+8.9297875E-03,+8.9885792E-03,-47.2380179E-03,+91.6531618E-03
+8.9300812E-03,+8.8237424E-03,-47.1377827E-03,+91.6439735E-03
+8.9303750E-03,+8.7473331E-03,-47.1110533E-03,+91.6496535E-03
+8.9306687E-03,+8.8004043E-03,-47.2296650E-03,+91.6496535E-03
+8.9309625E-03,+9.0495523E-03,-47.0325357E-03,+91.6474818E-03
+8.9312562E-03,+9.4559660E-03,-47.2163003E-03,+91.6526606E-03
+8.9315500E-03,+8.8546516E-03,-47.1244180E-03,+91.6702018E-03
+8.9318437E-03,+8.2360266E-03,-47.2029356E-03,+91.6418018E-03
+8.9321375E-03,+8.1946060E-03,-47.2380179E-03,+91.6374583E-03
+8.9324312E-03,+8.2369822E-03,-47.1812179E-03,+91.6326136E-03
+8.9327250E-03,+7.9622909E-03,-47.1377827E-03,+91.6496535E-03
+8.9330187E-03,+9.3452662E-03,-47.0893356E-03,+91.6496535E-03
+8.9333125E-03,+11.3510565E-03,-47.2597355E-03,+91.6561688E-03
+8.9336062E-03,+12.1789158E-03,-47.1945826E-03,+91.6666935E-03
+8.9339000E-03,+12.0287067E-03,-47.0676180E-03,+91.6518253E-03
+8.9341937E-03,+10.1133654E-03,-47.2246532E-03,+91.6509900E-03
+8.9344875E-03,+9.3144673E-03,-47.2948178E-03,+91.6404653E-03
+8.9347812E-03,+8.7096246E-03,-47.1595003E-03,+91.6575053E-03
+8.9350750E-03,+8.3670140E-03,-47.1027003E-03,+91.6575053E-03
+8.9353687E-03,+9.1699181E-03,-47.0375475E-03,+91.6531618E-03
+8.9356625E-03,+10.2150975E-03,-46.9540181E-03,+91.6418018E-03
+8.9359562E-03,+10.1141372E-03,-47.1812179E-03,+91.6461453E-03
+8.9362500E-03,+9.7581852E-03,-47.1812179E-03,+91.6575053E-03
+8.9365437E-03,+9.0190474E-03,-47.2463708E-03,+91.6596771E-03
+8.9368375E-03,+8.6893738E-03,-47.4167707E-03,+91.6653571E-03
+8.9371312E-03,+8.5670968E-03,-47.1561591E-03,+91.6610135E-03
+8.9374250E-03,+8.4981851E-03,-46.8003241E-03,+91.6496535E-03
+8.9377187E-03,+8.4727153E-03,-47.5654529E-03,+91.6496535E-03
+8.9380125E-03,+9.5468192E-03,-47.3165355E-03,+91.6496535E-03
+8.9383062E-03,+10.4573727E-03,-47.2163003E-03,+91.6431383E-03
+8.9386000E-03,+10.2573633E-03,-47.1678532E-03,+91.6326136E-03
+8.9388937E-03,+9.6275654E-03,-47.2513826E-03,+91.6453100E-03
+8.9391875E-03,+9.0570499E-03,-47.0459004E-03,+91.6426371E-03
+8.9394812E-03,+8.6666237E-03,-47.1027003E-03,+91.6631853E-03
+8.9397750E-03,+8.4265537E-03,-47.1244180E-03,+91.6553335E-03
+8.9400687E-03,+9.4893377E-03,-47.2029356E-03,+91.6496535E-03
+8.9403625E-03,+10.1730521E-03,-47.2163003E-03,+91.6496535E-03
+8.9406562E-03,+10.8466963E-03,-47.1461356E-03,+91.6496535E-03
+8.9409500E-03,+9.6038598E-03,-47.2163003E-03,+91.6518253E-03
+8.9412437E-03,+8.8387376E-03,-47.1678532E-03,+91.6553335E-03
+8.9415375E-03,+8.0060636E-03,-47.3165355E-03,+91.6518253E-03
+8.9418312E-03,+7.1794171E-03,-47.1728650E-03,+91.6531618E-03
+8.9421250E-03,+7.6517288E-03,-47.0759709E-03,+91.6418018E-03
+8.9424187E-03,+9.4242115E-03,-47.3081825E-03,+91.6418018E-03
+8.9427125E-03,+10.7739990E-03,-47.1110533E-03,+91.6461453E-03
+8.9430062E-03,+10.3358308E-03,-47.3382531E-03,+91.6553335E-03
+8.9433000E-03,+9.2299724E-03,-47.2948178E-03,+91.6539971E-03
+8.9435937E-03,+8.6649698E-03,-47.0943474E-03,+91.6588418E-03
+8.9438875E-03,+7.8816550E-03,-46.9540181E-03,+91.6418018E-03
+8.9441812E-03,+7.9155412E-03,-47.1812179E-03,+91.6439735E-03
+8.9444750E-03,+8.4222536E-03,-47.2898061E-03,+91.6496535E-03
+8.9447687E-03,+9.6439572E-03,-47.5303706E-03,+91.6518253E-03
+8.9450625E-03,+10.9404162E-03,-47.4819236E-03,+91.6618488E-03
+8.9453562E-03,+11.2310215E-03,-47.5437353E-03,+91.6645218E-03
+8.9456500E-03,+9.9674563E-03,-47.1728650E-03,+91.6483171E-03
+8.9459437E-03,+9.1165529E-03,-47.0542533E-03,+91.6588418E-03
+8.9462375E-03,+7.8879765E-03,-47.4034060E-03,+91.6374583E-03
+8.9465312E-03,+7.2098117E-03,-47.4652177E-03,+91.6347853E-03
+8.9468250E-03,+8.0531808E-03,-47.1595003E-03,+91.6509900E-03
+8.9471187E-03,+9.6325270E-03,-47.0809827E-03,+91.6361218E-03
+8.9474125E-03,+10.2322978E-03,-47.0893356E-03,+91.6396300E-03
+8.9477062E-03,+10.8803252E-03,-47.1945826E-03,+91.6361218E-03
+8.9480000E-03,+11.0433611E-03,-47.0676180E-03,+91.6396300E-03
+8.9482937E-03,+9.4259757E-03,-47.2246532E-03,+91.6448088E-03
+8.9485875E-03,+8.3155599E-03,-47.3165355E-03,+91.6688653E-03
+8.9488812E-03,+7.7463675E-03,-47.2380179E-03,+91.6575053E-03
+8.9491750E-03,+8.5315567E-03,-47.2029356E-03,+91.6531618E-03
+8.9494687E-03,+10.7992482E-03,-47.2163003E-03,+91.6483171E-03
+8.9497625E-03,+11.8568133E-03,-47.1027003E-03,+91.6610135E-03
+8.9500562E-03,+11.9229318E-03,-47.1895709E-03,+91.6518253E-03
+8.9503500E-03,+11.2910758E-03,-47.2647473E-03,+91.6553335E-03
+8.9506437E-03,+9.6768511E-03,-46.9323005E-03,+91.6496535E-03
+8.9509375E-03,+7.6676060E-03,-47.1895709E-03,+91.6496535E-03
+8.9512312E-03,+6.6828117E-03,-47.3516178E-03,+91.6474818E-03
+8.9515250E-03,+7.5952395E-03,-47.1812179E-03,+91.6396300E-03
+8.9518187E-03,+9.8009656E-03,-47.1377827E-03,+91.6339500E-03
+8.9521125E-03,+10.9323673E-03,-47.0676180E-03,+91.6404653E-03
+8.9524062E-03,+11.2099988E-03,-47.2029356E-03,+91.6575053E-03
+8.9527000E-03,+10.7178038E-03,-47.2380179E-03,+91.6531618E-03
+8.9529937E-03,+8.8105481E-03,-47.2246532E-03,+91.6439735E-03
+8.9532875E-03,+6.9034027E-03,-47.2513826E-03,+91.6474818E-03
+8.9535812E-03,+6.5609023E-03,-47.0241828E-03,+91.6439735E-03
+8.9538750E-03,+7.5347442E-03,-47.1327709E-03,+91.6539971E-03
+8.9541687E-03,+8.9887997E-03,-47.3733354E-03,+91.6631853E-03
+8.9544625E-03,+9.7062901E-03,-47.2814531E-03,+91.6531618E-03
+8.9547562E-03,+10.3738700E-03,-47.3165355E-03,+91.6461453E-03
+8.9550500E-03,+9.5887543E-03,-47.2597355E-03,+91.6596771E-03
+8.9553437E-03,+8.7618873E-03,-47.2814531E-03,+91.6566700E-03
+8.9556375E-03,+7.9438042E-03,-47.2513826E-03,+91.6361218E-03
+8.9559312E-03,+7.7415896E-03,-47.0893356E-03,+91.6439735E-03
+8.9562250E-03,+8.9384115E-03,-47.2597355E-03,+91.6518253E-03
+8.9565187E-03,+9.8392989E-03,-47.2163003E-03,+91.6509900E-03
+8.9568125E-03,+11.4889167E-03,-47.0592651E-03,+91.6426371E-03
+8.9571062E-03,+12.0156594E-03,-47.0108181E-03,+91.6566700E-03
+8.9574000E-03,+10.9610346E-03,-47.1812179E-03,+91.6361218E-03
+8.9576937E-03,+9.5992289E-03,-47.2246532E-03,+91.6418018E-03
+8.9579875E-03,+8.2865251E-03,-47.2296650E-03,+91.6483171E-03
+8.9582812E-03,+7.3955242E-03,-47.0542533E-03,+91.6588418E-03
+8.9585750E-03,+7.9339544E-03,-47.1862297E-03,+91.6439735E-03
+8.9588687E-03,+9.5918048E-03,-46.8537829E-03,+91.6518253E-03
+8.9591625E-03,+11.2790575E-03,-47.0893356E-03,+91.6575053E-03
+8.9594562E-03,+12.3960153E-03,-47.2163003E-03,+91.6531618E-03
+8.9597500E-03,+10.8712472E-03,-47.1895709E-03,+91.6374583E-03
+8.9600437E-03,+10.0297525E-03,-47.3733354E-03,+91.6347853E-03
+8.9603375E-03,+8.3569804E-03,-47.2597355E-03,+91.6575053E-03
+8.9606312E-03,+7.6861662E-03,-47.2814531E-03,+91.6618488E-03
+8.9609250E-03,+8.3930350E-03,-47.3382531E-03,+91.6645218E-03
+8.9612187E-03,+10.2764380E-03,-47.3165355E-03,+91.6439735E-03
+8.9615125E-03,+11.8885678E-03,-47.3248884E-03,+91.6453100E-03
+8.9618062E-03,+11.6019687E-03,-47.4084178E-03,+91.6361218E-03
+8.9621000E-03,+9.5678419E-03,-47.2246532E-03,+91.6418018E-03
+8.9623937E-03,+8.3957915E-03,-47.2731002E-03,+91.6461453E-03
+8.9626875E-03,+7.0343901E-03,-47.0809827E-03,+91.6575053E-03
+8.9629812E-03,+7.5804649E-03,-47.0241828E-03,+91.6575053E-03
+8.9632750E-03,+8.5474340E-03,-47.0459004E-03,+91.6531618E-03
+8.9635687E-03,+9.8626002E-03,-47.1461356E-03,+91.6439735E-03
+8.9638625E-03,+11.2039346E-03,-47.2814531E-03,+91.6409665E-03
+8.9641562E-03,+11.1828384E-03,-47.2948178E-03,+91.6247618E-03
+8.9644500E-03,+9.6448025E-03,-47.1377827E-03,+91.6439735E-03
+8.9647437E-03,+8.0412362E-03,-47.0893356E-03,+91.6496535E-03
+8.9650375E-03,+6.5188937E-03,-47.2163003E-03,+91.6518253E-03
+8.9653312E-03,+6.3124526E-03,-47.0809827E-03,+91.6531618E-03
+8.9656250E-03,+7.3102942E-03,-47.0676180E-03,+91.6418018E-03
+8.9659187E-03,+9.4133694E-03,-47.1812179E-03,+91.6483171E-03
+8.9662125E-03,+11.0829072E-03,-47.1595003E-03,+91.6653571E-03
+8.9665062E-03,+11.2301027E-03,-47.0592651E-03,+91.6631853E-03
+8.9668000E-03,+10.0727902E-03,-46.9891004E-03,+91.6553335E-03
+8.9670937E-03,+8.8284101E-03,-47.1244180E-03,+91.6453100E-03
+8.9673875E-03,+7.1060215E-03,-47.1160650E-03,+91.6361218E-03
+8.9676812E-03,+5.8822230E-03,-46.9891004E-03,+91.6418018E-03
+8.9679750E-03,+6.4728791E-03,-47.1461356E-03,+91.6483171E-03
+8.9682687E-03,+8.6410069E-03,-47.2380179E-03,+91.6675288E-03
+8.9685625E-03,+11.4452174E-03,-47.1812179E-03,+91.6666935E-03
+8.9688562E-03,+13.1506996E-03,-47.0943474E-03,+91.6539971E-03
+8.9691500E-03,+12.1511307E-03,-46.9757357E-03,+91.6610135E-03
+8.9694437E-03,+10.1815421E-03,-47.2597355E-03,+91.6496535E-03
+8.9697375E-03,+8.5953966E-03,-47.2597355E-03,+91.6539971E-03
+8.9700312E-03,+7.4761601E-03,-47.2380179E-03,+91.6588418E-03
+8.9703250E-03,+7.9225977E-03,-47.0943474E-03,+91.6461453E-03
+8.9706187E-03,+9.2753989E-03,-46.9323005E-03,+91.6553335E-03
+8.9709125E-03,+10.8112665E-03,-47.1678532E-03,+91.6496535E-03
+8.9712062E-03,+10.6321695E-03,-47.2731002E-03,+91.6561688E-03
+8.9715000E-03,+10.3108756E-03,-47.0592651E-03,+91.6601782E-03
+8.9717937E-03,+9.3448252E-03,-47.0325357E-03,+91.6326136E-03
+8.9720875E-03,+7.9445025E-03,-47.2163003E-03,+91.6453100E-03
+8.9723812E-03,+7.1885686E-03,-47.1895709E-03,+91.6382935E-03
+8.9726750E-03,+7.4233094E-03,-47.2864649E-03,+91.6474818E-03
+8.9729687E-03,+8.9149999E-03,-46.9239475E-03,+91.6483171E-03
+8.9732625E-03,+10.0916077E-03,-47.0191710E-03,+91.6631853E-03
+8.9735562E-03,+10.9488326E-03,-47.3299002E-03,+91.6596771E-03
+8.9738500E-03,+11.0660009E-03,-47.1244180E-03,+91.6610135E-03
+8.9741437E-03,+10.0921222E-03,-47.1812179E-03,+91.6496535E-03
+8.9744375E-03,+9.1944323E-03,-47.1377827E-03,+91.6518253E-03
+8.9747312E-03,+7.9022734E-03,-47.0459004E-03,+91.6553335E-03
+8.9750250E-03,+7.9961771E-03,-47.1027003E-03,+91.6496535E-03
+8.9753187E-03,+9.3498236E-03,-47.0809827E-03,+91.6518253E-03
+8.9756125E-03,+10.8939237E-03,-47.0893356E-03,+91.6531618E-03
+8.9759062E-03,+11.8672512E-03,-47.1728650E-03,+91.6439735E-03
+8.9762000E-03,+10.8783038E-03,-47.0542533E-03,+91.6539971E-03
+8.9764937E-03,+9.4632431E-03,-47.2731002E-03,+91.6610135E-03
+8.9767875E-03,+8.1145215E-03,-47.0809827E-03,+91.6496535E-03
+8.9770812E-03,+6.9664707E-03,-47.0893356E-03,+91.6496535E-03
+8.9773750E-03,+6.9647433E-03,-47.3031708E-03,+91.6431383E-03
+8.9776687E-03,+8.4963842E-03,-47.3516178E-03,+91.6326136E-03
+8.9779625E-03,+10.6571615E-03,-47.0726298E-03,+91.6496535E-03
+8.9782562E-03,+12.0527799E-03,-46.8972181E-03,+91.6474818E-03
+8.9785500E-03,+10.9858428E-03,-47.1160650E-03,+91.6418018E-03
+8.9788437E-03,+9.0679288E-03,-46.9673828E-03,+91.6439735E-03
+8.9791375E-03,+8.3737030E-03,-47.0893356E-03,+91.6518253E-03
+8.9794312E-03,+7.9660397E-03,-47.2380179E-03,+91.6531618E-03
+8.9797250E-03,+7.5253355E-03,-47.2246532E-03,+91.6418018E-03
+8.9800187E-03,+8.8355033E-03,-47.2731002E-03,+91.6461453E-03
+8.9803125E-03,+10.3473712E-03,-47.1027003E-03,+91.6553335E-03
+8.9806062E-03,+10.9645629E-03,-47.1678532E-03,+91.6496535E-03
+8.9809000E-03,+10.4445826E-03,-47.3382531E-03,+91.6518253E-03
+8.9811937E-03,+9.7216896E-03,-47.2948178E-03,+91.6553335E-03
+8.9814875E-03,+8.7004732E-03,-47.1595003E-03,+91.6474818E-03
+8.9817812E-03,+7.4482647E-03,-47.1027003E-03,+91.6526606E-03
+8.9820750E-03,+7.2069818E-03,-47.1027003E-03,+91.6702018E-03
+8.9823687E-03,+8.5944042E-03,-47.1027003E-03,+91.6483171E-03
+8.9826625E-03,+10.4245156E-03,-47.1678532E-03,+91.6631853E-03
+8.9829562E-03,+10.7286091E-03,-47.3599707E-03,+91.6553335E-03
+8.9832500E-03,+11.1778033E-03,-47.2864649E-03,+91.6453100E-03
+8.9835437E-03,+9.9218460E-03,-47.0325357E-03,+91.6361218E-03
+8.9838375E-03,+8.6750034E-03,-47.1945826E-03,+91.6461453E-03
+8.9841312E-03,+7.4916698E-03,-47.0459004E-03,+91.6509900E-03
+8.9844250E-03,+8.2957868E-03,-47.0809827E-03,+91.6382935E-03
+8.9847187E-03,+9.3733087E-03,-47.0241828E-03,+91.6496535E-03
+8.9850125E-03,+10.4664506E-03,-47.0024651E-03,+91.6496535E-03
+8.9853062E-03,+11.3573780E-03,-47.0325357E-03,+91.6474818E-03
+8.9856000E-03,+12.2146030E-03,-47.2380179E-03,+91.6439735E-03
+8.9858937E-03,+10.0977454E-03,-47.1160650E-03,+91.6583406E-03
+8.9861875E-03,+8.9180872E-03,-47.0325357E-03,+91.6702018E-03
+8.9864812E-03,+7.1627313E-03,-47.1945826E-03,+91.6374583E-03
+8.9867750E-03,+7.0977889E-03,-47.0676180E-03,+91.6326136E-03
+8.9870687E-03,+7.9436571E-03,-47.2029356E-03,+91.6453100E-03
+8.9873625E-03,+9.6658987E-03,-47.2380179E-03,+91.6339500E-03
+8.9876562E-03,+10.9975302E-03,-47.1595003E-03,+91.6404653E-03
+8.9879500E-03,+11.5429067E-03,-47.1244180E-03,+91.6509900E-03
+8.9882437E-03,+9.8376450E-03,-47.0943474E-03,+91.6361218E-03
+8.9885375E-03,+8.7356457E-03,-47.0408886E-03,+91.6483171E-03
+8.9888312E-03,+8.2684427E-03,-47.2998296E-03,+91.6566700E-03
+8.9891250E-03,+7.7425820E-03,-46.8755005E-03,+91.6382935E-03
+8.9894187E-03,+9.0466488E-03,-47.0375475E-03,+91.6561688E-03
+8.9897125E-03,+10.3877994E-03,-46.9757357E-03,+91.6666935E-03
+8.9900062E-03,+10.2997394E-03,-47.2597355E-03,+91.6496535E-03
+8.9903000E-03,+9.9528654E-03,-47.2380179E-03,+91.6496535E-03
+8.9905937E-03,+9.6928753E-03,-47.1160650E-03,+91.6496535E-03
+8.9908875E-03,+9.1819363E-03,-46.9891004E-03,+91.6474818E-03
+8.9911812E-03,+8.1178292E-03,-47.1244180E-03,+91.6461453E-03
+8.9914750E-03,+7.1264561E-03,-47.1595003E-03,+91.6575053E-03
+8.9917687E-03,+8.3641472E-03,-47.0809827E-03,+91.6596771E-03
+8.9920625E-03,+9.2693715E-03,-46.9590299E-03,+91.6610135E-03
+8.9923562E-03,+10.3901148E-03,-46.8537829E-03,+91.6496535E-03
+8.9926500E-03,+10.6269873E-03,-47.0676180E-03,+91.6518253E-03
+8.9929437E-03,+10.3944149E-03,-47.2029356E-03,+91.6618488E-03
+8.9932375E-03,+9.2691142E-03,-47.1728650E-03,+91.6688653E-03
+8.9935312E-03,+8.6649698E-03,-47.0976886E-03,+91.6553335E-03
+8.9938250E-03,+8.3361048E-03,-47.4084178E-03,+91.6518253E-03
+8.9941187E-03,+8.5597830E-03,-47.1595003E-03,+91.6509900E-03
+8.9944125E-03,+10.7329460E-03,-47.0375475E-03,+91.6361218E-03
+8.9947062E-03,+11.2160263E-03,-46.9323005E-03,+91.6461453E-03
+8.9950000E-03,+11.0857372E-03,-47.1244180E-03,+91.6553335E-03
+8.9952937E-03,+10.5487772E-03,-47.2898061E-03,+91.6474818E-03
+8.9955875E-03,+9.8545146E-03,-47.4652177E-03,+91.6418018E-03
+8.9958812E-03,+8.2684059E-03,-47.1377827E-03,+91.6396300E-03
+8.9961750E-03,+8.1684012E-03,-47.1327709E-03,+91.6404653E-03
+8.9964687E-03,+8.3879264E-03,-47.2864649E-03,+91.6509900E-03
+8.9967625E-03,+8.6133320E-03,-47.0108181E-03,+91.6361218E-03
+8.9970562E-03,+9.8552864E-03,-47.2463708E-03,+91.6374583E-03
+8.9973500E-03,+9.9121799E-03,-47.3299002E-03,+91.6282700E-03
+8.9976437E-03,+9.9075491E-03,-47.1027003E-03,+91.6339500E-03
+8.9979375E-03,+9.3533887E-03,-47.0375475E-03,+91.6361218E-03
+8.9982312E-03,+8.3289747E-03,-46.8237123E-03,+91.6396300E-03
+8.9985250E-03,+8.0508286E-03,-46.7535477E-03,+91.6426371E-03
+8.9988187E-03,+8.8320853E-03,-46.9540181E-03,+91.6610135E-03
+8.9991125E-03,+8.8602013E-03,-47.2246532E-03,+91.6474818E-03
+8.9994062E-03,+9.4761801E-03,-47.2513826E-03,+91.6439735E-03
+8.9997000E-03,+10.6194530E-03,-47.1110533E-03,+91.6518253E-03
+8.9999937E-03,+10.3602347E-03,-47.2731002E-03,+91.6531618E-03
+9.0002875E-03,+10.1159381E-03,-47.1461356E-03,+91.6461453E-03
+9.0005812E-03,+9.3423995E-03,-47.2597355E-03,+91.6553335E-03
+9.0008750E-03,+8.4037301E-03,-47.2380179E-03,+91.6409665E-03
+9.0011687E-03,+9.3232145E-03,-47.0943474E-03,+91.6269336E-03
+9.0014625E-03,+9.4256081E-03,-46.9540181E-03,+91.6453100E-03
+9.0017562E-03,+9.8843947E-03,-47.2029356E-03,+91.6382935E-03
+9.0020500E-03,+9.9325778E-03,-47.2163003E-03,+91.6496535E-03
+9.0023437E-03,+9.9522774E-03,-47.1461356E-03,+91.6474818E-03
+9.0026375E-03,+9.5526997E-03,-47.2380179E-03,+91.6461453E-03
+9.0029312E-03,+9.0111088E-03,-47.1595003E-03,+91.6553335E-03
+9.0032250E-03,+8.7737217E-03,-47.0809827E-03,+91.6518253E-03
+9.0035187E-03,+9.3586076E-03,-47.0459004E-03,+91.6488182E-03
+9.0038125E-03,+9.5202469E-03,-47.1678532E-03,+91.6304418E-03
+9.0041062E-03,+9.2710989E-03,-47.2513826E-03,+91.6439735E-03
+9.0044000E-03,+9.9248229E-03,-47.0024651E-03,+91.6474818E-03
+9.0046937E-03,+9.8358441E-03,-47.0108181E-03,+91.6483171E-03
+9.0049875E-03,+9.2371024E-03,-47.1595003E-03,+91.6588418E-03
+9.0052812E-03,+8.4761334E-03,-47.0592651E-03,+91.6418018E-03
+9.0055750E-03,+8.3077315E-03,-47.0108181E-03,+91.6461453E-03
+9.0058687E-03,+8.9327148E-03,-47.2463708E-03,+91.6488182E-03
+9.0061625E-03,+9.6798280E-03,-47.3081825E-03,+91.6282700E-03
+9.0064562E-03,+10.1359317E-03,-47.0676180E-03,+91.6361218E-03
+9.0067500E-03,+10.6243044E-03,-47.2463708E-03,+91.6439735E-03
+9.0070437E-03,+10.5646177E-03,-47.3733354E-03,+91.6453100E-03
+9.0073375E-03,+9.7831037E-03,-47.1945826E-03,+91.6339500E-03
+9.0076312E-03,+8.4499285E-03,-47.0676180E-03,+91.6382935E-03
+9.0079250E-03,+7.9087052E-03,-47.1595003E-03,+91.6496535E-03
+9.0082187E-03,+7.3782503E-03,-47.1244180E-03,+91.6453100E-03
+9.0085125E-03,+8.5071161E-03,-47.1812179E-03,+91.6382935E-03
+9.0088062E-03,+8.9137135E-03,-47.2246532E-03,+91.6496535E-03
+9.0091000E-03,+9.2387563E-03,-47.3382531E-03,+91.6496535E-03
+9.0093937E-03,+9.8217310E-03,-47.2296650E-03,+91.6518253E-03
+9.0096875E-03,+10.0828972E-03,-46.9456652E-03,+91.6531618E-03
+9.0099812E-03,+9.6017648E-03,-47.0108181E-03,+91.6483171E-03
+9.0102750E-03,+9.4272253E-03,-47.0943474E-03,+91.6610135E-03
+9.0105687E-03,+8.6963936E-03,-46.9323005E-03,+91.6539971E-03
+9.0108625E-03,+9.4149130E-03,-47.1027003E-03,+91.6610135E-03
+9.0111562E-03,+9.7351412E-03,-47.1244180E-03,+91.6539971E-03
+9.0114500E-03,+9.7161399E-03,-47.2463708E-03,+91.6588418E-03
+9.0117437E-03,+10.1547492E-03,-47.3733354E-03,+91.6483171E-03
+9.0120375E-03,+9.4543489E-03,-47.2597355E-03,+91.6631853E-03
+9.0123312E-03,+9.3286907E-03,-47.2380179E-03,+91.6531618E-03
+9.0126250E-03,+9.5909227E-03,-47.2029356E-03,+91.6396300E-03
+9.0129187E-03,+8.9940554E-03,-47.1945826E-03,+91.6339500E-03
+9.0132125E-03,+8.4067806E-03,-47.0893356E-03,+91.6448088E-03
+9.0135062E-03,+8.7190701E-03,-47.3248884E-03,+91.6623500E-03
+9.0138000E-03,+9.3648188E-03,-47.4084178E-03,+91.6361218E-03
+9.0140937E-03,+10.3187774E-03,-47.1595003E-03,+91.6504888E-03
+9.0143875E-03,+10.2878682E-03,-47.1678532E-03,+91.6645218E-03
+9.0146812E-03,+9.3426201E-03,-47.2948178E-03,+91.6374583E-03
+9.0149750E-03,+8.0839430E-03,-47.1595003E-03,+91.6326136E-03
+9.0152687E-03,+7.9207969E-03,-47.1895709E-03,+91.6496535E-03
+9.0155625E-03,+8.0539159E-03,-47.3733354E-03,+91.6474818E-03
+9.0158562E-03,+8.6209031E-03,-47.2380179E-03,+91.6504888E-03
+9.0161500E-03,+9.2346767E-03,-47.1812179E-03,+91.6645218E-03
+9.0164437E-03,+9.8111829E-03,-47.1160650E-03,+91.6439735E-03
+9.0167375E-03,+9.7352514E-03,-47.0325357E-03,+91.6474818E-03
+9.0170312E-03,+9.7772968E-03,-47.2380179E-03,+91.6439735E-03
+9.0173250E-03,+8.8662288E-03,-47.2029356E-03,+91.6518253E-03
+9.0176187E-03,+9.0404743E-03,-47.1945826E-03,+91.6575053E-03
+9.0179125E-03,+8.9658292E-03,-47.1110533E-03,+91.6596771E-03
+9.0182062E-03,+8.9001517E-03,-47.2948178E-03,+91.6588418E-03
+9.0185000E-03,+8.5453391E-03,-47.1377827E-03,+91.6461453E-03
+9.0187937E-03,+9.2445633E-03,-47.0459004E-03,+91.6509900E-03
+9.0190875E-03,+10.0866093E-03,-47.0592651E-03,+91.6361218E-03
+9.0193812E-03,+9.4275193E-03,-46.9891004E-03,+91.6439735E-03
+9.0196750E-03,+9.6357980E-03,-47.1895709E-03,+91.6561688E-03
+9.0199687E-03,+9.3872013E-03,-47.3081825E-03,+91.6645218E-03
+9.0202625E-03,+9.1813483E-03,-47.0459004E-03,+91.6418018E-03
+9.0205562E-03,+9.0237518E-03,-47.1027003E-03,+91.6461453E-03
+9.0208500E-03,+8.9581846E-03,-47.1461356E-03,+91.6618488E-03
+9.0211437E-03,+8.6030412E-03,-47.2163003E-03,+91.6645218E-03
+9.0214375E-03,+9.6908171E-03,-47.0592651E-03,+91.6418018E-03
+9.0217312E-03,+10.0536052E-03,-47.0542533E-03,+91.6504888E-03
+9.0220250E-03,+9.3503382E-03,-47.2948178E-03,+91.6666935E-03
+9.0223187E-03,+9.4652278E-03,-47.2029356E-03,+91.6453100E-03
+9.0226125E-03,+9.3751096E-03,-47.3031708E-03,+91.6339500E-03
+9.0229062E-03,+9.5278547E-03,-47.4602059E-03,+91.6339500E-03
+9.0232000E-03,+9.9608040E-03,-47.4869353E-03,+91.6426371E-03
+9.0234937E-03,+11.3781434E-03,-47.2163003E-03,+91.6610135E-03
+9.0237875E-03,+10.7656561E-03,-47.1027003E-03,+91.6453100E-03
+9.0240812E-03,+10.7778948E-03,-47.1027003E-03,+91.6382935E-03
+9.0243750E-03,+9.8985446E-03,-47.1461356E-03,+91.6474818E-03
+9.0246687E-03,+9.1132451E-03,-47.3031708E-03,+91.6483171E-03
+9.0249625E-03,+7.9237371E-03,-47.3733354E-03,+91.6588418E-03
+9.0252562E-03,+7.6917527E-03,-47.2597355E-03,+91.6396300E-03
+9.0255500E-03,+8.1835434E-03,-47.2814531E-03,+91.6426371E-03
+9.0258437E-03,+9.0378281E-03,-47.2948178E-03,+91.6631853E-03
+9.0261375E-03,+9.3508159E-03,-47.1812179E-03,+91.6553335E-03
+9.0264312E-03,+9.6550566E-03,-47.1595003E-03,+91.6496535E-03
+9.0267250E-03,+9.3206418E-03,-47.1678532E-03,+91.6496535E-03
+9.0270187E-03,+8.9875134E-03,-47.2948178E-03,+91.6539971E-03
+9.0273125E-03,+8.2167313E-03,-47.1812179E-03,+91.6631853E-03
+9.0276062E-03,+8.0377446E-03,-47.2463708E-03,+91.6553335E-03
+9.0279000E-03,+8.3978129E-03,-47.3081825E-03,+91.6474818E-03
+9.0281937E-03,+8.4899157E-03,-47.0676180E-03,+91.6461453E-03
+9.0284875E-03,+8.9983187E-03,-47.2463708E-03,+91.6553335E-03
+9.0287812E-03,+9.9979980E-03,-47.3733354E-03,+91.6474818E-03
+9.0290750E-03,+9.7218734E-03,-47.2163003E-03,+91.6418018E-03
+9.0293687E-03,+9.2082881E-03,-47.1678532E-03,+91.6418018E-03
+9.0296625E-03,+9.3561819E-03,-47.4034060E-03,+91.6439735E-03
+9.0299562E-03,+8.9955255E-03,-47.5303706E-03,+91.6518253E-03
+9.0302500E-03,+8.5578719E-03,-47.3299002E-03,+91.6531618E-03
+9.0305437E-03,+8.3831485E-03,-47.1244180E-03,+91.6418018E-03
+9.0308375E-03,+9.7457260E-03,-47.1160650E-03,+91.6418018E-03
+9.0311312E-03,+10.5461677E-03,-46.9673828E-03,+91.6439735E-03
+9.0314250E-03,+10.4353209E-03,-47.0241828E-03,+91.6453100E-03
+9.0317187E-03,+9.2247902E-03,-47.0024651E-03,+91.6339500E-03
+9.0320125E-03,+8.4331325E-03,-46.9456652E-03,+91.6404653E-03
+9.0323062E-03,+8.1396605E-03,-47.0108181E-03,+91.6509900E-03
+9.0326000E-03,+7.9015383E-03,-47.1812179E-03,+91.6361218E-03
+9.0328937E-03,+8.6371846E-03,-47.1812179E-03,+91.6396300E-03
+9.0331875E-03,+9.7476004E-03,-47.2246532E-03,+91.6382935E-03
+9.0334812E-03,+10.7214791E-03,-47.2513826E-03,+91.6496535E-03
+9.0337750E-03,+10.1225536E-03,-47.0241828E-03,+91.6453100E-03
+9.0340687E-03,+9.4971293E-03,-47.0241828E-03,+91.6404653E-03
+9.0343625E-03,+8.7831305E-03,-47.1110533E-03,+91.6618488E-03
+9.0346562E-03,+8.3047913E-03,-47.2513826E-03,+91.6666935E-03
+9.0349500E-03,+7.8856978E-03,-47.1110533E-03,+91.6474818E-03
+9.0352437E-03,+8.4860934E-03,-47.2731002E-03,+91.6461453E-03
+9.0355375E-03,+9.2136173E-03,-47.1678532E-03,+91.6531618E-03
+9.0358312E-03,+10.1479499E-03,-47.2948178E-03,+91.6439735E-03
+9.0361250E-03,+10.6310669E-03,-47.2029356E-03,+91.6518253E-03
+9.0364187E-03,+10.0902478E-03,-47.2380179E-03,+91.6531618E-03
+9.0367125E-03,+9.3164887E-03,-47.2463708E-03,+91.6396300E-03
+9.0370062E-03,+8.7139615E-03,-47.3516178E-03,+91.6382935E-03
+9.0373000E-03,+9.3716549E-03,-47.1595003E-03,+91.6453100E-03
+9.0375937E-03,+9.0342631E-03,-47.1461356E-03,+91.6382935E-03
+9.0378875E-03,+9.9748069E-03,-47.3466060E-03,+91.6539971E-03
+9.0381812E-03,+10.4127914E-03,-47.4435001E-03,+91.6610135E-03
+9.0384750E-03,+10.4266840E-03,-47.1461356E-03,+91.6431383E-03
+9.0387687E-03,+9.7070987E-03,-47.2380179E-03,+91.6304418E-03
+9.0390625E-03,+8.7001792E-03,-47.1160650E-03,+91.6374583E-03
+9.0393562E-03,+7.0526563E-03,-46.9891004E-03,+91.6347853E-03
+9.0396500E-03,+7.1933464E-03,-47.1027003E-03,+91.6575053E-03
+9.0399437E-03,+7.8477688E-03,-47.1027003E-03,+91.6553335E-03
+9.0402375E-03,+8.8124593E-03,-47.1027003E-03,+91.6474818E-03
+9.0405312E-03,+9.7688068E-03,-46.9941122E-03,+91.6418018E-03
+9.0408250E-03,+10.3439532E-03,-46.8404182E-03,+91.6439735E-03
+9.0411187E-03,+10.3919157E-03,-47.1377827E-03,+91.6496535E-03
+9.0414125E-03,+9.6949702E-03,-46.9807475E-03,+91.6518253E-03
+9.0417062E-03,+8.4475764E-03,-46.8888652E-03,+91.6531618E-03
+9.0420000E-03,+7.7988507E-03,-46.9456652E-03,+91.6418018E-03
+9.0422937E-03,+9.1672351E-03,-46.9891004E-03,+91.6418018E-03
+9.0425875E-03,+9.9991006E-03,-47.1027003E-03,+91.6396300E-03
+9.0428812E-03,+11.2234871E-03,-47.1461356E-03,+91.6382935E-03
+9.0431750E-03,+11.5377613E-03,-47.2380179E-03,+91.6518253E-03
+9.0434687E-03,+10.2098418E-03,-47.2463708E-03,+91.6596771E-03
+9.0437625E-03,+9.5778387E-03,-47.4602059E-03,+91.6610135E-03
+9.0440562E-03,+8.5803646E-03,-47.4869353E-03,+91.6474818E-03
+9.0443500E-03,+8.1531855E-03,-47.2163003E-03,+91.6461453E-03
+9.0446437E-03,+8.6161987E-03,-47.1678532E-03,+91.6531618E-03
+9.0449375E-03,+10.2328859E-03,-47.2948178E-03,+91.6439735E-03
+9.0452312E-03,+10.6140871E-03,-47.1812179E-03,+91.6474818E-03
+9.0455250E-03,+10.8153093E-03,-47.0726298E-03,+91.6418018E-03
+9.0458187E-03,+10.0891085E-03,-46.8972181E-03,+91.6418018E-03
+9.0461125E-03,+9.4085915E-03,-47.1377827E-03,+91.6439735E-03
+9.0464062E-03,+8.1464597E-03,-47.0459004E-03,+91.6496535E-03
+9.0467000E-03,+7.4724481E-03,-47.1678532E-03,+91.6561688E-03
+9.0469937E-03,+7.7549309E-03,-47.2513826E-03,+91.6645218E-03
+9.0472875E-03,+8.5447143E-03,-47.0459004E-03,+91.6418018E-03
+9.0475812E-03,+9.4456752E-03,-47.0809827E-03,+91.6439735E-03
+9.0478750E-03,+9.9622007E-03,-47.0024651E-03,+91.6474818E-03
+9.0481687E-03,+9.8296697E-03,-47.0108181E-03,+91.6374583E-03
+9.0484625E-03,+9.2858368E-03,-47.0943474E-03,+91.6304418E-03
+9.0487562E-03,+8.4296042E-03,-46.9540181E-03,+91.6461453E-03
+9.0490500E-03,+7.4331224E-03,-47.1812179E-03,+91.6553335E-03
+9.0493437E-03,+8.3105615E-03,-47.0726298E-03,+91.6496535E-03
+9.0496375E-03,+9.6097770E-03,-46.8320653E-03,+91.6518253E-03
+9.0499312E-03,+10.9099848E-03,-46.9673828E-03,+91.6575053E-03
+9.0502250E-03,+11.7019365E-03,-47.0459004E-03,+91.6553335E-03
+9.0505187E-03,+11.8385839E-03,-47.0809827E-03,+91.6453100E-03
+9.0508125E-03,+10.1396805E-03,-47.0893356E-03,+91.6382935E-03
+9.0511062E-03,+9.2327656E-03,-47.1294297E-03,+91.6496535E-03
+9.0514000E-03,+8.0950057E-03,-46.8537829E-03,+91.6539971E-03
+9.0516937E-03,+6.6470511E-03,-47.0241828E-03,+91.6588418E-03
+9.0519875E-03,+7.6240538E-03,-47.1110533E-03,+91.6483171E-03
+9.0522812E-03,+9.5752660E-03,-47.2296650E-03,+91.6588418E-03
+9.0525750E-03,+11.4488192E-03,-47.0108181E-03,+91.6439735E-03
+9.0528687E-03,+11.3705723E-03,-47.2246532E-03,+91.6409665E-03
+9.0531625E-03,+9.9678606E-03,-47.3165355E-03,+91.6269336E-03
+9.0534562E-03,+8.0472269E-03,-47.1945826E-03,+91.6453100E-03
+9.0537500E-03,+6.5738393E-03,-47.0893356E-03,+91.6382935E-03
+9.0540437E-03,+6.2734210E-03,-47.2380179E-03,+91.6518253E-03
+9.0543375E-03,+7.8347583E-03,-47.1812179E-03,+91.6553335E-03
+9.0546312E-03,+10.2476973E-03,-47.1595003E-03,+91.6518253E-03
+9.0549250E-03,+11.6907269E-03,-47.1461356E-03,+91.6553335E-03
+9.0552187E-03,+11.2987939E-03,-47.1728650E-03,+91.6453100E-03
+9.0555125E-03,+10.7236475E-03,-46.9456652E-03,+91.6339500E-03
+9.0558062E-03,+9.4825752E-03,-46.9239475E-03,+91.6361218E-03
+9.0561000E-03,+7.8141031E-03,-46.9105828E-03,+91.6439735E-03
+9.0563937E-03,+7.3835795E-03,-47.1327709E-03,+91.6474818E-03
+9.0566875E-03,+7.5993926E-03,-47.3516178E-03,+91.6439735E-03
+9.0569812E-03,+9.0441496E-03,-47.1595003E-03,+91.6496535E-03
+9.0572750E-03,+10.7057856E-03,-47.0809827E-03,+91.6474818E-03
+9.0575687E-03,+10.4517862E-03,-47.0024651E-03,+91.6418018E-03
+9.0578625E-03,+9.7275333E-03,-46.9891004E-03,+91.6439735E-03
+9.0581562E-03,+8.9132358E-03,-47.1678532E-03,+91.6496535E-03
+9.0584500E-03,+8.3435289E-03,-47.3165355E-03,+91.6453100E-03
+9.0587437E-03,+8.3502546E-03,-47.1728650E-03,+91.6404653E-03
+9.0590375E-03,+8.7048467E-03,-47.0108181E-03,+91.6553335E-03
+9.0593312E-03,+9.6321227E-03,-47.1377827E-03,+91.6496535E-03
+9.0596250E-03,+11.4781848E-03,-47.0459004E-03,+91.6474818E-03
+9.0599187E-03,+11.6211537E-03,-47.1678532E-03,+91.6418018E-03
+9.0602125E-03,+10.9747434E-03,-47.3382531E-03,+91.6461453E-03
+9.0605062E-03,+9.3522126E-03,-47.2513826E-03,+91.6575053E-03
+9.0608000E-03,+7.5850957E-03,-47.0024651E-03,+91.6575053E-03
+9.0610937E-03,+7.2366046E-03,-47.0976886E-03,+91.6509900E-03
+9.0613875E-03,+7.5912702E-03,-47.4301354E-03,+91.6339500E-03
+9.0616812E-03,+9.5236281E-03,-47.3031708E-03,+91.6361218E-03
+9.0619750E-03,+10.8694463E-03,-47.3081825E-03,+91.6418018E-03
+9.0622687E-03,+11.1119053E-03,-47.0459004E-03,+91.6439735E-03
+9.0625625E-03,+9.2255253E-03,-47.1461356E-03,+91.6496535E-03
+9.0628562E-03,+7.9737211E-03,-47.3466060E-03,+91.6518253E-03
+9.0631500E-03,+6.4916231E-03,-47.4435001E-03,+91.6575053E-03
+9.0634437E-03,+5.9642555E-03,-47.1678532E-03,+91.6531618E-03
+9.0637375E-03,+6.9792974E-03,-47.2948178E-03,+91.6439735E-03
+9.0640312E-03,+9.4921676E-03,-47.2246532E-03,+91.6496535E-03
+9.0643250E-03,+11.5437152E-03,-47.2731002E-03,+91.6474818E-03
+9.0646187E-03,+12.0950457E-03,-47.0809827E-03,+91.6418018E-03
+9.0649125E-03,+11.3175011E-03,-47.1110533E-03,+91.6439735E-03
+9.0652062E-03,+10.0397861E-03,-47.2731002E-03,+91.6496535E-03
+9.0655000E-03,+8.7146598E-03,-47.1027003E-03,+91.6453100E-03
+9.0657937E-03,+8.0894192E-03,-47.0375475E-03,+91.6361218E-03
+9.0660875E-03,+8.2852387E-03,-46.9323005E-03,+91.6439735E-03
+9.0663812E-03,+10.1825711E-03,-47.1027003E-03,+91.6496535E-03
+9.0666750E-03,+11.7379912E-03,-47.1461356E-03,+91.6431383E-03
+9.0669687E-03,+10.8006816E-03,-47.2163003E-03,+91.6304418E-03
+9.0672625E-03,+9.4241748E-03,-47.1678532E-03,+91.6461453E-03
+9.0675562E-03,+8.1408733E-03,-47.1862297E-03,+91.6553335E-03
+9.0678500E-03,+6.7314358E-03,-46.9406534E-03,+91.6431383E-03
+9.0681437E-03,+6.2436512E-03,-47.1645121E-03,+91.6282700E-03
+9.0684375E-03,+7.0012389E-03,-46.8621358E-03,+91.6404653E-03
+9.0687312E-03,+8.6195432E-03,-47.1728650E-03,+91.6531618E-03
+9.0690250E-03,+10.7029924E-03,-46.9456652E-03,+91.6418018E-03
+9.0693187E-03,+11.3568634E-03,-47.0325357E-03,+91.6418018E-03
+9.0696125E-03,+10.9276629E-03,-47.3248884E-03,+91.6374583E-03
+9.0699062E-03,+9.1754311E-03,-47.4301354E-03,+91.6326136E-03
+9.0702000E-03,+7.6173280E-03,-47.2597355E-03,+91.6474818E-03
+9.0704937E-03,+7.3470104E-03,-47.2814531E-03,+91.6461453E-03
+9.0707875E-03,+7.8313402E-03,-47.2731002E-03,+91.6553335E-03
+9.0710812E-03,+10.0626831E-03,-47.2330061E-03,+91.6518253E-03
+9.0713750E-03,+11.6495636E-03,-47.5520882E-03,+91.6531618E-03
+9.0716687E-03,+12.5859911E-03,-47.3649825E-03,+91.6439735E-03
+9.0719625E-03,+11.3522694E-03,-46.9807475E-03,+91.6539971E-03
+9.0722562E-03,+9.3068227E-03,-46.9323005E-03,+91.6566700E-03
+9.0725500E-03,+7.5073266E-03,-47.1461356E-03,+91.6339500E-03
+9.0728437E-03,+7.0774277E-03,-47.2163003E-03,+91.6382935E-03
+9.0731375E-03,+7.6885184E-03,-47.1027003E-03,+91.6431383E-03
+9.0734312E-03,+8.6005052E-03,-47.1461356E-03,+91.6304418E-03
+9.0737250E-03,+10.9213047E-03,-47.1728650E-03,+91.6439735E-03
+9.0740187E-03,+11.6989963E-03,-47.0759709E-03,+91.6453100E-03
+9.0743125E-03,+11.6673521E-03,-47.3299002E-03,+91.6361218E-03
+9.0746062E-03,+9.8683705E-03,-47.2112885E-03,+91.6439735E-03
+9.0749000E-03,+8.4100516E-03,-47.3867001E-03,+91.6453100E-03
+9.0751937E-03,+7.7905445E-03,-47.1461356E-03,+91.6361218E-03
+9.0754875E-03,+8.3372073E-03,-47.2597355E-03,+91.6418018E-03
+9.0757812E-03,+9.3226632E-03,-47.2597355E-03,+91.6374583E-03
+9.0760750E-03,+10.7490070E-03,-47.3248884E-03,+91.6326136E-03
+9.0763687E-03,+11.3095625E-03,-47.4084178E-03,+91.6474818E-03
+9.0766625E-03,+10.5275340E-03,-47.1160650E-03,+91.6461453E-03
+9.0769562E-03,+9.1722336E-03,-46.9673828E-03,+91.6553335E-03
+9.0772500E-03,+7.7483889E-03,-47.0676180E-03,+91.6453100E-03
+9.0775437E-03,+7.1746025E-03,-47.1160650E-03,+91.6382935E-03
+9.0778375E-03,+7.1890463E-03,-46.9891004E-03,+91.6474818E-03
+9.0781312E-03,+9.1836269E-03,-47.1461356E-03,+91.6352865E-03
+9.0784250E-03,+10.5628903E-03,-47.2380179E-03,+91.6247618E-03
+9.0787187E-03,+11.1219388E-03,-47.1160650E-03,+91.6418018E-03
+9.0790125E-03,+10.5290041E-03,-46.9891004E-03,+91.6461453E-03
+9.0793062E-03,+9.2190568E-03,-47.1678532E-03,+91.6575053E-03
+9.0796000E-03,+8.1176455E-03,-47.2513826E-03,+91.6575053E-03
+9.0798937E-03,+7.1901489E-03,-47.0676180E-03,+91.6553335E-03
+9.0801875E-03,+7.1567405E-03,-47.1812179E-03,+91.6474818E-03
+9.0804812E-03,+9.1102681E-03,-47.2029356E-03,+91.6418018E-03
+9.0807750E-03,+11.3614943E-03,-47.1728650E-03,+91.6418018E-03
+9.0810687E-03,+11.7948479E-03,-46.9891004E-03,+91.6374583E-03
+9.0813625E-03,+11.9932769E-03,-47.1027003E-03,+91.6326136E-03
+9.0816562E-03,+10.7651783E-03,-47.1027003E-03,+91.6431383E-03
+9.0819500E-03,+9.0838061E-03,-47.1895709E-03,+91.6304418E-03
+9.0822437E-03,+7.6489723E-03,-47.3733354E-03,+91.6439735E-03
+9.0825375E-03,+7.6345284E-03,-47.2597355E-03,+91.6474818E-03
+9.0828312E-03,+9.0159234E-03,-47.1511474E-03,+91.6461453E-03
+9.0831250E-03,+10.8503715E-03,-46.9323005E-03,+91.6553335E-03
+9.0834187E-03,+11.0741233E-03,-47.0809827E-03,+91.6518253E-03
+9.0837125E-03,+10.6983983E-03,-47.0241828E-03,+91.6531618E-03
+9.0840062E-03,+10.2696755E-03,-46.9155946E-03,+91.6439735E-03
+9.0843000E-03,+8.9706071E-03,-46.8053359E-03,+91.6431383E-03
+9.0845937E-03,+8.0907791E-03,-47.1945826E-03,+91.6304418E-03
+9.0848875E-03,+7.2554956E-03,-47.1327709E-03,+91.6461453E-03
+9.0851812E-03,+8.1809707E-03,-47.3516178E-03,+91.6531618E-03
+9.0854750E-03,+10.2675438E-03,-47.1812179E-03,+91.6461453E-03
+9.0857687E-03,+11.0390610E-03,-47.2463708E-03,+91.6466465E-03
+9.0860625E-03,+10.5878823E-03,-47.3733354E-03,+91.6247618E-03
+9.0863562E-03,+9.0770803E-03,-47.2814531E-03,+91.6396300E-03
+9.0866500E-03,+7.3476352E-03,-47.2731002E-03,+91.6426371E-03
+9.0869437E-03,+6.0486402E-03,-47.1895709E-03,+91.6610135E-03
+9.0872375E-03,+6.0418777E-03,-47.3081825E-03,+91.6431383E-03
+9.0875312E-03,+7.1372615E-03,-46.9807475E-03,+91.6282700E-03
+9.0878250E-03,+9.2067078E-03,-46.9105828E-03,+91.6339500E-03
+9.0881187E-03,+10.6205923E-03,-47.0024651E-03,+91.6382935E-03
+9.0884125E-03,+11.2838722E-03,-46.9022299E-03,+91.6496535E-03
+9.0887062E-03,+9.1782978E-03,-46.9406534E-03,+91.6496535E-03
+9.0890000E-03,+7.6137630E-03,-47.2948178E-03,+91.6453100E-03
+9.0892937E-03,+7.5019606E-03,-47.1377827E-03,+91.6361218E-03
+9.0895875E-03,+8.7879083E-03,-47.0676180E-03,+91.6461453E-03
+9.0898812E-03,+9.8457674E-03,-47.1377827E-03,+91.6509900E-03
+9.0901750E-03,+11.7094341E-03,-47.1327709E-03,+91.6382935E-03
+9.0904687E-03,+12.6679501E-03,-47.3081825E-03,+91.6474818E-03
+9.0907625E-03,+12.7616701E-03,-47.0459004E-03,+91.6461453E-03
+9.0910562E-03,+11.2846440E-03,-47.1027003E-03,+91.6553335E-03
+9.0913500E-03,+9.3122254E-03,-47.0809827E-03,+91.6474818E-03
+9.0916437E-03,+7.9541318E-03,-47.1110533E-03,+91.6396300E-03
+9.0919375E-03,+7.6147921E-03,-47.2079473E-03,+91.6382935E-03
+9.0922312E-03,+8.4856524E-03,-46.9105828E-03,+91.6496535E-03
+9.0925250E-03,+9.8144907E-03,-47.0241828E-03,+91.6409665E-03
+9.0928187E-03,+10.8097963E-03,-46.9590299E-03,+91.6312771E-03
+9.0931125E-03,+11.0346139E-03,-46.8103476E-03,+91.6523265E-03
+9.0934062E-03,+10.0663952E-03,-46.9974534E-03,+91.6269336E-03
+9.0937000E-03,+8.7694952E-03,-47.2513826E-03,+91.6453100E-03
+9.0939937E-03,+6.5190775E-03,-47.0241828E-03,+91.6361218E-03
+9.0942875E-03,+6.9270716E-03,-47.0241828E-03,+91.6418018E-03
+9.0945812E-03,+8.4906507E-03,-46.9807475E-03,+91.6461453E-03
+9.0948750E-03,+10.0747381E-03,-46.9105828E-03,+91.6618488E-03
+9.0951687E-03,+11.1176387E-03,-47.0893356E-03,+91.6666935E-03
+9.0954625E-03,+11.2870329E-03,-47.2380179E-03,+91.6496535E-03
+9.0957562E-03,+10.1059046E-03,-47.2246532E-03,+91.6496535E-03
+9.0960500E-03,+8.7264942E-03,-47.2948178E-03,+91.6431383E-03
+9.0963437E-03,+7.1879805E-03,-47.1812179E-03,+91.6326136E-03
+9.0966375E-03,+6.5726632E-03,-47.2463708E-03,+91.6561688E-03
+9.0969312E-03,+7.9163130E-03,-47.3733354E-03,+91.6688653E-03
+9.0972250E-03,+8.7371893E-03,-47.1294297E-03,+91.6509900E-03
+9.0975187E-03,+10.0668362E-03,-46.8537829E-03,+91.6339500E-03
+9.0978125E-03,+10.2604873E-03,-47.0459004E-03,+91.6317783E-03
+9.0981062E-03,+9.6220525E-03,-47.0158298E-03,+91.6304418E-03
+9.0984000E-03,+8.6339871E-03,-46.8320653E-03,+91.6526606E-03
+9.0986937E-03,+7.7202362E-03,-46.9239475E-03,+91.6702018E-03
+9.0989875E-03,+8.0082320E-03,-46.8888652E-03,+91.6439735E-03
+9.0992812E-03,+8.2420541E-03,-47.0108181E-03,+91.6453100E-03
+9.0995750E-03,+8.9927323E-03,-47.2029356E-03,+91.6361218E-03
+9.0998687E-03,+9.8821896E-03,-47.2163003E-03,+91.6461453E-03
+9.1001625E-03,+10.0543402E-03,-47.1461356E-03,+91.6531618E-03
+9.1004562E-03,+10.3109858E-03,-47.1294297E-03,+91.6396300E-03
+9.1007500E-03,+9.1720498E-03,-46.8755005E-03,+91.6382935E-03
+9.1010437E-03,+8.4160056E-03,-47.1027003E-03,+91.6453100E-03
+9.1013375E-03,+8.3856844E-03,-47.0592651E-03,+91.6361218E-03
+9.1016312E-03,+9.2447838E-03,-47.0325357E-03,+91.6439735E-03
+9.1019250E-03,+10.3864763E-03,-47.1294297E-03,+91.6496535E-03
+9.1022187E-03,+12.1129444E-03,-46.8972181E-03,+91.6496535E-03
+9.1025125E-03,+12.2327589E-03,-47.1160650E-03,+91.6474818E-03
+9.1028062E-03,+11.2562340E-03,-47.0108181E-03,+91.6374583E-03
+9.1031000E-03,+9.8952001E-03,-47.1595003E-03,+91.6304418E-03
+9.1033937E-03,+9.1166999E-03,-47.1678532E-03,+91.6396300E-03
+9.1036875E-03,+9.2470992E-03,-47.2731002E-03,+91.6339500E-03
+9.1039812E-03,+9.8831451E-03,-47.0592651E-03,+91.6339500E-03
+9.1042750E-03,+10.7809453E-03,-47.0108181E-03,+91.6339500E-03
+9.1045687E-03,+10.3902618E-03,-47.1812179E-03,+91.6404653E-03
+9.1048625E-03,+10.1845558E-03,-47.1812179E-03,+91.6553335E-03
+9.1051562E-03,+9.0785136E-03,-47.2029356E-03,+91.6518253E-03
+9.1054500E-03,+8.0959612E-03,-47.2814531E-03,+91.6575053E-03
+9.1057437E-03,+7.4243018E-03,-47.2948178E-03,+91.6553335E-03
+9.1060375E-03,+7.3412769E-03,-47.1377827E-03,+91.6561688E-03
+9.1063312E-03,+8.3789954E-03,-47.1110533E-03,+91.6666935E-03
+9.1066250E-03,+9.0644372E-03,-47.2079473E-03,+91.6474818E-03
+9.1069187E-03,+9.4871325E-03,-46.9540181E-03,+91.6461453E-03
+9.1072125E-03,+9.6681038E-03,-47.1160650E-03,+91.6596771E-03
+9.1075062E-03,+9.9983655E-03,-46.9891004E-03,+91.6544982E-03
+9.1078000E-03,+9.2528327E-03,-47.1461356E-03,+91.6326136E-03
+9.1080937E-03,+8.2708684E-03,-47.1511474E-03,+91.6561688E-03
+9.1083875E-03,+7.7264107E-03,-46.8888652E-03,+91.6666935E-03
+9.1086812E-03,+8.7784996E-03,-47.0542533E-03,+91.6453100E-03
+9.1089750E-03,+9.1925211E-03,-47.3165355E-03,+91.6404653E-03
+9.1092687E-03,+9.4854419E-03,-47.2163003E-03,+91.6596771E-03
+9.1095625E-03,+9.6000007E-03,-47.1027003E-03,+91.6631853E-03
+9.1098562E-03,+9.9814224E-03,-47.0809827E-03,+91.6509900E-03
+9.1101500E-03,+9.0829975E-03,-47.0024651E-03,+91.6404653E-03
+9.1104437E-03,+7.9171951E-03,-46.9673828E-03,+91.6575053E-03
+9.1107375E-03,+7.8589784E-03,-47.0459004E-03,+91.6531618E-03
+9.1110312E-03,+8.5953965E-03,-47.1027003E-03,+91.6461453E-03
+9.1113250E-03,+10.4152538E-03,-47.1027003E-03,+91.6509900E-03
+9.1116187E-03,+11.2600930E-03,-47.0809827E-03,+91.6317783E-03
+9.1119125E-03,+11.3602447E-03,-47.0893356E-03,+91.6326136E-03
+9.1122062E-03,+10.7659501E-03,-47.3466060E-03,+91.6518253E-03
+9.1125000E-03,+9.5990084E-03,-47.4869353E-03,+91.6640206E-03
+9.1127937E-03,+9.4518865E-03,-47.2597355E-03,+91.6767170E-03
+9.1130875E-03,+9.1144947E-03,-47.2597355E-03,+91.6610135E-03
+9.1133812E-03,+8.3712038E-03,-47.1945826E-03,+91.6518253E-03
+9.1136750E-03,+8.8556439E-03,-47.0241828E-03,+91.6575053E-03
+9.1139687E-03,+10.4198112E-03,-47.0676180E-03,+91.6553335E-03
+9.1142625E-03,+10.7870095E-03,-47.1595003E-03,+91.6518253E-03
+9.1145562E-03,+10.5501738E-03,-47.1027003E-03,+91.6531618E-03
+9.1148500E-03,+9.9028815E-03,-47.0809827E-03,+91.6483171E-03
+9.1151437E-03,+8.9746499E-03,-47.0893356E-03,+91.6653571E-03
+9.1154375E-03,+8.4548167E-03,-47.1945826E-03,+91.6566700E-03
+9.1157312E-03,+8.8501310E-03,-47.0024651E-03,+91.6339500E-03
+9.1160250E-03,+9.2736348E-03,-47.0325357E-03,+91.6361218E-03
+9.1163187E-03,+10.2104666E-03,-47.1945826E-03,+91.6461453E-03
+9.1166125E-03,+10.7208910E-03,-47.0024651E-03,+91.6531618E-03
+9.1169062E-03,+10.3189244E-03,-47.0325357E-03,+91.6439735E-03
+9.1172000E-03,+9.4575464E-03,-47.1945826E-03,+91.6453100E-03
+9.1174937E-03,+8.9594709E-03,-47.0676180E-03,+91.6361218E-03
+9.1177875E-03,+7.7948079E-03,-47.1377827E-03,+91.6396300E-03
+9.1180812E-03,+7.5032838E-03,-47.1327709E-03,+91.6382935E-03
+9.1183750E-03,+8.3282029E-03,-47.2647473E-03,+91.6474818E-03
+9.1186687E-03,+9.4877573E-03,-46.9105828E-03,+91.6483171E-03
+9.1189625E-03,+9.7661239E-03,-46.9807475E-03,+91.6588418E-03
+9.1192562E-03,+9.6672585E-03,-46.8888652E-03,+91.6439735E-03
+9.1195500E-03,+8.8325631E-03,-46.9673828E-03,+91.6496535E-03
+9.1198437E-03,+8.1854546E-03,-47.0459004E-03,+91.6583406E-03
+9.1201375E-03,+8.8178620E-03,-47.1895709E-03,+91.6745453E-03
+9.1204312E-03,+8.9240044E-03,-47.3516178E-03,+91.6553335E-03
+9.1207250E-03,+9.5044799E-03,-47.1160650E-03,+91.6453100E-03
+9.1210187E-03,+9.6309466E-03,-47.0542533E-03,+91.6404653E-03
+9.1213125E-03,+10.3890122E-03,-47.3165355E-03,+91.6553335E-03
+9.1216062E-03,+10.6359551E-03,-47.1945826E-03,+91.6496535E-03
+9.1219000E-03,+10.2410818E-03,-47.0893356E-03,+91.6453100E-03
+9.1221937E-03,+9.1151563E-03,-47.1945826E-03,+91.6361218E-03
+9.1224875E-03,+8.2912295E-03,-47.1110533E-03,+91.6461453E-03
+9.1227812E-03,+8.3702115E-03,-47.2948178E-03,+91.6553335E-03
+9.1230750E-03,+8.9041578E-03,-47.0943474E-03,+91.6518253E-03
+9.1233687E-03,+9.7134569E-03,-46.8671476E-03,+91.6531618E-03
+9.1236625E-03,+9.5559707E-03,-46.9323005E-03,+91.6418018E-03
+9.1239562E-03,+10.5435950E-03,-47.0158298E-03,+91.6396300E-03
+9.1242500E-03,+10.0156762E-03,-46.9189358E-03,+91.6382935E-03
+9.1245437E-03,+9.1469843E-03,-47.2380179E-03,+91.6496535E-03
+9.1248375E-03,+8.5840032E-03,-47.1812179E-03,+91.6518253E-03
+9.1251312E-03,+7.8997374E-03,-47.2029356E-03,+91.6575053E-03
+9.1254250E-03,+8.2104833E-03,-47.1728650E-03,+91.6596771E-03
+9.1257187E-03,+8.8958149E-03,-46.9456652E-03,+91.6631853E-03
+9.1260125E-03,+9.6606430E-03,-47.0759709E-03,+91.6575053E-03
+9.1263062E-03,+10.6006355E-03,-47.3299002E-03,+91.6596771E-03
+9.1266000E-03,+10.5836189E-03,-47.1027003E-03,+91.6588418E-03
+9.1268937E-03,+9.7912996E-03,-47.1461356E-03,+91.6483171E-03
+9.1271875E-03,+9.2509215E-03,-47.2163003E-03,+91.6588418E-03
+9.1274812E-03,+8.9023937E-03,-47.0592651E-03,+91.6483171E-03
+9.1277750E-03,+8.3449622E-03,-47.0325357E-03,+91.6588418E-03
+9.1280687E-03,+9.1624940E-03,-47.2380179E-03,+91.6439735E-03
+9.1283625E-03,+9.6434059E-03,-47.1812179E-03,+91.6496535E-03
+9.1286562E-03,+9.5368959E-03,-47.1377827E-03,+91.6474818E-03
+9.1289500E-03,+10.5896096E-03,-46.9807475E-03,+91.6418018E-03
+9.1292437E-03,+10.3462319E-03,-46.9540181E-03,+91.6418018E-03
+9.1295375E-03,+9.5797499E-03,-47.2029356E-03,+91.6439735E-03
+9.1298312E-03,+8.8355401E-03,-47.2380179E-03,+91.6518253E-03
+9.1301250E-03,+8.3531949E-03,-47.2029356E-03,+91.6575053E-03
+9.1304187E-03,+8.4855054E-03,-47.1945826E-03,+91.6553335E-03
+9.1307125E-03,+8.7677310E-03,-47.1110533E-03,+91.6518253E-03
+9.1310062E-03,+9.1284241E-03,-47.3165355E-03,+91.6553335E-03
+9.1313000E-03,+9.8767501E-03,-47.1728650E-03,+91.6474818E-03
+9.1315937E-03,+10.1665469E-03,-46.9673828E-03,+91.6396300E-03
+9.1318875E-03,+10.2120837E-03,-47.1327709E-03,+91.6339500E-03
+9.1321812E-03,+10.0294585E-03,-47.4167707E-03,+91.6382935E-03
+9.1324750E-03,+8.4570954E-03,-47.2864649E-03,+91.6539971E-03
+9.1327687E-03,+8.9048193E-03,-46.9456652E-03,+91.6610135E-03
+9.1330625E-03,+9.4151703E-03,-46.9022299E-03,+91.6474818E-03
+9.1333562E-03,+8.8519686E-03,-46.9623710E-03,+91.6396300E-03
+9.1336500E-03,+9.9203391E-03,-47.3299002E-03,+91.6361218E-03
+9.1339437E-03,+10.0441964E-03,-47.1461356E-03,+91.6418018E-03
+9.1342375E-03,+9.2775306E-03,-47.1511474E-03,+91.6439735E-03
+9.1345312E-03,+9.3344977E-03,-46.9757357E-03,+91.6496535E-03
+9.1348250E-03,+8.8705289E-03,-47.2163003E-03,+91.6387947E-03
+9.1351187E-03,+8.7329995E-03,-47.1027003E-03,+91.6147383E-03
+9.1354125E-03,+9.4714023E-03,-47.1244180E-03,+91.6304418E-03
+9.1357062E-03,+9.3723899E-03,-47.1160650E-03,+91.6418018E-03
+9.1360000E-03,+9.9834438E-03,-46.9891004E-03,+91.6396300E-03
+9.1362937E-03,+9.9010438E-03,-47.1461356E-03,+91.6382935E-03
+9.1365875E-03,+10.3845284E-03,-47.1945826E-03,+91.6453100E-03
+9.1368812E-03,+10.1334325E-03,-47.1110533E-03,+91.6361218E-03
+9.1371750E-03,+9.7746873E-03,-47.3165355E-03,+91.6418018E-03
+9.1374687E-03,+8.7270088E-03,-47.3031708E-03,+91.6483171E-03
+9.1377625E-03,+7.8146177E-03,-47.3081825E-03,+91.6610135E-03
+9.1380562E-03,+8.7001056E-03,-47.0459004E-03,+91.6518253E-03
+9.1383500E-03,+9.7232332E-03,-47.1244180E-03,+91.6531618E-03
+9.1386437E-03,+9.2285390E-03,-47.2680884E-03,+91.6418018E-03
+9.1389375E-03,+8.7847843E-03,-47.4301354E-03,+91.6396300E-03
+9.1392312E-03,+9.7101124E-03,-47.1945826E-03,+91.6296065E-03
+9.1395250E-03,+9.8194524E-03,-47.0676180E-03,+91.6247618E-03
+9.1398187E-03,+9.1054903E-03,-47.1377827E-03,+91.6439735E-03
+9.1401125E-03,+8.7780218E-03,-47.0459004E-03,+91.6496535E-03
+9.1404062E-03,+8.3216976E-03,-47.1027003E-03,+91.6496535E-03
+9.1407000E-03,+8.6289520E-03,-47.1678532E-03,+91.6474818E-03
+9.1409937E-03,+9.0742135E-03,-47.3382531E-03,+91.6439735E-03
+9.1412875E-03,+8.3779296E-03,-47.2948178E-03,+91.6453100E-03
+9.1415812E-03,+8.4691135E-03,-47.1812179E-03,+91.6361218E-03
+9.1418750E-03,+9.5345438E-03,-47.1595003E-03,+91.6439735E-03
+9.1421687E-03,+9.2143524E-03,-47.1027003E-03,+91.6431383E-03
+9.1424625E-03,+8.9561264E-03,-47.0809827E-03,+91.6282700E-03
+9.1427562E-03,+8.8663390E-03,-47.0241828E-03,+91.6382935E-03
+9.1430500E-03,+9.2161533E-03,-47.0459004E-03,+91.6453100E-03
+9.1433437E-03,+9.0968166E-03,-47.1244180E-03,+91.6426371E-03
+9.1436375E-03,+8.8075711E-03,-47.2029356E-03,+91.6631853E-03
+9.1439312E-03,+8.5675011E-03,-47.2163003E-03,+91.6488182E-03
+9.1442250E-03,+9.5443200E-03,-47.0592651E-03,+91.6326136E-03
+9.1445187E-03,+9.5705984E-03,-46.9891004E-03,+91.6583406E-03
+9.1448125E-03,+9.2760973E-03,-47.1244180E-03,+91.6723735E-03
+9.1451062E-03,+9.3794832E-03,-47.1377827E-03,+91.6453100E-03
+9.1454000E-03,+9.6047786E-03,-47.1110533E-03,+91.6426371E-03
+9.1456937E-03,+10.4265370E-03,-47.2296650E-03,+91.6588418E-03
+9.1459875E-03,+9.8546984E-03,-47.0759709E-03,+91.6439735E-03
+9.1462812E-03,+9.4200584E-03,-47.2213120E-03,+91.6431383E-03
+9.1465750E-03,+9.3670607E-03,-46.8187006E-03,+91.6260983E-03
+9.1468687E-03,+9.5854098E-03,-47.1678532E-03,+91.6326136E-03
+9.1471625E-03,+9.4833102E-03,-47.2296650E-03,+91.6453100E-03
+9.1474562E-03,+9.0743605E-03,-47.0108181E-03,+91.6382935E-03
+9.1477500E-03,+8.7572196E-03,-47.1595003E-03,+91.6496535E-03
+9.1480437E-03,+9.2444530E-03,-47.1461356E-03,+91.6474818E-03
+9.1483375E-03,+9.1777832E-03,-47.1511474E-03,+91.6418018E-03
+9.1486312E-03,+9.4982319E-03,-46.8888652E-03,+91.6418018E-03
+9.1489250E-03,+9.3801080E-03,-47.0325357E-03,+91.6396300E-03
+9.1492187E-03,+9.3163417E-03,-47.1945826E-03,+91.6382935E-03
+9.1495125E-03,+9.0904951E-03,-47.0893356E-03,+91.6496535E-03
+9.1498062E-03,+8.6863233E-03,-47.1728650E-03,+91.6474818E-03
+9.1501000E-03,+8.0711530E-03,-47.0325357E-03,+91.6418018E-03
+9.1503937E-03,+8.2166578E-03,-47.2597355E-03,+91.6418018E-03
+9.1506875E-03,+9.0141960E-03,-47.1945826E-03,+91.6461453E-03
+9.1509812E-03,+9.3192452E-03,-47.0459004E-03,+91.6553335E-03
+9.1512750E-03,+9.4292467E-03,-47.1461356E-03,+91.6539971E-03
+9.1515687E-03,+9.0384897E-03,-47.1945826E-03,+91.6675288E-03
+9.1518625E-03,+9.5212760E-03,-47.0893356E-03,+91.6688653E-03
+9.1521562E-03,+9.0781828E-03,-47.2163003E-03,+91.6575053E-03
+9.1524500E-03,+8.9865211E-03,-47.1027003E-03,+91.6488182E-03
+9.1527437E-03,+8.2306239E-03,-47.0375475E-03,+91.6304418E-03
+9.1530375E-03,+8.7219736E-03,-46.9540181E-03,+91.6396300E-03
+9.1533312E-03,+9.3693027E-03,-47.1812179E-03,+91.6339500E-03
+9.1536250E-03,+9.3513305E-03,-47.1377827E-03,+91.6426371E-03
+9.1539187E-03,+8.7655625E-03,-47.0459004E-03,+91.6544982E-03
+9.1542125E-03,+9.6032717E-03,-47.1244180E-03,+91.6282700E-03
+9.1545062E-03,+9.5394687E-03,-47.1812179E-03,+91.6274347E-03
+9.1548000E-03,+9.0658706E-03,-47.1812179E-03,+91.6125665E-03
+9.1550937E-03,+8.7311251E-03,-47.2463708E-03,+91.6247618E-03
+9.1553875E-03,+8.9888732E-03,-47.2430297E-03,+91.6396300E-03
+9.1556812E-03,+10.3094789E-03,-46.8537829E-03,+91.6426371E-03
+9.1559750E-03,+9.9048294E-03,-47.0241828E-03,+91.6566700E-03
+9.1562687E-03,+9.8878128E-03,-47.0676180E-03,+91.6404653E-03
+9.1565625E-03,+9.0640330E-03,-47.1595003E-03,+91.6553335E-03
+9.1568562E-03,+8.8666698E-03,-47.1678532E-03,+91.6474818E-03
+9.1571500E-03,+9.2589704E-03,-47.2948178E-03,+91.6418018E-03
+9.1574437E-03,+9.3385037E-03,-47.2029356E-03,+91.6439735E-03
+9.1577375E-03,+10.3260545E-03,-47.2163003E-03,+91.6474818E-03
+9.1580312E-03,+10.6121392E-03,-47.1461356E-03,+91.6504888E-03
+9.1583250E-03,+9.9413985E-03,-47.1728650E-03,+91.6666935E-03
+9.1586187E-03,+9.4937480E-03,-47.0108181E-03,+91.6474818E-03
+9.1589125E-03,+8.5857306E-03,-47.1812179E-03,+91.6439735E-03
+9.1592062E-03,+8.1225336E-03,-47.1160650E-03,+91.6496535E-03
+9.1595000E-03,+8.2494046E-03,-47.0325357E-03,+91.6453100E-03
+9.1597937E-03,+8.5380988E-03,-47.1945826E-03,+91.6339500E-03
+9.1600875E-03,+9.2233568E-03,-46.9590299E-03,+91.6361218E-03
+9.1603812E-03,+9.9831866E-03,-46.8537829E-03,+91.6439735E-03
+9.1606750E-03,+9.8765296E-03,-47.0893356E-03,+91.6453100E-03
+9.1609687E-03,+9.5560810E-03,-47.2163003E-03,+91.6339500E-03
+9.1612625E-03,+9.6313142E-03,-47.0809827E-03,+91.6361218E-03
+9.1615562E-03,+8.6002479E-03,-47.0676180E-03,+91.6461453E-03
+9.1618500E-03,+8.8086737E-03,-47.1377827E-03,+91.6640206E-03
+9.1621437E-03,+8.3062981E-03,-47.0241828E-03,+91.6702018E-03
+9.1624375E-03,+9.1036894E-03,-46.9590299E-03,+91.6418018E-03
+9.1627312E-03,+9.2795153E-03,-46.8972181E-03,+91.6418018E-03
+9.1630250E-03,+8.5737123E-03,-47.1160650E-03,+91.6439735E-03
+9.1633187E-03,+8.7367850E-03,-46.9891004E-03,+91.6518253E-03
+9.1636125E-03,+8.2982125E-03,-47.1244180E-03,+91.6575053E-03
+9.1639062E-03,+7.9224507E-03,-47.1812179E-03,+91.6553335E-03
+9.1642000E-03,+8.0261307E-03,-47.1160650E-03,+91.6496535E-03
+9.1644937E-03,+8.8540268E-03,-46.9673828E-03,+91.6518253E-03
+9.1647875E-03,+9.8515744E-03,-47.0893356E-03,+91.6596771E-03
+9.1650812E-03,+11.2852320E-03,-47.2163003E-03,+91.6610135E-03
+9.1653750E-03,+10.2766218E-03,-47.0809827E-03,+91.6539971E-03
+9.1656687E-03,+9.6122762E-03,-47.0459004E-03,+91.6675288E-03
+9.1659625E-03,+9.5339925E-03,-47.0809827E-03,+91.6666935E-03
+9.1662562E-03,+8.5427296E-03,-46.9807475E-03,+91.6518253E-03
+9.1665500E-03,+8.5764688E-03,-46.9540181E-03,+91.6531618E-03
+9.1668437E-03,+9.3686043E-03,-47.1812179E-03,+91.6439735E-03
+9.1671375E-03,+10.2468520E-03,-47.2029356E-03,+91.6496535E-03
+9.1674312E-03,+11.0440227E-03,-47.1945826E-03,+91.6518253E-03
+9.1677250E-03,+10.1853276E-03,-47.0459004E-03,+91.6553335E-03
+9.1680187E-03,+8.8319383E-03,-47.1244180E-03,+91.6496535E-03
+9.1683125E-03,+8.4027378E-03,-47.1377827E-03,+91.6518253E-03
+9.1686062E-03,+8.5488674E-03,-47.0241828E-03,+91.6531618E-03
+9.1689000E-03,+9.3488680E-03,-46.9590299E-03,+91.6396300E-03
+9.1691937E-03,+9.3920527E-03,-46.7669124E-03,+91.6404653E-03
+9.1694875E-03,+10.3422258E-03,-46.7752653E-03,+91.6553335E-03
+9.1697812E-03,+10.2269319E-03,-46.9891004E-03,+91.6496535E-03
+9.1700750E-03,+9.9763873E-03,-47.1244180E-03,+91.6496535E-03
+9.1703687E-03,+9.5821020E-03,-47.1595003E-03,+91.6496535E-03
+9.1706625E-03,+8.5418108E-03,-47.0592651E-03,+91.6453100E-03
+9.1709562E-03,+7.7679782E-03,-46.9891004E-03,+91.6361218E-03
+9.1712500E-03,+8.4665041E-03,-47.1461356E-03,+91.6439735E-03
+9.1715437E-03,+8.6533192E-03,-47.2380179E-03,+91.6431383E-03
+9.1718375E-03,+9.6464564E-03,-47.1377827E-03,+91.6347853E-03
+9.1721312E-03,+10.9187320E-03,-47.0241828E-03,+91.6509900E-03
+9.1724250E-03,+10.5131268E-03,-47.1110533E-03,+91.6296065E-03
+9.1727187E-03,+9.4098779E-03,-47.2079473E-03,+91.6204183E-03
+9.1730125E-03,+8.0776215E-03,-46.9974534E-03,+91.6304418E-03
+9.1733062E-03,+7.3030906E-03,-47.2948178E-03,+91.6439735E-03
+9.1736000E-03,+7.7186926E-03,-47.1595003E-03,+91.6496535E-03
+9.1738937E-03,+7.9394306E-03,-47.0809827E-03,+91.6518253E-03
+9.1741875E-03,+9.5265316E-03,-47.0676180E-03,+91.6531618E-03
+9.1744812E-03,+10.3068327E-03,-47.1160650E-03,+91.6418018E-03
+9.1747750E-03,+11.3273141E-03,-46.8370770E-03,+91.6396300E-03
+9.1750687E-03,+10.9732733E-03,-46.7051006E-03,+91.6382935E-03
+9.1753625E-03,+9.2422111E-03,-47.0592651E-03,+91.6496535E-03
+9.1756562E-03,+8.2401429E-03,-47.0325357E-03,+91.6518253E-03
+9.1759500E-03,+7.7958002E-03,-47.1728650E-03,+91.6509900E-03
+9.1762437E-03,+8.5004638E-03,-47.0325357E-03,+91.6361218E-03
+9.1765375E-03,+9.4329587E-03,-47.1945826E-03,+91.6418018E-03
+9.1768312E-03,+10.2299089E-03,-47.0024651E-03,+91.6461453E-03
+9.1771250E-03,+11.1360152E-03,-46.9891004E-03,+91.6531618E-03
+9.1774187E-03,+10.5231236E-03,-47.0592651E-03,+91.6418018E-03
+9.1777125E-03,+9.1406260E-03,-47.0325357E-03,+91.6396300E-03
+9.1780062E-03,+8.3764962E-03,-47.2380179E-03,+91.6404653E-03
+9.1783000E-03,+8.0710060E-03,-47.2463708E-03,+91.6553335E-03
+9.1785937E-03,+7.6546690E-03,-47.3299002E-03,+91.6518253E-03
+9.1788875E-03,+8.7469656E-03,-47.1895709E-03,+91.6575053E-03
+9.1791812E-03,+10.2641258E-03,-47.2864649E-03,+91.6531618E-03
+9.1794750E-03,+10.7625688E-03,-46.9673828E-03,+91.6418018E-03
+9.1797687E-03,+10.6122862E-03,-47.0459004E-03,+91.6483171E-03
+9.1800625E-03,+8.9943495E-03,-47.1027003E-03,+91.6631853E-03
+9.1803562E-03,+8.3641840E-03,-47.1461356E-03,+91.6488182E-03
+9.1806500E-03,+8.3927778E-03,-47.2597355E-03,+91.6282700E-03
+9.1809437E-03,+8.2351813E-03,-47.2597355E-03,+91.6361218E-03
+9.1812375E-03,+9.6862965E-03,-47.2380179E-03,+91.6439735E-03
+9.1815312E-03,+11.1373383E-03,-47.1812179E-03,+91.6518253E-03
+9.1818250E-03,+12.0697230E-03,-47.1377827E-03,+91.6575053E-03
+9.1821187E-03,+10.7178406E-03,-47.0024651E-03,+91.6596771E-03
+9.1824125E-03,+9.3211931E-03,-47.0108181E-03,+91.6523265E-03
+9.1827062E-03,+8.2352180E-03,-47.1595003E-03,+91.6204183E-03
+9.1830000E-03,+7.1571081E-03,-47.1678532E-03,+91.6326136E-03
+9.1832937E-03,+6.9158252E-03,-47.1862297E-03,+91.6539971E-03
+9.1835875E-03,+8.2240084E-03,-46.8755005E-03,+91.6610135E-03
+9.1838812E-03,+9.2184687E-03,-47.1678532E-03,+91.6474818E-03
+9.1841750E-03,+10.8278420E-03,-47.3382531E-03,+91.6418018E-03
+9.1844687E-03,+10.3260545E-03,-47.3165355E-03,+91.6418018E-03
+9.1847625E-03,+8.6804428E-03,-47.2163003E-03,+91.6439735E-03
+9.1850562E-03,+8.8764829E-03,-47.1244180E-03,+91.6474818E-03
+9.1853500E-03,+8.0120544E-03,-47.1160650E-03,+91.6418018E-03
+9.1856437E-03,+7.2003662E-03,-47.0325357E-03,+91.6461453E-03
+9.1859375E-03,+8.9672993E-03,-47.2597355E-03,+91.6553335E-03
+9.1862312E-03,+10.3571475E-03,-47.2380179E-03,+91.6431383E-03
+9.1865250E-03,+11.1410136E-03,-47.1812179E-03,+91.6304418E-03
+9.1868187E-03,+11.0096219E-03,-47.1595003E-03,+91.6396300E-03
+9.1871125E-03,+9.2325451E-03,-47.1244180E-03,+91.6382935E-03
+9.1874062E-03,+7.9745664E-03,-47.2680884E-03,+91.6496535E-03
+9.1877000E-03,+7.5108916E-03,-47.4518530E-03,+91.6496535E-03
+9.1879937E-03,+7.7077770E-03,-47.2513826E-03,+91.6453100E-03
+9.1882875E-03,+8.4533466E-03,-47.1327709E-03,+91.6382935E-03
+9.1885812E-03,+9.4564070E-03,-47.3299002E-03,+91.6496535E-03
+9.1888750E-03,+10.7249706E-03,-47.1244180E-03,+91.6496535E-03
+9.1891687E-03,+10.7137977E-03,-47.1812179E-03,+91.6496535E-03
+9.1894625E-03,+9.8779262E-03,-47.1160650E-03,+91.6518253E-03
+9.1897562E-03,+8.3711303E-03,-46.9456652E-03,+91.6444747E-03
+9.1900500E-03,+7.8435055E-03,-47.0108181E-03,+91.6190818E-03
+9.1903437E-03,+8.2082781E-03,-47.0943474E-03,+91.6418018E-03
+9.1906375E-03,+9.6133420E-03,-46.9974534E-03,+91.6418018E-03
+9.1909312E-03,+10.3548688E-03,-47.3816884E-03,+91.6461453E-03
+9.1912250E-03,+11.6647793E-03,-47.3867001E-03,+91.6553335E-03
+9.1915187E-03,+11.8796369E-03,-47.1461356E-03,+91.6496535E-03
+9.1918125E-03,+10.4456852E-03,-47.2814531E-03,+91.6431383E-03
+9.1921062E-03,+8.8493225E-03,-47.2513826E-03,+91.6260983E-03
+9.1924000E-03,+7.9128582E-03,-47.0676180E-03,+91.6369571E-03
+9.1926937E-03,+7.6266265E-03,-47.1377827E-03,+91.6610135E-03
+9.1929875E-03,+8.1527077E-03,-47.0676180E-03,+91.6518253E-03
+9.1932812E-03,+9.4286219E-03,-47.1377827E-03,+91.6531618E-03
+9.1935750E-03,+9.5793823E-03,-47.0024651E-03,+91.6439735E-03
+9.1938687E-03,+10.7151208E-03,-46.9891004E-03,+91.6474818E-03
+9.1941625E-03,+10.0561044E-03,-47.1027003E-03,+91.6418018E-03
+9.1944562E-03,+9.0785504E-03,-47.0592651E-03,+91.6418018E-03
+9.1947500E-03,+8.8127533E-03,-46.9891004E-03,+91.6439735E-03
+9.1950437E-03,+8.6368906E-03,-47.1461356E-03,+91.6518253E-03
+9.1953375E-03,+8.6569577E-03,-47.2163003E-03,+91.6531618E-03
+9.1956312E-03,+9.3316677E-03,-47.0375475E-03,+91.6418018E-03
+9.1959250E-03,+10.1601151E-03,-46.8671476E-03,+91.6352865E-03
+9.1962187E-03,+10.7406641E-03,-46.8671476E-03,+91.6225900E-03
+9.1965125E-03,+10.4717431E-03,-46.9105828E-03,+91.6382935E-03
+9.1968062E-03,+9.4918736E-03,-47.0676180E-03,+91.6539971E-03
+9.1971000E-03,+9.3316677E-03,-47.1377827E-03,+91.6610135E-03
+9.1973937E-03,+8.5476913E-03,-47.0459004E-03,+91.6431383E-03
+9.1976875E-03,+9.3078518E-03,-47.0809827E-03,+91.6347853E-03
+9.1979812E-03,+9.3349387E-03,-47.0459004E-03,+91.6531618E-03
+9.1982750E-03,+9.9690367E-03,-47.0809827E-03,+91.6418018E-03
+9.1985687E-03,+10.9776469E-03,-46.9590299E-03,+91.6461453E-03
+9.1988625E-03,+9.8982138E-03,-46.8320653E-03,+91.6553335E-03
+9.1991562E-03,+9.3066757E-03,-47.0325357E-03,+91.6474818E-03
+9.1994500E-03,+7.9941557E-03,-47.2814531E-03,+91.6461453E-03
+9.1997437E-03,+8.2626357E-03,-47.2948178E-03,+91.6531618E-03
+9.2000375E-03,+8.7227454E-03,-47.1812179E-03,+91.6352865E-03
+9.2003312E-03,+10.0051280E-03,-47.1595003E-03,+91.6312771E-03
+9.2006250E-03,+10.8323626E-03,-47.0158298E-03,+91.6588418E-03
+9.2009187E-03,+10.6855348E-03,-46.8320653E-03,+91.6418018E-03
+9.2012125E-03,+9.9196408E-03,-46.9673828E-03,+91.6418018E-03
+9.2015062E-03,+9.8501778E-03,-47.0459004E-03,+91.6396300E-03
+9.2018000E-03,+8.9799791E-03,-47.1678532E-03,+91.6382935E-03
+9.2020937E-03,+8.0395088E-03,-47.2513826E-03,+91.6474818E-03
+9.2023875E-03,+7.7269620E-03,-47.0024651E-03,+91.6418018E-03
+9.2026812E-03,+9.2359998E-03,-46.9891004E-03,+91.6439735E-03
+9.2029750E-03,+10.7394880E-03,-47.0809827E-03,+91.6496535E-03
+9.2032687E-03,+10.7751016E-03,-47.0893356E-03,+91.6518253E-03
+9.2035625E-03,+10.2060930E-03,-47.2597355E-03,+91.6531618E-03
+9.2038562E-03,+9.1690728E-03,-47.1294297E-03,+91.6396300E-03
+9.2041500E-03,+7.9304996E-03,-46.9189358E-03,+91.6382935E-03
+9.2044437E-03,+7.4146357E-03,-47.1945826E-03,+91.6518253E-03
+9.2047375E-03,+7.3474147E-03,-46.9155946E-03,+91.6509900E-03
+9.2050312E-03,+6.9935943E-03,-46.7401830E-03,+91.6382935E-03
+9.2053250E-03,+8.9513118E-03,-47.0459004E-03,+91.6518253E-03
+9.2056187E-03,+10.3952235E-03,-47.1461356E-03,+91.6531618E-03
+9.2059125E-03,+10.7165542E-03,-47.2163003E-03,+91.6418018E-03
+9.2062062E-03,+9.9142749E-03,-47.1461356E-03,+91.6418018E-03
+9.2065000E-03,+8.7662609E-03,-47.2814531E-03,+91.6439735E-03
+9.2067937E-03,+7.4384884E-03,-47.3165355E-03,+91.6453100E-03
+9.2070875E-03,+7.4255146E-03,-47.1294297E-03,+91.6404653E-03
+9.2073812E-03,+8.3814211E-03,-46.8537829E-03,+91.6575053E-03
+9.2076750E-03,+10.0996933E-03,-47.0893356E-03,+91.6618488E-03
+9.2079687E-03,+11.1254671E-03,-47.1728650E-03,+91.6645218E-03
+9.2082625E-03,+12.2310315E-03,-47.0325357E-03,+91.6439735E-03
+9.2085562E-03,+11.0698967E-03,-47.1511474E-03,+91.6518253E-03
+9.2088500E-03,+8.3758347E-03,-46.8454299E-03,+91.6531618E-03
+9.2091437E-03,+7.3360580E-03,-46.8103476E-03,+91.6461453E-03
+9.2094375E-03,+7.4188256E-03,-46.9323005E-03,+91.6553335E-03
+9.2097312E-03,+8.4890704E-03,-47.0592651E-03,+91.6496535E-03
+9.2100250E-03,+10.5729238E-03,-46.9673828E-03,+91.6474818E-03
+9.2103187E-03,+11.7910624E-03,-47.0676180E-03,+91.6396300E-03
+9.2106125E-03,+11.8738299E-03,-47.2029356E-03,+91.6361218E-03
+9.2109062E-03,+9.8904590E-03,-47.2380179E-03,+91.6418018E-03
+9.2112000E-03,+7.2927998E-03,-47.1595003E-03,+91.6439735E-03
+9.2114937E-03,+6.2463341E-03,-47.0809827E-03,+91.6518253E-03
+9.2117875E-03,+6.8016339E-03,-47.0241828E-03,+91.6575053E-03
+9.2120812E-03,+8.3527906E-03,-47.0893356E-03,+91.6553335E-03
+9.2123750E-03,+10.1706631E-03,-47.1945826E-03,+91.6496535E-03
+9.2126687E-03,+11.9946735E-03,-47.0893356E-03,+91.6539971E-03
+9.2129625E-03,+11.2412756E-03,-47.2380179E-03,+91.6697006E-03
+9.2132562E-03,+9.8725603E-03,-47.1595003E-03,+91.6745453E-03
+9.2135500E-03,+8.0183391E-03,-47.0809827E-03,+91.6488182E-03
+9.2138437E-03,+7.0977521E-03,-47.0893356E-03,+91.6282700E-03
+9.2141375E-03,+7.1213842E-03,-47.1945826E-03,+91.6404653E-03
+9.2144312E-03,+8.7568521E-03,-47.0676180E-03,+91.6553335E-03
+9.2147250E-03,+10.3234818E-03,-47.1160650E-03,+91.6496535E-03
+9.2150187E-03,+11.5661345E-03,-46.9022299E-03,+91.6474818E-03
+9.2153125E-03,+12.3494494E-03,-46.9406534E-03,+91.6439735E-03
+9.2156062E-03,+10.6871886E-03,-47.2731002E-03,+91.6496535E-03
+9.2159000E-03,+8.6056874E-03,-47.0809827E-03,+91.6474818E-03
+9.2161937E-03,+7.6845859E-03,-47.0676180E-03,+91.6418018E-03
+9.2164875E-03,+7.4341148E-03,-47.1377827E-03,+91.6461453E-03
+9.2167812E-03,+8.2725957E-03,-47.0024651E-03,+91.6553335E-03
+9.2170750E-03,+10.3205783E-03,-46.9673828E-03,+91.6431383E-03
+9.2173687E-03,+11.9313115E-03,-47.0893356E-03,+91.6282700E-03
+9.2176625E-03,+11.5241627E-03,-47.1945826E-03,+91.6361218E-03
+9.2179562E-03,+9.7994220E-03,-47.0459004E-03,+91.6418018E-03
+9.2182500E-03,+8.3838836E-03,-47.1244180E-03,+91.6374583E-03
+9.2185437E-03,+7.3705322E-03,-47.1377827E-03,+91.6304418E-03
+9.2188375E-03,+6.6669345E-03,-47.0459004E-03,+91.6396300E-03
+9.2191312E-03,+7.4364669E-03,-47.0809827E-03,+91.6361218E-03
+9.2194250E-03,+9.2581251E-03,-47.1327709E-03,+91.6418018E-03
+9.2197187E-03,+10.5113994E-03,-47.3733354E-03,+91.6439735E-03
+9.2200125E-03,+10.4596513E-03,-47.2163003E-03,+91.6453100E-03
+9.2203062E-03,+9.3036987E-03,-47.1027003E-03,+91.6382935E-03
+9.2206000E-03,+8.0477782E-03,-47.0592651E-03,+91.6474818E-03
+9.2208937E-03,+8.0396190E-03,-47.0759709E-03,+91.6396300E-03
+9.2211875E-03,+7.5703946E-03,-47.3950531E-03,+91.6382935E-03
+9.2214812E-03,+7.4273890E-03,-47.2296650E-03,+91.6474818E-03
+9.2217750E-03,+9.0146003E-03,-47.0542533E-03,+91.6396300E-03
+9.2220687E-03,+10.1874225E-03,-47.2731002E-03,+91.6361218E-03
+9.2223625E-03,+11.6914252E-03,-47.1027003E-03,+91.6461453E-03
+9.2226562E-03,+11.3613106E-03,-47.1244180E-03,+91.6553335E-03
+9.2229500E-03,+9.5890116E-03,-47.1812179E-03,+91.6474818E-03
+9.2232437E-03,+8.3459546E-03,-47.1812179E-03,+91.6461453E-03
+9.2235375E-03,+7.9949642E-03,-47.1812179E-03,+91.6531618E-03
+9.2238312E-03,+8.5324388E-03,-47.1595003E-03,+91.6374583E-03
+9.2241250E-03,+10.4312781E-03,-47.1244180E-03,+91.6282700E-03
+9.2244187E-03,+11.8973150E-03,-47.1160650E-03,+91.6426371E-03
+9.2247125E-03,+12.2753555E-03,-46.9239475E-03,+91.6610135E-03
+9.2250062E-03,+10.7047565E-03,-46.9323005E-03,+91.6474818E-03
+9.2253000E-03,+9.4186986E-03,-47.1027003E-03,+91.6396300E-03
+9.2255937E-03,+7.7065641E-03,-47.1244180E-03,+91.6317783E-03
+9.2258875E-03,+6.9392735E-03,-47.1160650E-03,+91.6282700E-03
+9.2261812E-03,+7.8397199E-03,-47.0108181E-03,+91.6382935E-03
+9.2264750E-03,+8.4564705E-03,-47.1595003E-03,+91.6496535E-03
+9.2267687E-03,+9.5443935E-03,-47.2112885E-03,+91.6518253E-03
+9.2270625E-03,+10.3303546E-03,-47.4301354E-03,+91.6553335E-03
+9.2273562E-03,+10.0704012E-03,-47.1945826E-03,+91.6518253E-03
+9.2276500E-03,+9.2808752E-03,-47.0459004E-03,+91.6553335E-03
+9.2279437E-03,+9.0202970E-03,-47.1678532E-03,+91.6474818E-03
+9.2282375E-03,+8.1226806E-03,-47.2079473E-03,+91.6504888E-03
+9.2285312E-03,+8.6032984E-03,-47.0191710E-03,+91.6688653E-03
+9.2288250E-03,+9.6048153E-03,-47.3299002E-03,+91.6553335E-03
+9.2291187E-03,+10.5226458E-03,-47.0375475E-03,+91.6518253E-03
+9.2294125E-03,+11.0272633E-03,-46.9323005E-03,+91.6531618E-03
+9.2297062E-03,+11.6382070E-03,-47.1244180E-03,+91.6461453E-03
+9.2300000E-03,+10.6344115E-03,-47.1812179E-03,+91.6509900E-03
+9.2302937E-03,+8.9203291E-03,-47.2246532E-03,+91.6404653E-03
+9.2305875E-03,+7.3666364E-03,-47.3382531E-03,+91.6553335E-03
+9.2308812E-03,+6.9018958E-03,-47.2731002E-03,+91.6518253E-03
+9.2311750E-03,+7.8888218E-03,-47.1678532E-03,+91.6596771E-03
+9.2314687E-03,+10.5402137E-03,-47.3382531E-03,+91.6610135E-03
+9.2317625E-03,+11.4961938E-03,-47.2731002E-03,+91.6518253E-03
+9.2320562E-03,+10.2833844E-03,-47.1244180E-03,+91.6575053E-03
+9.2323500E-03,+8.9030552E-03,-47.1812179E-03,+91.6575053E-03
+9.2326437E-03,+7.2319370E-03,-47.1812179E-03,+91.6596771E-03
+9.2329375E-03,+6.7316931E-03,-47.2680884E-03,+91.6566700E-03
+9.2332312E-03,+6.7746572E-03,-47.3215472E-03,+91.6404653E-03
+9.2335250E-03,+8.4181740E-03,-46.9540181E-03,+91.6488182E-03
+9.2338187E-03,+10.7510284E-03,-47.2029356E-03,+91.6304418E-03
+9.2341125E-03,+12.4119661E-03,-47.2597355E-03,+91.6418018E-03
+9.2344062E-03,+12.4555918E-03,-47.1728650E-03,+91.6483171E-03
+9.2347000E-03,+11.1069069E-03,-46.9891004E-03,+91.6566700E-03
+9.2349937E-03,+8.7202095E-03,-47.0592651E-03,+91.6361218E-03
+9.2352875E-03,+7.2483288E-03,-47.0108181E-03,+91.6439735E-03
+9.2355812E-03,+7.2218299E-03,-47.1595003E-03,+91.6474818E-03
+9.2358750E-03,+8.6817659E-03,-47.1461356E-03,+91.6439735E-03
+9.2361687E-03,+10.3950765E-03,-47.1728650E-03,+91.6518253E-03
+9.2364625E-03,+11.2656060E-03,-46.9673828E-03,+91.6575053E-03
+9.2367562E-03,+11.8918021E-03,-47.0241828E-03,+91.6553335E-03
+9.2370500E-03,+10.3478122E-03,-47.0676180E-03,+91.6453100E-03
+9.2373437E-03,+8.1231217E-03,-47.1595003E-03,+91.6339500E-03
+9.2376375E-03,+6.9599654E-03,-47.1244180E-03,+91.6361218E-03
+9.2379312E-03,+7.1933832E-03,-47.1812179E-03,+91.6483171E-03
+9.2382250E-03,+7.9066470E-03,-47.2029356E-03,+91.6610135E-03
+9.2385187E-03,+9.7264307E-03,-47.2380179E-03,+91.6474818E-03
+9.2388125E-03,+11.3573412E-03,-47.0943474E-03,+91.6439735E-03
+9.2391062E-03,+12.0142996E-03,-46.9540181E-03,+91.6453100E-03
+9.2394000E-03,+10.3730983E-03,-47.2029356E-03,+91.6361218E-03
+9.2396937E-03,+8.3432716E-03,-47.2380179E-03,+91.6418018E-03
+9.2399875E-03,+7.7114155E-03,-47.1595003E-03,+91.6374583E-03
+9.2402812E-03,+7.8278120E-03,-46.9723946E-03,+91.6304418E-03
+9.2405750E-03,+8.4959432E-03,-46.8270535E-03,+91.6439735E-03
+9.2408687E-03,+10.2214189E-03,-47.3165355E-03,+91.6453100E-03
+9.2411625E-03,+12.1579299E-03,-47.1945826E-03,+91.6382935E-03
+9.2414562E-03,+12.2234972E-03,-47.0676180E-03,+91.6474818E-03
+9.2417500E-03,+10.3209459E-03,-47.1812179E-03,+91.6396300E-03
+9.2420437E-03,+8.5345338E-03,-47.2246532E-03,+91.6317783E-03
+9.2423375E-03,+7.6006422E-03,-47.2296650E-03,+91.6304418E-03
+9.2426312E-03,+7.9332193E-03,-46.9673828E-03,+91.6504888E-03
+9.2429250E-03,+8.8510498E-03,-47.0893356E-03,+91.6666935E-03
+9.2432187E-03,+10.2927196E-03,-47.2163003E-03,+91.6518253E-03
+9.2435125E-03,+11.1030478E-03,-47.0809827E-03,+91.6488182E-03
+9.2438062E-03,+11.0959178E-03,-47.0893356E-03,+91.6304418E-03
+9.2441000E-03,+9.9061892E-03,-47.2597355E-03,+91.6374583E-03
+9.2443937E-03,+8.5495289E-03,-47.2163003E-03,+91.6304418E-03
+9.2446875E-03,+8.0419712E-03,-47.0592651E-03,+91.6439735E-03
+9.2449812E-03,+6.9882284E-03,-46.9673828E-03,+91.6453100E-03
+9.2452750E-03,+7.8349053E-03,-47.0459004E-03,+91.6404653E-03
+9.2455687E-03,+8.5771671E-03,-47.1461356E-03,+91.6531618E-03
+9.2458625E-03,+9.5579921E-03,-47.2163003E-03,+91.6396300E-03
+9.2461562E-03,+9.8950531E-03,-47.1027003E-03,+91.6339500E-03
+9.2464500E-03,+8.2719709E-03,-47.1244180E-03,+91.6382935E-03
+9.2467437E-03,+7.5202269E-03,-47.1812179E-03,+91.6474818E-03
+9.2470375E-03,+6.8275447E-03,-47.2246532E-03,+91.6352865E-03
+9.2473312E-03,+7.6834098E-03,-47.3816884E-03,+91.6247618E-03
+9.2476250E-03,+9.1309600E-03,-47.3649825E-03,+91.6439735E-03
+9.2479187E-03,+11.2467885E-03,-47.0459004E-03,+91.6474818E-03
+9.2482125E-03,+11.9587659E-03,-47.0809827E-03,+91.6352865E-03
+9.2485062E-03,+11.0935656E-03,-47.0241828E-03,+91.6291053E-03
+9.2488000E-03,+10.0200130E-03,-47.0024651E-03,+91.6531618E-03
+9.2490937E-03,+9.6782844E-03,-47.0108181E-03,+91.6396300E-03
+9.2493875E-03,+9.2479813E-03,-47.1595003E-03,+91.6361218E-03
+9.2496812E-03,+7.9964711E-03,-47.1027003E-03,+91.6461453E-03
+9.2499750E-03,+8.3746586E-03,-47.0375475E-03,+91.6596771E-03
+9.2502687E-03,+9.7891679E-03,-46.9323005E-03,+91.6566700E-03
+9.2505625E-03,+10.7567251E-03,-47.1895709E-03,+91.6382935E-03
+9.2508562E-03,+10.3244374E-03,-47.3299002E-03,+91.6474818E-03
+9.2511500E-03,+9.5784268E-03,-47.1027003E-03,+91.6352865E-03
+9.2514437E-03,+8.4731931E-03,-47.0592651E-03,+91.6269336E-03
+9.2517375E-03,+8.0952997E-03,-47.0108181E-03,+91.6453100E-03
+9.2520312E-03,+7.9766245E-03,-47.0943474E-03,+91.6404653E-03
+9.2523250E-03,+8.6813616E-03,-46.9974534E-03,+91.6553335E-03
+9.2526187E-03,+10.5674844E-03,-47.2948178E-03,+91.6474818E-03
+9.2529125E-03,+10.8845517E-03,-47.1812179E-03,+91.6396300E-03
+9.2532062E-03,+11.4864542E-03,-47.1812179E-03,+91.6317783E-03
+9.2535000E-03,+10.5138619E-03,-47.1595003E-03,+91.6282700E-03
+9.2537937E-03,+9.1512844E-03,-47.1895709E-03,+91.6361218E-03
+9.2540875E-03,+8.2330128E-03,-47.3299002E-03,+91.6418018E-03
+9.2543812E-03,+8.3428305E-03,-47.0592651E-03,+91.6439735E-03
+9.2546750E-03,+8.8944918E-03,-47.0976886E-03,+91.6453100E-03
+9.2549687E-03,+9.6595404E-03,-47.4084178E-03,+91.6361218E-03
+9.2552625E-03,+9.7730334E-03,-47.1160650E-03,+91.6396300E-03
+9.2555562E-03,+9.8782570E-03,-46.9891004E-03,+91.6339500E-03
+9.2558500E-03,+10.0001664E-03,-47.1678532E-03,+91.6382935E-03
+9.2561437E-03,+8.9770021E-03,-47.2079473E-03,+91.6474818E-03
+9.2564375E-03,+7.5263278E-03,-46.9974534E-03,+91.6396300E-03
+9.2567312E-03,+7.3350289E-03,-47.2731002E-03,+91.6296065E-03
+9.2570250E-03,+9.2000923E-03,-47.1244180E-03,+91.6204183E-03
+9.2573187E-03,+8.8727708E-03,-47.2029356E-03,+91.6326136E-03
+9.2576125E-03,+8.6846694E-03,-47.2163003E-03,+91.6474818E-03
+9.2579062E-03,+8.8296596E-03,-47.1461356E-03,+91.6396300E-03
+9.2582000E-03,+9.0692519E-03,-47.2814531E-03,+91.6448088E-03
+9.2584937E-03,+8.4330590E-03,-47.3165355E-03,+91.6688653E-03
+9.2587875E-03,+7.2909622E-03,-47.2380179E-03,+91.6509900E-03
+9.2590812E-03,+7.8518116E-03,-47.1160650E-03,+91.6296065E-03
+9.2593750E-03,+8.3111863E-03,-47.0108181E-03,+91.6247618E-03
+9.2596687E-03,+9.7132364E-03,-47.2029356E-03,+91.6461453E-03
+9.2599625E-03,+9.3735292E-03,-47.2163003E-03,+91.6575053E-03
+9.2602562E-03,+10.0891820E-03,-47.1244180E-03,+91.6553335E-03
+9.2605500E-03,+10.4974701E-03,-47.1377827E-03,+91.6453100E-03
+9.2608437E-03,+10.1550432E-03,-47.0024651E-03,+91.6317783E-03
+9.2611375E-03,+9.3206051E-03,-46.9891004E-03,+91.6304418E-03
+9.2614312E-03,+9.5364549E-03,-47.1027003E-03,+91.6396300E-03
+9.2617250E-03,+10.1696341E-03,-47.0158298E-03,+91.6317783E-03
+9.2620187E-03,+10.2040348E-03,-46.8972181E-03,+91.6260983E-03
+9.2623125E-03,+9.7296282E-03,-47.1812179E-03,+91.6347853E-03
+9.2626062E-03,+9.5744942E-03,-47.1812179E-03,+91.6509900E-03
+9.2629000E-03,+9.9950210E-03,-47.2246532E-03,+91.6361218E-03
+9.2631937E-03,+9.7380079E-03,-47.3382531E-03,+91.6439735E-03
+9.2634875E-03,+9.8824468E-03,-47.3382531E-03,+91.6474818E-03
+9.2637812E-03,+9.3868338E-03,-47.3599707E-03,+91.6396300E-03
+9.2640750E-03,+8.6917627E-03,-47.3516178E-03,+91.6404653E-03
+9.2643687E-03,+9.2126985E-03,-47.2029356E-03,+91.6488182E-03
+9.2646625E-03,+9.2987371E-03,-47.2814531E-03,+91.6282700E-03
+9.2649562E-03,+9.5069791E-03,-47.3816884E-03,+91.6361218E-03
+9.2652500E-03,+9.1864569E-03,-47.3867001E-03,+91.6461453E-03
+9.2655437E-03,+8.1050024E-03,-47.1678532E-03,+91.6488182E-03
+9.2658375E-03,+8.3793629E-03,-47.3165355E-03,+91.6347853E-03
+9.2661312E-03,+8.8699041E-03,-47.2163003E-03,+91.6531618E-03
+9.2664250E-03,+8.9439980E-03,-47.0809827E-03,+91.6418018E-03
+9.2667187E-03,+8.8156200E-03,-47.0676180E-03,+91.6374583E-03
+9.2670125E-03,+9.3334318E-03,-47.1160650E-03,+91.6282700E-03
+9.2673062E-03,+9.0805350E-03,-47.0108181E-03,+91.6382935E-03
+9.2676000E-03,+8.2995356E-03,-47.1812179E-03,+91.6496535E-03
+9.2678937E-03,+8.1251798E-03,-47.2029356E-03,+91.6496535E-03
+9.2681875E-03,+9.2721280E-03,-47.2814531E-03,+91.6583406E-03
+9.2684812E-03,+9.2983695E-03,-47.2948178E-03,+91.6680300E-03
+9.2687750E-03,+8.8943815E-03,-47.1377827E-03,+91.6317783E-03
+9.2690687E-03,+8.4791839E-03,-46.9807475E-03,+91.6304418E-03
+9.2693625E-03,+8.7751183E-03,-46.9757357E-03,+91.6418018E-03
+9.2696562E-03,+9.7786934E-03,-47.2597355E-03,+91.6374583E-03
+9.2699500E-03,+9.7364643E-03,-47.1945826E-03,+91.6347853E-03
+9.2702437E-03,+9.0908258E-03,-47.0676180E-03,+91.6553335E-03
+9.2705375E-03,+8.7728029E-03,-47.1595003E-03,+91.6431383E-03
+9.2708312E-03,+8.7900768E-03,-47.1678532E-03,+91.6326136E-03
+9.2711250E-03,+8.5086597E-03,-47.2513826E-03,+91.6474818E-03
+9.2714187E-03,+9.2833376E-03,-47.0676180E-03,+91.6439735E-03
+9.2717125E-03,+10.1617690E-03,-47.2246532E-03,+91.6474818E-03
+9.2720062E-03,+10.2949983E-03,-47.2731002E-03,+91.6374583E-03
+9.2723000E-03,+10.2239182E-03,-47.1461356E-03,+91.6304418E-03
+9.2725937E-03,+9.7368685E-03,-47.1728650E-03,+91.6352865E-03
+9.2728875E-03,+9.5424824E-03,-46.9673828E-03,+91.6225900E-03
+9.2731812E-03,+9.4065334E-03,-47.1110533E-03,+91.6404653E-03
+9.2734750E-03,+9.0375341E-03,-47.2731002E-03,+91.6575053E-03
+9.2737687E-03,+9.5371532E-03,-47.0809827E-03,+91.6509900E-03
+9.2740625E-03,+9.7685863E-03,-47.1327709E-03,+91.6382935E-03
+9.2743562E-03,+9.4087018E-03,-47.3081825E-03,+91.6453100E-03
+9.2746500E-03,+9.7470491E-03,-47.1110533E-03,+91.6339500E-03
+9.2749437E-03,+9.3833790E-03,-47.3816884E-03,+91.6361218E-03
+9.2752375E-03,+9.4890436E-03,-47.4518530E-03,+91.6396300E-03
+9.2755312E-03,+9.7568989E-03,-47.3165355E-03,+91.6361218E-03
+9.2758250E-03,+9.2640791E-03,-47.2380179E-03,+91.6418018E-03
+9.2761187E-03,+9.2016726E-03,-47.1377827E-03,+91.6439735E-03
+9.2764125E-03,+8.7411954E-03,-47.0024651E-03,+91.6453100E-03
+9.2767062E-03,+7.9738313E-03,-47.0325357E-03,+91.6339500E-03
+9.2770000E-03,+8.3775620E-03,-47.2814531E-03,+91.6339500E-03
+9.2772937E-03,+9.6629217E-03,-47.3599707E-03,+91.6339500E-03
+9.2775875E-03,+10.5777384E-03,-47.3516178E-03,+91.6382935E-03
+9.2778812E-03,+10.1955082E-03,-47.2029356E-03,+91.6518253E-03
+9.2781750E-03,+9.0633714E-03,-47.2597355E-03,+91.6531618E-03
+9.2784687E-03,+8.4074789E-03,-47.1728650E-03,+91.6461453E-03
+9.2787625E-03,+8.3079888E-03,-46.9673828E-03,+91.6531618E-03
+9.2790562E-03,+8.1017682E-03,-47.1327709E-03,+91.6418018E-03
+9.2793500E-03,+8.9488861E-03,-47.3733354E-03,+91.6439735E-03
+9.2796437E-03,+9.5885338E-03,-47.2380179E-03,+91.6474818E-03
+9.2799375E-03,+9.6757484E-03,-47.2246532E-03,+91.6439735E-03
+9.2802312E-03,+10.1189886E-03,-47.2296650E-03,+91.6474818E-03
+9.2805250E-03,+9.1099741E-03,-47.0108181E-03,+91.6483171E-03
+9.2808187E-03,+9.2802503E-03,-47.2246532E-03,+91.6588418E-03
+9.2811125E-03,+9.3825705E-03,-47.2948178E-03,+91.6396300E-03
+9.2814062E-03,+8.7108742E-03,-47.2463708E-03,+91.6317783E-03
+9.2817000E-03,+8.4987364E-03,-47.3950531E-03,+91.6304418E-03
+9.2819937E-03,+8.7703772E-03,-47.3382531E-03,+91.6439735E-03
+9.2822875E-03,+9.3331745E-03,-47.2948178E-03,+91.6431383E-03
+9.2825812E-03,+9.7563843E-03,-47.1812179E-03,+91.6304418E-03
+9.2828750E-03,+9.6610840E-03,-47.1812179E-03,+91.6461453E-03
+9.2831687E-03,+9.6673688E-03,-47.1595003E-03,+91.6509900E-03
+9.2834625E-03,+9.2518036E-03,-47.1027003E-03,+91.6317783E-03
+9.2837562E-03,+8.6301281E-03,-47.1244180E-03,+91.6347853E-03
+9.2840500E-03,+8.8676254E-03,-47.1812179E-03,+91.6509900E-03
+9.2843437E-03,+8.8919558E-03,-47.2029356E-03,+91.6339500E-03
+9.2846375E-03,+9.2118164E-03,-47.1945826E-03,+91.6361218E-03
+9.2849312E-03,+9.8122488E-03,-47.0893356E-03,+91.6396300E-03
+9.2852250E-03,+9.4019025E-03,-47.2814531E-03,+91.6339500E-03
+9.2855187E-03,+9.3247949E-03,-47.2731002E-03,+91.6317783E-03
+9.2858125E-03,+9.1487117E-03,-47.1027003E-03,+91.6239265E-03
+9.2861062E-03,+8.5139154E-03,-47.0592651E-03,+91.6225900E-03
+9.2864000E-03,+9.2172926E-03,-46.9456652E-03,+91.6404653E-03
+9.2866937E-03,+9.7462038E-03,-47.0108181E-03,+91.6509900E-03
+9.2869875E-03,+9.6975429E-03,-47.2029356E-03,+91.6404653E-03
+9.2872812E-03,+10.0334646E-03,-47.2380179E-03,+91.6466465E-03
+9.2875750E-03,+9.4586122E-03,-47.1812179E-03,+91.6247618E-03
+9.2878687E-03,+8.8116875E-03,-47.2029356E-03,+91.6396300E-03
+9.2881625E-03,+8.4572791E-03,-47.2163003E-03,+91.6382935E-03
+9.2884562E-03,+8.1194464E-03,-47.0809827E-03,+91.6453100E-03
+9.2887500E-03,+7.8820593E-03,-47.1762062E-03,+91.6339500E-03
+9.2890437E-03,+8.6637202E-03,-47.4217825E-03,+91.6404653E-03
+9.2893375E-03,+9.5310522E-03,-47.0024651E-03,+91.6509900E-03
+9.2896312E-03,+10.1315581E-03,-47.0325357E-03,+91.6382935E-03
+9.2899250E-03,+10.3324127E-03,-47.2380179E-03,+91.6496535E-03
+9.2902187E-03,+10.3383667E-03,-47.2029356E-03,+91.6453100E-03
+9.2905125E-03,+9.1378328E-03,-47.1945826E-03,+91.6361218E-03
+9.2908062E-03,+8.7632471E-03,-47.0676180E-03,+91.6461453E-03
+9.2911000E-03,+8.1258046E-03,-47.1812179E-03,+91.6509900E-03
+9.2913937E-03,+8.3753569E-03,-47.2029356E-03,+91.6448088E-03
+9.2916875E-03,+9.2724587E-03,-47.2597355E-03,+91.6666935E-03
+9.2919812E-03,+9.4980849E-03,-47.1945826E-03,+91.6518253E-03
+9.2922750E-03,+9.9386053E-03,-47.0459004E-03,+91.6596771E-03
+9.2925687E-03,+8.8612672E-03,-47.0592651E-03,+91.6544982E-03
+9.2928625E-03,+8.1535898E-03,-47.0542533E-03,+91.6239265E-03
+9.2931562E-03,+7.4387456E-03,-47.3165355E-03,+91.6291053E-03
+9.2934500E-03,+7.6788157E-03,-47.1945826E-03,+91.6531618E-03
+9.2937437E-03,+7.6966408E-03,-47.0241828E-03,+91.6461453E-03
+9.2940375E-03,+8.9573025E-03,-47.0241828E-03,+91.6488182E-03
+9.2943312E-03,+10.6383072E-03,-47.0241828E-03,+91.6326136E-03
+9.2946250E-03,+10.6689959E-03,-47.0676180E-03,+91.6518253E-03
+9.2949187E-03,+9.7185289E-03,-47.2246532E-03,+91.6553335E-03
+9.2952125E-03,+9.0294852E-03,-47.2948178E-03,+91.6518253E-03
+9.2955062E-03,+9.0249279E-03,-47.2680884E-03,+91.6509900E-03
+9.2958000E-03,+8.9205496E-03,-47.4301354E-03,+91.6382935E-03
+9.2960937E-03,+8.7888271E-03,-47.1945826E-03,+91.6539971E-03
+9.2963875E-03,+9.8872615E-03,-47.0024651E-03,+91.6653571E-03
+9.2966812E-03,+10.8464022E-03,-47.0108181E-03,+91.6544982E-03
+9.2969750E-03,+10.8606624E-03,-47.1595003E-03,+91.6282700E-03
+9.2972687E-03,+10.0981497E-03,-47.0375475E-03,+91.6382935E-03
+9.2975625E-03,+10.0254892E-03,-46.8888652E-03,+91.6561688E-03
+9.2978562E-03,+9.0743238E-03,-47.0108181E-03,+91.6645218E-03
+9.2981500E-03,+7.9901496E-03,-47.1160650E-03,+91.6418018E-03
+9.2984437E-03,+7.7695954E-03,-46.9891004E-03,+91.6504888E-03
+9.2987375E-03,+9.2285390E-03,-47.1461356E-03,+91.6623500E-03
+9.2990312E-03,+11.4096774E-03,-47.2163003E-03,+91.6339500E-03
+9.2993250E-03,+10.8304515E-03,-47.0592651E-03,+91.6296065E-03
+9.2996187E-03,+10.4445092E-03,-46.9239475E-03,+91.6291053E-03
+9.2999125E-03,+8.6305691E-03,-46.9105828E-03,+91.6553335E-03
+9.3002062E-03,+7.6880774E-03,-47.0676180E-03,+91.6409665E-03
+9.3005000E-03,+7.7492710E-03,-47.1812179E-03,+91.6291053E-03
+9.3007937E-03,+7.9705603E-03,-47.2246532E-03,+91.6553335E-03
+9.3010875E-03,+9.1619427E-03,-47.3165355E-03,+91.6518253E-03
+9.3013812E-03,+10.6027304E-03,-47.1945826E-03,+91.6596771E-03
+9.3016750E-03,+11.3674483E-03,-47.1327709E-03,+91.6566700E-03
+9.3019687E-03,+10.8630146E-03,-47.4167707E-03,+91.6382935E-03
+9.3022625E-03,+9.3486843E-03,-47.3950531E-03,+91.6453100E-03
+9.3025562E-03,+8.0878756E-03,-47.3382531E-03,+91.6382935E-03
+9.3028500E-03,+8.0209485E-03,-47.3382531E-03,+91.6453100E-03
+9.3031437E-03,+8.1198506E-03,-47.3599707E-03,+91.6404653E-03
+9.3034375E-03,+9.3053526E-03,-47.4384883E-03,+91.6575053E-03
+9.3037312E-03,+10.1371445E-03,-47.4301354E-03,+91.6596771E-03
+9.3040250E-03,+10.5155525E-03,-47.1511474E-03,+91.6653571E-03
+9.3043187E-03,+10.4177530E-03,-46.8888652E-03,+91.6631853E-03
+9.3046125E-03,+8.7187394E-03,-47.0325357E-03,+91.6509900E-03
+9.3049062E-03,+7.9311244E-03,-47.1945826E-03,+91.6361218E-03
+9.3052000E-03,+7.2682856E-03,-47.0459004E-03,+91.6439735E-03
+9.3054937E-03,+8.1139334E-03,-47.1244180E-03,+91.6453100E-03
+9.3057875E-03,+9.6254705E-03,-47.1377827E-03,+91.6339500E-03
+9.3060812E-03,+10.0044297E-03,-47.1544885E-03,+91.6404653E-03
+9.3063750E-03,+10.6898348E-03,-47.3649825E-03,+91.6488182E-03
+9.3066687E-03,+10.2370757E-03,-47.0676180E-03,+91.6260983E-03
+9.3069625E-03,+8.6569210E-03,-47.1595003E-03,+91.6260983E-03
+9.3072562E-03,+7.9486556E-03,-47.1027003E-03,+91.6282700E-03
+9.3075500E-03,+7.7538651E-03,-47.2112885E-03,+91.6339500E-03
+9.3078437E-03,+8.2877747E-03,-47.4518530E-03,+91.6339500E-03
+9.3081375E-03,+9.7967758E-03,-47.2513826E-03,+91.6382935E-03
+9.3084312E-03,+11.4212546E-03,-47.0676180E-03,+91.6431383E-03
+9.3087250E-03,+10.7194944E-03,-47.1595003E-03,+91.6304418E-03
+9.3090187E-03,+10.2477708E-03,-47.1461356E-03,+91.6418018E-03
+9.3093125E-03,+8.8638399E-03,-47.2380179E-03,+91.6483171E-03
+9.3096062E-03,+7.8838602E-03,-47.2029356E-03,+91.6631853E-03
+9.3099000E-03,+7.6636735E-03,-47.2597355E-03,+91.6488182E-03
+9.3101937E-03,+8.9698720E-03,-47.3031708E-03,+91.6326136E-03
+9.3104875E-03,+10.5107746E-03,-47.3516178E-03,+91.6431383E-03
+9.3107812E-03,+11.0351284E-03,-47.1377827E-03,+91.6304418E-03
+9.3110750E-03,+11.3394793E-03,-47.0241828E-03,+91.6439735E-03
+9.3113687E-03,+10.1940380E-03,-47.0241828E-03,+91.6474818E-03
+9.3116625E-03,+10.2013886E-03,-47.0241828E-03,+91.6396300E-03
+9.3119562E-03,+9.3928613E-03,-47.0893356E-03,+91.6361218E-03
+9.3122500E-03,+8.3914914E-03,-47.2597355E-03,+91.6418018E-03
+9.3125437E-03,+9.0238620E-03,-47.3248884E-03,+91.6396300E-03
+9.3128375E-03,+9.9479405E-03,-47.3649825E-03,+91.6361218E-03
+9.3131312E-03,+11.1884616E-03,-47.0893356E-03,+91.6352865E-03
+9.3134250E-03,+11.2347703E-03,-47.3031708E-03,+91.6291053E-03
+9.3137187E-03,+10.2933444E-03,-47.2864649E-03,+91.6531618E-03
+9.3140125E-03,+8.4615425E-03,-46.9891004E-03,+91.6374583E-03
+9.3143062E-03,+7.2095177E-03,-47.1461356E-03,+91.6282700E-03
+9.3146000E-03,+6.4883521E-03,-47.2597355E-03,+91.6339500E-03
+9.3148937E-03,+7.5567592E-03,-47.2380179E-03,+91.6339500E-03
+9.3151875E-03,+9.3123724E-03,-47.1595003E-03,+91.6382935E-03
+9.3154812E-03,+10.6197838E-03,-47.1244180E-03,+91.6453100E-03
+9.3157750E-03,+11.6226238E-03,-47.0943474E-03,+91.6382935E-03
+9.3160687E-03,+11.2592477E-03,-46.9757357E-03,+91.6496535E-03
+9.3163625E-03,+9.8361749E-03,-47.2380179E-03,+91.6453100E-03
+9.3166562E-03,+8.1758621E-03,-47.1812179E-03,+91.6339500E-03
+9.3169500E-03,+7.0204975E-03,-47.1812179E-03,+91.6361218E-03
+9.3172437E-03,+7.4621572E-03,-47.1377827E-03,+91.6439735E-03
+9.3175375E-03,+9.0006342E-03,-46.9807475E-03,+91.6518253E-03
+9.3178312E-03,+10.7085421E-03,-46.9540181E-03,+91.6531618E-03
+9.3181250E-03,+10.5133841E-03,-47.1812179E-03,+91.6418018E-03
+9.3184187E-03,+10.1442011E-03,-47.1595003E-03,+91.6374583E-03
+9.3187125E-03,+9.1890296E-03,-47.0592651E-03,+91.6282700E-03
+9.3190062E-03,+8.3386775E-03,-46.9673828E-03,+91.6361218E-03
+9.3193000E-03,+7.2451681E-03,-47.0024651E-03,+91.6483171E-03
+9.3195937E-03,+7.6859457E-03,-47.0759709E-03,+91.6588418E-03
+9.3198875E-03,+9.6955215E-03,-47.3081825E-03,+91.6396300E-03
+9.3201812E-03,+10.4575197E-03,-47.0024651E-03,+91.6361218E-03
+9.3204750E-03,+11.0543502E-03,-47.0542533E-03,+91.6331147E-03
+9.3207687E-03,+10.9675398E-03,-47.4251236E-03,+91.6147383E-03
+9.3210625E-03,+10.2991514E-03,-47.4568648E-03,+91.6347853E-03
+9.3213562E-03,+8.9816330E-03,-46.9891004E-03,+91.6553335E-03
+9.3216500E-03,+7.5097890E-03,-47.1027003E-03,+91.6496535E-03
+9.3219437E-03,+6.7163304E-03,-47.1461356E-03,+91.6518253E-03
+9.3222375E-03,+7.4195973E-03,-47.2380179E-03,+91.6488182E-03
+9.3225312E-03,+9.4000281E-03,-47.1377827E-03,+91.6282700E-03
+9.3228250E-03,+10.3666664E-03,-47.0024651E-03,+91.6361218E-03
+9.3231187E-03,+11.1686150E-03,-47.0325357E-03,+91.6439735E-03
+9.3234125E-03,+10.0580523E-03,-47.2380179E-03,+91.6496535E-03
+9.3237062E-03,+8.8021317E-03,-47.1812179E-03,+91.6496535E-03
+9.3240000E-03,+7.9496111E-03,-47.2029356E-03,+91.6496535E-03
+9.3242937E-03,+8.1994942E-03,-47.1511474E-03,+91.6431383E-03
+9.3245875E-03,+9.1390456E-03,-46.8888652E-03,+91.6347853E-03
+9.3248812E-03,+10.6876297E-03,-47.0108181E-03,+91.6553335E-03
+9.3251750E-03,+10.4344756E-03,-47.1377827E-03,+91.6539971E-03
+9.3254687E-03,+10.4171282E-03,-47.0459004E-03,+91.6588418E-03
+9.3257625E-03,+10.2191770E-03,-47.1027003E-03,+91.6439735E-03
+9.3260562E-03,+9.4512984E-03,-47.0809827E-03,+91.6431383E-03
+9.3263500E-03,+9.0343734E-03,-47.0024651E-03,+91.6282700E-03
+9.3266437E-03,+8.1021725E-03,-47.0108181E-03,+91.6339500E-03
+9.3269375E-03,+9.0689579E-03,-47.2246532E-03,+91.6426371E-03
+9.3272312E-03,+9.7463508E-03,-47.2731002E-03,+91.6588418E-03
+9.3275250E-03,+10.4683618E-03,-47.0809827E-03,+91.6396300E-03
+9.3278187E-03,+9.6228610E-03,-47.1110533E-03,+91.6339500E-03
+9.3281125E-03,+9.1687420E-03,-47.3382531E-03,+91.6317783E-03
+9.3284062E-03,+8.7736850E-03,-47.2948178E-03,+91.6304418E-03
+9.3287000E-03,+7.6407029E-03,-47.1377827E-03,+91.6396300E-03
+9.3289937E-03,+8.0317172E-03,-46.9807475E-03,+91.6361218E-03
+9.3292875E-03,+7.8490184E-03,-46.9323005E-03,+91.6461453E-03
+9.3295812E-03,+9.7860072E-03,-47.0809827E-03,+91.6509900E-03
+9.3298750E-03,+10.3359043E-03,-47.0241828E-03,+91.6317783E-03
+9.3301687E-03,+10.2737551E-03,-47.1327709E-03,+91.6239265E-03
+9.3304625E-03,+10.2011681E-03,-47.3299002E-03,+91.6204183E-03
+9.3307562E-03,+10.0432776E-03,-47.1244180E-03,+91.6260983E-03
+9.3310500E-03,+8.7773970E-03,-47.1160650E-03,+91.6326136E-03
+9.3313437E-03,+8.6150961E-03,-46.9239475E-03,+91.6431383E-03
+9.3316375E-03,+8.8324528E-03,-46.9323005E-03,+91.6304418E-03
+9.3319312E-03,+10.0087298E-03,-47.0809827E-03,+91.6461453E-03
+9.3322250E-03,+11.0116434E-03,-47.0676180E-03,+91.6531618E-03
+9.3325187E-03,+10.1852908E-03,-47.1377827E-03,+91.6396300E-03
+9.3328125E-03,+10.5010351E-03,-46.9807475E-03,+91.6317783E-03
+9.3331062E-03,+8.5180317E-03,-46.9540181E-03,+91.6282700E-03
+9.3334000E-03,+6.5860046E-03,-47.2246532E-03,+91.6361218E-03
+9.3336937E-03,+6.7343025E-03,-47.2296650E-03,+91.6418018E-03
+9.3339875E-03,+7.6363293E-03,-46.9673828E-03,+91.6396300E-03
+9.3342812E-03,+8.4741487E-03,-47.1110533E-03,+91.6339500E-03
+9.3345750E-03,+9.9921543E-03,-47.2079473E-03,+91.6361218E-03
+9.3348687E-03,+10.2048802E-03,-46.9757357E-03,+91.6439735E-03
+9.3351625E-03,+9.2241287E-03,-47.2597355E-03,+91.6518253E-03
+9.3354562E-03,+8.5243900E-03,-47.2380179E-03,+91.6509900E-03
+9.3357500E-03,+7.5677116E-03,-47.1595003E-03,+91.6404653E-03
+9.3360437E-03,+8.0104372E-03,-47.1244180E-03,+91.6509900E-03
+9.3363375E-03,+9.5864389E-03,-47.1377827E-03,+91.6361218E-03
+9.3366312E-03,+10.5821488E-03,-47.0024651E-03,+91.6374583E-03
+9.3369250E-03,+10.7117028E-03,-46.9456652E-03,+91.6326136E-03
+9.3372187E-03,+10.9987431E-03,-47.0759709E-03,+91.6518253E-03
+9.3375125E-03,+10.7757999E-03,-47.3733354E-03,+91.6531618E-03
+9.3378062E-03,+9.7873671E-03,-47.1728650E-03,+91.6418018E-03
+9.3381000E-03,+7.9519633E-03,-47.0108181E-03,+91.6418018E-03
+9.3383937E-03,+6.9370684E-03,-47.1812179E-03,+91.6418018E-03
+9.3386875E-03,+7.4352174E-03,-47.1377827E-03,+91.6439735E-03
+9.3389812E-03,+8.3633019E-03,-46.9807475E-03,+91.6539971E-03
+9.3392750E-03,+9.8985446E-03,-46.8671476E-03,+91.6566700E-03
+9.3395687E-03,+11.0779823E-03,-46.9540181E-03,+91.6382935E-03
+9.3398625E-03,+11.3357305E-03,-47.0943474E-03,+91.6539971E-03
+9.3401562E-03,+10.6148957E-03,-46.9540181E-03,+91.6588418E-03
+9.3404500E-03,+9.0571969E-03,-47.2463708E-03,+91.6461453E-03
+9.3407437E-03,+7.8665128E-03,-47.3299002E-03,+91.6553335E-03
+9.3410375E-03,+8.5068955E-03,-47.1461356E-03,+91.6431383E-03
+9.3413312E-03,+9.6239268E-03,-47.1945826E-03,+91.6304418E-03
+9.3416250E-03,+10.6253702E-03,-47.0676180E-03,+91.6418018E-03
+9.3419187E-03,+11.5831879E-03,-47.1595003E-03,+91.6418018E-03
+9.3422125E-03,+11.0934186E-03,-47.2330061E-03,+91.6396300E-03
+9.3425062E-03,+10.0485700E-03,-47.4435001E-03,+91.6317783E-03
+9.3428000E-03,+8.6844489E-03,-47.1027003E-03,+91.6347853E-03
+9.3430937E-03,+7.6712813E-03,-47.1027003E-03,+91.6531618E-03
+9.3433875E-03,+7.8757010E-03,-47.1244180E-03,+91.6396300E-03
+9.3436812E-03,+8.7807783E-03,-47.1595003E-03,+91.6426371E-03
+9.3439750E-03,+9.6863333E-03,-47.1027003E-03,+91.6544982E-03
+9.3442687E-03,+10.0263712E-03,-47.1895709E-03,+91.6369571E-03
+9.3445625E-03,+9.5060235E-03,-47.2430297E-03,+91.6631853E-03
+9.3448562E-03,+8.0381489E-03,-46.8755005E-03,+91.6509900E-03
+9.3451500E-03,+7.5773041E-03,-47.1244180E-03,+91.6382935E-03
+9.3454437E-03,+7.6575357E-03,-47.0943474E-03,+91.6518253E-03
+9.3457375E-03,+8.3914546E-03,-46.8888652E-03,+91.6488182E-03
+9.3460312E-03,+9.3666564E-03,-47.0542533E-03,+91.6282700E-03
+9.3463250E-03,+9.9496311E-03,-47.2513826E-03,+91.6317783E-03
+9.3466187E-03,+10.5778487E-03,-47.0893356E-03,+91.6391288E-03
+9.3469125E-03,+9.8351458E-03,-47.1511474E-03,+91.6666935E-03
+9.3472062E-03,+9.4426615E-03,-46.9974534E-03,+91.6431383E-03
+9.3475000E-03,+8.3100470E-03,-47.2731002E-03,+91.6304418E-03
+9.3477937E-03,+7.5365819E-03,-47.0809827E-03,+91.6439735E-03
+9.3480875E-03,+8.2857533E-03,-47.0024651E-03,+91.6431383E-03
+9.3483812E-03,+9.1870817E-03,-47.0108181E-03,+91.6369571E-03
+9.3486750E-03,+10.2043288E-03,-47.1595003E-03,+91.6588418E-03
+9.3489687E-03,+10.4257284E-03,-47.1027003E-03,+91.6439735E-03
+9.3492625E-03,+10.1649665E-03,-47.1027003E-03,+91.6518253E-03
+9.3495562E-03,+9.6455376E-03,-47.0809827E-03,+91.6553335E-03
+9.3498500E-03,+8.5589009E-03,-47.0676180E-03,+91.6453100E-03
+9.3501437E-03,+8.4850643E-03,-47.1812179E-03,+91.6339500E-03
+9.3504375E-03,+8.5972342E-03,-47.2029356E-03,+91.6382935E-03
+9.3507312E-03,+9.7911894E-03,-47.1728650E-03,+91.6474818E-03
+9.3510250E-03,+9.7333403E-03,-46.9022299E-03,+91.6352865E-03
+9.3513187E-03,+10.1186946E-03,-46.8972181E-03,+91.6247618E-03
+9.3516125E-03,+10.0454828E-03,-47.2246532E-03,+91.6461453E-03
+9.3519062E-03,+9.7571562E-03,-47.2731002E-03,+91.6531618E-03
+9.3522000E-03,+8.7553453E-03,-47.0592651E-03,+91.6461453E-03
+9.3524937E-03,+8.2472362E-03,-46.9456652E-03,+91.6509900E-03
+9.3527875E-03,+8.3546650E-03,-46.9673828E-03,+91.6426371E-03
+9.3530812E-03,+9.3895167E-03,-47.0893356E-03,+91.6610135E-03
+9.3533750E-03,+10.6216582E-03,-47.2380179E-03,+91.6496535E-03
+9.3536687E-03,+10.8029235E-03,-47.1812179E-03,+91.6474818E-03
+9.3539625E-03,+10.3373744E-03,-47.2029356E-03,+91.6374583E-03
+9.3542562E-03,+9.7559066E-03,-47.1511474E-03,+91.6347853E-03
+9.3545500E-03,+8.7224146E-03,-46.9757357E-03,+91.6531618E-03
+9.3548437E-03,+8.5598565E-03,-47.1728650E-03,+91.6439735E-03
+9.3551375E-03,+9.1618692E-03,-46.9673828E-03,+91.6474818E-03
+9.3554312E-03,+9.0731109E-03,-47.0459004E-03,+91.6396300E-03
+9.3557250E-03,+9.0145635E-03,-47.1461356E-03,+91.6361218E-03
+9.3560187E-03,+9.4159054E-03,-47.2163003E-03,+91.6418018E-03
+9.3563125E-03,+9.2262971E-03,-47.0809827E-03,+91.6396300E-03
+9.3566062E-03,+8.9858595E-03,-47.0241828E-03,+91.6382935E-03
+9.3569000E-03,+8.4194236E-03,-47.0893356E-03,+91.6518253E-03
+9.3571937E-03,+8.7195847E-03,-47.2163003E-03,+91.6531618E-03
+9.3574875E-03,+9.3505219E-03,-47.1461356E-03,+91.6396300E-03
+9.3577812E-03,+9.3325497E-03,-47.2163003E-03,+91.6317783E-03
+9.3580750E-03,+9.2970465E-03,-47.1895709E-03,+91.6282700E-03
+9.3583687E-03,+8.6546055E-03,-47.3733354E-03,+91.6382935E-03
+9.3586625E-03,+9.6866273E-03,-47.1294297E-03,+91.6453100E-03
+9.3589562E-03,+9.4571789E-03,-46.7886300E-03,+91.6382935E-03
+9.3592500E-03,+9.5914373E-03,-46.9189358E-03,+91.6496535E-03
+9.3595437E-03,+9.2577208E-03,-47.1945826E-03,+91.6453100E-03
+9.3598375E-03,+9.7546570E-03,-47.0893356E-03,+91.6339500E-03
+9.3601312E-03,+9.5379985E-03,-47.2597355E-03,+91.6339500E-03
+9.3604250E-03,+9.1361054E-03,-47.1728650E-03,+91.6382935E-03
+9.3607187E-03,+8.6092524E-03,-47.0108181E-03,+91.6431383E-03
+9.3610125E-03,+8.5434647E-03,-47.1812179E-03,+91.6326136E-03
+9.3613062E-03,+9.3705890E-03,-47.2246532E-03,+91.6453100E-03
+9.3616000E-03,+9.2057890E-03,-47.2948178E-03,+91.6382935E-03
+9.3618937E-03,+8.5314833E-03,-47.1812179E-03,+91.6431383E-03
+9.3621875E-03,+7.8270769E-03,-47.1595003E-03,+91.6347853E-03
+9.3624812E-03,+7.9280004E-03,-47.1244180E-03,+91.6488182E-03
+9.3627750E-03,+9.0352187E-03,-47.2246532E-03,+91.6347853E-03
+9.3630687E-03,+9.2404469E-03,-47.2731002E-03,+91.6553335E-03
+9.3633625E-03,+9.4386554E-03,-47.1244180E-03,+91.6431383E-03
+9.3636562E-03,+10.2834946E-03,-47.2029356E-03,+91.6260983E-03
+9.3639500E-03,+10.6623437E-03,-47.2163003E-03,+91.6260983E-03
+9.3642437E-03,+9.8838435E-03,-47.0809827E-03,+91.6282700E-03
+9.3645375E-03,+8.9151837E-03,-47.0676180E-03,+91.6382935E-03
+9.3648312E-03,+9.0167320E-03,-47.1595003E-03,+91.6518253E-03
+9.3651250E-03,+9.6843486E-03,-47.1027003E-03,+91.6466465E-03
+9.3654187E-03,+9.5803379E-03,-47.1461356E-03,+91.6312771E-03
+9.3657125E-03,+10.0806921E-03,-47.2597355E-03,+91.6588418E-03
+9.3660062E-03,+9.9047926E-03,-47.2380179E-03,+91.6418018E-03
+9.3663000E-03,+9.7513859E-03,-47.2463708E-03,+91.6374583E-03
+9.3665937E-03,+9.5435850E-03,-47.3516178E-03,+91.6347853E-03
+9.3668875E-03,+8.9293703E-03,-47.1812179E-03,+91.6509900E-03
+9.3671812E-03,+7.8586477E-03,-47.0726298E-03,+91.6404653E-03
+9.3674750E-03,+8.5984838E-03,-46.8972181E-03,+91.6531618E-03
+9.3677687E-03,+8.6802223E-03,-47.3115237E-03,+91.6374583E-03
+9.3680625E-03,+9.1894707E-03,-47.4785824E-03,+91.6260983E-03
+9.3683562E-03,+9.5396892E-03,-47.0893356E-03,+91.6326136E-03
+9.3686500E-03,+9.9230220E-03,-47.2597355E-03,+91.6518253E-03
+9.3689437E-03,+10.0819049E-03,-47.1945826E-03,+91.6531618E-03
+9.3692375E-03,+9.4215653E-03,-47.0459004E-03,+91.6418018E-03
+9.3695312E-03,+9.1567606E-03,-47.1027003E-03,+91.6418018E-03
+9.3698250E-03,+8.9662702E-03,-47.1244180E-03,+91.6396300E-03
+9.3701187E-03,+9.2564345E-03,-47.2029356E-03,+91.6382935E-03
+9.3704125E-03,+9.9825618E-03,-47.2597355E-03,+91.6496535E-03
+9.3707062E-03,+10.3901883E-03,-47.2597355E-03,+91.6518253E-03
+9.3710000E-03,+9.8712372E-03,-47.2597355E-03,+91.6553335E-03
+9.3712937E-03,+8.6942619E-03,-47.2380179E-03,+91.6496535E-03
+9.3715875E-03,+8.8368265E-03,-47.1812179E-03,+91.6453100E-03
+9.3718812E-03,+8.7367483E-03,-47.1812179E-03,+91.6382935E-03
+9.3721750E-03,+9.3793362E-03,-47.1377827E-03,+91.6496535E-03
+9.3724687E-03,+9.5975750E-03,-47.0893356E-03,+91.6474818E-03
+9.3727625E-03,+10.2202796E-03,-47.2380179E-03,+91.6439735E-03
+9.3730562E-03,+10.1373650E-03,-47.1377827E-03,+91.6474818E-03
+9.3733500E-03,+9.4762536E-03,-47.0241828E-03,+91.6461453E-03
+9.3736437E-03,+8.6853677E-03,-47.1110533E-03,+91.6531618E-03
+9.3739375E-03,+7.6729352E-03,-47.2948178E-03,+91.6439735E-03
+9.3742312E-03,+8.1390356E-03,-47.2029356E-03,+91.6496535E-03
+9.3745250E-03,+8.3385305E-03,-47.1945826E-03,+91.6496535E-03
+9.3748187E-03,+8.4864609E-03,-47.0676180E-03,+91.6431383E-03
+9.3751125E-03,+9.5185930E-03,-47.1160650E-03,+91.6326136E-03
+9.3754062E-03,+10.1730521E-03,-46.9673828E-03,+91.6474818E-03
+9.3757000E-03,+10.0251584E-03,-47.0893356E-03,+91.6396300E-03
+9.3759937E-03,+9.8285671E-03,-47.2380179E-03,+91.6404653E-03
+9.3762875E-03,+9.1724541E-03,-47.2029356E-03,+91.6596771E-03
+9.3765812E-03,+8.3726372E-03,-47.2380179E-03,+91.6588418E-03
+9.3768750E-03,+9.0299630E-03,-47.1377827E-03,+91.6374583E-03
+9.3771687E-03,+9.0553960E-03,-47.0676180E-03,+91.6326136E-03
+9.3774625E-03,+9.3286172E-03,-47.1812179E-03,+91.6453100E-03
+9.3777562E-03,+9.3005012E-03,-47.0943474E-03,+91.6382935E-03
+9.3780500E-03,+10.2176334E-03,-46.9105828E-03,+91.6409665E-03
+9.3783437E-03,+9.7154048E-03,-47.0459004E-03,+91.6247618E-03
+9.3786375E-03,+9.5000328E-03,-47.1027003E-03,+91.6439735E-03
+9.3789312E-03,+9.1414714E-03,-47.1027003E-03,+91.6518253E-03
+9.3792250E-03,+8.6231450E-03,-47.1895709E-03,+91.6509900E-03
+9.3795187E-03,+8.7851519E-03,-47.3516178E-03,+91.6361218E-03
+9.3798125E-03,+8.1900487E-03,-47.2029356E-03,+91.6396300E-03
+9.3801062E-03,+8.4605501E-03,-47.1728650E-03,+91.6339500E-03
+9.3804000E-03,+9.3996238E-03,-47.0108181E-03,+91.6361218E-03
+9.3806937E-03,+10.2753355E-03,-47.2463708E-03,+91.6396300E-03
+9.3809875E-03,+10.1713615E-03,-47.3081825E-03,+91.6317783E-03
+9.3812812E-03,+10.1442378E-03,-47.0459004E-03,+91.6326136E-03
+9.3815750E-03,+9.8206652E-03,-47.1027003E-03,+91.6431383E-03
+9.3818687E-03,+9.1748430E-03,-47.0375475E-03,+91.6326136E-03
+9.3821625E-03,+9.1702121E-03,-46.8671476E-03,+91.6518253E-03
+9.3824562E-03,+8.7741627E-03,-46.9540181E-03,+91.6575053E-03
+9.3827500E-03,+9.6677363E-03,-47.0943474E-03,+91.6509900E-03
+9.3830437E-03,+9.7585895E-03,-46.9974534E-03,+91.6382935E-03
+9.3833375E-03,+10.3220117E-03,-47.2731002E-03,+91.6409665E-03
+9.3836312E-03,+9.6642081E-03,-47.0809827E-03,+91.6247618E-03
+9.3839250E-03,+8.0350617E-03,-47.0024651E-03,+91.6439735E-03
+9.3842187E-03,+7.9099180E-03,-47.0108181E-03,+91.6453100E-03
+9.3845125E-03,+8.1802724E-03,-47.1812179E-03,+91.6339500E-03
+9.3848062E-03,+8.4956859E-03,-47.1160650E-03,+91.6339500E-03
+9.3851000E-03,+8.8728443E-03,-47.0325357E-03,+91.6361218E-03
+9.3853937E-03,+9.7438148E-03,-47.1945826E-03,+91.6418018E-03
+9.3856875E-03,+10.1108294E-03,-46.9807475E-03,+91.6439735E-03
+9.3859812E-03,+9.7996793E-03,-46.9105828E-03,+91.6496535E-03
+9.3862750E-03,+9.3234350E-03,-47.0024651E-03,+91.6518253E-03
+9.3865687E-03,+8.4609177E-03,-46.9456652E-03,+91.6596771E-03
+9.3868625E-03,+8.5354526E-03,-46.9239475E-03,+91.6566700E-03
+9.3871562E-03,+8.7182615E-03,-47.0191710E-03,+91.6317783E-03
+9.3874500E-03,+9.5487304E-03,-47.2647473E-03,+91.6304418E-03
+9.3877437E-03,+9.5919886E-03,-46.9323005E-03,+91.6396300E-03
+9.3880375E-03,+10.1251263E-03,-47.1244180E-03,+91.6296065E-03
+9.3883312E-03,+10.3732085E-03,-47.1595003E-03,+91.6247618E-03
+9.3886250E-03,+9.1325037E-03,-47.1027003E-03,+91.6418018E-03
+9.3889187E-03,+8.3437494E-03,-47.0375475E-03,+91.6439735E-03
+9.3892125E-03,+8.2226853E-03,-46.9757357E-03,+91.6453100E-03
+9.3895062E-03,+8.6055771E-03,-47.2380179E-03,+91.6382935E-03
+9.3898000E-03,+9.4742322E-03,-47.1377827E-03,+91.6474818E-03
+9.3900937E-03,+10.7752854E-03,-47.0459004E-03,+91.6504888E-03
+9.3903875E-03,+10.1909140E-03,-47.1027003E-03,+91.6688653E-03
+9.3906812E-03,+9.9345992E-03,-47.1244180E-03,+91.6553335E-03
+9.3909750E-03,+9.1398542E-03,-47.1160650E-03,+91.6496535E-03
+9.3912687E-03,+8.9429321E-03,-46.9891004E-03,+91.6453100E-03
+9.3915625E-03,+8.2090132E-03,-47.1678532E-03,+91.6361218E-03
+9.3918562E-03,+8.5354893E-03,-47.2513826E-03,+91.6396300E-03
+9.3921500E-03,+9.6402451E-03,-47.0676180E-03,+91.6361218E-03
+9.3924437E-03,+10.4069109E-03,-47.2029356E-03,+91.6418018E-03
+9.3927375E-03,+10.2297619E-03,-47.2163003E-03,+91.6396300E-03
+9.3930312E-03,+9.2461069E-03,-47.1461356E-03,+91.6339500E-03
+9.3933250E-03,+8.7644967E-03,-47.1945826E-03,+91.6361218E-03
+9.3936187E-03,+8.5870169E-03,-47.1327709E-03,+91.6352865E-03
+9.3939125E-03,+8.1696876E-03,-47.3733354E-03,+91.6247618E-03
+9.3942062E-03,+8.2488166E-03,-47.2597355E-03,+91.6352865E-03
+9.3945000E-03,+9.8688115E-03,-47.2597355E-03,+91.6247618E-03
+9.3947937E-03,+11.0548280E-03,-47.2380179E-03,+91.6374583E-03
+9.3950875E-03,+10.7147533E-03,-47.1595003E-03,+91.6260983E-03
+9.3953812E-03,+10.0859110E-03,-47.0592651E-03,+91.6260983E-03
+9.3956750E-03,+9.2222543E-03,-47.0542533E-03,+91.6282700E-03
+9.3959687E-03,+8.3551795E-03,-47.2513826E-03,+91.6361218E-03
+9.3962625E-03,+7.7594516E-03,-47.0893356E-03,+91.6374583E-03
+9.3965562E-03,+8.2292273E-03,-47.1511474E-03,+91.6282700E-03
+9.3968500E-03,+9.1084305E-03,-46.9974534E-03,+91.6339500E-03
+9.3971437E-03,+10.2845604E-03,-47.1862297E-03,+91.6274347E-03
+9.3974375E-03,+10.5496960E-03,-46.8972181E-03,+91.6190818E-03
+9.3977312E-03,+9.8530078E-03,-47.2029356E-03,+91.6439735E-03
+9.3980250E-03,+9.2472462E-03,-47.2380179E-03,+91.6518253E-03
+9.3983187E-03,+8.3939171E-03,-47.1812179E-03,+91.6553335E-03
+9.3986125E-03,+7.9771391E-03,-47.2680884E-03,+91.6496535E-03
+9.3989062E-03,+8.3519085E-03,-47.4735706E-03,+91.6453100E-03
+9.3992000E-03,+9.4927189E-03,-47.3516178E-03,+91.6317783E-03
+9.3994937E-03,+10.7011915E-03,-47.1812179E-03,+91.6304418E-03
+9.3997875E-03,+11.1755246E-03,-47.1595003E-03,+91.6504888E-03
+9.4000812E-03,+10.4617830E-03,-47.1244180E-03,+91.6666935E-03
+9.4003750E-03,+9.6555711E-03,-47.1595003E-03,+91.6496535E-03
+9.4006687E-03,+9.3422525E-03,-46.9941122E-03,+91.6474818E-03
+9.4009625E-03,+8.7737217E-03,-46.8621358E-03,+91.6439735E-03
+9.4012562E-03,+9.1789593E-03,-47.1945826E-03,+91.6453100E-03
+9.4015500E-03,+9.2730468E-03,-47.0241828E-03,+91.6339500E-03
+9.4018437E-03,+9.8854238E-03,-47.1110533E-03,+91.6339500E-03
+9.4021375E-03,+9.8991327E-03,-47.2948178E-03,+91.6317783E-03
+9.4024312E-03,+8.9873297E-03,-47.2463708E-03,+91.6260983E-03
+9.4027250E-03,+7.4108502E-03,-47.2864649E-03,+91.6260983E-03
+9.4030187E-03,+7.2382585E-03,-46.9456652E-03,+91.6260983E-03
+9.4033125E-03,+7.3383367E-03,-46.9891004E-03,+91.6282700E-03
+9.4036062E-03,+8.8130473E-03,-47.1027003E-03,+91.6361218E-03
+9.4039000E-03,+10.7196414E-03,-47.1461356E-03,+91.6418018E-03
+9.4041937E-03,+10.7583790E-03,-47.2380179E-03,+91.6439735E-03
+9.4044875E-03,+10.3776923E-03,-47.2246532E-03,+91.6496535E-03
+9.4047812E-03,+9.3178854E-03,-47.3165355E-03,+91.6453100E-03
+9.4050750E-03,+8.3126197E-03,-47.1945826E-03,+91.6339500E-03
+9.4053687E-03,+8.5516606E-03,-47.0676180E-03,+91.6339500E-03
+9.4056625E-03,+9.0117703E-03,-47.2029356E-03,+91.6361218E-03
+9.4059562E-03,+9.5017234E-03,-47.1728650E-03,+91.6396300E-03
+9.4062500E-03,+10.3653066E-03,-46.9456652E-03,+91.6426371E-03
+9.4065437E-03,+10.6193060E-03,-46.9456652E-03,+91.6544982E-03
+9.4068375E-03,+10.4159154E-03,-46.9891004E-03,+91.6260983E-03
+9.4071312E-03,+9.0374239E-03,-47.1244180E-03,+91.6326136E-03
+9.4074250E-03,+8.3141633E-03,-47.2246532E-03,+91.6474818E-03
+9.4077187E-03,+7.7577242E-03,-47.3599707E-03,+91.6439735E-03
+9.4080125E-03,+7.4449569E-03,-47.3299002E-03,+91.6518253E-03
+9.4083062E-03,+8.2471260E-03,-47.0375475E-03,+91.6531618E-03
+9.4086000E-03,+8.8266091E-03,-46.9323005E-03,+91.6374583E-03
+9.4088937E-03,+10.0655498E-03,-47.0809827E-03,+91.6304418E-03
+9.4091875E-03,+10.0341996E-03,-47.0893356E-03,+91.6439735E-03
+9.4094812E-03,+9.4654483E-03,-47.2814531E-03,+91.6474818E-03
+9.4097750E-03,+8.6773188E-03,-47.2296650E-03,+91.6396300E-03
+9.4100687E-03,+8.5750722E-03,-47.0108181E-03,+91.6404653E-03
+9.4103625E-03,+8.8806359E-03,-47.2029356E-03,+91.6575053E-03
+9.4106562E-03,+9.4395375E-03,-47.2380179E-03,+91.6575053E-03
+9.4109500E-03,+9.9378335E-03,-47.1595003E-03,+91.6553335E-03
+9.4112437E-03,+10.3152859E-03,-47.0809827E-03,+91.6496535E-03
+9.4115375E-03,+10.7327622E-03,-47.0676180E-03,+91.6453100E-03
+9.4118312E-03,+9.7857867E-03,-47.1160650E-03,+91.6339500E-03
+9.4121250E-03,+8.6756282E-03,-46.9891004E-03,+91.6404653E-03
+9.4124187E-03,+7.9643858E-03,-47.1244180E-03,+91.6531618E-03
+9.4127125E-03,+7.6351900E-03,-47.2029356E-03,+91.6439735E-03
+9.4130062E-03,+8.2963749E-03,-47.2380179E-03,+91.6409665E-03
+9.4133000E-03,+9.3495663E-03,-47.1595003E-03,+91.6291053E-03
+9.4135937E-03,+9.7639554E-03,-47.1027003E-03,+91.6531618E-03
+9.4138875E-03,+9.6801955E-03,-47.1244180E-03,+91.6461453E-03
+9.4141812E-03,+9.7449909E-03,-47.0943474E-03,+91.6596771E-03
+9.4144750E-03,+9.1558417E-03,-46.9757357E-03,+91.6566700E-03
+9.4147687E-03,+8.9423808E-03,-47.2814531E-03,+91.6317783E-03
+9.4150625E-03,+9.3417380E-03,-47.2513826E-03,+91.6304418E-03
+9.4153562E-03,+8.8329307E-03,-47.0459004E-03,+91.6461453E-03
+9.4156500E-03,+8.5901409E-03,-47.1027003E-03,+91.6575053E-03
+9.4159437E-03,+9.0529703E-03,-47.1027003E-03,+91.6531618E-03
+9.4162375E-03,+9.5665923E-03,-47.0592651E-03,+91.6418018E-03
+9.4165312E-03,+10.2327021E-03,-47.0542533E-03,+91.6483171E-03
+9.4168250E-03,+10.3946354E-03,-47.2296650E-03,+91.6588418E-03
+9.4171187E-03,+9.3465159E-03,-46.9673828E-03,+91.6439735E-03
+9.4174125E-03,+9.1036894E-03,-47.0024651E-03,+91.6496535E-03
+9.4177062E-03,+8.4464738E-03,-46.9673828E-03,+91.6561688E-03
+9.4180000E-03,+8.4861669E-03,-47.0241828E-03,+91.6645218E-03
+9.4182937E-03,+9.0794324E-03,-47.0459004E-03,+91.6461453E-03
+9.4185875E-03,+9.8199301E-03,-47.0592651E-03,+91.6531618E-03
+9.4188812E-03,+9.8335655E-03,-47.0759709E-03,+91.6439735E-03
+9.4191750E-03,+10.0656234E-03,-47.3516178E-03,+91.6431383E-03
+9.4194687E-03,+9.4020863E-03,-47.1595003E-03,+91.6369571E-03
+9.4197625E-03,+7.4800927E-03,-47.1244180E-03,+91.6610135E-03
+9.4200562E-03,+7.2796790E-03,-47.1595003E-03,+91.6496535E-03
+9.4203500E-03,+7.6247154E-03,-47.0592651E-03,+91.6496535E-03
+9.4206437E-03,+8.4421369E-03,-46.9022299E-03,+91.6518253E-03
+9.4209375E-03,+9.3789319E-03,-46.9406534E-03,+91.6553335E-03
+9.4212312E-03,+10.1901790E-03,-47.2296650E-03,+91.6453100E-03
+9.4215250E-03,+10.1460387E-03,-47.0108181E-03,+91.6361218E-03
+9.4218187E-03,+9.3099100E-03,-47.1377827E-03,+91.6461453E-03
+9.4221125E-03,+8.0023516E-03,-47.0024651E-03,+91.6596771E-03
+9.4224062E-03,+7.7218166E-03,-47.0108181E-03,+91.6631853E-03
+9.4227000E-03,+8.1903427E-03,-47.1595003E-03,+91.6553335E-03
+9.4229937E-03,+9.9846934E-03,-47.1244180E-03,+91.6431383E-03
+9.4232875E-03,+10.8763191E-03,-47.1595003E-03,+91.6326136E-03
+9.4235812E-03,+10.5496225E-03,-47.0592651E-03,+91.6561688E-03
+9.4238750E-03,+10.8353396E-03,-47.0108181E-03,+91.6645218E-03
+9.4241687E-03,+10.6399979E-03,-47.2029356E-03,+91.6483171E-03
+9.4244625E-03,+9.4095839E-03,-47.1511474E-03,+91.6610135E-03
+9.4247562E-03,+8.1710107E-03,-46.9105828E-03,+91.6453100E-03
+9.4250500E-03,+8.1331184E-03,-47.0241828E-03,+91.6317783E-03
+9.4253437E-03,+8.8756743E-03,-46.9807475E-03,+91.6326136E-03
+9.4256375E-03,+9.1868612E-03,-46.9105828E-03,+91.6518253E-03
+9.4259312E-03,+9.3544177E-03,-47.0241828E-03,+91.6531618E-03
+9.4262250E-03,+9.4661466E-03,-47.0024651E-03,+91.6439735E-03
+9.4265187E-03,+9.6922505E-03,-46.9673828E-03,+91.6496535E-03
+9.4268125E-03,+9.3988520E-03,-47.0676180E-03,+91.6409665E-03
+9.4271062E-03,+8.5863921E-03,-47.2029356E-03,+91.6247618E-03
+9.4274000E-03,+8.8794966E-03,-47.2380179E-03,+91.6374583E-03
+9.4276937E-03,+8.7452014E-03,-47.0943474E-03,+91.6260983E-03
+9.4279875E-03,+9.2291270E-03,-46.9323005E-03,+91.6326136E-03
+9.4282812E-03,+10.2826860E-03,-47.0809827E-03,+91.6474818E-03
+9.4285750E-03,+11.4889167E-03,-47.0676180E-03,+91.6418018E-03
+9.4288687E-03,+9.9349300E-03,-47.1595003E-03,+91.6396300E-03
+9.4291625E-03,+9.5276342E-03,-47.1027003E-03,+91.6361218E-03
+9.4294562E-03,+8.2476405E-03,-47.1244180E-03,+91.6439735E-03
+9.4297500E-03,+8.0254691E-03,-47.0726298E-03,+91.6539971E-03
+9.4300437E-03,+8.5802176E-03,-46.8972181E-03,+91.6544982E-03
+9.4303375E-03,+9.0982867E-03,-47.1812179E-03,+91.6304418E-03
+9.4306312E-03,+9.5545373E-03,-47.1812179E-03,+91.6461453E-03
+9.4309250E-03,+9.9095337E-03,-47.1812179E-03,+91.6531618E-03
+9.4312187E-03,+9.2944002E-03,-47.1160650E-03,+91.6461453E-03
+9.4315125E-03,+8.9281942E-03,-46.9673828E-03,+91.6531618E-03
+9.4318062E-03,+9.3116006E-03,-47.0459004E-03,+91.6439735E-03
+9.4321000E-03,+8.2010011E-03,-47.0809827E-03,+91.6518253E-03
+9.4323937E-03,+8.9801996E-03,-47.0893356E-03,+91.6553335E-03
+9.4326875E-03,+9.6544318E-03,-47.1945826E-03,+91.6453100E-03
+9.4329812E-03,+9.8176514E-03,-47.0459004E-03,+91.6382935E-03
+9.4332750E-03,+10.1024865E-03,-47.0158298E-03,+91.6518253E-03
+9.4335687E-03,+9.0455830E-03,-46.9189358E-03,+91.6509900E-03
+9.4338625E-03,+9.1105254E-03,-47.2597355E-03,+91.6382935E-03
+9.4341562E-03,+9.0949422E-03,-47.2163003E-03,+91.6496535E-03
+9.4344500E-03,+8.4935175E-03,-47.0375475E-03,+91.6518253E-03
+9.4347437E-03,+9.6251764E-03,-46.9540181E-03,+91.6553335E-03
+9.4350375E-03,+10.0941804E-03,-47.2029356E-03,+91.6453100E-03
+9.4353312E-03,+9.9897654E-03,-47.2163003E-03,+91.6404653E-03
+9.4356250E-03,+9.2762443E-03,-47.0809827E-03,+91.6488182E-03
+9.4359187E-03,+8.8312400E-03,-47.0676180E-03,+91.6347853E-03
+9.4362125E-03,+8.7221206E-03,-47.1160650E-03,+91.6553335E-03
+9.4365062E-03,+8.6965774E-03,-47.0108181E-03,+91.6453100E-03
+9.4368000E-03,+7.5769366E-03,-47.1595003E-03,+91.6339500E-03
+9.4370937E-03,+8.1711209E-03,-47.1461356E-03,+91.6382935E-03
+9.4373875E-03,+9.3706993E-03,-47.1728650E-03,+91.6474818E-03
+9.4376812E-03,+10.2446100E-03,-46.9239475E-03,+91.6396300E-03
+9.4379750E-03,+10.9202021E-03,-46.9323005E-03,+91.6361218E-03
+9.4382687E-03,+10.0623156E-03,-47.0158298E-03,+91.6396300E-03
+9.4385625E-03,+9.2895856E-03,-46.8755005E-03,+91.6404653E-03
+9.4388562E-03,+8.8858548E-03,-47.1244180E-03,+91.6509900E-03
+9.4391500E-03,+8.4799189E-03,-47.1812179E-03,+91.6361218E-03
+9.4394437E-03,+7.8678727E-03,-47.2246532E-03,+91.6439735E-03
+9.4397375E-03,+8.1945325E-03,-47.2731002E-03,+91.6539971E-03
+9.4400312E-03,+9.3060141E-03,-47.0375475E-03,+91.6544982E-03
+9.4403250E-03,+10.2733508E-03,-46.9323005E-03,+91.6304418E-03
+9.4406187E-03,+10.2797091E-03,-47.0592651E-03,+91.6439735E-03
+9.4409125E-03,+10.8214103E-03,-46.9239475E-03,+91.6453100E-03
+9.4412062E-03,+10.3230408E-03,-46.8671476E-03,+91.6339500E-03
+9.4415000E-03,+9.5151382E-03,-46.9323005E-03,+91.6361218E-03
+9.4417937E-03,+8.7631369E-03,-47.0809827E-03,+91.6418018E-03
+9.4420875E-03,+7.8701146E-03,-47.0676180E-03,+91.6374583E-03
+9.4423812E-03,+8.6194330E-03,-47.1377827E-03,+91.6326136E-03
+9.4426750E-03,+8.8212065E-03,-47.1327709E-03,+91.6496535E-03
+9.4429687E-03,+9.4708510E-03,-47.2647473E-03,+91.6431383E-03
+9.4432625E-03,+9.7499893E-03,-46.9974534E-03,+91.6304418E-03
+9.4435562E-03,+9.1831492E-03,-47.2513826E-03,+91.6461453E-03
+9.4438500E-03,+9.2068915E-03,-47.0893356E-03,+91.6509900E-03
+9.4441437E-03,+9.0261407E-03,-47.2163003E-03,+91.6361218E-03
+9.4444375E-03,+7.9722877E-03,-47.1461356E-03,+91.6396300E-03
+9.4447312E-03,+7.8934527E-03,-47.2380179E-03,+91.6339500E-03
+9.4450250E-03,+9.0811230E-03,-47.1812179E-03,+91.6339500E-03
+9.4453187E-03,+10.2322978E-03,-47.1160650E-03,+91.6382935E-03
+9.4456125E-03,+9.9542253E-03,-47.0108181E-03,+91.6453100E-03
+9.4459062E-03,+9.3270001E-03,-47.2246532E-03,+91.6317783E-03
+9.4462000E-03,+8.7202462E-03,-47.2296650E-03,+91.6326136E-03
+9.4464937E-03,+8.7859237E-03,-46.9891004E-03,+91.6474818E-03
+9.4467875E-03,+8.8319751E-03,-47.1027003E-03,+91.6396300E-03
+9.4470812E-03,+9.1583409E-03,-47.1244180E-03,+91.6382935E-03
+9.4473750E-03,+10.1017147E-03,-47.1812179E-03,+91.6453100E-03
+9.4476687E-03,+10.4801962E-03,-47.0943474E-03,+91.6339500E-03
+9.4479625E-03,+10.3047010E-03,-46.9323005E-03,+91.6317783E-03
+9.4482562E-03,+10.0800305E-03,-47.1027003E-03,+91.6304418E-03
+9.4485500E-03,+8.5571368E-03,-47.0158298E-03,+91.6439735E-03
+9.4488437E-03,+8.5507050E-03,-46.8972181E-03,+91.6453100E-03
+9.4491375E-03,+8.2619374E-03,-47.1160650E-03,+91.6339500E-03
+9.4494312E-03,+8.5683097E-03,-47.0542533E-03,+91.6404653E-03
+9.4497250E-03,+9.8244140E-03,-47.3165355E-03,+91.6575053E-03
+9.4500187E-03,+10.5442565E-03,-47.2380179E-03,+91.6531618E-03
+9.4503125E-03,+10.5593620E-03,-47.1377827E-03,+91.6439735E-03
+9.4506062E-03,+9.9056012E-03,-47.0676180E-03,+91.6431383E-03
+9.4509000E-03,+9.1140169E-03,-47.1377827E-03,+91.6282700E-03
+9.4511937E-03,+8.2441857E-03,-46.9807475E-03,+91.6317783E-03
+9.4514875E-03,+7.7786366E-03,-46.9105828E-03,+91.6282700E-03
+9.4517812E-03,+8.7207240E-03,-47.0459004E-03,+91.6382935E-03
+9.4520750E-03,+8.8622962E-03,-47.1027003E-03,+91.6453100E-03
+9.4523687E-03,+9.8324261E-03,-47.1027003E-03,+91.6382935E-03
+9.4526625E-03,+10.5081652E-03,-47.1027003E-03,+91.6496535E-03
+9.4529562E-03,+10.0234678E-03,-47.1027003E-03,+91.6474818E-03
+9.4532500E-03,+9.1086878E-03,-47.0809827E-03,+91.6418018E-03
+9.4535437E-03,+8.6956218E-03,-47.0459004E-03,+91.6396300E-03
+9.4538375E-03,+8.0145168E-03,-47.0809827E-03,+91.6317783E-03
+9.4541312E-03,+8.0837592E-03,-47.1327709E-03,+91.6282700E-03
+9.4544250E-03,+9.4640884E-03,-47.3299002E-03,+91.6404653E-03
+9.4547187E-03,+9.7644332E-03,-47.1244180E-03,+91.6509900E-03
+9.4550125E-03,+10.7470591E-03,-47.2246532E-03,+91.6426371E-03
+9.4553062E-03,+10.0988480E-03,-47.2948178E-03,+91.6610135E-03
+9.4556000E-03,+8.9273489E-03,-47.1812179E-03,+91.6539971E-03
+9.4558937E-03,+7.6328010E-03,-47.0943474E-03,+91.6566700E-03
+9.4561875E-03,+7.4449201E-03,-46.9540181E-03,+91.6317783E-03
+9.4564812E-03,+8.3781133E-03,-47.1160650E-03,+91.6260983E-03
+9.4567750E-03,+9.3795200E-03,-46.9673828E-03,+91.6326136E-03
+9.4570687E-03,+10.5793556E-03,-47.0024651E-03,+91.6496535E-03
+9.4573625E-03,+11.3881402E-03,-46.9022299E-03,+91.6431383E-03
+9.4576562E-03,+10.3060977E-03,-46.8755005E-03,+91.6282700E-03
+9.4579500E-03,+9.4436906E-03,-47.1895709E-03,+91.6426371E-03
+9.4582437E-03,+8.5418108E-03,-47.3950531E-03,+91.6588418E-03
+9.4585375E-03,+8.0930577E-03,-47.2731002E-03,+91.6352865E-03
+9.4588312E-03,+8.7063168E-03,-47.1244180E-03,+91.6225900E-03
+9.4591250E-03,+9.4143250E-03,-47.1595003E-03,+91.6317783E-03
+9.4594187E-03,+9.4094001E-03,-47.0592651E-03,+91.6282700E-03
+9.4597125E-03,+9.6722937E-03,-47.0542533E-03,+91.6339500E-03
+9.4600062E-03,+9.0856804E-03,-47.2513826E-03,+91.6339500E-03
+9.4603000E-03,+8.1882111E-03,-46.9807475E-03,+91.6339500E-03
+9.4605937E-03,+7.5897266E-03,-46.9105828E-03,+91.6339500E-03
+9.4608875E-03,+7.8695633E-03,-47.0241828E-03,+91.6382935E-03
+9.4611812E-03,+8.4951714E-03,-47.0024651E-03,+91.6518253E-03
+9.4614750E-03,+9.6237798E-03,-46.9891004E-03,+91.6531618E-03
+9.4617687E-03,+10.9972362E-03,-47.1244180E-03,+91.6418018E-03
+9.4620625E-03,+11.3202943E-03,-47.2463708E-03,+91.6374583E-03
+9.4623562E-03,+10.6269506E-03,-47.3516178E-03,+91.6304418E-03
+9.4626500E-03,+9.0541464E-03,-47.1160650E-03,+91.6374583E-03
+9.4629437E-03,+8.2080209E-03,-46.9673828E-03,+91.6304418E-03
+9.4632375E-03,+8.3381629E-03,-47.1110533E-03,+91.6374583E-03
+9.4635312E-03,+8.7531401E-03,-47.2731002E-03,+91.6304418E-03
+9.4638250E-03,+8.3701379E-03,-47.1244180E-03,+91.6418018E-03
+9.4641187E-03,+9.7745770E-03,-47.2463708E-03,+91.6439735E-03
+9.4644125E-03,+10.4801595E-03,-47.3950531E-03,+91.6431383E-03
+9.4647062E-03,+10.0465486E-03,-47.3165355E-03,+91.6304418E-03
