x-axis,1,2,3
second,Volt,Volt,Volt
+4.7650000E-03,,,
+4.7652938E-03,,,
+4.7655875E-03,,,
+4.7658813E-03,,,
+4.7661750E-03,-46.3849400E-03,+2.5590530506E+00,-12.1602860E-03
+4.7664688E-03,-46.3849400E-03,+2.5590530506E+00,-75.5923058E-03
+4.7667625E-03,-22.8820769E-03,+2.5590530506E+00,-99.1066526E-03
+4.7670563E-03,+46.1517651E-03,+2.5590530506E+00,-70.5232438E-03
+4.7673500E-03,+65.9366668E-03,+2.5590530506E+00,-5.2734583E-03
+4.7676438E-03,+65.9366668E-03,+2.5590530506E+00,+58.3216108E-03
+4.7679375E-03,+44.0950721E-03,+2.5590530506E+00,+85.8345074E-03
+4.7682313E-03,-22.2551825E-03,+2.5590530506E+00,+61.4857025E-03
+4.7685250E-03,-46.3849400E-03,+2.5590530506E+00,-653.7842E-06
+4.7688188E-03,-46.3849400E-03,+2.5590530506E+00,-66.1499812E-03
+4.7691125E-03,-27.3455712E-03,+2.5590530506E+00,-98.6728011E-03
+4.7694063E-03,+34.4780108E-03,+2.5590530506E+00,-78.7208140E-03
+4.7697000E-03,+65.9366668E-03,+2.5590530506E+00,-17.9540486E-03
+4.7699938E-03,+65.9366668E-03,+2.5590530506E+00,+50.0329936E-03
+4.7702875E-03,+49.7430025E-03,+2.5590530506E+00,+85.3896301E-03
+4.7705813E-03,-7.4836721E-03,+2.5590530506E+00,+69.1573719E-03
+4.7708750E-03,-46.3849400E-03,+2.5590530506E+00,+9.4280410E-03
+4.7711688E-03,-46.3849400E-03,+2.5590530506E+00,-59.2922218E-03
+4.7714625E-03,-32.1559395E-03,+2.5590530506E+00,-97.2815363E-03
+4.7717562E-03,+21.8970476E-03,+2.5590530506E+00,-84.1604122E-03
+4.7720500E-03,+65.9366668E-03,+2.5590530506E+00,-26.8950301E-03
+4.7723437E-03,+65.9366668E-03,+2.5590530506E+00,+41.0291981E-03
+4.7726375E-03,+53.4095466E-03,+2.5590530506E+00,+82.6458581E-03
+4.7729312E-03,+2.1057509E-03,+2.5590530506E+00,+74.3569067E-03
+4.7732250E-03,-46.3849400E-03,+2.5590530506E+00,+20.7745006E-03
+4.7735187E-03,-46.3849400E-03,+2.5590530506E+00,-48.1347056E-03
+4.7738125E-03,-37.2878590E-03,+2.5590530506E+00,-94.3581762E-03
+4.7741062E-03,+8.4751043E-03,+2.5590530506E+00,-90.2578875E-03
+4.7744000E-03,+65.9366668E-03,+2.5590530506E+00,-38.9698655E-03
+4.7746937E-03,+65.9366668E-03,+2.5590530506E+00,+31.3758784E-03
+4.7749875E-03,+59.0627327E-03,+2.5590530506E+00,+79.4862769E-03
+4.7752812E-03,+16.8910068E-03,+2.5590530506E+00,+79.4351570E-03
+4.7755750E-03,-46.3849400E-03,+2.5590530506E+00,+30.1937711E-03
+4.7758687E-03,-46.3849400E-03,+2.5590530506E+00,-40.1227376E-03
+4.7761625E-03,-41.5263152E-03,+2.5590530506E+00,-90.4431556E-03
+4.7764562E-03,-2.6100889E-03,+2.5590530506E+00,-93.5367486E-03
+4.7767500E-03,+65.9366668E-03,+2.5590530506E+00,-47.4323908E-03
+4.7770437E-03,+65.9366668E-03,+2.5590530506E+00,+21.1385215E-03
+4.7773375E-03,+62.6518752E-03,+2.5590530506E+00,+74.4878808E-03
+4.7776312E-03,+26.2779949E-03,+2.5590530506E+00,+82.7572862E-03
+4.7779250E-03,-46.3849400E-03,+2.5590530506E+00,+40.7365112E-03
+4.7782187E-03,-46.3849400E-03,+2.5590530506E+00,-27.8634693E-03
+4.7785125E-03,-46.1379237E-03,+2.5590530506E+00,-85.1734561E-03
+4.7788062E-03,-15.6611953E-03,+2.5590530506E+00,-97.1971717E-03
+4.7791000E-03,+63.3474976E-03,+2.5590530506E+00,-58.1989897E-03
+4.7793937E-03,+65.9366668E-03,+2.5590530506E+00,+10.6398848E-03
+4.7796875E-03,+65.9271110E-03,+2.5590530506E+00,+68.8252592E-03
+4.7799812E-03,+37.3256265E-03,+2.5590530506E+00,+84.9810045E-03
+4.7802750E-03,-39.8945226E-03,+2.5590530506E+00,+48.9137003E-03
+4.7805687E-03,-46.3849400E-03,+2.5590530506E+00,-19.0987348E-03
+4.7808625E-03,-46.3849400E-03,+2.5590530506E+00,-78.9458421E-03
+4.7811562E-03,-19.7544775E-03,+2.5590530506E+00,-98.1238462E-03
+4.7814500E-03,+54.3316405E-03,+2.5590530506E+00,-65.6528146E-03
+4.7817437E-03,+65.9366668E-03,+2.5590530506E+00,-245.8269E-06
+4.7820375E-03,+65.9366668E-03,+2.5590530506E+00,+61.8716080E-03
+4.7823312E-03,+41.4041708E-03,+2.5590530506E+00,+86.2569988E-03
+4.7826250E-03,-29.2929243E-03,+2.5590530506E+00,+58.0920721E-03
+4.7829187E-03,-46.3849400E-03,+2.5590530506E+00,-6.3915822E-03
+4.7832125E-03,-46.3849400E-03,+2.5590530506E+00,-71.5855700E-03
+4.7835062E-03,-25.4133970E-03,+2.5590530506E+00,-99.1104949E-03
+4.7838000E-03,+39.5313894E-03,+2.5590530506E+00,-74.5309819E-03
+4.7840937E-03,+65.9366668E-03,+2.5590530506E+00,-11.0648821E-03
+4.7843875E-03,+65.9366668E-03,+2.5590530506E+00,+54.0109952E-03
+4.7846812E-03,+46.5652354E-03,+2.5590530506E+00,+85.4900324E-03
+4.7849750E-03,-15.7947554E-03,+2.5590530506E+00,+64.6103683E-03
+4.7852687E-03,-46.3849400E-03,+2.5590530506E+00,+2.5993498E-03
+4.7855625E-03,-46.3849400E-03,+2.5590530506E+00,-63.4170680E-03
+4.7858562E-03,-28.9858169E-03,+2.5590530506E+00,-97.6600913E-03
+4.7861500E-03,+30.1881373E-03,+2.5590530506E+00,-80.6079090E-03
+4.7864437E-03,+65.9366668E-03,+2.5590530506E+00,-22.0082291E-03
+4.7867375E-03,+65.9366668E-03,+2.5590530506E+00,+45.5122182E-03
+4.7870312E-03,+51.3244804E-03,+2.5590530506E+00,+84.6564095E-03
+4.7873250E-03,-3.3474993E-03,+2.5590530506E+00,+71.8973016E-03
+4.7876187E-03,-46.3849400E-03,+2.5590530506E+00,+15.0724532E-03
+4.7879125E-03,-46.3849400E-03,+2.5590530506E+00,-54.4326514E-03
+4.7882062E-03,-34.6633702E-03,+2.5590530506E+00,-95.9422267E-03
+4.7885000E-03,+15.3391518E-03,+2.5590530506E+00,-87.0949653E-03
+4.7887937E-03,+65.9366668E-03,+2.5590530506E+00,-32.4976775E-03
+4.7890875E-03,+65.9366668E-03,+2.5590530506E+00,+35.9452678E-03
+4.7893812E-03,+55.8577317E-03,+2.5590530506E+00,+80.9386852E-03
+4.7896750E-03,+8.5086965E-03,+2.5590530506E+00,+76.3811570E-03
+4.7899687E-03,-46.3849400E-03,+2.5590530506E+00,+23.8492159E-03
+4.7902625E-03,-46.3849400E-03,+2.5590530506E+00,-44.7626258E-03
+4.7905562E-03,-38.2840467E-03,+2.5590530506E+00,-92.1204249E-03
+4.7908500E-03,+5.8696903E-03,+2.5590530506E+00,-91.4433361E-03
+4.7911437E-03,+65.9366668E-03,+2.5590530506E+00,-42.9211378E-03
+4.7914375E-03,+65.9366668E-03,+2.5590530506E+00,+26.3686281E-03
+4.7917312E-03,+61.2309341E-03,+2.5590530506E+00,+78.0251816E-03
+4.7920250E-03,+22.5616873E-03,+2.5590530506E+00,+81.3745414E-03
+4.7923187E-03,-46.3849400E-03,+2.5590530506E+00,+35.4041647E-03
+4.7926125E-03,-46.3849400E-03,+2.5590530506E+00,-34.6565771E-03
+4.7929062E-03,-43.9572999E-03,+2.5590530506E+00,-87.8119812E-03
+4.7932000E-03,-8.9766490E-03,+2.5590530506E+00,-95.2417496E-03
+4.7934937E-03,+65.9141740E-03,+2.5590530506E+00,-52.5392081E-03
+4.7937875E-03,+65.9366668E-03,+2.5590530506E+00,+15.5697869E-03
+4.7940812E-03,+64.9180231E-03,+2.5590530506E+00,+71.5399630E-03
+4.7943750E-03,+32.4208033E-03,+2.5590530506E+00,+83.6062785E-03
+4.7946687E-03,-45.8201213E-03,+2.5590530506E+00,+43.4465374E-03
+4.7949625E-03,-46.3849400E-03,+2.5590530506E+00,-24.0458440E-03
+4.7952562E-03,-46.2697932E-03,+2.5590530506E+00,-81.8840704E-03
+4.7955500E-03,-16.4595053E-03,+2.5590530506E+00,-97.6559148E-03
+4.7958437E-03,+62.1616281E-03,+2.5590530506E+00,-61.8355234E-03
+4.7961375E-03,+65.9366668E-03,+2.5590530506E+00,+5.4037641E-03
+4.7964312E-03,+65.9366668E-03,+2.5590530506E+00,+66.7092938E-03
+4.7967250E-03,+39.7906812E-03,+2.5590530506E+00,+86.0398225E-03
+4.7970187E-03,-33.5128203E-03,+2.5590530506E+00,+53.4319698E-03
+4.7973125E-03,-46.3849400E-03,+2.5590530506E+00,-13.3288616E-03
+4.7976062E-03,-46.3849400E-03,+2.5590530506E+00,-75.1587885E-03
+4.7979000E-03,-22.1931068E-03,+2.5590530506E+00,-98.4756719E-03
+4.7981937E-03,+47.9536869E-03,+2.5590530506E+00,-69.9963407E-03
+4.7984875E-03,+65.9366668E-03,+2.5590530506E+00,-6.0586342E-03
+4.7987812E-03,+65.9366668E-03,+2.5590530506E+00,+57.8752299E-03
+4.7990750E-03,+43.4170911E-03,+2.5590530506E+00,+85.8898038E-03
+4.7993687E-03,-24.0283635E-03,+2.5590530506E+00,+60.3119481E-03
+4.7996625E-03,-46.3849400E-03,+2.5590530506E+00,-2.3734864E-03
+4.7999562E-03,-46.3849400E-03,+2.5590530506E+00,-67.4568814E-03
+4.8002500E-03,-26.5662992E-03,+2.5590530506E+00,-98.7982622E-03
+4.8005437E-03,+36.5161069E-03,+2.5590530506E+00,-77.6244078E-03
+4.8008375E-03,+65.9366668E-03,+2.5590530506E+00,-16.2156359E-03
+4.8011312E-03,+65.9366668E-03,+2.5590530506E+00,+51.4152372E-03
+4.8014250E-03,+49.0702772E-03,+2.5590530506E+00,+85.6555875E-03
+4.8017187E-03,-9.2431076E-03,+2.5590530506E+00,+68.1613680E-03
+4.8020125E-03,-46.3849400E-03,+2.5590530506E+00,+8.3396536E-03
+4.8023062E-03,-46.3849400E-03,+2.5590530506E+00,-58.7374198E-03
+4.8026000E-03,-31.4578914E-03,+2.5590530506E+00,-96.6752803E-03
+4.8028937E-03,+23.7227118E-03,+2.5590530506E+00,-83.9170077E-03
+4.8031875E-03,+65.9366668E-03,+2.5590530506E+00,-27.7172930E-03
+4.8034812E-03,+65.9366668E-03,+2.5590530506E+00,+40.6665136E-03
+4.8037750E-03,+52.6283635E-03,+2.5590530506E+00,+83.0793754E-03
+4.8040687E-03,+62.6565E-06,+2.5590530506E+00,+73.4856957E-03
+4.8043625E-03,-46.3849400E-03,+2.5590530506E+00,+19.1214548E-03
+4.8046562E-03,-46.3849400E-03,+2.5590530506E+00,-49.6624574E-03
+4.8049500E-03,-36.4942533E-03,+2.5590530506E+00,-94.8854134E-03
+4.8052437E-03,+10.5506883E-03,+2.5590530506E+00,-89.5049540E-03
+4.8055375E-03,+65.9366668E-03,+2.5590530506E+00,-37.3692762E-03
+4.8058312E-03,+65.9366668E-03,+2.5590530506E+00,+32.9475666E-03
+4.8061250E-03,+58.2872830E-03,+2.5590530506E+00,+80.1247753E-03
+4.8064187E-03,+14.8629076E-03,+2.5590530506E+00,+78.7525552E-03
+4.8067125E-03,-46.3849400E-03,+2.5590530506E+00,+29.2873106E-03
+4.8070062E-03,-46.3849400E-03,+2.5590530506E+00,-39.4139075E-03
+4.8073000E-03,-40.7594656E-03,+2.5590530506E+00,-89.8632949E-03
+4.8075937E-03,-604.4824E-06,+2.5590530506E+00,-93.5870332E-03
+4.8078875E-03,+65.9366668E-03,+2.5590530506E+00,-48.2010279E-03
+4.8081812E-03,+65.9366668E-03,+2.5590530506E+00,+20.9203428E-03
+4.8084750E-03,+61.9781943E-03,+2.5590530506E+00,+75.2829131E-03
+4.8087687E-03,+24.5160602E-03,+2.5590530506E+00,+82.2579478E-03
+4.8090625E-03,-46.3849400E-03,+2.5590530506E+00,+39.2430065E-03
+4.8093562E-03,-46.3849400E-03,+2.5590530506E+00,-29.5108351E-03
+4.8096500E-03,-45.8665402E-03,+2.5590530506E+00,-86.0565284E-03
+4.8099437E-03,-14.5257141E-03,+2.5590530506E+00,-96.8226261E-03
+4.8102375E-03,+64.4608903E-03,+2.5590530506E+00,-56.7749814E-03
+4.8105312E-03,+65.9366668E-03,+2.5590530506E+00,+12.3246718E-03
+4.8108250E-03,+65.8912770E-03,+2.5590530506E+00,+69.8112396E-03
+4.8111187E-03,+36.5133137E-03,+2.5590530506E+00,+84.7060259E-03
+4.8114125E-03,-41.7739196E-03,+2.5590530506E+00,+48.2247502E-03
+4.8117062E-03,-46.3849400E-03,+2.5590530506E+00,-18.3384507E-03
+4.8120000E-03,-46.3839845E-03,+2.5590530506E+00,-78.4421601E-03
+4.8122937E-03,-19.2483899E-03,+2.5590530506E+00,-98.4770083E-03
+4.8125875E-03,+55.6487179E-03,+2.5590530506E+00,-66.3664893E-03
+4.8128812E-03,+65.9366668E-03,+2.5590530506E+00,-330.8598E-06
+4.8131750E-03,+65.9366668E-03,+2.5590530506E+00,+63.0324989E-03
+4.8134687E-03,+40.5718644E-03,+2.5590530506E+00,+86.1626107E-03
+4.8137625E-03,-31.4697258E-03,+2.5590530506E+00,+56.8279390E-03
+4.8140562E-03,-46.3849400E-03,+2.5590530506E+00,-8.1179667E-03
+4.8143500E-03,-46.3849400E-03,+2.5590530506E+00,-72.8161244E-03
+4.8146437E-03,-24.6685258E-03,+2.5590530506E+00,-99.1544313E-03
+4.8149375E-03,+41.4795143E-03,+2.5590530506E+00,-73.3528840E-03
+4.8152312E-03,+65.9366668E-03,+2.5590530506E+00,-9.3403352E-03
+4.8155250E-03,+65.9366668E-03,+2.5590530506E+00,+55.3160578E-03
+4.8158187E-03,+45.8891656E-03,+2.5590530506E+00,+85.6378793E-03
+4.8161125E-03,-17.5629380E-03,+2.5590530506E+00,+64.1786886E-03
+4.8164062E-03,-46.3849400E-03,+2.5590530506E+00,+3.3980574E-03
+4.8167000E-03,-46.3849400E-03,+2.5590530506E+00,-63.0106142E-03
+4.8169937E-03,-29.2041660E-03,+2.5590530506E+00,-98.2646767E-03
+4.8172875E-03,+29.6170705E-03,+2.5590530506E+00,-81.2016356E-03
+4.8175812E-03,+65.9366668E-03,+2.5590530506E+00,-21.9459162E-03
+4.8178750E-03,+65.9366668E-03,+2.5590530506E+00,+46.9424077E-03
+4.8181687E-03,+50.5710089E-03,+2.5590530506E+00,+84.9843457E-03
+4.8184625E-03,-5.3181170E-03,+2.5590530506E+00,+70.9470717E-03
+4.8187562E-03,-46.3849400E-03,+2.5590530506E+00,+13.4040380E-03
+4.8190500E-03,-46.3849400E-03,+2.5590530506E+00,-55.9002620E-03
+4.8193437E-03,-34.0021118E-03,+2.5590530506E+00,-96.3752429E-03
+4.8196375E-03,+17.0685969E-03,+2.5590530506E+00,-86.2521541E-03
+4.8199312E-03,+65.9366668E-03,+2.5590530506E+00,-30.8446317E-03
+4.8202250E-03,+65.9366668E-03,+2.5590530506E+00,+37.4773631E-03
+4.8205187E-03,+55.7578740E-03,+2.3085619009E+00,+82.5783663E-03
+4.8208125E-03,+14.9781280E-03,+1.1842435125E+00,+92.0815003E-03
+4.8211062E-03,-13.7635321E-03,-41.8637396E-03,+91.3131973E-03
+4.8214000E-03,+5.4858061E-03,-39.3595298E-03,+91.4049126E-03
+4.8216937E-03,+649.1962E-06,-40.1430351E-03,+91.4393266E-03
+4.8219875E-03,+6.9972696E-03,-41.9272219E-03,+91.4869384E-03
+4.8222812E-03,+15.6010531E-03,-43.6546089E-03,+91.4969619E-03
+4.8225750E-03,+22.0367455E-03,-45.2734076E-03,+91.5083219E-03
+4.8228687E-03,+21.2360097E-03,-46.5430537E-03,+91.5170089E-03
+4.8231625E-03,+14.5537053E-03,-47.4685589E-03,+91.5419007E-03
+4.8234562E-03,+6.8080657E-03,-48.0699702E-03,+91.5454089E-03
+4.8237500E-03,+167.3288E-06,-48.8384402E-03,+91.5419007E-03
+4.8240437E-03,-1.0428711E-03,-49.0873576E-03,+91.5497524E-03
+4.8243375E-03,+3.9143250E-03,-49.2093105E-03,+91.5576042E-03
+4.8246312E-03,+13.2523949E-03,-49.3362751E-03,+91.5697995E-03
+4.8249250E-03,+20.1611340E-03,-49.3746986E-03,+91.5868395E-03
+4.8252187E-03,+20.5658571E-03,-49.7505807E-03,+91.5781524E-03
+4.8255125E-03,+14.5970738E-03,-49.7589336E-03,+91.5619477E-03
+4.8258062E-03,+5.9191229E-03,-49.9944864E-03,+91.5833312E-03
+4.8261000E-03,-849.6243E-06,-50.1648862E-03,+91.5946912E-03
+4.8263937E-03,-2.2681030E-03,-50.1431686E-03,+91.5903477E-03
+4.8266875E-03,+3.1219690E-03,-50.1949568E-03,+91.5811595E-03
+4.8269812E-03,+12.6407897E-03,-50.3920861E-03,+91.5933548E-03
+4.8272750E-03,+19.6652637E-03,-50.2300391E-03,+91.6038795E-03
+4.8275687E-03,+20.3165989E-03,-50.4221566E-03,+91.5911830E-03
+4.8278625E-03,+15.1381134E-03,-50.5223918E-03,+91.5981995E-03
+4.8281562E-03,+7.3771845E-03,-50.7445799E-03,+91.5955265E-03
+4.8284500E-03,-445.2320E-06,-50.9851444E-03,+91.6182465E-03
+4.8287437E-03,-2.4083154E-03,-50.8281093E-03,+91.6160747E-03
+4.8290375E-03,+2.5464551E-03,-50.7796622E-03,+91.6147383E-03
+4.8293312E-03,+11.0342831E-03,-50.9066268E-03,+91.6282700E-03
+4.8296250E-03,+18.2905945E-03,-50.9450503E-03,+91.6274347E-03
+4.8299187E-03,+20.3895902E-03,-51.3209324E-03,+91.6060512E-03
+4.8302125E-03,+16.5979759E-03,-51.2424148E-03,+91.5990348E-03
+4.8305062E-03,+8.7586530E-03,-51.2290501E-03,+91.6103947E-03
+4.8308000E-03,+1.6453104E-03,-51.3643677E-03,+91.6082230E-03
+4.8310937E-03,-1.3213480E-03,-51.3777324E-03,+91.6025430E-03
+4.8313875E-03,+2.2393845E-03,-51.2858501E-03,+91.6025430E-03
+4.8316812E-03,+10.3385137E-03,-51.3643677E-03,+91.6047148E-03
+4.8319750E-03,+18.1421863E-03,-51.4428853E-03,+91.6038795E-03
+4.8322687E-03,+21.1654809E-03,-51.4996852E-03,+91.5911830E-03
+4.8325625E-03,+18.0149109E-03,-51.5431205E-03,+91.6068865E-03
+4.8328562E-03,+10.7153046E-03,-51.6567204E-03,+91.6204183E-03
+4.8331500E-03,+2.6039367E-03,-51.6784380E-03,+91.6217547E-03
+4.8334437E-03,-1.6997559E-03,-51.7135203E-03,+91.6125665E-03
+4.8337375E-03,+1.1080931E-03,-51.6784380E-03,+91.6160747E-03
+4.8340312E-03,+8.9185282E-03,-51.8438261E-03,+91.6212536E-03
+4.8343250E-03,+16.2853556E-03,-52.0626730E-03,+91.6474818E-03
+4.8346187E-03,+19.4194603E-03,-51.9139908E-03,+91.6396300E-03
+4.8349125E-03,+17.0815707E-03,-51.9490731E-03,+91.6339500E-03
+4.8352062E-03,+10.2160163E-03,-51.9357084E-03,+91.6339500E-03
+4.8355000E-03,+2.9021131E-03,-52.0058731E-03,+91.6296065E-03
+4.8357937E-03,-1.9476176E-03,-51.8922732E-03,+91.6269336E-03
+4.8360875E-03,-251.2501E-06,-51.9574260E-03,+91.6496535E-03
+4.8363812E-03,+7.4489262E-03,-52.1061083E-03,+91.6453100E-03
+4.8366750E-03,+15.9843125E-03,-52.0710260E-03,+91.6317783E-03
+4.8369687E-03,+20.2756929E-03,-52.1061083E-03,+91.6304418E-03
+4.8372625E-03,+18.6811677E-03,-51.9841554E-03,+91.6418018E-03
+4.8375562E-03,+11.8750060E-03,-51.9006261E-03,+91.6418018E-03
+4.8378500E-03,+3.8598572E-03,-52.0626730E-03,+91.6396300E-03
+4.8381437E-03,-523.6995E-06,-51.9357084E-03,+91.6317783E-03
+4.8384375E-03,+5.2484E-06,-52.0493083E-03,+91.6347853E-03
+4.8387312E-03,+7.0801842E-03,-52.0927436E-03,+91.6531618E-03
+4.8390250E-03,+15.8120883E-03,-52.2280611E-03,+91.6418018E-03
+4.8393187E-03,+20.7546568E-03,-52.2631435E-03,+91.6396300E-03
+4.8396125E-03,+19.4114114E-03,-52.2063435E-03,+91.6404653E-03
+4.8399062E-03,+11.9756355E-03,-52.2280611E-03,+91.6575053E-03
+4.8402000E-03,+3.8593794E-03,-52.3282963E-03,+91.6531618E-03
+4.8404937E-03,-1.5974726E-03,-52.3984610E-03,+91.6439735E-03
+4.8407875E-03,-1.4925430E-03,-52.3065787E-03,+91.6539971E-03
+4.8410812E-03,+5.2683391E-03,-52.3850963E-03,+91.6653571E-03
+4.8413750E-03,+14.2333302E-03,-52.4201786E-03,+91.6631853E-03
+4.8416687E-03,+20.6312406E-03,-52.3633787E-03,+91.6596771E-03
+4.8419625E-03,+19.9573391E-03,-52.3416610E-03,+91.6697006E-03
+4.8422562E-03,+13.7094909E-03,-52.3500140E-03,+91.6680300E-03
+4.8425500E-03,+5.5512263E-03,-52.4769786E-03,+91.6426371E-03
+4.8428437E-03,-804.5652E-06,-52.4068139E-03,+91.6588418E-03
+4.8431375E-03,-2.2088573E-03,-52.4769786E-03,+91.6418018E-03
+4.8434312E-03,+3.1879772E-03,-52.3416610E-03,+91.6483171E-03
+4.8437250E-03,+12.0889447E-03,-52.3282963E-03,+91.6697006E-03
+4.8440187E-03,+19.5114528E-03,-52.4636139E-03,+91.6810606E-03
+4.8443125E-03,+20.7951585E-03,-52.4552610E-03,+91.6767170E-03
+4.8446062E-03,+15.5858006E-03,-52.3282963E-03,+91.6675288E-03
+4.8449000E-03,+7.1833497E-03,-52.4853315E-03,+91.6645218E-03
+4.8451937E-03,-63.7000E-06,-52.5772138E-03,+91.6461453E-03
+4.8454875E-03,-2.4864888E-03,-52.5204139E-03,+91.6575053E-03
+4.8457812E-03,+1.7460134E-03,-52.5421315E-03,+91.6596771E-03
+4.8460750E-03,+10.7334605E-03,-52.5554962E-03,+91.6697006E-03
+4.8463687E-03,+18.8711068E-03,-52.3984610E-03,+91.6767170E-03
+4.8466625E-03,+20.8686276E-03,-52.3500140E-03,+91.6675288E-03
+4.8469562E-03,+16.7253247E-03,-52.5421315E-03,+91.6666935E-03
+4.8472500E-03,+8.7107640E-03,-52.5772138E-03,+91.6539971E-03
+4.8475437E-03,+1.0836157E-03,-52.5421315E-03,+91.6675288E-03
+4.8478375E-03,-1.6216928E-03,-52.5554962E-03,+91.6732088E-03
+4.8481312E-03,+929.3269E-06,-52.4636139E-03,+91.6797241E-03
+4.8484250E-03,+9.4130754E-03,-52.5638491E-03,+91.6859053E-03
+4.8487187E-03,+18.0158298E-03,-52.6557314E-03,+91.6575053E-03
+4.8490125E-03,+20.6532188E-03,-52.5337785E-03,+91.6640206E-03
+4.8493062E-03,+17.4972094E-03,-52.4719668E-03,+91.6788888E-03
+4.8496000E-03,+9.9204493E-03,-52.7125314E-03,+91.6753806E-03
+4.8498937E-03,+2.0200799E-03,-52.5989314E-03,+91.6810606E-03
+4.8501875E-03,-2.2522625E-03,-52.5772138E-03,+91.6767170E-03
+4.8504812E-03,-35.8413E-06,-52.6290020E-03,+91.6675288E-03
+4.8507750E-03,+8.2537415E-03,-52.9130018E-03,+91.6797241E-03
+4.8510687E-03,+16.3575383E-03,-52.8912842E-03,+91.6924206E-03
+4.8513625E-03,+19.7480313E-03,-52.7693313E-03,+91.6788888E-03
+4.8516562E-03,+17.2549709E-03,-52.6206491E-03,+91.6732088E-03
+4.8519500E-03,+10.6492596E-03,-52.6340138E-03,+91.6732088E-03
+4.8522437E-03,+3.7250843E-03,-52.5421315E-03,+91.6710371E-03
+4.8525375E-03,-765.2396E-06,-52.6423667E-03,+91.6697006E-03
+4.8528312E-03,+171.4451E-06,-52.7559666E-03,+91.6854041E-03
+4.8531250E-03,+6.8132846E-03,-52.7559666E-03,+91.6880770E-03
+4.8534187E-03,+15.6075216E-03,-52.7342490E-03,+91.6675288E-03
+4.8537125E-03,+20.1612443E-03,-52.6991667E-03,+91.6753806E-03
+4.8540062E-03,+17.9579439E-03,-52.7559666E-03,+91.6832323E-03
+4.8543000E-03,+11.0423688E-03,-52.6690961E-03,+91.6867406E-03
+4.8545937E-03,+4.1026837E-03,-52.5504844E-03,+91.6767170E-03
+4.8548875E-03,+91.5810E-06,-52.8562018E-03,+91.6697006E-03
+4.8551812E-03,+119.4765E-06,-52.8261313E-03,+91.6832323E-03
+4.8554750E-03,+6.3947791E-03,-52.5772138E-03,+91.6823970E-03
+4.8557687E-03,+15.4372454E-03,-52.6072844E-03,+91.6697006E-03
+4.8560625E-03,+20.7934679E-03,-52.7693313E-03,+91.6832323E-03
+4.8563562E-03,+18.2836850E-03,-52.6423667E-03,+91.6823970E-03
+4.8566500E-03,+11.5380921E-03,-52.7559666E-03,+91.6740441E-03
+4.8569437E-03,+4.0205042E-03,-52.8211195E-03,+91.6967641E-03
+4.8572375E-03,-882.6652E-06,-52.9263665E-03,+91.6967641E-03
+4.8575312E-03,-1.2057968E-03,-52.7559666E-03,+91.6924206E-03
+4.8578250E-03,+4.6693401E-03,-52.7342490E-03,+91.6788888E-03
+4.8581187E-03,+13.3475850E-03,-52.7208843E-03,+91.6775523E-03
+4.8584125E-03,+19.4123669E-03,-52.7910489E-03,+91.6910841E-03
+4.8587062E-03,+19.6595303E-03,-52.6991667E-03,+91.6967641E-03
+4.8590000E-03,+13.4070512E-03,-52.7559666E-03,+91.6989359E-03
+4.8592937E-03,+5.9815661E-03,-52.7776842E-03,+91.6959288E-03
+4.8595875E-03,+460.8376E-06,-52.8127666E-03,+91.6797241E-03
+4.8598812E-03,-428.4359E-06,-52.7776842E-03,+91.6902488E-03
+4.8601750E-03,+3.5298528E-03,-52.7910489E-03,+91.6753806E-03
+4.8604687E-03,+11.6558484E-03,-52.6774490E-03,+91.6875759E-03
+4.8607625E-03,+18.2292172E-03,-52.7208843E-03,+91.6981006E-03
+4.8610562E-03,+19.4032155E-03,-52.8127666E-03,+91.6788888E-03
+4.8613500E-03,+14.0795193E-03,-52.7994019E-03,+91.6797241E-03
+4.8616437E-03,+6.9688596E-03,-52.9347194E-03,+91.6945923E-03
+4.8619375E-03,+718.8798E-06,-53.0132370E-03,+91.6845688E-03
+4.8622312E-03,-926.0704E-06,-53.0483193E-03,+91.6710371E-03
+4.8625250E-03,+3.3483302E-03,-52.9480841E-03,+91.6762159E-03
+4.8628187E-03,+10.9007230E-03,-52.8127666E-03,+91.7067876E-03
+4.8631125E-03,+18.3164318E-03,-52.8211195E-03,+91.7146394E-03
+4.8634062E-03,+20.8060742E-03,-52.9698017E-03,+91.7181476E-03
+4.8637000E-03,+16.8002639E-03,-52.9130018E-03,+91.7102958E-03
+4.8639937E-03,+9.0157029E-03,-52.9564370E-03,+91.7046159E-03
+4.8642875E-03,+2.3793764E-03,-53.0266017E-03,+91.7067876E-03
+4.8645812E-03,-866.2734E-06,-52.9347194E-03,+91.7102958E-03
+4.8648750E-03,+1.1115846E-03,-52.9915194E-03,+91.7067876E-03
+4.8651687E-03,+7.9887530E-03,-52.9263665E-03,+91.7102958E-03
+4.8654625E-03,+16.4811384E-03,-52.8211195E-03,+91.7046159E-03
+4.8657562E-03,+19.7324848E-03,-52.9698017E-03,+91.7024441E-03
+4.8660500E-03,+17.6556145E-03,-52.8912842E-03,+91.6967641E-03
+4.8663437E-03,+10.2277772E-03,-52.8996371E-03,+91.6945923E-03
+4.8666375E-03,+3.2119769E-03,-52.9831664E-03,+91.6910841E-03
+4.8669312E-03,-632.4146E-06,-52.7994019E-03,+91.7032794E-03
+4.8672250E-03,+1.5298328E-03,-52.9130018E-03,+91.7181476E-03
+4.8675187E-03,+8.0946014E-03,-52.9130018E-03,+91.7081241E-03
+4.8678125E-03,+15.4332393E-03,-52.8478489E-03,+91.6967641E-03
+4.8681062E-03,+18.9167539E-03,-52.6991667E-03,+91.6945923E-03
+4.8684000E-03,+17.3306084E-03,-52.7776842E-03,+91.6889123E-03
+4.8686937E-03,+10.9913190E-03,-52.8344842E-03,+91.6932559E-03
+4.8689875E-03,+3.6682643E-03,-52.8779195E-03,+91.7046159E-03
+4.8692812E-03,-1.2109054E-03,-52.9263665E-03,+91.7067876E-03
+4.8695750E-03,+203.8244E-06,-52.8211195E-03,+91.7081241E-03
+4.8698687E-03,+7.0023048E-03,-52.9480841E-03,+91.6967641E-03
+4.8701625E-03,+15.2554287E-03,-52.8344842E-03,+91.6945923E-03
+4.8704562E-03,+19.0826566E-03,-52.8344842E-03,+91.6910841E-03
+4.8707500E-03,+16.3737096E-03,-52.8344842E-03,+91.6967641E-03
+4.8710437E-03,+11.9024972E-03,-52.9213547E-03,+91.6945923E-03
+4.8713375E-03,+5.5647514E-03,-53.0616840E-03,+91.6975994E-03
+4.8716312E-03,+345.2129E-06,-52.8344842E-03,+91.7203194E-03
+4.8719250E-03,+764.0858E-06,-52.8562018E-03,+91.7138041E-03
+4.8722187E-03,+6.8937734E-03,-52.9130018E-03,+91.6945923E-03
+4.8725125E-03,+15.0532509E-03,-52.9564370E-03,+91.6954276E-03
+4.8728062E-03,+19.0696460E-03,-52.9831664E-03,+91.7059523E-03
+4.8731000E-03,+17.9785623E-03,-52.7994019E-03,+91.6932559E-03
+4.8733937E-03,+12.3624232E-03,-52.8695665E-03,+91.7067876E-03
+4.8736875E-03,+4.9787997E-03,-52.7994019E-03,+91.7124676E-03
+4.8739812E-03,-633.3334E-06,-52.9564370E-03,+91.7081241E-03
+4.8742750E-03,-888.0679E-06,-53.0266017E-03,+91.6989359E-03
+4.8745687E-03,+4.8429976E-03,-52.9564370E-03,+91.6959288E-03
+4.8748625E-03,+13.0857205E-03,-53.0048841E-03,+91.6775523E-03
+4.8751562E-03,+17.9040274E-03,-52.9213547E-03,+91.6954276E-03
+4.8754500E-03,+17.9396042E-03,-53.0399664E-03,+91.7081241E-03
+4.8757437E-03,+13.4788296E-03,-52.8211195E-03,+91.6924206E-03
+4.8760375E-03,+6.2174096E-03,-52.9480841E-03,+91.6875759E-03
+4.8763312E-03,+1.3409228E-03,-52.8779195E-03,+91.7067876E-03
+4.8766250E-03,+397.5858E-06,-52.9915194E-03,+91.7124676E-03
+4.8769187E-03,+4.7798929E-03,-52.9480841E-03,+91.7081241E-03
+4.8772125E-03,+12.5555597E-03,-52.8562018E-03,+91.7011076E-03
+4.8775062E-03,+18.1885317E-03,-52.9130018E-03,+91.7059523E-03
+4.8778000E-03,+19.3411766E-03,-52.8912842E-03,+91.6997711E-03
+4.8780937E-03,+15.0142561E-03,-52.8344842E-03,+91.7281711E-03
+4.8783875E-03,+7.6243111E-03,-52.8127666E-03,+91.7173123E-03
+4.8786812E-03,+728.5825E-06,-52.7776842E-03,+91.6997711E-03
+4.8789750E-03,-1.4102532E-03,-52.8562018E-03,+91.7259994E-03
+4.8792687E-03,+2.2789307E-03,-52.8912842E-03,+91.7203194E-03
+4.8795625E-03,+9.4264902E-03,-52.8344842E-03,+91.7224911E-03
+4.8798562E-03,+16.4097642E-03,-52.8127666E-03,+91.7281711E-03
+4.8801500E-03,+19.2370188E-03,-52.7994019E-03,+91.7238276E-03
+4.8804437E-03,+15.7015356E-03,-52.8912842E-03,+91.7146394E-03
+4.8807375E-03,+8.4461430E-03,-52.8562018E-03,+91.7159758E-03
+4.8810312E-03,+1.8441437E-03,-52.9130018E-03,+91.7046159E-03
+4.8813250E-03,-813.5697E-06,-52.8695665E-03,+91.7089594E-03
+4.8816187E-03,+1.7674036E-03,-52.7994019E-03,+91.7246629E-03
+4.8819125E-03,+9.4410443E-03,-52.8478489E-03,+91.7295076E-03
+4.8822062E-03,+16.7972502E-03,-52.7426019E-03,+91.7124676E-03
+4.8825000E-03,+20.3311530E-03,-52.8912842E-03,+91.7081241E-03
+4.8827937E-03,+18.0052449E-03,-52.8562018E-03,+91.6989359E-03
+4.8830875E-03,+10.8732319E-03,-52.8912842E-03,+91.7111311E-03
+4.8833812E-03,+3.0713970E-03,-52.8562018E-03,+91.7281711E-03
+4.8836750E-03,-839.5908E-06,-52.8695665E-03,+91.7259994E-03
+4.8839687E-03,+459.1469E-06,-52.7776842E-03,+91.7181476E-03
+4.8842625E-03,+6.6853844E-03,-52.8127666E-03,+91.7146394E-03
+4.8845562E-03,+14.2253548E-03,-52.7776842E-03,+91.7159758E-03
+4.8848500E-03,+18.7770561E-03,-52.7910489E-03,+91.7089594E-03
+4.8851437E-03,+16.8320184E-03,-52.7208843E-03,+91.7224911E-03
+4.8854375E-03,+10.6289720E-03,-52.8344842E-03,+91.7216558E-03
+4.8857312E-03,+4.0123083E-03,-52.8344842E-03,+91.7111311E-03
+4.8860250E-03,-143.6376E-06,-52.8344842E-03,+91.7259994E-03
+4.8863187E-03,+73.7926E-06,-52.7910489E-03,+91.7203194E-03
+4.8866125E-03,+6.4350971E-03,-52.6991667E-03,+91.7246629E-03
+4.8869062E-03,+14.5122481E-03,-52.7342490E-03,+91.7316794E-03
+4.8872000E-03,+18.7915000E-03,-52.6991667E-03,+91.7203194E-03
+4.8874937E-03,+18.5555095E-03,-52.7342490E-03,+91.7203194E-03
+4.8877875E-03,+12.3730815E-03,-52.6991667E-03,+91.7203194E-03
+4.8880812E-03,+5.3855809E-03,-52.7776842E-03,+91.7203194E-03
+4.8883750E-03,+490.7912E-06,-52.8344842E-03,+91.7246629E-03
+4.8886687E-03,-382.3110E-06,-52.7910489E-03,+91.7338511E-03
+4.8889625E-03,+4.8177484E-03,-52.6557314E-03,+91.7346864E-03
+4.8892562E-03,+12.9579674E-03,-52.6206491E-03,+91.7408676E-03
+4.8895500E-03,+18.3243705E-03,-52.6991667E-03,+91.7102958E-03
+4.8898437E-03,+18.2405371E-03,-52.7342490E-03,+91.7089594E-03
+4.8901375E-03,+13.2202361E-03,-52.6557314E-03,+91.7224911E-03
+4.8904312E-03,+6.4045187E-03,-52.6206491E-03,+91.7281711E-03
+4.8907250E-03,+1.2034302E-03,-52.6557314E-03,+91.7281711E-03
+4.8910187E-03,-159.1473E-06,-52.6206491E-03,+91.7281711E-03
+4.8913125E-03,+3.9199850E-03,-52.6774490E-03,+91.7238276E-03
+4.8916062E-03,+11.2394379E-03,-52.6991667E-03,+91.7233264E-03
+4.8919000E-03,+17.8280959E-03,-52.7776842E-03,+91.7452111E-03
+4.8921937E-03,+18.7540488E-03,-52.7258960E-03,+91.7281711E-03
+4.8924875E-03,+14.5726698E-03,-52.3984610E-03,+91.7259994E-03
+4.8927812E-03,+8.0964023E-03,-52.3717316E-03,+91.7246629E-03
+4.8930750E-03,+1.9243753E-03,-52.6640843E-03,+91.7425382E-03
+4.8933687E-03,-328.4680E-06,-52.8344842E-03,+91.7487193E-03
+4.8936625E-03,+2.6172780E-03,-52.7476137E-03,+91.7203194E-03
+4.8939562E-03,+10.5163243E-03,-52.5638491E-03,+91.7203194E-03
+4.8942500E-03,+17.5812633E-03,-52.6557314E-03,+91.7203194E-03
+4.8945437E-03,+19.2222074E-03,-52.5989314E-03,+91.7290064E-03
+4.8948375E-03,+14.7967156E-03,-52.6206491E-03,+91.7452111E-03
+4.8951312E-03,+8.0160237E-03,-52.6774490E-03,+91.7325147E-03
+4.8954250E-03,+1.5715473E-03,-52.6991667E-03,+91.7438746E-03
+4.8957187E-03,-1.0253400E-03,-52.6908137E-03,+91.7417029E-03
+4.8960125E-03,+2.0157798E-03,-52.5421315E-03,+91.7338511E-03
+4.8963062E-03,+9.5345438E-03,-52.5772138E-03,+91.7259994E-03
+4.8966000E-03,+17.6924041E-03,-52.5421315E-03,+91.7203194E-03
+4.8968937E-03,+19.7237376E-03,-52.6206491E-03,+91.7246629E-03
+4.8971875E-03,+15.7753354E-03,-52.6991667E-03,+91.7316794E-03
+4.8974812E-03,+9.0088301E-03,-52.7125314E-03,+91.7203194E-03
+4.8977750E-03,+2.8607293E-03,-52.6423667E-03,+91.7246629E-03
+4.8980687E-03,-850.8739E-06,-52.7125314E-03,+91.7316794E-03
+4.8983625E-03,+1.9737345E-03,-52.6640843E-03,+91.7246629E-03
+4.8986562E-03,+8.0571502E-03,-52.7476137E-03,+91.7338511E-03
+4.8989500E-03,+15.2204032E-03,-52.5638491E-03,+91.7259994E-03
+4.8992437E-03,+19.1560521E-03,-52.5905785E-03,+91.7224911E-03
+4.8995375E-03,+17.2028553E-03,-52.4502492E-03,+91.7303429E-03
+4.8998312E-03,+10.6642916E-03,-52.6557314E-03,+91.7338511E-03
+4.9001250E-03,+3.2623651E-03,-52.6206491E-03,+91.7281711E-03
+4.9004187E-03,-1.0844019E-03,-52.6340138E-03,+91.7303429E-03
+4.9007125E-03,+106.5027E-06,-52.5855667E-03,+91.7360229E-03
+4.9010062E-03,+5.7569691E-03,-52.7342490E-03,+91.7381946E-03
+4.9013000E-03,+14.3481830E-03,-52.6340138E-03,+91.7395311E-03
+4.9015937E-03,+19.6857351E-03,-52.5638491E-03,+91.7325147E-03
+4.9018875E-03,+18.5710560E-03,-52.6122961E-03,+91.7438746E-03
+4.9021812E-03,+12.6784247E-03,-52.4853315E-03,+91.7351876E-03
+4.9024750E-03,+5.3447117E-03,-52.5989314E-03,+91.7168111E-03
+4.9027687E-03,+474.2524E-06,-52.5772138E-03,+91.7281711E-03
+4.9030625E-03,+823.8828E-06,-52.5421315E-03,+91.7303429E-03
+4.9033562E-03,+5.4510378E-03,-52.5554962E-03,+91.7360229E-03
+4.9036500E-03,+13.0714603E-03,-52.4201786E-03,+91.7338511E-03
+4.9039437E-03,+19.3495930E-03,-52.4068139E-03,+91.7303429E-03
+4.9042375E-03,+18.9440246E-03,-52.5204139E-03,+91.7338511E-03
+4.9045312E-03,+13.3820960E-03,-52.4986962E-03,+91.7303429E-03
+4.9048250E-03,+6.4696816E-03,-52.4636139E-03,+91.7381946E-03
+4.9051187E-03,+1.7752320E-03,-52.5204139E-03,+91.7395311E-03
+4.9054125E-03,+1.6306093E-03,-52.4986962E-03,+91.7303429E-03
+4.9057062E-03,+5.1927016E-03,-52.4418963E-03,+91.7338511E-03
+4.9060000E-03,+12.0944944E-03,-52.4418963E-03,+91.7238276E-03
+4.9062937E-03,+18.6465465E-03,-52.4418963E-03,+91.7211547E-03
+4.9065875E-03,+18.1146216E-03,-52.4418963E-03,+91.7395311E-03
+4.9068812E-03,+13.3652999E-03,-52.4201786E-03,+91.7346864E-03
+4.9071750E-03,+6.6804963E-03,-52.4285316E-03,+91.7495546E-03
+4.9074687E-03,+1.6356444E-03,-52.5554962E-03,+91.7438746E-03
+4.9077625E-03,+52.7332E-06,-52.4418963E-03,+91.7417029E-03
+4.9080562E-03,+3.5621954E-03,-52.4636139E-03,+91.7338511E-03
+4.9083500E-03,+11.1960327E-03,-52.4769786E-03,+91.7303429E-03
+4.9086437E-03,+17.4546495E-03,-52.3416610E-03,+91.7403664E-03
+4.9089375E-03,+18.4792840E-03,-52.3065787E-03,+91.7473829E-03
+4.9092312E-03,+13.7609083E-03,-52.3633787E-03,+91.7403664E-03
+4.9095250E-03,+7.3517883E-03,-52.4068139E-03,+91.7452111E-03
+4.9098187E-03,+1.1522701E-03,-52.4986962E-03,+91.7325147E-03
+4.9101125E-03,-1.0859455E-03,-52.4418963E-03,+91.7417029E-03
+4.9104062E-03,+1.4088789E-03,-52.3984610E-03,+91.7316794E-03
+4.9107000E-03,+9.5800439E-03,-52.3065787E-03,+91.7268347E-03
+4.9109937E-03,+17.0118137E-03,-52.3633787E-03,+91.7417029E-03
+4.9112875E-03,+19.3813475E-03,-52.4068139E-03,+91.7360229E-03
+4.9115812E-03,+15.9916263E-03,-52.4769786E-03,+91.7403664E-03
+4.9118750E-03,+8.7134102E-03,-52.3633787E-03,+91.7473829E-03
+4.9121687E-03,+1.7362004E-03,-52.3633787E-03,+91.7360229E-03
+4.9124625E-03,-1.4112823E-03,-52.4068139E-03,+91.7338511E-03
+4.9127562E-03,+685.9491E-06,-52.4335433E-03,+91.7325147E-03
+4.9130500E-03,+8.3384937E-03,-52.1846259E-03,+91.7438746E-03
+4.9133437E-03,+16.5141425E-03,-52.1712612E-03,+91.7460464E-03
+4.9136375E-03,+19.3834792E-03,-52.2848611E-03,+91.7495546E-03
+4.9139312E-03,+16.5596058E-03,-52.3065787E-03,+91.7373594E-03
+4.9142250E-03,+9.8052290E-03,-52.3416610E-03,+91.7311782E-03
+4.9145187E-03,+2.6561993E-03,-52.3282963E-03,+91.7574064E-03
+4.9148125E-03,-1.3874297E-03,-52.4201786E-03,+91.7473829E-03
+4.9151062E-03,+1.2551783E-03,-52.3416610E-03,+91.7381946E-03
+4.9154000E-03,+9.1732626E-03,-52.2414258E-03,+91.7460464E-03
+4.9156937E-03,+17.2592343E-03,-52.1712612E-03,+91.7517264E-03
+4.9159875E-03,+20.8070665E-03,-52.2848611E-03,+91.7473829E-03
+4.9162812E-03,+17.3836796E-03,-52.3282963E-03,+91.7295076E-03
+4.9165750E-03,+10.6663130E-03,-52.3984610E-03,+91.7233264E-03
+4.9168687E-03,+3.2989343E-03,-52.3282963E-03,+91.7517264E-03
+4.9171625E-03,-982.5596E-06,-52.4201786E-03,+91.7473829E-03
+4.9174562E-03,+184.6394E-06,-52.3633787E-03,+91.7338511E-03
+4.9177500E-03,+8.0041892E-03,-52.3416610E-03,+91.7325147E-03
+4.9180437E-03,+15.8771410E-03,-52.3282963E-03,+91.7438746E-03
+4.9183375E-03,+20.0846512E-03,-52.3984610E-03,+91.7417029E-03
+4.9186312E-03,+18.7479478E-03,-52.2848611E-03,+91.7360229E-03
+4.9189250E-03,+11.9024972E-03,-52.2414258E-03,+91.7381946E-03
+4.9192187E-03,+3.5779256E-03,-52.1929788E-03,+91.7438746E-03
+4.9195125E-03,-1.5336695E-03,-52.2765082E-03,+91.7438746E-03
+4.9198062E-03,-998.1061E-06,-52.1144612E-03,+91.7395311E-03
+4.9201000E-03,+4.9256917E-03,-52.2414258E-03,+91.7325147E-03
+4.9203937E-03,+13.6071708E-03,-52.1278259E-03,+91.7482182E-03
+4.9206875E-03,+19.1445485E-03,-52.1278259E-03,+91.7552346E-03
+4.9209812E-03,+19.1320892E-03,-52.1495435E-03,+91.7438746E-03
+4.9212750E-03,+12.9959699E-03,-52.2714964E-03,+91.7438746E-03
+4.9215687E-03,+5.5761815E-03,-52.3767434E-03,+91.7460464E-03
+4.9218625E-03,-229.6394E-06,-52.2063435E-03,+91.7495546E-03
+4.9221562E-03,-1.4582158E-03,-52.2280611E-03,+91.7438746E-03
+4.9224500E-03,+4.1115044E-03,-52.2197082E-03,+91.7438746E-03
+4.9227437E-03,+12.4951379E-03,-52.0927436E-03,+91.7438746E-03
+4.9230375E-03,+19.3117742E-03,-52.1629082E-03,+91.7482182E-03
+4.9233312E-03,+19.9123903E-03,-52.0710260E-03,+91.7617499E-03
+4.9236250E-03,+13.6546188E-03,-52.1278259E-03,+91.7587429E-03
+4.9239187E-03,+5.7937955E-03,-52.1061083E-03,+91.7360229E-03
+4.9242125E-03,+8.7767E-06,-52.0927436E-03,+91.7403664E-03
+4.9245062E-03,-633.2232E-06,-52.1846259E-03,+91.7473829E-03
+4.9248000E-03,+4.3756476E-03,-52.1061083E-03,+91.7338511E-03
+4.9250937E-03,+13.2821648E-03,-52.0927436E-03,+91.7303429E-03
+4.9253875E-03,+19.1589189E-03,-52.1846259E-03,+91.7403664E-03
+4.9256812E-03,+19.6206090E-03,-52.1061083E-03,+91.7560699E-03
+4.9259750E-03,+14.5702074E-03,-52.0275907E-03,+91.7543993E-03
+4.9262687E-03,+6.7742530E-03,-52.0142260E-03,+91.7290064E-03
+4.9265625E-03,+490.8279E-06,-52.1495435E-03,+91.7495546E-03
+4.9268562E-03,-1.7446680E-03,-52.2497788E-03,+91.7417029E-03
+4.9271500E-03,+2.9153809E-03,-52.2982258E-03,+91.7360229E-03
+4.9274437E-03,+10.8455569E-03,-52.1061083E-03,+91.7360229E-03
+4.9277375E-03,+18.1531386E-03,-52.0275907E-03,+91.7403664E-03
+4.9280312E-03,+20.2653286E-03,-52.0142260E-03,+91.7473829E-03
+4.9283250E-03,+16.3400807E-03,-52.0626730E-03,+91.7425382E-03
+4.9286187E-03,+9.2137643E-03,-51.9357084E-03,+91.7552346E-03
+4.9289125E-03,+1.7914400E-03,-52.0493083E-03,+91.7438746E-03
+4.9292062E-03,-1.2610364E-03,-52.0710260E-03,+91.7460464E-03
+4.9295000E-03,+691.1681E-06,-52.1061083E-03,+91.7517264E-03
+4.9297937E-03,+8.3114436E-03,-52.0493083E-03,+91.7495546E-03
+4.9300875E-03,+15.5422852E-03,-52.0275907E-03,+91.7482182E-03
+4.9303812E-03,+18.6481636E-03,-51.9925084E-03,+91.7552346E-03
+4.9306750E-03,+16.6559352E-03,-52.0275907E-03,+91.7460464E-03
+4.9309687E-03,+10.6265463E-03,-51.9925084E-03,+91.7560699E-03
+4.9312625E-03,+3.6606197E-03,-52.0493083E-03,+91.7609146E-03
+4.9315562E-03,-911.3692E-06,-52.0058731E-03,+91.7460464E-03
+4.9318500E-03,+811.2766E-06,-51.9574260E-03,+91.7582417E-03
+4.9321437E-03,+7.7984832E-03,-52.0409554E-03,+91.7665946E-03
+4.9324375E-03,+16.9727821E-03,-51.7486027E-03,+91.7460464E-03
+4.9327312E-03,+20.5102867E-03,-51.6650733E-03,+91.7582417E-03
+4.9330250E-03,+17.6461322E-03,-51.9139908E-03,+91.7644229E-03
+4.9333187E-03,+11.1150660E-03,-51.9707907E-03,+91.7403664E-03
+4.9336125E-03,+3.2940094E-03,-51.9925084E-03,+91.7517264E-03
+4.9339062E-03,-1.5996410E-03,-51.9841554E-03,+91.7538982E-03
+4.9342000E-03,-957.5676E-06,-51.8571908E-03,+91.7530629E-03
+4.9344937E-03,+7.1013539E-03,-51.9707907E-03,+91.7381946E-03
+4.9347875E-03,+15.7162735E-03,-51.9925084E-03,+91.7503899E-03
+4.9350812E-03,+20.5621451E-03,-51.9841554E-03,+91.7587429E-03
+4.9353750E-03,+18.0485398E-03,-51.8789085E-03,+91.7403664E-03
+4.9356687E-03,+12.2755025E-03,-52.0058731E-03,+91.7517264E-03
+4.9359625E-03,+5.0221681E-03,-51.8705555E-03,+91.7538982E-03
+4.9362562E-03,+2.3817E-06,-51.8789085E-03,+91.7574064E-03
+4.9365500E-03,+107.7523E-06,-51.9841554E-03,+91.7560699E-03
+4.9368437E-03,+6.1865739E-03,-51.8789085E-03,+91.7652582E-03
+4.9371375E-03,+14.2900767E-03,-51.9841554E-03,+91.7595782E-03
+4.9374312E-03,+19.9462765E-03,-51.7920379E-03,+91.7552346E-03
+4.9377250E-03,+19.3674181E-03,-51.8003909E-03,+91.7482182E-03
+4.9380187E-03,+13.9898789E-03,-51.9056378E-03,+91.7552346E-03
+4.9383125E-03,+5.8818187E-03,-51.7352380E-03,+91.7525617E-03
+4.9386062E-03,-643.6977E-06,-51.7786732E-03,+91.7709382E-03
+4.9389000E-03,-1.2471438E-03,-51.8705555E-03,+91.7595782E-03
+4.9391937E-03,+3.7668356E-03,-51.8137556E-03,+91.7552346E-03
+4.9394875E-03,+12.3269933E-03,-51.8137556E-03,+91.7482182E-03
+4.9397812E-03,+19.1721132E-03,-51.8571908E-03,+91.7617499E-03
+4.9400750E-03,+20.0538523E-03,-51.9056378E-03,+91.7652582E-03
+4.9403687E-03,+14.9056145E-03,-51.7786732E-03,+91.7617499E-03
+4.9406625E-03,+6.9676468E-03,-51.8488379E-03,+91.7674299E-03
+4.9409562E-03,-86.5971E-06,-51.7352380E-03,+91.7674299E-03
+4.9412500E-03,-1.6760503E-03,-51.7352380E-03,+91.7652582E-03
+4.9415437E-03,+2.4672158E-03,-51.7135203E-03,+91.7552346E-03
+4.9418375E-03,+11.2279710E-03,-51.6567204E-03,+91.7438746E-03
+4.9421312E-03,+18.6738539E-03,-51.6784380E-03,+91.7460464E-03
+4.9424250E-03,+19.9928792E-03,-51.7569556E-03,+91.7538982E-03
+4.9427187E-03,+15.5517675E-03,-51.7703203E-03,+91.7574064E-03
+4.9430125E-03,+6.9937046E-03,-51.6567204E-03,+91.7495546E-03
+4.9433062E-03,+1.0000763E-03,-51.6567204E-03,+91.7351876E-03
+4.9436000E-03,-1.1734910E-03,-51.6567204E-03,+91.7254982E-03
+4.9438937E-03,+2.9821977E-03,-51.6784380E-03,+91.7574064E-03
+4.9441875E-03,+10.8290181E-03,-51.7135203E-03,+91.7560699E-03
+4.9444812E-03,+17.7038710E-03,-51.6350028E-03,+91.7674299E-03
+4.9447750E-03,+19.5182888E-03,-51.6216381E-03,+91.7652582E-03
+4.9450687E-03,+15.5301935E-03,-51.7569556E-03,+91.7552346E-03
+4.9453625E-03,+8.4221066E-03,-51.8354732E-03,+91.7395311E-03
+4.9456562E-03,+899.2998E-06,-51.7836850E-03,+91.7303429E-03
+4.9459500E-03,-1.4827667E-03,-51.5431205E-03,+91.7512252E-03
+4.9462437E-03,+1.7307977E-03,-51.6784380E-03,+91.7822981E-03
+4.9465375E-03,+9.1772319E-03,-51.7352380E-03,+91.7574064E-03
+4.9468312E-03,+16.7981690E-03,-51.6918027E-03,+91.7538982E-03
+4.9471250E-03,+19.7070518E-03,-51.5347675E-03,+91.7595782E-03
+4.9474187E-03,+16.8160677E-03,-51.5297558E-03,+91.7639217E-03
+4.9477125E-03,+10.3309426E-03,-51.7920379E-03,+91.7687664E-03
+4.9480062E-03,+3.5773743E-03,-51.7569556E-03,+91.7517264E-03
+4.9483000E-03,-672.7325E-06,-51.8354732E-03,+91.7517264E-03
+4.9485937E-03,+1.4401924E-03,-51.7836850E-03,+91.7517264E-03
+4.9488875E-03,+8.2431199E-03,-51.4996852E-03,+91.7517264E-03
+4.9491812E-03,+16.3927108E-03,-51.4779676E-03,+91.7495546E-03
+4.9494750E-03,+19.7410482E-03,-51.5080382E-03,+91.7460464E-03
+4.9497687E-03,+16.5955502E-03,-51.6700851E-03,+91.7538982E-03
+4.9500625E-03,+10.6800953E-03,-51.5214028E-03,+91.7595782E-03
+4.9503562E-03,+3.6852441E-03,-51.5999204E-03,+91.7595782E-03
+4.9506500E-03,-432.5523E-06,-51.6350028E-03,+91.7574064E-03
+4.9509437E-03,+366.2356E-06,-51.5999204E-03,+91.7582417E-03
+4.9512375E-03,+7.2750114E-03,-51.5481322E-03,+91.7709382E-03
+4.9515312E-03,+15.6496772E-03,-51.3075677E-03,+91.7617499E-03
+4.9518250E-03,+19.6255338E-03,-51.4863205E-03,+91.7630864E-03
+4.9521187E-03,+17.0333876E-03,-51.6350028E-03,+91.7560699E-03
+4.9524125E-03,+10.6472750E-03,-51.5130499E-03,+91.7609146E-03
+4.9527062E-03,+4.6659589E-03,-51.3860853E-03,+91.7438746E-03
+4.9530000E-03,-277.8225E-06,-51.5431205E-03,+91.7503899E-03
+4.9532937E-03,-137.6836E-06,-51.6567204E-03,+91.7630864E-03
+4.9535875E-03,+5.6621466E-03,-51.6350028E-03,+91.7495546E-03
+4.9538812E-03,+14.1389120E-03,-51.5347675E-03,+91.7503899E-03
+4.9541750E-03,+19.2696554E-03,-51.4211676E-03,+91.7609146E-03
+4.9544687E-03,+18.2103997E-03,-51.4646029E-03,+91.7460464E-03
+4.9547625E-03,+11.9750475E-03,-51.5999204E-03,+91.7517264E-03
+4.9550562E-03,+5.1875195E-03,-51.5698499E-03,+91.7538982E-03
+4.9553500E-03,-340.7435E-06,-51.3860853E-03,+91.7660935E-03
+4.9556437E-03,-791.0769E-06,-51.4562500E-03,+91.7766181E-03
+4.9559375E-03,+5.3912776E-03,-51.3643677E-03,+91.7617499E-03
+4.9562312E-03,+13.7903841E-03,-51.3994500E-03,+91.7652582E-03
+4.9565250E-03,+19.7123442E-03,-51.4295206E-03,+91.7660935E-03
+4.9568187E-03,+19.3588180E-03,-51.6567204E-03,+91.7722746E-03
+4.9571125E-03,+13.5209117E-03,-51.5698499E-03,+91.7460464E-03
+4.9574062E-03,+5.7322711E-03,-51.3860853E-03,+91.7538982E-03
+4.9577000E-03,+282.9902E-06,-51.4996852E-03,+91.7617499E-03
+4.9579937E-03,-321.1909E-06,-51.4779676E-03,+91.7674299E-03
+4.9582875E-03,+3.8826073E-03,-51.4211676E-03,+91.7696017E-03
+4.9585812E-03,+11.1065394E-03,-51.4428853E-03,+91.7731099E-03
+4.9588750E-03,+17.7163670E-03,-51.4996852E-03,+91.7630864E-03
+4.9591687E-03,+19.9924014E-03,-51.4562500E-03,+91.7560699E-03
+4.9594625E-03,+15.4810548E-03,-51.3643677E-03,+91.7630864E-03
+4.9597562E-03,+7.5619414E-03,-51.4211676E-03,+91.7538982E-03
+4.9600500E-03,+707.1556E-06,-51.4428853E-03,+91.7617499E-03
+4.9603437E-03,-1.1132530E-03,-51.5214028E-03,+91.7609146E-03
+4.9606375E-03,+2.4878710E-03,-51.5347675E-03,+91.7482182E-03
+4.9609312E-03,+10.2916905E-03,-51.4646029E-03,+91.7617499E-03
+4.9612250E-03,+17.7294143E-03,-51.4913323E-03,+91.7674299E-03
+4.9615187E-03,+20.6125333E-03,-51.2858501E-03,+91.7652582E-03
+4.9618125E-03,+16.5648983E-03,-51.3426500E-03,+91.7617499E-03
+4.9621062E-03,+8.7735379E-03,-51.3643677E-03,+91.7630864E-03
+4.9624000E-03,+1.2539287E-03,-51.3994500E-03,+91.7582417E-03
+4.9626937E-03,-1.5496938E-03,-51.4295206E-03,+91.7665946E-03
+4.9629875E-03,+1.0468995E-03,-51.5698499E-03,+91.7482182E-03
+4.9632812E-03,+8.9726285E-03,-51.3209324E-03,+91.7617499E-03
+4.9635750E-03,+17.0511393E-03,-51.3292853E-03,+91.7674299E-03
+4.9638687E-03,+20.0386733E-03,-51.4779676E-03,+91.7630864E-03
+4.9641625E-03,+16.6666671E-03,-51.4211676E-03,+91.7517264E-03
+4.9644562E-03,+9.0901643E-03,-51.4646029E-03,+91.7473829E-03
+4.9647500E-03,+2.3794866E-03,-51.5782028E-03,+91.7425382E-03
+4.9650437E-03,-1.1341286E-03,-51.4696147E-03,+91.7617499E-03
+4.9653375E-03,+1.5432108E-03,-51.2290501E-03,+91.7696017E-03
+4.9656312E-03,+8.8012129E-03,-51.3426500E-03,+91.7687664E-03
+4.9659250E-03,+15.7350910E-03,-51.3860853E-03,+91.7538982E-03
+4.9662187E-03,+19.9685488E-03,-51.4128147E-03,+91.7639217E-03
+4.9665125E-03,+17.4408304E-03,-51.1638972E-03,+91.7687664E-03
+4.9668062E-03,+12.0530739E-03,-51.1722502E-03,+91.7538982E-03
+4.9671000E-03,+4.5045768E-03,-51.3426500E-03,+91.7552346E-03
+4.9673937E-03,-347.4325E-06,-51.2992148E-03,+91.7525617E-03
+4.9676875E-03,+316.5089E-06,-51.2290501E-03,+91.7665946E-03
+4.9679812E-03,+6.9238006E-03,-51.3209324E-03,+91.7503899E-03
+4.9682750E-03,+14.7205636E-03,-51.2424148E-03,+91.7609146E-03
+4.9685687E-03,+19.2248903E-03,-51.2507678E-03,+91.7482182E-03
+4.9688625E-03,+17.2360064E-03,-51.3342971E-03,+91.7617499E-03
+4.9691562E-03,+10.2135906E-03,-51.1939678E-03,+91.7652582E-03
+4.9694500E-03,+4.0500536E-03,-51.3994500E-03,+91.7639217E-03
+4.9697437E-03,-844.2216E-06,-51.3426500E-03,+91.7731099E-03
+4.9700375E-03,-790.7094E-06,-51.3209324E-03,+91.7674299E-03
+4.9703312E-03,+5.0745410E-03,-51.1772619E-03,+91.7587429E-03
+4.9706250E-03,+13.2758065E-03,-50.9717797E-03,+91.7381946E-03
+4.9709187E-03,+18.6296034E-03,-51.1154502E-03,+91.7460464E-03
+4.9712125E-03,+17.9511814E-03,-51.3426500E-03,+91.7560699E-03
+4.9715062E-03,+13.2571361E-03,-51.3209324E-03,+91.7630864E-03
+4.9718000E-03,+6.0113728E-03,-51.2641325E-03,+91.7560699E-03
+4.9720937E-03,+1.3232079E-03,-51.2858501E-03,+91.7630864E-03
+4.9723875E-03,+450.6938E-06,-51.2774972E-03,+91.7560699E-03
+4.9726812E-03,+4.9381877E-03,-51.1288149E-03,+91.7630864E-03
+4.9729750E-03,+12.8695031E-03,-51.2290501E-03,+91.7495546E-03
+4.9732687E-03,+18.6514714E-03,-51.2992148E-03,+91.7482182E-03
+4.9735625E-03,+19.1522298E-03,-51.2073325E-03,+91.7639217E-03
+4.9738562E-03,+14.3573345E-03,-51.1555443E-03,+91.7731099E-03
+4.9741500E-03,+7.5170661E-03,-50.9366974E-03,+91.7630864E-03
+4.9744437E-03,+1.9087921E-03,-51.1070973E-03,+91.7538982E-03
+4.9747375E-03,-164.9910E-06,-51.1505325E-03,+91.7639217E-03
+4.9750312E-03,+4.3629311E-03,-51.2858501E-03,+91.7709382E-03
+4.9753250E-03,+11.2943835E-03,-51.2557795E-03,+91.7617499E-03
+4.9756187E-03,+17.3073806E-03,-51.0720150E-03,+91.7630864E-03
+4.9759125E-03,+19.3685942E-03,-51.1856149E-03,+91.7560699E-03
+4.9762062E-03,+15.4726017E-03,-51.2507678E-03,+91.7674299E-03
+4.9765000E-03,+8.0356865E-03,-51.3560147E-03,+91.7630864E-03
+4.9767937E-03,+1.4927491E-03,-51.1421796E-03,+91.7495546E-03
+4.9770875E-03,-1.6622680E-03,-51.1154502E-03,+91.7438746E-03
+4.9773812E-03,+1.7799731E-03,-51.2774972E-03,+91.7482182E-03
+4.9776750E-03,+9.3978229E-03,-51.0853797E-03,+91.7617499E-03
+4.9779687E-03,+15.6547859E-03,-51.0068621E-03,+91.7674299E-03
+4.9782625E-03,+18.3953403E-03,-51.0152150E-03,+91.7652582E-03
+4.9785562E-03,+15.1871418E-03,-51.1638972E-03,+91.7574064E-03
+4.9788500E-03,+8.2569022E-03,-51.1505325E-03,+91.7538982E-03
+4.9791437E-03,+1.7039681E-03,-51.2641325E-03,+91.7595782E-03
+4.9794375E-03,-794.7522E-06,-51.2206972E-03,+91.7595782E-03
+4.9797312E-03,+1.9323874E-03,-51.0853797E-03,+91.7574064E-03
+4.9800250E-03,+8.6937106E-03,-51.0068621E-03,+91.7517264E-03
+4.9803187E-03,+15.7381415E-03,-50.9934974E-03,+91.7517264E-03
+4.9806125E-03,+18.8836028E-03,-51.0853797E-03,+91.7495546E-03
+4.9809062E-03,+16.5110552E-03,-51.0068621E-03,+91.7503899E-03
+4.9812000E-03,+10.8311130E-03,-50.9500621E-03,+91.7696017E-03
+4.9814937E-03,+4.9433699E-03,-50.9934974E-03,+91.7687664E-03
+4.9817875E-03,+638.2806E-06,-51.0853797E-03,+91.7582417E-03
+4.9820812E-03,+2.1328378E-03,-51.0285797E-03,+91.7665946E-03
+4.9823750E-03,+8.2103730E-03,-50.9851444E-03,+91.7503899E-03
+4.9826687E-03,+15.8164987E-03,-50.9366974E-03,+91.7717734E-03
+4.9829625E-03,+19.9038637E-03,-51.0636620E-03,+91.7744464E-03
+4.9832562E-03,+18.2999298E-03,-50.9717797E-03,+91.7538982E-03
+4.9835500E-03,+12.0109550E-03,-51.0720150E-03,+91.7660935E-03
+4.9838437E-03,+5.2303366E-03,-51.1204620E-03,+91.7787899E-03
+4.9841375E-03,+806.7192E-06,-50.9717797E-03,+91.7674299E-03
+4.9844312E-03,+773.7886E-06,-51.0285797E-03,+91.7674299E-03
+4.9847250E-03,+6.0906855E-03,-51.0068621E-03,+91.7674299E-03
+4.9850187E-03,+13.7962278E-03,-50.9934974E-03,+91.7674299E-03
+4.9853125E-03,+17.7243056E-03,-51.0419444E-03,+91.7630864E-03
+4.9856062E-03,+17.4391398E-03,-50.8932622E-03,+91.7582417E-03
+4.9859000E-03,+11.3309894E-03,-50.9934974E-03,+91.7709382E-03
+4.9861937E-03,+4.6965373E-03,-51.0636620E-03,+91.7530629E-03
+4.9864875E-03,+151.7088E-06,-51.0152150E-03,+91.7403664E-03
+4.9867812E-03,+104.3711E-06,-51.1204620E-03,+91.7582417E-03
+4.9870750E-03,+4.9444357E-03,-50.9934974E-03,+91.7709382E-03
+4.9873687E-03,+12.7778413E-03,-51.1288149E-03,+91.7617499E-03
+4.9876625E-03,+18.0080749E-03,-51.1421796E-03,+91.7630864E-03
+4.9879562E-03,+16.8038289E-03,-50.8982739E-03,+91.7538982E-03
+4.9882500E-03,+12.1655746E-03,-50.6443447E-03,+91.7574064E-03
+4.9885437E-03,+6.5225690E-03,-50.9149798E-03,+91.7560699E-03
+4.9888375E-03,+2.0671604E-03,-50.9851444E-03,+91.7652582E-03
+4.9891312E-03,+1.3237592E-03,-50.9149798E-03,+91.7595782E-03
+4.9894250E-03,+5.2600697E-03,-50.9417092E-03,+91.7595782E-03
+4.9897187E-03,+12.5658873E-03,-50.7796622E-03,+91.7574064E-03
+4.9900125E-03,+17.7609115E-03,-50.8849092E-03,+91.7517264E-03
+4.9903062E-03,+17.7102660E-03,-50.7362270E-03,+91.7538982E-03
+4.9906000E-03,+12.3292720E-03,-50.7930269E-03,+91.7595782E-03
+4.9908937E-03,+7.0320012E-03,-50.8147446E-03,+91.7660935E-03
+4.9911875E-03,+2.0093113E-03,-50.9366974E-03,+91.7787899E-03
+4.9914812E-03,+463.0795E-06,-51.0636620E-03,+91.7652582E-03
+4.9917750E-03,+4.5378382E-03,-50.9283445E-03,+91.7574064E-03
+4.9920687E-03,+11.4616092E-03,-50.8063916E-03,+91.7560699E-03
+4.9923625E-03,+17.7739221E-03,-50.6577094E-03,+91.7652582E-03
+4.9926562E-03,+19.4571320E-03,-50.7579446E-03,+91.7639217E-03
+4.9929500E-03,+15.5068186E-03,-50.8498269E-03,+91.7731099E-03
+4.9932437E-03,+9.0362845E-03,-50.7930269E-03,+91.7652582E-03
+4.9935375E-03,+2.6657918E-03,-50.8364622E-03,+91.7574064E-03
+4.9938312E-03,+457.9708E-06,-50.8849092E-03,+91.7538982E-03
+4.9941250E-03,+3.3228237E-03,-50.7145093E-03,+91.7595782E-03
+4.9944187E-03,+9.1470578E-03,-50.7145093E-03,+91.7595782E-03
+4.9947125E-03,+15.9962572E-03,-50.7579446E-03,+91.7574064E-03
+4.9950062E-03,+17.7272459E-03,-50.8715445E-03,+91.7517264E-03
+4.9953000E-03,+14.9125608E-03,-50.8715445E-03,+91.7560699E-03
+4.9955937E-03,+8.7931272E-03,-50.8932622E-03,+91.7587429E-03
+4.9958875E-03,+2.4934942E-03,-50.9066268E-03,+91.7425382E-03
+4.9961812E-03,-634.6198E-06,-50.7930269E-03,+91.7574064E-03
+4.9964750E-03,+2.4694945E-03,-50.7278740E-03,+91.7560699E-03
+4.9967687E-03,+8.6934533E-03,-50.5357565E-03,+91.7674299E-03
+4.9970625E-03,+14.4213948E-03,-50.5658271E-03,+91.7696017E-03
+4.9973562E-03,+17.7646603E-03,-50.7495917E-03,+91.7665946E-03
+4.9976500E-03,+15.3969642E-03,-50.7011447E-03,+91.7503899E-03
+4.9979437E-03,+10.0590813E-03,-50.8281093E-03,+91.7717734E-03
+4.9982375E-03,+3.6265497E-03,-50.7145093E-03,+91.7766181E-03
+4.9985312E-03,+231.4626E-06,-50.7579446E-03,+91.7617499E-03
+4.9988250E-03,+2.1751404E-03,-50.8498269E-03,+91.7696017E-03
+4.9991187E-03,+8.1176822E-03,-50.8147446E-03,+91.7665946E-03
+4.9994125E-03,+14.7658431E-03,-50.7846740E-03,+91.7460464E-03
+4.9997062E-03,+17.9050932E-03,-50.6009094E-03,+91.7473829E-03
+5.0000000E-03,+17.0398194E-03,-50.7362270E-03,+91.7425382E-03
+5.0002937E-03,+11.9382945E-03,-50.6844388E-03,+91.7595782E-03
+5.0005875E-03,+5.8243004E-03,-50.4655919E-03,+91.7552346E-03
+5.0008812E-03,+948.3650E-06,-50.6359918E-03,+91.7482182E-03
+5.0011750E-03,+866.7367E-06,-50.7011447E-03,+91.7595782E-03
+5.0014687E-03,+5.8888018E-03,-50.8281093E-03,+91.7552346E-03
+5.0017625E-03,+13.0852427E-03,-50.6927917E-03,+91.7482182E-03
+5.0020562E-03,+17.8579760E-03,-50.6794270E-03,+91.7617499E-03
+5.0023500E-03,+17.9235799E-03,-50.6627212E-03,+91.7652582E-03
+5.0026437E-03,+12.9618264E-03,-50.4305096E-03,+91.7595782E-03
+5.0029375E-03,+6.2299791E-03,-50.7145093E-03,+91.7530629E-03
+5.0032312E-03,+487.1159E-06,-50.7579446E-03,+91.7381946E-03
+5.0035250E-03,-684.3465E-06,-50.8281093E-03,+91.7460464E-03
+5.0038187E-03,+3.4648369E-03,-50.6710741E-03,+91.7560699E-03
+5.0041125E-03,+11.5172899E-03,-50.5357565E-03,+91.7609146E-03
+5.0044062E-03,+17.3561150E-03,-50.4789566E-03,+91.7482182E-03
+5.0047000E-03,+18.0801841E-03,-50.4789566E-03,+91.7552346E-03
+5.0049937E-03,+13.8120683E-03,-50.4789566E-03,+91.7438746E-03
+5.0052875E-03,+7.2799363E-03,-50.5006742E-03,+91.7482182E-03
+5.0055812E-03,+1.6068301E-03,-50.5357565E-03,+91.7595782E-03
+5.0058750E-03,-1.1705140E-03,-50.4572390E-03,+91.7508911E-03
+5.0061687E-03,+2.3616247E-03,-50.4655919E-03,+91.7368582E-03
+5.0064625E-03,+9.9107833E-03,-50.5925565E-03,+91.7530629E-03
+5.0067562E-03,+17.4349500E-03,-50.5006742E-03,+91.7381946E-03
+5.0070500E-03,+19.2424215E-03,-50.6009094E-03,+91.7525617E-03
+5.0073437E-03,+15.5297157E-03,-50.6927917E-03,+91.7709382E-03
+5.0076375E-03,+9.0631877E-03,-50.6142741E-03,+91.7617499E-03
+5.0079312E-03,+2.0390812E-03,-50.5574742E-03,+91.7630864E-03
+5.0082250E-03,-655.1279E-06,-50.5791918E-03,+91.7538982E-03
+5.0085187E-03,+1.8622261E-03,-50.6794270E-03,+91.7530629E-03
+5.0088125E-03,+10.1558150E-03,-50.6844388E-03,+91.7447099E-03
+5.0091062E-03,+16.8070632E-03,-50.4004390E-03,+91.7630864E-03
+5.0094000E-03,+18.7985565E-03,-50.4221566E-03,+91.7560699E-03
+5.0096937E-03,+14.8884876E-03,-50.5006742E-03,+91.7652582E-03
+5.0099875E-03,+8.4054208E-03,-50.5357565E-03,+91.7552346E-03
+5.0102812E-03,+1.8711203E-03,-50.4572390E-03,+91.7460464E-03
+5.0105750E-03,-1.0048686E-03,-50.4655919E-03,+91.7517264E-03
+5.0108687E-03,+1.1560557E-03,-50.5491212E-03,+91.7560699E-03
+5.0111625E-03,+8.1850135E-03,-50.3436390E-03,+91.7587429E-03
+5.0114562E-03,+15.8235552E-03,-50.3570037E-03,+91.7381946E-03
+5.0117500E-03,+18.5114428E-03,-50.2651215E-03,+91.7460464E-03
+5.0120437E-03,+16.1658351E-03,-50.3870743E-03,+91.7538982E-03
+5.0123375E-03,+10.4943828E-03,-50.5140389E-03,+91.7595782E-03
+5.0126312E-03,+3.9420000E-03,-50.4438743E-03,+91.7617499E-03
+5.0129250E-03,+324.7048E-06,-50.5574742E-03,+91.7609146E-03
+5.0132187E-03,+1.9644360E-03,-50.5140389E-03,+91.7525617E-03
+5.0135125E-03,+8.4679007E-03,-50.4221566E-03,+91.7665946E-03
+5.0138062E-03,+15.0112791E-03,-50.4789566E-03,+91.7417029E-03
+5.0141000E-03,+18.3788383E-03,-50.4572390E-03,+91.7425382E-03
+5.0143937E-03,+16.6224166E-03,-50.3570037E-03,+91.7617499E-03
+5.0146875E-03,+11.0580623E-03,-50.3085567E-03,+91.7652582E-03
+5.0149812E-03,+4.4109304E-03,-50.5223918E-03,+91.7617499E-03
+5.0152750E-03,+906.5034E-06,-50.6142741E-03,+91.7630864E-03
+5.0155687E-03,+1.5948119E-03,-50.5357565E-03,+91.7517264E-03
+5.0158625E-03,+7.1236997E-03,-50.4355213E-03,+91.7517264E-03
+5.0161562E-03,+13.8580462E-03,-50.3653567E-03,+91.7495546E-03
+5.0164500E-03,+17.6736969E-03,-50.3703684E-03,+91.7482182E-03
+5.0167437E-03,+16.6278192E-03,-50.1298039E-03,+91.7574064E-03
+5.0170375E-03,+11.1328912E-03,-50.2651215E-03,+91.7538982E-03
+5.0173312E-03,+4.3143805E-03,-50.2567685E-03,+91.7595782E-03
+5.0176250E-03,+15.0615E-06,-50.1515215E-03,+91.7595782E-03
+5.0179187E-03,+444.3355E-06,-50.3436390E-03,+91.7530629E-03
+5.0182125E-03,+6.1493432E-03,-50.2918508E-03,+91.7447099E-03
+5.0185062E-03,+12.8712672E-03,-50.1381568E-03,+91.7630864E-03
+5.0188000E-03,+18.3001870E-03,-50.4138037E-03,+91.7473829E-03
+5.0190937E-03,+18.0271864E-03,-50.2434038E-03,+91.7403664E-03
+5.0193875E-03,+12.5706652E-03,-50.2434038E-03,+91.7517264E-03
+5.0196812E-03,+5.5210889E-03,-50.2434038E-03,+91.7473829E-03
+5.0199750E-03,+815.5032E-06,-50.2868391E-03,+91.7403664E-03
+5.0202687E-03,+816.2015E-06,-50.3135685E-03,+91.7517264E-03
+5.0205625E-03,+5.4109772E-03,-50.1732392E-03,+91.7517264E-03
+5.0208562E-03,+12.4767247E-03,-50.4004390E-03,+91.7582417E-03
+5.0211500E-03,+17.7778179E-03,-50.3570037E-03,+91.7687664E-03
+5.0214437E-03,+18.5618310E-03,-50.1782509E-03,+91.7517264E-03
+5.0217375E-03,+14.6579734E-03,-50.0295687E-03,+91.7495546E-03
+5.0220312E-03,+8.2134971E-03,-50.1732392E-03,+91.7438746E-03
+5.0223250E-03,+2.8559882E-03,-50.3570037E-03,+91.7460464E-03
+5.0226187E-03,+393.8737E-06,-50.2434038E-03,+91.7517264E-03
+5.0229125E-03,+3.5829608E-03,-50.1782509E-03,+91.7538982E-03
+5.0232062E-03,+10.0821622E-03,-50.0947216E-03,+91.7552346E-03
+5.0235000E-03,+16.0911532E-03,-50.2784862E-03,+91.7460464E-03
+5.0237937E-03,+17.6105554E-03,-50.1866039E-03,+91.7582417E-03
+5.0240875E-03,+13.9683049E-03,-50.1782509E-03,+91.7600793E-03
+5.0243812E-03,+7.9912522E-03,-50.0512863E-03,+91.7333499E-03
+5.0246750E-03,+1.9439279E-03,-50.1648862E-03,+91.7696017E-03
+5.0249687E-03,-891.3756E-06,-50.0780157E-03,+91.7687664E-03
+5.0252625E-03,+1.3959787E-03,-49.9376864E-03,+91.7582417E-03
+5.0255562E-03,+8.5189505E-03,-50.1866039E-03,+91.7665946E-03
+5.0258500E-03,+15.1259849E-03,-50.2434038E-03,+91.7438746E-03
+5.0261437E-03,+18.5278346E-03,-50.1999686E-03,+91.7460464E-03
+5.0264375E-03,+16.0581491E-03,-50.1515215E-03,+91.7560699E-03
+5.0267312E-03,+9.9747334E-03,-50.2784862E-03,+91.7587429E-03
+5.0270250E-03,+4.2110681E-03,-50.1214510E-03,+91.7425382E-03
+5.0273187E-03,+101.6881E-06,-50.0295687E-03,+91.7574064E-03
+5.0276125E-03,+1.9912289E-03,-50.1080863E-03,+91.7538982E-03
+5.0279062E-03,+8.2803506E-03,-50.1648862E-03,+91.7595782E-03
+5.0282000E-03,+16.1028406E-03,-50.1431686E-03,+91.7574064E-03
+5.0284937E-03,+19.0267921E-03,-50.1080863E-03,+91.7473829E-03
+5.0287875E-03,+16.4713621E-03,-50.1214510E-03,+91.7360229E-03
+5.0290812E-03,+11.1362357E-03,-49.9861334E-03,+91.7403664E-03
+5.0293750E-03,+3.8298301E-03,-49.9944864E-03,+91.7473829E-03
+5.0296687E-03,-304.7256E-06,-50.1431686E-03,+91.7381946E-03
+5.0299625E-03,+936.9348E-06,-50.0646510E-03,+91.7460464E-03
+5.0302562E-03,+6.6700585E-03,-50.0078511E-03,+91.7517264E-03
+5.0305500E-03,+14.6169571E-03,-50.0295687E-03,+91.7560699E-03
+5.0308437E-03,+19.0649049E-03,-50.1080863E-03,+91.7609146E-03
+5.0311375E-03,+17.7855360E-03,-50.1431686E-03,+91.7438746E-03
+5.0314312E-03,+12.4392735E-03,-50.0646510E-03,+91.7482182E-03
+5.0317250E-03,+6.2435777E-03,-50.0295687E-03,+91.7552346E-03
+5.0320187E-03,+1.1466102E-03,-50.0429334E-03,+91.7460464E-03
+5.0323125E-03,+503.5444E-06,-49.9944864E-03,+91.7538982E-03
+5.0326062E-03,+5.6647560E-03,-50.1431686E-03,+91.7552346E-03
+5.0329000E-03,+13.5440293E-03,-50.0863687E-03,+91.7438746E-03
+5.0331937E-03,+19.1751636E-03,-50.0863687E-03,+91.7460464E-03
+5.0334875E-03,+18.6301915E-03,-50.0646510E-03,+91.7517264E-03
+5.0337812E-03,+13.3874252E-03,-49.9644158E-03,+91.7495546E-03
+5.0340750E-03,+6.3911774E-03,-49.8725335E-03,+91.7482182E-03
+5.0343687E-03,+812.6364E-06,-49.9510511E-03,+91.7574064E-03
+5.0346625E-03,-371.0279E-06,-50.0295687E-03,+91.7517264E-03
+5.0349562E-03,+4.8915482E-03,-50.0212158E-03,+91.7517264E-03
+5.0352500E-03,+12.5871672E-03,-49.8725335E-03,+91.7517264E-03
+5.0355437E-03,+18.6788523E-03,-49.9293335E-03,+91.7495546E-03
+5.0358375E-03,+17.9537541E-03,-49.9727687E-03,+91.7417029E-03
+5.0361312E-03,+13.0375742E-03,-49.9994981E-03,+91.7381946E-03
+5.0364250E-03,+5.6990833E-03,-49.8808865E-03,+91.7395311E-03
+5.0367187E-03,-654.7236E-06,-50.1214510E-03,+91.7281711E-03
+5.0370125E-03,-1.7465792E-03,-49.9861334E-03,+91.7390299E-03
+5.0373062E-03,+3.7194243E-03,-49.9076158E-03,+91.7587429E-03
+5.0376000E-03,+12.2830001E-03,-49.9159688E-03,+91.7381946E-03
+5.0378937E-03,+18.8866165E-03,-50.0212158E-03,+91.7417029E-03
+5.0381875E-03,+19.6095831E-03,-49.8725335E-03,+91.7403664E-03
+5.0384812E-03,+14.5629671E-03,-49.9944864E-03,+91.7495546E-03
+5.0387750E-03,+6.7846541E-03,-50.1214510E-03,+91.7438746E-03
+5.0390687E-03,+529.3817E-06,-49.9861334E-03,+91.7460464E-03
+5.0393625E-03,-1.4737990E-03,-49.9510511E-03,+91.7473829E-03
+5.0396562E-03,+3.5539627E-03,-50.0730040E-03,+91.7360229E-03
+5.0399500E-03,+11.4852046E-03,-50.1348157E-03,+91.7381946E-03
+5.0402437E-03,+17.6023595E-03,-49.8725335E-03,+91.7438746E-03
+5.0405375E-03,+18.4636272E-03,-49.9944864E-03,+91.7460464E-03
+5.0408312E-03,+14.4367208E-03,-50.0562981E-03,+91.7495546E-03
+5.0411250E-03,+7.8371105E-03,-49.8157336E-03,+91.7395311E-03
+5.0414187E-03,+1.7855228E-03,-49.9293335E-03,+91.7325147E-03
+5.0417125E-03,-997.8121E-06,-49.9076158E-03,+91.7460464E-03
+5.0420062E-03,+2.2093941E-03,-49.9159688E-03,+91.7452111E-03
+5.0423000E-03,+10.4998958E-03,-50.0212158E-03,+91.7281711E-03
+5.0425937E-03,+18.0531707E-03,-49.8290983E-03,+91.7281711E-03
+5.0428875E-03,+20.4278132E-03,-49.8374512E-03,+91.7368582E-03
+5.0431812E-03,+16.8713808E-03,-49.9861334E-03,+91.7574064E-03
+5.0434750E-03,+9.4019393E-03,-49.9510511E-03,+91.7538982E-03
+5.0437687E-03,+2.3845953E-03,-50.0295687E-03,+91.7552346E-03
+5.0440625E-03,-860.1724E-06,-50.0646510E-03,+91.7460464E-03
+5.0443562E-03,+1.2077303E-03,-50.0512863E-03,+91.7473829E-03
+5.0446500E-03,+8.1441810E-03,-50.0562981E-03,+91.7425382E-03
+5.0449437E-03,+15.6401582E-03,-49.8157336E-03,+91.7508911E-03
+5.0452375E-03,+18.7935214E-03,-49.8207453E-03,+91.7368582E-03
+5.0455312E-03,+16.1366533E-03,-49.5584632E-03,+91.7508911E-03
+5.0458250E-03,+9.8108522E-03,-49.7021336E-03,+91.7303429E-03
+5.0461187E-03,+3.5151149E-03,-49.9727687E-03,+91.7403664E-03
+5.0464125E-03,-141.0281E-06,-50.0646510E-03,+91.7495546E-03
+5.0467062E-03,+1.1934334E-03,-49.9209805E-03,+91.7482182E-03
+5.0470000E-03,+7.3212466E-03,-49.7154983E-03,+91.7530629E-03
+5.0472937E-03,+14.9938950E-03,-49.7505807E-03,+91.7381946E-03
+5.0475875E-03,+18.2813696E-03,-49.7154983E-03,+91.7438746E-03
+5.0478812E-03,+16.4983020E-03,-49.7288630E-03,+91.7482182E-03
+5.0481750E-03,+11.2273462E-03,-49.6804160E-03,+91.7595782E-03
+5.0484687E-03,+4.7481384E-03,-49.8725335E-03,+91.7530629E-03
+5.0487625E-03,+672.6446E-06,-49.9076158E-03,+91.7403664E-03
+5.0490562E-03,+1.4773864E-03,-49.8073806E-03,+91.7473829E-03
+5.0493500E-03,+7.0297225E-03,-49.6937807E-03,+91.7360229E-03
+5.0496437E-03,+14.5110720E-03,-49.7154983E-03,+91.7360229E-03
+5.0499375E-03,+19.2171722E-03,-49.7288630E-03,+91.7447099E-03
+5.0502312E-03,+18.2181913E-03,-49.6804160E-03,+91.7587429E-03
+5.0505250E-03,+12.6037795E-03,-49.8073806E-03,+91.7360229E-03
+5.0508187E-03,+6.0556968E-03,-49.6720631E-03,+91.7381946E-03
+5.0511125E-03,+1.0611596E-03,-49.6369808E-03,+91.7395311E-03
+5.0514062E-03,-170.4672E-06,-49.7589336E-03,+91.7346864E-03
+5.0517000E-03,+4.9118358E-03,-49.8424630E-03,+91.7430394E-03
+5.0519937E-03,+12.1637369E-03,-49.6586984E-03,+91.7246629E-03
+5.0522875E-03,+17.6190453E-03,-49.7505807E-03,+91.7381946E-03
+5.0525812E-03,+18.3029803E-03,-49.6720631E-03,+91.7395311E-03
+5.0528750E-03,+13.8624198E-03,-49.5935455E-03,+91.7238276E-03
+5.0531687E-03,+6.6169138E-03,-49.6236161E-03,+91.7168111E-03
+5.0534625E-03,+944.2119E-06,-49.8508159E-03,+91.7325147E-03
+5.0537562E-03,-158.4123E-06,-49.8942511E-03,+91.7438746E-03
+5.0540500E-03,+4.3581900E-03,-49.8992629E-03,+91.7395311E-03
+5.0543437E-03,+12.0688409E-03,-49.6152631E-03,+91.7303429E-03
+5.0546375E-03,+18.0665120E-03,-49.7021336E-03,+91.7360229E-03
+5.0549312E-03,+19.0014326E-03,-49.7555924E-03,+91.7381946E-03
+5.0552250E-03,+14.5908258E-03,-49.4532162E-03,+91.7438746E-03
+5.0555187E-03,+8.2079474E-03,-49.8290983E-03,+91.7460464E-03
+5.0558125E-03,+1.9713088E-03,-49.7288630E-03,+91.7473829E-03
+5.0561062E-03,-636.8617E-06,-49.6152631E-03,+91.7425382E-03
+5.0564000E-03,+3.5376812E-03,-49.6369808E-03,+91.7508911E-03
+5.0566937E-03,+10.7006402E-03,-49.6937807E-03,+91.7303429E-03
+5.0569875E-03,+16.7945304E-03,-49.6286278E-03,+91.7338511E-03
+5.0572812E-03,+18.2097749E-03,-49.4582280E-03,+91.7325147E-03
+5.0575750E-03,+14.0548581E-03,-49.5233808E-03,+91.7438746E-03
+5.0578687E-03,+7.5020709E-03,-49.7589336E-03,+91.7438746E-03
+5.0581625E-03,+1.0909295E-03,-49.7990277E-03,+91.7395311E-03
+5.0584562E-03,-1.5184906E-03,-49.4582280E-03,+91.7281711E-03
+5.0587500E-03,+1.0269427E-03,-49.5016632E-03,+91.7238276E-03
+5.0590437E-03,+8.9317960E-03,-49.6586984E-03,+91.7168111E-03
+5.0593375E-03,+16.1896878E-03,-49.6637101E-03,+91.7303429E-03
+5.0596312E-03,+19.4433497E-03,-49.3579927E-03,+91.7360229E-03
+5.0599250E-03,+16.0735486E-03,-49.3880633E-03,+91.7403664E-03
+5.0602187E-03,+9.6923240E-03,-49.5935455E-03,+91.7538982E-03
+5.0605125E-03,+3.7326554E-03,-49.6018984E-03,+91.7530629E-03
+5.0608062E-03,-65.3907E-06,-49.7505807E-03,+91.7403664E-03
+5.0611000E-03,+2.2919044E-03,-49.6503455E-03,+91.7430394E-03
+5.0613937E-03,+8.5584231E-03,-49.5367455E-03,+91.7268347E-03
+5.0616875E-03,+16.2916403E-03,-49.5801808E-03,+91.7460464E-03
+5.0619812E-03,+19.5073732E-03,-49.6503455E-03,+91.7452111E-03
+5.0622750E-03,+17.4261293E-03,-49.5584632E-03,+91.7346864E-03
+5.0625687E-03,+10.8600376E-03,-49.5935455E-03,+91.7495546E-03
+5.0628625E-03,+4.7566283E-03,-49.6018984E-03,+91.7330158E-03
+5.0631562E-03,+246.2741E-06,-49.7288630E-03,+91.7046159E-03
+5.0634500E-03,+967.1824E-06,-49.6152631E-03,+91.7154747E-03
+5.0637437E-03,+7.1077121E-03,-49.5935455E-03,+91.7351876E-03
+5.0640375E-03,+14.7104933E-03,-49.5367455E-03,+91.7254982E-03
+5.0643312E-03,+19.3538196E-03,-49.4715926E-03,+91.7530629E-03
+5.0646250E-03,+17.6166931E-03,-49.3880633E-03,+91.7381946E-03
+5.0649187E-03,+11.2593212E-03,-49.6152631E-03,+91.7417029E-03
+5.0652125E-03,+4.5386100E-03,-49.5935455E-03,+91.7381946E-03
+5.0655062E-03,-86.3031E-06,-49.5801808E-03,+91.7417029E-03
+5.0658000E-03,+839.3926E-06,-49.6937807E-03,+91.7360229E-03
+5.0660937E-03,+6.9982252E-03,-49.6937807E-03,+91.7360229E-03
+5.0663875E-03,+13.4707440E-03,-49.6720631E-03,+91.7360229E-03
+5.0666812E-03,+18.3885778E-03,-49.5501102E-03,+91.7316794E-03
+5.0669750E-03,+17.9266304E-03,-49.4448633E-03,+91.7203194E-03
+5.0672687E-03,+12.6596440E-03,-49.5501102E-03,+91.7246629E-03
+5.0675625E-03,+5.6199910E-03,-49.3579927E-03,+91.7360229E-03
+5.0678562E-03,+1.3113735E-03,-49.4532162E-03,+91.7425382E-03
+5.0681500E-03,+554.1164E-06,-49.7639454E-03,+91.7552346E-03
+5.0684437E-03,+5.0188236E-03,-49.5801808E-03,+91.7373594E-03
+5.0687375E-03,+12.0349547E-03,-49.6069102E-03,+91.7268347E-03
+5.0690312E-03,+17.5977654E-03,-49.3579927E-03,+91.7373594E-03
+5.0693250E-03,+18.6484576E-03,-49.3011928E-03,+91.7224911E-03
+5.0696187E-03,+13.4001049E-03,-49.3229104E-03,+91.7259994E-03
+5.0699125E-03,+6.7573466E-03,-49.3797104E-03,+91.7181476E-03
+5.0702062E-03,+1.1974762E-03,-49.4231456E-03,+91.7189829E-03
+5.0705000E-03,-316.7806E-06,-49.4498750E-03,+91.7316794E-03
+5.0707937E-03,+4.0342130E-03,-49.3312633E-03,+91.7203194E-03
+5.0710875E-03,+11.0383995E-03,-49.5066750E-03,+91.7246629E-03
+5.0713812E-03,+16.8824434E-03,-49.2443928E-03,+91.7381946E-03
+5.0716750E-03,+19.0700136E-03,-49.3663457E-03,+91.7417029E-03
+5.0719687E-03,+14.8994032E-03,-49.5150279E-03,+91.7316794E-03
+5.0722625E-03,+8.6591261E-03,-49.4147927E-03,+91.7203194E-03
+5.0725562E-03,+2.1174016E-03,-49.3446280E-03,+91.7246629E-03
+5.0728500E-03,-489.7765E-06,-49.4799456E-03,+91.7403664E-03
+5.0731437E-03,+3.5774478E-03,-49.4715926E-03,+91.7452111E-03
+5.0734375E-03,+10.7967490E-03,-49.3663457E-03,+91.7303429E-03
+5.0737312E-03,+16.9123970E-03,-49.4715926E-03,+91.7316794E-03
+5.0740250E-03,+18.2036371E-03,-49.3446280E-03,+91.7203194E-03
+5.0743187E-03,+14.7871598E-03,-49.5016632E-03,+91.7224911E-03
+5.0746125E-03,+7.8674316E-03,-49.5501102E-03,+91.7281711E-03
+5.0749062E-03,+1.7400595E-03,-49.4448633E-03,+91.7259994E-03
+5.0752000E-03,-867.7067E-06,-49.5283926E-03,+91.7224911E-03
+5.0754937E-03,+2.0896899E-03,-49.3229104E-03,+91.7281711E-03
+5.0757875E-03,+8.9864843E-03,-49.4014280E-03,+91.7303429E-03
+5.0760812E-03,+15.7358628E-03,-49.3930751E-03,+91.7381946E-03
+5.0763750E-03,+18.0522886E-03,-49.1792399E-03,+91.7373594E-03
+5.0766687E-03,+15.9797184E-03,-49.1307929E-03,+91.7203194E-03
+5.0769625E-03,+9.9051601E-03,-49.4097809E-03,+91.7268347E-03
+5.0772562E-03,+3.5111088E-03,-49.6069102E-03,+91.7438746E-03
+5.0775500E-03,+260.3137E-06,-49.3797104E-03,+91.7417029E-03
+5.0778437E-03,+2.6265397E-03,-49.3579927E-03,+91.7360229E-03
+5.0781375E-03,+9.3589751E-03,-49.2794751E-03,+91.7381946E-03
+5.0784312E-03,+15.9786525E-03,-49.2878281E-03,+91.7417029E-03
+5.0787250E-03,+19.3852800E-03,-49.3496398E-03,+91.7338511E-03
+5.0790187E-03,+17.3584304E-03,-49.1307929E-03,+91.7281711E-03
+5.0793125E-03,+11.5862384E-03,-49.1926046E-03,+91.7259994E-03
+5.0796062E-03,+4.7502701E-03,-48.9954754E-03,+91.7246629E-03
+5.0799000E-03,-115.1541E-06,-49.2009576E-03,+91.7338511E-03
+5.0801937E-03,+465.3949E-06,-49.1875929E-03,+91.7281711E-03
+5.0804875E-03,+6.5996031E-03,-49.2577575E-03,+91.7303429E-03
+5.0807812E-03,+14.4135297E-03,-49.1875929E-03,+91.7360229E-03
+5.0810750E-03,+18.1051026E-03,-49.3011928E-03,+91.7381946E-03
+5.0813687E-03,+16.8032409E-03,-49.2577575E-03,+91.7417029E-03
+5.0816625E-03,+10.8234684E-03,-49.1441576E-03,+91.7316794E-03
+5.0819562E-03,+4.4491534E-03,-49.1658752E-03,+91.7268347E-03
+5.0822500E-03,-515.3198E-06,-49.2661105E-03,+91.7417029E-03
+5.0825437E-03,-217.9152E-06,-49.3145575E-03,+91.7381946E-03
+5.0828375E-03,+5.2558064E-03,-49.1875929E-03,+91.7373594E-03
+5.0831312E-03,+13.2541591E-03,-49.2360399E-03,+91.7203194E-03
+5.0834250E-03,+18.3807127E-03,-49.0873576E-03,+91.7203194E-03
+5.0837187E-03,+18.7186925E-03,-49.2744634E-03,+91.7268347E-03
+5.0840125E-03,+14.6409200E-03,-49.5501102E-03,+91.7395311E-03
+5.0843062E-03,+7.0272233E-03,-49.3362751E-03,+91.7325147E-03
+5.0846000E-03,+613.0681E-06,-49.2661105E-03,+91.7373594E-03
+5.0848937E-03,+1.1890598E-03,-49.3579927E-03,+91.7224911E-03
+5.0851875E-03,+5.4747435E-03,-49.2794751E-03,+91.7259994E-03
+5.0854812E-03,+12.3802483E-03,-49.2443928E-03,+91.7224911E-03
+5.0857750E-03,+17.5328965E-03,-49.2360399E-03,+91.7259994E-03
+5.0860687E-03,+18.0628735E-03,-49.1090753E-03,+91.7203194E-03
+5.0863625E-03,+14.1610005E-03,-49.2226752E-03,+91.7224911E-03
+5.0866562E-03,+7.0852561E-03,-49.2443928E-03,+91.7281711E-03
+5.0869500E-03,+890.7731E-06,-49.3011928E-03,+91.7238276E-03
+5.0872437E-03,-421.5999E-06,-49.2577575E-03,+91.7189829E-03
+5.0875375E-03,+4.0102869E-03,-49.1875929E-03,+91.7338511E-03
+5.0878312E-03,+11.1770314E-03,-49.2143223E-03,+91.7303429E-03
+5.0881250E-03,+16.9863071E-03,-49.0522753E-03,+91.7316794E-03
+5.0884187E-03,+18.0160870E-03,-49.2661105E-03,+91.7224911E-03
+5.0887125E-03,+13.7365043E-03,-49.3362751E-03,+91.7259994E-03
+5.0890062E-03,+7.9604900E-03,-49.2443928E-03,+91.7203194E-03
+5.0893000E-03,+2.1390858E-03,-49.2794751E-03,+91.7246629E-03
+5.0895937E-03,+135.5375E-06,-49.2661105E-03,+91.7273358E-03
+5.0898875E-03,+3.6414347E-03,-49.3797104E-03,+91.7111311E-03
+5.0901812E-03,+9.9788865E-03,-49.2928398E-03,+91.7216558E-03
+5.0904750E-03,+16.7588434E-03,-49.0656400E-03,+91.7111311E-03
+5.0907687E-03,+18.0676146E-03,-49.0873576E-03,+91.7194841E-03
+5.0910625E-03,+15.3879230E-03,-49.1224400E-03,+91.7011076E-03
+5.0913562E-03,+9.2662107E-03,-49.1307929E-03,+91.7168111E-03
+5.0916500E-03,+3.1219322E-03,-49.3011928E-03,+91.7259994E-03
+5.0919437E-03,-663.7648E-06,-49.3011928E-03,+91.7246629E-03
+5.0922375E-03,+2.1124400E-03,-49.2577575E-03,+91.7316794E-03
+5.0925312E-03,+8.9755687E-03,-49.1441576E-03,+91.7181476E-03
+5.0928250E-03,+16.6540976E-03,-49.1224400E-03,+91.7081241E-03
+5.0931187E-03,+19.3572008E-03,-49.0873576E-03,+91.6967641E-03
+5.0934125E-03,+16.4899223E-03,-49.2310281E-03,+91.7011076E-03
+5.0937062E-03,+10.0349347E-03,-49.3930751E-03,+91.7146394E-03
+5.0940000E-03,+3.5998671E-03,-49.2661105E-03,+91.7138041E-03
+5.0942937E-03,-303.2188E-06,-49.3579927E-03,+91.7054511E-03
+5.0945875E-03,+1.5406014E-03,-49.2143223E-03,+91.7259994E-03
+5.0948812E-03,+8.0111723E-03,-49.0522753E-03,+91.7116323E-03
+5.0951750E-03,+15.1327842E-03,-49.2009576E-03,+91.6910841E-03
+5.0954687E-03,+18.2257991E-03,-49.1224400E-03,+91.7011076E-03
+5.0957625E-03,+15.9130853E-03,-49.0222048E-03,+91.7168111E-03
+5.0960562E-03,+10.5863019E-03,-48.9954754E-03,+91.7281711E-03
+5.0963500E-03,+4.3895402E-03,-49.1792399E-03,+91.7216558E-03
+5.0966437E-03,+13.0401E-06,-49.1090753E-03,+91.7089594E-03
+5.0969375E-03,+279.9030E-06,-49.2226752E-03,+91.7159758E-03
+5.0972312E-03,+6.6857887E-03,-49.0706518E-03,+91.7089594E-03
+5.0975250E-03,+14.8735292E-03,-48.8685108E-03,+91.7246629E-03
+5.0978187E-03,+19.3690353E-03,-49.3362751E-03,+91.7295076E-03
+5.0981125E-03,+18.4957860E-03,-49.2226752E-03,+91.7168111E-03
+5.0984062E-03,+12.7474834E-03,-49.2226752E-03,+91.7238276E-03
+5.0987000E-03,+6.1467337E-03,-49.1575223E-03,+91.7102958E-03
+5.0989937E-03,+817.4511E-06,-49.0305577E-03,+91.7046159E-03
+5.0992875E-03,+432.5746E-06,-49.1224400E-03,+91.7067876E-03
+5.0995812E-03,+5.6179328E-03,-49.0656400E-03,+91.7146394E-03
+5.0998750E-03,+13.6635498E-03,-49.0656400E-03,+91.7181476E-03
+5.1001687E-03,+18.7750714E-03,-49.0656400E-03,+91.7211547E-03
+5.1004625E-03,+17.7483788E-03,-49.1090753E-03,+91.7330158E-03
+5.1007562E-03,+12.6433624E-03,-49.1575223E-03,+91.7067876E-03
+5.1010500E-03,+5.5690515E-03,-48.9871224E-03,+91.7146394E-03
+5.1013437E-03,-35.6575E-06,-48.9871224E-03,+91.7224911E-03
+5.1016375E-03,-406.5679E-06,-48.9871224E-03,+91.7325147E-03
+5.1019312E-03,+4.4430157E-03,-49.0522753E-03,+91.7373594E-03
+5.1022250E-03,+12.0749786E-03,-49.1792399E-03,+91.7224911E-03
+5.1025187E-03,+17.5738025E-03,-49.0439224E-03,+91.7281711E-03
+5.1028125E-03,+18.4175023E-03,-48.9436872E-03,+91.7238276E-03
+5.1031062E-03,+13.9819403E-03,-48.8952401E-03,+91.7168111E-03
+5.1034000E-03,+8.3344141E-03,-49.1525105E-03,+91.7216558E-03
+5.1036937E-03,+2.1054202E-03,-49.2928398E-03,+91.7067876E-03
+5.1039875E-03,+1.2144193E-03,-49.1307929E-03,+91.7081241E-03
+5.1042812E-03,+4.2240418E-03,-49.1926046E-03,+91.6989359E-03
+5.1045750E-03,+11.2930971E-03,-48.9520401E-03,+91.7067876E-03
+5.1048687E-03,+17.4256882E-03,-49.0222048E-03,+91.7168111E-03
+5.1051625E-03,+18.5194917E-03,-48.9086048E-03,+91.7238276E-03
+5.1054562E-03,+13.8959752E-03,-48.9520401E-03,+91.7146394E-03
+5.1057500E-03,+7.8222255E-03,-49.0222048E-03,+91.7246629E-03
+5.1060437E-03,+2.0481591E-03,-48.8651696E-03,+91.7316794E-03
+5.1063375E-03,-351.2916E-06,-48.8167226E-03,+91.7203194E-03
+5.1066312E-03,+2.6209165E-03,-48.9654048E-03,+91.7159758E-03
+5.1069250E-03,+9.2577208E-03,-48.8868872E-03,+91.7133029E-03
+5.1072187E-03,+16.2581584E-03,-48.8735225E-03,+91.7273358E-03
+5.1075125E-03,+18.0062372E-03,-48.9871224E-03,+91.7133029E-03
+5.1078062E-03,+15.0041490E-03,-48.9654048E-03,+91.7316794E-03
+5.1081000E-03,+9.2648876E-03,-48.9086048E-03,+91.7224911E-03
+5.1083937E-03,+3.8256035E-03,-48.9086048E-03,+91.7281711E-03
+5.1086875E-03,+993.8283E-06,-48.9954754E-03,+91.7259994E-03
+5.1089812E-03,+2.8957180E-03,-49.0923694E-03,+91.7224911E-03
+5.1092750E-03,+9.0851659E-03,-48.7515697E-03,+91.7259994E-03
+5.1095687E-03,+15.7051373E-03,-48.7515697E-03,+91.7138041E-03
+5.1098625E-03,+18.5969668E-03,-48.8167226E-03,+91.7011076E-03
+5.1101562E-03,+14.9819503E-03,-49.0088401E-03,+91.7081241E-03
+5.1104500E-03,+9.7594716E-03,-49.0004871E-03,+91.7032794E-03
+5.1107437E-03,+4.1827316E-03,-48.7866520E-03,+91.7246629E-03
+5.1110375E-03,+524.3833E-06,-48.7599226E-03,+91.7316794E-03
+5.1113312E-03,+1.7997829E-03,-48.9871224E-03,+91.7224911E-03
+5.1116250E-03,+8.4235032E-03,-48.9436872E-03,+91.7281711E-03
+5.1119187E-03,+15.5755098E-03,-48.8518049E-03,+91.7238276E-03
+5.1122125E-03,+19.2032061E-03,-48.9303225E-03,+91.7146394E-03
+5.1125062E-03,+17.1977834E-03,-48.9654048E-03,+91.7159758E-03
+5.1128000E-03,+11.4095304E-03,-48.8651696E-03,+91.7089594E-03
+5.1130937E-03,+5.5212727E-03,-48.7515697E-03,+91.7246629E-03
+5.1133875E-03,+875.8882E-06,-48.8384402E-03,+91.7295076E-03
+5.1136812E-03,+164.7928E-06,-49.0439224E-03,+91.7102958E-03
+5.1139750E-03,+5.2212586E-03,-48.9436872E-03,+91.7046159E-03
+5.1142687E-03,+12.8761921E-03,-48.7866520E-03,+91.7089594E-03
+5.1145625E-03,+17.5166517E-03,-48.7382050E-03,+91.7203194E-03
+5.1148562E-03,+16.9206665E-03,-48.8868872E-03,+91.7224911E-03
+5.1151500E-03,+11.0584666E-03,-48.9386754E-03,+91.7303429E-03
+5.1154437E-03,+5.2046831E-03,-49.1575223E-03,+91.7338511E-03
+5.1157375E-03,+558.0123E-06,-49.0088401E-03,+91.7259994E-03
+5.1160312E-03,-476.3985E-06,-49.0873576E-03,+91.7203194E-03
+5.1163250E-03,+4.0461577E-03,-49.0790047E-03,+91.7224911E-03
+5.1166187E-03,+11.5318073E-03,-48.9086048E-03,+91.7259994E-03
+5.1169125E-03,+16.6396169E-03,-48.9086048E-03,+91.7203194E-03
+5.1172062E-03,+17.4041878E-03,-48.9303225E-03,+91.7203194E-03
+5.1175000E-03,+13.0347810E-03,-49.0088401E-03,+91.7159758E-03
+5.1177937E-03,+7.1798949E-03,-48.9353342E-03,+91.7111311E-03
+5.1180875E-03,+2.6866307E-03,-48.6814050E-03,+91.7259994E-03
+5.1183812E-03,+584.6581E-06,-48.9086048E-03,+91.7224911E-03
+5.1186750E-03,+4.3120651E-03,-48.8651696E-03,+91.7194841E-03
+5.1189687E-03,+11.8016840E-03,-48.6646991E-03,+91.7032794E-03
+5.1192625E-03,+16.8860084E-03,-48.5460875E-03,+91.7203194E-03
+5.1195562E-03,+17.6877733E-03,-48.8083696E-03,+91.7181476E-03
+5.1198500E-03,+13.5462345E-03,-48.7950049E-03,+91.7124676E-03
+5.1201437E-03,+7.5400734E-03,-48.9303225E-03,+91.7102958E-03
+5.1204375E-03,+2.1602555E-03,-48.9219695E-03,+91.7046159E-03
+5.1207312E-03,-385.5820E-06,-48.8167226E-03,+91.7089594E-03
+5.1210250E-03,+2.5567827E-03,-48.8785343E-03,+91.7181476E-03
+5.1213187E-03,+9.8104111E-03,-48.6379698E-03,+91.7124676E-03
+5.1216125E-03,+17.0286098E-03,-48.7732873E-03,+91.7146394E-03
+5.1219062E-03,+18.5689978E-03,-48.8735225E-03,+91.7159758E-03
+5.1222000E-03,+15.5772740E-03,-48.9654048E-03,+91.7089594E-03
+5.1224937E-03,+8.8953371E-03,-48.8434520E-03,+91.7203194E-03
+5.1227875E-03,+2.9526851E-03,-48.6947697E-03,+91.7246629E-03
+5.1230812E-03,+442.1671E-06,-48.7732873E-03,+91.7295076E-03
+5.1233750E-03,+2.8397801E-03,-48.8300873E-03,+91.7102958E-03
+5.1236687E-03,+9.9785557E-03,-48.7432167E-03,+91.7089594E-03
+5.1239625E-03,+16.5165314E-03,-48.5594522E-03,+91.7181476E-03
+5.1242562E-03,+18.0841167E-03,-48.6947697E-03,+91.7102958E-03
+5.1245500E-03,+15.0146236E-03,-48.7515697E-03,+91.7067876E-03
+5.1248437E-03,+9.5309787E-03,-48.7515697E-03,+91.7168111E-03
+5.1251375E-03,+3.1804061E-03,-48.7298520E-03,+91.7238276E-03
+5.1254312E-03,-69.2865E-06,-48.7382050E-03,+91.7081241E-03
+5.1257250E-03,+1.8854907E-03,-48.8434520E-03,+91.7011076E-03
+5.1260187E-03,+7.5997234E-03,-48.6947697E-03,+91.7124676E-03
+5.1263125E-03,+15.2364642E-03,-48.7950049E-03,+91.7102958E-03
+5.1266062E-03,+17.9951379E-03,-48.8217343E-03,+91.7133029E-03
+5.1269000E-03,+15.4377599E-03,-48.6162521E-03,+91.7229923E-03
+5.1271937E-03,+9.8897607E-03,-48.7816402E-03,+91.6932559E-03
+5.1274875E-03,+3.5226860E-03,-48.9787695E-03,+91.7067876E-03
+5.1277812E-03,-260.5119E-06,-48.7515697E-03,+91.7102958E-03
+5.1280750E-03,+1.1529317E-03,-48.7950049E-03,+91.7089594E-03
+5.1283687E-03,+8.0842738E-03,-48.8868872E-03,+91.7224911E-03
+5.1286625E-03,+15.0113159E-03,-48.8083696E-03,+91.7238276E-03
+5.1289562E-03,+18.8259375E-03,-48.7298520E-03,+91.7102958E-03
+5.1292500E-03,+17.6193761E-03,-48.7382050E-03,+91.7024441E-03
+5.1295437E-03,+11.4682983E-03,-48.8651696E-03,+91.7054511E-03
+5.1298375E-03,+4.6886354E-03,-48.7732873E-03,+91.7216558E-03
+5.1301312E-03,+573.3382E-06,-48.8518049E-03,+91.7002723E-03
+5.1304250E-03,+314.0464E-06,-48.8434520E-03,+91.6910841E-03
+5.1307187E-03,+5.8548788E-03,-48.6730521E-03,+91.6989359E-03
+5.1310125E-03,+12.7135605E-03,-48.6730521E-03,+91.7046159E-03
+5.1313062E-03,+17.9926019E-03,-48.6947697E-03,+91.7046159E-03
+5.1316000E-03,+16.5854799E-03,-48.7298520E-03,+91.7024441E-03
+5.1318937E-03,+10.4516392E-03,-48.6947697E-03,+91.6967641E-03
+5.1321875E-03,+4.4739984E-03,-48.7515697E-03,+91.7011076E-03
+5.1324812E-03,+273.9122E-06,-48.7298520E-03,+91.7124676E-03
+5.1327750E-03,+74.9687E-06,-48.7164873E-03,+91.7081241E-03
+5.1330687E-03,+5.2468754E-03,-48.8300873E-03,+91.7011076E-03
+5.1333625E-03,+12.8709732E-03,-48.7214991E-03,+91.7102958E-03
+5.1336562E-03,+18.6135056E-03,-48.5460875E-03,+91.7046159E-03
+5.1339500E-03,+18.3473043E-03,-48.7649344E-03,+91.7046159E-03
+5.1342437E-03,+13.3843379E-03,-48.5728169E-03,+91.7067876E-03
+5.1345375E-03,+6.8298234E-03,-48.6246051E-03,+91.7189829E-03
+5.1348312E-03,+1.7997094E-03,-48.8000167E-03,+91.7295076E-03
+5.1351250E-03,+600.8662E-06,-48.5594522E-03,+91.7059523E-03
+5.1354187E-03,+4.5292380E-03,-48.7382050E-03,+91.6954276E-03
+5.1357125E-03,+11.7937821E-03,-48.8651696E-03,+91.7059523E-03
+5.1360062E-03,+17.4630292E-03,-48.7732873E-03,+91.6867406E-03
+5.1363000E-03,+18.4776301E-03,-48.8083696E-03,+91.6962629E-03
+5.1365937E-03,+14.1764367E-03,-48.7298520E-03,+91.7273358E-03
+5.1368875E-03,+8.1870350E-03,-48.6078992E-03,+91.7089594E-03
+5.1371812E-03,+3.3976158E-03,-48.5460875E-03,+91.7181476E-03
+5.1374750E-03,+1.2928133E-03,-48.8300873E-03,+91.7102958E-03
+5.1377687E-03,+4.6246486E-03,-48.7649344E-03,+91.7067876E-03
+5.1380625E-03,+10.8117810E-03,-48.6596874E-03,+91.7081241E-03
+5.1383562E-03,+16.0983568E-03,-48.7866520E-03,+91.7011076E-03
+5.1386500E-03,+17.6460587E-03,-48.7164873E-03,+91.7081241E-03
+5.1389437E-03,+14.3066890E-03,-48.7866520E-03,+91.7032794E-03
+5.1392375E-03,+8.4970090E-03,-48.6513345E-03,+91.7159758E-03
+5.1395312E-03,+2.4654885E-03,-48.6596874E-03,+91.7067876E-03
+5.1398250E-03,-38.1200E-06,-48.8518049E-03,+91.7124676E-03
+5.1401187E-03,+2.8021819E-03,-48.8434520E-03,+91.7081241E-03
+5.1404125E-03,+9.3165255E-03,-48.6513345E-03,+91.6967641E-03
+5.1407062E-03,+14.8252359E-03,-48.6596874E-03,+91.6967641E-03
+5.1410000E-03,+17.0871204E-03,-48.8735225E-03,+91.6989359E-03
+5.1412937E-03,+14.8577989E-03,-48.8568166E-03,+91.7002723E-03
+5.1415875E-03,+9.0295220E-03,-48.4942993E-03,+91.6889123E-03
+5.1418812E-03,+3.2368586E-03,-48.5460875E-03,+91.6889123E-03
+5.1421750E-03,-97.0349E-06,-48.8735225E-03,+91.6954276E-03
+5.1424687E-03,+2.4779844E-03,-48.8568166E-03,+91.7124676E-03
+5.1427625E-03,+9.2138746E-03,-48.5377345E-03,+91.7124676E-03
+5.1430562E-03,+16.0329733E-03,-48.6596874E-03,+91.7102958E-03
+5.1433500E-03,+18.6678264E-03,-48.7432167E-03,+91.6981006E-03
+5.1436437E-03,+16.7732873E-03,-48.4942993E-03,+91.6832323E-03
+5.1439375E-03,+11.2484424E-03,-48.5026522E-03,+91.6867406E-03
+5.1442312E-03,+3.4175359E-03,-48.6947697E-03,+91.6897476E-03
+5.1445250E-03,-133.3835E-06,-48.6429815E-03,+91.7124676E-03
+5.1448187E-03,+1.2402933E-03,-48.3806994E-03,+91.7102958E-03
+5.1451125E-03,+7.5299296E-03,-48.5460875E-03,+91.7133029E-03
+5.1454062E-03,+14.5332707E-03,-48.8083696E-03,+91.7251641E-03
+5.1457000E-03,+18.6446721E-03,-48.7298520E-03,+91.6989359E-03
+5.1459937E-03,+17.6536666E-03,-48.6078992E-03,+91.7067876E-03
+5.1462875E-03,+13.1771250E-03,-48.4157817E-03,+91.7037806E-03
+5.1465812E-03,+6.1839644E-03,-48.4458523E-03,+91.6832323E-03
+5.1468750E-03,+517.2533E-06,-48.6296168E-03,+91.6910841E-03
+5.1471687E-03,+485.3150E-06,-48.5377345E-03,+91.6989359E-03
+5.1474625E-03,+6.0809828E-03,-48.6162521E-03,+91.7024441E-03
+5.1477562E-03,+13.8001604E-03,-48.6513345E-03,+91.6989359E-03
+5.1480500E-03,+18.3103676E-03,-48.6379698E-03,+91.6981006E-03
+5.1483437E-03,+17.7919678E-03,-48.6864168E-03,+91.6940912E-03
+5.1486375E-03,+13.4164232E-03,-48.5594522E-03,+91.7259994E-03
+5.1489312E-03,+6.2802938E-03,-48.6513345E-03,+91.7159758E-03
+5.1492250E-03,+799.2216E-06,-48.5510992E-03,+91.7046159E-03
+5.1495187E-03,-505.6170E-06,-48.5678051E-03,+91.7067876E-03
+5.1498125E-03,+3.7111549E-03,-48.8000167E-03,+91.7059523E-03
+5.1501062E-03,+11.6734530E-03,-48.5160169E-03,+91.6954276E-03
+5.1504000E-03,+18.0022679E-03,-48.5160169E-03,+91.7059523E-03
+5.1506937E-03,+19.1611975E-03,-48.4508640E-03,+91.6954276E-03
+5.1509875E-03,+14.8901415E-03,-48.3890523E-03,+91.7102958E-03
+5.1512812E-03,+7.8289881E-03,-48.5427463E-03,+91.7067876E-03
+5.1515750E-03,+1.5456365E-03,-48.3322523E-03,+91.7168111E-03
+5.1518687E-03,-676.2608E-06,-48.6078992E-03,+91.7259994E-03
+5.1521625E-03,+2.9418797E-03,-48.5243698E-03,+91.7159758E-03
+5.1524562E-03,+9.8092718E-03,-48.7081344E-03,+91.7046159E-03
+5.1527500E-03,+16.6700116E-03,-48.5945345E-03,+91.7067876E-03
+5.1530437E-03,+18.2537681E-03,-48.5510992E-03,+91.7124676E-03
+5.1533375E-03,+14.9337305E-03,-48.4809346E-03,+91.7059523E-03
+5.1536312E-03,+8.2999767E-03,-48.5510992E-03,+91.6954276E-03
+5.1539250E-03,+2.6468273E-03,-48.5026522E-03,+91.7124676E-03
+5.1542187E-03,+180.8906E-06,-48.6078992E-03,+91.7081241E-03
+5.1545125E-03,+2.7051909E-03,-48.4374993E-03,+91.7011076E-03
+5.1548062E-03,+9.7084953E-03,-48.5026522E-03,+91.7146394E-03
+5.1551000E-03,+16.0904549E-03,-48.6730521E-03,+91.7203194E-03
+5.1553937E-03,+18.9135932E-03,-48.5644639E-03,+91.7224911E-03
+5.1556875E-03,+15.9790936E-03,-48.2804641E-03,+91.7216558E-03
+5.1559812E-03,+10.0024451E-03,-48.3673347E-03,+91.7024441E-03
+5.1562750E-03,+4.3445546E-03,-48.5728169E-03,+91.7011076E-03
+5.1565687E-03,+1.4194638E-03,-48.5377345E-03,+91.7146394E-03
+5.1568625E-03,+2.5911834E-03,-48.5728169E-03,+91.7138041E-03
+5.1571562E-03,+8.4447096E-03,-48.5594522E-03,+91.6967641E-03
+5.1574500E-03,+14.9790835E-03,-48.5861816E-03,+91.7011076E-03
+5.1577437E-03,+18.0036645E-03,-48.4241346E-03,+91.7016088E-03
+5.1580375E-03,+15.2353984E-03,-48.5076640E-03,+91.6753806E-03
+5.1583312E-03,+9.9634135E-03,-48.3021818E-03,+91.6875759E-03
+5.1586250E-03,+4.2079073E-03,-48.3806994E-03,+91.7024441E-03
+5.1589187E-03,+364.8022E-06,-48.4374993E-03,+91.7054511E-03
+5.1592125E-03,+1.4472122E-03,-48.4809346E-03,+91.7238276E-03
+5.1595062E-03,+7.6322130E-03,-48.5510992E-03,+91.7124676E-03
+5.1598000E-03,+14.3605688E-03,-48.5460875E-03,+91.7081241E-03
+5.1600937E-03,+18.5486367E-03,-48.7866520E-03,+91.6989359E-03
+5.1603875E-03,+16.4309339E-03,-48.6296168E-03,+91.7024441E-03
+5.1606812E-03,+10.8267394E-03,-48.4725816E-03,+91.6989359E-03
+5.1609750E-03,+4.4943595E-03,-48.3806994E-03,+91.7046159E-03
+5.1612687E-03,+194.1952E-06,-48.4592170E-03,+91.7089594E-03
+5.1615625E-03,+878.1301E-06,-48.5594522E-03,+91.7138041E-03
+5.1618562E-03,+6.7760539E-03,-48.6730521E-03,+91.6989359E-03
+5.1621500E-03,+14.2295814E-03,-48.6513345E-03,+91.7067876E-03
+5.1624437E-03,+17.8124759E-03,-48.5293816E-03,+91.7102958E-03
+5.1627375E-03,+17.0300431E-03,-48.4241346E-03,+91.7067876E-03
+5.1630312E-03,+12.1622668E-03,-48.5076640E-03,+91.7059523E-03
+5.1633250E-03,+4.4948373E-03,-48.3456170E-03,+91.6932559E-03
+5.1636187E-03,-357.0618E-06,-48.5160169E-03,+91.7089594E-03
+5.1639125E-03,-146.1736E-06,-48.4725816E-03,+91.7138041E-03
+5.1642062E-03,+4.9938683E-03,-48.3372641E-03,+91.6924206E-03
+5.1645000E-03,+12.7626991E-03,-48.3238994E-03,+91.6875759E-03
+5.1647937E-03,+18.2075697E-03,-48.4374993E-03,+91.7024441E-03
+5.1650875E-03,+18.3644311E-03,-48.4374993E-03,+91.6924206E-03
+5.1653812E-03,+13.5726966E-03,-48.3940641E-03,+91.6875759E-03
+5.1656750E-03,+7.0837860E-03,-48.3456170E-03,+91.7067876E-03
+5.1659687E-03,+1.6728384E-03,-48.5160169E-03,+91.7037806E-03
+5.1662625E-03,+1.4882652E-03,-48.4508640E-03,+91.6919194E-03
+5.1665562E-03,+5.4446061E-03,-48.3456170E-03,+91.7138041E-03
+5.1668500E-03,+13.0297090E-03,-48.4508640E-03,+91.6989359E-03
+5.1671437E-03,+18.1952575E-03,-48.2587465E-03,+91.6981006E-03
+5.1674375E-03,+18.5197857E-03,-48.2670995E-03,+91.6854041E-03
+5.1677312E-03,+14.5708690E-03,-48.3940641E-03,+91.6967641E-03
+5.1680250E-03,+7.8393892E-03,-48.3456170E-03,+91.6989359E-03
+5.1683187E-03,+2.4089625E-03,-48.5377345E-03,+91.7089594E-03
+5.1686125E-03,+627.6223E-06,-48.5945345E-03,+91.7181476E-03
+5.1689062E-03,+3.7316263E-03,-48.5728169E-03,+91.7081241E-03
+5.1692000E-03,+11.0228162E-03,-48.4725816E-03,+91.6945923E-03
+5.1694937E-03,+16.8847956E-03,-48.3589817E-03,+91.6932559E-03
+5.1697875E-03,+18.0468492E-03,-48.4024170E-03,+91.7067876E-03
+5.1700812E-03,+13.8291217E-03,-48.5377345E-03,+91.7124676E-03
+5.1703750E-03,+7.2580683E-03,-48.5728169E-03,+91.7146394E-03
+5.1706687E-03,+1.6134824E-03,-48.4074288E-03,+91.7159758E-03
+5.1709625E-03,-573.0219E-06,-48.2102995E-03,+91.7089594E-03
+5.1712562E-03,+2.0658740E-03,-48.5026522E-03,+91.7203194E-03
+5.1715500E-03,+8.6951440E-03,-48.5861816E-03,+91.7159758E-03
+5.1718437E-03,+15.3703918E-03,-48.3806994E-03,+91.7046159E-03
+5.1721375E-03,+18.6881140E-03,-48.4592170E-03,+91.7046159E-03
+5.1724312E-03,+16.6605661E-03,-48.4508640E-03,+91.7067876E-03
+5.1727250E-03,+10.0613968E-03,-48.3238994E-03,+91.7081241E-03
+5.1730187E-03,+3.6681173E-03,-48.4374993E-03,+91.6989359E-03
+5.1733125E-03,+163.5800E-06,-48.4809346E-03,+91.7067876E-03
+5.1736062E-03,+2.3486509E-03,-48.5728169E-03,+91.7102958E-03
+5.1739000E-03,+8.6632057E-03,-48.4942993E-03,+91.7089594E-03
+5.1741937E-03,+15.9191496E-03,-48.4592170E-03,+91.7181476E-03
+5.1744875E-03,+18.3889821E-03,-48.4942993E-03,+91.7102958E-03
+5.1747812E-03,+16.1013705E-03,-48.3940641E-03,+91.7046159E-03
+5.1750750E-03,+10.4068007E-03,-48.3456170E-03,+91.7024441E-03
+5.1753687E-03,+3.6812381E-03,-48.5160169E-03,+91.7011076E-03
+5.1756625E-03,-394.1087E-06,-48.4725816E-03,+91.7102958E-03
+5.1759562E-03,+922.5644E-06,-48.4458523E-03,+91.7002723E-03
+5.1762500E-03,+7.1022360E-03,-48.5427463E-03,+91.6867406E-03
+5.1765437E-03,+14.0075938E-03,-48.2670995E-03,+91.6854041E-03
+5.1768375E-03,+17.8089476E-03,-48.4592170E-03,+91.6924206E-03
+5.1771312E-03,+16.5001396E-03,-48.4942993E-03,+91.6810606E-03
+5.1774250E-03,+10.9765443E-03,-48.4592170E-03,+91.6832323E-03
+5.1777187E-03,+4.8926508E-03,-48.4074288E-03,+91.6910841E-03
+5.1780125E-03,+878.7182E-06,-48.2102995E-03,+91.6945923E-03
+5.1783062E-03,+2.1425774E-03,-48.3506288E-03,+91.6889123E-03
+5.1786000E-03,+7.7749613E-03,-48.1885819E-03,+91.6867406E-03
+5.1788937E-03,+14.9642354E-03,-48.4024170E-03,+91.6832323E-03
+5.1791875E-03,+18.6979271E-03,-48.4725816E-03,+91.6954276E-03
+5.1794812E-03,+18.3542138E-03,-48.3589817E-03,+91.7124676E-03
+5.1797750E-03,+13.2660303E-03,-48.3806994E-03,+91.7102958E-03
+5.1800687E-03,+6.2323313E-03,-48.5678051E-03,+91.7024441E-03
+5.1803625E-03,+1.1943154E-03,-48.7348638E-03,+91.6967641E-03
+5.1806562E-03,+12.3785E-06,-48.3238994E-03,+91.7032794E-03
+5.1809500E-03,+4.3522360E-03,-48.4809346E-03,+91.7138041E-03
+5.1812437E-03,+12.2309212E-03,-48.5510992E-03,+91.6989359E-03
+5.1815375E-03,+17.6536665E-03,-48.4157817E-03,+91.7002723E-03
+5.1818312E-03,+18.8832720E-03,-48.2938288E-03,+91.6932559E-03
+5.1821250E-03,+14.2020535E-03,-48.1451466E-03,+91.7024441E-03
+5.1824187E-03,+6.0137617E-03,-48.3322523E-03,+91.7032794E-03
+5.1827125E-03,-441.1524E-06,-48.5861816E-03,+91.7138041E-03
+5.1830062E-03,-1.6894651E-03,-48.2938288E-03,+91.6967641E-03
+5.1833000E-03,+2.8204481E-03,-48.1885819E-03,+91.6945923E-03
+5.1835937E-03,+11.3582968E-03,-48.2721112E-03,+91.6975994E-03
+5.1838875E-03,+18.1705228E-03,-48.1317819E-03,+91.7159758E-03
+5.1841812E-03,+19.6598611E-03,-48.3372641E-03,+91.7089594E-03
+5.1844750E-03,+15.2524517E-03,-48.2804641E-03,+91.7116323E-03
+5.1847687E-03,+7.7061966E-03,-48.2370289E-03,+91.6889123E-03
+5.1850625E-03,+1.0903047E-03,-48.1885819E-03,+91.6845688E-03
+5.1853562E-03,-772.4799E-06,-48.3589817E-03,+91.6797241E-03
+5.1856500E-03,+3.3245143E-03,-48.3589817E-03,+91.6967641E-03
+5.1859437E-03,+10.7870095E-03,-48.3155465E-03,+91.6967641E-03
+5.1862375E-03,+17.3979765E-03,-48.1802289E-03,+91.7011076E-03
+5.1865312E-03,+19.2883994E-03,-48.1234290E-03,+91.7146394E-03
+5.1868250E-03,+16.4104258E-03,-48.1885819E-03,+91.7138041E-03
+5.1871187E-03,+8.8219048E-03,-48.3155465E-03,+91.6967641E-03
+5.1874125E-03,+2.4734638E-03,-48.2670995E-03,+91.7011076E-03
+5.1877062E-03,-662.4050E-06,-48.3289112E-03,+91.7102958E-03
+5.1880000E-03,+2.1364029E-03,-48.1752172E-03,+91.7046159E-03
+5.1882937E-03,+9.4538711E-03,-48.4291464E-03,+91.7067876E-03
+5.1885875E-03,+16.9775232E-03,-48.2019466E-03,+91.7102958E-03
+5.1888812E-03,+19.8700877E-03,-48.2453818E-03,+91.7046159E-03
+5.1891750E-03,+17.1215579E-03,-48.3372641E-03,+91.7024441E-03
+5.1894687E-03,+10.7970063E-03,-48.3021818E-03,+91.6989359E-03
+5.1897625E-03,+3.3588415E-03,-48.3806994E-03,+91.7067876E-03
+5.1900562E-03,-597.5361E-06,-48.4157817E-03,+91.7081241E-03
+5.1903500E-03,+752.0676E-06,-48.4241346E-03,+91.7011076E-03
+5.1906437E-03,+7.2218299E-03,-48.4859463E-03,+91.7081241E-03
+5.1909375E-03,+14.4190059E-03,-48.2019466E-03,+91.6967641E-03
+5.1912312E-03,+18.4718231E-03,-48.2019466E-03,+91.6967641E-03
+5.1915250E-03,+16.1752439E-03,-48.2670995E-03,+91.6967641E-03
+5.1918187E-03,+10.3751564E-03,-48.4592170E-03,+91.6945923E-03
+5.1921125E-03,+3.2487298E-03,-48.4291464E-03,+91.6867406E-03
+5.1924062E-03,-642.0806E-06,-48.2019466E-03,+91.6919194E-03
+5.1927000E-03,+1.6040369E-03,-48.2236642E-03,+91.7094606E-03
+5.1929937E-03,+7.4588495E-03,-48.3673347E-03,+91.6897476E-03
+5.1932875E-03,+15.0475542E-03,-48.4207935E-03,+91.7081241E-03
+5.1935812E-03,+19.4584919E-03,-48.0532643E-03,+91.7032794E-03
+5.1938750E-03,+17.7706511E-03,-48.2587465E-03,+91.7138041E-03
+5.1941687E-03,+11.8126363E-03,-48.2670995E-03,+91.6967641E-03
+5.1944625E-03,+5.3806928E-03,-48.4157817E-03,+91.7011076E-03
+5.1947562E-03,+1.4402659E-03,-48.3372641E-03,+91.7081241E-03
+5.1950500E-03,+1.7426322E-03,-48.2804641E-03,+91.6924206E-03
+5.1953437E-03,+6.9513285E-03,-48.2153113E-03,+91.6832323E-03
+5.1956375E-03,+14.3546516E-03,-48.1534995E-03,+91.6932559E-03
+5.1959312E-03,+18.4403994E-03,-48.4157817E-03,+91.7024441E-03
+5.1962250E-03,+17.4262763E-03,-48.3589817E-03,+91.6989359E-03
+5.1965187E-03,+11.5416939E-03,-48.3372641E-03,+91.7024441E-03
+5.1968125E-03,+5.0229399E-03,-48.2804641E-03,+91.7032794E-03
+5.1971062E-03,+556.3216E-06,-48.3021818E-03,+91.7094606E-03
+5.1974000E-03,+142.0060E-06,-48.2286760E-03,+91.6897476E-03
+5.1976937E-03,+5.9163665E-03,-47.9964644E-03,+91.7037806E-03
+5.1979875E-03,+12.7008807E-03,-48.2804641E-03,+91.6875759E-03
+5.1982812E-03,+17.4751944E-03,-48.3456170E-03,+91.7024441E-03
+5.1985750E-03,+17.1837071E-03,-48.3857111E-03,+91.7011076E-03
+5.1988687E-03,+12.7671830E-03,-48.0883466E-03,+91.7102958E-03
+5.1991625E-03,+6.9405967E-03,-48.2236642E-03,+91.7067876E-03
+5.1994562E-03,+2.1541913E-03,-48.2804641E-03,+91.7081241E-03
+5.1997500E-03,+825.7940E-06,-48.1935936E-03,+91.6967641E-03
+5.2000437E-03,+4.2494381E-03,-48.0532643E-03,+91.6967641E-03
+5.2003375E-03,+11.7265242E-03,-48.2153113E-03,+91.6989359E-03
+5.2006312E-03,+17.8153059E-03,-48.0666290E-03,+91.7024441E-03
+5.2009250E-03,+18.7082914E-03,-48.0799937E-03,+91.7011076E-03
+5.2012187E-03,+14.0799970E-03,-48.0749820E-03,+91.7059523E-03
+5.2015125E-03,+6.9124439E-03,-48.3589817E-03,+91.6867406E-03
+5.2018062E-03,+1.2714966E-03,-48.3155465E-03,+91.6897476E-03
+5.2021000E-03,-359.1567E-06,-48.2236642E-03,+91.7037806E-03
+5.2023937E-03,+3.1628750E-03,-48.2370289E-03,+91.6832323E-03
+5.2026875E-03,+11.0827235E-03,-48.1668642E-03,+91.6932559E-03
+5.2029812E-03,+17.7338982E-03,-48.2587465E-03,+91.7002723E-03
+5.2032750E-03,+19.4185047E-03,-48.2019466E-03,+91.6910841E-03
+5.2035687E-03,+15.5038417E-03,-48.2670995E-03,+91.6989359E-03
+5.2038625E-03,+8.5263746E-03,-48.4374993E-03,+91.6981006E-03
+5.2041562E-03,+1.5030767E-03,-48.4592170E-03,+91.6854041E-03
+5.2044500E-03,-869.6547E-06,-48.4291464E-03,+91.6989359E-03
+5.2047437E-03,+2.6008494E-03,-48.1802289E-03,+91.7089594E-03
+5.2050375E-03,+9.4305330E-03,-48.1668642E-03,+91.7138041E-03
+5.2053312E-03,+16.3784875E-03,-48.2370289E-03,+91.6989359E-03
+5.2056250E-03,+18.7533872E-03,-48.1234290E-03,+91.7002723E-03
+5.2059187E-03,+15.8393222E-03,-48.2537348E-03,+91.6932559E-03
+5.2062125E-03,+9.4691603E-03,-48.4859463E-03,+91.7067876E-03
+5.2065062E-03,+2.2309681E-03,-48.2019466E-03,+91.7081241E-03
+5.2068000E-03,-442.5858E-06,-48.2453818E-03,+91.6902488E-03
+5.2070937E-03,+2.4116087E-03,-48.3589817E-03,+91.6797241E-03
+5.2073875E-03,+8.1745022E-03,-48.2503936E-03,+91.6967641E-03
+5.2076812E-03,+15.6038096E-03,-47.9663938E-03,+91.7011076E-03
+5.2079750E-03,+19.5459270E-03,-48.0315467E-03,+91.7059523E-03
+5.2082687E-03,+18.0101331E-03,-48.1585113E-03,+91.6954276E-03
+5.2085625E-03,+10.8533853E-03,-48.1752172E-03,+91.7102958E-03
+5.2088562E-03,+3.5315067E-03,-48.4725816E-03,+91.7024441E-03
+5.2091500E-03,-901.2622E-06,-48.3589817E-03,+91.7011076E-03
+5.2094437E-03,+248.5895E-06,-48.3372641E-03,+91.7124676E-03
+5.2097375E-03,+6.1615451E-03,-48.2587465E-03,+91.7102958E-03
+5.2100312E-03,+14.5902745E-03,-48.2019466E-03,+91.7089594E-03
+5.2103250E-03,+19.7208709E-03,-48.3105347E-03,+91.7116323E-03
+5.2106187E-03,+19.1362791E-03,-48.5076640E-03,+91.6910841E-03
+5.2109125E-03,+12.5949588E-03,-48.2804641E-03,+91.6945923E-03
+5.2112062E-03,+4.4804669E-03,-48.1935936E-03,+91.6910841E-03
+5.2115000E-03,-347.9470E-06,-47.9446762E-03,+91.6880770E-03
+5.2117937E-03,-394.2557E-06,-48.0398996E-03,+91.6697006E-03
+5.2120875E-03,+6.3746385E-03,-48.3071935E-03,+91.6832323E-03
+5.2123812E-03,+14.5069556E-03,-47.9446762E-03,+91.6954276E-03
+5.2126750E-03,+19.6337665E-03,-47.9313115E-03,+91.7059523E-03
+5.2129687E-03,+18.8892995E-03,-47.9580409E-03,+91.6889123E-03
+5.2132625E-03,+12.7874338E-03,-47.8611468E-03,+91.6845688E-03
+5.2135562E-03,+5.2126952E-03,-48.1367937E-03,+91.6775523E-03
+5.2138500E-03,-333.9442E-06,-47.9663938E-03,+91.6889123E-03
+5.2141437E-03,-341.2213E-06,-47.9663938E-03,+91.6954276E-03
+5.2144375E-03,+5.1187180E-03,-48.0532643E-03,+91.7102958E-03
+5.2147312E-03,+13.9447096E-03,-48.2370289E-03,+91.7002723E-03
+5.2150250E-03,+19.9073184E-03,-48.1234290E-03,+91.6932559E-03
+5.2153187E-03,+19.0110619E-03,-48.0799937E-03,+91.7002723E-03
+5.2156125E-03,+12.8875855E-03,-48.0966996E-03,+91.6910841E-03
+5.2159062E-03,+5.7431500E-03,-48.3940641E-03,+91.6924206E-03
+5.2162000E-03,-8.7544E-06,-48.4107699E-03,+91.6897476E-03
+5.2164937E-03,-996.0112E-06,-48.5778286E-03,+91.7016088E-03
+5.2167875E-03,+3.8913177E-03,-48.1668642E-03,+91.6753806E-03
+5.2170812E-03,+11.6586049E-03,-48.2804641E-03,+91.6788888E-03
+5.2173750E-03,+18.1535797E-03,-48.2587465E-03,+91.6753806E-03
+5.2176687E-03,+19.1930623E-03,-48.0282055E-03,+91.6875759E-03
+5.2179625E-03,+14.4108835E-03,-47.7692645E-03,+91.7046159E-03
+5.2182562E-03,+7.1446488E-03,-48.2804641E-03,+91.6959288E-03
+5.2185500E-03,+1.4242049E-03,-48.2153113E-03,+91.6753806E-03
+5.2188437E-03,-524.2140E-06,-48.0883466E-03,+91.6810606E-03
+5.2191375E-03,+4.0348011E-03,-48.2236642E-03,+91.6875759E-03
+5.2194312E-03,+11.7497888E-03,-48.3021818E-03,+91.7024441E-03
+5.2197250E-03,+18.0563315E-03,-48.2503936E-03,+91.6924206E-03
+5.2200187E-03,+19.6718793E-03,-48.0098291E-03,+91.6832323E-03
+5.2203125E-03,+15.0952228E-03,-48.1017113E-03,+91.6954276E-03
+5.2206062E-03,+8.2198921E-03,-48.1534995E-03,+91.7059523E-03
+5.2209000E-03,+1.6403488E-03,-48.3940641E-03,+91.6932559E-03
+5.2211937E-03,-695.5561E-06,-48.3021818E-03,+91.7002723E-03
+5.2214875E-03,+2.0059300E-03,-48.3806994E-03,+91.6889123E-03
+5.2217812E-03,+9.5045166E-03,-48.3940641E-03,+91.6889123E-03
+5.2220750E-03,+16.1334190E-03,-48.2153113E-03,+91.6910841E-03
+5.2223687E-03,+18.4115484E-03,-48.1100643E-03,+91.6989359E-03
+5.2226625E-03,+15.2612357E-03,-48.3021818E-03,+91.7024441E-03
+5.2229562E-03,+8.8260579E-03,-48.3372641E-03,+91.6924206E-03
+5.2232500E-03,+2.8019614E-03,-48.2370289E-03,+91.6897476E-03
+5.2235437E-03,+184.1984E-06,-48.1451466E-03,+91.7124676E-03
+5.2238375E-03,+2.5050713E-03,-48.2019466E-03,+91.7016088E-03
+5.2241312E-03,+9.1220658E-03,-48.2236642E-03,+91.6797241E-03
+5.2244250E-03,+16.5516304E-03,-48.2370289E-03,+91.6967641E-03
+5.2247187E-03,+18.6534560E-03,-48.1668642E-03,+91.7011076E-03
+5.2250125E-03,+16.2537481E-03,-48.1718760E-03,+91.7146394E-03
+5.2253062E-03,+10.0376911E-03,-47.9747467E-03,+91.7159758E-03
+5.2256000E-03,+3.4839484E-03,-48.2019466E-03,+91.7024441E-03
+5.2258937E-03,+580.1008E-06,-48.1585113E-03,+91.7011076E-03
+5.2261875E-03,+2.3100971E-03,-48.1100643E-03,+91.7081241E-03
+5.2264812E-03,+7.3550225E-03,-48.2804641E-03,+91.6945923E-03
+5.2267750E-03,+14.0424356E-03,-48.2804641E-03,+91.6889123E-03
+5.2270687E-03,+18.5635584E-03,-48.3238994E-03,+91.6932559E-03
+5.2273625E-03,+17.5839830E-03,-48.3289112E-03,+91.6959288E-03
+5.2276562E-03,+11.4939151E-03,-48.0883466E-03,+91.6753806E-03
+5.2279500E-03,+5.1843955E-03,-48.2670995E-03,+91.6832323E-03
+5.2282437E-03,+1.1205156E-03,-48.3723464E-03,+91.6910841E-03
+5.2285375E-03,+2.2608482E-03,-48.1585113E-03,+91.6924206E-03
+5.2288312E-03,+7.8904389E-03,-48.0449114E-03,+91.6810606E-03
+5.2291250E-03,+14.0663617E-03,-48.0014761E-03,+91.6875759E-03
+5.2294187E-03,+17.6987256E-03,-47.9095938E-03,+91.6981006E-03
+5.2297125E-03,+16.9558757E-03,-48.0532643E-03,+91.6832323E-03
+5.2300062E-03,+11.8404215E-03,-48.2153113E-03,+91.6910841E-03
+5.2303000E-03,+5.3741508E-03,-48.1100643E-03,+91.6945923E-03
+5.2305937E-03,+518.8337E-06,-48.3238994E-03,+91.6910841E-03
+5.2308875E-03,+697.9673E-06,-48.2854759E-03,+91.6924206E-03
+5.2311812E-03,+5.2455890E-03,-47.9530291E-03,+91.6854041E-03
+5.2314750E-03,+12.2337879E-03,-48.0799937E-03,+91.7011076E-03
+5.2317687E-03,+17.0186497E-03,-48.0315467E-03,+91.7059523E-03
+5.2320625E-03,+16.9996485E-03,-48.2019466E-03,+91.6889123E-03
+5.2323562E-03,+12.7189632E-03,-48.1802289E-03,+91.6932559E-03
+5.2326500E-03,+6.2838221E-03,-48.1451466E-03,+91.7046159E-03
+5.2329437E-03,+1.4612151E-03,-48.2236642E-03,+91.7089594E-03
+5.2332375E-03,+949.6145E-06,-48.2153113E-03,+91.7116323E-03
+5.2335312E-03,+5.3372508E-03,-48.0449114E-03,+91.6932559E-03
+5.2338250E-03,+11.0919852E-03,-48.0666290E-03,+91.7024441E-03
+5.2341187E-03,+16.4046923E-03,-48.1017113E-03,+91.6945923E-03
+5.2344125E-03,+17.5027223E-03,-48.1100643E-03,+91.6954276E-03
+5.2347062E-03,+13.6248857E-03,-48.1718760E-03,+91.7037806E-03
+5.2350000E-03,+6.8171436E-03,-47.9964644E-03,+91.6875759E-03
+5.2352937E-03,+1.7754893E-03,-48.2370289E-03,+91.7046159E-03
+5.2355875E-03,+842.1858E-06,-48.1668642E-03,+91.7067876E-03
+5.2358812E-03,+4.4831499E-03,-48.1935936E-03,+91.7102958E-03
+5.2361750E-03,+10.9748537E-03,-47.9881114E-03,+91.6959288E-03
+5.2364687E-03,+17.0455896E-03,-48.0014761E-03,+91.6818959E-03
+5.2367625E-03,+18.9260524E-03,-47.9095938E-03,+91.7002723E-03
+5.2370562E-03,+14.6152297E-03,-47.9881114E-03,+91.6910841E-03
+5.2373500E-03,+7.9848204E-03,-48.1534995E-03,+91.6989359E-03
+5.2376437E-03,+2.5356865E-03,-48.3071935E-03,+91.7067876E-03
+5.2379375E-03,+306.0710E-06,-48.0098291E-03,+91.7059523E-03
+5.2382312E-03,+2.9656221E-03,-48.1668642E-03,+91.6932559E-03
+5.2385250E-03,+9.3397901E-03,-48.2370289E-03,+91.7067876E-03
+5.2388187E-03,+15.9298814E-03,-48.1451466E-03,+91.7124676E-03
+5.2391125E-03,+18.0734583E-03,-48.1585113E-03,+91.7146394E-03
+5.2394062E-03,+14.8215973E-03,-48.0014761E-03,+91.7159758E-03
+5.2397000E-03,+7.8653000E-03,-47.9747467E-03,+91.7089594E-03
+5.2399937E-03,+2.0130968E-03,-48.1150760E-03,+91.7159758E-03
+5.2402875E-03,-637.0087E-06,-47.9530291E-03,+91.7089594E-03
+5.2405812E-03,+1.5445339E-03,-48.1885819E-03,+91.7203194E-03
+5.2408750E-03,+8.5642301E-03,-48.2503936E-03,+91.7138041E-03
+5.2411687E-03,+16.3896604E-03,-48.0532643E-03,+91.6902488E-03
+5.2414625E-03,+19.4359991E-03,-48.1935936E-03,+91.6797241E-03
+5.2417562E-03,+17.1902491E-03,-48.0315467E-03,+91.6945923E-03
+5.2420500E-03,+10.3886447E-03,-48.1802289E-03,+91.6910841E-03
+5.2423437E-03,+4.3771912E-03,-48.1234290E-03,+91.6967641E-03
+5.2426375E-03,+190.7772E-06,-48.1885819E-03,+91.6989359E-03
+5.2429312E-03,+1.2625288E-03,-48.2938288E-03,+91.7046159E-03
+5.2432250E-03,+7.8300906E-03,-48.1451466E-03,+91.7046159E-03
+5.2435187E-03,+15.3451793E-03,-48.2236642E-03,+91.7046159E-03
+5.2438125E-03,+18.2339215E-03,-48.2153113E-03,+91.7046159E-03
+5.2441062E-03,+16.0012556E-03,-48.0666290E-03,+91.6959288E-03
+5.2444000E-03,+10.6493331E-03,-48.1234290E-03,+91.6775523E-03
+5.2446937E-03,+3.7839992E-03,-48.0799937E-03,+91.6954276E-03
+5.2449875E-03,-178.6999E-06,-48.0532643E-03,+91.7037806E-03
+5.2452812E-03,+155.2371E-06,-48.2370289E-03,+91.6810606E-03
+5.2455750E-03,+7.1682074E-03,-48.1234290E-03,+91.6854041E-03
+5.2458687E-03,+14.4595076E-03,-48.0799937E-03,+91.6967641E-03
+5.2461625E-03,+18.3627773E-03,-48.0315467E-03,+91.6989359E-03
+5.2464562E-03,+16.4744861E-03,-48.2019466E-03,+91.7046159E-03
+5.2467500E-03,+11.9681012E-03,-48.1367937E-03,+91.7024441E-03
+5.2470437E-03,+5.5534315E-03,-47.9881114E-03,+91.6924206E-03
+5.2473375E-03,+226.5377E-06,-48.0449114E-03,+91.6832323E-03
+5.2476312E-03,+1.3288679E-03,-48.0666290E-03,+91.6889123E-03
+5.2479250E-03,+6.7493345E-03,-48.1017113E-03,+91.6889123E-03
+5.2482187E-03,+13.9271784E-03,-48.0449114E-03,+91.6932559E-03
+5.2485125E-03,+18.2423012E-03,-48.0231938E-03,+91.6981006E-03
+5.2488062E-03,+17.6368337E-03,-47.9446762E-03,+91.6854041E-03
+5.2491000E-03,+12.7323780E-03,-47.9530291E-03,+91.6945923E-03
+5.2493937E-03,+6.2605208E-03,-48.0799937E-03,+91.6954276E-03
+5.2496875E-03,+1.0602776E-03,-48.0098291E-03,+91.7081241E-03
+5.2499812E-03,-262.9008E-06,-48.1451466E-03,+91.6967641E-03
+5.2502750E-03,+4.1673688E-03,-48.0933584E-03,+91.6967641E-03
+5.2505687E-03,+11.2005165E-03,-47.9396644E-03,+91.6945923E-03
+5.2508625E-03,+16.7003327E-03,-48.1935936E-03,+91.6954276E-03
+5.2511562E-03,+17.4836108E-03,-48.0315467E-03,+91.7081241E-03
+5.2514500E-03,+13.2892214E-03,-48.1367937E-03,+91.6967641E-03
+5.2517437E-03,+7.7383922E-03,-47.9012409E-03,+91.6967641E-03
+5.2520375E-03,+1.8783239E-03,-47.8394292E-03,+91.6967641E-03
+5.2523312E-03,+116.7200E-06,-48.0799937E-03,+91.6967641E-03
+5.2526250E-03,+3.5737358E-03,-47.9881114E-03,+91.7011076E-03
+5.2529187E-03,+10.1928619E-03,-48.0014761E-03,+91.7102958E-03
+5.2532125E-03,+16.9359189E-03,-47.8661586E-03,+91.7002723E-03
+5.2535062E-03,+17.9815393E-03,-47.8745115E-03,+91.6910841E-03
+5.2538000E-03,+14.3164653E-03,-48.0666290E-03,+91.6967641E-03
+5.2540937E-03,+8.7580282E-03,-48.0799937E-03,+91.6924206E-03
+5.2543875E-03,+3.5044566E-03,-48.0315467E-03,+91.6854041E-03
+5.2546812E-03,+579.5495E-06,-48.1802289E-03,+91.6924206E-03
+5.2549750E-03,+3.3018745E-03,-48.1234290E-03,+91.6875759E-03
+5.2552687E-03,+9.5535083E-03,-48.1017113E-03,+91.7046159E-03
+5.2555625E-03,+15.3730380E-03,-48.0883466E-03,+91.6981006E-03
+5.2558562E-03,+17.1927850E-03,-48.1367937E-03,+91.6854041E-03
+5.2561500E-03,+14.7828598E-03,-48.0749820E-03,+91.6945923E-03
+5.2564437E-03,+10.4205830E-03,-48.3155465E-03,+91.6889123E-03
+5.2567375E-03,+5.2555859E-03,-48.2453818E-03,+91.6889123E-03
+5.2570312E-03,+1.6396505E-03,-48.3589817E-03,+91.6867406E-03
+5.2573250E-03,+3.0947718E-03,-48.2503936E-03,+91.6854041E-03
+5.2576187E-03,+8.8363487E-03,-47.9881114E-03,+91.7011076E-03
+5.2579125E-03,+15.2889474E-03,-48.0449114E-03,+91.7124676E-03
+5.2582062E-03,+17.4949675E-03,-47.9797585E-03,+91.7059523E-03
+5.2585000E-03,+15.8284066E-03,-47.8527939E-03,+91.6845688E-03
+5.2587937E-03,+10.4651275E-03,-48.0315467E-03,+91.6753806E-03
+5.2590875E-03,+5.3522460E-03,-48.2236642E-03,+91.6854041E-03
+5.2593812E-03,+1.4888165E-03,-48.2370289E-03,+91.6989359E-03
+5.2596750E-03,+1.5244301E-03,-48.1885819E-03,+91.7002723E-03
+5.2599687E-03,+6.3776155E-03,-48.2503936E-03,+91.6932559E-03
+5.2602625E-03,+13.5119440E-03,-47.9663938E-03,+91.6981006E-03
+5.2605562E-03,+17.4898221E-03,-47.9663938E-03,+91.6854041E-03
+5.2608500E-03,+16.3581264E-03,-47.9229585E-03,+91.6989359E-03
+5.2611437E-03,+11.1611174E-03,-47.8527939E-03,+91.7024441E-03
+5.2614375E-03,+5.5760345E-03,-47.9881114E-03,+91.6945923E-03
+5.2617312E-03,+2.4362331E-03,-48.1100643E-03,+91.6889123E-03
+5.2620250E-03,+1.1333791E-03,-48.1718760E-03,+91.6932559E-03
+5.2623187E-03,+6.0287936E-03,-48.0398996E-03,+91.7024441E-03
+5.2626125E-03,+12.3131007E-03,-48.3071935E-03,+91.6945923E-03
+5.2629062E-03,+16.8097462E-03,-47.9012409E-03,+91.6975994E-03
+5.2632000E-03,+16.8823699E-03,-47.8828644E-03,+91.7138041E-03
+5.2634937E-03,+13.1616153E-03,-48.2804641E-03,+91.6902488E-03
+5.2637875E-03,+7.1986389E-03,-48.1718760E-03,+91.6797241E-03
+5.2640812E-03,+2.6439238E-03,-47.9313115E-03,+91.6924206E-03
+5.2643750E-03,+1.6567038E-03,-48.0231938E-03,+91.6788888E-03
+5.2646687E-03,+5.0735119E-03,-47.9881114E-03,+91.6775523E-03
+5.2649625E-03,+11.7881589E-03,-48.0666290E-03,+91.6954276E-03
+5.2652562E-03,+16.6470043E-03,-48.0148408E-03,+91.7081241E-03
+5.2655500E-03,+17.1610305E-03,-47.8177116E-03,+91.6945923E-03
+5.2658437E-03,+14.0826433E-03,-48.0449114E-03,+91.6910841E-03
+5.2661375E-03,+7.7046162E-03,-48.1317819E-03,+91.6989359E-03
+5.2664312E-03,+2.5622956E-03,-48.2721112E-03,+91.7024441E-03
+5.2667250E-03,+1.3358877E-03,-48.0014761E-03,+91.6967641E-03
+5.2670187E-03,+4.2391473E-03,-47.9095938E-03,+91.6902488E-03
+5.2673125E-03,+10.7796222E-03,-48.0098291E-03,+91.6818959E-03
+5.2676062E-03,+16.0488506E-03,-48.1234290E-03,+91.7046159E-03
+5.2679000E-03,+17.0950590E-03,-48.0799937E-03,+91.7046159E-03
+5.2681937E-03,+14.4641385E-03,-47.9446762E-03,+91.7024441E-03
+5.2684875E-03,+8.2912295E-03,-47.9530291E-03,+91.6924206E-03
+5.2687812E-03,+2.3746353E-03,-48.1234290E-03,+91.6832323E-03
+5.2690750E-03,-125.2244E-06,-48.0799937E-03,+91.6867406E-03
+5.2693687E-03,+2.5738728E-03,-47.9881114E-03,+91.6810606E-03
+5.2696625E-03,+9.5112792E-03,-48.0231938E-03,+91.6854041E-03
+5.2699562E-03,+15.3715679E-03,-48.0098291E-03,+91.6967641E-03
+5.2702500E-03,+17.6045647E-03,-48.0799937E-03,+91.6967641E-03
+5.2705437E-03,+15.4161125E-03,-47.9663938E-03,+91.6924206E-03
+5.2708375E-03,+10.3432181E-03,-47.9663938E-03,+91.6810606E-03
+5.2711312E-03,+4.7590172E-03,-47.9446762E-03,+91.6832323E-03
+5.2714250E-03,+1.2821182E-03,-47.9313115E-03,+91.6932559E-03
+5.2717187E-03,+2.4941925E-03,-47.9797585E-03,+91.7002723E-03
+5.2720125E-03,+8.2544765E-03,-47.8962291E-03,+91.6889123E-03
+5.2723062E-03,+14.2225248E-03,-48.1234290E-03,+91.6889123E-03
+5.2726000E-03,+16.2402598E-03,-48.1017113E-03,+91.6889123E-03
+5.2728937E-03,+14.7510317E-03,-48.0231938E-03,+91.6867406E-03
+5.2731875E-03,+10.2487264E-03,-48.0532643E-03,+91.6810606E-03
+5.2734812E-03,+4.2812661E-03,-48.2804641E-03,+91.6875759E-03
+5.2737750E-03,+492.5186E-06,-48.2370289E-03,+91.7002723E-03
+5.2740687E-03,+2.1075886E-03,-48.0799937E-03,+91.6889123E-03
+5.2743625E-03,+8.7158726E-03,-47.9446762E-03,+91.6845688E-03
+5.2746562E-03,+15.4305563E-03,-47.9530291E-03,+91.6797241E-03
+5.2749500E-03,+19.6848898E-03,-48.1017113E-03,+91.6989359E-03
+5.2752437E-03,+17.5267220E-03,-48.0014761E-03,+91.6981006E-03
+5.2755375E-03,+12.1063289E-03,-47.8661586E-03,+91.6832323E-03
+5.2758312E-03,+5.3782671E-03,-47.8527939E-03,+91.6845688E-03
+5.2761250E-03,+1.3858349E-03,-48.0315467E-03,+91.6797241E-03
+5.2764187E-03,+2.0687040E-03,-48.1367937E-03,+91.6945923E-03
+5.2767125E-03,+7.4022500E-03,-47.9663938E-03,+91.6867406E-03
+5.2770062E-03,+13.5335180E-03,-48.0098291E-03,+91.6832323E-03
+5.2773000E-03,+17.8798440E-03,-48.0582761E-03,+91.6889123E-03
+5.2775937E-03,+17.0486033E-03,-47.8878762E-03,+91.6889123E-03
+5.2778875E-03,+12.2399992E-03,-47.8878762E-03,+91.6954276E-03
+5.2781812E-03,+6.1183605E-03,-47.9313115E-03,+91.7081241E-03
+5.2784750E-03,+1.9433766E-03,-48.0449114E-03,+91.6967641E-03
+5.2787687E-03,+1.8605355E-03,-48.0014761E-03,+91.6924206E-03
+5.2790625E-03,+5.6816991E-03,-47.9095938E-03,+91.6897476E-03
+5.2793562E-03,+11.8225229E-03,-47.9446762E-03,+91.7081241E-03
+5.2796500E-03,+16.1526408E-03,-47.8661586E-03,+91.6989359E-03
+5.2799437E-03,+16.0696895E-03,-47.8527939E-03,+91.7046159E-03
+5.2802375E-03,+10.9062727E-03,-48.0098291E-03,+91.6959288E-03
+5.2805312E-03,+5.7542861E-03,-48.1017113E-03,+91.6732088E-03
+5.2808250E-03,+1.8006650E-03,-48.0883466E-03,+91.6797241E-03
+5.2811187E-03,+1.4300486E-03,-48.1367937E-03,+91.6967641E-03
+5.2814125E-03,+5.3259677E-03,-47.9663938E-03,+91.6967641E-03
+5.2817062E-03,+10.7644432E-03,-47.9012409E-03,+91.6902488E-03
+5.2820000E-03,+15.9892741E-03,-47.7742763E-03,+91.6753806E-03
+5.2822937E-03,+16.7264641E-03,-47.8878762E-03,+91.6832323E-03
+5.2825875E-03,+13.0274671E-03,-47.8878762E-03,+91.6845688E-03
+5.2828812E-03,+7.3423428E-03,-47.8878762E-03,+91.6818959E-03
+5.2831750E-03,+1.7776209E-03,-47.8878762E-03,+91.7046159E-03
+5.2834687E-03,+331.3938E-06,-47.9530291E-03,+91.6981006E-03
+5.2837625E-03,+4.0223418E-03,-48.0799937E-03,+91.6810606E-03
+5.2840562E-03,+10.9346827E-03,-48.0098291E-03,+91.6875759E-03
+5.2843500E-03,+16.8721158E-03,-48.1451466E-03,+91.7002723E-03
+5.2846437E-03,+18.0207546E-03,-48.2236642E-03,+91.6910841E-03
+5.2849375E-03,+14.8264487E-03,-48.2370289E-03,+91.6924206E-03
+5.2852312E-03,+9.7767087E-03,-48.1017113E-03,+91.6875759E-03
+5.2855250E-03,+3.8607393E-03,-48.0449114E-03,+91.6959288E-03
+5.2858187E-03,+1.4713222E-03,-47.9580409E-03,+91.6732088E-03
+5.2861125E-03,+3.5650621E-03,-47.8394292E-03,+91.6797241E-03
+5.2864062E-03,+9.5317505E-03,-48.1017113E-03,+91.6967641E-03
+5.2867000E-03,+15.5571334E-03,-48.0014761E-03,+91.6945923E-03
+5.2869937E-03,+17.9310040E-03,-47.9095938E-03,+91.6867406E-03
+5.2872875E-03,+15.9554982E-03,-47.9446762E-03,+91.6832323E-03
+5.2875812E-03,+10.4736542E-03,-47.8878762E-03,+91.6932559E-03
+5.2878750E-03,+4.6777566E-03,-47.9313115E-03,+91.7046159E-03
+5.2881687E-03,+1.2671230E-03,-48.1100643E-03,+91.7024441E-03
+5.2884625E-03,+2.1053466E-03,-48.1718760E-03,+91.6945923E-03
+5.2887562E-03,+8.9745029E-03,-47.9964644E-03,+91.6845688E-03
+5.2890500E-03,+14.6943220E-03,-48.1284407E-03,+91.6818959E-03
+5.2893437E-03,+17.3755205E-03,-47.7742763E-03,+91.6981006E-03
+5.2896375E-03,+15.9945665E-03,-47.8661586E-03,+91.6854041E-03
+5.2899312E-03,+10.9236936E-03,-47.8745115E-03,+91.6902488E-03
+5.2902250E-03,+4.5892923E-03,-48.0449114E-03,+91.6710371E-03
+5.2905187E-03,+895.9921E-06,-48.0231938E-03,+91.6718723E-03
+5.2908125E-03,+828.0359E-06,-48.0098291E-03,+91.6910841E-03
+5.2911062E-03,+5.9011875E-03,-48.0582761E-03,+91.6945923E-03
+5.2914000E-03,+13.0021811E-03,-47.8878762E-03,+91.6910841E-03
+5.2916937E-03,+17.5878788E-03,-47.9747467E-03,+91.6967641E-03
+5.2919875E-03,+17.4027177E-03,-48.2019466E-03,+91.6989359E-03
+5.2922812E-03,+12.4145020E-03,-48.2019466E-03,+91.7067876E-03
+5.2925750E-03,+5.5768063E-03,-48.2236642E-03,+91.7081241E-03
+5.2928687E-03,+274.2063E-06,-48.2804641E-03,+91.7011076E-03
+5.2931625E-03,+78.4970E-06,-48.2587465E-03,+91.7037806E-03
+5.2934562E-03,+4.4762771E-03,-48.0716408E-03,+91.6810606E-03
+5.2937500E-03,+11.7365945E-03,-47.7308410E-03,+91.6832323E-03
+5.2940437E-03,+16.8467931E-03,-47.7959939E-03,+91.6910841E-03
+5.2943375E-03,+17.3413770E-03,-47.9663938E-03,+91.6967641E-03
+5.2946312E-03,+13.5888679E-03,-47.9881114E-03,+91.6967641E-03
+5.2949250E-03,+7.5312895E-03,-48.0449114E-03,+91.6967641E-03
+5.2952187E-03,+1.8252160E-03,-47.9363232E-03,+91.6989359E-03
+5.2955125E-03,+201.0312E-06,-47.7174763E-03,+91.7002723E-03
+5.2958062E-03,+4.4233529E-03,-47.8878762E-03,+91.6932559E-03
+5.2961000E-03,+12.1268737E-03,-47.9747467E-03,+91.7024441E-03
+5.2963937E-03,+17.5946046E-03,-48.1802289E-03,+91.6967641E-03
+5.2966875E-03,+18.9856289E-03,-48.0799937E-03,+91.6967641E-03
+5.2969812E-03,+14.9109437E-03,-47.9881114E-03,+91.6989359E-03
+5.2972750E-03,+8.2609818E-03,-48.0014761E-03,+91.7002723E-03
+5.2975687E-03,+2.7920748E-03,-47.9313115E-03,+91.6910841E-03
+5.2978625E-03,+504.6470E-06,-48.0449114E-03,+91.7011076E-03
+5.2981562E-03,+3.4934307E-03,-48.0449114E-03,+91.7081241E-03
+5.2984500E-03,+10.4679207E-03,-47.9797585E-03,+91.6989359E-03
+5.2987437E-03,+16.9163664E-03,-47.8310763E-03,+91.7046159E-03
+5.2990375E-03,+18.3084565E-03,-47.9530291E-03,+91.7046159E-03
+5.2993312E-03,+14.4783986E-03,-48.1017113E-03,+91.7024441E-03
+5.2996250E-03,+8.2643998E-03,-48.0666290E-03,+91.6967641E-03
+5.2999187E-03,+2.5236683E-03,-48.1017113E-03,+91.6967641E-03
+5.3002125E-03,-600.8806E-06,-48.0231938E-03,+91.6989359E-03
+5.3005062E-03,+2.0865292E-03,-47.9446762E-03,+91.7089594E-03
+5.3008000E-03,+8.8167594E-03,-47.9530291E-03,+91.7138041E-03
+5.3010937E-03,+15.8710767E-03,-48.0365585E-03,+91.6967641E-03
+5.3013875E-03,+18.5093846E-03,-47.9179468E-03,+91.6945923E-03
+5.3016812E-03,+15.5525393E-03,-48.1802289E-03,+91.6845688E-03
+5.3019750E-03,+9.6887222E-03,-48.1017113E-03,+91.6775523E-03
+5.3022687E-03,+3.0026690E-03,-48.0231938E-03,+91.6910841E-03
+5.3025625E-03,-537.7758E-06,-47.9663938E-03,+91.6967641E-03
+5.3028562E-03,+1.1676328E-03,-47.9881114E-03,+91.6989359E-03
+5.3031500E-03,+8.0352822E-03,-48.0666290E-03,+91.7002723E-03
+5.3034437E-03,+15.2912260E-03,-48.0799937E-03,+91.6910841E-03
+5.3037375E-03,+18.6728616E-03,-47.9446762E-03,+91.6967641E-03
+5.3040312E-03,+16.3767601E-03,-47.9313115E-03,+91.6945923E-03
+5.3043250E-03,+10.5193013E-03,-48.0231938E-03,+91.6910841E-03
+5.3046187E-03,+3.9348699E-03,-47.9881114E-03,+91.6945923E-03
+5.3049125E-03,+304.9685E-06,-47.9797585E-03,+91.6889123E-03
+5.3052062E-03,+1.9648770E-03,-47.7659234E-03,+91.6867406E-03
+5.3055000E-03,+9.2210414E-03,-47.6957587E-03,+91.6788888E-03
+5.3057937E-03,+16.9561698E-03,-47.8745115E-03,+91.6775523E-03
+5.3060875E-03,+20.0044564E-03,-48.0231938E-03,+91.6823970E-03
+5.3063812E-03,+17.7581918E-03,-47.9881114E-03,+91.6675288E-03
+5.3066750E-03,+11.2915903E-03,-47.9797585E-03,+91.6797241E-03
+5.3069687E-03,+4.6172613E-03,-47.8745115E-03,+91.6967641E-03
+5.3072625E-03,+942.6315E-06,-47.9797585E-03,+91.7011076E-03
+5.3075562E-03,+1.3471341E-03,-47.8962291E-03,+91.7059523E-03
+5.3078500E-03,+7.1953678E-03,-48.0365585E-03,+91.6932559E-03
+5.3081437E-03,+13.7953825E-03,-47.8745115E-03,+91.7024441E-03
+5.3084375E-03,+17.7582286E-03,-47.9797585E-03,+91.6967641E-03
+5.3087312E-03,+17.0356296E-03,-47.8527939E-03,+91.7011076E-03
+5.3090250E-03,+13.1535664E-03,-47.9229585E-03,+91.7102958E-03
+5.3093187E-03,+6.5975817E-03,-47.8093586E-03,+91.7046159E-03
+5.3096125E-03,+1.6412309E-03,-47.8310763E-03,+91.7024441E-03
+5.3099062E-03,+1.0926936E-03,-47.8444410E-03,+91.6924206E-03
+5.3102000E-03,+5.5126357E-03,-47.7308410E-03,+91.6854041E-03
+5.3104937E-03,+12.9459491E-03,-47.8394292E-03,+91.7011076E-03
+5.3107875E-03,+18.0825363E-03,-48.0799937E-03,+91.7059523E-03
+5.3110812E-03,+17.8048313E-03,-47.9663938E-03,+91.6910841E-03
+5.3113750E-03,+12.9098210E-03,-47.9229585E-03,+91.6967641E-03
+5.3116687E-03,+6.3128937E-03,-47.8527939E-03,+91.6945923E-03
+5.3119625E-03,+946.9683E-06,-47.9446762E-03,+91.6910841E-03
+5.3122562E-03,+861.4443E-06,-47.9530291E-03,+91.6945923E-03
+5.3125500E-03,+5.1495537E-03,-48.1017113E-03,+91.6910841E-03
+5.3128437E-03,+11.6541210E-03,-48.0449114E-03,+91.6967641E-03
+5.3131375E-03,+17.0407382E-03,-47.9363232E-03,+91.6967641E-03
+5.3134312E-03,+17.8015235E-03,-47.8043469E-03,+91.6945923E-03
+5.3137250E-03,+13.6292226E-03,-48.1367937E-03,+91.6910841E-03
+5.3140187E-03,+6.9786359E-03,-47.9229585E-03,+91.6989359E-03
+5.3143125E-03,+1.3146077E-03,-47.8310763E-03,+91.7002723E-03
+5.3146062E-03,+482.1175E-06,-47.8661586E-03,+91.6932559E-03
+5.3149000E-03,+4.7427724E-03,-47.7659234E-03,+91.7002723E-03
+5.3151937E-03,+12.0538824E-03,-47.7826292E-03,+91.6889123E-03
+5.3154875E-03,+16.6615584E-03,-48.0148408E-03,+91.6867406E-03
+5.3157812E-03,+17.4457921E-03,-47.7959939E-03,+91.6875759E-03
+5.3160750E-03,+14.3782469E-03,-47.9012409E-03,+91.7002723E-03
+5.3163687E-03,+7.9722509E-03,-47.8177116E-03,+91.6932559E-03
+5.3166625E-03,+2.4683184E-03,-48.0231938E-03,+91.7024441E-03
+5.3169562E-03,+144.2847E-06,-47.9446762E-03,+91.6967641E-03
+5.3172500E-03,+3.2011715E-03,-47.8661586E-03,+91.6945923E-03
+5.3175437E-03,+9.4208302E-03,-47.8310763E-03,+91.6845688E-03
+5.3178375E-03,+16.4069342E-03,-47.8878762E-03,+91.6797241E-03
+5.3181312E-03,+18.2902638E-03,-47.8878762E-03,+91.6945923E-03
+5.3184250E-03,+15.1367903E-03,-47.9530291E-03,+91.6910841E-03
+5.3187187E-03,+9.2316630E-03,-47.9931232E-03,+91.6967641E-03
+5.3190125E-03,+3.1866909E-03,-47.6523235E-03,+91.6945923E-03
+5.3193062E-03,+864.9358E-06,-47.7391940E-03,+91.6867406E-03
+5.3196000E-03,+2.6978771E-03,-47.9012409E-03,+91.6854041E-03
+5.3198937E-03,+9.8220250E-03,-47.7091234E-03,+91.6967641E-03
+5.3201875E-03,+16.0905651E-03,-47.7174763E-03,+91.6924206E-03
+5.3204812E-03,+19.1322730E-03,-47.8444410E-03,+91.6919194E-03
+5.3207750E-03,+16.4026709E-03,-47.7742763E-03,+91.7159758E-03
+5.3210687E-03,+10.3470404E-03,-47.8444410E-03,+91.7002723E-03
+5.3213625E-03,+3.3816651E-03,-47.8177116E-03,+91.6867406E-03
+5.3216562E-03,-892.5885E-06,-48.0231938E-03,+91.6832323E-03
+5.3219500E-03,+1.0094115E-03,-47.9881114E-03,+91.6910841E-03
+5.3222437E-03,+7.4693976E-03,-47.9797585E-03,+91.6967641E-03
+5.3225375E-03,+15.1922872E-03,-47.8093586E-03,+91.6967641E-03
+5.3228312E-03,+18.6018917E-03,-47.7876410E-03,+91.6967641E-03
+5.3231250E-03,+16.8824434E-03,-47.8177116E-03,+91.6902488E-03
+5.3234187E-03,+11.3387075E-03,-48.0883466E-03,+91.6797241E-03
+5.3237125E-03,+4.0298762E-03,-48.1802289E-03,+91.6989359E-03
+5.3240062E-03,-95.6015E-06,-48.0365585E-03,+91.7024441E-03
+5.3243000E-03,+1.4234331E-03,-47.8310763E-03,+91.7032794E-03
+5.3245937E-03,+7.5919318E-03,-47.9095938E-03,+91.7072888E-03
+5.3248875E-03,+15.6504490E-03,-47.9446762E-03,+91.6797241E-03
+5.3251812E-03,+20.2154916E-03,-47.8444410E-03,+91.6945923E-03
+5.3254750E-03,+18.2300992E-03,-47.7525587E-03,+91.6889123E-03
+5.3257687E-03,+12.2305537E-03,-47.8527939E-03,+91.6910841E-03
+5.3260625E-03,+5.2804676E-03,-47.9881114E-03,+91.6967641E-03
+5.3263562E-03,+118.0064E-06,-47.9797585E-03,+91.6967641E-03
+5.3266500E-03,-282.7474E-06,-47.8527939E-03,+91.6945923E-03
+5.3269437E-03,+5.2743666E-03,-47.9012409E-03,+91.6889123E-03
+5.3272375E-03,+13.2007203E-03,-47.7959939E-03,+91.6889123E-03
+5.3275312E-03,+17.8905023E-03,-47.9663938E-03,+91.6867406E-03
+5.3278250E-03,+17.1037695E-03,-47.9229585E-03,+91.6875759E-03
+5.3281187E-03,+12.1958590E-03,-47.7659234E-03,+91.6959288E-03
+5.3284125E-03,+5.2163705E-03,-47.7609116E-03,+91.6753806E-03
+5.3287062E-03,-65.7582E-06,-47.9797585E-03,+91.6810606E-03
+5.3290000E-03,-703.8255E-06,-47.8527939E-03,+91.6897476E-03
+5.3292937E-03,+4.7804809E-03,-47.9012409E-03,+91.7016088E-03
+5.3295875E-03,+12.4399350E-03,-47.7525587E-03,+91.6840676E-03
+5.3298812E-03,+18.6877465E-03,-47.7876410E-03,+91.7037806E-03
+5.3301750E-03,+19.3965632E-03,-47.7091234E-03,+91.6875759E-03
+5.3304687E-03,+14.1570679E-03,-47.6088882E-03,+91.7002723E-03
+5.3307625E-03,+7.3891292E-03,-47.6038764E-03,+91.6823970E-03
+5.3310562E-03,+1.5471434E-03,-47.8444410E-03,+91.6718723E-03
+5.3313500E-03,-58.2973E-06,-47.7959939E-03,+91.6932559E-03
+5.3316437E-03,+4.8251357E-03,-47.9229585E-03,+91.7002723E-03
+5.3319375E-03,+12.6276689E-03,-47.8093586E-03,+91.6910841E-03
+5.3322312E-03,+18.4348865E-03,-47.8093586E-03,+91.6902488E-03
+5.3325250E-03,+18.9596446E-03,-47.8093586E-03,+91.6753806E-03
+5.3328187E-03,+14.3537328E-03,-47.8310763E-03,+91.6832323E-03
+5.3331125E-03,+6.2540890E-03,-47.8878762E-03,+91.6867406E-03
+5.3334062E-03,+1.0445473E-03,-47.8878762E-03,+91.6788888E-03
+5.3337000E-03,-690.5945E-06,-47.8227233E-03,+91.6840676E-03
+5.3339937E-03,+3.1681306E-03,-47.6740411E-03,+91.7059523E-03
+5.3342875E-03,+10.6567204E-03,-47.7742763E-03,+91.6823970E-03
+5.3345812E-03,+17.3781300E-03,-47.8878762E-03,+91.6740441E-03
+5.3348750E-03,+19.1151829E-03,-47.8878762E-03,+91.6859053E-03
+5.3351687E-03,+15.3151154E-03,-47.9530291E-03,+91.6661924E-03
+5.3354625E-03,+8.5986308E-03,-48.1017113E-03,+91.6845688E-03
+5.3357562E-03,+2.1100143E-03,-48.0014761E-03,+91.6732088E-03
+5.3360500E-03,-477.5378E-06,-47.8878762E-03,+91.6797241E-03
+5.3363437E-03,+2.8401844E-03,-47.8661586E-03,+91.6902488E-03
+5.3366375E-03,+9.7272760E-03,-47.8527939E-03,+91.6753806E-03
+5.3369312E-03,+16.5328865E-03,-47.9229585E-03,+91.6810606E-03
+5.3372250E-03,+18.7728295E-03,-47.8093586E-03,+91.6832323E-03
+5.3375187E-03,+16.2486394E-03,-47.8093586E-03,+91.6889123E-03
+5.3378125E-03,+9.5295821E-03,-47.7659234E-03,+91.6910841E-03
+5.3381062E-03,+2.3777960E-03,-47.7609116E-03,+91.6967641E-03
+5.3384000E-03,-995.5334E-06,-47.9797585E-03,+91.6924206E-03
+5.3386937E-03,+1.1123197E-03,-47.8962291E-03,+91.6810606E-03
+5.3389875E-03,+7.6233188E-03,-48.0799937E-03,+91.6810606E-03
+5.3392812E-03,+15.0123449E-03,-47.8578056E-03,+91.6832323E-03
+5.3395750E-03,+19.2576004E-03,-47.6389588E-03,+91.6845688E-03
+5.3398687E-03,+17.6463160E-03,-47.8093586E-03,+91.6797241E-03
+5.3401625E-03,+11.2794618E-03,-47.8745115E-03,+91.6989359E-03
+5.3404562E-03,+4.5807289E-03,-48.0231938E-03,+91.7002723E-03
+5.3407500E-03,+1.1728517E-03,-47.9663938E-03,+91.6867406E-03
+5.3410437E-03,+3.2650113E-03,-47.9012409E-03,+91.6788888E-03
+5.3413375E-03,+9.0745810E-03,-47.8828644E-03,+91.6797241E-03
+5.3416312E-03,+16.3480193E-03,-48.2153113E-03,+91.6989359E-03
+5.3419250E-03,+19.4559927E-03,-47.9797585E-03,+91.7024441E-03
+5.3422187E-03,+16.9982519E-03,-47.8527939E-03,+91.6924206E-03
+5.3425125E-03,+12.0778821E-03,-47.9446762E-03,+91.6832323E-03
+5.3428062E-03,+5.7621513E-03,-47.9095938E-03,+91.6910841E-03
+5.3431000E-03,+54.4238E-06,-47.9881114E-03,+91.6924206E-03
+5.3433937E-03,+364.7287E-06,-47.9797585E-03,+91.6854041E-03
+5.3436875E-03,+5.5986375E-03,-47.8745115E-03,+91.6902488E-03
+5.3439812E-03,+12.0287067E-03,-47.9580409E-03,+91.6797241E-03
+5.3442750E-03,+16.9805737E-03,-47.7091234E-03,+91.6924206E-03
+5.3445687E-03,+16.8893530E-03,-47.7174763E-03,+91.6810606E-03
+5.3448625E-03,+12.1836570E-03,-47.8878762E-03,+91.6854041E-03
+5.3451562E-03,+6.6031682E-03,-47.8878762E-03,+91.6945923E-03
+5.3454500E-03,+554.6310E-06,-47.8661586E-03,+91.6867406E-03
+5.3457437E-03,-26.5428E-06,-47.8527939E-03,+91.6832323E-03
+5.3460375E-03,+5.0057028E-03,-47.9446762E-03,+91.6867406E-03
+5.3463312E-03,+11.7807348E-03,-47.8227233E-03,+91.6832323E-03
+5.3466250E-03,+17.3739401E-03,-47.7609116E-03,+91.6889123E-03
+5.3469187E-03,+18.3799041E-03,-47.9580409E-03,+91.6910841E-03
+5.3472125E-03,+14.1149123E-03,-47.7525587E-03,+91.6902488E-03
+5.3475062E-03,+7.8446816E-03,-47.8310763E-03,+91.6797241E-03
+5.3478000E-03,+2.6919232E-03,-47.8661586E-03,+91.6924206E-03
+5.3480937E-03,+1.0779925E-03,-47.8745115E-03,+91.6832323E-03
+5.3483875E-03,+5.1087580E-03,-48.0449114E-03,+91.6867406E-03
+5.3486812E-03,+11.3961523E-03,-48.0014761E-03,+91.6767170E-03
+5.3489750E-03,+16.9397045E-03,-47.8878762E-03,+91.6697006E-03
+5.3492687E-03,+17.6453236E-03,-47.9095938E-03,+91.6875759E-03
+5.3495625E-03,+13.7195980E-03,-47.9446762E-03,+91.6959288E-03
+5.3498562E-03,+7.8954373E-03,-47.9313115E-03,+91.6732088E-03
+5.3501500E-03,+2.7131663E-03,-47.9580409E-03,+91.6732088E-03
+5.3504437E-03,+811.2398E-06,-47.7742763E-03,+91.6753806E-03
+5.3507375E-03,+3.5858275E-03,-47.8227233E-03,+91.6875759E-03
+5.3510312E-03,+10.2229626E-03,-47.6740411E-03,+91.7024441E-03
+5.3513250E-03,+16.4617696E-03,-47.7525587E-03,+91.6945923E-03
+5.3516187E-03,+17.7807949E-03,-47.7876410E-03,+91.6845688E-03
+5.3519125E-03,+14.3807461E-03,-47.7308410E-03,+91.6818959E-03
+5.3522062E-03,+8.7855194E-03,-47.7308410E-03,+91.6981006E-03
+5.3525000E-03,+3.6883681E-03,-47.7525587E-03,+91.6810606E-03
+5.3527937E-03,+905.4743E-06,-47.8527939E-03,+91.6810606E-03
+5.3530875E-03,+2.9938851E-03,-47.9881114E-03,+91.6810606E-03
+5.3533812E-03,+8.9707908E-03,-48.0666290E-03,+91.6810606E-03
+5.3536750E-03,+15.5386834E-03,-48.0799937E-03,+91.6832323E-03
+5.3539687E-03,+18.5361775E-03,-47.9229585E-03,+91.6845688E-03
+5.3542625E-03,+15.6267066E-03,-47.7659234E-03,+91.6775523E-03
+5.3545562E-03,+9.3557776E-03,-47.6957587E-03,+91.6867406E-03
+5.3548500E-03,+3.0498230E-03,-47.7659234E-03,+91.6788888E-03
+5.3551437E-03,+174.3118E-06,-47.6957587E-03,+91.6688653E-03
+5.3554375E-03,+1.7395817E-03,-47.7224881E-03,+91.6640206E-03
+5.3557312E-03,+7.8109056E-03,-47.6255941E-03,+91.6788888E-03
+5.3560250E-03,+14.3807461E-03,-47.8795233E-03,+91.6688653E-03
+5.3563187E-03,+17.2924222E-03,-47.6957587E-03,+91.6661924E-03
+5.3566125E-03,+15.6211937E-03,-47.8093586E-03,+91.6954276E-03
+5.3569062E-03,+9.7714898E-03,-47.8745115E-03,+91.7037806E-03
+5.3572000E-03,+4.0031201E-03,-48.0449114E-03,+91.6854041E-03
+5.3574937E-03,+1.3876358E-03,-47.9797585E-03,+91.6924206E-03
+5.3577875E-03,+2.9042447E-03,-47.8310763E-03,+91.6788888E-03
+5.3580812E-03,+8.9055911E-03,-47.8878762E-03,+91.6818959E-03
+5.3583750E-03,+14.8148348E-03,-47.9530291E-03,+91.6937570E-03
+5.3586687E-03,+18.0443133E-03,-48.0582761E-03,+91.6718723E-03
+5.3589625E-03,+16.9370950E-03,-47.8661586E-03,+91.6889123E-03
+5.3592562E-03,+11.7689739E-03,-47.8093586E-03,+91.6932559E-03
+5.3595500E-03,+4.6799250E-03,-47.8310763E-03,+91.7024441E-03
+5.3598437E-03,+1.6020155E-03,-47.8661586E-03,+91.6880770E-03
+5.3601375E-03,+1.7691310E-03,-47.8527939E-03,+91.6697006E-03
+5.3604312E-03,+6.6450297E-03,-47.9881114E-03,+91.6788888E-03
+5.3607250E-03,+13.2214490E-03,-48.0231938E-03,+91.6753806E-03
+5.3610187E-03,+16.7917005E-03,-47.9012409E-03,+91.6788888E-03
+5.3613125E-03,+16.8217644E-03,-47.8611468E-03,+91.6732088E-03
+5.3616062E-03,+12.2211082E-03,-48.1585113E-03,+91.6797241E-03
+5.3619000E-03,+5.6899685E-03,-48.0014761E-03,+91.6945923E-03
+5.3621937E-03,+846.4491E-06,-47.9313115E-03,+91.6845688E-03
+5.3624875E-03,+816.3485E-06,-48.0449114E-03,+91.6732088E-03
+5.3627812E-03,+5.5417440E-03,-48.0449114E-03,+91.6818959E-03
+5.3630750E-03,+12.3115204E-03,-48.0666290E-03,+91.6981006E-03
+5.3633687E-03,+16.9896149E-03,-48.1017113E-03,+91.6854041E-03
+5.3636625E-03,+17.5038249E-03,-48.0014761E-03,+91.6924206E-03
+5.3639562E-03,+12.4192799E-03,-47.8444410E-03,+91.6832323E-03
+5.3642500E-03,+5.8058505E-03,-47.8177116E-03,+91.6823970E-03
+5.3645437E-03,+1.1395169E-03,-47.9580409E-03,+91.6762159E-03
+5.3648375E-03,-54.9528E-06,-47.7308410E-03,+91.6959288E-03
+5.3651312E-03,+4.2369053E-03,-47.7959939E-03,+91.6732088E-03
+5.3654250E-03,+11.6153099E-03,-47.9229585E-03,+91.6775523E-03
+5.3657187E-03,+17.7063702E-03,-47.7442057E-03,+91.6889123E-03
+5.3660125E-03,+18.3736929E-03,-47.6606764E-03,+91.6889123E-03
+5.3663062E-03,+13.9595945E-03,-47.8444410E-03,+91.6889123E-03
+5.3666000E-03,+7.2704541E-03,-47.7742763E-03,+91.6910841E-03
+5.3668937E-03,+2.4406067E-03,-47.9530291E-03,+91.6902488E-03
+5.3671875E-03,+800.9123E-06,-48.0799937E-03,+91.6753806E-03
+5.3674812E-03,+4.1632893E-03,-47.9663938E-03,+91.6832323E-03
+5.3677750E-03,+11.1655645E-03,-47.8795233E-03,+91.6845688E-03
+5.3680687E-03,+17.6958589E-03,-47.6957587E-03,+91.6732088E-03
+5.3683625E-03,+18.9160924E-03,-47.8745115E-03,+91.6775523E-03
+5.3686562E-03,+15.3388946E-03,-48.0449114E-03,+91.6802253E-03
+5.3689500E-03,+7.9752647E-03,-48.0231938E-03,+91.6640206E-03
+5.3692437E-03,+2.2620978E-03,-48.0098291E-03,+91.6854041E-03
+5.3695375E-03,-1.1493076E-03,-48.1017113E-03,+91.6924206E-03
+5.3698312E-03,+1.7388466E-03,-48.0449114E-03,+91.6810606E-03
+5.3701250E-03,+8.4052737E-03,-48.0231938E-03,+91.6810606E-03
+5.3704187E-03,+15.4644058E-03,-47.9229585E-03,+91.6832323E-03
+5.3707125E-03,+18.3445111E-03,-47.8527939E-03,+91.6867406E-03
+5.3710062E-03,+15.7472194E-03,-47.9663938E-03,+91.6810606E-03
+5.3713000E-03,+9.8270602E-03,-47.9881114E-03,+91.6810606E-03
+5.3715937E-03,+4.2600965E-03,-48.0666290E-03,+91.6810606E-03
+5.3718875E-03,+1.1033152E-03,-48.0799937E-03,+91.6875759E-03
+5.3721812E-03,+2.9479072E-03,-47.9663938E-03,+91.6981006E-03
+5.3724750E-03,+8.8130106E-03,-47.9881114E-03,+91.6788888E-03
+5.3727687E-03,+15.0461209E-03,-48.0666290E-03,+91.6753806E-03
+5.3730625E-03,+18.6644084E-03,-48.0148408E-03,+91.6854041E-03
+5.3733562E-03,+16.6774724E-03,-47.7525587E-03,+91.6880770E-03
+5.3736500E-03,+10.8823834E-03,-47.8527939E-03,+91.6631853E-03
+5.3739437E-03,+4.4321736E-03,-47.9012409E-03,+91.6640206E-03
+5.3742375E-03,+939.5810E-06,-47.8394292E-03,+91.6832323E-03
+5.3745312E-03,+2.2239483E-03,-47.9931232E-03,+91.6845688E-03
+5.3748250E-03,+7.6552570E-03,-47.7609116E-03,+91.6775523E-03
+5.3751187E-03,+13.7976979E-03,-48.0014761E-03,+91.6867406E-03
+5.3754125E-03,+17.5013992E-03,-47.8661586E-03,+91.6788888E-03
+5.3757062E-03,+16.3351558E-03,-47.8745115E-03,+91.6732088E-03
+5.3760000E-03,+11.5476478E-03,-48.0883466E-03,+91.6710371E-03
+5.3762937E-03,+5.4765811E-03,-48.1367937E-03,+91.6697006E-03
+5.3765875E-03,+1.1381937E-03,-47.9663938E-03,+91.6745453E-03
+5.3768812E-03,+1.6173782E-03,-47.9663938E-03,+91.6661924E-03
+5.3771750E-03,+6.5698333E-03,-47.9446762E-03,+91.6823970E-03
+5.3774687E-03,+13.3103543E-03,-47.9313115E-03,+91.6740441E-03
+5.3777625E-03,+16.8226097E-03,-48.0231938E-03,+91.6902488E-03
+5.3780562E-03,+16.6791631E-03,-47.9446762E-03,+91.6710371E-03
+5.3783500E-03,+12.5699301E-03,-47.8878762E-03,+91.6697006E-03
+5.3786437E-03,+7.0250549E-03,-47.9313115E-03,+91.6832323E-03
+5.3789375E-03,+2.7037576E-03,-48.0014761E-03,+91.6889123E-03
+5.3792312E-03,+2.5917347E-03,-47.9530291E-03,+91.6845688E-03
+5.3795250E-03,+6.0397092E-03,-47.9931232E-03,+91.6753806E-03
+5.3798187E-03,+12.1991299E-03,-47.7609116E-03,+91.6832323E-03
+5.3801125E-03,+16.6302082E-03,-48.0014761E-03,+91.6823970E-03
+5.3804062E-03,+16.2351879E-03,-47.9313115E-03,+91.6675288E-03
+5.3807000E-03,+12.4152739E-03,-48.0449114E-03,+91.6753806E-03
+5.3809937E-03,+6.6602454E-03,-48.0666290E-03,+91.6810606E-03
+5.3812875E-03,+2.4542788E-03,-48.0799937E-03,+91.6875759E-03
+5.3815812E-03,+1.4761368E-03,-47.9229585E-03,+91.6981006E-03
+5.3818750E-03,+5.0083122E-03,-47.8527939E-03,+91.6854041E-03
+5.3821687E-03,+11.3884342E-03,-47.9663938E-03,+91.6859053E-03
+5.3824625E-03,+15.9175324E-03,-47.9229585E-03,+91.6661924E-03
+5.3827562E-03,+17.0959043E-03,-47.8745115E-03,+91.6823970E-03
+5.3830500E-03,+13.8746218E-03,-48.0449114E-03,+91.6740441E-03
+5.3833437E-03,+7.9870624E-03,-48.0883466E-03,+91.6924206E-03
+5.3836375E-03,+2.7388199E-03,-48.1585113E-03,+91.6832323E-03
+5.3839312E-03,+800.3977E-06,-48.0666290E-03,+91.6845688E-03
+5.3842250E-03,+3.1611476E-03,-48.1668642E-03,+91.6775523E-03
+5.3845187E-03,+9.5815875E-03,-48.1935936E-03,+91.6910841E-03
+5.3848125E-03,+15.9516391E-03,-47.9012409E-03,+91.6945923E-03
+5.3851062E-03,+18.0946648E-03,-47.7959939E-03,+91.6867406E-03
+5.3854000E-03,+15.1395468E-03,-47.9663938E-03,+91.6832323E-03
+5.3856937E-03,+9.8084265E-03,-47.9229585E-03,+91.6889123E-03
+5.3859875E-03,+4.0359037E-03,-47.8745115E-03,+91.6845688E-03
+5.3862812E-03,+2.1020021E-03,-48.0666290E-03,+91.6732088E-03
+5.3865750E-03,+4.1586951E-03,-48.0582761E-03,+91.6710371E-03
+5.3868687E-03,+9.6943454E-03,-47.9747467E-03,+91.6653571E-03
+5.3871625E-03,+15.0376677E-03,-48.1585113E-03,+91.6588418E-03
+5.3874562E-03,+17.3451626E-03,-48.0014761E-03,+91.6548324E-03
+5.3877500E-03,+14.3158405E-03,-47.9530291E-03,+91.6910841E-03
+5.3880437E-03,+9.7453217E-03,-48.0799937E-03,+91.6945923E-03
+5.3883375E-03,+5.0573406E-03,-48.0749820E-03,+91.6845688E-03
+5.3886312E-03,+2.2740425E-03,-48.2286760E-03,+91.6710371E-03
+5.3889250E-03,+3.3186706E-03,-47.9095938E-03,+91.6697006E-03
+5.3892187E-03,+7.6493398E-03,-47.9012409E-03,+91.6810606E-03
+5.3895125E-03,+13.3225930E-03,-47.7959939E-03,+91.6854041E-03
+5.3898062E-03,+17.3060575E-03,-47.9446762E-03,+91.6924206E-03
+5.3901000E-03,+15.3778527E-03,-47.9530291E-03,+91.6810606E-03
+5.3903937E-03,+10.2757030E-03,-48.0799937E-03,+91.6810606E-03
+5.3906875E-03,+4.7366347E-03,-47.9663938E-03,+91.6788888E-03
+5.3909812E-03,+1.5490546E-03,-47.9229585E-03,+91.6732088E-03
+5.3912750E-03,+2.4515223E-03,-47.8745115E-03,+91.6797241E-03
+5.3915687E-03,+6.7327957E-03,-47.9797585E-03,+91.6945923E-03
+5.3918625E-03,+13.1607332E-03,-47.8527939E-03,+91.6845688E-03
+5.3921562E-03,+16.7522646E-03,-48.0098291E-03,+91.6732088E-03
+5.3924500E-03,+16.4037367E-03,-48.0582761E-03,+91.6775523E-03
+5.3927437E-03,+11.8384736E-03,-47.9313115E-03,+91.6889123E-03
+5.3930375E-03,+5.6251732E-03,-47.9797585E-03,+91.6889123E-03
+5.3933312E-03,+1.5152051E-03,-47.8093586E-03,+91.6845688E-03
+5.3936250E-03,+2.7762711E-03,-47.8310763E-03,+91.6797241E-03
+5.3939187E-03,+6.8076246E-03,-47.9095938E-03,+91.6924206E-03
+5.3942125E-03,+12.6270809E-03,-48.0098291E-03,+91.6832323E-03
+5.3945062E-03,+16.5439858E-03,-48.1234290E-03,+91.6889123E-03
+5.3948000E-03,+16.2052710E-03,-48.0582761E-03,+91.6910841E-03
+5.3950937E-03,+13.0751357E-03,-47.9530291E-03,+91.6859053E-03
+5.3953875E-03,+7.3869975E-03,-48.0148408E-03,+91.6683641E-03
+5.3956812E-03,+3.1357146E-03,-47.8611468E-03,+91.6989359E-03
+5.3959750E-03,+1.7439553E-03,-48.1150760E-03,+91.6937570E-03
+5.3962687E-03,+5.6431821E-03,-47.9095938E-03,+91.6675288E-03
+5.3965625E-03,+12.0426728E-03,-47.9012409E-03,+91.6753806E-03
+5.3968562E-03,+16.5821354E-03,-47.7308410E-03,+91.6788888E-03
+5.3971500E-03,+16.4885257E-03,-47.7308410E-03,+91.6732088E-03
+5.3974437E-03,+12.8341468E-03,-47.7959939E-03,+91.6775523E-03
+5.3977375E-03,+6.9556654E-03,-47.9446762E-03,+91.6867406E-03
+5.3980312E-03,+2.2906181E-03,-47.9747467E-03,+91.6810606E-03
+5.3983250E-03,+575.5434E-06,-48.1150760E-03,+91.6810606E-03
+5.3986187E-03,+4.0126391E-03,-47.9095938E-03,+91.6810606E-03
+5.3989125E-03,+10.7362170E-03,-47.8795233E-03,+91.6810606E-03
+5.3992062E-03,+15.5463280E-03,-47.7174763E-03,+91.6810606E-03
+5.3995000E-03,+16.2217731E-03,-47.9095938E-03,+91.6810606E-03
+5.3997937E-03,+13.9458122E-03,-47.9446762E-03,+91.6810606E-03
+5.4000875E-03,+9.2581986E-03,-47.9530291E-03,+91.6767170E-03
+5.4003812E-03,+3.9375161E-03,-48.0582761E-03,+91.6653571E-03
+5.4006750E-03,+1.4827156E-03,-47.8444410E-03,+91.6675288E-03
+5.4009687E-03,+4.2277906E-03,-47.7742763E-03,+91.6753806E-03
+5.4012625E-03,+10.2979385E-03,-47.9313115E-03,+91.6788888E-03
+5.4015562E-03,+16.1118083E-03,-48.0449114E-03,+91.6797241E-03
+5.4018500E-03,+17.6003381E-03,-48.0014761E-03,+91.6902488E-03
+5.4021437E-03,+14.7183584E-03,-47.8878762E-03,+91.6753806E-03
+5.4024375E-03,+9.8895402E-03,-47.9530291E-03,+91.6767170E-03
+5.4027312E-03,+3.7293844E-03,-48.0582761E-03,+91.6697006E-03
+5.4030250E-03,+1.4673896E-03,-47.8661586E-03,+91.6788888E-03
+5.4033187E-03,+2.5354660E-03,-47.8527939E-03,+91.6753806E-03
+5.4036125E-03,+7.7421409E-03,-47.9663938E-03,+91.6810606E-03
+5.4039062E-03,+14.1253134E-03,-47.9446762E-03,+91.6723735E-03
+5.4042000E-03,+16.8445879E-03,-47.8661586E-03,+91.6583406E-03
+5.4044937E-03,+14.7290535E-03,-47.7876410E-03,+91.6788888E-03
+5.4047875E-03,+9.3914279E-03,-47.7091234E-03,+91.6732088E-03
+5.4050812E-03,+3.5068823E-03,-47.8043469E-03,+91.6753806E-03
+5.4053750E-03,+199.3038E-06,-48.1150760E-03,+91.6788888E-03
+5.4056687E-03,+1.8297366E-03,-47.8878762E-03,+91.6753806E-03
+5.4059625E-03,+7.3714510E-03,-47.9313115E-03,+91.6810606E-03
+5.4062562E-03,+14.2889006E-03,-47.9580409E-03,+91.6788888E-03
+5.4065500E-03,+18.8935261E-03,-47.6656881E-03,+91.6710371E-03
+5.4068437E-03,+16.8579292E-03,-47.6038764E-03,+91.6718723E-03
+5.4071375E-03,+12.0155124E-03,-47.7792881E-03,+91.6845688E-03
+5.4074312E-03,+6.5341462E-03,-47.6038764E-03,+91.6775523E-03
+5.4077250E-03,+2.9631596E-03,-47.9095938E-03,+91.6889123E-03
+5.4080187E-03,+3.2190702E-03,-47.9446762E-03,+91.6823970E-03
+5.4083125E-03,+6.1403755E-03,-47.8878762E-03,+91.6675288E-03
+5.4086062E-03,+13.6377860E-03,-47.9313115E-03,+91.6710371E-03
+5.4089000E-03,+17.2843365E-03,-48.0014761E-03,+91.6631853E-03
+5.4091937E-03,+16.8936163E-03,-47.7575704E-03,+91.6618488E-03
+5.4094875E-03,+11.9617429E-03,-47.5905117E-03,+91.6797241E-03
+5.4097812E-03,+6.1405593E-03,-47.9797585E-03,+91.6902488E-03
+5.4100750E-03,+1.4601860E-03,-47.8527939E-03,+91.6732088E-03
+5.4103687E-03,+1.0223853E-03,-47.9881114E-03,+91.6732088E-03
+5.4106625E-03,+4.6433926E-03,-48.0231938E-03,+91.6753806E-03
+5.4109562E-03,+10.7465078E-03,-47.9446762E-03,+91.6832323E-03
+5.4112500E-03,+16.0355460E-03,-47.8661586E-03,+91.6845688E-03
+5.4115437E-03,+16.1512442E-03,-47.7876410E-03,+91.6753806E-03
+5.4118375E-03,+12.8689151E-03,-47.7742763E-03,+91.6810606E-03
+5.4121312E-03,+6.9305264E-03,-47.9313115E-03,+91.6767170E-03
+5.4124250E-03,+2.6521565E-03,-48.0231938E-03,+91.6697006E-03
+5.4127187E-03,+1.4298649E-03,-47.9881114E-03,+91.6832323E-03
+5.4130125E-03,+5.5620316E-03,-47.9580409E-03,+91.6823970E-03
+5.4133062E-03,+11.1534361E-03,-47.7525587E-03,+91.6740441E-03
+5.4136000E-03,+15.6296469E-03,-47.7876410E-03,+91.6924206E-03
+5.4138937E-03,+16.9619767E-03,-47.7525587E-03,+91.6788888E-03
+5.4141875E-03,+13.9663570E-03,-47.8093586E-03,+91.6666935E-03
+5.4144812E-03,+8.1541044E-03,-47.8093586E-03,+91.6583406E-03
+5.4147750E-03,+3.0639361E-03,-47.7876410E-03,+91.6854041E-03
+5.4150687E-03,+660.6631E-06,-47.7091234E-03,+91.6924206E-03
+5.4153625E-03,+4.2980989E-03,-47.6957587E-03,+91.6767170E-03
+5.4156562E-03,+10.7411419E-03,-47.8310763E-03,+91.6697006E-03
+5.4159500E-03,+15.2566416E-03,-47.8878762E-03,+91.6810606E-03
+5.4162437E-03,+16.6749732E-03,-47.8010057E-03,+91.6788888E-03
+5.4165375E-03,+14.6925579E-03,-47.6823940E-03,+91.6710371E-03
+5.4168312E-03,+8.8642809E-03,-47.8360880E-03,+91.6697006E-03
+5.4171250E-03,+3.0778655E-03,-47.5821588E-03,+91.6767170E-03
+5.4174187E-03,+1.2247101E-03,-47.7876410E-03,+91.6697006E-03
+5.4177125E-03,+3.4177197E-03,-47.7525587E-03,+91.6745453E-03
+5.4180062E-03,+9.3597101E-03,-47.8310763E-03,+91.6618488E-03
+5.4183000E-03,+14.7771263E-03,-47.8661586E-03,+91.6710371E-03
+5.4185937E-03,+16.8195959E-03,-47.7876410E-03,+91.6675288E-03
+5.4188875E-03,+15.2619340E-03,-47.7308410E-03,+91.6732088E-03
+5.4191812E-03,+9.9866781E-03,-47.7525587E-03,+91.6710371E-03
+5.4194750E-03,+4.3571976E-03,-47.8962291E-03,+91.6697006E-03
+5.4197687E-03,+1.4038070E-03,-48.0365585E-03,+91.6810606E-03
+5.4200625E-03,+3.0306012E-03,-47.8093586E-03,+91.6767170E-03
+5.4203562E-03,+8.1869247E-03,-47.8310763E-03,+91.6610135E-03
+5.4206500E-03,+14.1172645E-03,-47.8661586E-03,+91.6561688E-03
+5.4209437E-03,+17.0319910E-03,-47.7876410E-03,+91.6710371E-03
+5.4212375E-03,+15.2119500E-03,-47.8611468E-03,+91.6675288E-03
+5.4215312E-03,+10.4880246E-03,-48.0933584E-03,+91.6753806E-03
+5.4218250E-03,+4.8704521E-03,-47.7659234E-03,+91.6810606E-03
+5.4221187E-03,+1.6590928E-03,-47.6957587E-03,+91.6788888E-03
+5.4224125E-03,+2.1481270E-03,-47.7876410E-03,+91.6710371E-03
+5.4227062E-03,+7.8032610E-03,-47.7525587E-03,+91.6675288E-03
+5.4230000E-03,+14.4248496E-03,-47.7876410E-03,+91.6732088E-03
+5.4232937E-03,+17.8323225E-03,-47.7091234E-03,+91.6775523E-03
+5.4235875E-03,+16.5998135E-03,-47.7391940E-03,+91.6845688E-03
+5.4238812E-03,+12.2049002E-03,-47.9229585E-03,+91.6688653E-03
+5.4241750E-03,+6.9350102E-03,-47.7876410E-03,+91.6575053E-03
+5.4244687E-03,+3.1081499E-03,-47.8394292E-03,+91.6640206E-03
+5.4247625E-03,+2.7590707E-03,-48.0582761E-03,+91.6745453E-03
+5.4250562E-03,+6.6788424E-03,-47.8227233E-03,+91.6640206E-03
+5.4253500E-03,+13.6036058E-03,-47.6957587E-03,+91.6788888E-03
+5.4256437E-03,+17.5717443E-03,-47.7659234E-03,+91.6732088E-03
+5.4259375E-03,+16.7028687E-03,-47.6306058E-03,+91.6710371E-03
+5.4262312E-03,+12.5984136E-03,-47.6823940E-03,+91.6697006E-03
+5.4265250E-03,+6.4197711E-03,-47.9446762E-03,+91.6832323E-03
+5.4268187E-03,+2.2421042E-03,-47.9095938E-03,+91.6867406E-03
+5.4271125E-03,+1.7343995E-03,-47.9446762E-03,+91.6788888E-03
+5.4274062E-03,+5.0832147E-03,-47.8010057E-03,+91.6688653E-03
+5.4277000E-03,+11.0793789E-03,-47.6172411E-03,+91.6575053E-03
+5.4279937E-03,+16.6031213E-03,-47.7091234E-03,+91.6618488E-03
+5.4282875E-03,+16.6767741E-03,-47.7174763E-03,+91.6710371E-03
+5.4285812E-03,+13.0682629E-03,-47.8661586E-03,+91.6740441E-03
+5.4288750E-03,+7.0887109E-03,-47.8093586E-03,+91.6924206E-03
+5.4291687E-03,+2.4771391E-03,-47.8745115E-03,+91.6767170E-03
+5.4294625E-03,+1.2975911E-03,-48.0014761E-03,+91.6675288E-03
+5.4297562E-03,+5.1775227E-03,-47.8661586E-03,+91.6688653E-03
+5.4300500E-03,+10.9554114E-03,-47.7224881E-03,+91.6618488E-03
+5.4303437E-03,+16.3187272E-03,-47.5170059E-03,+91.6775523E-03
+5.4306375E-03,+16.9765676E-03,-47.6172411E-03,+91.6845688E-03
+5.4309312E-03,+13.9961269E-03,-47.7959939E-03,+91.6775523E-03
+5.4312250E-03,+7.9821375E-03,-47.9012409E-03,+91.6910841E-03
+5.4315187E-03,+2.3795969E-03,-47.8394292E-03,+91.6902488E-03
+5.4318125E-03,+215.8794E-06,-48.0365585E-03,+91.6775523E-03
+5.4321062E-03,+3.2727294E-03,-47.7442057E-03,+91.6823970E-03
+5.4324000E-03,+9.5026422E-03,-47.6172411E-03,+91.6653571E-03
+5.4326937E-03,+15.3378655E-03,-47.6874058E-03,+91.6631853E-03
+5.4329875E-03,+16.7924723E-03,-47.6389588E-03,+91.6596771E-03
+5.4332812E-03,+15.0354258E-03,-47.8093586E-03,+91.6675288E-03
+5.4335750E-03,+9.3520656E-03,-47.8527939E-03,+91.6688653E-03
+5.4338687E-03,+3.2313089E-03,-47.9446762E-03,+91.6618488E-03
+5.4341625E-03,+767.3569E-06,-47.8661586E-03,+91.6753806E-03
+5.4344562E-03,+3.2962145E-03,-47.8527939E-03,+91.6832323E-03
+5.4347500E-03,+10.2202061E-03,-47.8795233E-03,+91.6845688E-03
+5.4350437E-03,+15.5222549E-03,-47.6740411E-03,+91.6732088E-03
+5.4353375E-03,+17.6100408E-03,-47.7959939E-03,+91.6688653E-03
+5.4356312E-03,+15.8453865E-03,-47.9012409E-03,+91.6596771E-03
+5.4359250E-03,+11.2313523E-03,-47.7308410E-03,+91.6675288E-03
+5.4362187E-03,+4.5890718E-03,-47.7742763E-03,+91.6775523E-03
+5.4365125E-03,+992.4317E-06,-47.8661586E-03,+91.6889123E-03
+5.4368062E-03,+3.0146872E-03,-47.8745115E-03,+91.6802253E-03
+5.4371000E-03,+9.2923053E-03,-47.9363232E-03,+91.6596771E-03
+5.4373937E-03,+15.3458041E-03,-47.6957587E-03,+91.6675288E-03
+5.4376875E-03,+17.5291477E-03,-47.8310763E-03,+91.6753806E-03
+5.4379812E-03,+16.1080963E-03,-47.8878762E-03,+91.6810606E-03
+5.4382750E-03,+10.5408753E-03,-47.9095938E-03,+91.6832323E-03
+5.4385687E-03,+4.8274879E-03,-47.9229585E-03,+91.6889123E-03
+5.4388625E-03,+2.1390858E-03,-47.8527939E-03,+91.6845688E-03
+5.4391562E-03,+2.3395362E-03,-48.0098291E-03,+91.6688653E-03
+5.4394500E-03,+7.8054662E-03,-47.9496879E-03,+91.6575053E-03
+5.4397437E-03,+13.9732298E-03,-47.6038764E-03,+91.6618488E-03
+5.4400375E-03,+17.3660750E-03,-47.8878762E-03,+91.6688653E-03
+5.4403312E-03,+16.4408939E-03,-47.8227233E-03,+91.6618488E-03
+5.4406250E-03,+11.9981283E-03,-47.6740411E-03,+91.6732088E-03
+5.4409187E-03,+6.1754745E-03,-47.7091234E-03,+91.6732088E-03
+5.4412125E-03,+1.9305131E-03,-47.7174763E-03,+91.6732088E-03
+5.4415062E-03,+1.2527526E-03,-47.9313115E-03,+91.6710371E-03
+5.4418000E-03,+5.0603911E-03,-47.9797585E-03,+91.6675288E-03
+5.4420937E-03,+12.1889494E-03,-47.8310763E-03,+91.6710371E-03
+5.4423875E-03,+16.6948198E-03,-47.8444410E-03,+91.6718723E-03
+5.4426812E-03,+16.3411465E-03,-47.7742763E-03,+91.6845688E-03
+5.4429750E-03,+12.1229044E-03,-47.8227233E-03,+91.6753806E-03
+5.4432687E-03,+7.3597636E-03,-47.7391940E-03,+91.6788888E-03
+5.4435625E-03,+3.3774752E-03,-47.8578056E-03,+91.6732088E-03
+5.4438562E-03,+2.6765237E-03,-47.6606764E-03,+91.6645218E-03
+5.4441500E-03,+5.7256923E-03,-47.8878762E-03,+91.6591759E-03
+5.4444437E-03,+12.2742162E-03,-47.8010057E-03,+91.6981006E-03
+5.4447375E-03,+17.2087725E-03,-47.6172411E-03,+91.6767170E-03
+5.4450312E-03,+18.2152511E-03,-47.6874058E-03,+91.6697006E-03
+5.4453250E-03,+14.0661780E-03,-47.6823940E-03,+91.6788888E-03
+5.4456187E-03,+8.0222349E-03,-47.9446762E-03,+91.6688653E-03
+5.4459125E-03,+2.6475256E-03,-47.7792881E-03,+91.6596771E-03
+5.4462062E-03,+697.3426E-06,-47.5170059E-03,+91.6653571E-03
+5.4465000E-03,+3.1010933E-03,-47.6606764E-03,+91.6631853E-03
+5.4467937E-03,+9.0138652E-03,-47.8444410E-03,+91.6640206E-03
+5.4470875E-03,+15.1719628E-03,-47.6874058E-03,+91.6767170E-03
+5.4473812E-03,+16.8316141E-03,-47.5955235E-03,+91.6675288E-03
+5.4476750E-03,+13.5574809E-03,-47.7391940E-03,+91.6753806E-03
+5.4479687E-03,+8.6131482E-03,-47.9446762E-03,+91.6788888E-03
+5.4482625E-03,+3.7006436E-03,-47.8661586E-03,+91.6775523E-03
+5.4485562E-03,+582.8572E-06,-47.8527939E-03,+91.6823970E-03
+5.4488500E-03,+2.8659114E-03,-47.9663938E-03,+91.6675288E-03
+5.4491437E-03,+8.3511367E-03,-47.8578056E-03,+91.6753806E-03
+5.4494375E-03,+14.8941843E-03,-47.6172411E-03,+91.6810606E-03
+5.4497312E-03,+18.4395173E-03,-47.6439705E-03,+91.6745453E-03
+5.4500250E-03,+15.6324401E-03,-47.4384883E-03,+91.6596771E-03
+5.4503187E-03,+10.9538310E-03,-47.5387235E-03,+91.6631853E-03
+5.4506125E-03,+5.0938363E-03,-47.6957587E-03,+91.6618488E-03
+5.4509062E-03,+1.6251698E-03,-47.8093586E-03,+91.6732088E-03
+5.4512000E-03,+3.4903802E-03,-47.7659234E-03,+91.6666935E-03
+5.4514937E-03,+9.0093446E-03,-47.6740411E-03,+91.6539971E-03
+5.4517875E-03,+15.3217310E-03,-47.7742763E-03,+91.6697006E-03
+5.4520812E-03,+18.0948118E-03,-47.7792881E-03,+91.6854041E-03
+5.4523750E-03,+17.4079366E-03,-47.5387235E-03,+91.6880770E-03
+5.4526687E-03,+11.7087359E-03,-47.6740411E-03,+91.6697006E-03
+5.4529625E-03,+5.5235146E-03,-47.7091234E-03,+91.6810606E-03
+5.4532562E-03,+1.4821275E-03,-47.6957587E-03,+91.6788888E-03
+5.4535500E-03,+1.7385893E-03,-47.8310763E-03,+91.6710371E-03
+5.4538437E-03,+6.6714183E-03,-47.8661586E-03,+91.6653571E-03
+5.4541375E-03,+13.0118471E-03,-47.7876410E-03,+91.6718723E-03
+5.4544312E-03,+16.6405357E-03,-47.7308410E-03,+91.6910841E-03
+5.4547250E-03,+15.8155431E-03,-47.7091234E-03,+91.6967641E-03
+5.4550187E-03,+10.9178499E-03,-47.6740411E-03,+91.6924206E-03
+5.4553125E-03,+5.3286139E-03,-47.7091234E-03,+91.6788888E-03
+5.4556062E-03,+1.1058512E-03,-47.6088882E-03,+91.6710371E-03
+5.4559000E-03,+1.4139876E-03,-47.6255941E-03,+91.6653571E-03
+5.4561937E-03,+6.4258353E-03,-47.9229585E-03,+91.6697006E-03
+5.4564875E-03,+12.6473317E-03,-47.7876410E-03,+91.6767170E-03
+5.4567812E-03,+16.7900833E-03,-47.7091234E-03,+91.6675288E-03
+5.4570750E-03,+17.1537534E-03,-47.6740411E-03,+91.6732088E-03
+5.4573687E-03,+12.9864876E-03,-47.7525587E-03,+91.6710371E-03
+5.4576625E-03,+7.5279817E-03,-47.7876410E-03,+91.6653571E-03
+5.4579562E-03,+2.3926442E-03,-47.7308410E-03,+91.6675288E-03
+5.4582500E-03,+2.3282898E-03,-47.7525587E-03,+91.6710371E-03
+5.4585437E-03,+6.5043028E-03,-47.7224881E-03,+91.6675288E-03
+5.4588375E-03,+12.8231944E-03,-47.5170059E-03,+91.6710371E-03
+5.4591312E-03,+16.7746839E-03,-47.6606764E-03,+91.6653571E-03
+5.4594250E-03,+16.4737143E-03,-47.8661586E-03,+91.6610135E-03
+5.4597187E-03,+12.9123570E-03,-47.7442057E-03,+91.6518253E-03
+5.4600125E-03,+6.8340500E-03,-47.6606764E-03,+91.6618488E-03
+5.4603062E-03,+2.0473138E-03,-47.9095938E-03,+91.6710371E-03
+5.4606000E-03,+833.8796E-06,-47.9012409E-03,+91.6697006E-03
+5.4608937E-03,+4.8961056E-03,-47.7091234E-03,+91.6788888E-03
+5.4611875E-03,+11.7094341E-03,-47.6088882E-03,+91.6732088E-03
+5.4614812E-03,+17.2904375E-03,-47.6038764E-03,+91.6710371E-03
+5.4617750E-03,+18.2183016E-03,-47.8661586E-03,+91.6653571E-03
+5.4620687E-03,+13.6826246E-03,-47.8093586E-03,+91.6653571E-03
+5.4623625E-03,+8.0528133E-03,-47.8310763E-03,+91.6718723E-03
+5.4626562E-03,+3.2343594E-03,-47.8661586E-03,+91.6889123E-03
+5.4629500E-03,+1.9741755E-03,-47.7442057E-03,+91.6845688E-03
+5.4632437E-03,+3.6774893E-03,-47.6172411E-03,+91.6710371E-03
+5.4635375E-03,+9.3899578E-03,-47.7091234E-03,+91.6675288E-03
+5.4638312E-03,+15.2998997E-03,-47.6740411E-03,+91.6688653E-03
+5.4641250E-03,+16.8381562E-03,-47.7308410E-03,+91.6575053E-03
+5.4644187E-03,+13.6016946E-03,-47.7091234E-03,+91.6596771E-03
+5.4647125E-03,+8.5175907E-03,-47.6523235E-03,+91.6697006E-03
+5.4650062E-03,+4.3360647E-03,-47.6523235E-03,+91.6810606E-03
+5.4653000E-03,+1.6253536E-03,-47.7174763E-03,+91.6745453E-03
+5.4655937E-03,+3.5342999E-03,-47.8444410E-03,+91.6596771E-03
+5.4658875E-03,+9.5623657E-03,-47.7091234E-03,+91.6675288E-03
+5.4661812E-03,+16.5596058E-03,-47.6523235E-03,+91.6732088E-03
+5.4664750E-03,+18.3550591E-03,-47.6957587E-03,+91.6753806E-03
+5.4667687E-03,+15.0113159E-03,-47.7659234E-03,+91.6788888E-03
+5.4670625E-03,+9.4841188E-03,-47.6740411E-03,+91.6753806E-03
+5.4673562E-03,+3.8837099E-03,-47.7091234E-03,+91.6745453E-03
+5.4676500E-03,+1.2829267E-03,-47.6957587E-03,+91.6596771E-03
+5.4679437E-03,+3.0473606E-03,-47.7659234E-03,+91.6718723E-03
+5.4682375E-03,+9.1432722E-03,-47.6088882E-03,+91.6823970E-03
+5.4685312E-03,+15.3603215E-03,-47.6255941E-03,+91.6675288E-03
+5.4688250E-03,+17.4593907E-03,-47.8795233E-03,+91.6710371E-03
+5.4691187E-03,+15.2820746E-03,-47.6740411E-03,+91.6653571E-03
+5.4694125E-03,+10.4808945E-03,-47.7091234E-03,+91.6697006E-03
+5.4697062E-03,+5.0444771E-03,-47.6740411E-03,+91.6767170E-03
+5.4700000E-03,+1.7876912E-03,-47.7308410E-03,+91.6610135E-03
+5.4702937E-03,+3.3021685E-03,-47.7091234E-03,+91.6518253E-03
+5.4705875E-03,+8.3462486E-03,-47.6740411E-03,+91.6553335E-03
+5.4708812E-03,+14.4872193E-03,-47.6439705E-03,+91.6583406E-03
+5.4711750E-03,+18.0447543E-03,-47.4384883E-03,+91.6810606E-03
+5.4714687E-03,+16.4876436E-03,-47.5821588E-03,+91.6810606E-03
+5.4717625E-03,+11.8048447E-03,-47.7876410E-03,+91.6788888E-03
+5.4720562E-03,+5.1271712E-03,-47.7742763E-03,+91.6710371E-03
+5.4723500E-03,+754.4933E-06,-47.8444410E-03,+91.6631853E-03
+5.4726437E-03,+838.1430E-06,-47.6656881E-03,+91.6531618E-03
+5.4729375E-03,+5.5672505E-03,-47.5170059E-03,+91.6461453E-03
+5.4732312E-03,+11.9536205E-03,-47.5955235E-03,+91.6596771E-03
+5.4735250E-03,+16.1607632E-03,-47.6306058E-03,+91.6631853E-03
+5.4738187E-03,+16.4684954E-03,-47.6389588E-03,+91.6596771E-03
+5.4741125E-03,+12.6141071E-03,-47.7442057E-03,+91.6631853E-03
+5.4744062E-03,+6.6747261E-03,-47.6389588E-03,+91.6575053E-03
+5.4747000E-03,+1.3099034E-03,-47.8093586E-03,+91.6596771E-03
+5.4749937E-03,+813.6655E-06,-47.8093586E-03,+91.6631853E-03
+5.4752875E-03,+5.9590733E-03,-47.7876410E-03,+91.6531618E-03
+5.4755812E-03,+12.5627633E-03,-47.6439705E-03,+91.6461453E-03
+5.4758750E-03,+17.4183009E-03,-47.4167707E-03,+91.6596771E-03
+5.4761687E-03,+17.9953584E-03,-47.4819236E-03,+91.6653571E-03
+5.4764625E-03,+13.9786693E-03,-47.6740411E-03,+91.6631853E-03
+5.4767562E-03,+7.4917801E-03,-47.7959939E-03,+91.6618488E-03
+5.4770500E-03,+2.2533874E-03,-47.9229585E-03,+91.6688653E-03
+5.4773437E-03,+314.0464E-06,-47.7876410E-03,+91.6618488E-03
+5.4776375E-03,+3.1677999E-03,-47.7525587E-03,+91.6732088E-03
+5.4779312E-03,+10.7047565E-03,-47.7659234E-03,+91.6753806E-03
+5.4782250E-03,+16.2707279E-03,-47.7174763E-03,+91.6702018E-03
+5.4785187E-03,+18.5280184E-03,-47.8227233E-03,+91.6504888E-03
+5.4788125E-03,+14.8026328E-03,-47.6523235E-03,+91.6753806E-03
+5.4791062E-03,+8.0330403E-03,-47.6957587E-03,+91.6745453E-03
+5.4794000E-03,+2.5918082E-03,-47.7659234E-03,+91.6575053E-03
+5.4796937E-03,+451.1715E-06,-47.6957587E-03,+91.6661924E-03
+5.4799875E-03,+2.5596127E-03,-47.7876410E-03,+91.6780535E-03
+5.4802812E-03,+8.7238847E-03,-47.7742763E-03,+91.6539971E-03
+5.4805750E-03,+15.8525533E-03,-47.8661586E-03,+91.6653571E-03
+5.4808687E-03,+18.5715706E-03,-47.7659234E-03,+91.6610135E-03
+5.4811625E-03,+16.1512442E-03,-47.6957587E-03,+91.6518253E-03
+5.4814562E-03,+9.6352468E-03,-47.8093586E-03,+91.6618488E-03
+5.4817500E-03,+3.3120551E-03,-47.8310763E-03,+91.6710371E-03
+5.4820437E-03,+299.6025E-06,-47.8878762E-03,+91.6631853E-03
+5.4823375E-03,+2.7209212E-03,-47.8227233E-03,+91.6575053E-03
+5.4826312E-03,+9.3585340E-03,-47.6523235E-03,+91.6553335E-03
+5.4829250E-03,+15.2277538E-03,-47.7391940E-03,+91.6539971E-03
+5.4832187E-03,+18.5777083E-03,-47.9012409E-03,+91.6653571E-03
+5.4835125E-03,+16.1920767E-03,-47.7525587E-03,+91.6718723E-03
+5.4838062E-03,+10.4996385E-03,-47.8310763E-03,+91.6867406E-03
+5.4841000E-03,+4.2161400E-03,-47.9313115E-03,+91.6767170E-03
+5.4843937E-03,+1.0592485E-03,-47.9797585E-03,+91.6653571E-03
+5.4846875E-03,+1.9481544E-03,-47.7876410E-03,+91.6675288E-03
+5.4849812E-03,+7.8194323E-03,-47.7308410E-03,+91.6688653E-03
+5.4852750E-03,+14.2435107E-03,-47.8177116E-03,+91.6596771E-03
+5.4855687E-03,+18.0028560E-03,-48.0231938E-03,+91.6653571E-03
+5.4858625E-03,+16.5373336E-03,-47.9663938E-03,+91.6653571E-03
+5.4861562E-03,+10.8943648E-03,-47.9446762E-03,+91.6566700E-03
+5.4864500E-03,+3.9904771E-03,-47.9313115E-03,+91.6339500E-03
+5.4867437E-03,-448.2825E-06,-47.9797585E-03,+91.6469806E-03
+5.4870375E-03,+754.5668E-06,-47.8093586E-03,+91.6788888E-03
+5.4873312E-03,+6.5958543E-03,-47.7876410E-03,+91.6666935E-03
+5.4876250E-03,+13.4599386E-03,-47.7308410E-03,+91.6539971E-03
+5.4879187E-03,+17.1474319E-03,-47.7742763E-03,+91.6653571E-03
+5.4882125E-03,+16.7912962E-03,-47.8661586E-03,+91.6631853E-03
+5.4885062E-03,+12.2276870E-03,-47.8527939E-03,+91.6618488E-03
+5.4888000E-03,+6.5335949E-03,-47.9229585E-03,+91.6688653E-03
+5.4890937E-03,+1.6284041E-03,-47.8093586E-03,+91.6575053E-03
+5.4893875E-03,+1.1927718E-03,-47.8745115E-03,+91.6575053E-03
+5.4896812E-03,+6.3649725E-03,-47.9580409E-03,+91.6553335E-03
+5.4899750E-03,+13.8143102E-03,-47.7525587E-03,+91.6539971E-03
+5.4902687E-03,+18.1211268E-03,-47.7442057E-03,+91.6631853E-03
+5.4905625E-03,+17.2973103E-03,-47.5955235E-03,+91.6531618E-03
+5.4908562E-03,+12.3301909E-03,-47.7174763E-03,+91.6504888E-03
+5.4911500E-03,+6.0758006E-03,-47.8661586E-03,+91.6688653E-03
+5.4914437E-03,+1.7331499E-03,-47.8093586E-03,+91.6575053E-03
+5.4917375E-03,+1.2677845E-03,-47.7876410E-03,+91.6596771E-03
+5.4920312E-03,+5.6693501E-03,-47.7742763E-03,+91.6610135E-03
+5.4923250E-03,+11.5790716E-03,-47.9313115E-03,+91.6496535E-03
+5.4926187E-03,+16.3014534E-03,-48.0014761E-03,+91.6518253E-03
+5.4929125E-03,+16.5035944E-03,-47.8227233E-03,+91.6531618E-03
+5.4932062E-03,+12.8446949E-03,-47.7174763E-03,+91.6483171E-03
+5.4935000E-03,+6.9246827E-03,-47.8010057E-03,+91.6610135E-03
+5.4937937E-03,+1.4320333E-03,-47.6172411E-03,+91.6431383E-03
+5.4940875E-03,+335.6939E-06,-47.7959939E-03,+91.6304418E-03
+5.4943812E-03,+4.6942953E-03,-47.8578056E-03,+91.6461453E-03
+5.4946750E-03,+10.8243872E-03,-47.7041116E-03,+91.6640206E-03
+5.4949687E-03,+16.2476839E-03,-48.0449114E-03,+91.6745453E-03
+5.4952625E-03,+17.6894271E-03,-47.9580409E-03,+91.6575053E-03
+5.4955562E-03,+14.5161439E-03,-47.7742763E-03,+91.6575053E-03
+5.4958500E-03,+7.7367383E-03,-47.8878762E-03,+91.6488182E-03
+5.4961437E-03,+2.9004592E-03,-47.9095938E-03,+91.6304418E-03
+5.4964375E-03,+1.4706973E-03,-47.9229585E-03,+91.6483171E-03
+5.4967312E-03,+4.1957053E-03,-47.8310763E-03,+91.6675288E-03
+5.4970250E-03,+10.4246625E-03,-47.8444410E-03,+91.6688653E-03
+5.4973187E-03,+15.9116887E-03,-47.7525587E-03,+91.6661924E-03
+5.4976125E-03,+18.1596439E-03,-47.7876410E-03,+91.6845688E-03
+5.4979062E-03,+15.1728082E-03,-47.8177116E-03,+91.6710371E-03
+5.4982000E-03,+9.2466582E-03,-48.0231938E-03,+91.6631853E-03
+5.4984937E-03,+3.8027432E-03,-47.9446762E-03,+91.6575053E-03
+5.4987875E-03,+2.2212286E-03,-47.9095938E-03,+91.6575053E-03
+5.4990812E-03,+4.3030606E-03,-47.8795233E-03,+91.6596771E-03
+5.4993750E-03,+9.4697484E-03,-47.7174763E-03,+91.6675288E-03
+5.4996687E-03,+15.0780959E-03,-47.8227233E-03,+91.6688653E-03
+5.4999625E-03,+17.7827060E-03,-47.6088882E-03,+91.6618488E-03
+5.5002562E-03,+15.7002125E-03,-47.6038764E-03,+91.6710371E-03
+5.5005500E-03,+9.6802691E-03,-47.8661586E-03,+91.6566700E-03
+5.5008437E-03,+4.2375302E-03,-47.8310763E-03,+91.6382935E-03
+5.5011375E-03,+1.4150167E-03,-47.9313115E-03,+91.6518253E-03
+5.5014312E-03,+2.6086043E-03,-47.9146056E-03,+91.6640206E-03
+5.5017250E-03,+8.5418108E-03,-47.6172411E-03,+91.6767170E-03
+5.5020187E-03,+15.3629310E-03,-47.7308410E-03,+91.6653571E-03
+5.5023125E-03,+17.8848791E-03,-47.7742763E-03,+91.6653571E-03
+5.5026062E-03,+16.1150794E-03,-47.9313115E-03,+91.6631853E-03
+5.5029000E-03,+10.9525447E-03,-47.9580409E-03,+91.6618488E-03
+5.5031937E-03,+4.5186899E-03,-47.7525587E-03,+91.6732088E-03
+5.5034875E-03,+1.5988180E-03,-47.7659234E-03,+91.6688653E-03
+5.5037812E-03,+2.3944818E-03,-47.6740411E-03,+91.6596771E-03
+5.5040750E-03,+7.4689565E-03,-47.7091234E-03,+91.6653571E-03
+5.5043687E-03,+14.3053659E-03,-47.6957587E-03,+91.6653571E-03
+5.5046625E-03,+18.0751122E-03,-47.8093586E-03,+91.6631853E-03
+5.5049562E-03,+16.2738519E-03,-47.7876410E-03,+91.6596771E-03
+5.5052500E-03,+11.1060983E-03,-47.7742763E-03,+91.6653571E-03
+5.5055437E-03,+5.3300840E-03,-47.8661586E-03,+91.6631853E-03
+5.5058375E-03,+416.6606E-06,-47.8527939E-03,+91.6553335E-03
+5.5061312E-03,+457.4195E-06,-47.9012409E-03,+91.6561688E-03
+5.5064250E-03,+5.9678205E-03,-47.7959939E-03,+91.6601782E-03
+5.5067187E-03,+12.9738446E-03,-47.8360880E-03,+91.6347853E-03
+5.5070125E-03,+17.3378855E-03,-47.5170059E-03,+91.6553335E-03
+5.5073062E-03,+16.6177122E-03,-47.7041116E-03,+91.6518253E-03
+5.5076000E-03,+11.7725757E-03,-47.9363232E-03,+91.6553335E-03
+5.5078937E-03,+5.9716796E-03,-47.6740411E-03,+91.6496535E-03
+5.5081875E-03,+1.1465367E-03,-47.7308410E-03,+91.6431383E-03
+5.5084812E-03,+805.6901E-06,-47.7308410E-03,+91.6369571E-03
+5.5087750E-03,+5.2178038E-03,-47.7308410E-03,+91.6610135E-03
+5.5090687E-03,+12.3643343E-03,-47.7091234E-03,+91.6518253E-03
+5.5093625E-03,+17.6383038E-03,-47.6957587E-03,+91.6531618E-03
+5.5096562E-03,+18.1572182E-03,-47.7224881E-03,+91.6439735E-03
+5.5099500E-03,+14.3518951E-03,-47.4952883E-03,+91.6518253E-03
+5.5102437E-03,+8.0256529E-03,-47.5604412E-03,+91.6553335E-03
+5.5105375E-03,+2.1643718E-03,-47.8394292E-03,+91.6518253E-03
+5.5108312E-03,+317.3174E-06,-47.9931232E-03,+91.6575053E-03
+5.5111250E-03,+4.1466769E-03,-47.6740411E-03,+91.6618488E-03
+5.5114187E-03,+11.3503582E-03,-47.7525587E-03,+91.6732088E-03
+5.5117125E-03,+17.1882644E-03,-47.8527939E-03,+91.6688653E-03
+5.5120062E-03,+17.7083916E-03,-47.8795233E-03,+91.6596771E-03
+5.5123000E-03,+14.1025266E-03,-47.7826292E-03,+91.6675288E-03
+5.5125937E-03,+8.9068775E-03,-47.9931232E-03,+91.6666935E-03
+5.5128875E-03,+3.0529103E-03,-47.6740411E-03,+91.6518253E-03
+5.5131812E-03,+1.0538826E-03,-47.7308410E-03,+91.6531618E-03
+5.5134750E-03,+3.8626504E-03,-47.7742763E-03,+91.6439735E-03
+5.5137687E-03,+10.3869908E-03,-47.9095938E-03,+91.6583406E-03
+5.5140625E-03,+16.7428926E-03,-47.8795233E-03,+91.6745453E-03
+5.5143562E-03,+18.0902177E-03,-47.7174763E-03,+91.6531618E-03
+5.5146500E-03,+14.7228423E-03,-47.8227233E-03,+91.6439735E-03
+5.5149437E-03,+9.1121425E-03,-47.6523235E-03,+91.6539971E-03
+5.5152375E-03,+3.6203752E-03,-47.6306058E-03,+91.6631853E-03
+5.5155312E-03,+700.7606E-06,-47.5738059E-03,+91.6509900E-03
+5.5158250E-03,+2.7026550E-03,-47.6172411E-03,+91.6426371E-03
+5.5161187E-03,+9.2239081E-03,-47.7525587E-03,+91.6610135E-03
+5.5164125E-03,+15.6724640E-03,-47.7659234E-03,+91.6518253E-03
+5.5167062E-03,+18.2095911E-03,-47.6523235E-03,+91.6553335E-03
+5.5170000E-03,+15.5949521E-03,-47.6306058E-03,+91.6539971E-03
+5.5172937E-03,+9.8966702E-03,-47.6172411E-03,+91.6588418E-03
+5.5175875E-03,+4.1198106E-03,-47.7525587E-03,+91.6504888E-03
+5.5178812E-03,+738.1383E-06,-47.8093586E-03,+91.6688653E-03
+5.5181750E-03,+2.2507412E-03,-47.8093586E-03,+91.6596771E-03
+5.5184687E-03,+7.9508975E-03,-47.7659234E-03,+91.6675288E-03
+5.5187625E-03,+15.1734697E-03,-47.6088882E-03,+91.6666935E-03
+5.5190562E-03,+18.2135972E-03,-47.5170059E-03,+91.6496535E-03
+5.5193500E-03,+15.7084819E-03,-47.6606764E-03,+91.6474818E-03
+5.5196437E-03,+9.7447704E-03,-47.8227233E-03,+91.6461453E-03
+5.5199375E-03,+3.5223185E-03,-47.7609116E-03,+91.6553335E-03
+5.5202312E-03,+287.8783E-06,-47.9363232E-03,+91.6539971E-03
+5.5205250E-03,+1.4261896E-03,-47.6306058E-03,+91.6588418E-03
+5.5208187E-03,+6.7709452E-03,-47.6823940E-03,+91.6504888E-03
+5.5211125E-03,+14.1088848E-03,-47.9446762E-03,+91.6732088E-03
+5.5214062E-03,+17.8943614E-03,-47.8878762E-03,+91.6688653E-03
+5.5217000E-03,+16.6137061E-03,-47.8010057E-03,+91.6553335E-03
+5.5219937E-03,+11.7474367E-03,-47.6606764E-03,+91.6474818E-03
+5.5222875E-03,+6.2372194E-03,-47.8661586E-03,+91.6504888E-03
+5.5225812E-03,+1.5379184E-03,-47.7876410E-03,+91.6666935E-03
+5.5228750E-03,+1.8022821E-03,-47.6874058E-03,+91.6518253E-03
+5.5231687E-03,+6.6097102E-03,-47.5955235E-03,+91.6575053E-03
+5.5234625E-03,+12.6325571E-03,-47.6523235E-03,+91.6575053E-03
+5.5237562E-03,+16.6583609E-03,-47.6740411E-03,+91.6531618E-03
+5.5240500E-03,+15.7277404E-03,-47.6874058E-03,+91.6483171E-03
+5.5243437E-03,+11.5635251E-03,-47.5738059E-03,+91.6631853E-03
+5.5246375E-03,+5.9471287E-03,-47.6389588E-03,+91.6575053E-03
+5.5249312E-03,+1.5282524E-03,-47.7659234E-03,+91.6596771E-03
+5.5252250E-03,+960.3096E-06,-47.6957587E-03,+91.6610135E-03
+5.5255187E-03,+5.8357306E-03,-47.8745115E-03,+91.6561688E-03
+5.5258125E-03,+12.6018316E-03,-48.0014761E-03,+91.6710371E-03
+5.5261062E-03,+17.2976043E-03,-47.9095938E-03,+91.6631853E-03
+5.5264000E-03,+16.7923253E-03,-47.9012409E-03,+91.6596771E-03
+5.5266937E-03,+13.0257397E-03,-47.6656881E-03,+91.6675288E-03
+5.5269875E-03,+7.7619140E-03,-47.5170059E-03,+91.6666935E-03
+5.5272812E-03,+3.0842973E-03,-47.6823940E-03,+91.6496535E-03
+5.5275750E-03,+2.2218901E-03,-47.9229585E-03,+91.6496535E-03
+5.5278687E-03,+5.7595050E-03,-47.8527939E-03,+91.6518253E-03
+5.5281625E-03,+12.3544478E-03,-47.8360880E-03,+91.6640206E-03
+5.5284562E-03,+17.2610719E-03,-47.5170059E-03,+91.6767170E-03
+5.5287500E-03,+17.6346285E-03,-47.7258293E-03,+91.6653571E-03
+5.5290437E-03,+13.2065273E-03,-48.0148408E-03,+91.6631853E-03
+5.5293375E-03,+7.3055898E-03,-47.7308410E-03,+91.6596771E-03
+5.5296312E-03,+2.6532223E-03,-47.7525587E-03,+91.6675288E-03
+5.5299250E-03,+1.4901396E-03,-47.8093586E-03,+91.6753806E-03
+5.5302187E-03,+3.4889468E-03,-47.7224881E-03,+91.6767170E-03
+5.5305125E-03,+8.5125922E-03,-47.6690293E-03,+91.6610135E-03
+5.5308062E-03,+13.9062660E-03,-47.9931232E-03,+91.6453100E-03
+5.5311000E-03,+15.9855621E-03,-47.6088882E-03,+91.6382935E-03
+5.5313937E-03,+13.4712585E-03,-47.6255941E-03,+91.6518253E-03
+5.5316875E-03,+9.1497775E-03,-47.9446762E-03,+91.6553335E-03
+5.5319812E-03,+4.1809307E-03,-47.8010057E-03,+91.6518253E-03
+5.5322750E-03,+1.6560790E-03,-47.5738059E-03,+91.6553335E-03
+5.5325687E-03,+4.3020315E-03,-47.5738059E-03,+91.6496535E-03
+5.5328625E-03,+10.1473986E-03,-47.5520882E-03,+91.6518253E-03
+5.5331562E-03,+14.7276201E-03,-47.5821588E-03,+91.6596771E-03
+5.5334500E-03,+17.7483788E-03,-47.7876410E-03,+91.6588418E-03
+5.5337437E-03,+15.3688482E-03,-47.7959939E-03,+91.6461453E-03
+5.5340375E-03,+10.3850797E-03,-47.9229585E-03,+91.6618488E-03
+5.5343312E-03,+4.9577035E-03,-47.7659234E-03,+91.6732088E-03
+5.5346250E-03,+2.5077176E-03,-47.6088882E-03,+91.6666935E-03
+5.5349187E-03,+3.1106491E-03,-47.5170059E-03,+91.6474818E-03
+5.5352125E-03,+8.3153026E-03,-47.5738059E-03,+91.6418018E-03
+5.5355062E-03,+14.0658104E-03,-47.5738059E-03,+91.6461453E-03
+5.5358000E-03,+17.2882323E-03,-47.5303706E-03,+91.6553335E-03
+5.5360937E-03,+16.3898809E-03,-47.5687941E-03,+91.6496535E-03
+5.5363875E-03,+11.4798387E-03,-47.9229585E-03,+91.6518253E-03
+5.5366812E-03,+5.2285725E-03,-47.7224881E-03,+91.6531618E-03
+5.5369750E-03,+1.7091135E-03,-47.6255941E-03,+91.6461453E-03
+5.5372687E-03,+2.6431153E-03,-47.8143704E-03,+91.6618488E-03
+5.5375625E-03,+7.4191563E-03,-47.4602059E-03,+91.6666935E-03
+5.5378562E-03,+13.3902919E-03,-47.5955235E-03,+91.6539971E-03
+5.5381500E-03,+16.9743992E-03,-47.6740411E-03,+91.6653571E-03
+5.5384437E-03,+16.2795854E-03,-47.7959939E-03,+91.6653571E-03
+5.5387375E-03,+11.3406922E-03,-47.8578056E-03,+91.6631853E-03
+5.5390312E-03,+5.7248471E-03,-47.5738059E-03,+91.6596771E-03
+5.5393250E-03,+1.9495511E-03,-47.6172411E-03,+91.6653571E-03
+5.5396187E-03,+2.0301502E-03,-47.7091234E-03,+91.6610135E-03
+5.5399125E-03,+6.1072243E-03,-47.6306058E-03,+91.6518253E-03
+5.5402062E-03,+12.0266118E-03,-47.5520882E-03,+91.6596771E-03
+5.5405000E-03,+16.0931746E-03,-47.5604412E-03,+91.6610135E-03
+5.5407937E-03,+15.9708977E-03,-47.7308410E-03,+91.6561688E-03
+5.5410875E-03,+11.8240297E-03,-47.7308410E-03,+91.6710371E-03
+5.5413812E-03,+6.5480756E-03,-47.7308410E-03,+91.6588418E-03
+5.5416750E-03,+2.0118840E-03,-47.7742763E-03,+91.6439735E-03
+5.5419687E-03,+1.0515304E-03,-47.8661586E-03,+91.6539971E-03
+5.5422625E-03,+5.7997495E-03,-47.8527939E-03,+91.6653571E-03
+5.5425562E-03,+11.6834131E-03,-47.9229585E-03,+91.6675288E-03
+5.5428500E-03,+16.6615584E-03,-47.7224881E-03,+91.6710371E-03
+5.5431437E-03,+18.2497253E-03,-47.4301354E-03,+91.6610135E-03
+5.5434375E-03,+14.5566823E-03,-47.3683237E-03,+91.6583406E-03
+5.5437312E-03,+8.3835528E-03,-47.6523235E-03,+91.6788888E-03
+5.5440250E-03,+3.7004598E-03,-47.5654529E-03,+91.6732088E-03
+5.5443187E-03,+2.1991401E-03,-47.4685589E-03,+91.6710371E-03
+5.5446125E-03,+4.6757351E-03,-47.7442057E-03,+91.6631853E-03
+5.5449062E-03,+11.5548881E-03,-47.5303706E-03,+91.6618488E-03
+5.5452000E-03,+16.9010036E-03,-47.4602059E-03,+91.6688653E-03
+5.5454937E-03,+17.8899878E-03,-47.6389588E-03,+91.6596771E-03
+5.5457875E-03,+14.9120463E-03,-47.7224881E-03,+91.6610135E-03
+5.5460812E-03,+9.0291545E-03,-47.5170059E-03,+91.6496535E-03
+5.5463750E-03,+3.2035237E-03,-47.5303706E-03,+91.6474818E-03
+5.5466687E-03,+1.5381389E-03,-47.5687941E-03,+91.6461453E-03
+5.5469625E-03,+3.8701113E-03,-47.8578056E-03,+91.6531618E-03
+5.5472562E-03,+9.9883320E-03,-47.5303706E-03,+91.6526606E-03
+5.5475500E-03,+14.5584465E-03,-47.4602059E-03,+91.6702018E-03
+5.5478437E-03,+16.4130352E-03,-47.5738059E-03,+91.6461453E-03
+5.5481375E-03,+13.7817839E-03,-47.5738059E-03,+91.6531618E-03
+5.5484312E-03,+8.3411767E-03,-47.6172411E-03,+91.6461453E-03
+5.5487250E-03,+3.5674511E-03,-47.6874058E-03,+91.6575053E-03
+5.5490187E-03,+1.3820493E-03,-47.5955235E-03,+91.6509900E-03
+5.5493125E-03,+3.8181427E-03,-47.6740411E-03,+91.6404653E-03
+5.5496062E-03,+9.0335280E-03,-47.6874058E-03,+91.6531618E-03
+5.5499000E-03,+15.0588374E-03,-47.5738059E-03,+91.6461453E-03
+5.5501937E-03,+16.9602126E-03,-47.5520882E-03,+91.6640206E-03
+5.5504875E-03,+15.2874773E-03,-47.5170059E-03,+91.6723735E-03
+5.5507812E-03,+10.2425151E-03,-47.5738059E-03,+91.6453100E-03
+5.5510750E-03,+4.9345124E-03,-47.5738059E-03,+91.6426371E-03
+5.5513687E-03,+1.5929008E-03,-47.5520882E-03,+91.6675288E-03
+5.5516625E-03,+3.0178847E-03,-47.5170059E-03,+91.6710371E-03
+5.5519562E-03,+7.8424396E-03,-47.6172411E-03,+91.6610135E-03
+5.5522500E-03,+14.3237424E-03,-47.6656881E-03,+91.6496535E-03
+5.5525437E-03,+16.9814190E-03,-47.5387235E-03,+91.6539971E-03
+5.5528375E-03,+15.7402364E-03,-47.6306058E-03,+91.6631853E-03
+5.5531312E-03,+10.9270014E-03,-47.5086530E-03,+91.6596771E-03
+5.5534250E-03,+5.4236569E-03,-47.3599707E-03,+91.6631853E-03
+5.5537187E-03,+2.1927451E-03,-47.5036412E-03,+91.6618488E-03
+5.5540125E-03,+2.7226118E-03,-47.6874058E-03,+91.6688653E-03
+5.5543062E-03,+6.5684734E-03,-47.5303706E-03,+91.6640206E-03
+5.5546000E-03,+12.7647573E-03,-47.4819236E-03,+91.6745453E-03
+5.5548937E-03,+16.6093325E-03,-47.6523235E-03,+91.6531618E-03
+5.5551875E-03,+15.9169444E-03,-47.6306058E-03,+91.6418018E-03
+5.5554812E-03,+11.9468580E-03,-47.5520882E-03,+91.6439735E-03
+5.5557750E-03,+7.0408586E-03,-47.5170059E-03,+91.6518253E-03
+5.5560687E-03,+3.6049023E-03,-47.5303706E-03,+91.6509900E-03
+5.5563625E-03,+3.3590253E-03,-47.4384883E-03,+91.6404653E-03
+5.5566562E-03,+6.6745791E-03,-47.4518530E-03,+91.6575053E-03
+5.5569500E-03,+12.0352855E-03,-47.4251236E-03,+91.6575053E-03
+5.5572437E-03,+16.3543041E-03,-47.6088882E-03,+91.6553335E-03
+5.5575375E-03,+16.0091942E-03,-47.5604412E-03,+91.6518253E-03
+5.5578312E-03,+12.2448873E-03,-47.7091234E-03,+91.6596771E-03
+5.5581250E-03,+7.3156601E-03,-47.6957587E-03,+91.6653571E-03
+5.5584187E-03,+3.3276383E-03,-47.7224881E-03,+91.6588418E-03
+5.5587125E-03,+1.5683866E-03,-47.5604412E-03,+91.6504888E-03
+5.5590062E-03,+4.7630968E-03,-47.6656881E-03,+91.6732088E-03
+5.5593000E-03,+10.0475042E-03,-47.4735706E-03,+91.6688653E-03
+5.5595937E-03,+15.3358808E-03,-47.4819236E-03,+91.6509900E-03
+5.5598875E-03,+16.1154101E-03,-47.6523235E-03,+91.6382935E-03
+5.5601812E-03,+13.0340459E-03,-47.6088882E-03,+91.6474818E-03
+5.5604750E-03,+7.0429168E-03,-47.5821588E-03,+91.6461453E-03
+5.5607687E-03,+2.1835201E-03,-47.7876410E-03,+91.6575053E-03
+5.5610625E-03,+1.5772073E-03,-47.6874058E-03,+91.6575053E-03
+5.5613562E-03,+5.0756803E-03,-47.5086530E-03,+91.6618488E-03
+5.5616500E-03,+11.3292252E-03,-47.3816884E-03,+91.6732088E-03
+5.5619437E-03,+15.8175278E-03,-47.4952883E-03,+91.6710371E-03
+5.5622375E-03,+17.6686250E-03,-47.4518530E-03,+91.6610135E-03
+5.5625312E-03,+15.3523462E-03,-47.4034060E-03,+91.6518253E-03
+5.5628250E-03,+9.7554655E-03,-47.5086530E-03,+91.6553335E-03
+5.5631187E-03,+4.4517996E-03,-47.3816884E-03,+91.6496535E-03
+5.5634125E-03,+1.8949362E-03,-47.5387235E-03,+91.6496535E-03
+5.5637062E-03,+3.9702262E-03,-47.5871706E-03,+91.6453100E-03
+5.5640000E-03,+9.0451052E-03,-47.4384883E-03,+91.6404653E-03
+5.5642937E-03,+15.1194429E-03,-47.5170059E-03,+91.6553335E-03
+5.5645875E-03,+17.3376282E-03,-47.6389588E-03,+91.6539971E-03
+5.5648812E-03,+15.5061571E-03,-47.7659234E-03,+91.6610135E-03
+5.5651750E-03,+10.1014207E-03,-47.6740411E-03,+91.6539971E-03
+5.5654687E-03,+4.1181567E-03,-47.6005353E-03,+91.6610135E-03
+5.5657625E-03,+1.3063751E-03,-47.3466060E-03,+91.6539971E-03
+5.5660562E-03,+2.6254371E-03,-47.6172411E-03,+91.6631853E-03
+5.5663500E-03,+8.8011026E-03,-47.6656881E-03,+91.6575053E-03
+5.5666437E-03,+14.5595123E-03,-47.6038764E-03,+91.6553335E-03
+5.5669375E-03,+17.2867990E-03,-47.8227233E-03,+91.6474818E-03
+5.5672312E-03,+16.4151669E-03,-47.6523235E-03,+91.6439735E-03
+5.5675250E-03,+11.4823379E-03,-47.7174763E-03,+91.6518253E-03
+5.5678187E-03,+6.2079273E-03,-47.8227233E-03,+91.6575053E-03
+5.5681125E-03,+2.4921343E-03,-47.6523235E-03,+91.6596771E-03
+5.5684062E-03,+2.3169699E-03,-47.6740411E-03,+91.6588418E-03
+5.5687000E-03,+6.5751624E-03,-47.6874058E-03,+91.6439735E-03
+5.5689937E-03,+13.3364856E-03,-47.5738059E-03,+91.6539971E-03
+5.5692875E-03,+16.8565694E-03,-47.6389588E-03,+91.6631853E-03
+5.5695812E-03,+16.4821675E-03,-47.7007705E-03,+91.6553335E-03
+5.5698750E-03,+11.3372007E-03,-47.5036412E-03,+91.6518253E-03
+5.5701687E-03,+5.3279523E-03,-47.6439705E-03,+91.6509900E-03
+5.5704625E-03,+1.7618539E-03,-47.4602059E-03,+91.6448088E-03
+5.5707562E-03,+2.3410431E-03,-47.6172411E-03,+91.6666935E-03
+5.5710500E-03,+6.3905893E-03,-47.7308410E-03,+91.6496535E-03
+5.5713437E-03,+13.3411165E-03,-47.6874058E-03,+91.6496535E-03
+5.5716375E-03,+18.4488893E-03,-47.5738059E-03,+91.6561688E-03
+5.5719312E-03,+17.0507350E-03,-47.5738059E-03,+91.6666935E-03
+5.5722250E-03,+12.0721487E-03,-47.5955235E-03,+91.6518253E-03
+5.5725187E-03,+6.2641226E-03,-47.6523235E-03,+91.6575053E-03
+5.5728125E-03,+2.0534148E-03,-47.6088882E-03,+91.6553335E-03
+5.5731062E-03,+2.2372896E-03,-47.5604412E-03,+91.6539971E-03
+5.5734000E-03,+5.8784375E-03,-47.6874058E-03,+91.6653571E-03
+5.5736937E-03,+11.4634836E-03,-47.5520882E-03,+91.6631853E-03
+5.5739875E-03,+16.8356202E-03,-47.4952883E-03,+91.6553335E-03
+5.5742812E-03,+17.1779001E-03,-47.5387235E-03,+91.6496535E-03
+5.5745750E-03,+12.6604525E-03,-47.6306058E-03,+91.6496535E-03
+5.5748687E-03,+6.7824489E-03,-47.6172411E-03,+91.6539971E-03
+5.5751625E-03,+2.9204528E-03,-47.7308410E-03,+91.6610135E-03
+5.5754562E-03,+2.0332742E-03,-47.7091234E-03,+91.6496535E-03
+5.5757500E-03,+5.0067686E-03,-47.5871706E-03,+91.6496535E-03
+5.5760437E-03,+10.8171102E-03,-47.4819236E-03,+91.6518253E-03
+5.5763375E-03,+15.9310575E-03,-47.6306058E-03,+91.6553335E-03
+5.5766312E-03,+17.4728055E-03,-47.6823940E-03,+91.6474818E-03
+5.5769250E-03,+14.6416918E-03,-47.9446762E-03,+91.6483171E-03
+5.5772187E-03,+8.9540683E-03,-47.8227233E-03,+91.6588418E-03
+5.5775125E-03,+3.6541512E-03,-47.6523235E-03,+91.6439735E-03
+5.5778062E-03,+1.6717725E-03,-47.6740411E-03,+91.6518253E-03
+5.5781000E-03,+4.4705069E-03,-47.6222529E-03,+91.6575053E-03
+5.5783937E-03,+9.6899351E-03,-47.4034060E-03,+91.6596771E-03
+5.5786875E-03,+15.4594441E-03,-47.6172411E-03,+91.6588418E-03
+5.5789812E-03,+17.5331537E-03,-47.6656881E-03,+91.6439735E-03
+5.5792750E-03,+14.8130707E-03,-47.5821588E-03,+91.6496535E-03
+5.5795687E-03,+9.5207614E-03,-47.8093586E-03,+91.6539971E-03
+5.5798625E-03,+4.0535083E-03,-47.7224881E-03,+91.6544982E-03
+5.5801562E-03,+1.6737939E-03,-47.5821588E-03,+91.6369571E-03
+5.5804500E-03,+4.3103744E-03,-47.7442057E-03,+91.6610135E-03
+5.5807437E-03,+9.7437781E-03,-47.5738059E-03,+91.6561688E-03
+5.5810375E-03,+14.8315574E-03,-47.5955235E-03,+91.6688653E-03
+5.5813312E-03,+17.3554167E-03,-47.6523235E-03,+91.6553335E-03
+5.5816250E-03,+15.4292700E-03,-47.6740411E-03,+91.6518253E-03
+5.5819187E-03,+10.5897567E-03,-47.7091234E-03,+91.6553335E-03
+5.5822125E-03,+4.7894854E-03,-47.6306058E-03,+91.6474818E-03
+5.5825062E-03,+1.5980829E-03,-47.5303706E-03,+91.6461453E-03
+5.5828000E-03,+3.1126705E-03,-47.5687941E-03,+91.6509900E-03
+5.5830937E-03,+8.7761841E-03,-47.8578056E-03,+91.6361218E-03
+5.5833875E-03,+14.0089537E-03,-47.5738059E-03,+91.6461453E-03
+5.5836812E-03,+16.7350642E-03,-47.5955235E-03,+91.6553335E-03
+5.5839750E-03,+15.8945986E-03,-47.6740411E-03,+91.6539971E-03
+5.5842687E-03,+11.4448867E-03,-47.7308410E-03,+91.6610135E-03
+5.5845625E-03,+5.9136468E-03,-47.6439705E-03,+91.6583406E-03
+5.5848562E-03,+1.7552017E-03,-47.5253588E-03,+91.6745453E-03
+5.5851500E-03,+2.0629338E-03,-47.8093586E-03,+91.6575053E-03
+5.5854437E-03,+6.4088923E-03,-47.7442057E-03,+91.6575053E-03
+5.5857375E-03,+12.3544478E-03,-47.6172411E-03,+91.6618488E-03
+5.5860312E-03,+16.6126403E-03,-47.7308410E-03,+91.6688653E-03
+5.5863250E-03,+17.0081384E-03,-47.6874058E-03,+91.6575053E-03
+5.5866187E-03,+12.5003936E-03,-47.5738059E-03,+91.6618488E-03
+5.5869125E-03,+6.5241862E-03,-47.5955235E-03,+91.6710371E-03
+5.5872062E-03,+2.9930398E-03,-47.6306058E-03,+91.6588418E-03
+5.5875000E-03,+2.8966001E-03,-47.5955235E-03,+91.6418018E-03
+5.5877937E-03,+6.2115659E-03,-47.6306058E-03,+91.6418018E-03
+5.5880875E-03,+12.0942739E-03,-47.5303706E-03,+91.6461453E-03
+5.5883812E-03,+16.4344254E-03,-47.4602059E-03,+91.6553335E-03
+5.5886750E-03,+16.1968546E-03,-47.5086530E-03,+91.6474818E-03
+5.5889687E-03,+12.6816957E-03,-47.3599707E-03,+91.6483171E-03
+5.5892625E-03,+7.3141900E-03,-47.5470765E-03,+91.6653571E-03
+5.5895562E-03,+3.0460007E-03,-47.8444410E-03,+91.6566700E-03
+5.5898500E-03,+2.7982861E-03,-47.7525587E-03,+91.6448088E-03
+5.5901437E-03,+5.1705396E-03,-47.6790528E-03,+91.6688653E-03
+5.5904375E-03,+11.4631896E-03,-47.4034060E-03,+91.6553335E-03
+5.5907312E-03,+16.6356844E-03,-47.6172411E-03,+91.6561688E-03
+5.5910250E-03,+17.0494487E-03,-47.6005353E-03,+91.6623500E-03
+5.5913187E-03,+12.7483655E-03,-47.3683237E-03,+91.6404653E-03
+5.5916125E-03,+7.4211043E-03,-47.6957587E-03,+91.6531618E-03
+5.5919062E-03,+2.9789267E-03,-47.7876410E-03,+91.6483171E-03
+5.5922000E-03,+1.0343668E-03,-47.7525587E-03,+91.6631853E-03
+5.5924937E-03,+4.0016132E-03,-47.7659234E-03,+91.6575053E-03
+5.5927875E-03,+10.7924122E-03,-47.7174763E-03,+91.6553335E-03
+5.5930812E-03,+15.6797778E-03,-47.7792881E-03,+91.6518253E-03
+5.5933750E-03,+16.9527150E-03,-47.5821588E-03,+91.6509900E-03
+5.5936687E-03,+13.4360860E-03,-47.7224881E-03,+91.6404653E-03
+5.5939625E-03,+7.8592725E-03,-47.5604412E-03,+91.6531618E-03
+5.5942562E-03,+3.6830757E-03,-47.6874058E-03,+91.6439735E-03
+5.5945500E-03,+2.3734592E-03,-47.5520882E-03,+91.6518253E-03
+5.5948437E-03,+4.9250669E-03,-47.5170059E-03,+91.6596771E-03
+5.5951375E-03,+11.0584665E-03,-47.4652177E-03,+91.6610135E-03
+5.5954312E-03,+16.4223704E-03,-47.3115237E-03,+91.6539971E-03
+5.5957250E-03,+18.0145802E-03,-47.6523235E-03,+91.6610135E-03
+5.5960187E-03,+14.8080723E-03,-47.6740411E-03,+91.6496535E-03
+5.5963125E-03,+9.5621085E-03,-47.6656881E-03,+91.6518253E-03
+5.5966062E-03,+5.0154423E-03,-47.6038764E-03,+91.6531618E-03
+5.5969000E-03,+1.7148102E-03,-47.8661586E-03,+91.6418018E-03
+5.5971937E-03,+3.6223231E-03,-47.7876410E-03,+91.6439735E-03
+5.5974875E-03,+9.0003034E-03,-47.6874058E-03,+91.6474818E-03
+5.5977812E-03,+14.8311163E-03,-47.6389588E-03,+91.6418018E-03
+5.5980750E-03,+17.4070545E-03,-47.7442057E-03,+91.6439735E-03
+5.5983687E-03,+14.9845230E-03,-47.5738059E-03,+91.6496535E-03
+5.5986625E-03,+10.1448259E-03,-47.5738059E-03,+91.6474818E-03
+5.5989562E-03,+4.8759283E-03,-47.5738059E-03,+91.6439735E-03
+5.5992500E-03,+1.3523897E-03,-47.5520882E-03,+91.6474818E-03
+5.5995437E-03,+2.0839564E-03,-47.4952883E-03,+91.6439735E-03
+5.5998375E-03,+7.9465974E-03,-47.4518530E-03,+91.6518253E-03
+5.6001312E-03,+14.0438322E-03,-47.3382531E-03,+91.6553335E-03
+5.6004250E-03,+17.0483093E-03,-47.3816884E-03,+91.6474818E-03
+5.6007187E-03,+15.7981222E-03,-47.5821588E-03,+91.6483171E-03
+5.6010125E-03,+10.6538170E-03,-47.7442057E-03,+91.6610135E-03
+5.6013062E-03,+5.3660651E-03,-47.5955235E-03,+91.6518253E-03
+5.6016000E-03,+1.5394988E-03,-47.7391940E-03,+91.6553335E-03
+5.6018937E-03,+2.0690348E-03,-47.7926528E-03,+91.6518253E-03
+5.6021875E-03,+7.0293917E-03,-47.3816884E-03,+91.6531618E-03
+5.6024812E-03,+13.4665542E-03,-47.4735706E-03,+91.6461453E-03
+5.6027750E-03,+16.3510698E-03,-47.4602059E-03,+91.6553335E-03
+5.6030687E-03,+15.2741727E-03,-47.5520882E-03,+91.6518253E-03
+5.6033625E-03,+11.6490859E-03,-47.4952883E-03,+91.6553335E-03
+5.6036562E-03,+6.3417080E-03,-47.5170059E-03,+91.6518253E-03
+5.6039500E-03,+1.8078318E-03,-47.5738059E-03,+91.6596771E-03
+5.6042437E-03,+1.5017168E-03,-47.6172411E-03,+91.6566700E-03
+5.6045375E-03,+5.7574101E-03,-47.7525587E-03,+91.6469806E-03
+5.6048312E-03,+12.4088788E-03,-47.7876410E-03,+91.6788888E-03
+5.6051250E-03,+15.7499024E-03,-47.6874058E-03,+91.6666935E-03
+5.6054187E-03,+16.2146430E-03,-47.5738059E-03,+91.6474818E-03
+5.6057125E-03,+13.4688696E-03,-47.5303706E-03,+91.6439735E-03
+5.6060062E-03,+7.9155044E-03,-47.4819236E-03,+91.6518253E-03
+5.6063000E-03,+3.5674143E-03,-47.6740411E-03,+91.6596771E-03
+5.6065937E-03,+2.1328011E-03,-47.6222529E-03,+91.6610135E-03
+5.6068875E-03,+5.4639013E-03,-47.3816884E-03,+91.6496535E-03
+5.6071812E-03,+11.2731771E-03,-47.4952883E-03,+91.6474818E-03
+5.6074750E-03,+16.1444082E-03,-47.5821588E-03,+91.6461453E-03
+5.6077687E-03,+17.0721987E-03,-47.7007705E-03,+91.6553335E-03
+5.6080625E-03,+13.8522760E-03,-47.4384883E-03,+91.6453100E-03
+5.6083562E-03,+8.1940915E-03,-47.5387235E-03,+91.6382935E-03
+5.6086500E-03,+2.6990900E-03,-47.6306058E-03,+91.6496535E-03
+5.6089437E-03,+1.8871814E-03,-47.6389588E-03,+91.6539971E-03
+5.6092375E-03,+4.9376731E-03,-47.7442057E-03,+91.6631853E-03
+5.6095312E-03,+11.3294825E-03,-47.6172411E-03,+91.6575053E-03
+5.6098250E-03,+15.8435856E-03,-47.6874058E-03,+91.6596771E-03
+5.6101187E-03,+16.9322069E-03,-47.5955235E-03,+91.6610135E-03
+5.6104125E-03,+13.8016305E-03,-47.6957587E-03,+91.6496535E-03
+5.6107062E-03,+8.2642528E-03,-47.7659234E-03,+91.6518253E-03
+5.6110000E-03,+3.1031515E-03,-47.7174763E-03,+91.6531618E-03
+5.6112937E-03,+814.9151E-06,-47.8010057E-03,+91.6461453E-03
+5.6115875E-03,+3.0022647E-03,-47.6389588E-03,+91.6596771E-03
+5.6118812E-03,+8.9431159E-03,-47.7224881E-03,+91.6631853E-03
+5.6121750E-03,+14.6609136E-03,-47.4952883E-03,+91.6553335E-03
+5.6124687E-03,+17.1609937E-03,-47.4518530E-03,+91.6496535E-03
+5.6127625E-03,+15.5000561E-03,-47.3816884E-03,+91.6496535E-03
+5.6130562E-03,+9.9682281E-03,-47.4518530E-03,+91.6496535E-03
+5.6133500E-03,+4.0757806E-03,-47.3599707E-03,+91.6518253E-03
+5.6136437E-03,+912.6044E-06,-47.5687941E-03,+91.6575053E-03
+5.6139375E-03,+2.7953091E-03,-47.9012409E-03,+91.6553335E-03
+5.6142312E-03,+8.7493913E-03,-47.7091234E-03,+91.6496535E-03
+5.6145250E-03,+15.7901836E-03,-47.6523235E-03,+91.6431383E-03
+5.6148187E-03,+17.9593038E-03,-47.6088882E-03,+91.6282700E-03
+5.6151125E-03,+15.7934914E-03,-47.5821588E-03,+91.6382935E-03
+5.6154062E-03,+10.9824615E-03,-47.7007705E-03,+91.6496535E-03
+5.6157000E-03,+4.5866461E-03,-47.4819236E-03,+91.6561688E-03
+5.6159937E-03,+128.4075E-06,-47.6523235E-03,+91.6666935E-03
+5.6162875E-03,+1.1034255E-03,-47.6306058E-03,+91.6474818E-03
+5.6165812E-03,+7.0168222E-03,-47.6172411E-03,+91.6439735E-03
+5.6168750E-03,+13.7404369E-03,-47.7091234E-03,+91.6474818E-03
+5.6171687E-03,+17.6898682E-03,-47.5871706E-03,+91.6461453E-03
+5.6174625E-03,+16.3018209E-03,-47.5036412E-03,+91.6575053E-03
+5.6177562E-03,+11.6650366E-03,-47.6874058E-03,+91.6596771E-03
+5.6180500E-03,+6.2966856E-03,-47.5520882E-03,+91.6588418E-03
+5.6183437E-03,+2.6281201E-03,-47.5170059E-03,+91.6504888E-03
+5.6186375E-03,+2.5035277E-03,-47.5086530E-03,+91.6710371E-03
+5.6189312E-03,+7.6330215E-03,-47.4034060E-03,+91.6631853E-03
+5.6192250E-03,+13.9694075E-03,-47.5955235E-03,+91.6575053E-03
+5.6195187E-03,+17.4841254E-03,-47.6740411E-03,+91.6531618E-03
+5.6198125E-03,+16.8302543E-03,-47.7091234E-03,+91.6439735E-03
+5.6201062E-03,+12.4062326E-03,-47.6088882E-03,+91.6496535E-03
+5.6204000E-03,+6.7637049E-03,-47.4735706E-03,+91.6496535E-03
+5.6206937E-03,+1.4234699E-03,-47.5036412E-03,+91.6496535E-03
+5.6209875E-03,+737.1460E-06,-47.7091234E-03,+91.6496535E-03
+5.6212812E-03,+5.0972910E-03,-47.6957587E-03,+91.6539971E-03
+5.6215750E-03,+11.5278380E-03,-47.8093586E-03,+91.6653571E-03
+5.6218687E-03,+15.8696801E-03,-47.7659234E-03,+91.6653571E-03
+5.6221625E-03,+15.5440861E-03,-47.7391940E-03,+91.6588418E-03
+5.6224562E-03,+11.9202489E-03,-47.8578056E-03,+91.6461453E-03
+5.6227500E-03,+6.2370357E-03,-47.6172411E-03,+91.6553335E-03
+5.6230437E-03,+1.2103397E-03,-47.6874058E-03,+91.6474818E-03
+5.6233375E-03,+1.0254358E-03,-47.6172411E-03,+91.6439735E-03
+5.6236312E-03,+5.7119100E-03,-47.7525587E-03,+91.6496535E-03
+5.6239250E-03,+11.8267494E-03,-47.7442057E-03,+91.6539971E-03
+5.6242187E-03,+16.5814738E-03,-47.6172411E-03,+91.6631853E-03
+5.6245125E-03,+18.0095083E-03,-47.6874058E-03,+91.6531618E-03
+5.6248062E-03,+14.0894058E-03,-47.6172411E-03,+91.6418018E-03
+5.6251000E-03,+8.1834332E-03,-47.7091234E-03,+91.6461453E-03
+5.6253937E-03,+3.3051088E-03,-47.6523235E-03,+91.6531618E-03
+5.6256875E-03,+1.7262404E-03,-47.6088882E-03,+91.6461453E-03
+5.6259812E-03,+4.3706492E-03,-47.5387235E-03,+91.6553335E-03
+5.6262750E-03,+10.2837519E-03,-47.6740411E-03,+91.6409665E-03
+5.6265687E-03,+15.3718987E-03,-47.7308410E-03,+91.6291053E-03
+5.6268625E-03,+17.3747854E-03,-47.7091234E-03,+91.6596771E-03
+5.6271562E-03,+15.1275653E-03,-47.6740411E-03,+91.6631853E-03
+5.6274500E-03,+9.2752520E-03,-47.7525587E-03,+91.6575053E-03
+5.6277437E-03,+3.1118252E-03,-47.8093586E-03,+91.6596771E-03
+5.6280375E-03,+1.3555137E-03,-47.7876410E-03,+91.6631853E-03
+5.6283312E-03,+3.8615111E-03,-47.7091234E-03,+91.6575053E-03
+5.6286250E-03,+9.9631562E-03,-47.5871706E-03,+91.6596771E-03
+5.6289187E-03,+15.4854284E-03,-47.4819236E-03,+91.6631853E-03
+5.6292125E-03,+17.9507403E-03,-47.6523235E-03,+91.6618488E-03
+5.6295062E-03,+15.6632390E-03,-47.5871706E-03,+91.6710371E-03
+5.6298000E-03,+9.9619434E-03,-47.4384883E-03,+91.6631853E-03
+5.6300937E-03,+4.9964411E-03,-47.5170059E-03,+91.6575053E-03
+5.6303875E-03,+1.9755721E-03,-47.6172411E-03,+91.6553335E-03
+5.6306812E-03,+3.7070018E-03,-47.7091234E-03,+91.6474818E-03
+5.6309750E-03,+9.2793683E-03,-47.6523235E-03,+91.6418018E-03
+5.6312687E-03,+15.3952735E-03,-47.7174763E-03,+91.6418018E-03
+5.6315625E-03,+17.8108955E-03,-47.8227233E-03,+91.6483171E-03
+5.6318562E-03,+15.6198339E-03,-47.6523235E-03,+91.6610135E-03
+5.6321500E-03,+9.8483769E-03,-47.6088882E-03,+91.6561688E-03
+5.6324437E-03,+3.8562187E-03,-47.5170059E-03,+91.6645218E-03
+5.6327375E-03,+890.7731E-06,-47.5738059E-03,+91.6374583E-03
+5.6330312E-03,+1.8491053E-03,-47.6389588E-03,+91.6369571E-03
+5.6333250E-03,+6.8595932E-03,-47.7442057E-03,+91.6631853E-03
+5.6336187E-03,+12.4348631E-03,-47.5520882E-03,+91.6575053E-03
+5.6339125E-03,+16.5664419E-03,-47.5387235E-03,+91.6575053E-03
+5.6342062E-03,+15.8676955E-03,-47.6740411E-03,+91.6553335E-03
+5.6345000E-03,+10.7345631E-03,-47.7091234E-03,+91.6539971E-03
+5.6347937E-03,+5.1347423E-03,-47.6088882E-03,+91.6610135E-03
+5.6350875E-03,+1.6403120E-03,-47.5387235E-03,+91.6496535E-03
+5.6353812E-03,+2.2205670E-03,-47.5871706E-03,+91.6518253E-03
+5.6356750E-03,+7.0343901E-03,-47.5470765E-03,+91.6531618E-03
+5.6359687E-03,+13.0937326E-03,-47.8227233E-03,+91.6461453E-03
+5.6362625E-03,+16.5074534E-03,-47.7174763E-03,+91.6553335E-03
+5.6365562E-03,+15.5322884E-03,-47.8444410E-03,+91.6496535E-03
+5.6368500E-03,+11.4717531E-03,-47.7525587E-03,+91.6518253E-03
+5.6371437E-03,+6.3979399E-03,-47.8310763E-03,+91.6618488E-03
+5.6374375E-03,+1.7463442E-03,-47.7358528E-03,+91.6710371E-03
+5.6377312E-03,+2.3090313E-03,-47.3816884E-03,+91.6631853E-03
+5.6380250E-03,+6.9912789E-03,-47.5604412E-03,+91.6575053E-03
+5.6383187E-03,+12.3315874E-03,-47.7525587E-03,+91.6575053E-03
+5.6386125E-03,+16.7516030E-03,-47.7224881E-03,+91.6575053E-03
+5.6389062E-03,+16.7249572E-03,-47.4518530E-03,+91.6575053E-03
+5.6392000E-03,+12.7185589E-03,-47.5119941E-03,+91.6509900E-03
+5.6394937E-03,+7.1478831E-03,-47.8360880E-03,+91.6404653E-03
+5.6397875E-03,+2.8896538E-03,-47.5821588E-03,+91.6531618E-03
+5.6400812E-03,+2.4445760E-03,-47.7442057E-03,+91.6418018E-03
+5.6403750E-03,+7.0595291E-03,-47.6172411E-03,+91.6483171E-03
+5.6406687E-03,+12.9160323E-03,-47.6439705E-03,+91.6544982E-03
+5.6409625E-03,+16.6285910E-03,-47.4602059E-03,+91.6282700E-03
+5.6412562E-03,+16.9391899E-03,-47.5303706E-03,+91.6404653E-03
+5.6415500E-03,+13.1063756E-03,-47.5036412E-03,+91.6596771E-03
+5.6418437E-03,+6.8340132E-03,-47.6874058E-03,+91.6631853E-03
+5.6421375E-03,+2.2415530E-03,-47.6606764E-03,+91.6553335E-03
+5.6424312E-03,+239.4748E-06,-47.8010057E-03,+91.6518253E-03
+5.6427250E-03,+3.6287916E-03,-47.5520882E-03,+91.6575053E-03
+5.6430187E-03,+10.5490344E-03,-47.5170059E-03,+91.6531618E-03
+5.6433125E-03,+15.5475409E-03,-47.5738059E-03,+91.6439735E-03
+5.6436062E-03,+17.3293221E-03,-47.6389588E-03,+91.6474818E-03
+5.6439000E-03,+13.4783151E-03,-47.8093586E-03,+91.6461453E-03
+5.6441937E-03,+7.3621893E-03,-47.7442057E-03,+91.6531618E-03
+5.6444875E-03,+2.6697244E-03,-47.5738059E-03,+91.6396300E-03
+5.6447812E-03,+1.6459720E-03,-47.5955235E-03,+91.6382935E-03
+5.6450750E-03,+5.2981457E-03,-47.6306058E-03,+91.6518253E-03
+5.6453687E-03,+11.6029242E-03,-47.5520882E-03,+91.6596771E-03
+5.6456625E-03,+16.3545613E-03,-47.6038764E-03,+91.6566700E-03
+5.6459562E-03,+17.4217189E-03,-47.8227233E-03,+91.6339500E-03
+5.6462500E-03,+14.4797952E-03,-47.6088882E-03,+91.6296065E-03
+5.6465437E-03,+9.0327195E-03,-47.5604412E-03,+91.6291053E-03
+5.6468375E-03,+4.0519280E-03,-47.7308410E-03,+91.6531618E-03
+5.6471312E-03,+1.7033800E-03,-47.7091234E-03,+91.6461453E-03
+5.6474250E-03,+3.7834111E-03,-47.6523235E-03,+91.6531618E-03
+5.6477187E-03,+9.5331839E-03,-47.5871706E-03,+91.6418018E-03
+5.6480125E-03,+14.6218820E-03,-47.4384883E-03,+91.6483171E-03
+5.6483062E-03,+16.1116246E-03,-47.4735706E-03,+91.6566700E-03
+5.6486000E-03,+14.7900266E-03,-47.4819236E-03,+91.6361218E-03
+5.6488937E-03,+9.6545788E-03,-47.5654529E-03,+91.6461453E-03
+5.6491875E-03,+3.9867283E-03,-47.3816884E-03,+91.6553335E-03
+5.6494812E-03,+1.6646792E-03,-47.5604412E-03,+91.6496535E-03
+5.6497750E-03,+2.9098312E-03,-47.6874058E-03,+91.6518253E-03
+5.6500687E-03,+7.5654329E-03,-47.5520882E-03,+91.6531618E-03
+5.6503625E-03,+12.9035730E-03,-47.5821588E-03,+91.6461453E-03
+5.6506562E-03,+15.9255813E-03,-47.7659234E-03,+91.6575053E-03
+5.6509500E-03,+15.2952321E-03,-47.6306058E-03,+91.6575053E-03
+5.6512437E-03,+10.8679762E-03,-47.5520882E-03,+91.6575053E-03
+5.6515375E-03,+5.9160725E-03,-47.5387235E-03,+91.6596771E-03
+5.6518312E-03,+2.7098218E-03,-47.6306058E-03,+91.6631853E-03
+5.6521250E-03,+3.1911380E-03,-47.5955235E-03,+91.6531618E-03
+5.6524187E-03,+7.0646010E-03,-47.6306058E-03,+91.6439735E-03
+5.6527125E-03,+12.9746899E-03,-47.5955235E-03,+91.6453100E-03
+5.6530062E-03,+15.9913323E-03,-47.6957587E-03,+91.6382935E-03
+5.6533000E-03,+14.6121425E-03,-47.8310763E-03,+91.6496535E-03
+5.6535937E-03,+10.3340299E-03,-47.8661586E-03,+91.6453100E-03
+5.6538875E-03,+5.8428239E-03,-47.7442057E-03,+91.6361218E-03
+5.6541812E-03,+3.2420408E-03,-47.5955235E-03,+91.6418018E-03
+5.6544750E-03,+3.5759410E-03,-47.6088882E-03,+91.6439735E-03
+5.6547687E-03,+6.9356350E-03,-47.5170059E-03,+91.6496535E-03
+5.6550625E-03,+12.4136567E-03,-47.5520882E-03,+91.6496535E-03
+5.6553562E-03,+15.5174402E-03,-47.5170059E-03,+91.6474818E-03
+5.6556500E-03,+15.4709110E-03,-47.5738059E-03,+91.6418018E-03
+5.6559437E-03,+11.4634837E-03,-47.5955235E-03,+91.6418018E-03
+5.6562375E-03,+5.9826320E-03,-47.6523235E-03,+91.6396300E-03
+5.6565312E-03,+2.5840534E-03,-47.5654529E-03,+91.6426371E-03
+5.6568250E-03,+2.6551335E-03,-47.3816884E-03,+91.6588418E-03
+5.6571187E-03,+6.1057542E-03,-47.5170059E-03,+91.6418018E-03
+5.6574125E-03,+12.1603924E-03,-47.5738059E-03,+91.6461453E-03
+5.6577062E-03,+16.4227380E-03,-47.6172411E-03,+91.6553335E-03
+5.6580000E-03,+17.2562205E-03,-47.6874058E-03,+91.6518253E-03
+5.6582937E-03,+14.3287040E-03,-47.5738059E-03,+91.6596771E-03
+5.6585875E-03,+9.1726011E-03,-47.5520882E-03,+91.6653571E-03
+5.6588812E-03,+4.6805865E-03,-47.5604412E-03,+91.6718723E-03
+5.6591750E-03,+3.3979466E-03,-47.6874058E-03,+91.6780535E-03
+5.6594687E-03,+5.5926468E-03,-47.5955235E-03,+91.6474818E-03
+5.6597625E-03,+11.0613333E-03,-47.7391940E-03,+91.6418018E-03
+5.6600562E-03,+14.8264119E-03,-47.7926528E-03,+91.6418018E-03
+5.6603500E-03,+16.3855808E-03,-47.4468413E-03,+91.6396300E-03
+5.6606437E-03,+13.8391920E-03,-47.6874058E-03,+91.6361218E-03
+5.6609375E-03,+8.9571923E-03,-47.6172411E-03,+91.6461453E-03
+5.6612312E-03,+4.3357707E-03,-47.7308410E-03,+91.6575053E-03
+5.6615250E-03,+2.0514301E-03,-47.6874058E-03,+91.6553335E-03
+5.6618187E-03,+4.2983930E-03,-47.5520882E-03,+91.6496535E-03
+5.6621125E-03,+9.9961971E-03,-47.4518530E-03,+91.6474818E-03
+5.6624062E-03,+14.8399370E-03,-47.4685589E-03,+91.6526606E-03
+5.6627000E-03,+16.2371358E-03,-47.7007705E-03,+91.6680300E-03
+5.6629937E-03,+13.5502038E-03,-47.5253588E-03,+91.6426371E-03
+5.6632875E-03,+8.3101205E-03,-47.7876410E-03,+91.6588418E-03
+5.6635812E-03,+3.1459686E-03,-47.7308410E-03,+91.6483171E-03
+5.6638750E-03,+1.6136294E-03,-47.7091234E-03,+91.6610135E-03
+5.6641687E-03,+3.6199342E-03,-47.6306058E-03,+91.6539971E-03
+5.6644625E-03,+8.9868518E-03,-47.5520882E-03,+91.6653571E-03
+5.6647562E-03,+14.6232786E-03,-47.5604412E-03,+91.6566700E-03
+5.6650500E-03,+17.3897071E-03,-47.6656881E-03,+91.6382935E-03
+5.6653437E-03,+15.7561504E-03,-47.4301354E-03,+91.6474818E-03
+5.6656375E-03,+11.0574742E-03,-47.3683237E-03,+91.6418018E-03
+5.6659312E-03,+5.3555538E-03,-47.6957587E-03,+91.6483171E-03
+5.6662250E-03,+1.9744695E-03,-47.8093586E-03,+91.6653571E-03
+5.6665187E-03,+3.4932837E-03,-47.7659234E-03,+91.6675288E-03
+5.6668125E-03,+7.6322130E-03,-47.6523235E-03,+91.6666935E-03
+5.6671062E-03,+12.8739869E-03,-47.6523235E-03,+91.6539971E-03
+5.6674000E-03,+16.8464991E-03,-47.6306058E-03,+91.6610135E-03
+5.6676937E-03,+16.4251269E-03,-47.5520882E-03,+91.6539971E-03
+5.6679875E-03,+12.3336089E-03,-47.5387235E-03,+91.6588418E-03
+5.6682812E-03,+6.5291111E-03,-47.6523235E-03,+91.6439735E-03
+5.6685750E-03,+2.5847517E-03,-47.6306058E-03,+91.6496535E-03
+5.6688687E-03,+2.3770609E-03,-47.6172411E-03,+91.6496535E-03
+5.6691625E-03,+6.0481257E-03,-47.7308410E-03,+91.6518253E-03
+5.6694562E-03,+11.8349086E-03,-47.7091234E-03,+91.6488182E-03
+5.6697500E-03,+16.3230273E-03,-47.6523235E-03,+91.6326136E-03
+5.6700437E-03,+16.3826773E-03,-47.6523235E-03,+91.6496535E-03
+5.6703375E-03,+12.7256522E-03,-47.6740411E-03,+91.6561688E-03
+5.6706312E-03,+7.0611462E-03,-47.6874058E-03,+91.6710371E-03
+5.6709250E-03,+2.9720539E-03,-47.5738059E-03,+91.6653571E-03
+5.6712187E-03,+2.4515223E-03,-47.6389588E-03,+91.6610135E-03
+5.6715125E-03,+5.8587379E-03,-47.7659234E-03,+91.6518253E-03
+5.6718062E-03,+11.4029516E-03,-47.6957587E-03,+91.6509900E-03
+5.6721000E-03,+15.7768055E-03,-47.8093586E-03,+91.6382935E-03
+5.6723937E-03,+16.6138531E-03,-47.7224881E-03,+91.6539971E-03
+5.6726875E-03,+13.2037341E-03,-47.5604412E-03,+91.6588418E-03
+5.6729812E-03,+7.9413050E-03,-47.6874058E-03,+91.6418018E-03
+5.6732750E-03,+3.4473425E-03,-47.5955235E-03,+91.6439735E-03
+5.6735687E-03,+2.0280553E-03,-47.6740411E-03,+91.6518253E-03
+5.6738625E-03,+4.2346267E-03,-47.6874058E-03,+91.6575053E-03
+5.6741562E-03,+9.3783071E-03,-47.5086530E-03,+91.6575053E-03
+5.6744500E-03,+13.9156380E-03,-47.4251236E-03,+91.6575053E-03
+5.6747437E-03,+15.1910009E-03,-47.5654529E-03,+91.6596771E-03
+5.6750375E-03,+13.5064678E-03,-47.4468413E-03,+91.6631853E-03
+5.6753312E-03,+9.1971153E-03,-47.7091234E-03,+91.6596771E-03
+5.6756250E-03,+5.3802885E-03,-47.6306058E-03,+91.6588418E-03
+5.6759187E-03,+3.9971661E-03,-47.6389588E-03,+91.6483171E-03
+5.6762125E-03,+5.4459659E-03,-47.7442057E-03,+91.6566700E-03
+5.6765062E-03,+9.8106316E-03,-47.5303706E-03,+91.6404653E-03
+5.6768000E-03,+14.2945238E-03,-47.4819236E-03,+91.6531618E-03
+5.6770937E-03,+16.0548781E-03,-47.6306058E-03,+91.6396300E-03
+5.6773875E-03,+13.2652217E-03,-47.6172411E-03,+91.6426371E-03
+5.6776812E-03,+9.0032069E-03,-47.6656881E-03,+91.6610135E-03
+5.6779750E-03,+4.7471461E-03,-47.4735706E-03,+91.6518253E-03
+5.6782687E-03,+3.2775808E-03,-47.4384883E-03,+91.6553335E-03
+5.6785625E-03,+5.4383213E-03,-47.4735706E-03,+91.6518253E-03
+5.6788562E-03,+10.1583509E-03,-47.5036412E-03,+91.6553335E-03
+5.6791500E-03,+14.9156480E-03,-47.7308410E-03,+91.6453100E-03
+5.6794437E-03,+17.0696628E-03,-47.6439705E-03,+91.6404653E-03
+5.6797375E-03,+14.6707634E-03,-47.5470765E-03,+91.6553335E-03
+5.6800312E-03,+9.5059133E-03,-47.8444410E-03,+91.6518253E-03
+5.6803250E-03,+4.3764194E-03,-47.6874058E-03,+91.6575053E-03
+5.6806187E-03,+2.4297279E-03,-47.5303706E-03,+91.6509900E-03
+5.6809125E-03,+3.7839624E-03,-47.4384883E-03,+91.6448088E-03
+5.6812062E-03,+8.2814164E-03,-47.4518530E-03,+91.6688653E-03
+5.6815000E-03,+13.6489589E-03,-47.3599707E-03,+91.6553335E-03
+5.6817937E-03,+16.5220811E-03,-47.5036412E-03,+91.6539971E-03
+5.6820875E-03,+15.3829246E-03,-47.7308410E-03,+91.6653571E-03
+5.6823812E-03,+10.7240151E-03,-47.6222529E-03,+91.6631853E-03
+5.6826750E-03,+5.3003142E-03,-47.4034060E-03,+91.6553335E-03
+5.6829687E-03,+2.5913304E-03,-47.6172411E-03,+91.6496535E-03
+5.6832625E-03,+3.3037856E-03,-47.7525587E-03,+91.6474818E-03
+5.6835562E-03,+7.1049557E-03,-47.6790528E-03,+91.6461453E-03
+5.6838500E-03,+12.4737477E-03,-47.3816884E-03,+91.6553335E-03
+5.6841437E-03,+16.0725930E-03,-47.5604412E-03,+91.6431383E-03
+5.6844375E-03,+15.3537060E-03,-47.7308410E-03,+91.6369571E-03
+5.6847312E-03,+11.0499399E-03,-47.7091234E-03,+91.6566700E-03
+5.6850250E-03,+5.8341135E-03,-47.6088882E-03,+91.6404653E-03
+5.6853187E-03,+2.3184033E-03,-47.4735706E-03,+91.6575053E-03
+5.6856125E-03,+2.4135933E-03,-47.4602059E-03,+91.6466465E-03
+5.6859062E-03,+6.5559039E-03,-47.6389588E-03,+91.6312771E-03
+5.6862000E-03,+11.6456311E-03,-47.7876410E-03,+91.6631853E-03
+5.6864937E-03,+15.9741687E-03,-47.7308410E-03,+91.6531618E-03
+5.6867875E-03,+15.9927289E-03,-47.6874058E-03,+91.6504888E-03
+5.6870812E-03,+12.7018363E-03,-47.6172411E-03,+91.6710371E-03
+5.6873750E-03,+7.1729118E-03,-47.7742763E-03,+91.6610135E-03
+5.6876687E-03,+3.2211651E-03,-47.8444410E-03,+91.6539971E-03
+5.6879625E-03,+2.8948727E-03,-47.6874058E-03,+91.6610135E-03
+5.6882562E-03,+5.8506155E-03,-47.5520882E-03,+91.6518253E-03
+5.6885500E-03,+11.1698279E-03,-47.5387235E-03,+91.6596771E-03
+5.6888437E-03,+16.1729652E-03,-47.6306058E-03,+91.6653571E-03
+5.6891375E-03,+17.1552603E-03,-47.5955235E-03,+91.6588418E-03
+5.6894312E-03,+13.5254323E-03,-47.6306058E-03,+91.6461453E-03
+5.6897250E-03,+8.2634075E-03,-47.6389588E-03,+91.6596771E-03
+5.6900187E-03,+4.0363447E-03,-47.6573352E-03,+91.6631853E-03
+5.6903125E-03,+3.2306841E-03,-47.3683237E-03,+91.6596771E-03
+5.6906062E-03,+5.3048715E-03,-47.6740411E-03,+91.6653571E-03
+5.6909000E-03,+10.4321234E-03,-47.6874058E-03,+91.6631853E-03
+5.6911937E-03,+16.1182768E-03,-47.5086530E-03,+91.6531618E-03
+5.6914875E-03,+17.2935983E-03,-47.4034060E-03,+91.6396300E-03
+5.6917812E-03,+14.1328110E-03,-47.5738059E-03,+91.6426371E-03
+5.6920750E-03,+10.1393130E-03,-47.5738059E-03,+91.6653571E-03
+5.6923687E-03,+4.8208724E-03,-47.5303706E-03,+91.6653571E-03
+5.6926625E-03,+2.3377721E-03,-47.4819236E-03,+91.6631853E-03
+5.6929562E-03,+3.9595311E-03,-47.7391940E-03,+91.6575053E-03
+5.6932500E-03,+8.6951807E-03,-47.8795233E-03,+91.6553335E-03
+5.6935437E-03,+14.3939404E-03,-47.5654529E-03,+91.6518253E-03
+5.6938375E-03,+17.3725435E-03,-47.4468413E-03,+91.6575053E-03
+5.6941312E-03,+14.7150506E-03,-47.7308410E-03,+91.6509900E-03
+5.6944250E-03,+9.7272025E-03,-47.7308410E-03,+91.6361218E-03
+5.6947187E-03,+3.9874633E-03,-47.8177116E-03,+91.6439735E-03
+5.6950125E-03,+1.0618579E-03,-47.9797585E-03,+91.6496535E-03
+5.6953062E-03,+2.5471534E-03,-47.7442057E-03,+91.6561688E-03
+5.6956000E-03,+7.3770007E-03,-47.6389588E-03,+91.6645218E-03
+5.6958937E-03,+12.7629564E-03,-47.7224881E-03,+91.6483171E-03
+5.6961875E-03,+15.2721880E-03,-47.5170059E-03,+91.6588418E-03
+5.6964812E-03,+14.8869808E-03,-47.5738059E-03,+91.6439735E-03
+5.6967750E-03,+10.7613928E-03,-47.5520882E-03,+91.6518253E-03
+5.6970687E-03,+5.9176161E-03,-47.5821588E-03,+91.6575053E-03
+5.6973625E-03,+2.7895756E-03,-47.7442057E-03,+91.6553335E-03
+5.6976562E-03,+4.1765203E-03,-47.5955235E-03,+91.6496535E-03
+5.6979500E-03,+8.8108421E-03,-47.6523235E-03,+91.6518253E-03
+5.6982437E-03,+14.2895989E-03,-47.6957587E-03,+91.6531618E-03
+5.6985375E-03,+17.9346793E-03,-47.7659234E-03,+91.6439735E-03
+5.6988312E-03,+16.7109543E-03,-47.6523235E-03,+91.6496535E-03
+5.6991250E-03,+11.7031127E-03,-47.6523235E-03,+91.6496535E-03
+5.6994187E-03,+6.6235293E-03,-47.6740411E-03,+91.6474818E-03
+5.6997125E-03,+3.3352829E-03,-47.7308410E-03,+91.6418018E-03
+5.7000062E-03,+3.7647407E-03,-47.7308410E-03,+91.6439735E-03
+5.7003000E-03,+7.1829454E-03,-47.7091234E-03,+91.6496535E-03
+5.7005937E-03,+12.8306185E-03,-47.6523235E-03,+91.6496535E-03
+5.7008875E-03,+16.3891091E-03,-47.6740411E-03,+91.6518253E-03
+5.7011812E-03,+16.4889667E-03,-47.7308410E-03,+91.6488182E-03
+5.7014750E-03,+12.0033105E-03,-47.7525587E-03,+91.6282700E-03
+5.7017687E-03,+7.0593821E-03,-47.7876410E-03,+91.6382935E-03
+5.7020625E-03,+3.6083570E-03,-47.8177116E-03,+91.6496535E-03
+5.7023562E-03,+3.2706713E-03,-48.0014761E-03,+91.6561688E-03
+5.7026500E-03,+5.9786994E-03,-47.7358528E-03,+91.6666935E-03
+5.7029437E-03,+11.2101458E-03,-47.4034060E-03,+91.6496535E-03
+5.7032375E-03,+15.5770902E-03,-47.6172411E-03,+91.6496535E-03
+5.7035312E-03,+15.3140496E-03,-47.6656881E-03,+91.6496535E-03
+5.7038250E-03,+11.9461229E-03,-47.5387235E-03,+91.6518253E-03
+5.7041187E-03,+7.1142542E-03,-47.6088882E-03,+91.6531618E-03
+5.7044125E-03,+3.8394226E-03,-47.5821588E-03,+91.6418018E-03
+5.7047062E-03,+3.0896999E-03,-47.7007705E-03,+91.6504888E-03
+5.7050000E-03,+5.5841936E-03,-47.4384883E-03,+91.6732088E-03
+5.7052937E-03,+10.9293535E-03,-47.4952883E-03,+91.6666935E-03
+5.7055875E-03,+15.6943687E-03,-47.4518530E-03,+91.6561688E-03
+5.7058812E-03,+15.2625588E-03,-47.3816884E-03,+91.6732088E-03
+5.7061750E-03,+12.4206765E-03,-47.5604412E-03,+91.6623500E-03
+5.7064687E-03,+8.4720906E-03,-47.7525587E-03,+91.6426371E-03
+5.7067625E-03,+4.1437735E-03,-47.7442057E-03,+91.6610135E-03
+5.7070562E-03,+3.3204715E-03,-47.5955235E-03,+91.6539971E-03
+5.7073500E-03,+5.5394653E-03,-47.6957587E-03,+91.6610135E-03
+5.7076437E-03,+10.6985085E-03,-47.7659234E-03,+91.6539971E-03
+5.7079375E-03,+15.5327294E-03,-47.7174763E-03,+91.6566700E-03
+5.7082312E-03,+16.6570378E-03,-47.7575704E-03,+91.6361218E-03
+5.7085250E-03,+13.6786920E-03,-47.4384883E-03,+91.6504888E-03
+5.7088187E-03,+8.9941657E-03,-47.5604412E-03,+91.6645218E-03
+5.7091125E-03,+4.5877487E-03,-47.7091234E-03,+91.6461453E-03
+5.7094062E-03,+2.8542240E-03,-47.6740411E-03,+91.6553335E-03
+5.7097000E-03,+4.5127727E-03,-47.7091234E-03,+91.6496535E-03
+5.7099937E-03,+9.0313964E-03,-47.6957587E-03,+91.6518253E-03
+5.7102875E-03,+14.2232966E-03,-47.7224881E-03,+91.6531618E-03
+5.7105812E-03,+16.7894586E-03,-47.5604412E-03,+91.6504888E-03
+5.7108750E-03,+14.4754952E-03,-47.7308410E-03,+91.6645218E-03
+5.7111687E-03,+9.1614282E-03,-47.7308410E-03,+91.6483171E-03
+5.7114625E-03,+4.3402913E-03,-47.7091234E-03,+91.6610135E-03
+5.7117562E-03,+1.9877006E-03,-47.6523235E-03,+91.6518253E-03
+5.7120500E-03,+3.8883040E-03,-47.5871706E-03,+91.6553335E-03
+5.7123437E-03,+8.2947577E-03,-47.4384883E-03,+91.6539971E-03
+5.7126375E-03,+14.2352781E-03,-47.5821588E-03,+91.6631853E-03
+5.7129312E-03,+16.4523608E-03,-47.7876410E-03,+91.6553335E-03
+5.7132250E-03,+15.6855481E-03,-47.7091234E-03,+91.6496535E-03
+5.7135187E-03,+11.2942365E-03,-47.5654529E-03,+91.6518253E-03
+5.7138125E-03,+6.3260880E-03,-47.4251236E-03,+91.6466465E-03
+5.7141062E-03,+2.4096975E-03,-47.6088882E-03,+91.6291053E-03
+5.7144000E-03,+2.4422974E-03,-47.5604412E-03,+91.6553335E-03
+5.7146937E-03,+7.1600850E-03,-47.7308410E-03,+91.6496535E-03
+5.7149875E-03,+12.8438863E-03,-47.7308410E-03,+91.6539971E-03
+5.7152812E-03,+16.8382664E-03,-47.7091234E-03,+91.6653571E-03
+5.7155750E-03,+15.7937119E-03,-47.6523235E-03,+91.6631853E-03
+5.7158687E-03,+12.0713033E-03,-47.5871706E-03,+91.6575053E-03
+5.7161625E-03,+6.9654784E-03,-47.5253588E-03,+91.6509900E-03
+5.7164562E-03,+3.1625442E-03,-47.7876410E-03,+91.6382935E-03
+5.7167500E-03,+3.1372949E-03,-47.7091234E-03,+91.6496535E-03
+5.7170437E-03,+6.1125535E-03,-47.6957587E-03,+91.6496535E-03
+5.7173375E-03,+12.3502212E-03,-47.7007705E-03,+91.6496535E-03
+5.7176312E-03,+16.3973417E-03,-47.3950531E-03,+91.6496535E-03
+5.7179250E-03,+16.2777477E-03,-47.3599707E-03,+91.6453100E-03
+5.7182187E-03,+12.4546730E-03,-47.4819236E-03,+91.6426371E-03
+5.7185125E-03,+7.7079975E-03,-47.6523235E-03,+91.6588418E-03
+5.7188062E-03,+3.2801903E-03,-47.6523235E-03,+91.6461453E-03
+5.7191000E-03,+2.4185917E-03,-47.6740411E-03,+91.6575053E-03
+5.7193937E-03,+5.0610159E-03,-47.7091234E-03,+91.6553335E-03
+5.7196875E-03,+10.7438248E-03,-47.6523235E-03,+91.6561688E-03
+5.7199812E-03,+15.4814224E-03,-47.6523235E-03,+91.6732088E-03
+5.7202750E-03,+16.0987978E-03,-47.6306058E-03,+91.6645218E-03
+5.7205687E-03,+12.8148148E-03,-47.5955235E-03,+91.6439735E-03
+5.7208625E-03,+8.2905312E-03,-47.6523235E-03,+91.6583406E-03
+5.7211562E-03,+3.9096942E-03,-47.6957587E-03,+91.6702018E-03
+5.7214500E-03,+2.3682402E-03,-47.8310763E-03,+91.6439735E-03
+5.7217437E-03,+5.3503348E-03,-47.8444410E-03,+91.6518253E-03
+5.7220375E-03,+10.3917319E-03,-47.7091234E-03,+91.6553335E-03
+5.7223312E-03,+15.4799155E-03,-47.6088882E-03,+91.6518253E-03
+5.7226250E-03,+16.5818413E-03,-47.5387235E-03,+91.6575053E-03
+5.7229187E-03,+13.8600676E-03,-47.6957587E-03,+91.6596771E-03
+5.7232125E-03,+8.5500435E-03,-47.7659234E-03,+91.6610135E-03
+5.7235062E-03,+4.3067727E-03,-47.6306058E-03,+91.6518253E-03
+5.7238000E-03,+2.9167407E-03,-47.5303706E-03,+91.6531618E-03
+5.7240937E-03,+4.8824335E-03,-47.3950531E-03,+91.6439735E-03
+5.7243875E-03,+9.6244046E-03,-47.4468413E-03,+91.6474818E-03
+5.7246812E-03,+13.8856476E-03,-47.6874058E-03,+91.6483171E-03
+5.7249750E-03,+15.3208121E-03,-47.6389588E-03,+91.6610135E-03
+5.7252687E-03,+13.4273021E-03,-47.7659234E-03,+91.6474818E-03
+5.7255625E-03,+9.2961276E-03,-47.6740411E-03,+91.6418018E-03
+5.7258562E-03,+4.9056614E-03,-47.6874058E-03,+91.6418018E-03
+5.7261500E-03,+2.2028154E-03,-47.5738059E-03,+91.6461453E-03
+5.7264437E-03,+4.3033546E-03,-47.5086530E-03,+91.6531618E-03
+5.7267375E-03,+9.4411178E-03,-47.4468413E-03,+91.6483171E-03
+5.7270312E-03,+15.3252225E-03,-47.6874058E-03,+91.6610135E-03
+5.7273250E-03,+17.0368057E-03,-47.5520882E-03,+91.6474818E-03
+5.7276187E-03,+14.7096847E-03,-47.4952883E-03,+91.6461453E-03
+5.7279125E-03,+10.2647506E-03,-47.4952883E-03,+91.6596771E-03
+5.7282062E-03,+5.5187000E-03,-47.5604412E-03,+91.6631853E-03
+5.7285000E-03,+2.5595024E-03,-47.7308410E-03,+91.6596771E-03
+5.7287937E-03,+3.8930083E-03,-47.6874058E-03,+91.6653571E-03
+5.7290875E-03,+8.7033031E-03,-47.5738059E-03,+91.6631853E-03
+5.7293812E-03,+13.6338167E-03,-47.5738059E-03,+91.6553335E-03
+5.7296750E-03,+16.1534126E-03,-47.5086530E-03,+91.6561688E-03
+5.7299687E-03,+14.8941843E-03,-47.3816884E-03,+91.6645218E-03
+5.7302625E-03,+11.0263078E-03,-47.5170059E-03,+91.6483171E-03
+5.7305562E-03,+5.5271531E-03,-47.6389588E-03,+91.6610135E-03
+5.7308500E-03,+2.5871406E-03,-47.7007705E-03,+91.6518253E-03
+5.7311437E-03,+3.0032571E-03,-47.4384883E-03,+91.6553335E-03
+5.7314375E-03,+7.4180170E-03,-47.5387235E-03,+91.6518253E-03
+5.7317312E-03,+13.1453704E-03,-47.6088882E-03,+91.6553335E-03
+5.7320250E-03,+16.6943788E-03,-47.5821588E-03,+91.6561688E-03
+5.7323187E-03,+15.2803472E-03,-47.7224881E-03,+91.6710371E-03
+5.7326125E-03,+11.0293583E-03,-47.5170059E-03,+91.6653571E-03
+5.7329062E-03,+6.1231751E-03,-47.6606764E-03,+91.6631853E-03
+5.7332000E-03,+2.6168002E-03,-47.8010057E-03,+91.6553335E-03
+5.7334937E-03,+2.7428627E-03,-47.5955235E-03,+91.6518253E-03
+5.7337875E-03,+5.9752446E-03,-47.6088882E-03,+91.6531618E-03
+5.7340812E-03,+11.8321154E-03,-47.5387235E-03,+91.6439735E-03
+5.7343750E-03,+15.9038604E-03,-47.6740411E-03,+91.6474818E-03
+5.7346687E-03,+15.6269272E-03,-47.6874058E-03,+91.6396300E-03
+5.7349625E-03,+12.0860413E-03,-47.6389588E-03,+91.6382935E-03
+5.7352562E-03,+7.5341195E-03,-47.8527939E-03,+91.6474818E-03
+5.7355500E-03,+2.7516466E-03,-47.9012409E-03,+91.6439735E-03
+5.7358437E-03,+2.0171764E-03,-47.7308410E-03,+91.6496535E-03
+5.7361375E-03,+5.6027539E-03,-47.6874058E-03,+91.6518253E-03
+5.7364312E-03,+12.1919631E-03,-47.5520882E-03,+91.6596771E-03
+5.7367250E-03,+17.5088233E-03,-47.4952883E-03,+91.6588418E-03
+5.7370187E-03,+17.7009676E-03,-47.4952883E-03,+91.6504888E-03
+5.7373125E-03,+14.0428031E-03,-47.4735706E-03,+91.6753806E-03
+5.7376062E-03,+8.9178299E-03,-47.4602059E-03,+91.6723735E-03
+5.7379000E-03,+3.5158132E-03,-47.7041116E-03,+91.6518253E-03
+5.7381937E-03,+1.7721815E-03,-47.9797585E-03,+91.6575053E-03
+5.7384875E-03,+4.2218734E-03,-47.8093586E-03,+91.6596771E-03
+5.7387812E-03,+10.4871793E-03,-47.7007705E-03,+91.6653571E-03
+5.7390750E-03,+15.4559893E-03,-47.4819236E-03,+91.6653571E-03
+5.7393687E-03,+17.1109730E-03,-47.5871706E-03,+91.6675288E-03
+5.7396625E-03,+14.4342951E-03,-47.5905117E-03,+91.6688653E-03
+5.7399562E-03,+9.1208162E-03,-47.9146056E-03,+91.6575053E-03
+5.7402500E-03,+4.2478945E-03,-47.5086530E-03,+91.6575053E-03
+5.7405437E-03,+1.7746439E-03,-47.3599707E-03,+91.6531618E-03
+5.7408375E-03,+4.0331472E-03,-47.4384883E-03,+91.6461453E-03
+5.7411312E-03,+9.8378655E-03,-47.5170059E-03,+91.6618488E-03
+5.7414250E-03,+15.1431118E-03,-47.5520882E-03,+91.6666935E-03
+5.7417187E-03,+17.0419143E-03,-47.4952883E-03,+91.6474818E-03
+5.7420125E-03,+14.7182849E-03,-47.5170059E-03,+91.6461453E-03
+5.7423062E-03,+10.0587506E-03,-47.5738059E-03,+91.6618488E-03
+5.7426000E-03,+4.4100116E-03,-47.5955235E-03,+91.6666935E-03
+5.7428937E-03,+1.8060677E-03,-47.6088882E-03,+91.6496535E-03
+5.7431875E-03,+3.0269259E-03,-47.5387235E-03,+91.6539971E-03
+5.7434812E-03,+8.4202689E-03,-47.6306058E-03,+91.6653571E-03
+5.7437750E-03,+13.7147833E-03,-47.5738059E-03,+91.6566700E-03
+5.7440687E-03,+16.4768383E-03,-47.5738059E-03,+91.6469806E-03
+5.7443625E-03,+15.0706718E-03,-47.6172411E-03,+91.6745453E-03
+5.7446562E-03,+10.2002125E-03,-47.6656881E-03,+91.6596771E-03
+5.7449500E-03,+4.4840320E-03,-47.6038764E-03,+91.6675288E-03
+5.7452437E-03,+772.4655E-06,-47.8661586E-03,+91.6645218E-03
+5.7455375E-03,+2.9643357E-03,-47.7442057E-03,+91.6418018E-03
+5.7458312E-03,+8.0675512E-03,-47.4869353E-03,+91.6570041E-03
+5.7461250E-03,+13.4434733E-03,-47.3248884E-03,+91.6815618E-03
+5.7464187E-03,+15.6372180E-03,-47.4735706E-03,+91.6439735E-03
+5.7467125E-03,+15.4389360E-03,-47.4602059E-03,+91.6474818E-03
+5.7470062E-03,+11.4395575E-03,-47.5955235E-03,+91.6461453E-03
+5.7473000E-03,+6.3860687E-03,-47.6523235E-03,+91.6553335E-03
+5.7475937E-03,+2.4785725E-03,-47.6088882E-03,+91.6518253E-03
+5.7478875E-03,+3.0052050E-03,-47.5387235E-03,+91.6575053E-03
+5.7481812E-03,+7.6616520E-03,-47.6957587E-03,+91.6531618E-03
+5.7484750E-03,+12.7699394E-03,-47.7659234E-03,+91.6461453E-03
+5.7487687E-03,+16.1562426E-03,-47.6088882E-03,+91.6596771E-03
+5.7490625E-03,+16.1054501E-03,-47.4952883E-03,+91.6631853E-03
+5.7493562E-03,+12.2284588E-03,-47.5387235E-03,+91.6553335E-03
+5.7496500E-03,+6.4686158E-03,-47.5871706E-03,+91.6539971E-03
+5.7499437E-03,+2.9569852E-03,-47.5253588E-03,+91.6610135E-03
+5.7502375E-03,+3.4273489E-03,-47.7659234E-03,+91.6474818E-03
+5.7505312E-03,+8.2114756E-03,-47.5871706E-03,+91.6504888E-03
+5.7508250E-03,+13.6282670E-03,-47.4602059E-03,+91.6710371E-03
+5.7511187E-03,+16.3765396E-03,-47.5086530E-03,+91.6653571E-03
+5.7514125E-03,+16.5200597E-03,-47.4034060E-03,+91.6588418E-03
+5.7517062E-03,+12.2770461E-03,-47.5955235E-03,+91.6461453E-03
+5.7520000E-03,+7.4784756E-03,-47.6306058E-03,+91.6553335E-03
+5.7522937E-03,+3.1825010E-03,-47.5520882E-03,+91.6518253E-03
+5.7525875E-03,+1.9068809E-03,-47.4952883E-03,+91.6596771E-03
+5.7528812E-03,+5.0771504E-03,-47.4952883E-03,+91.6631853E-03
+5.7531750E-03,+10.8662856E-03,-47.5604412E-03,+91.6575053E-03
+5.7534687E-03,+14.4668214E-03,-47.6656881E-03,+91.6575053E-03
+5.7537625E-03,+15.7772098E-03,-47.4952883E-03,+91.6596771E-03
+5.7540562E-03,+13.2363707E-03,-47.5170059E-03,+91.6588418E-03
+5.7543500E-03,+7.6294565E-03,-47.5738059E-03,+91.6461453E-03
+5.7546437E-03,+3.5275741E-03,-47.5086530E-03,+91.6531618E-03
+5.7549375E-03,+3.1391326E-03,-47.4251236E-03,+91.6461453E-03
+5.7552312E-03,+5.3885211E-03,-47.6740411E-03,+91.6531618E-03
+5.7555250E-03,+10.0322884E-03,-47.6874058E-03,+91.6504888E-03
+5.7558187E-03,+14.9675799E-03,-47.5086530E-03,+91.6645218E-03
+5.7561125E-03,+16.8960788E-03,-47.3599707E-03,+91.6504888E-03
+5.7564062E-03,+14.3158037E-03,-47.3299002E-03,+91.6710371E-03
+5.7567000E-03,+8.4888499E-03,-47.2330061E-03,+91.6610135E-03
+5.7569937E-03,+3.3341068E-03,-47.6606764E-03,+91.6518253E-03
+5.7572875E-03,+1.9825184E-03,-47.8010057E-03,+91.6575053E-03
+5.7575812E-03,+4.1521899E-03,-47.5303706E-03,+91.6575053E-03
+5.7578750E-03,+9.1825611E-03,-47.3950531E-03,+91.6596771E-03
+5.7581687E-03,+14.1457847E-03,-47.2948178E-03,+91.6588418E-03
+5.7584625E-03,+15.9275660E-03,-47.3115237E-03,+91.6461453E-03
+5.7587562E-03,+13.7569389E-03,-47.6088882E-03,+91.6575053E-03
+5.7590500E-03,+9.2550379E-03,-47.5821588E-03,+91.6553335E-03
+5.7593437E-03,+4.4941023E-03,-47.7224881E-03,+91.6539971E-03
+5.7596375E-03,+2.0553627E-03,-47.5170059E-03,+91.6631853E-03
+5.7599312E-03,+3.8263386E-03,-47.5303706E-03,+91.6596771E-03
+5.7602250E-03,+8.7379979E-03,-47.4167707E-03,+91.6631853E-03
+5.7605187E-03,+14.2068681E-03,-47.4384883E-03,+91.6553335E-03
+5.7608125E-03,+16.7080876E-03,-47.4301354E-03,+91.6518253E-03
+5.7611062E-03,+15.6991466E-03,-47.3031708E-03,+91.6596771E-03
+5.7614000E-03,+11.4971861E-03,-47.4167707E-03,+91.6653571E-03
+5.7616937E-03,+6.3726907E-03,-47.4167707E-03,+91.6631853E-03
+5.7619875E-03,+2.6082735E-03,-47.4384883E-03,+91.6596771E-03
+5.7622812E-03,+2.8810904E-03,-47.5821588E-03,+91.6588418E-03
+5.7625750E-03,+7.6553673E-03,-47.7224881E-03,+91.6418018E-03
+5.7628687E-03,+13.8634489E-03,-47.5387235E-03,+91.6461453E-03
+5.7631625E-03,+16.8266893E-03,-47.6306058E-03,+91.6596771E-03
+5.7634562E-03,+15.3045306E-03,-47.5955235E-03,+91.6631853E-03
+5.7637500E-03,+11.5660243E-03,-47.6306058E-03,+91.6531618E-03
+5.7640437E-03,+5.1454741E-03,-47.5520882E-03,+91.6374583E-03
+5.7643375E-03,+1.3219951E-03,-47.5387235E-03,+91.6326136E-03
+5.7646312E-03,+1.3090948E-03,-47.6523235E-03,+91.6496535E-03
+5.7649250E-03,+5.2475737E-03,-47.5654529E-03,+91.6496535E-03
+5.7652187E-03,+12.3937734E-03,-47.3599707E-03,+91.6496535E-03
+5.7655125E-03,+16.4470684E-03,-47.4167707E-03,+91.6453100E-03
+5.7658062E-03,+16.2520207E-03,-47.4384883E-03,+91.6382935E-03
+5.7661000E-03,+11.8970210E-03,-47.5387235E-03,+91.6496535E-03
+5.7663937E-03,+6.0869735E-03,-47.5654529E-03,+91.6496535E-03
+5.7666875E-03,+1.5829775E-03,-47.4034060E-03,+91.6539971E-03
+5.7669812E-03,+2.0089438E-03,-47.5520882E-03,+91.6653571E-03
+5.7672750E-03,+6.6090854E-03,-47.5604412E-03,+91.6588418E-03
+5.7675687E-03,+12.7191837E-03,-47.6222529E-03,+91.6461453E-03
+5.7678625E-03,+17.2210848E-03,-47.3816884E-03,+91.6596771E-03
+5.7681562E-03,+18.1313809E-03,-47.5387235E-03,+91.6653571E-03
+5.7684500E-03,+14.1419992E-03,-47.6523235E-03,+91.6610135E-03
+5.7687437E-03,+7.4642154E-03,-47.5871706E-03,+91.6453100E-03
+5.7690375E-03,+2.2687501E-03,-47.3950531E-03,+91.6361218E-03
+5.7693312E-03,+1.0495457E-03,-47.4468413E-03,+91.6461453E-03
+5.7696250E-03,+4.5193515E-03,-47.6874058E-03,+91.6531618E-03
+5.7699187E-03,+10.3674015E-03,-47.6172411E-03,+91.6439735E-03
+5.7702125E-03,+15.2426387E-03,-47.6222529E-03,+91.6518253E-03
+5.7705062E-03,+15.7463006E-03,-47.3816884E-03,+91.6553335E-03
+5.7708000E-03,+13.4214951E-03,-47.4735706E-03,+91.6539971E-03
+5.7710937E-03,+7.6011200E-03,-47.4602059E-03,+91.6610135E-03
+5.7713875E-03,+2.9529056E-03,-47.6172411E-03,+91.6518253E-03
+5.7716812E-03,+2.1186512E-03,-47.6874058E-03,+91.6596771E-03
+5.7719750E-03,+5.0407651E-03,-47.5738059E-03,+91.6610135E-03
+5.7722687E-03,+11.6539005E-03,-47.5303706E-03,+91.6474818E-03
+5.7725625E-03,+16.2206337E-03,-47.3950531E-03,+91.6483171E-03
+5.7728562E-03,+18.2194041E-03,-47.3599707E-03,+91.6566700E-03
+5.7731500E-03,+15.8197697E-03,-47.3950531E-03,+91.6404653E-03
+5.7734437E-03,+9.5696796E-03,-47.4034060E-03,+91.6531618E-03
+5.7737375E-03,+4.2903074E-03,-47.5955235E-03,+91.6439735E-03
+5.7740312E-03,+2.0044232E-03,-47.6088882E-03,+91.6583406E-03
+5.7743250E-03,+4.5588976E-03,-47.4518530E-03,+91.6745453E-03
+5.7746187E-03,+10.4588428E-03,-47.4034060E-03,+91.6575053E-03
+5.7749125E-03,+15.8887549E-03,-47.5738059E-03,+91.6575053E-03
+5.7752062E-03,+16.9389694E-03,-47.5086530E-03,+91.6575053E-03
+5.7755000E-03,+14.3934994E-03,-47.3165355E-03,+91.6596771E-03
+5.7757937E-03,+8.8465292E-03,-47.3031708E-03,+91.6566700E-03
+5.7760875E-03,+4.0816611E-03,-47.4167707E-03,+91.6426371E-03
+5.7763812E-03,+2.3027465E-03,-47.5253588E-03,+91.6631853E-03
+5.7766750E-03,+3.8897006E-03,-47.7224881E-03,+91.6531618E-03
+5.7769687E-03,+8.2272794E-03,-47.4735706E-03,+91.6418018E-03
+5.7772625E-03,+13.9904669E-03,-47.4167707E-03,+91.6483171E-03
+5.7775562E-03,+16.4382477E-03,-47.4167707E-03,+91.6610135E-03
+5.7778500E-03,+14.9380673E-03,-47.4819236E-03,+91.6518253E-03
+5.7781437E-03,+10.4592838E-03,-47.6306058E-03,+91.6553335E-03
+5.7784375E-03,+4.2593614E-03,-47.6389588E-03,+91.6474818E-03
+5.7787312E-03,+1.5092144E-03,-47.7876410E-03,+91.6439735E-03
+5.7790250E-03,+2.1385345E-03,-47.6874058E-03,+91.6518253E-03
+5.7793187E-03,+7.3392187E-03,-47.5955235E-03,+91.6596771E-03
+5.7796125E-03,+13.2080709E-03,-47.5871706E-03,+91.6631853E-03
+5.7799062E-03,+17.1573920E-03,-47.4602059E-03,+91.6575053E-03
+5.7802000E-03,+15.6349761E-03,-47.5520882E-03,+91.6531618E-03
+5.7804937E-03,+11.5143865E-03,-47.5170059E-03,+91.6483171E-03
+5.7807875E-03,+5.8949395E-03,-47.5738059E-03,+91.6610135E-03
+5.7810812E-03,+2.6103684E-03,-47.5086530E-03,+91.6474818E-03
+5.7813750E-03,+2.9131757E-03,-47.4034060E-03,+91.6439735E-03
+5.7816687E-03,+7.5968934E-03,-47.4652177E-03,+91.6518253E-03
+5.7819625E-03,+14.1373683E-03,-47.2680884E-03,+91.6553335E-03
+5.7822562E-03,+17.3693460E-03,-47.5387235E-03,+91.6518253E-03
+5.7825500E-03,+17.0237216E-03,-47.6523235E-03,+91.6531618E-03
+5.7828437E-03,+12.9366139E-03,-47.5437353E-03,+91.6461453E-03
+5.7831375E-03,+6.7770462E-03,-47.3466060E-03,+91.6553335E-03
+5.7834312E-03,+2.2621346E-03,-47.5303706E-03,+91.6496535E-03
+5.7837250E-03,+1.3752500E-03,-47.4819236E-03,+91.6518253E-03
+5.7840187E-03,+4.9696114E-03,-47.6088882E-03,+91.6553335E-03
+5.7843125E-03,+12.0322350E-03,-47.4952883E-03,+91.6518253E-03
+5.7846062E-03,+16.8272773E-03,-47.5604412E-03,+91.6531618E-03
+5.7849000E-03,+16.9048627E-03,-47.6005353E-03,+91.6461453E-03
+5.7851937E-03,+13.6750535E-03,-47.3031708E-03,+91.6575053E-03
+5.7854875E-03,+8.0761882E-03,-47.4602059E-03,+91.6575053E-03
+5.7857812E-03,+2.7295949E-03,-47.6172411E-03,+91.6575053E-03
+5.7860750E-03,+1.1766005E-03,-47.7091234E-03,+91.6553335E-03
+5.7863687E-03,+4.8052891E-03,-47.7174763E-03,+91.6518253E-03
+5.7866625E-03,+11.4612785E-03,-47.7358528E-03,+91.6531618E-03
+5.7869562E-03,+15.9917733E-03,-47.4468413E-03,+91.6396300E-03
+5.7872500E-03,+16.6869547E-03,-47.7091234E-03,+91.6382935E-03
+5.7875437E-03,+13.8588180E-03,-47.5437353E-03,+91.6518253E-03
+5.7878375E-03,+9.3573580E-03,-47.3248884E-03,+91.6553335E-03
+5.7881312E-03,+4.0710027E-03,-47.4518530E-03,+91.6496535E-03
+5.7884250E-03,+1.4135466E-03,-47.4034060E-03,+91.6496535E-03
+5.7887187E-03,+4.1831358E-03,-47.5303706E-03,+91.6496535E-03
+5.7890125E-03,+10.2718807E-03,-47.4602059E-03,+91.6453100E-03
+5.7893062E-03,+15.5559940E-03,-47.5520882E-03,+91.6382935E-03
+5.7896000E-03,+17.4771791E-03,-47.4735706E-03,+91.6474818E-03
+5.7898937E-03,+14.4039740E-03,-47.5036412E-03,+91.6461453E-03
+5.7901875E-03,+7.9991908E-03,-47.6874058E-03,+91.6553335E-03
+5.7904812E-03,+2.6715620E-03,-47.5303706E-03,+91.6539971E-03
+5.7907750E-03,+765.1884E-06,-47.5036412E-03,+91.6566700E-03
+5.7910687E-03,+3.9614790E-03,-47.7525587E-03,+91.6426371E-03
+5.7913625E-03,+10.1227374E-03,-47.7442057E-03,+91.6610135E-03
+5.7916562E-03,+15.9687292E-03,-47.5303706E-03,+91.6496535E-03
+5.7919500E-03,+17.9444924E-03,-47.4602059E-03,+91.6409665E-03
+5.7922437E-03,+15.1084538E-03,-47.5738059E-03,+91.6291053E-03
+5.7925375E-03,+9.3758814E-03,-47.4652177E-03,+91.6553335E-03
+5.7928312E-03,+3.7196449E-03,-47.3332413E-03,+91.6518253E-03
+5.7931250E-03,+948.5120E-06,-47.7091234E-03,+91.6553335E-03
+5.7934187E-03,+3.3608629E-03,-47.5220177E-03,+91.6496535E-03
+5.7937125E-03,+9.3104245E-03,-47.2463708E-03,+91.6496535E-03
+5.7940062E-03,+15.9280070E-03,-47.4384883E-03,+91.6518253E-03
+5.7943000E-03,+19.2320939E-03,-47.4952883E-03,+91.6618488E-03
+5.7945937E-03,+16.2995055E-03,-47.4084178E-03,+91.6688653E-03
+5.7948875E-03,+10.1235092E-03,-47.2898061E-03,+91.6553335E-03
+5.7951812E-03,+4.1577763E-03,-47.5520882E-03,+91.6474818E-03
+5.7954750E-03,+1.0446208E-03,-47.5604412E-03,+91.6461453E-03
+5.7957687E-03,+3.1173014E-03,-47.6439705E-03,+91.6596771E-03
+5.7960625E-03,+8.6967978E-03,-47.5253588E-03,+91.6610135E-03
+5.7963562E-03,+14.9637943E-03,-47.7442057E-03,+91.6474818E-03
+5.7966500E-03,+17.5000761E-03,-47.5955235E-03,+91.6483171E-03
+5.7969437E-03,+15.3292286E-03,-47.5871706E-03,+91.6610135E-03
+5.7972375E-03,+10.6750602E-03,-47.3733354E-03,+91.6518253E-03
+5.7975312E-03,+4.1835034E-03,-47.3466060E-03,+91.6509900E-03
+5.7978250E-03,+1.1916325E-03,-47.4217825E-03,+91.6361218E-03
+5.7981187E-03,+1.9594008E-03,-47.2630767E-03,+91.6439735E-03
+5.7984125E-03,+7.0350516E-03,-47.8227233E-03,+91.6474818E-03
+5.7987062E-03,+13.5392514E-03,-47.6306058E-03,+91.6396300E-03
+5.7990000E-03,+16.1333455E-03,-47.5955235E-03,+91.6382935E-03
+5.7992937E-03,+15.1967711E-03,-47.5871706E-03,+91.6496535E-03
+5.7995875E-03,+11.1416384E-03,-47.4167707E-03,+91.6561688E-03
+5.7998812E-03,+6.6756449E-03,-47.3516178E-03,+91.6623500E-03
+5.8001750E-03,+2.9576835E-03,-47.2246532E-03,+91.6339500E-03
+5.8004687E-03,+3.4512751E-03,-47.3599707E-03,+91.6361218E-03
+5.8007625E-03,+7.7741527E-03,-47.4167707E-03,+91.6504888E-03
+5.8010562E-03,+14.1370375E-03,-47.3733354E-03,+91.6645218E-03
+5.8013500E-03,+17.4246959E-03,-47.3466060E-03,+91.6461453E-03
+5.8016437E-03,+16.1849834E-03,-47.5086530E-03,+91.6553335E-03
+5.8019375E-03,+11.9036366E-03,-47.3599707E-03,+91.6496535E-03
+5.8022312E-03,+6.6718594E-03,-47.4384883E-03,+91.6496535E-03
+5.8025250E-03,+2.6100377E-03,-47.5170059E-03,+91.6453100E-03
+5.8028187E-03,+2.8635592E-03,-47.6172411E-03,+91.6426371E-03
+5.8031125E-03,+6.6958957E-03,-47.6874058E-03,+91.6631853E-03
+5.8034062E-03,+12.1635899E-03,-47.6172411E-03,+91.6575053E-03
+5.8037000E-03,+16.0149644E-03,-47.7525587E-03,+91.6531618E-03
+5.8039937E-03,+15.6479866E-03,-47.7224881E-03,+91.6439735E-03
+5.8042875E-03,+11.9675866E-03,-47.5387235E-03,+91.6496535E-03
+5.8045812E-03,+7.1975363E-03,-47.6740411E-03,+91.6496535E-03
+5.8048750E-03,+3.0435750E-03,-47.6874058E-03,+91.6453100E-03
+5.8051687E-03,+2.3339130E-03,-47.5738059E-03,+91.6339500E-03
+5.8054625E-03,+5.6425205E-03,-47.5303706E-03,+91.6382935E-03
+5.8057562E-03,+11.4078030E-03,-47.3950531E-03,+91.6474818E-03
+5.8060500E-03,+15.7862510E-03,-47.4034060E-03,+91.6461453E-03
+5.8063437E-03,+16.2785931E-03,-47.5086530E-03,+91.6553335E-03
+5.8066375E-03,+13.6760825E-03,-47.4468413E-03,+91.6539971E-03
+5.8069312E-03,+8.2201126E-03,-47.6656881E-03,+91.6631853E-03
+5.8072250E-03,+3.2943402E-03,-47.5387235E-03,+91.6553335E-03
+5.8075187E-03,+1.5495323E-03,-47.6306058E-03,+91.6431383E-03
+5.8078125E-03,+4.6204587E-03,-47.5738059E-03,+91.6239265E-03
+5.8081062E-03,+10.0612865E-03,-47.5955235E-03,+91.6247618E-03
+5.8084000E-03,+14.7810221E-03,-47.5871706E-03,+91.6461453E-03
+5.8086937E-03,+16.0531874E-03,-47.4167707E-03,+91.6596771E-03
+5.8089875E-03,+14.8396798E-03,-47.4384883E-03,+91.6610135E-03
+5.8092812E-03,+10.1928620E-03,-47.5170059E-03,+91.6496535E-03
+5.8095750E-03,+4.6070807E-03,-47.5520882E-03,+91.6453100E-03
+5.8098687E-03,+2.5442132E-03,-47.4735706E-03,+91.6382935E-03
+5.8101625E-03,+4.5586036E-03,-47.4384883E-03,+91.6496535E-03
+5.8104562E-03,+9.1334224E-03,-47.4518530E-03,+91.6474818E-03
+5.8107500E-03,+14.9797818E-03,-47.4034060E-03,+91.6418018E-03
+5.8110437E-03,+17.6574889E-03,-47.5303706E-03,+91.6461453E-03
+5.8113375E-03,+16.1264728E-03,-47.5036412E-03,+91.6575053E-03
+5.8116312E-03,+10.9253843E-03,-47.7525587E-03,+91.6596771E-03
+5.8119250E-03,+4.7476239E-03,-47.8093586E-03,+91.6610135E-03
+5.8122187E-03,+1.4742256E-03,-47.7442057E-03,+91.6474818E-03
+5.8125125E-03,+2.9392335E-03,-47.5955235E-03,+91.6461453E-03
+5.8128062E-03,+7.7694483E-03,-47.7391940E-03,+91.6488182E-03
+5.8131000E-03,+13.0239756E-03,-47.8578056E-03,+91.6326136E-03
+5.8133937E-03,+16.9252973E-03,-47.6172411E-03,+91.6518253E-03
+5.8136875E-03,+16.5735719E-03,-47.6874058E-03,+91.6553335E-03
+5.8139812E-03,+12.2610586E-03,-47.5520882E-03,+91.6474818E-03
+5.8142750E-03,+5.9340446E-03,-47.5604412E-03,+91.6461453E-03
+5.8145687E-03,+1.5712533E-03,-47.7091234E-03,+91.6531618E-03
+5.8148625E-03,+2.0458437E-03,-47.6523235E-03,+91.6418018E-03
+5.8151562E-03,+6.8626437E-03,-47.6306058E-03,+91.6461453E-03
+5.8154500E-03,+13.9286118E-03,-47.5520882E-03,+91.6553335E-03
+5.8157437E-03,+17.6195966E-03,-47.4735706E-03,+91.6496535E-03
+5.8160375E-03,+17.2188061E-03,-47.4167707E-03,+91.6496535E-03
+5.8163312E-03,+12.8367930E-03,-47.3733354E-03,+91.6474818E-03
+5.8166250E-03,+6.6723372E-03,-47.3466060E-03,+91.6483171E-03
+5.8169187E-03,+1.9832902E-03,-47.5520882E-03,+91.6566700E-03
+5.8172125E-03,+1.7674771E-03,-47.5387235E-03,+91.6361218E-03
+5.8175062E-03,+5.5925733E-03,-47.6740411E-03,+91.6396300E-03
+5.8178000E-03,+11.7918342E-03,-47.6439705E-03,+91.6469806E-03
+5.8180937E-03,+16.8901248E-03,-47.5253588E-03,+91.6723735E-03
+5.8183875E-03,+17.0873777E-03,-47.7442057E-03,+91.6453100E-03
+5.8186812E-03,+12.8971781E-03,-47.5738059E-03,+91.6426371E-03
+5.8189750E-03,+7.5910497E-03,-47.5520882E-03,+91.6566700E-03
+5.8192687E-03,+3.3495798E-03,-47.4952883E-03,+91.6382935E-03
+5.8195625E-03,+2.1945460E-03,-47.4518530E-03,+91.6496535E-03
+5.8198562E-03,+5.6973191E-03,-47.4034060E-03,+91.6583406E-03
+5.8201500E-03,+11.9321568E-03,-47.4652177E-03,+91.6767170E-03
+5.8204437E-03,+16.3045039E-03,-47.2680884E-03,+91.6631853E-03
+5.8207375E-03,+16.4996251E-03,-47.4952883E-03,+91.6553335E-03
+5.8210312E-03,+12.8078317E-03,-47.5170059E-03,+91.6496535E-03
+5.8213250E-03,+6.7376471E-03,-47.4869353E-03,+91.6453100E-03
+5.8216187E-03,+2.9403361E-03,-47.3031708E-03,+91.6361218E-03
+5.8219125E-03,+1.8472309E-03,-47.4602059E-03,+91.6439735E-03
+5.8222062E-03,+5.1015544E-03,-47.5303706E-03,+91.6474818E-03
+5.8225000E-03,+10.5772606E-03,-47.4167707E-03,+91.6396300E-03
+5.8227937E-03,+16.3820157E-03,-47.4384883E-03,+91.6339500E-03
+5.8230875E-03,+16.5654128E-03,-47.4301354E-03,+91.6404653E-03
+5.8233812E-03,+13.1096834E-03,-47.3248884E-03,+91.6531618E-03
+5.8236750E-03,+8.0926167E-03,-47.4518530E-03,+91.6418018E-03
+5.8239687E-03,+2.9111175E-03,-47.3816884E-03,+91.6418018E-03
+5.8242625E-03,+1.7598325E-03,-47.4301354E-03,+91.6418018E-03
+5.8245562E-03,+4.4203024E-03,-47.3900413E-03,+91.6439735E-03
+5.8248500E-03,+10.3709665E-03,-47.6005353E-03,+91.6496535E-03
+5.8251437E-03,+16.3600007E-03,-47.3248884E-03,+91.6453100E-03
+5.8254375E-03,+18.2178605E-03,-47.3867001E-03,+91.6382935E-03
+5.8257312E-03,+14.7452615E-03,-47.2112885E-03,+91.6431383E-03
+5.8260250E-03,+9.8698038E-03,-47.4952883E-03,+91.6304418E-03
+5.8263187E-03,+5.7392910E-03,-47.4518530E-03,+91.6374583E-03
+5.8266125E-03,+2.7813797E-03,-47.3382531E-03,+91.6304418E-03
+5.8269062E-03,+4.4666478E-03,-47.3382531E-03,+91.6439735E-03
+5.8272000E-03,+9.3585340E-03,-47.2948178E-03,+91.6453100E-03
+5.8274937E-03,+14.7895855E-03,-47.2898061E-03,+91.6382935E-03
+5.8277875E-03,+16.9240477E-03,-47.5086530E-03,+91.6474818E-03
+5.8280812E-03,+15.0378515E-03,-47.4034060E-03,+91.6418018E-03
+5.8283750E-03,+10.2737551E-03,-47.5520882E-03,+91.6461453E-03
+5.8286687E-03,+4.6334325E-03,-47.5387235E-03,+91.6553335E-03
+5.8289625E-03,+1.9451040E-03,-47.6523235E-03,+91.6431383E-03
+5.8292562E-03,+3.2804475E-03,-47.5437353E-03,+91.6304418E-03
+5.8295500E-03,+8.9870356E-03,-47.3466060E-03,+91.6439735E-03
+5.8298437E-03,+14.1023060E-03,-47.4869353E-03,+91.6561688E-03
+5.8301375E-03,+17.0172164E-03,-47.3248884E-03,+91.6710371E-03
+5.8304312E-03,+15.4487490E-03,-47.4084178E-03,+91.6675288E-03
+5.8307250E-03,+11.2749045E-03,-47.2463708E-03,+91.6710371E-03
+5.8310187E-03,+6.3721761E-03,-47.4384883E-03,+91.6566700E-03
+5.8313125E-03,+2.9853952E-03,-47.4735706E-03,+91.6404653E-03
+5.8316062E-03,+3.6234257E-03,-47.3950531E-03,+91.6618488E-03
+5.8319000E-03,+7.0220043E-03,-47.3382531E-03,+91.6645218E-03
+5.8321937E-03,+12.5398295E-03,-47.3382531E-03,+91.6439735E-03
+5.8324875E-03,+16.0735486E-03,-47.3599707E-03,+91.6496535E-03
+5.8327812E-03,+15.2813395E-03,-47.4384883E-03,+91.6474818E-03
+5.8330750E-03,+11.3874786E-03,-47.4518530E-03,+91.6483171E-03
+5.8333687E-03,+6.0034709E-03,-47.4468413E-03,+91.6610135E-03
+5.8336625E-03,+2.4343955E-03,-47.7091234E-03,+91.6453100E-03
+5.8339562E-03,+3.2864383E-03,-47.6088882E-03,+91.6382935E-03
+5.8342500E-03,+6.8740371E-03,-47.4952883E-03,+91.6496535E-03
+5.8345437E-03,+11.3592524E-03,-47.4735706E-03,+91.6518253E-03
+5.8348375E-03,+15.5723491E-03,-47.4384883E-03,+91.6531618E-03
+5.8351312E-03,+15.8629176E-03,-47.4518530E-03,+91.6483171E-03
+5.8354250E-03,+11.9025707E-03,-47.3599707E-03,+91.6631853E-03
+5.8357187E-03,+6.9717999E-03,-47.4602059E-03,+91.6531618E-03
+5.8360125E-03,+3.5487806E-03,-47.6172411E-03,+91.6418018E-03
+5.8363062E-03,+3.5288605E-03,-47.7091234E-03,+91.6483171E-03
+5.8366000E-03,+6.4058050E-03,-47.5220177E-03,+91.6566700E-03
+5.8368937E-03,+11.9007330E-03,-47.2680884E-03,+91.6361218E-03
+5.8371875E-03,+17.0583429E-03,-47.4952883E-03,+91.6396300E-03
+5.8374812E-03,+17.8852834E-03,-47.4735706E-03,+91.6404653E-03
+5.8377750E-03,+13.3808464E-03,-47.4819236E-03,+91.6575053E-03
+5.8380687E-03,+8.8639134E-03,-47.5654529E-03,+91.6575053E-03
+5.8383625E-03,+4.0950391E-03,-47.3816884E-03,+91.6575053E-03
+5.8386562E-03,+2.8925573E-03,-47.4518530E-03,+91.6531618E-03
+5.8389500E-03,+6.5499132E-03,-47.4251236E-03,+91.6418018E-03
+5.8392437E-03,+11.0390610E-03,-47.5654529E-03,+91.6374583E-03
+5.8395375E-03,+15.7379209E-03,-47.3382531E-03,+91.6304418E-03
+5.8398312E-03,+17.2102427E-03,-47.2948178E-03,+91.6396300E-03
+5.8401250E-03,+13.2812460E-03,-47.2680884E-03,+91.6361218E-03
+5.8404187E-03,+7.2780987E-03,-47.5170059E-03,+91.6439735E-03
+5.8407125E-03,+2.9587493E-03,-47.5086530E-03,+91.6496535E-03
+5.8410062E-03,+1.4487926E-03,-47.3382531E-03,+91.6453100E-03
+5.8413000E-03,+3.5087199E-03,-47.3816884E-03,+91.6382935E-03
+5.8415937E-03,+9.3999913E-03,-47.5387235E-03,+91.6496535E-03
+5.8418875E-03,+15.3864161E-03,-47.5871706E-03,+91.6518253E-03
+5.8421812E-03,+17.4306499E-03,-47.3516178E-03,+91.6531618E-03
+5.8424750E-03,+14.1902558E-03,-47.2246532E-03,+91.6461453E-03
+5.8427687E-03,+8.3641473E-03,-47.3599707E-03,+91.6553335E-03
+5.8430625E-03,+3.9652646E-03,-47.4819236E-03,+91.6474818E-03
+5.8433562E-03,+2.4493172E-03,-47.6523235E-03,+91.6396300E-03
+5.8436500E-03,+4.0105809E-03,-47.6306058E-03,+91.6382935E-03
+5.8439437E-03,+9.3624666E-03,-47.5303706E-03,+91.6474818E-03
+5.8442375E-03,+15.5636754E-03,-47.4384883E-03,+91.6439735E-03
+5.8445312E-03,+18.0768028E-03,-47.4735706E-03,+91.6453100E-03
+5.8448250E-03,+15.3760518E-03,-47.3733354E-03,+91.6361218E-03
+5.8451187E-03,+10.6132050E-03,-47.3248884E-03,+91.6396300E-03
+5.8454125E-03,+5.7999333E-03,-47.5170059E-03,+91.6382935E-03
+5.8457062E-03,+2.2613628E-03,-47.5738059E-03,+91.6474818E-03
+5.8460000E-03,+3.0204942E-03,-47.4869353E-03,+91.6461453E-03
+5.8462937E-03,+8.1099273E-03,-47.3031708E-03,+91.6575053E-03
+5.8465875E-03,+13.5212792E-03,-47.4602059E-03,+91.6553335E-03
+5.8468812E-03,+17.0129530E-03,-47.5738059E-03,+91.6474818E-03
+5.8471750E-03,+15.8167192E-03,-47.5520882E-03,+91.6418018E-03
+5.8474687E-03,+11.7166010E-03,-47.5387235E-03,+91.6461453E-03
+5.8477625E-03,+5.8873317E-03,-47.5871706E-03,+91.6466465E-03
+5.8480562E-03,+2.1427979E-03,-47.3950531E-03,+91.6291053E-03
+5.8483500E-03,+1.9545494E-03,-47.3165355E-03,+91.6553335E-03
+5.8486437E-03,+6.3015737E-03,-47.3683237E-03,+91.6409665E-03
+5.8489375E-03,+11.2160263E-03,-47.5003000E-03,+91.6225900E-03
+5.8492312E-03,+14.9813255E-03,-47.1895709E-03,+91.6361218E-03
+5.8495250E-03,+14.8049850E-03,-47.3950531E-03,+91.6418018E-03
+5.8498187E-03,+11.7042520E-03,-47.3165355E-03,+91.6439735E-03
+5.8501125E-03,+6.7476439E-03,-47.3248884E-03,+91.6496535E-03
+5.8504062E-03,+2.6964438E-03,-47.5821588E-03,+91.6453100E-03
+5.8507000E-03,+2.5471534E-03,-47.7876410E-03,+91.6339500E-03
+5.8509937E-03,+7.4485587E-03,-47.6874058E-03,+91.6382935E-03
+5.8512875E-03,+12.8207687E-03,-47.5955235E-03,+91.6496535E-03
+5.8515812E-03,+15.9643924E-03,-47.6088882E-03,+91.6474818E-03
+5.8518750E-03,+15.7557461E-03,-47.4518530E-03,+91.6439735E-03
+5.8521687E-03,+12.4712118E-03,-47.2948178E-03,+91.6409665E-03
+5.8524625E-03,+7.8561117E-03,-47.2463708E-03,+91.6312771E-03
+5.8527562E-03,+4.3261414E-03,-47.3733354E-03,+91.6610135E-03
+5.8530500E-03,+3.8521759E-03,-47.3248884E-03,+91.6453100E-03
+5.8533437E-03,+7.1212005E-03,-47.4518530E-03,+91.6361218E-03
+5.8536375E-03,+12.1399210E-03,-47.2513826E-03,+91.6396300E-03
+5.8539312E-03,+15.7400159E-03,-47.0676180E-03,+91.6404653E-03
+5.8542250E-03,+16.1395200E-03,-47.2680884E-03,+91.6553335E-03
+5.8545187E-03,+12.8954507E-03,-47.3649825E-03,+91.6453100E-03
+5.8548125E-03,+7.5493719E-03,-47.1544885E-03,+91.6382935E-03
+5.8551062E-03,+3.8405252E-03,-47.3867001E-03,+91.6453100E-03
+5.8554000E-03,+2.0922626E-03,-47.1895709E-03,+91.6361218E-03
+5.8556937E-03,+4.4344523E-03,-47.5036412E-03,+91.6396300E-03
+5.8559875E-03,+9.3903253E-03,-47.6439705E-03,+91.6361218E-03
+5.8562812E-03,+14.3672210E-03,-47.3950531E-03,+91.6374583E-03
+5.8565750E-03,+16.0997901E-03,-47.3816884E-03,+91.6304418E-03
+5.8568687E-03,+13.7121371E-03,-47.4301354E-03,+91.6374583E-03
+5.8571625E-03,+9.0514635E-03,-47.2380179E-03,+91.6304418E-03
+5.8574562E-03,+4.5895128E-03,-47.2246532E-03,+91.6439735E-03
+5.8577500E-03,+3.8953973E-03,-47.4034060E-03,+91.6539971E-03
+5.8580437E-03,+6.1232119E-03,-47.5303706E-03,+91.6653571E-03
+5.8583375E-03,+12.1168034E-03,-47.4384883E-03,+91.6653571E-03
+5.8586312E-03,+16.0131635E-03,-47.3867001E-03,+91.6588418E-03
+5.8589250E-03,+17.8861287E-03,-47.1895709E-03,+91.6418018E-03
+5.8592187E-03,+15.4419130E-03,-47.3950531E-03,+91.6418018E-03
+5.8595125E-03,+9.0713468E-03,-47.4468413E-03,+91.6439735E-03
+5.8598062E-03,+3.9967251E-03,-47.5788176E-03,+91.6474818E-03
+5.8601000E-03,+2.2798127E-03,-47.2246532E-03,+91.6439735E-03
+5.8603937E-03,+3.9491300E-03,-47.3165355E-03,+91.6518253E-03
+5.8606875E-03,+8.3653968E-03,-47.3248884E-03,+91.6553335E-03
+5.8609812E-03,+13.4886794E-03,-47.4952883E-03,+91.6453100E-03
+5.8612750E-03,+15.5419912E-03,-47.4735706E-03,+91.6404653E-03
+5.8615687E-03,+14.5034274E-03,-47.4602059E-03,+91.6553335E-03
+5.8618625E-03,+9.6406862E-03,-47.5520882E-03,+91.6496535E-03
+5.8621562E-03,+5.3167427E-03,-47.4952883E-03,+91.6474818E-03
+5.8624500E-03,+3.5084994E-03,-47.5387235E-03,+91.6461453E-03
+5.8627437E-03,+4.1781007E-03,-47.5654529E-03,+91.6553335E-03
+5.8630375E-03,+8.2736616E-03,-47.3382531E-03,+91.6474818E-03
+5.8633312E-03,+13.7549175E-03,-47.4034060E-03,+91.6483171E-03
+5.8636250E-03,+16.1158879E-03,-47.4435001E-03,+91.6610135E-03
+5.8639187E-03,+15.2473798E-03,-47.2330061E-03,+91.6453100E-03
+5.8642125E-03,+11.0448312E-03,-47.5738059E-03,+91.6361218E-03
+5.8645062E-03,+6.6246319E-03,-47.5738059E-03,+91.6439735E-03
+5.8648000E-03,+3.8612171E-03,-47.5520882E-03,+91.6474818E-03
+5.8650937E-03,+3.0963889E-03,-47.4952883E-03,+91.6374583E-03
+5.8653875E-03,+6.6532256E-03,-47.4301354E-03,+91.6282700E-03
+5.8656812E-03,+11.6849934E-03,-47.3248884E-03,+91.6361218E-03
+5.8659750E-03,+14.6039833E-03,-47.4735706E-03,+91.6439735E-03
+5.8662687E-03,+14.3866266E-03,-47.4167707E-03,+91.6453100E-03
+5.8665625E-03,+11.1460488E-03,-47.4167707E-03,+91.6382935E-03
+5.8668562E-03,+6.8183565E-03,-47.4384883E-03,+91.6453100E-03
+5.8671500E-03,+3.9636842E-03,-47.4952883E-03,+91.6317783E-03
+5.8674437E-03,+4.2154784E-03,-47.4518530E-03,+91.6326136E-03
+5.8677375E-03,+7.2971734E-03,-47.3382531E-03,+91.6474818E-03
+5.8680312E-03,+12.9771156E-03,-47.4034060E-03,+91.6374583E-03
+5.8683250E-03,+16.4904001E-03,-47.5086530E-03,+91.6304418E-03
+5.8686187E-03,+15.5928572E-03,-47.3599707E-03,+91.6396300E-03
+5.8689125E-03,+11.8138124E-03,-47.3950531E-03,+91.6274347E-03
+5.8692062E-03,+7.1601218E-03,-47.4034060E-03,+91.6190818E-03
+5.8695000E-03,+4.1030513E-03,-47.4652177E-03,+91.6418018E-03
+5.8697937E-03,+3.0381723E-03,-47.2463708E-03,+91.6374583E-03
+5.8700875E-03,+5.8666398E-03,-47.3516178E-03,+91.6304418E-03
+5.8703812E-03,+10.9641586E-03,-47.2029356E-03,+91.6374583E-03
+5.8706750E-03,+14.0192077E-03,-47.3683237E-03,+91.6260983E-03
+5.8709687E-03,+14.4814859E-03,-47.5871706E-03,+91.6369571E-03
+5.8712625E-03,+10.7101960E-03,-47.4384883E-03,+91.6588418E-03
+5.8715562E-03,+6.7362137E-03,-47.4952883E-03,+91.6439735E-03
+5.8718500E-03,+3.9920575E-03,-47.4735706E-03,+91.6496535E-03
+5.8721437E-03,+3.8065287E-03,-47.3733354E-03,+91.6539971E-03
+5.8724375E-03,+6.9427283E-03,-47.3248884E-03,+91.6566700E-03
+5.8727312E-03,+11.4972228E-03,-47.4084178E-03,+91.6361218E-03
+5.8730250E-03,+15.4866413E-03,-47.2463708E-03,+91.6374583E-03
+5.8733187E-03,+15.8179688E-03,-47.3733354E-03,+91.6282700E-03
+5.8736125E-03,+12.8516044E-03,-47.3466060E-03,+91.6404653E-03
+5.8739062E-03,+9.2383153E-03,-47.5086530E-03,+91.6531618E-03
+5.8742000E-03,+5.4655185E-03,-47.4034060E-03,+91.6396300E-03
+5.8744937E-03,+3.1142509E-03,-47.5303706E-03,+91.6404653E-03
+5.8747875E-03,+4.9473392E-03,-47.4602059E-03,+91.6553335E-03
+5.8750812E-03,+9.7658298E-03,-47.5738059E-03,+91.6453100E-03
+5.8753750E-03,+14.2742362E-03,-47.6172411E-03,+91.6339500E-03
+5.8756687E-03,+15.5881528E-03,-47.6656881E-03,+91.6382935E-03
+5.8759625E-03,+13.6600215E-03,-47.5170059E-03,+91.6474818E-03
+5.8762562E-03,+9.6882077E-03,-47.5520882E-03,+91.6418018E-03
+5.8765500E-03,+4.4672359E-03,-47.4952883E-03,+91.6439735E-03
+5.8768437E-03,+2.6495103E-03,-47.4735706E-03,+91.6518253E-03
+5.8771375E-03,+4.1699783E-03,-47.4602059E-03,+91.6531618E-03
+5.8774312E-03,+8.9583316E-03,-47.5955235E-03,+91.6439735E-03
+5.8777250E-03,+13.4920239E-03,-47.5003000E-03,+91.6387947E-03
+5.8780187E-03,+16.4048761E-03,-47.2112885E-03,+91.6190818E-03
+5.8783125E-03,+15.3557274E-03,-47.4735706E-03,+91.6418018E-03
+5.8786062E-03,+11.3218012E-03,-47.4384883E-03,+91.6331147E-03
+5.8789000E-03,+6.0673475E-03,-47.4952883E-03,+91.6212536E-03
+5.8791937E-03,+2.8549591E-03,-47.4301354E-03,+91.6453100E-03
+5.8794875E-03,+3.5058164E-03,-47.3031708E-03,+91.6339500E-03
+5.8797812E-03,+7.3791324E-03,-47.3733354E-03,+91.6317783E-03
+5.8800750E-03,+12.4811718E-03,-47.3466060E-03,+91.6369571E-03
+5.8803687E-03,+15.7840826E-03,-47.5303706E-03,+91.6566700E-03
+5.8806625E-03,+14.5696561E-03,-47.2864649E-03,+91.6296065E-03
+5.8809562E-03,+10.6195633E-03,-47.1194062E-03,+91.6269336E-03
+5.8812500E-03,+6.0502573E-03,-47.5520882E-03,+91.6496535E-03
+5.8815437E-03,+2.9314419E-03,-47.3649825E-03,+91.6453100E-03
+5.8818375E-03,+2.2425453E-03,-47.1762062E-03,+91.6339500E-03
+5.8821312E-03,+5.4272587E-03,-47.5520882E-03,+91.6361218E-03
+5.8824250E-03,+11.1547592E-03,-47.4952883E-03,+91.6374583E-03
+5.8827187E-03,+15.4472054E-03,-47.4518530E-03,+91.6326136E-03
+5.8830125E-03,+16.3906894E-03,-47.4034060E-03,+91.6431383E-03
+5.8833062E-03,+12.7977247E-03,-47.5086530E-03,+91.6347853E-03
+5.8836000E-03,+8.0006242E-03,-47.3599707E-03,+91.6575053E-03
+5.8838937E-03,+4.4533800E-03,-47.4819236E-03,+91.6509900E-03
+5.8841875E-03,+4.0101766E-03,-47.6740411E-03,+91.6339500E-03
+5.8844812E-03,+6.7055618E-03,-47.6656881E-03,+91.6404653E-03
+5.8847750E-03,+11.6221092E-03,-47.4952883E-03,+91.6509900E-03
+5.8850687E-03,+14.8600409E-03,-47.4301354E-03,+91.6404653E-03
+5.8853625E-03,+14.4367576E-03,-47.4117589E-03,+91.6488182E-03
+5.8856562E-03,+11.2015089E-03,-47.7442057E-03,+91.6326136E-03
+5.8859500E-03,+7.2014688E-03,-47.5520882E-03,+91.6518253E-03
+5.8862437E-03,+3.6338268E-03,-47.5170059E-03,+91.6466465E-03
+5.8865375E-03,+3.5819317E-03,-47.5520882E-03,+91.6269336E-03
+5.8868312E-03,+6.4793476E-03,-47.4518530E-03,+91.6431383E-03
+5.8871250E-03,+10.5631108E-03,-47.3816884E-03,+91.6326136E-03
+5.8874187E-03,+14.3089309E-03,-47.4735706E-03,+91.6539971E-03
+5.8877125E-03,+14.3267929E-03,-47.4167707E-03,+91.6566700E-03
+5.8880062E-03,+10.9458924E-03,-47.4167707E-03,+91.6339500E-03
+5.8883000E-03,+8.2588869E-03,-47.4819236E-03,+91.6382935E-03
+5.8885937E-03,+4.7234037E-03,-47.5654529E-03,+91.6474818E-03
+5.8888875E-03,+4.5247909E-03,-47.3816884E-03,+91.6439735E-03
+5.8891812E-03,+6.8068160E-03,-47.4518530E-03,+91.6453100E-03
+5.8894750E-03,+11.5462144E-03,-47.3382531E-03,+91.6339500E-03
+5.8897687E-03,+15.2994219E-03,-47.3599707E-03,+91.6361218E-03
+5.8900625E-03,+16.2344896E-03,-47.3516178E-03,+91.6374583E-03
+5.8903562E-03,+13.7234938E-03,-47.2463708E-03,+91.6282700E-03
+5.8906500E-03,+8.5220745E-03,-47.4602059E-03,+91.6361218E-03
+5.8909437E-03,+4.5237251E-03,-47.4652177E-03,+91.6418018E-03
+5.8912375E-03,+3.2569992E-03,-47.2680884E-03,+91.6418018E-03
+5.8915312E-03,+5.5287335E-03,-47.4952883E-03,+91.6439735E-03
+5.8918250E-03,+9.7956364E-03,-47.4084178E-03,+91.6453100E-03
+5.8921187E-03,+13.9101251E-03,-47.2246532E-03,+91.6382935E-03
+5.8924125E-03,+16.1830355E-03,-47.2948178E-03,+91.6474818E-03
+5.8927062E-03,+14.7999866E-03,-47.2029356E-03,+91.6396300E-03
+5.8930000E-03,+10.1476559E-03,-47.2380179E-03,+91.6339500E-03
+5.8932937E-03,+5.7192606E-03,-47.2463708E-03,+91.6361218E-03
+5.8935875E-03,+3.4951948E-03,-47.3950531E-03,+91.6439735E-03
+5.8938812E-03,+4.7911025E-03,-47.3599707E-03,+91.6431383E-03
+5.8941750E-03,+8.8327836E-03,-47.4167707E-03,+91.6304418E-03
+5.8944687E-03,+13.1433858E-03,-47.3733354E-03,+91.6396300E-03
+5.8947625E-03,+14.8282128E-03,-47.3466060E-03,+91.6339500E-03
+5.8950562E-03,+13.6164693E-03,-47.5955235E-03,+91.6296065E-03
+5.8953500E-03,+9.6953010E-03,-47.5437353E-03,+91.6269336E-03
+5.8956437E-03,+6.1952476E-03,-47.3031708E-03,+91.6474818E-03
+5.8959375E-03,+3.5682229E-03,-47.4602059E-03,+91.6461453E-03
+5.8962312E-03,+4.3199302E-03,-47.4869353E-03,+91.6531618E-03
+5.8965250E-03,+7.6581605E-03,-47.3683237E-03,+91.6418018E-03
+5.8968187E-03,+12.1097836E-03,-47.5871706E-03,+91.6396300E-03
+5.8971125E-03,+14.4711215E-03,-47.4384883E-03,+91.6339500E-03
+5.8974062E-03,+13.8463955E-03,-47.4952883E-03,+91.6339500E-03
+5.8977000E-03,+11.0644940E-03,-47.5387235E-03,+91.6404653E-03
+5.8979937E-03,+6.6772620E-03,-47.6088882E-03,+91.6488182E-03
+5.8982875E-03,+3.8812474E-03,-47.4735706E-03,+91.6304418E-03
+5.8985812E-03,+3.7068916E-03,-47.4384883E-03,+91.6331147E-03
+5.8988750E-03,+8.0412361E-03,-47.4735706E-03,+91.6212536E-03
+5.8991687E-03,+12.1966307E-03,-47.2864649E-03,+91.6431383E-03
+5.8994625E-03,+15.7287695E-03,-47.0976886E-03,+91.6260983E-03
+5.8997562E-03,+15.4178031E-03,-47.4301354E-03,+91.6239265E-03
+5.9000500E-03,+11.7863948E-03,-47.3683237E-03,+91.6247618E-03
+5.9003437E-03,+8.0410156E-03,-47.6523235E-03,+91.6374583E-03
+5.9006375E-03,+4.7758501E-03,-47.6088882E-03,+91.6260983E-03
+5.9009312E-03,+3.6716088E-03,-47.5170059E-03,+91.6282700E-03
+5.9012250E-03,+6.2117129E-03,-47.5955235E-03,+91.6317783E-03
+5.9015187E-03,+10.5396257E-03,-47.6740411E-03,+91.6326136E-03
+5.9018125E-03,+13.7975876E-03,-47.6005353E-03,+91.6474818E-03
+5.9021062E-03,+14.9455649E-03,-47.3466060E-03,+91.6418018E-03
+5.9024000E-03,+12.4481677E-03,-47.5520882E-03,+91.6396300E-03
+5.9026937E-03,+8.7039279E-03,-47.4952883E-03,+91.6361218E-03
+5.9029875E-03,+5.2965654E-03,-47.4518530E-03,+91.6418018E-03
+5.9032812E-03,+4.1869214E-03,-47.4251236E-03,+91.6396300E-03
+5.9035750E-03,+6.4817365E-03,-47.5871706E-03,+91.6361218E-03
+5.9038687E-03,+10.9561832E-03,-47.4602059E-03,+91.6396300E-03
+5.9041625E-03,+14.7774571E-03,-47.5738059E-03,+91.6317783E-03
+5.9044562E-03,+14.8657376E-03,-47.5955235E-03,+91.6304418E-03
+5.9047500E-03,+12.5380286E-03,-47.6306058E-03,+91.6396300E-03
+5.9050437E-03,+9.6829888E-03,-47.6172411E-03,+91.6361218E-03
+5.9053375E-03,+6.6373851E-03,-47.6656881E-03,+91.6374583E-03
+5.9056312E-03,+4.2587733E-03,-47.4735706E-03,+91.6195830E-03
+5.9059250E-03,+5.2393778E-03,-47.4384883E-03,+91.6090583E-03
+5.9062187E-03,+9.0869668E-03,-47.4735706E-03,+91.6282700E-03
+5.9065125E-03,+13.4668849E-03,-47.4384883E-03,+91.6339500E-03
+5.9068062E-03,+14.8382096E-03,-47.4301354E-03,+91.6296065E-03
+5.9071000E-03,+13.2607379E-03,-47.3031708E-03,+91.6247618E-03
+5.9073937E-03,+9.1635966E-03,-47.4819236E-03,+91.6439735E-03
+5.9076875E-03,+5.5644573E-03,-47.6088882E-03,+91.6387947E-03
+5.9079812E-03,+3.9358622E-03,-47.5604412E-03,+91.6169100E-03
+5.9082750E-03,+5.2162235E-03,-47.6656881E-03,+91.6317783E-03
+5.9085687E-03,+9.1105254E-03,-47.4518530E-03,+91.6282700E-03
+5.9088625E-03,+13.5527030E-03,-47.4034060E-03,+91.6317783E-03
+5.9091562E-03,+15.8667399E-03,-47.6172411E-03,+91.6326136E-03
+5.9094500E-03,+14.0339456E-03,-47.7308410E-03,+91.6474818E-03
+5.9097437E-03,+10.5258433E-03,-47.7308410E-03,+91.6396300E-03
+5.9100375E-03,+6.1018952E-03,-47.6656881E-03,+91.6361218E-03
+5.9103312E-03,+3.7275467E-03,-47.4952883E-03,+91.6352865E-03
+5.9106250E-03,+4.1332989E-03,-47.5387235E-03,+91.6247618E-03
+5.9109187E-03,+6.8977795E-03,-47.6523235E-03,+91.6418018E-03
+5.9112125E-03,+11.9473357E-03,-47.5437353E-03,+91.6461453E-03
+5.9115062E-03,+15.1048888E-03,-47.3248884E-03,+91.6553335E-03
+5.9118000E-03,+14.4747968E-03,-47.4301354E-03,+91.6431383E-03
+5.9120937E-03,+10.4621505E-03,-47.3031708E-03,+91.6260983E-03
+5.9123875E-03,+6.5605715E-03,-47.4384883E-03,+91.6260983E-03
+5.9126812E-03,+3.5513900E-03,-47.5821588E-03,+91.6326136E-03
+5.9129750E-03,+4.2426388E-03,-47.7224881E-03,+91.6453100E-03
+5.9132687E-03,+6.9638612E-03,-47.4952883E-03,+91.6361218E-03
+5.9135625E-03,+11.8170467E-03,-47.4301354E-03,+91.6418018E-03
+5.9138562E-03,+14.9899257E-03,-47.3248884E-03,+91.6396300E-03
+5.9141500E-03,+14.8294257E-03,-47.5821588E-03,+91.6382935E-03
+5.9144437E-03,+12.2337512E-03,-47.7442057E-03,+91.6453100E-03
+5.9147375E-03,+8.7640557E-03,-47.5086530E-03,+91.6382935E-03
+5.9150312E-03,+5.8650962E-03,-47.3599707E-03,+91.6474818E-03
+5.9153250E-03,+4.2981725E-03,-47.3950531E-03,+91.6396300E-03
+5.9156187E-03,+6.6293362E-03,-47.3382531E-03,+91.6339500E-03
+5.9159125E-03,+10.9964644E-03,-47.3816884E-03,+91.6361218E-03
+5.9162062E-03,+13.9638211E-03,-47.5387235E-03,+91.6374583E-03
+5.9165000E-03,+14.6729685E-03,-47.6740411E-03,+91.6304418E-03
+5.9167937E-03,+12.3593727E-03,-47.6874058E-03,+91.6461453E-03
+5.9170875E-03,+8.5159000E-03,-47.6606764E-03,+91.6531618E-03
+5.9173812E-03,+5.4352708E-03,-47.7792881E-03,+91.6461453E-03
+5.9176750E-03,+4.4715727E-03,-47.5387235E-03,+91.6509900E-03
+5.9179687E-03,+6.7729299E-03,-47.5871706E-03,+91.6339500E-03
+5.9182625E-03,+10.1236562E-03,-47.4819236E-03,+91.6361218E-03
+5.9185562E-03,+13.3009455E-03,-47.5437353E-03,+91.6418018E-03
+5.9188500E-03,+14.6718292E-03,-47.3683237E-03,+91.6439735E-03
+5.9191437E-03,+12.8565293E-03,-47.6523235E-03,+91.6453100E-03
+5.9194375E-03,+9.5062440E-03,-47.6306058E-03,+91.6361218E-03
+5.9197312E-03,+6.1636033E-03,-47.6389588E-03,+91.6396300E-03
+5.9200250E-03,+4.8483268E-03,-47.7442057E-03,+91.6361218E-03
+5.9203187E-03,+6.9145021E-03,-47.5303706E-03,+91.6374583E-03
+5.9206125E-03,+10.1783813E-03,-47.5036412E-03,+91.6282700E-03
+5.9209062E-03,+13.0665355E-03,-47.6874058E-03,+91.6317783E-03
+5.9212000E-03,+14.4320899E-03,-47.5738059E-03,+91.6195830E-03
+5.9214937E-03,+13.0258132E-03,-47.5955235E-03,+91.6112300E-03
+5.9217875E-03,+9.0218406E-03,-47.5654529E-03,+91.6382935E-03
+5.9220812E-03,+5.9535237E-03,-47.3599707E-03,+91.6431383E-03
+5.9223750E-03,+5.0649485E-03,-47.4167707E-03,+91.6282700E-03
+5.9226687E-03,+5.8617149E-03,-47.4384883E-03,+91.6404653E-03
+5.9229625E-03,+8.4421737E-03,-47.4301354E-03,+91.6488182E-03
+5.9232562E-03,+12.1652805E-03,-47.3683237E-03,+91.6304418E-03
+5.9235500E-03,+13.8239395E-03,-47.6088882E-03,+91.6374583E-03
+5.9238437E-03,+13.4363065E-03,-47.5387235E-03,+91.6239265E-03
+5.9241375E-03,+11.4247828E-03,-47.6088882E-03,+91.6225900E-03
+5.9244312E-03,+7.5020342E-03,-47.5387235E-03,+91.6361218E-03
+5.9247250E-03,+4.3408058E-03,-47.5654529E-03,+91.6439735E-03
+5.9250187E-03,+4.3912676E-03,-47.4251236E-03,+91.6474818E-03
+5.9253125E-03,+6.9852882E-03,-47.5654529E-03,+91.6396300E-03
+5.9256062E-03,+11.4741420E-03,-47.4251236E-03,+91.6382935E-03
+5.9259000E-03,+14.4394405E-03,-47.5437353E-03,+91.6496535E-03
+5.9261937E-03,+13.6569343E-03,-47.3900413E-03,+91.6431383E-03
+5.9264875E-03,+11.0325925E-03,-47.6874058E-03,+91.6239265E-03
+5.9267812E-03,+7.6491193E-03,-47.5303706E-03,+91.6204183E-03
+5.9270750E-03,+5.0080917E-03,-47.4384883E-03,+91.6282700E-03
+5.9273687E-03,+5.3953939E-03,-47.5604412E-03,+91.6404653E-03
+5.9276625E-03,+7.7613627E-03,-47.6874058E-03,+91.6488182E-03
+5.9279562E-03,+11.9281507E-03,-47.5955235E-03,+91.6326136E-03
+5.9282500E-03,+14.8404883E-03,-47.5220177E-03,+91.6474818E-03
+5.9285437E-03,+14.6526074E-03,-47.2898061E-03,+91.6483171E-03
+5.9288375E-03,+12.1818929E-03,-47.5520882E-03,+91.6610135E-03
+5.9291312E-03,+8.2718607E-03,-47.4735706E-03,+91.6409665E-03
+5.9294250E-03,+5.2369521E-03,-47.4384883E-03,+91.6225900E-03
+5.9297187E-03,+4.6712880E-03,-47.5170059E-03,+91.6317783E-03
+5.9300125E-03,+6.1785985E-03,-47.5303706E-03,+91.6326136E-03
+5.9303062E-03,+10.0047238E-03,-47.4602059E-03,+91.6431383E-03
+5.9306000E-03,+13.6485546E-03,-47.5955235E-03,+91.6260983E-03
+5.9308937E-03,+14.4634402E-03,-47.6523235E-03,+91.6260983E-03
+5.9311875E-03,+12.1616788E-03,-47.6306058E-03,+91.6347853E-03
+5.9314812E-03,+8.5004638E-03,-47.6172411E-03,+91.6488182E-03
+5.9317750E-03,+4.4996519E-03,-47.7091234E-03,+91.6239265E-03
+5.9320687E-03,+3.7293109E-03,-47.6088882E-03,+91.6247618E-03
+5.9323625E-03,+6.0164079E-03,-47.5170059E-03,+91.6439735E-03
+5.9326562E-03,+10.9501189E-03,-47.6172411E-03,+91.6474818E-03
+5.9329500E-03,+14.6972255E-03,-47.7091234E-03,+91.6396300E-03
+5.9332437E-03,+15.4371719E-03,-47.6523235E-03,+91.6361218E-03
+5.9335375E-03,+13.6935769E-03,-47.6088882E-03,+91.6418018E-03
+5.9338312E-03,+9.1858321E-03,-47.5170059E-03,+91.6396300E-03
+5.9341250E-03,+5.3185436E-03,-47.5738059E-03,+91.6382935E-03
+5.9344187E-03,+3.3872148E-03,-47.4869353E-03,+91.6496535E-03
+5.9347125E-03,+5.2479045E-03,-47.3466060E-03,+91.6431383E-03
+5.9350062E-03,+9.7807883E-03,-47.5738059E-03,+91.6304418E-03
+5.9353000E-03,+14.0317037E-03,-47.5303706E-03,+91.6439735E-03
+5.9355937E-03,+15.7077468E-03,-47.4167707E-03,+91.6453100E-03
+5.9358875E-03,+14.4508339E-03,-47.3516178E-03,+91.6404653E-03
+5.9361812E-03,+10.5001531E-03,-47.1812179E-03,+91.6466465E-03
+5.9364750E-03,+5.6298775E-03,-47.2898061E-03,+91.6204183E-03
+5.9367687E-03,+3.2586531E-03,-47.5303706E-03,+91.6282700E-03
+5.9370625E-03,+4.8887550E-03,-47.4819236E-03,+91.6361218E-03
+5.9373562E-03,+9.2251210E-03,-47.5871706E-03,+91.6396300E-03
+5.9376500E-03,+13.4386587E-03,-47.3950531E-03,+91.6339500E-03
+5.9379437E-03,+15.7753722E-03,-47.3599707E-03,+91.6361218E-03
+5.9382375E-03,+14.4024304E-03,-47.4602059E-03,+91.6418018E-03
+5.9385312E-03,+10.0197190E-03,-47.5520882E-03,+91.6439735E-03
+5.9388250E-03,+5.2461404E-03,-47.4952883E-03,+91.6496535E-03
+5.9391187E-03,+2.5237786E-03,-47.4952883E-03,+91.6518253E-03
+5.9394125E-03,+3.7948046E-03,-47.5387235E-03,+91.6509900E-03
+5.9397062E-03,+8.0302838E-03,-47.6306058E-03,+91.6361218E-03
+5.9400000E-03,+12.9695445E-03,-47.4869353E-03,+91.6439735E-03
+5.9402937E-03,+15.8571107E-03,-47.3900413E-03,+91.6431383E-03
+5.9405875E-03,+14.4249231E-03,-47.7091234E-03,+91.6282700E-03
+5.9408812E-03,+11.0873911E-03,-47.5871706E-03,+91.6339500E-03
+5.9411750E-03,+6.0732647E-03,-47.4819236E-03,+91.6339500E-03
+5.9414687E-03,+2.5012858E-03,-47.5437353E-03,+91.6296065E-03
+5.9417625E-03,+2.9837780E-03,-47.3031708E-03,+91.6204183E-03
+5.9420562E-03,+6.6028741E-03,-47.4384883E-03,+91.6369571E-03
+5.9423500E-03,+12.5088100E-03,-47.5604412E-03,+91.6544982E-03
+5.9426437E-03,+15.6520661E-03,-47.6439705E-03,+91.6282700E-03
+5.9429375E-03,+15.9596145E-03,-47.3950531E-03,+91.6404653E-03
+5.9432312E-03,+12.7328190E-03,-47.4034060E-03,+91.6509900E-03
+5.9435250E-03,+8.0846046E-03,-47.5738059E-03,+91.6361218E-03
+5.9438187E-03,+4.0906655E-03,-47.5303706E-03,+91.6418018E-03
+5.9441125E-03,+3.0927504E-03,-47.3950531E-03,+91.6352865E-03
+5.9444062E-03,+6.5413865E-03,-47.4468413E-03,+91.6204183E-03
+5.9447000E-03,+11.5966027E-03,-47.6874058E-03,+91.6304418E-03
+5.9449937E-03,+15.5250848E-03,-47.5520882E-03,+91.6418018E-03
+5.9452875E-03,+16.1419457E-03,-47.4735706E-03,+91.6396300E-03
+5.9455812E-03,+13.1715386E-03,-47.4602059E-03,+91.6339500E-03
+5.9458750E-03,+7.9451273E-03,-47.6172411E-03,+91.6339500E-03
+5.9461687E-03,+4.2086056E-03,-47.7091234E-03,+91.6361218E-03
+5.9464625E-03,+3.3299537E-03,-47.5654529E-03,+91.6439735E-03
+5.9467562E-03,+5.4764341E-03,-47.3816884E-03,+91.6474818E-03
+5.9470500E-03,+11.4739582E-03,-47.3867001E-03,+91.6418018E-03
+5.9473437E-03,+15.2654255E-03,-47.1895709E-03,+91.6418018E-03
+5.9476375E-03,+16.1223564E-03,-47.4167707E-03,+91.6396300E-03
+5.9479312E-03,+14.0288002E-03,-47.4384883E-03,+91.6361218E-03
+5.9482250E-03,+9.8706492E-03,-47.4518530E-03,+91.6461453E-03
+5.9485187E-03,+4.8553099E-03,-47.3816884E-03,+91.6553335E-03
+5.9488125E-03,+2.8284970E-03,-47.4518530E-03,+91.6474818E-03
+5.9491062E-03,+5.3020783E-03,-47.3165355E-03,+91.6418018E-03
+5.9494000E-03,+10.6368371E-03,-47.3900413E-03,+91.6374583E-03
+5.9496937E-03,+15.3553599E-03,-47.6222529E-03,+91.6304418E-03
+5.9499875E-03,+17.0152317E-03,-47.4034060E-03,+91.6418018E-03
+5.9502812E-03,+14.6086142E-03,-47.5086530E-03,+91.6439735E-03
+5.9505750E-03,+10.0783399E-03,-47.3382531E-03,+91.6474818E-03
+5.9508687E-03,+4.8446148E-03,-47.2948178E-03,+91.6374583E-03
+5.9511625E-03,+2.3044004E-03,-47.2680884E-03,+91.6304418E-03
+5.9514562E-03,+4.0959212E-03,-47.4518530E-03,+91.6418018E-03
+5.9517500E-03,+8.4738914E-03,-47.4034060E-03,+91.6418018E-03
+5.9520437E-03,+13.3060909E-03,-47.5738059E-03,+91.6418018E-03
+5.9523375E-03,+15.9673326E-03,-47.5955235E-03,+91.6461453E-03
+5.9526312E-03,+14.5573806E-03,-47.6523235E-03,+91.6509900E-03
+5.9529250E-03,+10.2640891E-03,-47.6306058E-03,+91.6382935E-03
+5.9532187E-03,+4.9927658E-03,-47.5303706E-03,+91.6453100E-03
+5.9535125E-03,+2.1569845E-03,-47.4602059E-03,+91.6361218E-03
+5.9538062E-03,+3.5720819E-03,-47.4652177E-03,+91.6439735E-03
+5.9541000E-03,+8.0816276E-03,-47.2898061E-03,+91.6496535E-03
+5.9543937E-03,+13.6819630E-03,-47.4652177E-03,+91.6453100E-03
+5.9546875E-03,+17.0065213E-03,-47.2246532E-03,+91.6426371E-03
+5.9549812E-03,+15.8443574E-03,-47.4034060E-03,+91.6544982E-03
+5.9552750E-03,+11.4841756E-03,-47.5303706E-03,+91.6260983E-03
+5.9555687E-03,+6.2047666E-03,-47.4167707E-03,+91.6347853E-03
+5.9558625E-03,+2.4916198E-03,-47.4819236E-03,+91.6531618E-03
+5.9561562E-03,+3.4131991E-03,-47.6088882E-03,+91.6439735E-03
+5.9564500E-03,+7.9321902E-03,-47.4518530E-03,+91.6431383E-03
+5.9567437E-03,+12.9409507E-03,-47.4034060E-03,+91.6282700E-03
+5.9570375E-03,+15.6153132E-03,-47.5520882E-03,+91.6296065E-03
+5.9573312E-03,+15.5816108E-03,-47.5170059E-03,+91.6269336E-03
+5.9576250E-03,+11.9722542E-03,-47.5738059E-03,+91.6453100E-03
+5.9579187E-03,+6.4943060E-03,-47.5086530E-03,+91.6317783E-03
+5.9582125E-03,+2.5637657E-03,-47.4251236E-03,+91.6239265E-03
+5.9585062E-03,+2.9065969E-03,-47.5220177E-03,+91.6225900E-03
+5.9588000E-03,+6.9855455E-03,-47.2246532E-03,+91.6296065E-03
+5.9590937E-03,+12.2523114E-03,-47.2948178E-03,+91.6204183E-03
+5.9593875E-03,+15.6288751E-03,-47.2463708E-03,+91.6282700E-03
+5.9596812E-03,+16.0280117E-03,-47.4167707E-03,+91.6317783E-03
+5.9599750E-03,+11.8747120E-03,-47.4167707E-03,+91.6326136E-03
+5.9602687E-03,+6.4170514E-03,-47.4384883E-03,+91.6387947E-03
+5.9605625E-03,+2.5578118E-03,-47.5387235E-03,+91.6125665E-03
+5.9608562E-03,+2.4123437E-03,-47.6523235E-03,+91.6182465E-03
+5.9611500E-03,+6.7317666E-03,-47.5871706E-03,+91.6204183E-03
+5.9614437E-03,+12.5205709E-03,-47.4602059E-03,+91.6304418E-03
+5.9617375E-03,+17.1482772E-03,-47.5303706E-03,+91.6396300E-03
+5.9620312E-03,+17.2777945E-03,-47.4384883E-03,+91.6361218E-03
+5.9623250E-03,+13.7698025E-03,-47.5387235E-03,+91.6374583E-03
+5.9626187E-03,+7.9320800E-03,-47.5654529E-03,+91.6282700E-03
+5.9629125E-03,+2.8086504E-03,-47.4251236E-03,+91.6382935E-03
+5.9632062E-03,+1.8564927E-03,-47.5871706E-03,+91.6474818E-03
+5.9635000E-03,+5.1749132E-03,-47.4167707E-03,+91.6374583E-03
+5.9637937E-03,+10.4248831E-03,-47.3299002E-03,+91.6282700E-03
+5.9640875E-03,+15.5206745E-03,-47.1895709E-03,+91.6296065E-03
+5.9643812E-03,+16.1564264E-03,-47.4602059E-03,+91.6182465E-03
+5.9646750E-03,+12.8862624E-03,-47.4435001E-03,+91.6225900E-03
+5.9649687E-03,+8.1540676E-03,-47.1461356E-03,+91.6382935E-03
+5.9652625E-03,+4.7880520E-03,-47.2597355E-03,+91.6496535E-03
+5.9655562E-03,+3.5331238E-03,-47.2814531E-03,+91.6496535E-03
+5.9658500E-03,+5.5875749E-03,-47.4251236E-03,+91.6431383E-03
+5.9661437E-03,+10.7179140E-03,-47.6306058E-03,+91.6326136E-03
+5.9664375E-03,+15.7363038E-03,-47.5303706E-03,+91.6474818E-03
+5.9667312E-03,+16.6169771E-03,-47.4602059E-03,+91.6483171E-03
+5.9670250E-03,+13.8650660E-03,-47.5520882E-03,+91.6588418E-03
+5.9673187E-03,+9.5254291E-03,-47.5604412E-03,+91.6439735E-03
+5.9676125E-03,+4.5169258E-03,-47.7091234E-03,+91.6474818E-03
+5.9679062E-03,+2.5418610E-03,-47.6523235E-03,+91.6418018E-03
+5.9682000E-03,+4.5003502E-03,-47.5654529E-03,+91.6374583E-03
+5.9684937E-03,+9.2993986E-03,-47.4034060E-03,+91.6239265E-03
+5.9687875E-03,+14.9606703E-03,-47.6172411E-03,+91.6204183E-03
+5.9690812E-03,+16.8380092E-03,-47.6656881E-03,+91.6239265E-03
+5.9693750E-03,+14.0443835E-03,-47.4952883E-03,+91.6182465E-03
+5.9696687E-03,+8.7718473E-03,-47.4518530E-03,+91.6225900E-03
+5.9699625E-03,+4.0029731E-03,-47.4902765E-03,+91.6382935E-03
+5.9702562E-03,+1.1462794E-03,-47.8227233E-03,+91.6518253E-03
+5.9705500E-03,+3.2407911E-03,-47.6523235E-03,+91.6553335E-03
+5.9708437E-03,+8.4703631E-03,-47.5871706E-03,+91.6453100E-03
+5.9711375E-03,+14.0509990E-03,-47.4384883E-03,+91.6339500E-03
+5.9714312E-03,+16.8943881E-03,-47.4301354E-03,+91.6296065E-03
+5.9717250E-03,+14.9142147E-03,-47.2597355E-03,+91.6182465E-03
+5.9720187E-03,+10.9074121E-03,-47.3031708E-03,+91.6247618E-03
+5.9723125E-03,+5.2807249E-03,-47.3950531E-03,+91.6374583E-03
+5.9726062E-03,+2.2752186E-03,-47.3599707E-03,+91.6282700E-03
+5.9729000E-03,+4.0608956E-03,-47.4602059E-03,+91.6317783E-03
+5.9731937E-03,+8.9933939E-03,-47.5303706E-03,+91.6239265E-03
+5.9734875E-03,+14.0283592E-03,-47.4602059E-03,+91.6204183E-03
+5.9737812E-03,+17.7184619E-03,-47.5086530E-03,+91.6326136E-03
+5.9740750E-03,+16.9135364E-03,-47.4034060E-03,+91.6474818E-03
+5.9743687E-03,+12.3251925E-03,-47.5086530E-03,+91.6439735E-03
+5.9746625E-03,+6.9472490E-03,-47.3816884E-03,+91.6409665E-03
+5.9749562E-03,+2.9693341E-03,-47.6038764E-03,+91.6247618E-03
+5.9752500E-03,+3.2603069E-03,-47.7141352E-03,+91.6352865E-03
+5.9755437E-03,+7.9466709E-03,-47.2380179E-03,+91.6204183E-03
+5.9758375E-03,+13.0983635E-03,-47.2463708E-03,+91.6239265E-03
+5.9761312E-03,+16.1648428E-03,-47.4602059E-03,+91.6247618E-03
+5.9764250E-03,+15.5581625E-03,-47.5520882E-03,+91.6418018E-03
+5.9767187E-03,+11.2621145E-03,-47.4735706E-03,+91.6439735E-03
+5.9770125E-03,+6.1083637E-03,-47.4819236E-03,+91.6453100E-03
+5.9773062E-03,+2.8381262E-03,-47.6306058E-03,+91.6339500E-03
+5.9776000E-03,+2.8405519E-03,-47.5738059E-03,+91.6339500E-03
+5.9778937E-03,+7.2995991E-03,-47.5520882E-03,+91.6317783E-03
+5.9781875E-03,+12.7131929E-03,-47.5604412E-03,+91.6282700E-03
+5.9784812E-03,+16.8348851E-03,-47.6874058E-03,+91.6361218E-03
+5.9787750E-03,+16.3192050E-03,-47.5738059E-03,+91.6352865E-03
+5.9790687E-03,+11.9156548E-03,-47.5738059E-03,+91.6247618E-03
+5.9793625E-03,+6.0638559E-03,-47.6172411E-03,+91.6331147E-03
+5.9796562E-03,+2.2696689E-03,-47.6874058E-03,+91.6125665E-03
+5.9799500E-03,+1.6417822E-03,-47.6389588E-03,+91.6247618E-03
+5.9802437E-03,+5.5715139E-03,-47.6790528E-03,+91.6374583E-03
+5.9805375E-03,+12.1344448E-03,-47.3382531E-03,+91.6282700E-03
+5.9808312E-03,+16.4005025E-03,-47.4251236E-03,+91.6361218E-03
+5.9811250E-03,+16.4505232E-03,-47.5437353E-03,+91.6352865E-03
+5.9814187E-03,+12.9040509E-03,-47.2380179E-03,+91.6225900E-03
+5.9817125E-03,+7.3039727E-03,-47.2029356E-03,+91.6361218E-03
+5.9820062E-03,+3.5986910E-03,-47.3031708E-03,+91.6396300E-03
+5.9823000E-03,+2.0566490E-03,-47.4384883E-03,+91.6339500E-03
+5.9825937E-03,+4.5939599E-03,-47.4952883E-03,+91.6339500E-03
+5.9828875E-03,+10.8479091E-03,-47.4735706E-03,+91.6339500E-03
+5.9831812E-03,+15.7585393E-03,-47.5036412E-03,+91.6317783E-03
+5.9834750E-03,+15.9367175E-03,-47.6439705E-03,+91.6282700E-03
+5.9837687E-03,+12.9858996E-03,-47.4384883E-03,+91.6339500E-03
+5.9840625E-03,+7.8131843E-03,-47.4735706E-03,+91.6317783E-03
+5.9843562E-03,+4.1018017E-03,-47.4384883E-03,+91.6326136E-03
+5.9846500E-03,+2.7624887E-03,-47.4952883E-03,+91.6453100E-03
+5.9849437E-03,+4.7275567E-03,-47.4952883E-03,+91.6296065E-03
+5.9852375E-03,+10.3862925E-03,-47.4301354E-03,+91.6204183E-03
+5.9855312E-03,+16.0679621E-03,-47.3031708E-03,+91.6326136E-03
+5.9858250E-03,+17.1743718E-03,-47.4384883E-03,+91.6431383E-03
+5.9861187E-03,+13.9060823E-03,-47.4735706E-03,+91.6282700E-03
+5.9864125E-03,+9.3382465E-03,-47.4167707E-03,+91.6361218E-03
+5.9867062E-03,+4.4550707E-03,-47.4384883E-03,+91.6396300E-03
+5.9870000E-03,+3.6263660E-03,-47.4952883E-03,+91.6339500E-03
+5.9872937E-03,+5.3748490E-03,-47.4735706E-03,+91.6317783E-03
+5.9875875E-03,+10.4418629E-03,-47.4167707E-03,+91.6326136E-03
+5.9878812E-03,+15.0479217E-03,-47.4602059E-03,+91.6453100E-03
+5.9881750E-03,+16.6947095E-03,-47.5086530E-03,+91.6361218E-03
+5.9884687E-03,+13.3824635E-03,-47.3382531E-03,+91.6396300E-03
+5.9887625E-03,+8.5981163E-03,-47.3599707E-03,+91.6317783E-03
+5.9890562E-03,+4.9337406E-03,-47.4819236E-03,+91.6260983E-03
+5.9893500E-03,+2.5811866E-03,-47.5437353E-03,+91.6260983E-03
+5.9896437E-03,+4.3563891E-03,-47.3466060E-03,+91.6260983E-03
+5.9899375E-03,+8.9537007E-03,-47.5520882E-03,+91.6304418E-03
+5.9902312E-03,+14.3489181E-03,-47.4735706E-03,+91.6331147E-03
+5.9905250E-03,+16.5522553E-03,-47.4819236E-03,+91.6169100E-03
+5.9908187E-03,+14.2622915E-03,-47.6523235E-03,+91.6296065E-03
+5.9911125E-03,+10.1471781E-03,-47.6740411E-03,+91.6160747E-03
+5.9914062E-03,+5.1464665E-03,-47.6439705E-03,+91.6082230E-03
+5.9917000E-03,+2.8148616E-03,-47.3299002E-03,+91.6112300E-03
+5.9919937E-03,+3.8010525E-03,-47.2112885E-03,+91.6317783E-03
+5.9922875E-03,+8.1391826E-03,-47.4735706E-03,+91.6282700E-03
+5.9925812E-03,+13.2039178E-03,-47.4167707E-03,+91.6339500E-03
+5.9928750E-03,+16.0602440E-03,-47.3950531E-03,+91.6296065E-03
+5.9931687E-03,+14.4465339E-03,-47.3816884E-03,+91.6269336E-03
+5.9934625E-03,+10.8901382E-03,-47.5170059E-03,+91.6453100E-03
+5.9937562E-03,+6.2006503E-03,-47.5738059E-03,+91.6339500E-03
+5.9940500E-03,+2.3078185E-03,-47.4652177E-03,+91.6339500E-03
+5.9943437E-03,+2.6257679E-03,-47.2463708E-03,+91.6274347E-03
+5.9946375E-03,+6.9568782E-03,-47.4167707E-03,+91.6125665E-03
+5.9949312E-03,+12.6547926E-03,-47.3950531E-03,+91.6204183E-03
+5.9952250E-03,+15.4088354E-03,-47.2731002E-03,+91.6260983E-03
+5.9955187E-03,+14.3831351E-03,-47.2764414E-03,+91.6282700E-03
+5.9958125E-03,+11.0587973E-03,-47.5571000E-03,+91.6361218E-03
+5.9961062E-03,+7.5688142E-03,-47.1461356E-03,+91.6374583E-03
+5.9964000E-03,+4.1743152E-03,-47.2380179E-03,+91.6260983E-03
+5.9966937E-03,+3.8781602E-03,-47.2246532E-03,+91.6304418E-03
+5.9969875E-03,+7.1438402E-03,-47.3599707E-03,+91.6396300E-03
+5.9972812E-03,+12.6126002E-03,-47.4167707E-03,+91.6274347E-03
+5.9975750E-03,+16.1380132E-03,-47.3516178E-03,+91.6125665E-03
+5.9978687E-03,+15.8344709E-03,-47.2463708E-03,+91.6247618E-03
+5.9981625E-03,+12.2707246E-03,-47.3299002E-03,+91.6439735E-03
+5.9984562E-03,+7.5920788E-03,-47.2112885E-03,+91.6453100E-03
+5.9987500E-03,+3.0751458E-03,-47.5170059E-03,+91.6317783E-03
+5.9990437E-03,+1.8141166E-03,-47.5303706E-03,+91.6304418E-03
+5.9993375E-03,+4.4072183E-03,-47.4167707E-03,+91.6461453E-03
+5.9996312E-03,+10.0233207E-03,-47.3733354E-03,+91.6531618E-03
+5.9999250E-03,+14.7680483E-03,-47.2814531E-03,+91.6396300E-03
+6.0002187E-03,+16.3891826E-03,-47.3382531E-03,+91.6274347E-03
+6.0005125E-03,+13.5231537E-03,-47.2948178E-03,+91.6169100E-03
+6.0008062E-03,+8.6381770E-03,-47.1812179E-03,+91.6317783E-03
+6.0011000E-03,+4.1975797E-03,-47.2463708E-03,+91.6304418E-03
+6.0013937E-03,+2.5382960E-03,-47.3299002E-03,+91.6418018E-03
+6.0016875E-03,+4.8514876E-03,-47.1678532E-03,+91.6418018E-03
+6.0019812E-03,+10.5474540E-03,-47.3816884E-03,+91.6396300E-03
+6.0022750E-03,+15.5747013E-03,-47.4518530E-03,+91.6404653E-03
+6.0025687E-03,+16.9562800E-03,-47.2948178E-03,+91.6531618E-03
+6.0028625E-03,+14.3769238E-03,-47.2463708E-03,+91.6396300E-03
+6.0031562E-03,+9.3328805E-03,-47.3950531E-03,+91.6382935E-03
+6.0034500E-03,+5.2433471E-03,-47.3165355E-03,+91.6453100E-03
+6.0037437E-03,+3.6551435E-03,-47.2814531E-03,+91.6339500E-03
+6.0040375E-03,+5.2839223E-03,-47.3165355E-03,+91.6339500E-03
+6.0043312E-03,+9.5187400E-03,-47.2380179E-03,+91.6317783E-03
+6.0046250E-03,+14.1033719E-03,-47.2680884E-03,+91.6260983E-03
+6.0049187E-03,+16.1819697E-03,-47.4084178E-03,+91.6282700E-03
+6.0052125E-03,+13.6458349E-03,-47.2680884E-03,+91.6361218E-03
+6.0055062E-03,+8.9771123E-03,-47.4084178E-03,+91.6418018E-03
+6.0058000E-03,+4.5097222E-03,-47.3115237E-03,+91.6374583E-03
+6.0060937E-03,+2.4546463E-03,-47.6306058E-03,+91.6174112E-03
+6.0063875E-03,+3.7220338E-03,-47.4869353E-03,+91.6033783E-03
+6.0066812E-03,+8.6746358E-03,-47.3031708E-03,+91.6282700E-03
+6.0069750E-03,+13.8868605E-03,-47.4384883E-03,+91.6339500E-03
+6.0072687E-03,+16.2327989E-03,-47.3867001E-03,+91.6382935E-03
+6.0075625E-03,+14.2711490E-03,-47.2112885E-03,+91.6474818E-03
+6.0078562E-03,+9.9594810E-03,-47.4952883E-03,+91.6418018E-03
+6.0081500E-03,+4.6048755E-03,-47.4518530E-03,+91.6439735E-03
+6.0084437E-03,+1.3243105E-03,-47.3599707E-03,+91.6474818E-03
+6.0087375E-03,+2.6681807E-03,-47.3950531E-03,+91.6374583E-03
+6.0090312E-03,+8.3171402E-03,-47.2731002E-03,+91.6217547E-03
+6.0093250E-03,+13.4949274E-03,-47.1027003E-03,+91.6169100E-03
+6.0096187E-03,+16.1677830E-03,-47.1027003E-03,+91.6339500E-03
+6.0099125E-03,+14.9202789E-03,-47.2112885E-03,+91.6296065E-03
+6.0102062E-03,+11.4671590E-03,-47.3867001E-03,+91.6225900E-03
+6.0105000E-03,+6.0599969E-03,-47.1895709E-03,+91.6317783E-03
+6.0107937E-03,+2.5401336E-03,-47.4167707E-03,+91.6282700E-03
+6.0110875E-03,+2.5812601E-03,-47.3950531E-03,+91.6339500E-03
+6.0113812E-03,+6.3999980E-03,-47.3599707E-03,+91.6339500E-03
+6.0116750E-03,+12.4149798E-03,-47.3516178E-03,+91.6382935E-03
+6.0119687E-03,+15.7074160E-03,-47.2463708E-03,+91.6453100E-03
+6.0122625E-03,+15.6959124E-03,-47.4602059E-03,+91.6274347E-03
+6.0125562E-03,+12.6058745E-03,-47.5738059E-03,+91.6190818E-03
+6.0128500E-03,+7.9873564E-03,-47.5303706E-03,+91.6331147E-03
+6.0131437E-03,+4.0216803E-03,-47.3950531E-03,+91.6169100E-03
+6.0134375E-03,+4.4040208E-03,-47.4034060E-03,+91.6317783E-03
+6.0137312E-03,+7.7793349E-03,-47.5086530E-03,+91.6326136E-03
+6.0140250E-03,+12.7904843E-03,-47.4468413E-03,+91.6409665E-03
+6.0143187E-03,+16.5179280E-03,-47.6656881E-03,+91.6182465E-03
+6.0146125E-03,+16.2914566E-03,-47.4301354E-03,+91.6204183E-03
+6.0149062E-03,+12.5795961E-03,-47.3031708E-03,+91.6239265E-03
+6.0152000E-03,+7.3042300E-03,-47.4384883E-03,+91.6247618E-03
+6.0154937E-03,+3.6336063E-03,-47.4952883E-03,+91.6352865E-03
+6.0157875E-03,+3.1150227E-03,-47.5387235E-03,+91.6204183E-03
+6.0160812E-03,+6.1450431E-03,-47.5437353E-03,+91.6304418E-03
+6.0163750E-03,+10.7529763E-03,-47.3031708E-03,+91.6418018E-03
+6.0166687E-03,+15.0053251E-03,-47.4602059E-03,+91.6418018E-03
+6.0169625E-03,+15.9674062E-03,-47.5303706E-03,+91.6461453E-03
+6.0172562E-03,+12.5476211E-03,-47.3733354E-03,+91.6509900E-03
+6.0175500E-03,+8.3643310E-03,-47.3683237E-03,+91.6274347E-03
+6.0178437E-03,+3.9572524E-03,-47.5437353E-03,+91.6190818E-03
+6.0181375E-03,+3.6521298E-03,-47.2380179E-03,+91.6374583E-03
+6.0184312E-03,+6.0924129E-03,-47.2029356E-03,+91.6239265E-03
+6.0187250E-03,+9.6541745E-03,-47.2597355E-03,+91.6204183E-03
+6.0190187E-03,+13.1680470E-03,-47.3900413E-03,+91.6282700E-03
+6.0193125E-03,+14.7523916E-03,-47.6439705E-03,+91.6339500E-03
+6.0196062E-03,+13.4764407E-03,-47.4167707E-03,+91.6339500E-03
+6.0199000E-03,+9.2285390E-03,-47.3733354E-03,+91.6361218E-03
+6.0201937E-03,+5.1425339E-03,-47.3466060E-03,+91.6396300E-03
+6.0204875E-03,+4.1166131E-03,-47.5738059E-03,+91.6361218E-03
+6.0207812E-03,+5.2484190E-03,-47.5520882E-03,+91.6439735E-03
+6.0210750E-03,+9.2371392E-03,-47.4952883E-03,+91.6453100E-03
+6.0213687E-03,+13.3294290E-03,-47.4735706E-03,+91.6361218E-03
+6.0216625E-03,+15.2096346E-03,-47.4384883E-03,+91.6483171E-03
+6.0219562E-03,+13.6604625E-03,-47.4518530E-03,+91.6566700E-03
+6.0222500E-03,+9.9775634E-03,-47.3599707E-03,+91.6361218E-03
+6.0225437E-03,+5.3583838E-03,-47.4819236E-03,+91.6439735E-03
+6.0228375E-03,+3.2520008E-03,-47.5654529E-03,+91.6474818E-03
+6.0231312E-03,+4.4194938E-03,-47.3165355E-03,+91.6418018E-03
+6.0234250E-03,+8.7078605E-03,-47.3683237E-03,+91.6374583E-03
+6.0237187E-03,+13.3288410E-03,-47.5220177E-03,+91.6217547E-03
+6.0240125E-03,+15.9334464E-03,-47.2463708E-03,+91.6169100E-03
+6.0243062E-03,+15.4544457E-03,-47.4167707E-03,+91.6296065E-03
+6.0246000E-03,+12.4998423E-03,-47.4384883E-03,+91.6247618E-03
+6.0248937E-03,+7.4573794E-03,-47.5604412E-03,+91.6396300E-03
+6.0251875E-03,+3.7776410E-03,-47.7308410E-03,+91.6361218E-03
+6.0254812E-03,+3.9597516E-03,-47.6656881E-03,+91.6396300E-03
+6.0257750E-03,+7.7828632E-03,-47.5387235E-03,+91.6339500E-03
+6.0260687E-03,+12.0697597E-03,-47.5871706E-03,+91.6339500E-03
+6.0263625E-03,+14.4401388E-03,-47.4167707E-03,+91.6317783E-03
+6.0266562E-03,+14.1066062E-03,-47.4384883E-03,+91.6326136E-03
+6.0269500E-03,+11.7066409E-03,-47.4301354E-03,+91.6431383E-03
+6.0272437E-03,+7.1741982E-03,-47.3683237E-03,+91.6260983E-03
+6.0275375E-03,+3.6417287E-03,-47.5654529E-03,+91.6347853E-03
+6.0278312E-03,+3.1186612E-03,-47.4034060E-03,+91.6509900E-03
+6.0281250E-03,+6.4851178E-03,-47.5520882E-03,+91.6382935E-03
+6.0284187E-03,+11.4443721E-03,-47.5387235E-03,+91.6431383E-03
+6.0287125E-03,+15.5091341E-03,-47.5654529E-03,+91.6304418E-03
+6.0290062E-03,+15.7713661E-03,-47.3382531E-03,+91.6331147E-03
+6.0293000E-03,+13.2034033E-03,-47.4468413E-03,+91.6125665E-03
+6.0295937E-03,+8.2986903E-03,-47.6439705E-03,+91.6225900E-03
+6.0298875E-03,+4.4038738E-03,-47.4602059E-03,+91.6404653E-03
+6.0301812E-03,+3.7307075E-03,-47.5520882E-03,+91.6531618E-03
+6.0304750E-03,+6.5477815E-03,-47.4952883E-03,+91.6396300E-03
+6.0307687E-03,+11.5493384E-03,-47.4735706E-03,+91.6361218E-03
+6.0310625E-03,+15.6777564E-03,-47.3733354E-03,+91.6374583E-03
+6.0313562E-03,+15.9354679E-03,-47.3248884E-03,+91.6326136E-03
+6.0316500E-03,+12.7296583E-03,-47.5170059E-03,+91.6474818E-03
+6.0319437E-03,+7.9820640E-03,-47.5738059E-03,+91.6418018E-03
+6.0322375E-03,+3.7819778E-03,-47.5520882E-03,+91.6439735E-03
+6.0325312E-03,+3.1979740E-03,-47.4735706E-03,+91.6474818E-03
+6.0328250E-03,+5.3934460E-03,-47.4384883E-03,+91.6374583E-03
+6.0331187E-03,+10.6911579E-03,-47.5387235E-03,+91.6239265E-03
+6.0334125E-03,+14.9037401E-03,-47.6088882E-03,+91.6204183E-03
+6.0337062E-03,+15.7108341E-03,-47.5387235E-03,+91.6260983E-03
+6.0340000E-03,+13.1700317E-03,-47.5437353E-03,+91.6282700E-03
+6.0342937E-03,+9.7396985E-03,-47.3683237E-03,+91.6339500E-03
+6.0345875E-03,+5.8059240E-03,-47.6306058E-03,+91.6317783E-03
+6.0348812E-03,+3.8356003E-03,-47.5303706E-03,+91.6326136E-03
+6.0351750E-03,+5.7382986E-03,-47.4602059E-03,+91.6431383E-03
+6.0354687E-03,+10.1602988E-03,-47.5086530E-03,+91.6304418E-03
+6.0357625E-03,+14.8320719E-03,-47.4034060E-03,+91.6374583E-03
+6.0360562E-03,+16.1098972E-03,-47.5303706E-03,+91.6304418E-03
+6.0363500E-03,+13.8886614E-03,-47.4167707E-03,+91.6439735E-03
+6.0366437E-03,+8.8498738E-03,-47.4384883E-03,+91.6453100E-03
+6.0369375E-03,+4.0603076E-03,-47.6038764E-03,+91.6339500E-03
+6.0372312E-03,+2.2880454E-03,-47.7792881E-03,+91.6339500E-03
+6.0375250E-03,+4.3447751E-03,-47.4952883E-03,+91.6317783E-03
+6.0378187E-03,+9.1128408E-03,-47.4518530E-03,+91.6304418E-03
+6.0381125E-03,+14.2851150E-03,-47.4685589E-03,+91.6439735E-03
+6.0384062E-03,+16.1379397E-03,-47.7442057E-03,+91.6474818E-03
+6.0387000E-03,+14.3251022E-03,-47.5738059E-03,+91.6396300E-03
+6.0389937E-03,+9.9363266E-03,-47.5520882E-03,+91.6296065E-03
+6.0392875E-03,+4.6819831E-03,-47.4952883E-03,+91.6225900E-03
+6.0395812E-03,+3.3891627E-03,-47.5170059E-03,+91.6317783E-03
+6.0398750E-03,+4.4711684E-03,-47.5303706E-03,+91.6304418E-03
+6.0401687E-03,+8.6718426E-03,-47.4167707E-03,+91.6439735E-03
+6.0404625E-03,+13.2648542E-03,-47.4384883E-03,+91.6431383E-03
+6.0407562E-03,+15.7580248E-03,-47.4952883E-03,+91.6260983E-03
+6.0410500E-03,+13.9370650E-03,-47.5170059E-03,+91.6369571E-03
+6.0413437E-03,+10.3955910E-03,-47.5955235E-03,+91.6566700E-03
+6.0416375E-03,+5.3107887E-03,-47.5654529E-03,+91.6339500E-03
+6.0419312E-03,+3.1519226E-03,-47.3382531E-03,+91.6339500E-03
+6.0422250E-03,+4.5467692E-03,-47.3816884E-03,+91.6361218E-03
+6.0425187E-03,+7.6196435E-03,-47.5387235E-03,+91.6396300E-03
+6.0428125E-03,+11.9087452E-03,-47.5871706E-03,+91.6339500E-03
+6.0431062E-03,+14.7505172E-03,-47.3733354E-03,+91.6382935E-03
+6.0434000E-03,+14.4724814E-03,-47.3031708E-03,+91.6453100E-03
+6.0436937E-03,+11.3825538E-03,-47.3733354E-03,+91.6382935E-03
+6.0439875E-03,+7.0206445E-03,-47.3900413E-03,+91.6474818E-03
+6.0442812E-03,+3.9751879E-03,-47.6222529E-03,+91.6439735E-03
+6.0445750E-03,+4.3143070E-03,-47.3599707E-03,+91.6496535E-03
+6.0448687E-03,+7.3360212E-03,-47.4602059E-03,+91.6453100E-03
+6.0451625E-03,+11.8879063E-03,-47.4652177E-03,+91.6274347E-03
+6.0454562E-03,+15.4976304E-03,-47.2463708E-03,+91.6169100E-03
+6.0457500E-03,+15.4840318E-03,-47.3733354E-03,+91.6339500E-03
+6.0460437E-03,+12.8690621E-03,-47.3031708E-03,+91.6339500E-03
+6.0463375E-03,+7.5315468E-03,-47.4819236E-03,+91.6382935E-03
+6.0466312E-03,+3.6118853E-03,-47.5871706E-03,+91.6496535E-03
+6.0469250E-03,+4.0846013E-03,-47.3950531E-03,+91.6453100E-03
+6.0472187E-03,+7.4944630E-03,-47.4034060E-03,+91.6296065E-03
+6.0475125E-03,+11.7139915E-03,-47.5520882E-03,+91.6182465E-03
+6.0478062E-03,+14.8557408E-03,-47.3867001E-03,+91.6291053E-03
+6.0481000E-03,+15.8534354E-03,-47.1895709E-03,+91.6531618E-03
+6.0483937E-03,+13.5637656E-03,-47.3950531E-03,+91.6483171E-03
+6.0486875E-03,+9.2863514E-03,-47.2948178E-03,+91.6566700E-03
+6.0489812E-03,+5.0855669E-03,-47.2463708E-03,+91.6382935E-03
+6.0492750E-03,+4.2364276E-03,-47.3081825E-03,+91.6518253E-03
+6.0495687E-03,+6.2541992E-03,-47.1327709E-03,+91.6444747E-03
+6.0498625E-03,+10.8215205E-03,-47.3950531E-03,+91.6147383E-03
+6.0501562E-03,+14.8501911E-03,-47.3382531E-03,+91.6304418E-03
+6.0504500E-03,+16.2815333E-03,-47.3382531E-03,+91.6396300E-03
+6.0507437E-03,+14.0838561E-03,-47.3165355E-03,+91.6296065E-03
+6.0510375E-03,+9.4094369E-03,-47.3248884E-03,+91.6204183E-03
+6.0513312E-03,+4.5577951E-03,-47.4952883E-03,+91.6282700E-03
+6.0516250E-03,+1.8862625E-03,-47.4518530E-03,+91.6361218E-03
+6.0519187E-03,+3.1626912E-03,-47.2948178E-03,+91.6418018E-03
+6.0522125E-03,+7.5470932E-03,-47.2898061E-03,+91.6418018E-03
+6.0525062E-03,+12.7615965E-03,-47.4435001E-03,+91.6439735E-03
+6.0528000E-03,+15.6952141E-03,-47.1461356E-03,+91.6496535E-03
+6.0530937E-03,+14.9196174E-03,-47.3248884E-03,+91.6474818E-03
+6.0533875E-03,+10.3414907E-03,-47.4301354E-03,+91.6374583E-03
+6.0536812E-03,+5.1437467E-03,-47.2380179E-03,+91.6304418E-03
+6.0539750E-03,+2.4549404E-03,-47.2029356E-03,+91.6396300E-03
+6.0542687E-03,+3.4944965E-03,-47.2814531E-03,+91.6382935E-03
+6.0545625E-03,+7.8142134E-03,-47.3382531E-03,+91.6496535E-03
+6.0548562E-03,+13.2608848E-03,-47.4034060E-03,+91.6453100E-03
+6.0551500E-03,+16.7524116E-03,-47.5520882E-03,+91.6339500E-03
+6.0554437E-03,+15.2342590E-03,-47.3432649E-03,+91.6404653E-03
+6.0557375E-03,+10.7661706E-03,-47.0759709E-03,+91.6488182E-03
+6.0560312E-03,+5.8719322E-03,-47.3733354E-03,+91.6282700E-03
+6.0563250E-03,+2.6473051E-03,-47.4117589E-03,+91.6339500E-03
+6.0566187E-03,+2.8771211E-03,-47.6790528E-03,+91.6382935E-03
+6.0569125E-03,+7.3999345E-03,-47.3816884E-03,+91.6474818E-03
+6.0572062E-03,+13.1611374E-03,-47.4301354E-03,+91.6418018E-03
+6.0575000E-03,+16.3496732E-03,-47.3248884E-03,+91.6439735E-03
+6.0577937E-03,+16.4358588E-03,-47.4301354E-03,+91.6431383E-03
+6.0580875E-03,+12.1829587E-03,-47.3031708E-03,+91.6260983E-03
+6.0583812E-03,+7.0277011E-03,-47.4167707E-03,+91.6282700E-03
+6.0586750E-03,+4.4097543E-03,-47.4384883E-03,+91.6361218E-03
+6.0589687E-03,+4.4549236E-03,-47.4952883E-03,+91.6396300E-03
+6.0592625E-03,+8.1112872E-03,-47.4735706E-03,+91.6339500E-03
+6.0595562E-03,+12.6467069E-03,-47.3950531E-03,+91.6339500E-03
+6.0598500E-03,+15.4039472E-03,-47.3382531E-03,+91.6339500E-03
+6.0601437E-03,+15.2241152E-03,-47.3165355E-03,+91.6296065E-03
+6.0604375E-03,+11.8442806E-03,-47.4117589E-03,+91.6204183E-03
+6.0607312E-03,+6.5080884E-03,-47.7224881E-03,+91.6282700E-03
+6.0610250E-03,+3.3338495E-03,-47.4735706E-03,+91.6339500E-03
+6.0613187E-03,+2.8909402E-03,-47.3516178E-03,+91.6296065E-03
+6.0616125E-03,+5.7012149E-03,-47.2680884E-03,+91.6269336E-03
+6.0619062E-03,+10.6475322E-03,-47.4301354E-03,+91.6474818E-03
+6.0622000E-03,+14.8350121E-03,-47.3031708E-03,+91.6439735E-03
+6.0624937E-03,+16.0618611E-03,-47.3733354E-03,+91.6453100E-03
+6.0627875E-03,+13.1653641E-03,-47.3248884E-03,+91.6317783E-03
+6.0630812E-03,+8.1424537E-03,-47.4084178E-03,+91.6239265E-03
+6.0633750E-03,+4.7523282E-03,-47.2246532E-03,+91.6247618E-03
+6.0636687E-03,+3.6405893E-03,-47.4034060E-03,+91.6418018E-03
+6.0639625E-03,+6.5783232E-03,-47.5955235E-03,+91.6396300E-03
+6.0642562E-03,+11.2817405E-03,-47.5654529E-03,+91.6382935E-03
+6.0645500E-03,+15.6703323E-03,-47.3382531E-03,+91.6474818E-03
+6.0648437E-03,+16.4692304E-03,-47.3816884E-03,+91.6439735E-03
+6.0651375E-03,+12.9114014E-03,-47.4301354E-03,+91.6409665E-03
+6.0654312E-03,+8.0164279E-03,-47.3031708E-03,+91.6269336E-03
+6.0657250E-03,+4.1935369E-03,-47.4167707E-03,+91.6431383E-03
+6.0660187E-03,+2.9617630E-03,-47.3299002E-03,+91.6260983E-03
+6.0663125E-03,+6.2045461E-03,-47.1895709E-03,+91.6260983E-03
+6.0666062E-03,+10.5343332E-03,-47.4384883E-03,+91.6260983E-03
+6.0669000E-03,+14.1300177E-03,-47.4735706E-03,+91.6326136E-03
+6.0671937E-03,+15.2702769E-03,-47.3950531E-03,+91.6453100E-03
+6.0674875E-03,+12.8660116E-03,-47.4034060E-03,+91.6339500E-03
+6.0677812E-03,+8.9443655E-03,-47.5520882E-03,+91.6382935E-03
+6.0680750E-03,+5.1988394E-03,-47.5170059E-03,+91.6453100E-03
+6.0683687E-03,+3.6422432E-03,-47.5520882E-03,+91.6339500E-03
+6.0686625E-03,+6.2153147E-03,-47.4518530E-03,+91.6296065E-03
+6.0689562E-03,+10.9619901E-03,-47.3816884E-03,+91.6204183E-03
+6.0692500E-03,+15.0074935E-03,-47.4952883E-03,+91.6304418E-03
+6.0695437E-03,+16.1808671E-03,-47.5387235E-03,+91.6461453E-03
+6.0698375E-03,+14.0893690E-03,-47.5871706E-03,+91.6423030E-03
+6.0701312E-03,+9.6213909E-03,-47.5036412E-03,+91.6112300E-03
+6.0704250E-03,+5.3214471E-03,-47.7091234E-03,+91.6317783E-03
+6.0707187E-03,+2.6259149E-03,-47.6523235E-03,+91.6282700E-03
+6.0710125E-03,+4.1878770E-03,-47.6306058E-03,+91.6361218E-03
+6.0713062E-03,+8.3576052E-03,-47.5303706E-03,+91.6418018E-03
+6.0716000E-03,+13.4279636E-03,-47.3733354E-03,+91.6418018E-03
+6.0718937E-03,+16.4550805E-03,-47.2597355E-03,+91.6461453E-03
+6.0721875E-03,+14.9811785E-03,-47.3466060E-03,+91.6509900E-03
+6.0724812E-03,+10.5634783E-03,-47.5520882E-03,+91.6382935E-03
+6.0727750E-03,+5.6968413E-03,-47.4735706E-03,+91.6496535E-03
+6.0730687E-03,+2.7161433E-03,-47.4167707E-03,+91.6431383E-03
+6.0733625E-03,+2.9491200E-03,-47.3950531E-03,+91.6304418E-03
+6.0736562E-03,+6.9296075E-03,-47.3816884E-03,+91.6418018E-03
+6.0739500E-03,+12.1472716E-03,-47.4735706E-03,+91.6396300E-03
+6.0742437E-03,+15.7547905E-03,-47.3299002E-03,+91.6296065E-03
+6.0745375E-03,+15.4379437E-03,-47.1895709E-03,+91.6204183E-03
+6.0748312E-03,+11.6042841E-03,-47.4602059E-03,+91.6282700E-03
+6.0751250E-03,+7.2964751E-03,-47.6172411E-03,+91.6339500E-03
+6.0754187E-03,+3.9363033E-03,-47.7091234E-03,+91.6361218E-03
+6.0757125E-03,+3.1575825E-03,-47.5654529E-03,+91.6439735E-03
+6.0760062E-03,+6.9400453E-03,-47.2731002E-03,+91.6496535E-03
+6.0763000E-03,+11.8818420E-03,-47.2112885E-03,+91.6453100E-03
+6.0765937E-03,+16.4478402E-03,-47.4735706E-03,+91.6361218E-03
+6.0768875E-03,+16.4658492E-03,-47.4384883E-03,+91.6418018E-03
+6.0771812E-03,+13.0840666E-03,-47.5170059E-03,+91.6374583E-03
+6.0774750E-03,+7.9723980E-03,-47.5303706E-03,+91.6217547E-03
+6.0777687E-03,+4.1827316E-03,-47.5036412E-03,+91.6169100E-03
+6.0780625E-03,+2.8501077E-03,-47.6874058E-03,+91.6361218E-03
+6.0783562E-03,+5.4323306E-03,-47.5086530E-03,+91.6439735E-03
+6.0786500E-03,+10.7239783E-03,-47.2731002E-03,+91.6409665E-03
+6.0789437E-03,+14.7131395E-03,-47.2330061E-03,+91.6204183E-03
+6.0792375E-03,+15.9609744E-03,-47.5520882E-03,+91.6260983E-03
+6.0795312E-03,+13.7962278E-03,-47.6038764E-03,+91.6304418E-03
+6.0798250E-03,+9.4712185E-03,-47.8227233E-03,+91.6461453E-03
+6.0801187E-03,+5.0895362E-03,-47.5871706E-03,+91.6531618E-03
+6.0804125E-03,+3.0795929E-03,-47.4384883E-03,+91.6396300E-03
+6.0807062E-03,+5.9016653E-03,-47.4518530E-03,+91.6404653E-03
+6.0810000E-03,+10.6904964E-03,-47.3382531E-03,+91.6531618E-03
+6.0812937E-03,+15.5930410E-03,-47.2731002E-03,+91.6418018E-03
+6.0815875E-03,+16.6651234E-03,-47.1461356E-03,+91.6418018E-03
+6.0818812E-03,+13.9022967E-03,-47.3248884E-03,+91.6418018E-03
+6.0821750E-03,+8.6594202E-03,-47.4952883E-03,+91.6352865E-03
+6.0824687E-03,+3.9071950E-03,-47.4735706E-03,+91.6225900E-03
+6.0827625E-03,+1.8766333E-03,-47.4167707E-03,+91.6317783E-03
+6.0830562E-03,+3.8551161E-03,-47.3950531E-03,+91.6282700E-03
+6.0833500E-03,+9.4180370E-03,-47.3165355E-03,+91.6361218E-03
+6.0836437E-03,+14.9729091E-03,-47.3466060E-03,+91.6374583E-03
+6.0839375E-03,+16.2189431E-03,-47.5738059E-03,+91.6260983E-03
+6.0842312E-03,+14.5204807E-03,-47.5086530E-03,+91.6260983E-03
+6.0845250E-03,+10.5557235E-03,-47.3599707E-03,+91.6239265E-03
+6.0848187E-03,+5.7455757E-03,-47.4167707E-03,+91.6204183E-03
+6.0851125E-03,+3.1109431E-03,-47.4167707E-03,+91.6239265E-03
+6.0854062E-03,+5.1170274E-03,-47.4602059E-03,+91.6225900E-03
+6.0857000E-03,+10.0552223E-03,-47.5303706E-03,+91.6382935E-03
+6.0859937E-03,+16.2029556E-03,-47.3299002E-03,+91.6431383E-03
+6.0862875E-03,+17.1320325E-03,-47.1895709E-03,+91.6304418E-03
+6.0865812E-03,+14.4660497E-03,-47.5036412E-03,+91.6352865E-03
+6.0868750E-03,+9.6877667E-03,-47.6005353E-03,+91.6291053E-03
+6.0871687E-03,+4.3435256E-03,-47.3031708E-03,+91.6553335E-03
+6.0874625E-03,+1.6434360E-03,-47.4167707E-03,+91.6474818E-03
+6.0877562E-03,+3.1238434E-03,-47.4819236E-03,+91.6374583E-03
+6.0880500E-03,+8.1573753E-03,-47.5654529E-03,+91.6282700E-03
+6.0883437E-03,+13.7930303E-03,-47.3599707E-03,+91.6404653E-03
+6.0886375E-03,+17.1997313E-03,-47.4167707E-03,+91.6488182E-03
+6.0889312E-03,+15.2291504E-03,-47.4602059E-03,+91.6304418E-03
+6.0892250E-03,+11.5289039E-03,-47.5303706E-03,+91.6418018E-03
+6.0895187E-03,+7.0132939E-03,-47.5036412E-03,+91.6418018E-03
+6.0898125E-03,+3.2258327E-03,-47.7091234E-03,+91.6374583E-03
+6.0901062E-03,+3.5280152E-03,-47.5871706E-03,+91.6260983E-03
+6.0904000E-03,+8.0692786E-03,-47.3299002E-03,+91.6304418E-03
+6.0906937E-03,+13.2969762E-03,-47.2330061E-03,+91.6439735E-03
+6.0909875E-03,+16.4580208E-03,-47.5086530E-03,+91.6431383E-03
+6.0912812E-03,+15.5692251E-03,-47.3382531E-03,+91.6282700E-03
+6.0915750E-03,+11.1367870E-03,-47.4034060E-03,+91.6339500E-03
+6.0918687E-03,+6.3938236E-03,-47.4869353E-03,+91.6339500E-03
+6.0921625E-03,+2.2573200E-03,-47.3031708E-03,+91.6339500E-03
+6.0924562E-03,+2.1990666E-03,-47.3950531E-03,+91.6296065E-03
+6.0927500E-03,+6.4251738E-03,-47.4034060E-03,+91.6204183E-03
+6.0930437E-03,+12.1001911E-03,-47.6389588E-03,+91.6282700E-03
+6.0933375E-03,+15.2619340E-03,-47.7007705E-03,+91.6317783E-03
+6.0936312E-03,+15.5008647E-03,-47.4819236E-03,+91.6282700E-03
+6.0939250E-03,+12.4144285E-03,-47.5654529E-03,+91.6296065E-03
+6.0942187E-03,+8.0779156E-03,-47.4034060E-03,+91.6225900E-03
+6.0945125E-03,+4.4828559E-03,-47.5520882E-03,+91.6317783E-03
+6.0948062E-03,+3.4681079E-03,-47.4518530E-03,+91.6282700E-03
+6.0951000E-03,+6.8525367E-03,-47.3165355E-03,+91.6317783E-03
+6.0953937E-03,+11.9661900E-03,-47.2597355E-03,+91.6260983E-03
+6.0956875E-03,+15.7810321E-03,-47.3900413E-03,+91.6282700E-03
+6.0959812E-03,+15.9438475E-03,-47.7308410E-03,+91.6426371E-03
+6.0962750E-03,+13.3602280E-03,-47.5788176E-03,+91.6544982E-03
+6.0965687E-03,+9.4544959E-03,-47.1812179E-03,+91.6304418E-03
+6.0968625E-03,+5.4135866E-03,-47.2029356E-03,+91.6396300E-03
+6.0971562E-03,+3.7821983E-03,-47.3248884E-03,+91.6382935E-03
+6.0974500E-03,+6.0260739E-03,-47.5170059E-03,+91.6431383E-03
+6.0977437E-03,+10.1237297E-03,-47.5086530E-03,+91.6260983E-03
+6.0980375E-03,+14.1679835E-03,-47.3599707E-03,+91.6304418E-03
+6.0983312E-03,+15.1015075E-03,-47.3733354E-03,+91.6439735E-03
+6.0986250E-03,+12.7281514E-03,-47.2380179E-03,+91.6453100E-03
+6.0989187E-03,+9.1655445E-03,-47.2246532E-03,+91.6361218E-03
+6.0992125E-03,+5.2576073E-03,-47.4034060E-03,+91.6374583E-03
+6.0995062E-03,+3.6607299E-03,-47.5520882E-03,+91.6260983E-03
+6.0998000E-03,+5.8392221E-03,-47.4084178E-03,+91.6217547E-03
+6.1000937E-03,+10.9648936E-03,-47.2246532E-03,+91.6169100E-03
+6.1003875E-03,+15.1132684E-03,-47.3165355E-03,+91.6317783E-03
+6.1006812E-03,+16.0277912E-03,-47.3683237E-03,+91.6260983E-03
+6.1009750E-03,+14.0490144E-03,-47.6523235E-03,+91.6239265E-03
+6.1012687E-03,+9.5919518E-03,-47.5654529E-03,+91.6247618E-03
+6.1015625E-03,+5.4597483E-03,-47.4034060E-03,+91.6331147E-03
+6.1018562E-03,+3.0081085E-03,-47.5086530E-03,+91.6103947E-03
+6.1021500E-03,+4.6209365E-03,-47.3165355E-03,+91.6169100E-03
+6.1024437E-03,+8.4872695E-03,-47.2597355E-03,+91.6382935E-03
+6.1027375E-03,+13.3509295E-03,-47.3466060E-03,+91.6431383E-03
+6.1030312E-03,+15.3672678E-03,-47.5303706E-03,+91.6217547E-03
+6.1033250E-03,+14.2981991E-03,-47.4384883E-03,+91.6169100E-03
+6.1036187E-03,+10.2840459E-03,-47.4518530E-03,+91.6317783E-03
+6.1039125E-03,+5.6492463E-03,-47.4034060E-03,+91.6282700E-03
+6.1042062E-03,+2.4767348E-03,-47.5955235E-03,+91.6339500E-03
+6.1045000E-03,+3.7640056E-03,-47.5871706E-03,+91.6317783E-03
+6.1047937E-03,+8.0026088E-03,-47.4602059E-03,+91.6326136E-03
+6.1050875E-03,+13.4354612E-03,-47.5738059E-03,+91.6453100E-03
+6.1053812E-03,+15.6027070E-03,-47.5303706E-03,+91.6339500E-03
+6.1056750E-03,+14.1997748E-03,-47.4384883E-03,+91.6382935E-03
+6.1059687E-03,+10.6004150E-03,-47.5170059E-03,+91.6474818E-03
+6.1062625E-03,+5.7060663E-03,-47.4869353E-03,+91.6396300E-03
+6.1065562E-03,+2.6109932E-03,-47.3031708E-03,+91.6361218E-03
+6.1068500E-03,+3.1779069E-03,-47.3950531E-03,+91.6483171E-03
+6.1071437E-03,+7.1205389E-03,-47.3599707E-03,+91.6588418E-03
+6.1074375E-03,+12.3303011E-03,-47.4819236E-03,+91.6439735E-03
+6.1077312E-03,+15.8288477E-03,-47.6088882E-03,+91.6474818E-03
+6.1080250E-03,+14.8167092E-03,-47.4518530E-03,+91.6418018E-03
+6.1083187E-03,+11.3455068E-03,-47.4034060E-03,+91.6396300E-03
+6.1086125E-03,+6.6216916E-03,-47.4435001E-03,+91.6361218E-03
+6.1089062E-03,+3.0331004E-03,-47.2330061E-03,+91.6352865E-03
+6.1092000E-03,+3.4881382E-03,-47.5738059E-03,+91.6204183E-03
+6.1094937E-03,+8.3417647E-03,-47.4869353E-03,+91.6282700E-03
+6.1097875E-03,+13.0257030E-03,-47.2597355E-03,+91.6361218E-03
+6.1100812E-03,+16.3431679E-03,-47.3031708E-03,+91.6396300E-03
+6.1103750E-03,+16.2978883E-03,-47.4602059E-03,+91.6296065E-03
+6.1106687E-03,+12.0673340E-03,-47.4652177E-03,+91.6139030E-03
+6.1109625E-03,+7.3576320E-03,-47.2463708E-03,+91.6090583E-03
+6.1112562E-03,+3.6008594E-03,-47.4167707E-03,+91.6260983E-03
+6.1115500E-03,+3.3958884E-03,-47.4167707E-03,+91.6260983E-03
+6.1118437E-03,+6.7101926E-03,-47.4819236E-03,+91.6304418E-03
+6.1121375E-03,+11.8848925E-03,-47.5437353E-03,+91.6418018E-03
+6.1124312E-03,+15.5720550E-03,-47.2814531E-03,+91.6374583E-03
+6.1127250E-03,+16.0574508E-03,-47.2948178E-03,+91.6304418E-03
+6.1130187E-03,+12.3194958E-03,-47.3115237E-03,+91.6374583E-03
+6.1133125E-03,+7.2910724E-03,-47.5654529E-03,+91.6282700E-03
+6.1136062E-03,+4.2441089E-03,-47.4251236E-03,+91.6296065E-03
+6.1139000E-03,+3.6795474E-03,-47.6088882E-03,+91.6247618E-03
+6.1141937E-03,+6.7412856E-03,-47.5170059E-03,+91.6396300E-03
+6.1144875E-03,+11.8623263E-03,-47.5086530E-03,+91.6339500E-03
+6.1147812E-03,+14.8167092E-03,-47.3382531E-03,+91.6339500E-03
+6.1150750E-03,+15.6534260E-03,-47.3165355E-03,+91.6339500E-03
+6.1153687E-03,+12.7675873E-03,-47.2380179E-03,+91.6339500E-03
+6.1156625E-03,+7.6262590E-03,-47.2680884E-03,+91.6339500E-03
+6.1159562E-03,+3.7627193E-03,-47.4952883E-03,+91.6274347E-03
+6.1162500E-03,+3.3248818E-03,-47.4735706E-03,+91.6169100E-03
+6.1165437E-03,+5.9129484E-03,-47.4819236E-03,+91.6296065E-03
+6.1168375E-03,+10.4521537E-03,-47.6523235E-03,+91.6117312E-03
+6.1171312E-03,+14.9429554E-03,-47.5654529E-03,+91.6033783E-03
+6.1174250E-03,+15.5999505E-03,-47.3165355E-03,+91.6239265E-03
+6.1177187E-03,+13.2103864E-03,-47.2597355E-03,+91.6225900E-03
+6.1180125E-03,+9.0957507E-03,-47.3466060E-03,+91.6382935E-03
+6.1183062E-03,+4.4580844E-03,-47.5520882E-03,+91.6453100E-03
+6.1186000E-03,+2.3791191E-03,-47.3649825E-03,+91.6274347E-03
+6.1188937E-03,+4.7718440E-03,-47.1327709E-03,+91.6169100E-03
+6.1191875E-03,+9.8982873E-03,-47.4167707E-03,+91.6317783E-03
+6.1194812E-03,+14.4457253E-03,-47.4384883E-03,+91.6282700E-03
+6.1197750E-03,+16.1333823E-03,-47.5170059E-03,+91.6361218E-03
+6.1200687E-03,+14.1844856E-03,-47.4435001E-03,+91.6396300E-03
+6.1203625E-03,+9.7796490E-03,-47.2112885E-03,+91.6339500E-03
+6.1206562E-03,+4.6612913E-03,-47.4301354E-03,+91.6361218E-03
+6.1209500E-03,+2.1824910E-03,-47.2380179E-03,+91.6374583E-03
+6.1212437E-03,+4.1526677E-03,-47.2898061E-03,+91.6304418E-03
+6.1215375E-03,+9.1632291E-03,-47.6172411E-03,+91.6396300E-03
+6.1218312E-03,+13.8843245E-03,-47.6439705E-03,+91.6382935E-03
+6.1221250E-03,+15.7988940E-03,-47.2864649E-03,+91.6518253E-03
+6.1224187E-03,+14.3223458E-03,-47.0976886E-03,+91.6509900E-03
+6.1227125E-03,+10.4864810E-03,-47.5604412E-03,+91.6317783E-03
+6.1230062E-03,+6.5240759E-03,-47.6439705E-03,+91.6347853E-03
+6.1233000E-03,+3.4960401E-03,-47.3733354E-03,+91.6531618E-03
+6.1235937E-03,+4.0561545E-03,-47.3031708E-03,+91.6396300E-03
+6.1238875E-03,+7.1693468E-03,-47.4167707E-03,+91.6382935E-03
+6.1241812E-03,+12.0287067E-03,-47.4384883E-03,+91.6453100E-03
+6.1244750E-03,+14.6722335E-03,-47.4952883E-03,+91.6339500E-03
+6.1247687E-03,+14.3743511E-03,-47.5170059E-03,+91.6404653E-03
+6.1250625E-03,+10.7609885E-03,-47.5086530E-03,+91.6466465E-03
+6.1253562E-03,+6.0941771E-03,-47.3599707E-03,+91.6225900E-03
+6.1256500E-03,+3.4122803E-03,-47.4167707E-03,+91.6296065E-03
+6.1259437E-03,+2.8532317E-03,-47.4819236E-03,+91.6182465E-03
+6.1262375E-03,+5.4407103E-03,-47.5220177E-03,+91.6204183E-03
+6.1265312E-03,+10.8678659E-03,-47.3115237E-03,+91.6282700E-03
+6.1268250E-03,+14.7788537E-03,-47.6088882E-03,+91.6296065E-03
+6.1271187E-03,+15.1983882E-03,-47.4952883E-03,+91.6204183E-03
+6.1274125E-03,+12.0396591E-03,-47.4518530E-03,+91.6260983E-03
+6.1277062E-03,+7.9514120E-03,-47.3599707E-03,+91.6282700E-03
+6.1280000E-03,+5.1503255E-03,-47.3733354E-03,+91.6317783E-03
+6.1282937E-03,+5.0635886E-03,-47.3248884E-03,+91.6260983E-03
+6.1285875E-03,+7.2755259E-03,-47.4084178E-03,+91.6239265E-03
+6.1288812E-03,+11.7085888E-03,-47.2246532E-03,+91.6204183E-03
+6.1291750E-03,+15.5982599E-03,-47.3165355E-03,+91.6282700E-03
+6.1294687E-03,+15.9138939E-03,-47.3031708E-03,+91.6317783E-03
+6.1297625E-03,+13.0845444E-03,-47.4167707E-03,+91.6282700E-03
+6.1300562E-03,+8.7143290E-03,-47.4384883E-03,+91.6404653E-03
+6.1303500E-03,+5.4296477E-03,-47.4518530E-03,+91.6531618E-03
+6.1306437E-03,+4.3279791E-03,-47.3816884E-03,+91.6309430E-03
+6.1309375E-03,+6.5429669E-03,-47.4518530E-03,+91.6047148E-03
+6.1312312E-03,+10.9851445E-03,-47.3382531E-03,+91.6169100E-03
+6.1315250E-03,+14.2507878E-03,-47.3165355E-03,+91.6382935E-03
+6.1318187E-03,+14.8612905E-03,-47.2380179E-03,+91.6496535E-03
+6.1321125E-03,+12.4983722E-03,-47.2463708E-03,+91.6431383E-03
+6.1324062E-03,+7.8202777E-03,-47.2864649E-03,+91.6347853E-03
+6.1327000E-03,+3.8032210E-03,-47.1411238E-03,+91.6553335E-03
+6.1329937E-03,+3.3398402E-03,-47.6306058E-03,+91.6453100E-03
+6.1332875E-03,+5.6294732E-03,-47.5303706E-03,+91.6426371E-03
+6.1335812E-03,+10.4366072E-03,-47.3950531E-03,+91.6544982E-03
+6.1338750E-03,+14.3469334E-03,-47.3165355E-03,+91.6304418E-03
+6.1341687E-03,+15.5124786E-03,-47.2597355E-03,+91.6439735E-03
+6.1344625E-03,+12.6774324E-03,-47.3031708E-03,+91.6431383E-03
+6.1347562E-03,+8.4280973E-03,-47.4384883E-03,+91.6282700E-03
+6.1350500E-03,+4.2906381E-03,-47.4301354E-03,+91.6317783E-03
+6.1353437E-03,+2.3653368E-03,-47.2597355E-03,+91.6260983E-03
+6.1356375E-03,+4.7779082E-03,-47.2814531E-03,+91.6260983E-03
+6.1359312E-03,+9.2962746E-03,-47.3599707E-03,+91.6260983E-03
+6.1362250E-03,+13.8309960E-03,-47.4167707E-03,+91.6239265E-03
+6.1365187E-03,+15.3284200E-03,-47.4384883E-03,+91.6225900E-03
+6.1368125E-03,+13.6257678E-03,-47.4518530E-03,+91.6317783E-03
+6.1371062E-03,+9.3169665E-03,-47.3599707E-03,+91.6326136E-03
+6.1374000E-03,+5.9735540E-03,-47.3299002E-03,+91.6474818E-03
+6.1376937E-03,+3.0851058E-03,-47.1678532E-03,+91.6439735E-03
+6.1379875E-03,+4.0470030E-03,-47.2731002E-03,+91.6474818E-03
+6.1382812E-03,+8.7712592E-03,-47.2112885E-03,+91.6396300E-03
+6.1385750E-03,+12.7884629E-03,-47.4084178E-03,+91.6317783E-03
+6.1388687E-03,+15.2822583E-03,-47.2029356E-03,+91.6260983E-03
+6.1391625E-03,+13.9401155E-03,-47.2597355E-03,+91.6260983E-03
+6.1394562E-03,+10.3418215E-03,-47.3031708E-03,+91.6304418E-03
+6.1397500E-03,+7.2854492E-03,-47.3950531E-03,+91.6418018E-03
+6.1400437E-03,+5.4940020E-03,-47.3599707E-03,+91.6396300E-03
+6.1403375E-03,+5.4859531E-03,-47.3733354E-03,+91.6317783E-03
+6.1406312E-03,+8.8254330E-03,-47.2597355E-03,+91.6326136E-03
+6.1409250E-03,+12.7309446E-03,-47.2380179E-03,+91.6431383E-03
+6.1412187E-03,+15.3617549E-03,-47.1812179E-03,+91.6217547E-03
+6.1415125E-03,+15.0772873E-03,-47.2029356E-03,+91.6125665E-03
+6.1418062E-03,+11.5229131E-03,-47.3031708E-03,+91.6204183E-03
+6.1421000E-03,+7.3525233E-03,-47.3950531E-03,+91.6282700E-03
+6.1423937E-03,+4.6827917E-03,-47.3816884E-03,+91.6339500E-03
+6.1426875E-03,+4.0783165E-03,-47.4084178E-03,+91.6339500E-03
+6.1429812E-03,+7.4340045E-03,-47.0726298E-03,+91.6317783E-03
+6.1432750E-03,+12.3645181E-03,-46.9189358E-03,+91.6304418E-03
+6.1435687E-03,+15.1173480E-03,-47.2380179E-03,+91.6352865E-03
+6.1438625E-03,+15.0238486E-03,-47.2680884E-03,+91.6160747E-03
+6.1441562E-03,+12.4395675E-03,-47.4735706E-03,+91.6103947E-03
+6.1444500E-03,+8.3087239E-03,-47.3516178E-03,+91.6169100E-03
+6.1447437E-03,+6.1148322E-03,-47.1595003E-03,+91.6296065E-03
+6.1450375E-03,+5.7554990E-03,-47.2112885E-03,+91.6182465E-03
+6.1453312E-03,+7.2266078E-03,-47.3649825E-03,+91.6225900E-03
+6.1456250E-03,+10.0961283E-03,-47.1110533E-03,+91.6296065E-03
+6.1459187E-03,+13.8585240E-03,-47.3382531E-03,+91.6139030E-03
+6.1462125E-03,+14.4605735E-03,-47.3382531E-03,+91.6134018E-03
+6.1465062E-03,+12.1622668E-03,-47.2731002E-03,+91.6418018E-03
+6.1468000E-03,+8.6871319E-03,-47.1678532E-03,+91.6396300E-03
+6.1470937E-03,+5.3024826E-03,-47.2731002E-03,+91.6317783E-03
+6.1473875E-03,+4.0982366E-03,-47.1678532E-03,+91.6347853E-03
+6.1476812E-03,+6.1329881E-03,-47.3599707E-03,+91.6488182E-03
+6.1479750E-03,+9.5784635E-03,-47.4384883E-03,+91.6282700E-03
+6.1482687E-03,+13.1895107E-03,-47.4301354E-03,+91.6317783E-03
+6.1485625E-03,+15.0987143E-03,-47.2597355E-03,+91.6239265E-03
+6.1488562E-03,+12.8709732E-03,-47.2814531E-03,+91.6204183E-03
+6.1491500E-03,+9.2739289E-03,-47.3382531E-03,+91.6217547E-03
+6.1494437E-03,+5.6954447E-03,-47.4251236E-03,+91.6169100E-03
+6.1497375E-03,+3.4375295E-03,-47.5654529E-03,+91.6339500E-03
+6.1500312E-03,+5.0652425E-03,-47.3165355E-03,+91.6317783E-03
+6.1503250E-03,+8.8654202E-03,-47.2814531E-03,+91.6347853E-03
+6.1506187E-03,+12.6701553E-03,-47.3165355E-03,+91.6531618E-03
+6.1509125E-03,+14.4551708E-03,-47.2380179E-03,+91.6374583E-03
+6.1512062E-03,+13.6713782E-03,-47.1595003E-03,+91.6239265E-03
+6.1515000E-03,+10.5064746E-03,-47.1461356E-03,+91.6204183E-03
+6.1517937E-03,+6.3750796E-03,-47.2380179E-03,+91.6260983E-03
+6.1520875E-03,+3.0533881E-03,-47.1595003E-03,+91.6239265E-03
+6.1523812E-03,+3.5714571E-03,-47.1678532E-03,+91.6182465E-03
+6.1526750E-03,+8.2519038E-03,-47.3382531E-03,+91.6225900E-03
+6.1529687E-03,+13.5220143E-03,-47.3165355E-03,+91.6317783E-03
+6.1532625E-03,+15.4093132E-03,-47.3248884E-03,+91.6217547E-03
+6.1535562E-03,+14.8683838E-03,-47.3867001E-03,+91.6190818E-03
+6.1538500E-03,+12.4784889E-03,-47.1678532E-03,+91.6439735E-03
+6.1541437E-03,+8.1087880E-03,-47.4034060E-03,+91.6431383E-03
+6.1544375E-03,+4.7960274E-03,-47.4869353E-03,+91.6304418E-03
+6.1547312E-03,+4.7153548E-03,-47.2814531E-03,+91.6352865E-03
+6.1550250E-03,+7.3718921E-03,-47.3382531E-03,+91.6182465E-03
+6.1553187E-03,+11.8688315E-03,-47.3382531E-03,+91.6204183E-03
+6.1556125E-03,+14.8478021E-03,-47.3165355E-03,+91.6282700E-03
+6.1559062E-03,+14.1382872E-03,-47.2814531E-03,+91.6361218E-03
+6.1562000E-03,+10.9382110E-03,-47.3165355E-03,+91.6352865E-03
+6.1564937E-03,+6.6958590E-03,-47.3031708E-03,+91.6204183E-03
+6.1567875E-03,+3.8508528E-03,-47.4384883E-03,+91.6326136E-03
+6.1570812E-03,+3.4315755E-03,-47.4301354E-03,+91.6453100E-03
+6.1573750E-03,+6.1946228E-03,-47.2380179E-03,+91.6339500E-03
+6.1576687E-03,+11.1227106E-03,-47.2246532E-03,+91.6404653E-03
+6.1579625E-03,+15.1250661E-03,-47.3165355E-03,+91.6509900E-03
+6.1582562E-03,+15.8789786E-03,-47.3248884E-03,+91.6361218E-03
+6.1585500E-03,+13.5496525E-03,-47.4735706E-03,+91.6352865E-03
+6.1588437E-03,+9.2813897E-03,-47.3950531E-03,+91.6160747E-03
+6.1591375E-03,+5.4702596E-03,-47.3165355E-03,+91.6169100E-03
+6.1594312E-03,+4.2858602E-03,-47.2597355E-03,+91.6339500E-03
+6.1597250E-03,+7.0006877E-03,-47.2380179E-03,+91.6339500E-03
+6.1600187E-03,+11.3417580E-03,-47.1812179E-03,+91.6339500E-03
+6.1603125E-03,+14.6759088E-03,-47.1377827E-03,+91.6296065E-03
+6.1606062E-03,+14.5779623E-03,-47.0459004E-03,+91.6225900E-03
+6.1609000E-03,+12.0528534E-03,-47.1461356E-03,+91.6361218E-03
+6.1611937E-03,+8.1530753E-03,-47.2163003E-03,+91.6331147E-03
+6.1614875E-03,+4.4669051E-03,-47.1461356E-03,+91.6169100E-03
+6.1617812E-03,+2.8137590E-03,-47.2814531E-03,+91.6317783E-03
+6.1620750E-03,+5.6594636E-03,-47.3816884E-03,+91.6326136E-03
+6.1623687E-03,+10.0373971E-03,-47.4301354E-03,+91.6431383E-03
+6.1626625E-03,+13.8567966E-03,-47.3031708E-03,+91.6195830E-03
+6.1629562E-03,+15.1764835E-03,-47.4167707E-03,+91.6155736E-03
+6.1632500E-03,+12.6669578E-03,-47.3950531E-03,+91.6474818E-03
+6.1635437E-03,+8.9373824E-03,-47.3165355E-03,+91.6418018E-03
+6.1638375E-03,+5.3461818E-03,-47.3466060E-03,+91.6439735E-03
+6.1641312E-03,+3.7291639E-03,-47.5086530E-03,+91.6409665E-03
+6.1644250E-03,+5.8313937E-03,-47.4034060E-03,+91.6247618E-03
+6.1647187E-03,+9.5912167E-03,-47.5086530E-03,+91.6374583E-03
+6.1650125E-03,+13.3929748E-03,-47.3599707E-03,+91.6260983E-03
+6.1653062E-03,+14.3331511E-03,-47.4819236E-03,+91.6239265E-03
+6.1656000E-03,+13.1831157E-03,-47.5654529E-03,+91.6182465E-03
+6.1658937E-03,+9.6645756E-03,-47.3165355E-03,+91.6182465E-03
+6.1661875E-03,+6.2396819E-03,-47.3031708E-03,+91.6160747E-03
+6.1664812E-03,+4.6748531E-03,-47.3081825E-03,+91.6169100E-03
+6.1667750E-03,+5.5734250E-03,-47.1327709E-03,+91.6296065E-03
+6.1670687E-03,+8.3580462E-03,-47.4384883E-03,+91.6182465E-03
+6.1673625E-03,+12.5762516E-03,-47.4735706E-03,+91.6204183E-03
+6.1676562E-03,+14.8529108E-03,-47.3299002E-03,+91.6260983E-03
+6.1679500E-03,+13.8135752E-03,-47.2330061E-03,+91.6260983E-03
+6.1682437E-03,+10.7868258E-03,-47.4435001E-03,+91.6304418E-03
+6.1685375E-03,+6.8349320E-03,-47.1895709E-03,+91.6374583E-03
+6.1688312E-03,+4.5155659E-03,-47.3733354E-03,+91.6217547E-03
+6.1691250E-03,+5.1512076E-03,-47.3031708E-03,+91.6169100E-03
+6.1694187E-03,+8.2403634E-03,-47.4167707E-03,+91.6339500E-03
+6.1697125E-03,+12.1043074E-03,-47.3950531E-03,+91.6317783E-03
+6.1700062E-03,+15.3474948E-03,-47.3165355E-03,+91.6326136E-03
+6.1703000E-03,+14.5442231E-03,-47.3031708E-03,+91.6453100E-03
+6.1705937E-03,+11.4262897E-03,-47.3516178E-03,+91.6317783E-03
+6.1708875E-03,+6.8629378E-03,-47.3115237E-03,+91.6260983E-03
+6.1711812E-03,+3.3708597E-03,-47.5871706E-03,+91.6304418E-03
+6.1714750E-03,+3.8809534E-03,-47.4167707E-03,+91.6418018E-03
+6.1717687E-03,+6.5824763E-03,-47.3299002E-03,+91.6374583E-03
+6.1720625E-03,+11.2184520E-03,-47.0809827E-03,+91.6260983E-03
+6.1723562E-03,+15.0483995E-03,-47.1979238E-03,+91.6282700E-03
+6.1726500E-03,+15.4591501E-03,-47.5654529E-03,+91.6296065E-03
+6.1729437E-03,+12.0069122E-03,-47.4251236E-03,+91.6225900E-03
+6.1732375E-03,+7.7110847E-03,-47.5220177E-03,+91.6382935E-03
+6.1735312E-03,+3.5960816E-03,-47.2246532E-03,+91.6496535E-03
+6.1738250E-03,+3.3104747E-03,-47.3816884E-03,+91.6431383E-03
+6.1741187E-03,+7.1691998E-03,-47.4518530E-03,+91.6217547E-03
+6.1744125E-03,+12.0947517E-03,-47.3382531E-03,+91.6103947E-03
+6.1747062E-03,+15.1440674E-03,-47.3165355E-03,+91.6190818E-03
+6.1750000E-03,+15.0670333E-03,-47.2163003E-03,+91.6418018E-03
+6.1752937E-03,+12.5006509E-03,-47.1244180E-03,+91.6374583E-03
+6.1755875E-03,+8.9364269E-03,-47.1595003E-03,+91.6260983E-03
+6.1758812E-03,+5.1956786E-03,-47.1678532E-03,+91.6304418E-03
+6.1761750E-03,+3.7676442E-03,-47.4251236E-03,+91.6374583E-03
+6.1764687E-03,+6.4027178E-03,-47.5871706E-03,+91.6239265E-03
+6.1767625E-03,+10.7318066E-03,-47.3733354E-03,+91.6225900E-03
+6.1770562E-03,+14.4732165E-03,-47.3683237E-03,+91.6317783E-03
+6.1773500E-03,+15.1481837E-03,-47.4785824E-03,+91.6282700E-03
+6.1776437E-03,+12.7981657E-03,-47.0459004E-03,+91.6339500E-03
+6.1779375E-03,+9.2343092E-03,-47.1244180E-03,+91.6361218E-03
+6.1782312E-03,+5.4467010E-03,-47.2680884E-03,+91.6396300E-03
+6.1785250E-03,+3.7492677E-03,-47.4735706E-03,+91.6339500E-03
+6.1788187E-03,+5.1400714E-03,-47.3081825E-03,+91.6339500E-03
+6.1791125E-03,+9.3229205E-03,-47.0676180E-03,+91.6317783E-03
+6.1794062E-03,+13.2316663E-03,-47.2029356E-03,+91.6260983E-03
+6.1797000E-03,+15.1736167E-03,-47.1945826E-03,+91.6282700E-03
+6.1799937E-03,+14.1979739E-03,-47.0893356E-03,+91.6317783E-03
+6.1802875E-03,+10.2635011E-03,-47.2814531E-03,+91.6282700E-03
+6.1805812E-03,+5.2880754E-03,-47.3382531E-03,+91.6339500E-03
+6.1808750E-03,+2.5904851E-03,-47.3165355E-03,+91.6339500E-03
+6.1811687E-03,+4.5228798E-03,-47.3031708E-03,+91.6361218E-03
+6.1814625E-03,+9.3398636E-03,-47.2864649E-03,+91.6374583E-03
+6.1817562E-03,+14.4299215E-03,-47.0108181E-03,+91.6239265E-03
+6.1820500E-03,+16.4523608E-03,-47.1812179E-03,+91.6117312E-03
+6.1823437E-03,+14.9581712E-03,-47.1812179E-03,+91.6012065E-03
+6.1826375E-03,+9.7853457E-03,-47.2029356E-03,+91.6225900E-03
+6.1829312E-03,+5.0192646E-03,-47.3248884E-03,+91.6317783E-03
+6.1832250E-03,+2.7999767E-03,-47.5170059E-03,+91.6282700E-03
+6.1835187E-03,+3.8611803E-03,-47.5086530E-03,+91.6317783E-03
+6.1838125E-03,+8.3292320E-03,-47.2513826E-03,+91.6239265E-03
+6.1841062E-03,+13.2446768E-03,-47.1327709E-03,+91.6204183E-03
+6.1844000E-03,+15.4069977E-03,-47.4167707E-03,+91.6304418E-03
+6.1846937E-03,+14.5326459E-03,-47.4602059E-03,+91.6396300E-03
+6.1849875E-03,+10.2618839E-03,-47.4435001E-03,+91.6296065E-03
+6.1852812E-03,+6.3364155E-03,-47.1895709E-03,+91.6247618E-03
+6.1855750E-03,+3.4385953E-03,-47.3516178E-03,+91.6396300E-03
+6.1858687E-03,+3.5001564E-03,-47.2246532E-03,+91.6317783E-03
+6.1861625E-03,+8.0313128E-03,-47.3382531E-03,+91.6282700E-03
+6.1864562E-03,+13.5143329E-03,-47.3165355E-03,+91.6339500E-03
+6.1867500E-03,+16.2321374E-03,-47.2380179E-03,+91.6296065E-03
+6.1870437E-03,+15.5388304E-03,-47.2246532E-03,+91.6204183E-03
+6.1873375E-03,+11.9040408E-03,-47.3816884E-03,+91.6282700E-03
+6.1876312E-03,+6.4135231E-03,-47.4301354E-03,+91.6296065E-03
+6.1879250E-03,+2.8294893E-03,-47.2380179E-03,+91.6225900E-03
+6.1882187E-03,+2.8379792E-03,-47.2463708E-03,+91.6361218E-03
+6.1885125E-03,+6.8972282E-03,-47.3516178E-03,+91.6352865E-03
+6.1888062E-03,+12.4541584E-03,-47.2246532E-03,+91.6160747E-03
+6.1891000E-03,+15.9146290E-03,-47.3382531E-03,+91.6147383E-03
+6.1893937E-03,+16.1254804E-03,-47.3382531E-03,+91.6239265E-03
+6.1896875E-03,+11.8084833E-03,-47.3599707E-03,+91.6269336E-03
+6.1899812E-03,+7.0005774E-03,-47.3516178E-03,+91.6409665E-03
+6.1902750E-03,+3.2611523E-03,-47.1595003E-03,+91.6204183E-03
+6.1905687E-03,+2.9055678E-03,-47.1461356E-03,+91.6239265E-03
+6.1908625E-03,+6.6697277E-03,-47.2597355E-03,+91.6204183E-03
+6.1911562E-03,+12.0214296E-03,-47.3248884E-03,+91.6326136E-03
+6.1914500E-03,+16.5343566E-03,-47.5604412E-03,+91.6474818E-03
+6.1917437E-03,+16.5365250E-03,-47.6439705E-03,+91.6396300E-03
+6.1920375E-03,+13.3849260E-03,-47.4167707E-03,+91.6274347E-03
+6.1923312E-03,+7.6077356E-03,-47.4819236E-03,+91.6169100E-03
+6.1926250E-03,+3.7986636E-03,-47.5654529E-03,+91.6339500E-03
+6.1929187E-03,+2.4952583E-03,-47.3382531E-03,+91.6317783E-03
+6.1932125E-03,+5.9484150E-03,-47.3816884E-03,+91.6304418E-03
+6.1935062E-03,+10.8107887E-03,-47.5170059E-03,+91.6396300E-03
+6.1938000E-03,+14.5621217E-03,-47.5520882E-03,+91.6296065E-03
+6.1940937E-03,+16.3439397E-03,-47.4518530E-03,+91.6225900E-03
+6.1943875E-03,+14.0401569E-03,-47.2513826E-03,+91.6382935E-03
+6.1946812E-03,+8.1583677E-03,-47.0893356E-03,+91.6453100E-03
+6.1949750E-03,+3.2835348E-03,-47.2597355E-03,+91.6317783E-03
+6.1952687E-03,+1.4342752E-03,-47.2163003E-03,+91.6282700E-03
+6.1955625E-03,+4.5146103E-03,-47.1244180E-03,+91.6317783E-03
+6.1958562E-03,+10.1843720E-03,-47.2246532E-03,+91.6260983E-03
+6.1961500E-03,+15.3405852E-03,-47.3165355E-03,+91.6282700E-03
+6.1964437E-03,+17.0696628E-03,-47.1945826E-03,+91.6339500E-03
+6.1967375E-03,+14.6964904E-03,-47.0676180E-03,+91.6382935E-03
+6.1970312E-03,+9.5989349E-03,-47.2029356E-03,+91.6453100E-03
+6.1973250E-03,+5.3856912E-03,-47.3248884E-03,+91.6317783E-03
+6.1976187E-03,+3.7558832E-03,-47.4301354E-03,+91.6260983E-03
+6.1979125E-03,+5.3314806E-03,-47.3466060E-03,+91.6304418E-03
+6.1982062E-03,+10.1763231E-03,-47.4869353E-03,+91.6374583E-03
+6.1985000E-03,+15.0414165E-03,-47.3466060E-03,+91.6282700E-03
+6.1987937E-03,+16.9687393E-03,-47.4869353E-03,+91.6339500E-03
+6.1990875E-03,+15.0898569E-03,-47.3031708E-03,+91.6339500E-03
+6.1993812E-03,+10.0105675E-03,-47.3950531E-03,+91.6339500E-03
+6.1996750E-03,+4.7676174E-03,-47.2948178E-03,+91.6296065E-03
+6.1999687E-03,+1.1586651E-03,-47.2029356E-03,+91.6247618E-03
+6.2002625E-03,+2.7221340E-03,-47.2597355E-03,+91.6396300E-03
+6.2005562E-03,+7.5384563E-03,-47.2380179E-03,+91.6317783E-03
+6.2008500E-03,+13.6101478E-03,-47.1812179E-03,+91.6239265E-03
+6.2011437E-03,+16.8291517E-03,-47.1812179E-03,+91.6182465E-03
+6.2014375E-03,+16.0402504E-03,-47.3115237E-03,+91.6204183E-03
+6.2017312E-03,+12.1990197E-03,-47.5654529E-03,+91.6174112E-03
+6.2020250E-03,+6.6899051E-03,-47.3599707E-03,+91.6012065E-03
+6.2023187E-03,+2.9139475E-03,-47.4384883E-03,+91.6182465E-03
+6.2026125E-03,+3.4066203E-03,-47.5170059E-03,+91.6225900E-03
+6.2029062E-03,+8.1805297E-03,-47.5520882E-03,+91.6296065E-03
+6.2032000E-03,+13.1972288E-03,-47.4735706E-03,+91.6225900E-03
+6.2034937E-03,+16.3942912E-03,-47.3081825E-03,+91.6339500E-03
+6.2037875E-03,+15.4606937E-03,-47.1110533E-03,+91.6404653E-03
+6.2040812E-03,+12.0231570E-03,-47.3816884E-03,+91.6466465E-03
+6.2043750E-03,+6.4989002E-03,-47.4735706E-03,+91.6269336E-03
+6.2046687E-03,+3.4172786E-03,-47.4167707E-03,+91.6431383E-03
+6.2049625E-03,+3.9889702E-03,-47.4167707E-03,+91.6304418E-03
+6.2052562E-03,+7.4685155E-03,-47.4602059E-03,+91.6352865E-03
+6.2055500E-03,+12.0773308E-03,-47.4435001E-03,+91.6291053E-03
+6.2058437E-03,+15.4746231E-03,-47.1678532E-03,+91.6553335E-03
+6.2061375E-03,+15.7613326E-03,-47.3382531E-03,+91.6409665E-03
+6.2064312E-03,+12.1569009E-03,-47.3382531E-03,+91.6269336E-03
+6.2067250E-03,+8.0335548E-03,-47.3382531E-03,+91.6409665E-03
+6.2070187E-03,+5.1324268E-03,-47.3816884E-03,+91.6204183E-03
+6.2073125E-03,+5.5010953E-03,-47.4301354E-03,+91.6282700E-03
+6.2076062E-03,+7.5471300E-03,-47.3031708E-03,+91.6296065E-03
+6.2079000E-03,+11.7494213E-03,-47.3299002E-03,+91.6182465E-03
+6.2081937E-03,+15.1384442E-03,-47.1895709E-03,+91.6204183E-03
+6.2084875E-03,+14.8247213E-03,-47.3950531E-03,+91.6260983E-03
+6.2087812E-03,+11.8662221E-03,-47.3165355E-03,+91.6282700E-03
+6.2090750E-03,+6.8279858E-03,-47.2163003E-03,+91.6274347E-03
+6.2093687E-03,+2.8669773E-03,-47.0592651E-03,+91.6169100E-03
+6.2096625E-03,+2.9791472E-03,-47.0108181E-03,+91.6382935E-03
+6.2099562E-03,+5.8560182E-03,-47.2029356E-03,+91.6409665E-03
+6.2102500E-03,+10.5220945E-03,-47.2814531E-03,+91.6247618E-03
+6.2105437E-03,+14.8809165E-03,-47.3165355E-03,+91.6352865E-03
+6.2108375E-03,+15.7507477E-03,-47.2597355E-03,+91.6247618E-03
+6.2111312E-03,+13.5642802E-03,-47.2380179E-03,+91.6352865E-03
+6.2114250E-03,+9.0110720E-03,-47.2898061E-03,+91.6160747E-03
+6.2117187E-03,+4.1342545E-03,-47.3566296E-03,+91.6190818E-03
+6.2120125E-03,+2.4218627E-03,-46.9406534E-03,+91.6418018E-03
+6.2123062E-03,+5.5180384E-03,-47.3382531E-03,+91.6439735E-03
+6.2126000E-03,+10.4883553E-03,-47.3165355E-03,+91.6453100E-03
+6.2128937E-03,+14.8079987E-03,-47.3031708E-03,+91.6317783E-03
+6.2131875E-03,+16.3220350E-03,-47.3299002E-03,+91.6282700E-03
+6.2134812E-03,+13.8585240E-03,-47.1244180E-03,+91.6296065E-03
+6.2137750E-03,+8.2182749E-03,-47.2246532E-03,+91.6182465E-03
+6.2140687E-03,+3.7554422E-03,-47.3165355E-03,+91.6160747E-03
+6.2143625E-03,+2.3994435E-03,-47.3683237E-03,+91.6125665E-03
+6.2146562E-03,+5.1736636E-03,-47.5220177E-03,+91.6182465E-03
+6.2149500E-03,+10.2057254E-03,-47.2463708E-03,+91.6225900E-03
+6.2152437E-03,+15.6609603E-03,-47.3950531E-03,+91.6361218E-03
+6.2155375E-03,+17.4930196E-03,-47.3599707E-03,+91.6418018E-03
+6.2158312E-03,+15.2266512E-03,-47.3081825E-03,+91.6352865E-03
+6.2161250E-03,+10.1129244E-03,-47.1110533E-03,+91.6204183E-03
+6.2164187E-03,+5.0095619E-03,-47.2948178E-03,+91.6260983E-03
+6.2167125E-03,+2.6706065E-03,-47.1595003E-03,+91.6217547E-03
+6.2170062E-03,+4.4755788E-03,-47.1678532E-03,+91.6125665E-03
+6.2173000E-03,+9.4931232E-03,-47.4034060E-03,+91.6160747E-03
+6.2175937E-03,+15.1809305E-03,-47.5086530E-03,+91.6147383E-03
+6.2178875E-03,+17.8669805E-03,-47.3382531E-03,+91.6239265E-03
+6.2181812E-03,+15.6094328E-03,-47.2731002E-03,+91.6247618E-03
+6.2184750E-03,+10.4595043E-03,-47.1895709E-03,+91.6396300E-03
+6.2187687E-03,+5.3415142E-03,-47.4384883E-03,+91.6317783E-03
+6.2190625E-03,+1.9377166E-03,-47.5387235E-03,+91.6260983E-03
+6.2193562E-03,+3.1000642E-03,-47.6088882E-03,+91.6239265E-03
+6.2196500E-03,+7.4286753E-03,-47.4301354E-03,+91.6247618E-03
+6.2199437E-03,+12.6413042E-03,-47.2163003E-03,+91.6331147E-03
+6.2202375E-03,+15.9654582E-03,-47.2547238E-03,+91.6125665E-03
+6.2205312E-03,+14.6965639E-03,-47.6088882E-03,+91.6182465E-03
+6.2208250E-03,+10.5619715E-03,-47.4952883E-03,+91.6182465E-03
+6.2211187E-03,+5.8153327E-03,-47.4735706E-03,+91.6247618E-03
+6.2214125E-03,+2.8982540E-03,-47.3950531E-03,+91.6352865E-03
+6.2217062E-03,+3.8714711E-03,-47.2513826E-03,+91.6247618E-03
+6.2220000E-03,+8.4325444E-03,-47.1110533E-03,+91.6352865E-03
+6.2222937E-03,+13.1310736E-03,-47.3816884E-03,+91.6204183E-03
+6.2225875E-03,+16.8384869E-03,-47.4952883E-03,+91.6304418E-03
+6.2228812E-03,+16.1258112E-03,-47.3867001E-03,+91.6396300E-03
+6.2231750E-03,+11.5484197E-03,-47.1461356E-03,+91.6317783E-03
+6.2234687E-03,+6.1880808E-03,-47.2814531E-03,+91.6304418E-03
+6.2237625E-03,+3.2160197E-03,-47.3599707E-03,+91.6418018E-03
+6.2240562E-03,+3.6884049E-03,-47.4167707E-03,+91.6352865E-03
+6.2243500E-03,+8.0742035E-03,-47.3299002E-03,+91.6182465E-03
+6.2246437E-03,+12.5143229E-03,-47.1244180E-03,+91.6117312E-03
+6.2249375E-03,+15.3523094E-03,-47.2680884E-03,+91.6033783E-03
+6.2252312E-03,+14.5335280E-03,-47.4301354E-03,+91.6260983E-03
+6.2255250E-03,+10.3799343E-03,-47.2597355E-03,+91.6282700E-03
+6.2258187E-03,+5.8263954E-03,-47.2814531E-03,+91.6296065E-03
+6.2261125E-03,+1.9567546E-03,-47.3599707E-03,+91.6269336E-03
+6.2264062E-03,+2.9691504E-03,-47.4384883E-03,+91.6474818E-03
+6.2267000E-03,+7.7859504E-03,-47.4518530E-03,+91.6352865E-03
+6.2269937E-03,+13.5602741E-03,-47.2731002E-03,+91.6225900E-03
+6.2272875E-03,+16.3183965E-03,-47.1027003E-03,+91.6361218E-03
+6.2275812E-03,+16.2315126E-03,-47.2112885E-03,+91.6374583E-03
+6.2278750E-03,+12.4370316E-03,-47.3867001E-03,+91.6260983E-03
+6.2281687E-03,+8.0534381E-03,-47.1895709E-03,+91.6239265E-03
+6.2284625E-03,+4.4403695E-03,-47.3299002E-03,+91.6225900E-03
+6.2287562E-03,+4.4709479E-03,-47.1895709E-03,+91.6317783E-03
+6.2290500E-03,+8.2799463E-03,-47.3516178E-03,+91.6239265E-03
+6.2293437E-03,+13.0794357E-03,-47.1812179E-03,+91.6225900E-03
+6.2296375E-03,+16.3191683E-03,-47.1812179E-03,+91.6296065E-03
+6.2299312E-03,+16.1803158E-03,-47.1812179E-03,+91.6225900E-03
+6.2302250E-03,+12.9793208E-03,-47.1812179E-03,+91.6317783E-03
+6.2305187E-03,+7.8680564E-03,-47.2680884E-03,+91.6260983E-03
+6.2308125E-03,+3.3401710E-03,-47.4735706E-03,+91.6195830E-03
+6.2311062E-03,+1.9999025E-03,-47.3733354E-03,+91.6090583E-03
+6.2314000E-03,+4.8585441E-03,-47.3031708E-03,+91.6304418E-03
+6.2316937E-03,+10.3370068E-03,-47.4384883E-03,+91.6374583E-03
+6.2319875E-03,+14.9659628E-03,-47.4735706E-03,+91.6239265E-03
+6.2322812E-03,+16.0153687E-03,-47.4167707E-03,+91.6204183E-03
+6.2325750E-03,+14.1721366E-03,-47.3733354E-03,+91.6304418E-03
+6.2328687E-03,+9.5229299E-03,-47.2380179E-03,+91.6461453E-03
+6.2331625E-03,+5.3228069E-03,-47.2029356E-03,+91.6488182E-03
+6.2334562E-03,+2.6587720E-03,-47.2814531E-03,+91.6217547E-03
+6.2337500E-03,+4.1926181E-03,-47.3382531E-03,+91.6147383E-03
+6.2340437E-03,+8.8452429E-03,-47.3816884E-03,+91.6282700E-03
+6.2343375E-03,+13.6859690E-03,-47.4301354E-03,+91.6361218E-03
+6.2346312E-03,+15.8231142E-03,-47.3031708E-03,+91.6396300E-03
+6.2349250E-03,+14.1410804E-03,-47.4167707E-03,+91.6339500E-03
+6.2352187E-03,+9.6627379E-03,-47.3733354E-03,+91.6296065E-03
+6.2355125E-03,+5.5459706E-03,-47.2597355E-03,+91.6182465E-03
+6.2358062E-03,+3.2906281E-03,-47.2163003E-03,+91.6225900E-03
+6.2361000E-03,+4.6760659E-03,-47.1461356E-03,+91.6317783E-03
+6.2363937E-03,+9.4764741E-03,-47.2814531E-03,+91.6217547E-03
+6.2366875E-03,+14.0263378E-03,-47.4034060E-03,+91.6169100E-03
+6.2369812E-03,+16.0573405E-03,-47.5086530E-03,+91.6317783E-03
+6.2372750E-03,+14.6152665E-03,-47.3599707E-03,+91.6282700E-03
+6.2375687E-03,+11.0194350E-03,-47.4384883E-03,+91.6339500E-03
+6.2378625E-03,+6.4495042E-03,-47.4301354E-03,+91.6339500E-03
+6.2381562E-03,+3.6336063E-03,-47.2380179E-03,+91.6339500E-03
+6.2384500E-03,+3.2769928E-03,-47.2680884E-03,+91.6317783E-03
+6.2387437E-03,+7.1596807E-03,-47.4518530E-03,+91.6260983E-03
+6.2390375E-03,+12.7062834E-03,-47.3165355E-03,+91.6282700E-03
+6.2393312E-03,+15.8643510E-03,-47.3031708E-03,+91.6382935E-03
+6.2396250E-03,+15.3436725E-03,-47.4167707E-03,+91.6474818E-03
+6.2399187E-03,+11.5120343E-03,-47.4167707E-03,+91.6352865E-03
+6.2402125E-03,+6.1118552E-03,-47.3950531E-03,+91.6225900E-03
+6.2405062E-03,+3.5535584E-03,-47.3599707E-03,+91.6317783E-03
+6.2408000E-03,+3.4015851E-03,-47.3733354E-03,+91.6304418E-03
+6.2410937E-03,+6.7891379E-03,-47.2380179E-03,+91.6309430E-03
+6.2413875E-03,+11.5318073E-03,-47.2246532E-03,+91.6090583E-03
+6.2416812E-03,+14.6316583E-03,-47.3165355E-03,+91.6282700E-03
+6.2419750E-03,+15.0497227E-03,-47.3466060E-03,+91.6339500E-03
+6.2422687E-03,+11.6715419E-03,-47.4652177E-03,+91.6382935E-03
+6.2425625E-03,+7.3134917E-03,-47.1595003E-03,+91.6431383E-03
+6.2428562E-03,+2.8052691E-03,-47.1678532E-03,+91.6260983E-03
+6.2431500E-03,+1.8072805E-03,-47.4251236E-03,+91.6195830E-03
+6.2434437E-03,+5.8408760E-03,-47.5871706E-03,+91.6068865E-03
+6.2437375E-03,+11.3782169E-03,-47.3733354E-03,+91.6160747E-03
+6.2440312E-03,+15.3200771E-03,-47.1728650E-03,+91.6147383E-03
+6.2443250E-03,+15.6558517E-03,-47.0759709E-03,+91.6260983E-03
+6.2446187E-03,+12.5684968E-03,-47.3950531E-03,+91.6239265E-03
+6.2449125E-03,+7.7221106E-03,-47.2948178E-03,+91.6225900E-03
+6.2452062E-03,+4.3509129E-03,-47.2680884E-03,+91.6382935E-03
+6.2455000E-03,+3.5841736E-03,-47.5170059E-03,+91.6453100E-03
+6.2457937E-03,+7.7138412E-03,-47.5303706E-03,+91.6296065E-03
+6.2460875E-03,+12.0265750E-03,-47.4384883E-03,+91.6160747E-03
+6.2463812E-03,+15.6426206E-03,-47.4301354E-03,+91.6212536E-03
+6.2466750E-03,+16.5132604E-03,-47.3248884E-03,+91.6431383E-03
+6.2469687E-03,+13.1295667E-03,-47.4735706E-03,+91.6217547E-03
+6.2472625E-03,+8.1032751E-03,-47.3950531E-03,+91.6125665E-03
+6.2475562E-03,+3.3673314E-03,-47.3165355E-03,+91.6225900E-03
+6.2478500E-03,+2.4494642E-03,-47.2380179E-03,+91.6317783E-03
+6.2481437E-03,+5.9029884E-03,-47.2029356E-03,+91.6304418E-03
+6.2484375E-03,+11.3520488E-03,-47.3248884E-03,+91.6418018E-03
+6.2487312E-03,+15.3560214E-03,-47.3432649E-03,+91.6418018E-03
+6.2490250E-03,+16.4152036E-03,-47.0976886E-03,+91.6352865E-03
+6.2493187E-03,+13.6450263E-03,-47.4518530E-03,+91.6225900E-03
+6.2496125E-03,+8.8092985E-03,-47.3816884E-03,+91.6339500E-03
+6.2499062E-03,+3.9305331E-03,-47.4084178E-03,+91.6382935E-03
+6.2502000E-03,+1.6204287E-03,-47.1812179E-03,+91.6518253E-03
+6.2504937E-03,+3.7189833E-03,-47.2680884E-03,+91.6488182E-03
+6.2507875E-03,+8.7388432E-03,-47.4735706E-03,+91.6260983E-03
+6.2510812E-03,+13.8708362E-03,-47.3950531E-03,+91.6260983E-03
+6.2513750E-03,+15.9524845E-03,-47.3382531E-03,+91.6260983E-03
+6.2516687E-03,+13.9163363E-03,-47.3599707E-03,+91.6260983E-03
+6.2519625E-03,+9.0667159E-03,-47.4167707E-03,+91.6239265E-03
+6.2522562E-03,+4.7886769E-03,-47.3733354E-03,+91.6225900E-03
+6.2525500E-03,+2.7339685E-03,-47.3031708E-03,+91.6339500E-03
+6.2528437E-03,+4.1059547E-03,-47.4384883E-03,+91.6296065E-03
+6.2531375E-03,+8.4211142E-03,-47.4301354E-03,+91.6247618E-03
+6.2534312E-03,+14.1484310E-03,-47.2597355E-03,+91.6396300E-03
+6.2537250E-03,+16.4944062E-03,-47.3031708E-03,+91.6339500E-03
+6.2540187E-03,+14.9007631E-03,-47.4602059E-03,+91.6296065E-03
+6.2543125E-03,+10.7389735E-03,-47.5520882E-03,+91.6269336E-03
+6.2546062E-03,+6.8276917E-03,-47.4735706E-03,+91.6518253E-03
+6.2549000E-03,+5.3509229E-03,-47.4384883E-03,+91.6488182E-03
+6.2551937E-03,+5.0118038E-03,-47.4518530E-03,+91.6217547E-03
+6.2554875E-03,+7.5513565E-03,-47.3165355E-03,+91.6125665E-03
+6.2557812E-03,+12.2792145E-03,-47.2380179E-03,+91.6225900E-03
+6.2560750E-03,+15.4435301E-03,-47.1812179E-03,+91.6382935E-03
+6.2563687E-03,+14.3606423E-03,-47.2463708E-03,+91.6431383E-03
+6.2566625E-03,+10.1614750E-03,-47.4384883E-03,+91.6260983E-03
+6.2569562E-03,+6.6012570E-03,-47.5170059E-03,+91.6304418E-03
+6.2572500E-03,+4.6268170E-03,-47.5738059E-03,+91.6396300E-03
+6.2575437E-03,+4.9428186E-03,-47.4869353E-03,+91.6339500E-03
+6.2578375E-03,+7.3593593E-03,-47.3466060E-03,+91.6296065E-03
+6.2581312E-03,+11.1949669E-03,-47.5738059E-03,+91.6247618E-03
+6.2584250E-03,+13.9848805E-03,-47.5738059E-03,+91.6352865E-03
+6.2587187E-03,+14.2798594E-03,-47.5086530E-03,+91.6247618E-03
+6.2590125E-03,+11.0575110E-03,-47.3165355E-03,+91.6439735E-03
+6.2593062E-03,+7.3351392E-03,-47.2814531E-03,+91.6453100E-03
+6.2596000E-03,+4.9658994E-03,-47.3382531E-03,+91.6361218E-03
+6.2598937E-03,+4.0707087E-03,-47.3382531E-03,+91.6374583E-03
+6.2601875E-03,+6.4555317E-03,-47.2731002E-03,+91.6260983E-03
+6.2604812E-03,+10.9264133E-03,-47.1461356E-03,+91.6239265E-03
+6.2607750E-03,+14.3052556E-03,-47.2380179E-03,+91.6204183E-03
+6.2610687E-03,+14.9961002E-03,-47.2029356E-03,+91.6239265E-03
+6.2613625E-03,+12.5954366E-03,-47.3248884E-03,+91.6204183E-03
+6.2616562E-03,+8.5932282E-03,-47.4518530E-03,+91.6260983E-03
+6.2619500E-03,+5.2739623E-03,-47.4034060E-03,+91.6282700E-03
+6.2622437E-03,+4.3498103E-03,-47.5086530E-03,+91.6317783E-03
+6.2625375E-03,+6.5315735E-03,-47.3599707E-03,+91.6347853E-03
+6.2628312E-03,+10.4907075E-03,-47.3950531E-03,+91.6531618E-03
+6.2631250E-03,+14.5333075E-03,-47.3165355E-03,+91.6439735E-03
+6.2634187E-03,+14.9843392E-03,-47.2814531E-03,+91.6387947E-03
+6.2637125E-03,+12.4687126E-03,-47.3382531E-03,+91.6125665E-03
+6.2640062E-03,+8.5383193E-03,-47.4034060E-03,+91.6182465E-03
+6.2643000E-03,+4.3404016E-03,-47.5303706E-03,+91.6160747E-03
+6.2645937E-03,+3.1360086E-03,-47.3733354E-03,+91.6147383E-03
+6.2648875E-03,+5.1418356E-03,-47.1945826E-03,+91.6260983E-03
+6.2651812E-03,+9.2817205E-03,-47.0893356E-03,+91.6239265E-03
+6.2654750E-03,+13.5736154E-03,-47.2163003E-03,+91.6160747E-03
+6.2657687E-03,+15.6162688E-03,-47.1244180E-03,+91.6125665E-03
+6.2660625E-03,+14.2132631E-03,-47.2680884E-03,+91.6204183E-03
+6.2663562E-03,+10.9286185E-03,-47.4301354E-03,+91.6304418E-03
+6.2666500E-03,+6.7240118E-03,-47.2597355E-03,+91.6374583E-03
+6.2669437E-03,+4.7780920E-03,-47.2597355E-03,+91.6260983E-03
+6.2672375E-03,+5.7634743E-03,-47.3031708E-03,+91.6260983E-03
+6.2675312E-03,+9.7297752E-03,-47.3299002E-03,+91.6239265E-03
+6.2678250E-03,+13.4304260E-03,-47.1678532E-03,+91.6225900E-03
+6.2681187E-03,+14.8253461E-03,-47.3816884E-03,+91.6317783E-03
+6.2684125E-03,+13.4855922E-03,-47.4301354E-03,+91.6260983E-03
+6.2687062E-03,+10.3466729E-03,-47.2814531E-03,+91.6239265E-03
+6.2690000E-03,+6.0100497E-03,-47.3599707E-03,+91.6160747E-03
+6.2692937E-03,+3.7561773E-03,-47.3081825E-03,+91.6147383E-03
+6.2695875E-03,+3.5281622E-03,-47.0893356E-03,+91.6217547E-03
+6.2698812E-03,+7.4479706E-03,-47.2163003E-03,+91.6103947E-03
+6.2701750E-03,+12.3998009E-03,-47.1027003E-03,+91.6190818E-03
+6.2704687E-03,+14.9561130E-03,-47.1244180E-03,+91.6352865E-03
+6.2707625E-03,+13.9576098E-03,-47.2029356E-03,+91.6247618E-03
+6.2710562E-03,+11.1479967E-03,-47.3031708E-03,+91.6374583E-03
+6.2713500E-03,+6.4203959E-03,-47.3733354E-03,+91.6304418E-03
+6.2716437E-03,+3.7614329E-03,-47.2380179E-03,+91.6331147E-03
+6.2719375E-03,+4.3039794E-03,-47.2029356E-03,+91.6147383E-03
+6.2722312E-03,+8.1513479E-03,-47.2814531E-03,+91.6260983E-03
+6.2725250E-03,+13.0239756E-03,-47.3165355E-03,+91.6260983E-03
+6.2728187E-03,+16.1326472E-03,-47.2163003E-03,+91.6239265E-03
+6.2731125E-03,+15.7949982E-03,-47.1678532E-03,+91.6225900E-03
+6.2734062E-03,+12.1071007E-03,-47.3165355E-03,+91.6339500E-03
+6.2737000E-03,+7.0549717E-03,-47.2814531E-03,+91.6296065E-03
+6.2739937E-03,+3.5338221E-03,-47.3816884E-03,+91.6225900E-03
+6.2742875E-03,+4.1329681E-03,-47.4518530E-03,+91.6339500E-03
+6.2745812E-03,+7.2329661E-03,-47.3382531E-03,+91.6317783E-03
+6.2748750E-03,+11.5006408E-03,-47.3382531E-03,+91.6239265E-03
+6.2751687E-03,+14.3059172E-03,-47.3599707E-03,+91.6204183E-03
+6.2754625E-03,+14.6089450E-03,-47.4384883E-03,+91.6304418E-03
+6.2757562E-03,+11.3412802E-03,-47.4518530E-03,+91.6374583E-03
+6.2760500E-03,+6.7194911E-03,-47.4251236E-03,+91.6217547E-03
+6.2763437E-03,+4.0849321E-03,-47.6088882E-03,+91.6169100E-03
+6.2766375E-03,+4.1563797E-03,-47.4084178E-03,+91.6317783E-03
+6.2769312E-03,+6.9453745E-03,-47.2246532E-03,+91.6217547E-03
+6.2772250E-03,+10.7146798E-03,-47.3599707E-03,+91.6082230E-03
+6.2775187E-03,+15.2537748E-03,-47.4384883E-03,+91.6090583E-03
+6.2778125E-03,+15.8588013E-03,-47.4084178E-03,+91.6239265E-03
+6.2781062E-03,+13.0975917E-03,-47.2029356E-03,+91.6182465E-03
+6.2784000E-03,+8.7018698E-03,-47.2163003E-03,+91.6204183E-03
+6.2786937E-03,+4.2527091E-03,-47.1461356E-03,+91.6239265E-03
+6.2789875E-03,+3.5768598E-03,-47.2597355E-03,+91.6160747E-03
+6.2792812E-03,+5.9007465E-03,-47.2163003E-03,+91.6169100E-03
+6.2795750E-03,+10.5068788E-03,-47.0809827E-03,+91.6274347E-03
+6.2798687E-03,+14.7540087E-03,-47.1544885E-03,+91.6169100E-03
+6.2801625E-03,+15.4863473E-03,-47.4518530E-03,+91.6361218E-03
+6.2804562E-03,+12.6854813E-03,-47.2513826E-03,+91.6396300E-03
+6.2807500E-03,+8.3022921E-03,-47.1544885E-03,+91.6317783E-03
+6.2810437E-03,+4.5638960E-03,-47.3867001E-03,+91.6282700E-03
+6.2813375E-03,+3.5604680E-03,-47.1244180E-03,+91.6339500E-03
+6.2816312E-03,+5.3899545E-03,-47.2029356E-03,+91.6361218E-03
+6.2819250E-03,+10.0367723E-03,-47.2814531E-03,+91.6418018E-03
+6.2822187E-03,+13.6964804E-03,-47.3599707E-03,+91.6352865E-03
+6.2825125E-03,+14.6858688E-03,-47.3516178E-03,+91.6160747E-03
+6.2828062E-03,+12.8278253E-03,-47.2246532E-03,+91.6082230E-03
+6.2831000E-03,+9.5022747E-03,-47.3816884E-03,+91.6047148E-03
+6.2833937E-03,+5.5949990E-03,-47.4952883E-03,+91.6125665E-03
+6.2836875E-03,+4.1826581E-03,-47.5170059E-03,+91.6204183E-03
+6.2839812E-03,+6.0855034E-03,-47.5520882E-03,+91.6282700E-03
+6.2842750E-03,+9.9997621E-03,-47.4518530E-03,+91.6274347E-03
+6.2845687E-03,+13.9804701E-03,-47.3165355E-03,+91.6169100E-03
+6.2848625E-03,+15.0614101E-03,-47.3248884E-03,+91.6274347E-03
+6.2851562E-03,+12.8070967E-03,-47.4518530E-03,+91.6103947E-03
+6.2854500E-03,+9.9419866E-03,-47.3382531E-03,+91.6169100E-03
+6.2857437E-03,+6.7554355E-03,-47.4468413E-03,+91.6296065E-03
+6.2860375E-03,+5.2225082E-03,-47.6005353E-03,+91.6247618E-03
+6.2863312E-03,+5.6951874E-03,-47.3900413E-03,+91.6352865E-03
+6.2866250E-03,+8.9823680E-03,-47.6222529E-03,+91.6182465E-03
+6.2869187E-03,+13.0080248E-03,-47.4034060E-03,+91.6160747E-03
+6.2872125E-03,+14.9939685E-03,-47.4652177E-03,+91.6125665E-03
+6.2875062E-03,+13.6573753E-03,-47.2246532E-03,+91.6160747E-03
+6.2878000E-03,+10.0566924E-03,-47.3599707E-03,+91.6103947E-03
+6.2880937E-03,+5.8538130E-03,-47.3950531E-03,+91.6169100E-03
+6.2883875E-03,+3.3304315E-03,-47.3165355E-03,+91.6317783E-03
+6.2886812E-03,+3.9626551E-03,-47.2597355E-03,+91.6217547E-03
+6.2889750E-03,+8.0113193E-03,-47.2814531E-03,+91.6082230E-03
+6.2892687E-03,+12.2061497E-03,-47.3599707E-03,+91.6068865E-03
+6.2895625E-03,+15.5330602E-03,-47.4167707E-03,+91.6182465E-03
+6.2898562E-03,+14.6607666E-03,-47.4167707E-03,+91.6204183E-03
+6.2901500E-03,+10.9502660E-03,-47.4167707E-03,+91.6304418E-03
+6.2904437E-03,+7.2884997E-03,-47.4384883E-03,+91.6352865E-03
+6.2907375E-03,+4.0034876E-03,-47.4518530E-03,+91.6225900E-03
+6.2910312E-03,+3.8682001E-03,-47.3165355E-03,+91.6317783E-03
+6.2913250E-03,+7.6048320E-03,-47.3683237E-03,+91.6260983E-03
+6.2916187E-03,+11.9727688E-03,-47.5654529E-03,+91.6282700E-03
+6.2919125E-03,+15.5422484E-03,-47.3382531E-03,+91.6296065E-03
+6.2922062E-03,+15.7885297E-03,-47.3165355E-03,+91.6160747E-03
+6.2925000E-03,+12.2409915E-03,-47.2814531E-03,+91.6169100E-03
+6.2927937E-03,+7.5681527E-03,-47.4251236E-03,+91.6274347E-03
+6.2930875E-03,+3.5877754E-03,-47.5654529E-03,+91.6147383E-03
+6.2933812E-03,+3.4251805E-03,-47.4251236E-03,+91.6260983E-03
+6.2936750E-03,+6.1253068E-03,-47.5654529E-03,+91.6260983E-03
+6.2939687E-03,+10.5069891E-03,-47.3599707E-03,+91.6282700E-03
+6.2942625E-03,+14.3402812E-03,-47.4167707E-03,+91.6339500E-03
+6.2945562E-03,+14.8511834E-03,-47.3733354E-03,+91.6317783E-03
+6.2948500E-03,+13.1567271E-03,-47.3031708E-03,+91.6260983E-03
+6.2951437E-03,+8.2875909E-03,-47.4384883E-03,+91.6260983E-03
+6.2954375E-03,+5.1687387E-03,-47.4735706E-03,+91.6260983E-03
+6.2957312E-03,+4.3967438E-03,-47.4167707E-03,+91.6260983E-03
+6.2960250E-03,+6.7108174E-03,-47.4602059E-03,+91.6239265E-03
+6.2963187E-03,+10.5258066E-03,-47.5303706E-03,+91.6225900E-03
+6.2966125E-03,+14.6221760E-03,-47.3516178E-03,+91.6339500E-03
+6.2969062E-03,+15.2849781E-03,-47.1160650E-03,+91.6361218E-03
+6.2972000E-03,+12.4551875E-03,-47.0108181E-03,+91.6331147E-03
+6.2974937E-03,+8.8446549E-03,-47.2246532E-03,+91.6125665E-03
+6.2977875E-03,+4.2229393E-03,-47.3165355E-03,+91.6160747E-03
+6.2980812E-03,+3.1129645E-03,-47.2597355E-03,+91.6169100E-03
+6.2983750E-03,+4.7529897E-03,-47.3466060E-03,+91.6339500E-03
+6.2986687E-03,+9.1814585E-03,-47.5738059E-03,+91.6296065E-03
+6.2989625E-03,+13.1105287E-03,-47.5086530E-03,+91.6182465E-03
+6.2992562E-03,+15.1071307E-03,-47.2731002E-03,+91.6182465E-03
+6.2995500E-03,+13.6025400E-03,-47.2112885E-03,+91.6182465E-03
+6.2998437E-03,+9.7474166E-03,-47.4735706E-03,+91.6182465E-03
+6.3001375E-03,+6.6616788E-03,-47.3950531E-03,+91.6204183E-03
+6.3004312E-03,+4.9541385E-03,-47.3599707E-03,+91.6239265E-03
+6.3007250E-03,+5.6647560E-03,-47.3733354E-03,+91.6225900E-03
+6.3010187E-03,+10.3111328E-03,-47.3683237E-03,+91.6296065E-03
+6.3013125E-03,+14.8554835E-03,-47.5437353E-03,+91.6204183E-03
+6.3016062E-03,+15.6817625E-03,-47.3466060E-03,+91.6239265E-03
+6.3019000E-03,+13.7983227E-03,-47.5303706E-03,+91.6160747E-03
+6.3021937E-03,+9.5560075E-03,-47.4167707E-03,+91.6147383E-03
+6.3024875E-03,+5.8766366E-03,-47.4167707E-03,+91.6217547E-03
+6.3027812E-03,+3.5728537E-03,-47.3950531E-03,+91.6125665E-03
+6.3030750E-03,+3.9152438E-03,-47.3165355E-03,+91.6160747E-03
+6.3033687E-03,+7.6093894E-03,-47.2163003E-03,+91.6147383E-03
+6.3036625E-03,+11.9698285E-03,-47.2112885E-03,+91.6217547E-03
+6.3039562E-03,+14.0356363E-03,-47.3649825E-03,+91.6147383E-03
+6.3042500E-03,+13.0098625E-03,-47.0893356E-03,+91.6304418E-03
+6.3045437E-03,+9.8885111E-03,-47.2814531E-03,+91.6418018E-03
+6.3048375E-03,+7.1482506E-03,-47.3599707E-03,+91.6352865E-03
+6.3051312E-03,+5.2585628E-03,-47.4384883E-03,+91.6225900E-03
+6.3054250E-03,+5.5090707E-03,-47.4518530E-03,+91.6296065E-03
+6.3057187E-03,+8.7463408E-03,-47.3599707E-03,+91.6182465E-03
+6.3060125E-03,+12.4197944E-03,-47.4384883E-03,+91.6204183E-03
+6.3063062E-03,+15.0952595E-03,-47.4952883E-03,+91.6195830E-03
+6.3066000E-03,+14.7791110E-03,-47.5170059E-03,+91.6090583E-03
+6.3068937E-03,+11.7519205E-03,-47.5303706E-03,+91.6217547E-03
+6.3071875E-03,+7.3283767E-03,-47.3299002E-03,+91.6147383E-03
+6.3074812E-03,+4.5858743E-03,-47.1461356E-03,+91.6304418E-03
+6.3077750E-03,+4.9191497E-03,-47.2814531E-03,+91.6331147E-03
+6.3080687E-03,+6.8289413E-03,-47.3599707E-03,+91.6125665E-03
+6.3083625E-03,+11.1613379E-03,-47.3733354E-03,+91.6204183E-03
+6.3086562E-03,+13.7477507E-03,-47.2814531E-03,+91.6260983E-03
+6.3089500E-03,+13.1505894E-03,-47.3816884E-03,+91.6260983E-03
+6.3092437E-03,+10.5685502E-03,-47.4952883E-03,+91.6282700E-03
+6.3095375E-03,+7.4159956E-03,-47.4301354E-03,+91.6317783E-03
+6.3098312E-03,+5.3715780E-03,-47.3031708E-03,+91.6239265E-03
+6.3101250E-03,+5.0181620E-03,-47.3950531E-03,+91.6182465E-03
+6.3104187E-03,+6.8266994E-03,-47.3382531E-03,+91.6225900E-03
+6.3107125E-03,+10.4260224E-03,-47.4034060E-03,+91.6382935E-03
+6.3110062E-03,+13.9401890E-03,-47.5086530E-03,+91.6496535E-03
+6.3113000E-03,+14.7235773E-03,-47.2948178E-03,+91.6474818E-03
+6.3115937E-03,+12.7211684E-03,-47.2680884E-03,+91.6374583E-03
+6.3118875E-03,+9.1339003E-03,-47.4518530E-03,+91.6260983E-03
+6.3121812E-03,+5.8328639E-03,-47.3382531E-03,+91.6260983E-03
+6.3124750E-03,+5.2205971E-03,-47.3599707E-03,+91.6239265E-03
+6.3127687E-03,+7.3247748E-03,-47.3733354E-03,+91.6204183E-03
+6.3130625E-03,+10.7224714E-03,-47.2597355E-03,+91.6239265E-03
+6.3133562E-03,+13.1708770E-03,-47.2814531E-03,+91.6247618E-03
+6.3136500E-03,+14.0945512E-03,-47.4251236E-03,+91.6374583E-03
+6.3139437E-03,+12.0050746E-03,-47.6523235E-03,+91.6282700E-03
+6.3142375E-03,+8.6681673E-03,-47.6306058E-03,+91.6296065E-03
+6.3145312E-03,+6.4405365E-03,-47.4869353E-03,+91.6160747E-03
+6.3148250E-03,+5.1709439E-03,-47.2597355E-03,+91.6147383E-03
+6.3151187E-03,+5.6485112E-03,-47.2597355E-03,+91.6239265E-03
+6.3154125E-03,+8.8574081E-03,-47.3466060E-03,+91.6117312E-03
+6.3157062E-03,+12.6245082E-03,-47.5086530E-03,+91.6012065E-03
+6.3160000E-03,+14.4573760E-03,-47.4685589E-03,+91.6247618E-03
+6.3162937E-03,+13.7745803E-03,-47.6573352E-03,+91.6331147E-03
+6.3165875E-03,+10.5769666E-03,-47.2814531E-03,+91.6125665E-03
+6.3168812E-03,+7.4070646E-03,-47.4034060E-03,+91.6182465E-03
+6.3171750E-03,+5.4079267E-03,-47.5738059E-03,+91.6182465E-03
+6.3174687E-03,+5.5021244E-03,-47.4652177E-03,+91.6182465E-03
+6.3177625E-03,+8.8608261E-03,-47.2680884E-03,+91.6160747E-03
+6.3180562E-03,+12.5309720E-03,-47.3867001E-03,+91.6147383E-03
+6.3183500E-03,+13.8617582E-03,-47.1244180E-03,+91.6260983E-03
+6.3186437E-03,+12.8080522E-03,-47.2680884E-03,+91.6260983E-03
+6.3189375E-03,+10.1337265E-03,-47.5170059E-03,+91.6304418E-03
+6.3192312E-03,+7.4971828E-03,-47.5738059E-03,+91.6309430E-03
+6.3195250E-03,+5.3891459E-03,-47.4869353E-03,+91.6047148E-03
+6.3198187E-03,+5.0681092E-03,-47.3248884E-03,+91.6212536E-03
+6.3201125E-03,+8.2209946E-03,-47.4301354E-03,+91.6409665E-03
+6.3204062E-03,+11.6149056E-03,-47.3248884E-03,+91.6204183E-03
+6.3207000E-03,+14.2268249E-03,-47.4518530E-03,+91.6239265E-03
+6.3209937E-03,+14.1784214E-03,-47.2513826E-03,+91.6225900E-03
+6.3212875E-03,+11.8954774E-03,-47.1110533E-03,+91.6296065E-03
+6.3215812E-03,+9.5159100E-03,-47.2948178E-03,+91.6182465E-03
+6.3218750E-03,+6.6800185E-03,-47.1595003E-03,+91.6139030E-03
+6.3221687E-03,+5.8184200E-03,-47.1678532E-03,+91.6068865E-03
+6.3224625E-03,+7.8359711E-03,-47.2731002E-03,+91.6182465E-03
+6.3227562E-03,+11.1559353E-03,-47.1678532E-03,+91.6247618E-03
+6.3230500E-03,+13.2252713E-03,-47.3382531E-03,+91.6352865E-03
+6.3233437E-03,+13.6367937E-03,-47.2948178E-03,+91.6204183E-03
+6.3236375E-03,+11.3965199E-03,-47.2898061E-03,+91.6282700E-03
+6.3239312E-03,+8.3166625E-03,-47.5303706E-03,+91.6339500E-03
+6.3242250E-03,+5.7373063E-03,-47.3516178E-03,+91.6317783E-03
+6.3245187E-03,+4.5597797E-03,-47.2898061E-03,+91.6217547E-03
+6.3248125E-03,+5.6705630E-03,-47.4869353E-03,+91.6147383E-03
+6.3251062E-03,+9.1316951E-03,-47.2597355E-03,+91.6260983E-03
+6.3254000E-03,+12.8872547E-03,-47.2380179E-03,+91.6239265E-03
+6.3256937E-03,+13.9160423E-03,-47.1595003E-03,+91.6204183E-03
+6.3259875E-03,+12.3794765E-03,-47.2112885E-03,+91.6217547E-03
+6.3262812E-03,+9.4442051E-03,-47.3649825E-03,+91.6103947E-03
+6.3265750E-03,+6.6924778E-03,-47.1327709E-03,+91.6125665E-03
+6.3268687E-03,+5.0705717E-03,-47.4167707E-03,+91.6225900E-03
+6.3271625E-03,+6.3811438E-03,-47.4384883E-03,+91.6296065E-03
+6.3274562E-03,+9.4205730E-03,-47.5170059E-03,+91.6139030E-03
+6.3277500E-03,+12.3236488E-03,-47.5520882E-03,+91.6068865E-03
+6.3280437E-03,+13.2773502E-03,-47.4735706E-03,+91.6204183E-03
+6.3283375E-03,+12.4869788E-03,-47.4384883E-03,+91.6260983E-03
+6.3286312E-03,+9.2491574E-03,-47.4735706E-03,+91.6282700E-03
+6.3289250E-03,+5.9602862E-03,-47.3950531E-03,+91.6317783E-03
+6.3292187E-03,+5.1726345E-03,-47.3599707E-03,+91.6260983E-03
+6.3295125E-03,+6.2711056E-03,-47.3299002E-03,+91.6217547E-03
+6.3298062E-03,+9.7471961E-03,-47.1678532E-03,+91.6147383E-03
+6.3301000E-03,+13.2573566E-03,-47.2731002E-03,+91.6239265E-03
+6.3303937E-03,+15.8102874E-03,-47.1027003E-03,+91.6160747E-03
+6.3306875E-03,+14.9274825E-03,-47.1244180E-03,+91.6125665E-03
+6.3309812E-03,+11.8542774E-03,-47.2246532E-03,+91.6204183E-03
+6.3312750E-03,+8.0468226E-03,-47.3599707E-03,+91.6282700E-03
+6.3315687E-03,+6.1910945E-03,-47.3950531E-03,+91.6296065E-03
+6.3318625E-03,+6.3893030E-03,-47.2948178E-03,+91.6160747E-03
+6.3321562E-03,+9.1214778E-03,-47.2246532E-03,+91.6103947E-03
+6.3324500E-03,+12.8919224E-03,-47.2731002E-03,+91.6169100E-03
+6.3327437E-03,+15.2193006E-03,-47.0809827E-03,+91.6339500E-03
+6.3330375E-03,+14.0646343E-03,-47.1110533E-03,+91.6317783E-03
+6.3333312E-03,+11.0948887E-03,-47.3165355E-03,+91.6239265E-03
+6.3336250E-03,+7.3250689E-03,-47.2814531E-03,+91.6204183E-03
+6.3339187E-03,+4.9986462E-03,-47.3165355E-03,+91.6282700E-03
+6.3342125E-03,+5.3833757E-03,-47.2814531E-03,+91.6274347E-03
+6.3345062E-03,+8.0064311E-03,-47.3165355E-03,+91.6147383E-03
+6.3348000E-03,+11.0339891E-03,-47.3031708E-03,+91.6260983E-03
+6.3350937E-03,+12.8596166E-03,-47.4167707E-03,+91.6260983E-03
+6.3353875E-03,+12.7060996E-03,-47.3516178E-03,+91.6260983E-03
+6.3356812E-03,+10.5142294E-03,-47.2898061E-03,+91.6239265E-03
+6.3359750E-03,+6.4101419E-03,-47.4869353E-03,+91.6160747E-03
+6.3362687E-03,+4.4988066E-03,-47.2597355E-03,+91.6125665E-03
+6.3365625E-03,+4.6344984E-03,-47.2597355E-03,+91.6139030E-03
+6.3368562E-03,+7.0079647E-03,-47.2380179E-03,+91.6068865E-03
+6.3371500E-03,+11.3826272E-03,-47.1812179E-03,+91.6204183E-03
+6.3374437E-03,+13.7121004E-03,-47.1812179E-03,+91.6304418E-03
+6.3377375E-03,+14.0132170E-03,-47.2029356E-03,+91.6374583E-03
+6.3380312E-03,+11.6738573E-03,-47.3031708E-03,+91.6282700E-03
+6.3383250E-03,+8.2987638E-03,-47.4384883E-03,+91.6274347E-03
+6.3386187E-03,+5.0831044E-03,-47.4518530E-03,+91.6169100E-03
+6.3389125E-03,+5.3423227E-03,-47.2948178E-03,+91.6296065E-03
+6.3392062E-03,+7.5085394E-03,-47.2246532E-03,+91.6247618E-03
+6.3395000E-03,+11.5762783E-03,-47.3165355E-03,+91.6374583E-03
+6.3397937E-03,+14.3701980E-03,-47.3248884E-03,+91.6239265E-03
+6.3400875E-03,+15.3548086E-03,-47.4301354E-03,+91.6182465E-03
+6.3403812E-03,+13.4492068E-03,-47.3031708E-03,+91.6204183E-03
+6.3406750E-03,+9.7424918E-03,-47.3516178E-03,+91.6239265E-03
+6.3409687E-03,+6.4605301E-03,-47.1377827E-03,+91.6182465E-03
+6.3412625E-03,+4.6563664E-03,-47.1327709E-03,+91.6225900E-03
+6.3415562E-03,+6.1614716E-03,-47.3733354E-03,+91.6296065E-03
+6.3418500E-03,+10.0330235E-03,-47.2814531E-03,+91.6225900E-03
+6.3421437E-03,+12.8446581E-03,-47.3165355E-03,+91.6274347E-03
+6.3424375E-03,+13.8691823E-03,-47.2814531E-03,+91.6125665E-03
+6.3427312E-03,+12.0446207E-03,-47.3816884E-03,+91.6204183E-03
+6.3430250E-03,+9.4388759E-03,-47.4518530E-03,+91.6326136E-03
+6.3433187E-03,+6.3134082E-03,-47.3816884E-03,+91.6387947E-03
+6.3436125E-03,+4.3927010E-03,-47.4735706E-03,+91.6147383E-03
+6.3439062E-03,+5.7903040E-03,-47.3950531E-03,+91.6239265E-03
+6.3442000E-03,+9.6356878E-03,-47.3382531E-03,+91.6225900E-03
+6.3444937E-03,+14.2007671E-03,-47.4034060E-03,+91.6317783E-03
+6.3447875E-03,+15.4075123E-03,-47.5520882E-03,+91.6260983E-03
+6.3450812E-03,+13.5850456E-03,-47.5387235E-03,+91.6195830E-03
+6.3453750E-03,+11.1287381E-03,-47.5871706E-03,+91.6047148E-03
+6.3456687E-03,+7.4715660E-03,-47.4167707E-03,+91.6082230E-03
+6.3459625E-03,+4.9517495E-03,-47.4167707E-03,+91.6155736E-03
+6.3462562E-03,+5.4175559E-03,-47.3733354E-03,+91.6409665E-03
+6.3465500E-03,+8.3090914E-03,-47.3248884E-03,+91.6204183E-03
+6.3468437E-03,+12.0539927E-03,-47.4301354E-03,+91.6282700E-03
+6.3471375E-03,+14.7050171E-03,-47.2814531E-03,+91.6274347E-03
+6.3474312E-03,+13.8984744E-03,-47.2731002E-03,+91.6125665E-03
+6.3477250E-03,+9.9766813E-03,-47.2112885E-03,+91.6204183E-03
+6.3480187E-03,+6.5691350E-03,-47.4735706E-03,+91.6217547E-03
+6.3483125E-03,+4.2217264E-03,-47.3950531E-03,+91.6169100E-03
+6.3486062E-03,+4.3689586E-03,-47.4034060E-03,+91.6274347E-03
+6.3489000E-03,+6.8347483E-03,-47.5303706E-03,+91.6147383E-03
+6.3491937E-03,+10.8229171E-03,-47.5036412E-03,+91.6282700E-03
+6.3494875E-03,+13.6366834E-03,-47.6222529E-03,+91.6317783E-03
+6.3497812E-03,+14.5029863E-03,-47.3165355E-03,+91.6239265E-03
+6.3500750E-03,+12.2474233E-03,-47.2380179E-03,+91.6182465E-03
+6.3503687E-03,+7.9286987E-03,-47.2463708E-03,+91.6204183E-03
+6.3506625E-03,+6.4305030E-03,-47.4384883E-03,+91.6260983E-03
+6.3509562E-03,+6.2060529E-03,-47.3867001E-03,+91.6282700E-03
+6.3512500E-03,+8.2487431E-03,-47.0809827E-03,+91.6339500E-03
+6.3515437E-03,+11.2739489E-03,-47.0459004E-03,+91.6274347E-03
+6.3518375E-03,+14.0366286E-03,-47.1027003E-03,+91.6190818E-03
+6.3521312E-03,+13.7717871E-03,-47.1895709E-03,+91.6418018E-03
+6.3524250E-03,+11.3815982E-03,-47.3733354E-03,+91.6374583E-03
+6.3527187E-03,+7.6083604E-03,-47.3248884E-03,+91.6239265E-03
+6.3530125E-03,+4.4886628E-03,-47.4518530E-03,+91.6225900E-03
+6.3533062E-03,+3.9761434E-03,-47.3599707E-03,+91.6361218E-03
+6.3536000E-03,+6.5609758E-03,-47.3516178E-03,+91.6309430E-03
+6.3538937E-03,+11.4472388E-03,-47.2246532E-03,+91.6090583E-03
+6.3541875E-03,+15.1428913E-03,-47.4034060E-03,+91.6282700E-03
+6.3544812E-03,+15.7402364E-03,-47.5303706E-03,+91.6317783E-03
+6.3547750E-03,+12.9729626E-03,-47.4819236E-03,+91.6260983E-03
+6.3550687E-03,+8.9725917E-03,-47.4785824E-03,+91.6239265E-03
+6.3553625E-03,+4.6915022E-03,-47.1979238E-03,+91.6204183E-03
+6.3556562E-03,+3.2406441E-03,-47.6740411E-03,+91.6195830E-03
+6.3559500E-03,+5.6119053E-03,-47.6222529E-03,+91.6090583E-03
+6.3562437E-03,+10.2013151E-03,-47.3165355E-03,+91.6195830E-03
+6.3565375E-03,+14.0684566E-03,-47.2163003E-03,+91.6112300E-03
+6.3568312E-03,+14.6842517E-03,-47.1678532E-03,+91.6274347E-03
+6.3571250E-03,+13.1854679E-03,-47.3599707E-03,+91.6103947E-03
+6.3574187E-03,+9.4559660E-03,-47.3950531E-03,+91.6125665E-03
+6.3577125E-03,+5.4753315E-03,-47.2731002E-03,+91.6139030E-03
+6.3580062E-03,+2.6736569E-03,-47.1461356E-03,+91.6068865E-03
+6.3583000E-03,+4.6132919E-03,-47.1945826E-03,+91.6117312E-03
+6.3585937E-03,+8.9957460E-03,-47.1327709E-03,+91.6055500E-03
+6.3588875E-03,+13.4947436E-03,-47.4167707E-03,+91.6317783E-03
+6.3591812E-03,+15.5065246E-03,-47.4384883E-03,+91.6282700E-03
+6.3594750E-03,+13.9938850E-03,-47.3867001E-03,+91.6274347E-03
+6.3597687E-03,+10.0368458E-03,-47.1678532E-03,+91.6169100E-03
+6.3600625E-03,+5.5946682E-03,-47.2731002E-03,+91.6317783E-03
+6.3603562E-03,+3.8883407E-03,-47.1244180E-03,+91.6260983E-03
+6.3606500E-03,+4.9061391E-03,-47.2463708E-03,+91.6282700E-03
+6.3609437E-03,+9.8430109E-03,-47.3299002E-03,+91.6296065E-03
+6.3612375E-03,+13.8040929E-03,-47.1895709E-03,+91.6160747E-03
+6.3615312E-03,+15.7966889E-03,-47.3081825E-03,+91.6125665E-03
+6.3618250E-03,+14.8351592E-03,-47.1110533E-03,+91.6204183E-03
+6.3621187E-03,+11.1550900E-03,-47.2731002E-03,+91.6217547E-03
+6.3624125E-03,+6.4041512E-03,-47.2547238E-03,+91.6082230E-03
+6.3627062E-03,+3.2062067E-03,-47.5003000E-03,+91.6068865E-03
+6.3630000E-03,+3.9626184E-03,-47.1244180E-03,+91.6182465E-03
+6.3632937E-03,+7.3382632E-03,-47.2246532E-03,+91.6182465E-03
+6.3635875E-03,+11.9856323E-03,-47.3165355E-03,+91.6204183E-03
+6.3638812E-03,+14.5970370E-03,-47.2163003E-03,+91.6217547E-03
+6.3641750E-03,+14.4140810E-03,-47.2112885E-03,+91.6169100E-03
+6.3644687E-03,+11.0462646E-03,-47.3867001E-03,+91.6274347E-03
+6.3647625E-03,+6.8455904E-03,-47.1461356E-03,+91.6169100E-03
+6.3650562E-03,+4.0934955E-03,-47.3031708E-03,+91.6339500E-03
+6.3653500E-03,+3.8269634E-03,-47.3299002E-03,+91.6339500E-03
+6.3656437E-03,+7.2134870E-03,-47.2330061E-03,+91.6296065E-03
+6.3659375E-03,+12.2114789E-03,-47.4869353E-03,+91.6204183E-03
+6.3662312E-03,+14.9905505E-03,-47.1945826E-03,+91.6282700E-03
+6.3665250E-03,+14.7322510E-03,-47.0676180E-03,+91.6339500E-03
+6.3668187E-03,+11.7626156E-03,-47.2898061E-03,+91.6317783E-03
+6.3671125E-03,+7.1815488E-03,-47.5303706E-03,+91.6260983E-03
+6.3674062E-03,+4.0777653E-03,-47.4384883E-03,+91.6217547E-03
+6.3677000E-03,+3.9372588E-03,-47.4301354E-03,+91.6147383E-03
+6.3679937E-03,+7.8343907E-03,-47.2814531E-03,+91.6239265E-03
+6.3682875E-03,+12.1089015E-03,-47.2731002E-03,+91.6160747E-03
+6.3685812E-03,+14.9318193E-03,-47.1244180E-03,+91.6125665E-03
+6.3688750E-03,+14.8843345E-03,-47.2246532E-03,+91.6139030E-03
+6.3691687E-03,+12.7610820E-03,-47.3165355E-03,+91.6090583E-03
+6.3694625E-03,+7.6360353E-03,-47.2163003E-03,+91.6282700E-03
+6.3697562E-03,+4.1394366E-03,-47.1244180E-03,+91.6361218E-03
+6.3700500E-03,+3.2754859E-03,-47.1812179E-03,+91.6418018E-03
+6.3703437E-03,+5.9619401E-03,-47.2246532E-03,+91.6374583E-03
+6.3706375E-03,+10.2278507E-03,-47.2948178E-03,+91.6282700E-03
+6.3709312E-03,+13.8293422E-03,-47.2680884E-03,+91.6317783E-03
+6.3712250E-03,+15.2473063E-03,-47.4518530E-03,+91.6195830E-03
+6.3715187E-03,+13.0316570E-03,-47.3165355E-03,+91.6025430E-03
+6.3718125E-03,+7.9321535E-03,-47.2163003E-03,+91.6090583E-03
+6.3721062E-03,+3.9528421E-03,-47.1678532E-03,+91.6239265E-03
+6.3724000E-03,+3.6271745E-03,-47.2513826E-03,+91.6204183E-03
+6.3726937E-03,+6.6846126E-03,-47.1327709E-03,+91.6282700E-03
+6.3729875E-03,+10.8326934E-03,-47.4384883E-03,+91.6296065E-03
+6.3732812E-03,+14.5369828E-03,-47.4952883E-03,+91.6160747E-03
+6.3735750E-03,+15.8300605E-03,-47.3867001E-03,+91.6103947E-03
+6.3738687E-03,+13.5120910E-03,-47.1678532E-03,+91.6169100E-03
+6.3741625E-03,+9.2434607E-03,-47.3599707E-03,+91.6274347E-03
+6.3744562E-03,+4.6253837E-03,-47.3516178E-03,+91.6125665E-03
+6.3747500E-03,+3.7472095E-03,-47.1595003E-03,+91.6204183E-03
+6.3750437E-03,+5.8149652E-03,-47.1461356E-03,+91.6260983E-03
+6.3753375E-03,+9.4130386E-03,-47.2163003E-03,+91.6195830E-03
+6.3756312E-03,+13.2255653E-03,-47.2330061E-03,+91.6068865E-03
+6.3759250E-03,+15.4932568E-03,-47.5086530E-03,+91.6182465E-03
+6.3762187E-03,+13.3322223E-03,-47.2731002E-03,+91.6182465E-03
+6.3765125E-03,+9.0512797E-03,-47.1244180E-03,+91.6204183E-03
+6.3768062E-03,+5.1512076E-03,-47.2463708E-03,+91.6239265E-03
+6.3771000E-03,+2.7237879E-03,-47.4819236E-03,+91.6247618E-03
+6.3773937E-03,+4.3595131E-03,-47.5437353E-03,+91.6374583E-03
+6.3776875E-03,+9.9588561E-03,-47.2163003E-03,+91.6239265E-03
+6.3779812E-03,+14.4628154E-03,-47.1678532E-03,+91.6225900E-03
+6.3782750E-03,+16.6535095E-03,-47.2731002E-03,+91.6317783E-03
+6.3785687E-03,+14.6594802E-03,-47.1461356E-03,+91.6282700E-03
+6.3788625E-03,+10.4429288E-03,-47.2597355E-03,+91.6296065E-03
+6.3791562E-03,+6.0577549E-03,-47.3248884E-03,+91.6139030E-03
+6.3794500E-03,+4.0757806E-03,-47.4084178E-03,+91.6068865E-03
+6.3797437E-03,+5.0324589E-03,-47.2029356E-03,+91.6225900E-03
+6.3800375E-03,+8.7736849E-03,-47.2814531E-03,+91.6339500E-03
+6.3803312E-03,+12.3497801E-03,-47.2948178E-03,+91.6296065E-03
+6.3806250E-03,+15.3897974E-03,-47.1160650E-03,+91.6182465E-03
+6.3809187E-03,+14.3249185E-03,-47.0108181E-03,+91.6204183E-03
+6.3812125E-03,+10.2121940E-03,-47.1812179E-03,+91.6217547E-03
+6.3815062E-03,+6.1121493E-03,-47.2246532E-03,+91.6125665E-03
+6.3818000E-03,+4.4569083E-03,-47.3816884E-03,+91.6139030E-03
+6.3820937E-03,+4.5872709E-03,-47.3432649E-03,+91.6112300E-03
+6.3823875E-03,+7.9656354E-03,-47.0325357E-03,+91.6339500E-03
+6.3826812E-03,+12.0590646E-03,-47.1511474E-03,+91.6296065E-03
+6.3829750E-03,+14.6641846E-03,-47.0191710E-03,+91.6182465E-03
+6.3832687E-03,+15.2469388E-03,-47.3733354E-03,+91.6160747E-03
+6.3835625E-03,+11.8529910E-03,-47.2814531E-03,+91.6147383E-03
+6.3838562E-03,+7.3908934E-03,-47.3599707E-03,+91.6260983E-03
+6.3841500E-03,+3.6968948E-03,-47.4167707E-03,+91.6304418E-03
+6.3844437E-03,+2.8348185E-03,-47.3950531E-03,+91.6352865E-03
+6.3847375E-03,+5.9439311E-03,-47.3382531E-03,+91.6160747E-03
+6.3850312E-03,+11.4198212E-03,-47.2513826E-03,+91.6169100E-03
+6.3853250E-03,+14.6042038E-03,-47.0676180E-03,+91.6339500E-03
+6.3856187E-03,+14.9490564E-03,-47.2246532E-03,+91.6296065E-03
+6.3859125E-03,+11.5497795E-03,-47.2513826E-03,+91.6160747E-03
+6.3862062E-03,+6.4343988E-03,-47.0459004E-03,+91.6082230E-03
+6.3865000E-03,+3.1336932E-03,-47.1678532E-03,+91.6047148E-03
+6.3867937E-03,+2.8344877E-03,-47.2948178E-03,+91.6190818E-03
+6.3870875E-03,+6.9619501E-03,-47.1812179E-03,+91.6418018E-03
+6.3873812E-03,+12.0469729E-03,-47.1377827E-03,+91.6418018E-03
+6.3876750E-03,+15.6042138E-03,-47.1110533E-03,+91.6352865E-03
+6.3879687E-03,+16.5410089E-03,-47.3599707E-03,+91.6182465E-03
+6.3882625E-03,+13.4567412E-03,-47.3733354E-03,+91.6247618E-03
+6.3885562E-03,+7.7331365E-03,-47.2814531E-03,+91.6331147E-03
+6.3888500E-03,+4.4461765E-03,-47.3165355E-03,+91.6125665E-03
+6.3891437E-03,+3.4536273E-03,-47.2814531E-03,+91.6182465E-03
+6.3894375E-03,+5.7748310E-03,-47.3816884E-03,+91.6247618E-03
+6.3897312E-03,+11.4042379E-03,-47.4084178E-03,+91.6374583E-03
+6.3900250E-03,+14.8643042E-03,-47.2029356E-03,+91.6217547E-03
+6.3903187E-03,+16.0536285E-03,-47.2380179E-03,+91.6125665E-03
+6.3906125E-03,+13.7999031E-03,-47.1812179E-03,+91.6160747E-03
+6.3909062E-03,+8.7198787E-03,-47.1160650E-03,+91.6103947E-03
+6.3912000E-03,+3.9159789E-03,-47.0542533E-03,+91.6125665E-03
+6.3914937E-03,+3.5736990E-03,-47.3165355E-03,+91.6182465E-03
+6.3917875E-03,+5.5628402E-03,-47.2163003E-03,+91.6139030E-03
+6.3920812E-03,+9.7741360E-03,-47.1678532E-03,+91.6090583E-03
+6.3923750E-03,+14.3939037E-03,-47.2948178E-03,+91.6260983E-03
+6.3926687E-03,+16.2333502E-03,-47.1595003E-03,+91.6217547E-03
+6.3929625E-03,+13.9896216E-03,-47.1678532E-03,+91.6147383E-03
+6.3932562E-03,+9.5557870E-03,-47.3382531E-03,+91.6260983E-03
+6.3935500E-03,+4.9779911E-03,-47.3165355E-03,+91.6217547E-03
+6.3938437E-03,+2.6778835E-03,-47.1728650E-03,+91.6103947E-03
+6.3941375E-03,+4.2539954E-03,-47.0542533E-03,+91.6169100E-03
+6.3944312E-03,+8.4554782E-03,-47.2513826E-03,+91.6339500E-03
+6.3947250E-03,+13.3380660E-03,-47.1327709E-03,+91.6296065E-03
+6.3950187E-03,+16.4464436E-03,-47.3516178E-03,+91.6182465E-03
+6.3953125E-03,+14.6859056E-03,-47.1595003E-03,+91.6247618E-03
+6.3956062E-03,+9.8451059E-03,-47.1678532E-03,+91.6352865E-03
+6.3959000E-03,+5.6190722E-03,-47.3165355E-03,+91.6182465E-03
+6.3961937E-03,+3.4995684E-03,-47.2380179E-03,+91.6204183E-03
+6.3964875E-03,+4.8348385E-03,-47.1595003E-03,+91.6217547E-03
+6.3967812E-03,+8.7093673E-03,-47.1678532E-03,+91.6082230E-03
+6.3970750E-03,+12.4779008E-03,-47.2731002E-03,+91.6068865E-03
+6.3973687E-03,+14.9734971E-03,-47.1461356E-03,+91.6182465E-03
+6.3976625E-03,+13.4804468E-03,-47.2380179E-03,+91.6160747E-03
+6.3979562E-03,+9.9881850E-03,-47.2029356E-03,+91.6147383E-03
+6.3982500E-03,+5.6909241E-03,-47.2163003E-03,+91.6260983E-03
+6.3985437E-03,+3.3196629E-03,-47.1461356E-03,+91.6282700E-03
+6.3988375E-03,+3.9002487E-03,-47.2380179E-03,+91.6317783E-03
+6.3991312E-03,+7.7799964E-03,-47.1812179E-03,+91.6217547E-03
+6.3994250E-03,+13.2447871E-03,-47.2029356E-03,+91.6060512E-03
+6.3997187E-03,+16.4008332E-03,-47.2380179E-03,+91.5990348E-03
+6.4000125E-03,+14.6624940E-03,-47.2463708E-03,+91.6103947E-03
+6.4003062E-03,+10.9762871E-03,-47.3950531E-03,+91.6147383E-03
+6.4006000E-03,+7.1315281E-03,-47.3382531E-03,+91.6217547E-03
+6.4008937E-03,+4.3344108E-03,-47.2948178E-03,+91.6147383E-03
+6.4011875E-03,+4.7595685E-03,-47.2463708E-03,+91.6239265E-03
+6.4014812E-03,+8.0231537E-03,-47.3299002E-03,+91.6204183E-03
+6.4017750E-03,+12.7747908E-03,-47.1678532E-03,+91.6260983E-03
+6.4020687E-03,+14.8535724E-03,-47.3382531E-03,+91.6217547E-03
+6.4023625E-03,+14.0580923E-03,-47.2948178E-03,+91.6190818E-03
+6.4026562E-03,+10.4122401E-03,-47.1812179E-03,+91.6352865E-03
+6.4029500E-03,+6.8505888E-03,-47.2029356E-03,+91.6204183E-03
+6.4032437E-03,+4.3537796E-03,-47.2814531E-03,+91.6217547E-03
+6.4035375E-03,+4.1853410E-03,-47.2948178E-03,+91.6190818E-03
+6.4038312E-03,+6.7309948E-03,-47.2898061E-03,+91.6352865E-03
+6.4041250E-03,+10.8638966E-03,-47.5086530E-03,+91.6247618E-03
+6.4044187E-03,+14.8135117E-03,-47.3165355E-03,+91.6418018E-03
+6.4047125E-03,+14.4457620E-03,-47.2597355E-03,+91.6331147E-03
+6.4050062E-03,+12.1280131E-03,-47.1945826E-03,+91.6147383E-03
+6.4053000E-03,+7.6412542E-03,-47.0459004E-03,+91.6217547E-03
+6.4055937E-03,+4.9597984E-03,-47.1461356E-03,+91.6125665E-03
+6.4058875E-03,+4.5558471E-03,-47.1728650E-03,+91.6182465E-03
+6.4061812E-03,+7.0330670E-03,-47.0759709E-03,+91.6139030E-03
+6.4064750E-03,+10.8832654E-03,-47.3516178E-03,+91.6068865E-03
+6.4067687E-03,+14.3535490E-03,-47.2029356E-03,+91.6182465E-03
+6.4070625E-03,+16.0953430E-03,-47.3031708E-03,+91.6139030E-03
+6.4073562E-03,+13.2148702E-03,-47.4167707E-03,+91.6047148E-03
+6.4076500E-03,+8.7712593E-03,-47.4384883E-03,+91.6147383E-03
+6.4079437E-03,+4.6320359E-03,-47.4518530E-03,+91.6260983E-03
+6.4082375E-03,+3.6767542E-03,-47.2513826E-03,+91.6239265E-03
+6.4085312E-03,+5.5789747E-03,-47.0676180E-03,+91.6160747E-03
+6.4088250E-03,+10.1479499E-03,-47.2898061E-03,+91.6147383E-03
+6.4091187E-03,+13.9767581E-03,-47.4652177E-03,+91.6217547E-03
+6.4094125E-03,+15.1232652E-03,-47.1377827E-03,+91.6082230E-03
+6.4097062E-03,+13.3751497E-03,-47.1110533E-03,+91.6047148E-03
+6.4100000E-03,+8.6504525E-03,-47.3599707E-03,+91.6103947E-03
+6.4102937E-03,+4.8690922E-03,-47.3516178E-03,+91.6125665E-03
+6.4105875E-03,+3.6268437E-03,-47.2029356E-03,+91.6182465E-03
+6.4108812E-03,+5.3441604E-03,-47.2597355E-03,+91.6160747E-03
+6.4111750E-03,+8.8770709E-03,-47.2814531E-03,+91.6103947E-03
+6.4114687E-03,+13.5560108E-03,-47.2513826E-03,+91.6190818E-03
+6.4117625E-03,+14.1570679E-03,-47.1110533E-03,+91.6374583E-03
+6.4120562E-03,+12.4190962E-03,-47.2948178E-03,+91.6239265E-03
+6.4123500E-03,+8.8792761E-03,-47.2246532E-03,+91.6182465E-03
+6.4126437E-03,+5.3283566E-03,-47.2948178E-03,+91.6160747E-03
+6.4129375E-03,+3.9426615E-03,-47.2463708E-03,+91.6169100E-03
+6.4132312E-03,+5.5042193E-03,-47.4384883E-03,+91.6339500E-03
+6.4135250E-03,+8.7145495E-03,-47.4301354E-03,+91.6339500E-03
+6.4138187E-03,+13.1862029E-03,-47.1728650E-03,+91.6317783E-03
+6.4141125E-03,+15.3162915E-03,-47.0108181E-03,+91.6239265E-03
+6.4144062E-03,+14.9679474E-03,-47.1812179E-03,+91.6182465E-03
+6.4147000E-03,+10.7171790E-03,-47.1377827E-03,+91.6139030E-03
+6.4149937E-03,+6.6576727E-03,-47.1110533E-03,+91.6090583E-03
+6.4152875E-03,+4.1271244E-03,-47.2731002E-03,+91.6239265E-03
+6.4155812E-03,+4.1580336E-03,-47.0592651E-03,+91.6182465E-03
+6.4158750E-03,+8.1389254E-03,-47.0108181E-03,+91.6204183E-03
+6.4161687E-03,+13.3557809E-03,-47.2029356E-03,+91.6260983E-03
+6.4164625E-03,+16.4829392E-03,-47.2380179E-03,+91.6174112E-03
+6.4167562E-03,+16.2688903E-03,-47.1595003E-03,+91.6033783E-03
+6.4170500E-03,+12.3214804E-03,-47.1244180E-03,+91.6217547E-03
+6.4173437E-03,+8.1431887E-03,-47.2029356E-03,+91.6125665E-03
+6.4176375E-03,+5.7044859E-03,-47.3031708E-03,+91.6182465E-03
+6.4179312E-03,+5.6023863E-03,-47.3299002E-03,+91.6182465E-03
+6.4182250E-03,+7.5552524E-03,-47.1461356E-03,+91.6182465E-03
+6.4185187E-03,+11.8245810E-03,-47.3031708E-03,+91.6204183E-03
+6.4188125E-03,+14.8168930E-03,-47.3733354E-03,+91.6239265E-03
+6.4191062E-03,+14.0848484E-03,-47.2814531E-03,+91.6204183E-03
+6.4194000E-03,+11.5764989E-03,-47.2948178E-03,+91.6217547E-03
+6.4196937E-03,+7.1504191E-03,-47.1377827E-03,+91.6147383E-03
+6.4199875E-03,+3.9235868E-03,-47.1110533E-03,+91.6195830E-03
+6.4202812E-03,+3.6592231E-03,-47.3599707E-03,+91.6068865E-03
+6.4205750E-03,+6.2589404E-03,-47.3516178E-03,+91.6182465E-03
+6.4208687E-03,+10.7284254E-03,-47.2246532E-03,+91.6160747E-03
+6.4211625E-03,+14.0327328E-03,-47.3165355E-03,+91.6125665E-03
+6.4214562E-03,+14.2354251E-03,-47.2380179E-03,+91.6117312E-03
+6.4217500E-03,+11.5453324E-03,-47.2029356E-03,+91.6012065E-03
+6.4220437E-03,+7.6728250E-03,-47.2597355E-03,+91.6160747E-03
+6.4223375E-03,+4.4839952E-03,-47.2163003E-03,+91.6103947E-03
+6.4226312E-03,+3.4167641E-03,-47.1678532E-03,+91.6125665E-03
+6.4229250E-03,+5.4128515E-03,-47.2513826E-03,+91.6095595E-03
+6.4232187E-03,+10.4442151E-03,-47.0459004E-03,+91.6020418E-03
+6.4235125E-03,+15.1598344E-03,-47.0158298E-03,+91.6374583E-03
+6.4238062E-03,+15.3465024E-03,-46.8972181E-03,+91.6217547E-03
+6.4241000E-03,+12.2575671E-03,-47.2029356E-03,+91.6103947E-03
+6.4243937E-03,+8.0248076E-03,-47.1945826E-03,+91.6060512E-03
+6.4246875E-03,+4.9902298E-03,-47.1110533E-03,+91.5968630E-03
+6.4249812E-03,+3.7849180E-03,-47.2948178E-03,+91.6068865E-03
+6.4252750E-03,+6.0571669E-03,-47.1595003E-03,+91.6160747E-03
+6.4255687E-03,+10.5104071E-03,-47.1244180E-03,+91.6147383E-03
+6.4258625E-03,+13.7603569E-03,-47.1595003E-03,+91.6239265E-03
+6.4261562E-03,+14.5895027E-03,-47.1244180E-03,+91.6204183E-03
+6.4264500E-03,+13.0459171E-03,-47.1812179E-03,+91.6282700E-03
+6.4267437E-03,+9.0967063E-03,-47.2246532E-03,+91.6296065E-03
+6.4270375E-03,+5.3679028E-03,-47.3165355E-03,+91.6247618E-03
+6.4273312E-03,+3.4059955E-03,-47.2814531E-03,+91.6374583E-03
+6.4276250E-03,+5.0536286E-03,-47.3382531E-03,+91.6217547E-03
+6.4279187E-03,+9.7140450E-03,-47.2513826E-03,+91.6147383E-03
+6.4282125E-03,+13.5262776E-03,-47.0676180E-03,+91.6282700E-03
+6.4285062E-03,+15.2399557E-03,-47.1812179E-03,+91.6296065E-03
+6.4288000E-03,+13.6707901E-03,-47.2246532E-03,+91.6139030E-03
+6.4290937E-03,+10.0898435E-03,-47.2296650E-03,+91.6025430E-03
+6.4293875E-03,+6.1954314E-03,-46.9891004E-03,+91.6090583E-03
+6.4296812E-03,+4.2550613E-03,-47.1244180E-03,+91.6260983E-03
+6.4299750E-03,+6.3758146E-03,-47.1160650E-03,+91.6282700E-03
+6.4302687E-03,+10.0878956E-03,-47.0542533E-03,+91.6317783E-03
+6.4305625E-03,+14.0314097E-03,-47.2731002E-03,+91.6217547E-03
+6.4308562E-03,+16.1147486E-03,-47.0809827E-03,+91.6082230E-03
+6.4311500E-03,+15.2064003E-03,-47.1110533E-03,+91.6155736E-03
+6.4314437E-03,+11.5126591E-03,-47.3382531E-03,+91.6409665E-03
+6.4317375E-03,+7.0274438E-03,-47.3816884E-03,+91.6182465E-03
+6.4320312E-03,+4.5736723E-03,-47.3867001E-03,+91.6139030E-03
+6.4323250E-03,+4.6768010E-03,-47.0592651E-03,+91.6112300E-03
+6.4326187E-03,+8.0126424E-03,-47.0759709E-03,+91.6274347E-03
+6.4329125E-03,+12.1546589E-03,-47.3516178E-03,+91.6125665E-03
+6.4332062E-03,+14.1691229E-03,-47.1812179E-03,+91.6225900E-03
+6.4335000E-03,+14.1530986E-03,-47.2029356E-03,+91.6339500E-03
+6.4337937E-03,+10.9393504E-03,-47.2814531E-03,+91.6339500E-03
+6.4340875E-03,+7.2579581E-03,-47.3165355E-03,+91.6317783E-03
+6.4343812E-03,+4.7248003E-03,-47.3466060E-03,+91.6239265E-03
+6.4346750E-03,+4.3480462E-03,-47.5086530E-03,+91.6204183E-03
+6.4349687E-03,+6.3652298E-03,-47.2948178E-03,+91.6282700E-03
+6.4352625E-03,+10.5383761E-03,-47.2246532E-03,+91.6339500E-03
+6.4355562E-03,+13.7332701E-03,-47.3165355E-03,+91.6361218E-03
+6.4358500E-03,+13.7632237E-03,-47.1945826E-03,+91.6396300E-03
+6.4361437E-03,+12.0725162E-03,-47.0241828E-03,+91.6274347E-03
+6.4364375E-03,+8.5581291E-03,-47.1544885E-03,+91.6169100E-03
+6.4367312E-03,+5.3915349E-03,-47.4301354E-03,+91.6317783E-03
+6.4370250E-03,+4.6634229E-03,-47.1511474E-03,+91.6282700E-03
+6.4373187E-03,+6.8492656E-03,-46.8671476E-03,+91.6317783E-03
+6.4376125E-03,+11.1980908E-03,-46.9974534E-03,+91.6239265E-03
+6.4379062E-03,+14.5933985E-03,-47.2948178E-03,+91.6225900E-03
+6.4382000E-03,+14.8199802E-03,-47.1160650E-03,+91.6296065E-03
+6.4384937E-03,+11.9857058E-03,-46.9673828E-03,+91.6204183E-03
+6.4387875E-03,+8.2427524E-03,-47.0676180E-03,+91.6217547E-03
+6.4390812E-03,+5.2083951E-03,-47.1595003E-03,+91.6103947E-03
+6.4393750E-03,+4.6407831E-03,-47.1244180E-03,+91.6103947E-03
+6.4396687E-03,+6.5554629E-03,-47.2029356E-03,+91.6125665E-03
+6.4399625E-03,+9.9585253E-03,-47.2597355E-03,+91.6182465E-03
+6.4402562E-03,+13.3993698E-03,-47.2163003E-03,+91.6247618E-03
+6.4405500E-03,+14.7774938E-03,-47.1027003E-03,+91.6374583E-03
+6.4408437E-03,+12.8222021E-03,-47.0809827E-03,+91.6239265E-03
+6.4411375E-03,+8.8704921E-03,-47.0893356E-03,+91.6204183E-03
+6.4414312E-03,+5.7500228E-03,-47.2163003E-03,+91.6239265E-03
+6.4417250E-03,+4.3831084E-03,-47.1678532E-03,+91.6204183E-03
+6.4420187E-03,+6.0265884E-03,-47.3599707E-03,+91.6304418E-03
+6.4423125E-03,+9.8612771E-03,-47.3516178E-03,+91.6418018E-03
+6.4426062E-03,+13.5115030E-03,-47.1812179E-03,+91.6352865E-03
+6.4429000E-03,+14.9762903E-03,-47.1812179E-03,+91.6225900E-03
+6.4431937E-03,+13.1774190E-03,-47.1160650E-03,+91.6296065E-03
+6.4434875E-03,+9.2189098E-03,-47.1411238E-03,+91.6139030E-03
+6.4437812E-03,+6.1149792E-03,-47.5871706E-03,+91.6134018E-03
+6.4440750E-03,+4.4834807E-03,-47.3950531E-03,+91.6396300E-03
+6.4443687E-03,+4.7458597E-03,-47.3816884E-03,+91.6274347E-03
+6.4446625E-03,+9.1213307E-03,-47.3649825E-03,+91.6125665E-03
+6.4449562E-03,+13.7551748E-03,-47.0024651E-03,+91.6160747E-03
+6.4452500E-03,+15.6691930E-03,-47.0325357E-03,+91.6103947E-03
+6.4455437E-03,+14.3156200E-03,-47.2380179E-03,+91.6103947E-03
+6.4458375E-03,+10.4181941E-03,-47.1812179E-03,+91.6147383E-03
+6.4461312E-03,+6.2836383E-03,-47.1812179E-03,+91.6217547E-03
+6.4464250E-03,+4.8441737E-03,-47.2029356E-03,+91.6147383E-03
+6.4467187E-03,+5.4534268E-03,-47.2597355E-03,+91.6260983E-03
+6.4470125E-03,+8.5733816E-03,-47.1511474E-03,+91.6260983E-03
+6.4473062E-03,+12.5889313E-03,-46.9757357E-03,+91.6260983E-03
+6.4476000E-03,+14.6317685E-03,-47.2814531E-03,+91.6260983E-03
+6.4478937E-03,+13.7119166E-03,-47.3599707E-03,+91.6239265E-03
+6.4481875E-03,+11.2857098E-03,-47.4167707E-03,+91.6182465E-03
+6.4484812E-03,+8.0628101E-03,-47.4167707E-03,+91.6204183E-03
+6.4487750E-03,+5.2443762E-03,-47.4384883E-03,+91.6282700E-03
+6.4490687E-03,+5.7144827E-03,-47.3432649E-03,+91.6274347E-03
+6.4493625E-03,+8.6234390E-03,-47.0108181E-03,+91.6212536E-03
+6.4496562E-03,+12.0067652E-03,-47.1812179E-03,+91.6453100E-03
+6.4499500E-03,+13.9194236E-03,-47.2680884E-03,+91.6361218E-03
+6.4502437E-03,+13.5816275E-03,-47.3867001E-03,+91.6418018E-03
+6.4505375E-03,+11.1085608E-03,-47.1461356E-03,+91.6352865E-03
+6.4508312E-03,+7.5695860E-03,-47.2814531E-03,+91.6139030E-03
+6.4511250E-03,+5.1376458E-03,-47.2948178E-03,+91.6025430E-03
+6.4514187E-03,+4.9969188E-03,-47.2246532E-03,+91.6090583E-03
+6.4517125E-03,+7.8277752E-03,-47.2948178E-03,+91.6260983E-03
+6.4520062E-03,+11.8021250E-03,-47.1812179E-03,+91.6282700E-03
+6.4523000E-03,+13.3168595E-03,-47.1812179E-03,+91.6296065E-03
+6.4525937E-03,+13.5330034E-03,-47.1812179E-03,+91.6204183E-03
+6.4528875E-03,+10.8759148E-03,-47.1812179E-03,+91.6260983E-03
+6.4531812E-03,+6.8752867E-03,-47.1595003E-03,+91.6260983E-03
+6.4534750E-03,+3.8930819E-03,-47.1244180E-03,+91.6260983E-03
+6.4537687E-03,+3.7445633E-03,-47.1595003E-03,+91.6304418E-03
+6.4540625E-03,+7.0696361E-03,-47.0809827E-03,+91.6396300E-03
+6.4543562E-03,+11.8329974E-03,-47.0676180E-03,+91.6317783E-03
+6.4546500E-03,+15.0888645E-03,-47.1160650E-03,+91.6217547E-03
+6.4549437E-03,+15.0065747E-03,-46.9673828E-03,+91.6125665E-03
+6.4552375E-03,+12.6085942E-03,-47.0459004E-03,+91.6182465E-03
+6.4555312E-03,+8.7387697E-03,-47.1244180E-03,+91.6160747E-03
+6.4558250E-03,+5.7744267E-03,-47.1812179E-03,+91.6038795E-03
+6.4561187E-03,+3.8586076E-03,-47.2680884E-03,+91.6020418E-03
+6.4564125E-03,+5.6138900E-03,-47.3432649E-03,+91.6374583E-03
+6.4567062E-03,+9.7351044E-03,-46.9456652E-03,+91.6217547E-03
+6.4570000E-03,+14.0169290E-03,-46.9673828E-03,+91.6169100E-03
+6.4572937E-03,+14.5066616E-03,-47.0676180E-03,+91.6296065E-03
+6.4575875E-03,+12.8208055E-03,-47.1812179E-03,+91.6182465E-03
+6.4578812E-03,+9.2910557E-03,-47.1595003E-03,+91.6225900E-03
+6.4581750E-03,+5.6629551E-03,-47.1895709E-03,+91.6339500E-03
+6.4584687E-03,+4.5423221E-03,-47.3516178E-03,+91.6296065E-03
+6.4587625E-03,+5.6754144E-03,-47.1812179E-03,+91.6225900E-03
+6.4590562E-03,+9.6828785E-03,-47.1377827E-03,+91.6361218E-03
+6.4593500E-03,+14.1274083E-03,-47.0024651E-03,+91.6396300E-03
+6.4596437E-03,+15.5615805E-03,-47.0325357E-03,+91.6296065E-03
+6.4599375E-03,+13.3784574E-03,-47.2597355E-03,+91.6225900E-03
+6.4602312E-03,+10.1605194E-03,-47.2597355E-03,+91.6296065E-03
+6.4605250E-03,+6.4133761E-03,-47.2814531E-03,+91.6182465E-03
+6.4608187E-03,+4.2724087E-03,-47.2731002E-03,+91.6160747E-03
+6.4611125E-03,+5.5209419E-03,-47.1244180E-03,+91.6147383E-03
+6.4614062E-03,+8.5945512E-03,-47.2029356E-03,+91.6195830E-03
+6.4617000E-03,+13.4809980E-03,-47.2597355E-03,+91.6047148E-03
+6.4619937E-03,+15.8264587E-03,-47.3031708E-03,+91.6125665E-03
+6.4622875E-03,+14.6357746E-03,-47.3516178E-03,+91.6204183E-03
+6.4625812E-03,+11.2177537E-03,-47.1160650E-03,+91.6260983E-03
+6.4628750E-03,+6.1956519E-03,-47.0542533E-03,+91.6239265E-03
+6.4631687E-03,+3.5487071E-03,-47.3165355E-03,+91.6204183E-03
+6.4634625E-03,+3.4618599E-03,-47.2380179E-03,+91.6260983E-03
+6.4637562E-03,+7.5305544E-03,-47.2463708E-03,+91.6239265E-03
+6.4640500E-03,+12.3764260E-03,-47.3733354E-03,+91.6182465E-03
+6.4643437E-03,+15.4957193E-03,-47.2163003E-03,+91.6160747E-03
+6.4646375E-03,+15.1862230E-03,-47.1244180E-03,+91.6190818E-03
+6.4649312E-03,+12.4879344E-03,-47.1812179E-03,+91.6396300E-03
+6.4652250E-03,+8.4638212E-03,-47.2680884E-03,+91.6361218E-03
+6.4655187E-03,+5.1315080E-03,-47.4084178E-03,+91.6439735E-03
+6.4658125E-03,+4.3483402E-03,-47.1595003E-03,+91.6409665E-03
+6.4661062E-03,+6.5116901E-03,-47.1461356E-03,+91.6225900E-03
+6.4664000E-03,+10.6777431E-03,-47.2163003E-03,+91.6274347E-03
+6.4666937E-03,+14.3764093E-03,-47.1027003E-03,+91.6103947E-03
+6.4669875E-03,+15.0113526E-03,-47.1027003E-03,+91.6190818E-03
+6.4672812E-03,+12.4583483E-03,-47.1678532E-03,+91.6396300E-03
+6.4675750E-03,+8.2662375E-03,-47.3165355E-03,+91.6252630E-03
+6.4678687E-03,+3.9502326E-03,-47.2380179E-03,+91.6025430E-03
+6.4681625E-03,+3.1471815E-03,-47.1377827E-03,+91.6068865E-03
+6.4684562E-03,+5.9018123E-03,-47.0893356E-03,+91.6139030E-03
+6.4687500E-03,+10.8538263E-03,-47.1511474E-03,+91.6155736E-03
+6.4690437E-03,+13.9509943E-03,-46.8671476E-03,+91.6453100E-03
+6.4693375E-03,+14.7791845E-03,-46.9757357E-03,+91.6339500E-03
+6.4696312E-03,+12.9319463E-03,-47.1945826E-03,+91.6296065E-03
+6.4699250E-03,+9.0747648E-03,-47.0676180E-03,+91.6225900E-03
+6.4702187E-03,+5.0549517E-03,-47.1377827E-03,+91.6296065E-03
+6.4705125E-03,+3.6013005E-03,-47.0024651E-03,+91.6117312E-03
+6.4708062E-03,+6.2781621E-03,-46.9456652E-03,+91.6033783E-03
+6.4711000E-03,+10.3270101E-03,-46.9456652E-03,+91.6217547E-03
+6.4713937E-03,+13.3569202E-03,-46.9673828E-03,+91.6038795E-03
+6.4716875E-03,+14.5897600E-03,-47.0459004E-03,+91.5933548E-03
+6.4719812E-03,+12.7796055E-03,-47.0809827E-03,+91.6147383E-03
+6.4722750E-03,+9.7126851E-03,-47.0024651E-03,+91.6347853E-03
+6.4725687E-03,+5.9156682E-03,-47.0108181E-03,+91.6466465E-03
+6.4728625E-03,+4.2132732E-03,-47.1595003E-03,+91.6160747E-03
+6.4731562E-03,+5.4673194E-03,-47.1027003E-03,+91.6169100E-03
+6.4734500E-03,+9.1540408E-03,-47.1244180E-03,+91.6317783E-03
+6.4737437E-03,+13.2105701E-03,-47.1812179E-03,+91.6239265E-03
+6.4740375E-03,+14.5227594E-03,-47.1595003E-03,+91.6225900E-03
+6.4743312E-03,+13.5986442E-03,-47.1461356E-03,+91.6296065E-03
+6.4746250E-03,+10.3334786E-03,-47.2597355E-03,+91.6204183E-03
+6.4749187E-03,+7.5076206E-03,-47.1945826E-03,+91.6260983E-03
+6.4752125E-03,+5.5694557E-03,-47.0459004E-03,+91.6260983E-03
+6.4755062E-03,+6.8588214E-03,-47.1244180E-03,+91.6326136E-03
+6.4758000E-03,+9.4722108E-03,-47.2029356E-03,+91.6453100E-03
+6.4760937E-03,+13.2436477E-03,-47.2163003E-03,+91.6274347E-03
+6.4763875E-03,+14.4457253E-03,-47.1461356E-03,+91.6125665E-03
+6.4766812E-03,+13.8759449E-03,-47.3031708E-03,+91.6204183E-03
+6.4769750E-03,+10.0613600E-03,-47.3733354E-03,+91.6217547E-03
+6.4772687E-03,+5.5490211E-03,-47.2814531E-03,+91.6125665E-03
+6.4775625E-03,+3.8690087E-03,-47.2731002E-03,+91.6139030E-03
+6.4778562E-03,+4.3201507E-03,-47.1244180E-03,+91.5981995E-03
+6.4781500E-03,+7.7911693E-03,-47.2029356E-03,+91.5976983E-03
+6.4784437E-03,+11.9220497E-03,-47.2380179E-03,+91.6174112E-03
+6.4787375E-03,+14.8479859E-03,-47.2463708E-03,+91.5990348E-03
+6.4790312E-03,+14.2777645E-03,-47.3733354E-03,+91.6147383E-03
+6.4793250E-03,+11.6174049E-03,-47.2597355E-03,+91.6239265E-03
+6.4796187E-03,+7.3659381E-03,-47.3031708E-03,+91.6139030E-03
+6.4799125E-03,+4.7463375E-03,-47.2864649E-03,+91.6068865E-03
+6.4802062E-03,+5.6425573E-03,-47.0108181E-03,+91.6225900E-03
+6.4805000E-03,+8.2546603E-03,-47.2246532E-03,+91.6317783E-03
+6.4807937E-03,+12.1679267E-03,-47.3382531E-03,+91.6239265E-03
+6.4810875E-03,+14.9456016E-03,-47.3165355E-03,+91.6225900E-03
+6.4813812E-03,+14.5803145E-03,-47.2380179E-03,+91.6274347E-03
+6.4816750E-03,+11.4421302E-03,-47.1595003E-03,+91.6125665E-03
+6.4819687E-03,+7.2108408E-03,-47.1895709E-03,+91.6182465E-03
+6.4822625E-03,+4.0920254E-03,-47.3516178E-03,+91.6269336E-03
+6.4825562E-03,+4.1210969E-03,-47.2029356E-03,+91.6431383E-03
+6.4828500E-03,+6.8640771E-03,-47.2380179E-03,+91.6282700E-03
+6.4831437E-03,+11.2525954E-03,-47.1160650E-03,+91.6274347E-03
+6.4834375E-03,+14.5491112E-03,-47.0542533E-03,+91.6082230E-03
+6.4837312E-03,+14.7171823E-03,-47.3382531E-03,+91.6047148E-03
+6.4840250E-03,+12.2301862E-03,-47.4034060E-03,+91.6169100E-03
+6.4843187E-03,+7.7562173E-03,-47.5086530E-03,+91.6296065E-03
+6.4846125E-03,+4.2608315E-03,-47.2731002E-03,+91.6247618E-03
+6.4849062E-03,+4.1998217E-03,-47.1678532E-03,+91.6418018E-03
+6.4852000E-03,+6.8435322E-03,-47.2948178E-03,+91.6352865E-03
+6.4854937E-03,+11.3321655E-03,-47.2246532E-03,+91.6160747E-03
+6.4857875E-03,+15.0109851E-03,-47.3165355E-03,+91.6169100E-03
+6.4860812E-03,+15.2732539E-03,-47.2163003E-03,+91.6339500E-03
+6.4863750E-03,+13.1488620E-03,-47.1027003E-03,+91.6339500E-03
+6.4866687E-03,+8.3862725E-03,-47.1027003E-03,+91.6317783E-03
+6.4869625E-03,+4.2884329E-03,-47.1027003E-03,+91.6260983E-03
+6.4872562E-03,+4.0525895E-03,-47.0592651E-03,+91.6260983E-03
+6.4875500E-03,+6.1964604E-03,-46.9456652E-03,+91.6239265E-03
+6.4878437E-03,+10.1198339E-03,-46.9891004E-03,+91.6139030E-03
+6.4881375E-03,+12.5479151E-03,-47.1678532E-03,+91.6068865E-03
+6.4884312E-03,+13.5943808E-03,-47.2948178E-03,+91.6182465E-03
+6.4887250E-03,+11.6013438E-03,-47.2029356E-03,+91.6182465E-03
+6.4890187E-03,+8.1120590E-03,-47.2380179E-03,+91.6160747E-03
+6.4893125E-03,+4.2310984E-03,-47.1595003E-03,+91.6147383E-03
+6.4896062E-03,+3.0073366E-03,-47.1244180E-03,+91.6217547E-03
+6.4899000E-03,+5.4519199E-03,-47.1595003E-03,+91.6060512E-03
+6.4901937E-03,+10.2718439E-03,-47.0809827E-03,+91.6033783E-03
+6.4904875E-03,+14.0208248E-03,-47.0676180E-03,+91.6239265E-03
+6.4907812E-03,+15.8956277E-03,-47.2029356E-03,+91.6182465E-03
+6.4910750E-03,+13.8655438E-03,-47.2380179E-03,+91.6225900E-03
+6.4913687E-03,+9.6569677E-03,-47.1595003E-03,+91.6296065E-03
+6.4916625E-03,+6.5065815E-03,-47.1244180E-03,+91.6204183E-03
+6.4919562E-03,+4.7314158E-03,-47.2029356E-03,+91.6217547E-03
+6.4922500E-03,+6.3921329E-03,-47.2814531E-03,+91.6103947E-03
+6.4925437E-03,+10.7615397E-03,-47.3382531E-03,+91.6147383E-03
+6.4928375E-03,+14.3120549E-03,-47.2731002E-03,+91.6260983E-03
+6.4931312E-03,+15.8130072E-03,-47.0809827E-03,+91.6239265E-03
+6.4934250E-03,+13.6080897E-03,-47.0893356E-03,+91.6182465E-03
+6.4937187E-03,+8.7162769E-03,-47.2163003E-03,+91.6182465E-03
+6.4940125E-03,+5.2300793E-03,-47.1461356E-03,+91.6269336E-03
+6.4943062E-03,+3.4450271E-03,-47.2163003E-03,+91.6387947E-03
+6.4946000E-03,+5.7882458E-03,-47.1027003E-03,+91.6147383E-03
+6.4948937E-03,+9.7421609E-03,-47.1678532E-03,+91.6326136E-03
+6.4951875E-03,+13.2257858E-03,-47.2731002E-03,+91.6453100E-03
+6.4954812E-03,+15.4560996E-03,-47.1678532E-03,+91.6252630E-03
+6.4957750E-03,+14.0918315E-03,-47.2513826E-03,+91.6112300E-03
+6.4960687E-03,+9.7855662E-03,-47.1110533E-03,+91.6296065E-03
+6.4963625E-03,+5.2545200E-03,-47.3382531E-03,+91.6160747E-03
+6.4966562E-03,+3.1887858E-03,-47.3816884E-03,+91.6103947E-03
+6.4969500E-03,+5.1984718E-03,-47.4518530E-03,+91.6125665E-03
+6.4972437E-03,+8.9362798E-03,-47.3599707E-03,+91.6225900E-03
+6.4975375E-03,+13.1078825E-03,-47.3733354E-03,+91.6339500E-03
+6.4978312E-03,+15.6157175E-03,-47.2597355E-03,+91.6252630E-03
+6.4981250E-03,+14.7651449E-03,-47.2597355E-03,+91.6090583E-03
+6.4984187E-03,+11.8252794E-03,-47.2597355E-03,+91.6326136E-03
+6.4987125E-03,+6.0266987E-03,-47.2814531E-03,+91.6431383E-03
+6.4990062E-03,+2.5549818E-03,-47.3382531E-03,+91.6195830E-03
+6.4993000E-03,+3.3872515E-03,-47.2948178E-03,+91.6090583E-03
+6.4995937E-03,+6.5434814E-03,-47.1812179E-03,+91.6239265E-03
+6.4998875E-03,+11.5092410E-03,-47.2029356E-03,+91.6139030E-03
+6.5001812E-03,+14.7590806E-03,-47.2597355E-03,+91.6155736E-03
+6.5004750E-03,+15.0126390E-03,-47.2163003E-03,+91.6366230E-03
+6.5007687E-03,+11.7641960E-03,-47.2330061E-03,+91.6068865E-03
+6.5010625E-03,+6.3920227E-03,-47.4869353E-03,+91.6139030E-03
+6.5013562E-03,+3.2103230E-03,-47.2597355E-03,+91.6090583E-03
+6.5016500E-03,+3.7083985E-03,-47.2380179E-03,+91.6239265E-03
+6.5019437E-03,+6.7381983E-03,-47.2029356E-03,+91.6247618E-03
+6.5022375E-03,+11.4726719E-03,-47.1294297E-03,+91.6331147E-03
+6.5025312E-03,+15.1984984E-03,-46.9406534E-03,+91.6147383E-03
+6.5028250E-03,+15.5500401E-03,-47.3165355E-03,+91.6260983E-03
+6.5031187E-03,+12.5854766E-03,-47.1511474E-03,+91.6260983E-03
+6.5034125E-03,+7.2924323E-03,-46.9540181E-03,+91.6217547E-03
+6.5037062E-03,+3.9420000E-03,-47.1812179E-03,+91.6103947E-03
+6.5040000E-03,+4.1717424E-03,-47.2029356E-03,+91.6147383E-03
+6.5042937E-03,+6.8327268E-03,-47.1728650E-03,+91.6282700E-03
+6.5045875E-03,+10.8328404E-03,-47.0108181E-03,+91.6296065E-03
+6.5048812E-03,+14.0139520E-03,-47.1160650E-03,+91.6182465E-03
+6.5051750E-03,+14.8257137E-03,-47.0108181E-03,+91.6139030E-03
+6.5054687E-03,+12.7748276E-03,-47.2029356E-03,+91.6003712E-03
+6.5057625E-03,+9.0472737E-03,-47.3248884E-03,+91.6012065E-03
+6.5060562E-03,+4.9120196E-03,-47.4084178E-03,+91.6182465E-03
+6.5063500E-03,+4.2037175E-03,-47.2029356E-03,+91.6182465E-03
+6.5066437E-03,+5.3211898E-03,-47.2380179E-03,+91.6139030E-03
+6.5069375E-03,+9.4485052E-03,-47.2246532E-03,+91.6090583E-03
+6.5072312E-03,+13.0938061E-03,-47.3165355E-03,+91.6195830E-03
+6.5075250E-03,+14.3881702E-03,-47.2597355E-03,+91.6090583E-03
+6.5078187E-03,+12.9692505E-03,-47.2163003E-03,+91.6239265E-03
+6.5081125E-03,+9.6808571E-03,-47.1461356E-03,+91.6160747E-03
+6.5084062E-03,+6.0954267E-03,-47.2380179E-03,+91.6190818E-03
+6.5087000E-03,+4.3236055E-03,-47.1595003E-03,+91.6418018E-03
+6.5089937E-03,+5.7792046E-03,-47.1027003E-03,+91.6396300E-03
+6.5092875E-03,+10.1467738E-03,-47.0809827E-03,+91.6296065E-03
+6.5095812E-03,+13.4342484E-03,-47.0241828E-03,+91.6139030E-03
+6.5098750E-03,+14.2633206E-03,-47.0241828E-03,+91.6090583E-03
+6.5101687E-03,+12.8221654E-03,-47.0024651E-03,+91.6282700E-03
+6.5104625E-03,+9.5742002E-03,-46.9891004E-03,+91.6317783E-03
+6.5107562E-03,+5.8979533E-03,-47.0809827E-03,+91.6239265E-03
+6.5110500E-03,+4.3073974E-03,-47.0676180E-03,+91.6095595E-03
+6.5113437E-03,+5.4934507E-03,-47.2029356E-03,+91.5998700E-03
+6.5116375E-03,+9.3584973E-03,-47.2163003E-03,+91.6296065E-03
+6.5119312E-03,+13.4708910E-03,-47.0592651E-03,+91.6204183E-03
+6.5122250E-03,+14.1624338E-03,-47.0325357E-03,+91.6304418E-03
+6.5125187E-03,+13.1077722E-03,-47.2380179E-03,+91.6418018E-03
+6.5128125E-03,+10.1465900E-03,-47.1595003E-03,+91.6396300E-03
+6.5131062E-03,+5.2892515E-03,-47.1895709E-03,+91.6317783E-03
+6.5134000E-03,+3.9744896E-03,-47.4167707E-03,+91.6260983E-03
+6.5136937E-03,+4.4053807E-03,-47.3299002E-03,+91.6174112E-03
+6.5139875E-03,+7.9234798E-03,-47.1461356E-03,+91.6012065E-03
+6.5142812E-03,+12.1887289E-03,-47.2380179E-03,+91.6204183E-03
+6.5145750E-03,+14.0447510E-03,-47.2029356E-03,+91.6217547E-03
+6.5148687E-03,+13.3987818E-03,-47.2380179E-03,+91.6147383E-03
+6.5151625E-03,+9.7560536E-03,-47.2246532E-03,+91.6239265E-03
+6.5154562E-03,+6.4046289E-03,-47.3599707E-03,+91.6182465E-03
+6.5157500E-03,+4.5715039E-03,-47.3516178E-03,+91.6204183E-03
+6.5160437E-03,+6.4436605E-03,-47.1377827E-03,+91.6217547E-03
+6.5163375E-03,+8.8377085E-03,-47.1327709E-03,+91.6169100E-03
+6.5166312E-03,+13.0763117E-03,-47.3299002E-03,+91.6339500E-03
+6.5169250E-03,+15.8270468E-03,-47.1461356E-03,+91.6296065E-03
+6.5172187E-03,+15.1171643E-03,-47.2597355E-03,+91.6204183E-03
+6.5175125E-03,+11.4619400E-03,-47.2597355E-03,+91.6174112E-03
+6.5178062E-03,+7.4295942E-03,-47.3466060E-03,+91.5968630E-03
+6.5181000E-03,+4.0546109E-03,-47.4869353E-03,+91.6068865E-03
+6.5183937E-03,+3.4358389E-03,-47.3031708E-03,+91.6160747E-03
+6.5186875E-03,+5.8972549E-03,-47.3950531E-03,+91.6103947E-03
+6.5189812E-03,+9.8801314E-03,-47.2948178E-03,+91.6082230E-03
+6.5192750E-03,+13.7575270E-03,-47.1595003E-03,+91.5960277E-03
+6.5195687E-03,+15.1210233E-03,-47.1461356E-03,+91.5876748E-03
+6.5198625E-03,+11.2885398E-03,-47.3031708E-03,+91.6147383E-03
+6.5201562E-03,+7.3689886E-03,-47.4167707E-03,+91.6217547E-03
+6.5204500E-03,+4.7133701E-03,-47.3950531E-03,+91.6125665E-03
+6.5207437E-03,+4.3448854E-03,-47.2948178E-03,+91.6225900E-03
+6.5210375E-03,+6.7240117E-03,-47.2680884E-03,+91.6296065E-03
+6.5213312E-03,+10.5301434E-03,-47.3867001E-03,+91.6204183E-03
+6.5216250E-03,+14.0676848E-03,-47.0809827E-03,+91.6260983E-03
+6.5219187E-03,+15.6447156E-03,-47.0893356E-03,+91.6239265E-03
+6.5222125E-03,+13.8713140E-03,-47.1945826E-03,+91.6139030E-03
+6.5225062E-03,+9.8703551E-03,-47.0893356E-03,+91.6090583E-03
+6.5228000E-03,+5.9725249E-03,-47.2597355E-03,+91.6282700E-03
+6.5230937E-03,+5.1610941E-03,-47.2380179E-03,+91.6339500E-03
+6.5233875E-03,+7.0521050E-03,-47.2029356E-03,+91.6317783E-03
+6.5236812E-03,+9.4407136E-03,-47.2597355E-03,+91.6239265E-03
+6.5239750E-03,+12.6703023E-03,-47.2380179E-03,+91.6182465E-03
+6.5242687E-03,+13.2715432E-03,-47.2246532E-03,+91.6139030E-03
+6.5245625E-03,+11.4977741E-03,-47.3165355E-03,+91.6068865E-03
+6.5248562E-03,+9.8431212E-03,-47.2597355E-03,+91.6160747E-03
+6.5251500E-03,+6.9163765E-03,-47.2380179E-03,+91.6103947E-03
+6.5254437E-03,+5.7811157E-03,-47.2246532E-03,+91.6038795E-03
+6.5257375E-03,+7.8105748E-03,-47.3816884E-03,+91.5933548E-03
+6.5260312E-03,+10.9464069E-03,-47.4301354E-03,+91.6147383E-03
+6.5263250E-03,+13.0185361E-03,-47.2597355E-03,+91.6239265E-03
+6.5266187E-03,+14.4040107E-03,-47.3031708E-03,+91.6182465E-03
+6.5269125E-03,+12.8954139E-03,-47.3081825E-03,+91.6160747E-03
+6.5272062E-03,+9.8944651E-03,-47.1110533E-03,+91.6125665E-03
+6.5275000E-03,+6.7787001E-03,-47.3165355E-03,+91.6204183E-03
+6.5277937E-03,+4.8742744E-03,-47.2814531E-03,+91.6260983E-03
+6.5280875E-03,+6.1716889E-03,-47.2948178E-03,+91.6260983E-03
+6.5283812E-03,+9.3284702E-03,-47.1377827E-03,+91.6217547E-03
+6.5286750E-03,+11.4837712E-03,-47.0459004E-03,+91.6125665E-03
+6.5289687E-03,+13.0615371E-03,-47.1678532E-03,+91.6160747E-03
+6.5292625E-03,+12.4264100E-03,-47.3165355E-03,+91.6103947E-03
+6.5295562E-03,+10.1542714E-03,-47.2814531E-03,+91.6147383E-03
+6.5298500E-03,+6.3894500E-03,-47.2513826E-03,+91.6260983E-03
+6.5301437E-03,+3.9496446E-03,-47.0893356E-03,+91.6152394E-03
+6.5304375E-03,+4.9848639E-03,-47.2380179E-03,+91.5933548E-03
+6.5307312E-03,+7.7587532E-03,-47.2246532E-03,+91.6103947E-03
+6.5310250E-03,+11.6114141E-03,-47.2948178E-03,+91.6125665E-03
+6.5313187E-03,+13.6135291E-03,-47.1595003E-03,+91.6182465E-03
+6.5316125E-03,+13.2907650E-03,-47.1244180E-03,+91.6139030E-03
+6.5319062E-03,+10.9618799E-03,-47.1595003E-03,+91.6155736E-03
+6.5322000E-03,+7.5979960E-03,-47.1244180E-03,+91.6322794E-03
+6.5324937E-03,+5.2670895E-03,-47.1812179E-03,+91.5998700E-03
+6.5327875E-03,+4.7855896E-03,-47.1812179E-03,+91.6252630E-03
+6.5330812E-03,+7.6965673E-03,-47.2029356E-03,+91.6068865E-03
+6.5333750E-03,+12.1226839E-03,-47.2597355E-03,+91.6182465E-03
+6.5336687E-03,+14.2299857E-03,-47.2380179E-03,+91.6160747E-03
+6.5339625E-03,+14.3267929E-03,-47.1377827E-03,+91.6125665E-03
+6.5342562E-03,+12.2401462E-03,-47.0893356E-03,+91.6291053E-03
+6.5345500E-03,+8.9644693E-03,-47.2380179E-03,+91.6531618E-03
+6.5348437E-03,+6.4512316E-03,-47.2029356E-03,+91.6374583E-03
+6.5351375E-03,+6.5164313E-03,-47.1945826E-03,+91.6304418E-03
+6.5354312E-03,+7.9989703E-03,-47.1327709E-03,+91.6287712E-03
+6.5357250E-03,+11.4366173E-03,-47.3733354E-03,+91.5990348E-03
+6.5360187E-03,+13.9019659E-03,-47.2163003E-03,+91.6103947E-03
+6.5363125E-03,+14.0582393E-03,-47.1895709E-03,+91.6169100E-03
+6.5366062E-03,+11.8765864E-03,-47.3516178E-03,+91.6339500E-03
+6.5369000E-03,+8.0410156E-03,-47.2246532E-03,+91.6296065E-03
+6.5371937E-03,+5.1043476E-03,-47.3382531E-03,+91.6225900E-03
+6.5374875E-03,+3.8783807E-03,-47.2513826E-03,+91.6252630E-03
+6.5377812E-03,+6.1029977E-03,-47.0241828E-03,+91.6090583E-03
+6.5380750E-03,+9.9169211E-03,-47.1544885E-03,+91.6217547E-03
+6.5383687E-03,+12.8814110E-03,-47.3867001E-03,+91.6147383E-03
+6.5386625E-03,+14.2716635E-03,-47.0592651E-03,+91.6260983E-03
+6.5389562E-03,+12.9674864E-03,-47.0759709E-03,+91.6217547E-03
+6.5392500E-03,+10.0158967E-03,-47.3299002E-03,+91.6212536E-03
+6.5395437E-03,+6.9433899E-03,-47.1678532E-03,+91.6431383E-03
+6.5398375E-03,+5.1106691E-03,-47.2731002E-03,+91.6239265E-03
+6.5401312E-03,+5.9891005E-03,-47.0809827E-03,+91.6182465E-03
+6.5404250E-03,+8.9562367E-03,-47.1327709E-03,+91.6269336E-03
+6.5407187E-03,+11.8963594E-03,-47.3081825E-03,+91.6431383E-03
+6.5410125E-03,+14.0246472E-03,-47.0459004E-03,+91.6217547E-03
+6.5413062E-03,+13.3745616E-03,-47.0809827E-03,+91.6147383E-03
+6.5416000E-03,+10.1181800E-03,-47.0241828E-03,+91.6260983E-03
+6.5418937E-03,+7.1608201E-03,-47.0676180E-03,+91.6239265E-03
+6.5421875E-03,+5.3783038E-03,-47.1377827E-03,+91.6160747E-03
+6.5424812E-03,+5.2259630E-03,-47.0893356E-03,+91.6082230E-03
+6.5427750E-03,+8.6274451E-03,-47.2814531E-03,+91.6112300E-03
+6.5430687E-03,+12.8928779E-03,-47.3599707E-03,+91.6317783E-03
+6.5433625E-03,+14.4458355E-03,-47.4167707E-03,+91.6260983E-03
+6.5436562E-03,+13.0193447E-03,-47.3299002E-03,+91.6239265E-03
+6.5439500E-03,+9.9836276E-03,-47.1027003E-03,+91.6182465E-03
+6.5442437E-03,+6.9864275E-03,-47.1895709E-03,+91.6204183E-03
+6.5445375E-03,+5.7216128E-03,-47.3299002E-03,+91.6326136E-03
+6.5448312E-03,+6.0323219E-03,-47.0592651E-03,+91.6387947E-03
+6.5451250E-03,+8.0082320E-03,-47.0542533E-03,+91.6125665E-03
+6.5454187E-03,+11.4522005E-03,-47.2948178E-03,+91.6269336E-03
+6.5457125E-03,+13.9594842E-03,-47.2463708E-03,+91.6431383E-03
+6.5460062E-03,+13.9006061E-03,-47.3950531E-03,+91.6282700E-03
+6.5463000E-03,+11.4315821E-03,-47.3382531E-03,+91.6339500E-03
+6.5465937E-03,+7.3778461E-03,-47.2731002E-03,+91.6339500E-03
+6.5468875E-03,+4.8628442E-03,-47.2330061E-03,+91.6339500E-03
+6.5471812E-03,+4.5765390E-03,-47.5086530E-03,+91.6296065E-03
+6.5474750E-03,+6.6804963E-03,-47.2731002E-03,+91.6160747E-03
+6.5477687E-03,+10.9750742E-03,-47.1027003E-03,+91.6147383E-03
+6.5480625E-03,+14.0334678E-03,-47.1678532E-03,+91.6239265E-03
+6.5483562E-03,+13.7287862E-03,-47.2948178E-03,+91.6182465E-03
+6.5486500E-03,+10.5808257E-03,-47.2029356E-03,+91.6182465E-03
+6.5489437E-03,+7.9616661E-03,-47.2597355E-03,+91.6160747E-03
+6.5492375E-03,+5.4831966E-03,-47.3248884E-03,+91.6060512E-03
+6.5495312E-03,+5.9122869E-03,-47.4301354E-03,+91.6012065E-03
+6.5498250E-03,+7.7744467E-03,-47.2597355E-03,+91.6160747E-03
+6.5501187E-03,+11.8595330E-03,-47.2163003E-03,+91.6147383E-03
+6.5504125E-03,+14.5765656E-03,-47.1895709E-03,+91.6260983E-03
+6.5507062E-03,+15.1101445E-03,-47.3516178E-03,+91.6260983E-03
+6.5510000E-03,+12.8618953E-03,-47.1377827E-03,+91.6239265E-03
+6.5512937E-03,+9.5701206E-03,-47.0676180E-03,+91.6182465E-03
+6.5515875E-03,+6.2608883E-03,-47.2246532E-03,+91.6182465E-03
+6.5518812E-03,+4.4992476E-03,-47.2731002E-03,+91.6160747E-03
+6.5521750E-03,+6.4120530E-03,-47.2112885E-03,+91.6169100E-03
+6.5524687E-03,+10.4534768E-03,-47.4084178E-03,+91.6317783E-03
+6.5527625E-03,+13.0495189E-03,-47.1377827E-03,+91.6239265E-03
+6.5530562E-03,+13.4377766E-03,-47.0459004E-03,+91.6182465E-03
+6.5533500E-03,+12.4433898E-03,-47.1027003E-03,+91.6204183E-03
+6.5536437E-03,+9.5012824E-03,-47.2112885E-03,+91.6217547E-03
+6.5539375E-03,+6.0909796E-03,-47.3432649E-03,+91.6125665E-03
+6.5542312E-03,+4.5011588E-03,-47.0325357E-03,+91.6204183E-03
+6.5545250E-03,+5.8981370E-03,-47.1945826E-03,+91.6304418E-03
+6.5548187E-03,+9.2021136E-03,-47.0241828E-03,+91.6374583E-03
+6.5551125E-03,+13.8151188E-03,-47.0676180E-03,+91.6239265E-03
+6.5554062E-03,+14.3252125E-03,-47.1812179E-03,+91.6225900E-03
+6.5557000E-03,+13.6933197E-03,-47.1377827E-03,+91.6274347E-03
+6.5559937E-03,+10.3805958E-03,-46.9807475E-03,+91.6212536E-03
+6.5562875E-03,+6.7114790E-03,-46.9323005E-03,+91.6409665E-03
+6.5565812E-03,+5.0043429E-03,-47.0592651E-03,+91.6160747E-03
+6.5568750E-03,+5.2102695E-03,-47.0759709E-03,+91.6125665E-03
+6.5571687E-03,+8.1042306E-03,-47.4384883E-03,+91.6139030E-03
+6.5574625E-03,+11.9006228E-03,-47.4301354E-03,+91.6090583E-03
+6.5577562E-03,+14.2765884E-03,-47.1511474E-03,+91.6239265E-03
+6.5580500E-03,+13.8021450E-03,-46.8888652E-03,+91.6095595E-03
+6.5583437E-03,+10.8821628E-03,-46.9673828E-03,+91.5955265E-03
+6.5586375E-03,+7.6893270E-03,-47.0241828E-03,+91.6139030E-03
+6.5589312E-03,+4.7406408E-03,-46.9590299E-03,+91.6090583E-03
+6.5592250E-03,+5.3787816E-03,-46.8755005E-03,+91.6260983E-03
+6.5595187E-03,+8.1110299E-03,-47.1244180E-03,+91.6260983E-03
+6.5598125E-03,+11.9275259E-03,-47.1595003E-03,+91.6239265E-03
+6.5601062E-03,+13.7792112E-03,-47.0158298E-03,+91.6182465E-03
+6.5604000E-03,+13.2168549E-03,-46.9406534E-03,+91.6160747E-03
+6.5606937E-03,+10.3803018E-03,-47.2948178E-03,+91.6103947E-03
+6.5609875E-03,+6.7912696E-03,-47.1812179E-03,+91.6103947E-03
+6.5612812E-03,+4.4885158E-03,-47.2463708E-03,+91.6103947E-03
+6.5615750E-03,+3.8990358E-03,-47.4167707E-03,+91.6060512E-03
+6.5618687E-03,+7.3215038E-03,-47.3299002E-03,+91.6033783E-03
+6.5621625E-03,+12.3040228E-03,-47.1244180E-03,+91.6195830E-03
+6.5624562E-03,+15.4880011E-03,-47.0943474E-03,+91.6047148E-03
+6.5627500E-03,+14.8424362E-03,-46.8888652E-03,+91.6103947E-03
+6.5630437E-03,+11.9255780E-03,-46.9673828E-03,+91.6038795E-03
+6.5633375E-03,+8.2298889E-03,-47.0893356E-03,+91.5911830E-03
+6.5636312E-03,+5.1847262E-03,-47.1945826E-03,+91.6112300E-03
+6.5639250E-03,+4.6076320E-03,-47.0893356E-03,+91.6274347E-03
+6.5642187E-03,+6.4802296E-03,-47.2163003E-03,+91.6125665E-03
+6.5645125E-03,+11.6164125E-03,-47.0592651E-03,+91.6204183E-03
+6.5648062E-03,+14.5223551E-03,-47.0108181E-03,+91.6195830E-03
+6.5651000E-03,+14.3751597E-03,-47.1160650E-03,+91.6047148E-03
+6.5653937E-03,+10.7753221E-03,-47.0976886E-03,+91.6147383E-03
+6.5656875E-03,+7.6334993E-03,-47.4301354E-03,+91.6260983E-03
+6.5659812E-03,+5.5754465E-03,-47.2163003E-03,+91.6195830E-03
+6.5662750E-03,+5.3786713E-03,-47.1461356E-03,+91.6025430E-03
+6.5665687E-03,+7.4839517E-03,-47.2380179E-03,+91.6068865E-03
+6.5668625E-03,+11.2899731E-03,-47.1377827E-03,+91.6160747E-03
+6.5671562E-03,+15.6170406E-03,-47.0459004E-03,+91.6125665E-03
+6.5674500E-03,+16.4801093E-03,-47.0158298E-03,+91.6117312E-03
+6.5677437E-03,+13.1817926E-03,-46.9406534E-03,+91.5990348E-03
+6.5680375E-03,+8.4016720E-03,-47.2731002E-03,+91.6082230E-03
+6.5683312E-03,+5.0113628E-03,-47.1244180E-03,+91.5981995E-03
+6.5686250E-03,+3.6757251E-03,-47.0726298E-03,+91.5955265E-03
+6.5689187E-03,+6.1068201E-03,-46.8537829E-03,+91.6182465E-03
+6.5692125E-03,+10.1851438E-03,-47.0459004E-03,+91.6139030E-03
+6.5695062E-03,+14.5579319E-03,-47.1678532E-03,+91.6025430E-03
+6.5698000E-03,+14.9724680E-03,-47.2296650E-03,+91.6068865E-03
+6.5700937E-03,+12.1929922E-03,-46.9456652E-03,+91.6182465E-03
+6.5703875E-03,+8.3925205E-03,-46.9891004E-03,+91.6160747E-03
+6.5706812E-03,+4.1487351E-03,-47.1244180E-03,+91.6103947E-03
+6.5709750E-03,+2.7709052E-03,-47.1377827E-03,+91.6103947E-03
+6.5712687E-03,+4.6772787E-03,-47.0241828E-03,+91.6125665E-03
+6.5715625E-03,+9.0144533E-03,-47.0241828E-03,+91.6160747E-03
+6.5718562E-03,+14.5267654E-03,-47.0024651E-03,+91.6147383E-03
+6.5721500E-03,+16.9981416E-03,-47.0108181E-03,+91.6217547E-03
+6.5724437E-03,+14.8099467E-03,-47.0943474E-03,+91.6147383E-03
+6.5727375E-03,+10.4202890E-03,-46.9323005E-03,+91.6239265E-03
+6.5730312E-03,+5.7697224E-03,-47.1461356E-03,+91.6139030E-03
+6.5733250E-03,+3.1654844E-03,-47.2597355E-03,+91.6025430E-03
+6.5736187E-03,+4.3341535E-03,-47.2597355E-03,+91.6068865E-03
+6.5739125E-03,+8.7782423E-03,-47.2163003E-03,+91.6182465E-03
+6.5742062E-03,+13.5052917E-03,-47.1027003E-03,+91.6117312E-03
+6.5745000E-03,+15.6768376E-03,-47.1244180E-03,+91.5990348E-03
+6.5747937E-03,+14.4478570E-03,-47.1812179E-03,+91.6147383E-03
+6.5750875E-03,+10.6976265E-03,-47.2029356E-03,+91.6195830E-03
+6.5753812E-03,+6.3380694E-03,-47.2380179E-03,+91.6112300E-03
+6.5756750E-03,+3.7989577E-03,-47.2029356E-03,+91.6317783E-03
+6.5759687E-03,+3.7051642E-03,-47.2163003E-03,+91.6108959E-03
+6.5762625E-03,+7.3769272E-03,-47.0809827E-03,+91.5841665E-03
+6.5765562E-03,+12.1118418E-03,-47.0459004E-03,+91.6204183E-03
+6.5768500E-03,+15.0166083E-03,-47.1244180E-03,+91.6239265E-03
+6.5771437E-03,+14.4295908E-03,-47.0943474E-03,+91.6095595E-03
+6.5774375E-03,+11.5780057E-03,-46.9757357E-03,+91.5890112E-03
+6.5777312E-03,+7.1751170E-03,-47.1728650E-03,+91.5968630E-03
+6.5780250E-03,+3.9323707E-03,-47.0542533E-03,+91.6003712E-03
+6.5783187E-03,+4.1879137E-03,-47.2731002E-03,+91.5990348E-03
+6.5786125E-03,+7.5086129E-03,-47.0809827E-03,+91.6103947E-03
+6.5789062E-03,+12.5605581E-03,-46.9807475E-03,+91.6147383E-03
+6.5792000E-03,+15.9425612E-03,-46.9105828E-03,+91.6217547E-03
+6.5794937E-03,+15.8997440E-03,-47.1762062E-03,+91.6103947E-03
+6.5797875E-03,+12.9419799E-03,-47.4000648E-03,+91.6147383E-03
+6.5800812E-03,+8.3406989E-03,-46.9673828E-03,+91.6174112E-03
+6.5803750E-03,+3.8586811E-03,-47.0024651E-03,+91.5968630E-03
+6.5806687E-03,+2.9516560E-03,-47.0325357E-03,+91.6112300E-03
+6.5809625E-03,+6.1044311E-03,-47.1945826E-03,+91.6252630E-03
+6.5812562E-03,+10.9608140E-03,-46.9807475E-03,+91.6003712E-03
+6.5815500E-03,+14.6560622E-03,-46.9974534E-03,+91.5968630E-03
+6.5818437E-03,+15.6211570E-03,-47.3382531E-03,+91.6025430E-03
+6.5821375E-03,+12.5732379E-03,-47.2731002E-03,+91.6047148E-03
+6.5824312E-03,+8.1242977E-03,-47.2112885E-03,+91.6190818E-03
+6.5827250E-03,+4.8666298E-03,-47.4084178E-03,+91.6352865E-03
+6.5830187E-03,+3.7054582E-03,-47.1812179E-03,+91.6204183E-03
+6.5833125E-03,+6.7919679E-03,-47.1812179E-03,+91.6260983E-03
+6.5836062E-03,+10.0239455E-03,-47.0726298E-03,+91.6195830E-03
+6.5839000E-03,+13.9248630E-03,-46.8972181E-03,+91.6047148E-03
+6.5841937E-03,+14.9605233E-03,-47.1595003E-03,+91.6125665E-03
+6.5844875E-03,+12.7159862E-03,-47.1461356E-03,+91.6204183E-03
+6.5847812E-03,+8.6856250E-03,-47.2380179E-03,+91.6239265E-03
+6.5850750E-03,+5.3183966E-03,-47.2029356E-03,+91.6160747E-03
+6.5853687E-03,+4.4952416E-03,-47.1728650E-03,+91.6082230E-03
+6.5856625E-03,+6.9620971E-03,-46.9673828E-03,+91.6068865E-03
+6.5859562E-03,+10.6024364E-03,-46.9590299E-03,+91.6204183E-03
+6.5862500E-03,+14.0935956E-03,-46.8537829E-03,+91.6239265E-03
+6.5865437E-03,+15.8219381E-03,-47.0024651E-03,+91.6182465E-03
+6.5868375E-03,+13.5536953E-03,-47.0325357E-03,+91.6247618E-03
+6.5871312E-03,+8.9843159E-03,-47.2163003E-03,+91.6418018E-03
+6.5874250E-03,+5.5122682E-03,-47.0809827E-03,+91.6374583E-03
+6.5877187E-03,+4.6574322E-03,-47.0676180E-03,+91.6217547E-03
+6.5880125E-03,+6.7544799E-03,-47.0943474E-03,+91.6082230E-03
+6.5883062E-03,+10.6490023E-03,-47.0191710E-03,+91.6025430E-03
+6.5886000E-03,+14.6801721E-03,-47.3950531E-03,+91.6047148E-03
+6.5888937E-03,+15.6841147E-03,-47.2296650E-03,+91.6103947E-03
+6.5891875E-03,+12.9842090E-03,-46.9673828E-03,+91.6103947E-03
+6.5894812E-03,+8.5296456E-03,-47.0676180E-03,+91.6082230E-03
+6.5897750E-03,+4.7474768E-03,-47.2463708E-03,+91.6047148E-03
+6.5900687E-03,+2.5391413E-03,-47.3081825E-03,+91.6125665E-03
+6.5903625E-03,+4.1829521E-03,-47.1544885E-03,+91.6182465E-03
+6.5906562E-03,+8.9115083E-03,-47.3649825E-03,+91.6160747E-03
+6.5909500E-03,+13.8449621E-03,-47.0893356E-03,+91.6147383E-03
+6.5912437E-03,+15.6924576E-03,-47.2163003E-03,+91.6195830E-03
+6.5915375E-03,+13.4644225E-03,-47.1678532E-03,+91.5981995E-03
+6.5918312E-03,+9.7327522E-03,-47.2731002E-03,+91.5933548E-03
+6.5921250E-03,+6.0397828E-03,-47.1244180E-03,+91.6190818E-03
+6.5924187E-03,+4.0544271E-03,-47.1160650E-03,+91.6309430E-03
+6.5927125E-03,+4.8133380E-03,-46.9891004E-03,+91.6068865E-03
+6.5930062E-03,+8.8423026E-03,-47.1461356E-03,+91.6160747E-03
+6.5933000E-03,+12.9456184E-03,-47.2163003E-03,+91.6082230E-03
+6.5935937E-03,+15.5297892E-03,-47.1027003E-03,+91.6025430E-03
+6.5938875E-03,+14.8174075E-03,-47.1461356E-03,+91.6025430E-03
+6.5941812E-03,+11.7167847E-03,-47.1728650E-03,+91.6068865E-03
+6.5944750E-03,+7.3197765E-03,-46.9456652E-03,+91.6117312E-03
+6.5947687E-03,+3.9963943E-03,-47.0108181E-03,+91.6012065E-03
+6.5950625E-03,+4.0857039E-03,-47.1377827E-03,+91.6117312E-03
+6.5953562E-03,+7.8528407E-03,-47.0459004E-03,+91.5968630E-03
+6.5956500E-03,+13.1151595E-03,-47.1461356E-03,+91.6047148E-03
+6.5959437E-03,+16.1009662E-03,-47.2163003E-03,+91.6103947E-03
+6.5962375E-03,+14.9112744E-03,-47.1244180E-03,+91.6082230E-03
+6.5965312E-03,+11.1800452E-03,-47.1812179E-03,+91.6068865E-03
+6.5968250E-03,+7.1722135E-03,-47.1377827E-03,+91.6160747E-03
+6.5971187E-03,+4.6214143E-03,-46.9807475E-03,+91.6147383E-03
+6.5974125E-03,+4.1971754E-03,-46.9540181E-03,+91.6217547E-03
+6.5977062E-03,+7.0471066E-03,-47.1595003E-03,+91.6125665E-03
+6.5980000E-03,+11.6562159E-03,-47.1027003E-03,+91.6160747E-03
+6.5982937E-03,+14.5338588E-03,-47.1027003E-03,+91.6103947E-03
+6.5985875E-03,+14.2599761E-03,-47.1244180E-03,+91.6038795E-03
+6.5988812E-03,+10.7081378E-03,-47.1595003E-03,+91.5998700E-03
+6.5991750E-03,+7.5181320E-03,-47.1027003E-03,+91.6317783E-03
+6.5994687E-03,+4.6200912E-03,-47.1461356E-03,+91.6195830E-03
+6.5997625E-03,+4.4422439E-03,-47.1945826E-03,+91.6090583E-03
+6.6000562E-03,+7.2850817E-03,-47.0676180E-03,+91.6195830E-03
+6.6003500E-03,+11.1834632E-03,-47.1377827E-03,+91.6068865E-03
+6.6006437E-03,+14.7694082E-03,-47.0459004E-03,+91.6204183E-03
+6.6009375E-03,+14.7746639E-03,-47.1027003E-03,+91.6260983E-03
+6.6012312E-03,+11.8793796E-03,-47.0809827E-03,+91.6195830E-03
+6.6015250E-03,+8.3655806E-03,-47.0676180E-03,+91.6047148E-03
+6.6018187E-03,+5.5696763E-03,-47.2680884E-03,+91.6147383E-03
+6.6021125E-03,+4.8532150E-03,-47.3867001E-03,+91.6217547E-03
+6.6024062E-03,+7.0761046E-03,-47.1027003E-03,+91.6125665E-03
+6.6027000E-03,+11.2187827E-03,-47.0809827E-03,+91.6204183E-03
+6.6029937E-03,+14.3744614E-03,-47.0893356E-03,+91.6239265E-03
+6.6032875E-03,+15.1517487E-03,-47.2163003E-03,+91.6204183E-03
+6.6035812E-03,+13.0690714E-03,-47.1461356E-03,+91.6217547E-03
+6.6038750E-03,+7.7837085E-03,-47.2380179E-03,+91.6103947E-03
+6.6041687E-03,+3.8849227E-03,-47.2029356E-03,+91.6147383E-03
+6.6044625E-03,+3.3636929E-03,-47.2380179E-03,+91.6260983E-03
+6.6047562E-03,+6.2147634E-03,-47.2246532E-03,+91.6174112E-03
+6.6050500E-03,+10.7792914E-03,-47.2513826E-03,+91.6012065E-03
+6.6053437E-03,+15.0598664E-03,-47.0024651E-03,+91.6182465E-03
+6.6056375E-03,+16.9566843E-03,-46.9456652E-03,+91.6182465E-03
+6.6059312E-03,+14.2312353E-03,-47.0325357E-03,+91.6225900E-03
+6.6062250E-03,+9.4791939E-03,-47.2163003E-03,+91.6317783E-03
+6.6065187E-03,+4.8521124E-03,-47.1678532E-03,+91.6217547E-03
+6.6068125E-03,+2.7599160E-03,-47.2079473E-03,+91.6147383E-03
+6.6071062E-03,+4.5564719E-03,-46.9323005E-03,+91.6217547E-03
+6.6074000E-03,+9.0060001E-03,-47.0592651E-03,+91.6125665E-03
+6.6076937E-03,+13.2963514E-03,-46.8805123E-03,+91.6139030E-03
+6.6079875E-03,+14.8723898E-03,-46.8187006E-03,+91.6047148E-03
+6.6082812E-03,+13.5174570E-03,-47.1461356E-03,+91.6147383E-03
+6.6085750E-03,+9.2640423E-03,-47.2597355E-03,+91.6282700E-03
+6.6088687E-03,+5.0183458E-03,-47.2163003E-03,+91.6339500E-03
+6.6091625E-03,+2.9165569E-03,-47.0592651E-03,+91.6317783E-03
+6.6094562E-03,+4.8193655E-03,-46.9456652E-03,+91.6239265E-03
+6.6097500E-03,+9.2369921E-03,-46.9673828E-03,+91.6139030E-03
+6.6100437E-03,+13.9406300E-03,-47.0024651E-03,+91.6025430E-03
+6.6103375E-03,+15.7176701E-03,-46.9891004E-03,+91.6025430E-03
+6.6106312E-03,+14.2445766E-03,-47.0809827E-03,+91.6068865E-03
+6.6109250E-03,+10.6474955E-03,-47.0024651E-03,+91.6139030E-03
+6.6112187E-03,+6.6612010E-03,-46.9673828E-03,+91.6025430E-03
+6.6115125E-03,+3.7435343E-03,-47.0459004E-03,+91.5981995E-03
+6.6118062E-03,+4.7744902E-03,-47.1244180E-03,+91.5933548E-03
+6.6121000E-03,+8.9022834E-03,-47.1595003E-03,+91.6082230E-03
+6.6123937E-03,+13.8379056E-03,-47.0809827E-03,+91.6047148E-03
+6.6126875E-03,+15.6848497E-03,-47.0024651E-03,+91.6125665E-03
+6.6129812E-03,+14.1443147E-03,-46.9891004E-03,+91.6139030E-03
+6.6132750E-03,+10.0923060E-03,-47.0592651E-03,+91.6047148E-03
+6.6135687E-03,+6.3611135E-03,-47.0108181E-03,+91.6147383E-03
+6.6138625E-03,+3.6383842E-03,-47.1377827E-03,+91.6239265E-03
+6.6141562E-03,+3.8840039E-03,-47.0676180E-03,+91.6247618E-03
+6.6144500E-03,+7.5104873E-03,-47.2029356E-03,+91.6331147E-03
+6.6147437E-03,+12.0671135E-03,-47.3248884E-03,+91.6060512E-03
+6.6150375E-03,+15.2417934E-03,-47.4301354E-03,+91.5946912E-03
+6.6153312E-03,+14.1892635E-03,-47.2380179E-03,+91.5946912E-03
+6.6156250E-03,+11.2516399E-03,-47.2246532E-03,+91.5990348E-03
+6.6159187E-03,+7.2306139E-03,-47.2079473E-03,+91.6103947E-03
+6.6162125E-03,+4.1896044E-03,-46.9323005E-03,+91.6169100E-03
+6.6165062E-03,+4.4423174E-03,-47.1244180E-03,+91.6274347E-03
+6.6168000E-03,+6.8698105E-03,-47.1812179E-03,+91.6103947E-03
+6.6170937E-03,+11.7343158E-03,-47.0943474E-03,+91.6103947E-03
+6.6173875E-03,+15.5441963E-03,-46.9323005E-03,+91.6147383E-03
+6.6176812E-03,+14.5507651E-03,-47.0809827E-03,+91.6239265E-03
+6.6179750E-03,+11.7380279E-03,-47.0676180E-03,+91.6117312E-03
+6.6182687E-03,+7.4921109E-03,-47.2246532E-03,+91.5968630E-03
+6.6185625E-03,+3.8507058E-03,-47.2731002E-03,+91.6003712E-03
+6.6188562E-03,+3.6171410E-03,-47.1461356E-03,+91.5990348E-03
+6.6191500E-03,+7.0727601E-03,-47.2163003E-03,+91.6082230E-03
+6.6194437E-03,+10.8003141E-03,-47.1027003E-03,+91.6068865E-03
+6.6197375E-03,+13.8229104E-03,-47.0592651E-03,+91.6160747E-03
+6.6200312E-03,+14.0270729E-03,-46.9239475E-03,+91.6125665E-03
+6.6203250E-03,+11.0970204E-03,-46.9974534E-03,+91.6204183E-03
+6.6206187E-03,+7.9477368E-03,-47.2948178E-03,+91.6217547E-03
+6.6209125E-03,+4.9635472E-03,-47.2029356E-03,+91.6169100E-03
+6.6212062E-03,+4.7138479E-03,-47.2597355E-03,+91.6230912E-03
+6.6215000E-03,+7.1561525E-03,-47.1728650E-03,+91.6012065E-03
+6.6217937E-03,+11.3059974E-03,-47.0108181E-03,+91.6160747E-03
+6.6220875E-03,+13.8120315E-03,-47.1377827E-03,+91.6169100E-03
+6.6223812E-03,+14.2368217E-03,-47.0459004E-03,+91.6252630E-03
+6.6226750E-03,+12.3093520E-03,-47.1027003E-03,+91.6068865E-03
+6.6229687E-03,+9.0546242E-03,-47.2112885E-03,+91.6160747E-03
+6.6232625E-03,+6.4804869E-03,-47.3649825E-03,+91.6125665E-03
+6.6235562E-03,+5.5183692E-03,-47.0676180E-03,+91.6160747E-03
+6.6238500E-03,+7.4698386E-03,-47.1812179E-03,+91.6103947E-03
+6.6241437E-03,+11.0800772E-03,-47.2898061E-03,+91.6082230E-03
+6.6244375E-03,+13.3583168E-03,-47.4869353E-03,+91.6134018E-03
+6.6247312E-03,+14.1157944E-03,-47.3031708E-03,+91.6331147E-03
+6.6250250E-03,+12.8773682E-03,-47.3299002E-03,+91.6125665E-03
+6.6253187E-03,+8.5502640E-03,-47.1678532E-03,+91.6160747E-03
+6.6256125E-03,+4.4652512E-03,-47.2513826E-03,+91.6125665E-03
+6.6259062E-03,+3.2033032E-03,-47.0459004E-03,+91.6160747E-03
+6.6262000E-03,+5.1047886E-03,-47.0592651E-03,+91.6103947E-03
+6.6264937E-03,+9.7303633E-03,-47.0759709E-03,+91.6125665E-03
+6.6267875E-03,+13.7310649E-03,-47.3081825E-03,+91.6182465E-03
+6.6270812E-03,+15.1176420E-03,-47.0676180E-03,+91.6182465E-03
+6.6273750E-03,+13.1006789E-03,-47.1377827E-03,+91.6225900E-03
+6.6276687E-03,+9.7380079E-03,-47.0459004E-03,+91.6274347E-03
+6.6279625E-03,+5.7918109E-03,-47.1027003E-03,+91.6147383E-03
+6.6282562E-03,+3.7601466E-03,-47.0375475E-03,+91.6217547E-03
+6.6285500E-03,+5.0599868E-03,-46.9323005E-03,+91.6147383E-03
+6.6288437E-03,+9.0497361E-03,-47.0809827E-03,+91.6239265E-03
+6.6291375E-03,+12.6843787E-03,-47.0676180E-03,+91.6139030E-03
+6.6294312E-03,+15.1526676E-03,-47.2246532E-03,+91.6068865E-03
+6.6297250E-03,+14.2158358E-03,-47.2948178E-03,+91.6139030E-03
+6.6300187E-03,+10.1089918E-03,-47.1377827E-03,+91.6068865E-03
+6.6303125E-03,+6.4916231E-03,-47.0893356E-03,+91.6204183E-03
+6.6306062E-03,+3.3026096E-03,-47.1728650E-03,+91.6239265E-03
+6.6309000E-03,+3.8962058E-03,-47.0108181E-03,+91.6204183E-03
+6.6311937E-03,+7.0329935E-03,-47.2029356E-03,+91.6174112E-03
+6.6314875E-03,+10.8470270E-03,-47.2814531E-03,+91.5990348E-03
+6.6317812E-03,+13.7758667E-03,-47.2948178E-03,+91.6060512E-03
+6.6320750E-03,+13.7915602E-03,-47.1595003E-03,+91.6055500E-03
+6.6323687E-03,+10.9605936E-03,-47.0809827E-03,+91.6339500E-03
+6.6326625E-03,+7.7780485E-03,-47.0024651E-03,+91.6274347E-03
+6.6329562E-03,+5.4661065E-03,-47.0542533E-03,+91.6060512E-03
+6.6332500E-03,+4.9923615E-03,-47.2948178E-03,+91.5946912E-03
+6.6335437E-03,+8.5577616E-03,-47.2463708E-03,+91.6012065E-03
+6.6338375E-03,+13.3088106E-03,-47.3516178E-03,+91.6095595E-03
+6.6341312E-03,+16.0377145E-03,-47.2463708E-03,+91.5976983E-03
+6.6344250E-03,+15.9291464E-03,-47.3299002E-03,+91.6239265E-03
+6.6347187E-03,+12.2850950E-03,-47.1461356E-03,+91.6160747E-03
+6.6350125E-03,+7.7859872E-03,-47.3031708E-03,+91.6147383E-03
+6.6353062E-03,+4.7383254E-03,-47.3733354E-03,+91.6195830E-03
+6.6356000E-03,+4.4314018E-03,-47.2380179E-03,+91.6003712E-03
+6.6358937E-03,+7.0466288E-03,-47.1812179E-03,+91.6012065E-03
+6.6361875E-03,+10.6690327E-03,-47.1377827E-03,+91.6160747E-03
+6.6364812E-03,+13.7655024E-03,-47.1110533E-03,+91.6125665E-03
+6.6367750E-03,+13.8506589E-03,-47.2948178E-03,+91.6160747E-03
+6.6370687E-03,+11.7797057E-03,-47.1595003E-03,+91.6169100E-03
+6.6373625E-03,+7.8072304E-03,-47.2112885E-03,+91.6296065E-03
+6.6376562E-03,+5.2098285E-03,-47.4952883E-03,+91.6160747E-03
+6.6379500E-03,+5.3754371E-03,-47.4952883E-03,+91.6103947E-03
+6.6382437E-03,+7.0470331E-03,-47.4301354E-03,+91.6125665E-03
+6.6385375E-03,+10.9637543E-03,-47.3466060E-03,+91.6182465E-03
+6.6388312E-03,+13.4668482E-03,-47.4435001E-03,+91.6182465E-03
+6.6391250E-03,+14.3372307E-03,-47.1678532E-03,+91.6117312E-03
+6.6394187E-03,+12.5527298E-03,-47.2731002E-03,+91.5946912E-03
+6.6397125E-03,+9.0358803E-03,-47.1244180E-03,+91.6033783E-03
+6.6400062E-03,+5.6903728E-03,-47.2029356E-03,+91.6260983E-03
+6.6403000E-03,+5.3261147E-03,-47.2597355E-03,+91.6260983E-03
+6.6405937E-03,+6.8204881E-03,-47.1728650E-03,+91.6260983E-03
+6.6408875E-03,+8.9866681E-03,-46.9891004E-03,+91.6239265E-03
+6.6411812E-03,+11.7398655E-03,-47.1461356E-03,+91.6225900E-03
+6.6414750E-03,+12.8050752E-03,-47.2163003E-03,+91.6296065E-03
+6.6417687E-03,+11.5195686E-03,-47.1244180E-03,+91.6160747E-03
+6.6420625E-03,+8.6086276E-03,-47.1595003E-03,+91.6038795E-03
+6.6423562E-03,+5.8042701E-03,-47.1895709E-03,+91.5955265E-03
+6.6426500E-03,+4.5796630E-03,-47.3081825E-03,+91.6204183E-03
+6.6429437E-03,+6.1566938E-03,-47.0241828E-03,+91.6195830E-03
+6.6432375E-03,+9.4428820E-03,-47.0024651E-03,+91.6003712E-03
+6.6435312E-03,+12.8371973E-03,-47.0542533E-03,+91.6012065E-03
+6.6438250E-03,+14.5212158E-03,-47.3816884E-03,+91.6160747E-03
+6.6441187E-03,+13.6637703E-03,-47.4518530E-03,+91.6103947E-03
+6.6444125E-03,+10.4645762E-03,-47.2079473E-03,+91.6125665E-03
+6.6447062E-03,+7.1209800E-03,-46.9974534E-03,+91.6182465E-03
+6.6450000E-03,+5.2180244E-03,-47.3816884E-03,+91.6204183E-03
+6.6452937E-03,+5.7473766E-03,-47.4301354E-03,+91.6260983E-03
+6.6455875E-03,+8.3220284E-03,-47.2597355E-03,+91.6239265E-03
+6.6458812E-03,+11.7174095E-03,-47.2163003E-03,+91.6160747E-03
+6.6461750E-03,+13.0720484E-03,-47.1244180E-03,+91.6125665E-03
+6.6464687E-03,+12.6240304E-03,-47.0943474E-03,+91.6204183E-03
+6.6467625E-03,+10.5278280E-03,-47.0191710E-03,+91.6260983E-03
+6.6470562E-03,+6.2236208E-03,-47.3733354E-03,+91.6239265E-03
+6.6473500E-03,+4.9655319E-03,-47.2380179E-03,+91.6160747E-03
+6.6476437E-03,+5.8062180E-03,-47.1812179E-03,+91.6125665E-03
+6.6479375E-03,+8.4373590E-03,-47.2463708E-03,+91.6160747E-03
+6.6482312E-03,+11.3488145E-03,-47.4602059E-03,+91.6103947E-03
+6.6485250E-03,+13.5018370E-03,-47.4217825E-03,+91.6103947E-03
+6.6488187E-03,+13.1582707E-03,-47.1110533E-03,+91.6103947E-03
+6.6491125E-03,+11.4013712E-03,-47.2948178E-03,+91.6190818E-03
+6.6494062E-03,+8.7579180E-03,-47.2246532E-03,+91.6374583E-03
+6.6497000E-03,+6.7632639E-03,-47.3599707E-03,+91.6217547E-03
+6.6499937E-03,+7.0106477E-03,-47.3516178E-03,+91.6125665E-03
+6.6502875E-03,+7.7622448E-03,-47.2246532E-03,+91.6139030E-03
+6.6505812E-03,+10.6537435E-03,-47.3165355E-03,+91.6090583E-03
+6.6508750E-03,+12.8448786E-03,-47.2814531E-03,+91.6217547E-03
+6.6511687E-03,+12.5571401E-03,-47.3382531E-03,+91.6147383E-03
+6.6514625E-03,+11.3961156E-03,-47.2513826E-03,+91.6195830E-03
+6.6517562E-03,+8.7189231E-03,-47.1110533E-03,+91.6068865E-03
+6.6520500E-03,+6.4674764E-03,-47.3165355E-03,+91.6160747E-03
+6.6523437E-03,+5.6092224E-03,-47.2814531E-03,+91.6082230E-03
+6.6526375E-03,+6.7257024E-03,-47.2948178E-03,+91.6025430E-03
+6.6529312E-03,+9.4925719E-03,-47.1595003E-03,+91.6068865E-03
+6.6532250E-03,+13.5386266E-03,-47.1027003E-03,+91.6139030E-03
+6.6535187E-03,+14.5949789E-03,-47.0809827E-03,+91.6112300E-03
+6.6538125E-03,+13.6314645E-03,-46.9590299E-03,+91.6274347E-03
+6.6541062E-03,+10.9466275E-03,-46.8972181E-03,+91.6190818E-03
+6.6544000E-03,+6.9510713E-03,-47.2246532E-03,+91.6331147E-03
+6.6546937E-03,+5.0839497E-03,-47.3599707E-03,+91.6103947E-03
+6.6549875E-03,+6.2967591E-03,-47.3733354E-03,+91.6103947E-03
+6.6552812E-03,+9.2985900E-03,-47.2814531E-03,+91.6125665E-03
+6.6555750E-03,+12.2447036E-03,-47.2513826E-03,+91.6117312E-03
+6.6558687E-03,+12.9549169E-03,-47.1110533E-03,+91.6033783E-03
+6.6561625E-03,+11.5985874E-03,-47.2513826E-03,+91.6217547E-03
+6.6564562E-03,+9.4526950E-03,-47.1110533E-03,+91.6038795E-03
+6.6567500E-03,+6.7868592E-03,-47.2948178E-03,+91.5911830E-03
+6.6570437E-03,+5.8781067E-03,-47.2246532E-03,+91.6025430E-03
+6.6573375E-03,+6.6565334E-03,-47.3165355E-03,+91.6003712E-03
+6.6576312E-03,+9.4431760E-03,-47.2814531E-03,+91.5990348E-03
+6.6579250E-03,+11.6344950E-03,-47.2296650E-03,+91.6125665E-03
+6.6582187E-03,+11.9600523E-03,-47.0108181E-03,+91.6182465E-03
+6.6585125E-03,+10.6358816E-03,-47.1377827E-03,+91.6139030E-03
+6.6588062E-03,+7.8905860E-03,-47.1327709E-03,+91.6025430E-03
+6.6591000E-03,+5.1360654E-03,-47.3733354E-03,+91.6047148E-03
+6.6593937E-03,+4.1002948E-03,-47.2814531E-03,+91.6103947E-03
+6.6596875E-03,+6.0116300E-03,-47.3382531E-03,+91.6103947E-03
+6.6599812E-03,+8.5668028E-03,-47.2948178E-03,+91.6082230E-03
+6.6602750E-03,+12.1285644E-03,-47.1595003E-03,+91.6025430E-03
+6.6605687E-03,+13.7770428E-03,-47.1244180E-03,+91.6090583E-03
+6.6608625E-03,+13.6401014E-03,-47.2680884E-03,+91.6195830E-03
+6.6611562E-03,+10.4379304E-03,-47.4084178E-03,+91.6003712E-03
+6.6614500E-03,+7.5914540E-03,-47.1812179E-03,+91.6012065E-03
+6.6617437E-03,+5.7488099E-03,-47.1595003E-03,+91.6160747E-03
+6.6620375E-03,+6.4828024E-03,-47.1678532E-03,+91.6169100E-03
+6.6623312E-03,+8.8407222E-03,-47.2948178E-03,+91.6339500E-03
+6.6626250E-03,+12.1439271E-03,-47.2246532E-03,+91.6339500E-03
+6.6629187E-03,+14.3669638E-03,-47.3165355E-03,+91.6339500E-03
+6.6632125E-03,+13.9534200E-03,-47.2380179E-03,+91.6274347E-03
+6.6635062E-03,+11.0825397E-03,-47.2029356E-03,+91.6103947E-03
+6.6638000E-03,+7.7061231E-03,-47.2380179E-03,+91.6125665E-03
+6.6640937E-03,+5.8100035E-03,-47.2246532E-03,+91.6182465E-03
+6.6643875E-03,+6.1498577E-03,-47.3599707E-03,+91.6117312E-03
+6.6646812E-03,+8.0178245E-03,-47.3733354E-03,+91.6012065E-03
+6.6649750E-03,+11.9361628E-03,-47.2597355E-03,+91.6204183E-03
+6.6652687E-03,+14.9019024E-03,-47.2597355E-03,+91.6195830E-03
+6.6655625E-03,+14.5645475E-03,-47.2814531E-03,+91.6112300E-03
+6.6658562E-03,+11.5986609E-03,-47.3165355E-03,+91.6361218E-03
+6.6661500E-03,+7.9600122E-03,-47.3248884E-03,+91.6352865E-03
+6.6664437E-03,+5.5659274E-03,-47.3649825E-03,+91.6225900E-03
+6.6667375E-03,+5.9399251E-03,-47.0459004E-03,+91.6317783E-03
+6.6670312E-03,+7.4307335E-03,-47.1027003E-03,+91.6217547E-03
+6.6673250E-03,+10.1215245E-03,-47.1678532E-03,+91.6103947E-03
+6.6676187E-03,+12.7853389E-03,-47.2513826E-03,+91.6147383E-03
+6.6679125E-03,+12.9846132E-03,-47.0459004E-03,+91.6282700E-03
+6.6682062E-03,+10.9051334E-03,-47.1678532E-03,+91.6274347E-03
+6.6685000E-03,+7.7213021E-03,-47.3165355E-03,+91.6169100E-03
+6.6687937E-03,+5.1135358E-03,-47.2597355E-03,+91.6317783E-03
+6.6690875E-03,+4.5064880E-03,-47.2163003E-03,+91.6217547E-03
+6.6693812E-03,+6.0858341E-03,-47.1244180E-03,+91.6082230E-03
+6.6696750E-03,+9.6008827E-03,-47.2246532E-03,+91.6090583E-03
+6.6699687E-03,+13.4295807E-03,-47.2731002E-03,+91.6195830E-03
+6.6702625E-03,+15.0104705E-03,-47.1895709E-03,+91.6112300E-03
+6.6705562E-03,+13.5164279E-03,-47.2864649E-03,+91.6274347E-03
+6.6708500E-03,+10.4212078E-03,-47.0325357E-03,+91.6125665E-03
+6.6711437E-03,+7.5925933E-03,-47.3248884E-03,+91.6160747E-03
+6.6714375E-03,+5.6556781E-03,-47.3867001E-03,+91.6082230E-03
+6.6717312E-03,+6.1273282E-03,-47.1027003E-03,+91.6090583E-03
+6.6720250E-03,+8.5415903E-03,-47.1461356E-03,+91.6239265E-03
+6.6723187E-03,+11.5383861E-03,-47.3031708E-03,+91.6139030E-03
+6.6726125E-03,+12.6707433E-03,-47.3733354E-03,+91.6003712E-03
+6.6729062E-03,+12.3702883E-03,-47.3466060E-03,+91.6012065E-03
+6.6732000E-03,+9.8770074E-03,-47.4000648E-03,+91.6182465E-03
+6.6734937E-03,+7.1625843E-03,-47.0759709E-03,+91.6182465E-03
+6.6737875E-03,+5.2905746E-03,-47.3733354E-03,+91.6247618E-03
+6.6740812E-03,+6.3705222E-03,-47.2380179E-03,+91.6352865E-03
+6.6743750E-03,+9.1859791E-03,-47.2463708E-03,+91.6139030E-03
+6.6746687E-03,+12.7563041E-03,-47.3950531E-03,+91.6090583E-03
+6.6749625E-03,+14.3782837E-03,-47.3382531E-03,+91.6260983E-03
+6.6752562E-03,+13.5188903E-03,-47.3165355E-03,+91.6195830E-03
+6.6755500E-03,+10.5785838E-03,-47.2814531E-03,+91.6068865E-03
+6.6758437E-03,+6.9628689E-03,-47.3382531E-03,+91.6160747E-03
+6.6761375E-03,+5.2693682E-03,-47.2948178E-03,+91.6125665E-03
+6.6764312E-03,+5.8495497E-03,-47.1595003E-03,+91.6225900E-03
+6.6767250E-03,+8.3626036E-03,-47.1461356E-03,+91.6274347E-03
+6.6770187E-03,+11.2205836E-03,-47.3031708E-03,+91.6125665E-03
+6.6773125E-03,+12.8395127E-03,-47.4167707E-03,+91.6204183E-03
+6.6776062E-03,+12.6007658E-03,-47.4167707E-03,+91.6260983E-03
+6.6779000E-03,+9.8182028E-03,-47.3950531E-03,+91.6239265E-03
+6.6781937E-03,+7.5435650E-03,-47.3816884E-03,+91.6182465E-03
+6.6784875E-03,+5.0240057E-03,-47.4301354E-03,+91.6117312E-03
+6.6787812E-03,+5.1501050E-03,-47.3248884E-03,+91.5990348E-03
+6.6790750E-03,+7.5165148E-03,-47.4518530E-03,+91.6082230E-03
+6.6793687E-03,+11.2652017E-03,-47.3382531E-03,+91.6025430E-03
+6.6796625E-03,+13.6714884E-03,-47.3382531E-03,+91.6025430E-03
+6.6799562E-03,+14.4912989E-03,-47.3599707E-03,+91.6047148E-03
+6.6802500E-03,+13.4583215E-03,-47.2864649E-03,+91.6125665E-03
+6.6805437E-03,+9.7843166E-03,-47.0108181E-03,+91.6182465E-03
+6.6808375E-03,+6.1938142E-03,-47.1812179E-03,+91.6182465E-03
+6.6811312E-03,+4.4996887E-03,-47.2029356E-03,+91.6204183E-03
+6.6814250E-03,+6.4077529E-03,-47.2163003E-03,+91.6260983E-03
+6.6817187E-03,+9.0450317E-03,-47.1678532E-03,+91.6195830E-03
+6.6820125E-03,+11.8198399E-03,-47.2731002E-03,+91.6047148E-03
+6.6823062E-03,+13.4416724E-03,-47.1027003E-03,+91.6103947E-03
+6.6826000E-03,+12.4494173E-03,-47.1244180E-03,+91.6103947E-03
+6.6828937E-03,+9.0807556E-03,-47.2029356E-03,+91.6103947E-03
+6.6831875E-03,+6.3197297E-03,-47.2814531E-03,+91.6125665E-03
+6.6834812E-03,+5.6618158E-03,-47.2296650E-03,+91.6204183E-03
+6.6837750E-03,+7.0544572E-03,-47.0325357E-03,+91.6195830E-03
+6.6840687E-03,+10.3836095E-03,-47.2163003E-03,+91.6047148E-03
+6.6843625E-03,+12.9155545E-03,-47.0375475E-03,+91.6060512E-03
+6.6846562E-03,+14.3374512E-03,-47.0408886E-03,+91.5990348E-03
+6.6849500E-03,+13.1662461E-03,-47.4735706E-03,+91.6103947E-03
+6.6852437E-03,+10.2332534E-03,-47.3950531E-03,+91.6169100E-03
+6.6855375E-03,+7.9252807E-03,-47.3165355E-03,+91.6209194E-03
+6.6858312E-03,+6.6066964E-03,-47.2380179E-03,+91.5955265E-03
+6.6861250E-03,+6.9930063E-03,-47.1812179E-03,+91.6204183E-03
+6.6864187E-03,+9.5100663E-03,-47.1595003E-03,+91.6217547E-03
+6.6867125E-03,+12.5133674E-03,-47.0375475E-03,+91.6103947E-03
+6.6870062E-03,+13.2855093E-03,-47.0408886E-03,+91.6060512E-03
+6.6873000E-03,+12.2402932E-03,-47.4518530E-03,+91.5946912E-03
+6.6875937E-03,+9.1880006E-03,-47.2513826E-03,+91.6012065E-03
+6.6878875E-03,+6.6457648E-03,-47.0893356E-03,+91.6182465E-03
+6.6881812E-03,+4.9932068E-03,-47.2814531E-03,+91.6182465E-03
+6.6884750E-03,+5.2067780E-03,-47.3382531E-03,+91.6160747E-03
+6.6887687E-03,+7.6519493E-03,-47.2948178E-03,+91.6103947E-03
+6.6890625E-03,+11.0924630E-03,-47.1377827E-03,+91.6082230E-03
+6.6893562E-03,+12.5254958E-03,-47.1110533E-03,+91.6047148E-03
+6.6896500E-03,+12.3275446E-03,-47.3165355E-03,+91.6169100E-03
+6.6899437E-03,+10.0182489E-03,-47.3248884E-03,+91.6361218E-03
+6.6902375E-03,+6.9608843E-03,-47.4952883E-03,+91.6331147E-03
+6.6905312E-03,+5.6145516E-03,-47.4518530E-03,+91.6125665E-03
+6.6908250E-03,+4.9561231E-03,-47.2731002E-03,+91.6204183E-03
+6.6911187E-03,+8.1747227E-03,-47.1244180E-03,+91.6239265E-03
+6.6914125E-03,+11.9483281E-03,-47.2463708E-03,+91.6225900E-03
+6.6917062E-03,+13.0183524E-03,-47.3081825E-03,+91.6317783E-03
+6.6920000E-03,+12.9547331E-03,-47.0893356E-03,+91.6217547E-03
+6.6922937E-03,+10.7308511E-03,-47.2597355E-03,+91.6082230E-03
+6.6925875E-03,+7.6699215E-03,-47.3466060E-03,+91.6003712E-03
+6.6928812E-03,+5.2484558E-03,-47.4435001E-03,+91.5968630E-03
+6.6931750E-03,+5.5976085E-03,-47.1678532E-03,+91.6025430E-03
+6.6934687E-03,+7.8427336E-03,-47.3599707E-03,+91.6068865E-03
+6.6937625E-03,+12.2115524E-03,-47.3733354E-03,+91.6182465E-03
+6.6940562E-03,+14.4457253E-03,-47.2380179E-03,+91.6117312E-03
+6.6943500E-03,+14.4210273E-03,-47.2463708E-03,+91.5990348E-03
+6.6946437E-03,+12.1256977E-03,-47.4602059E-03,+91.6125665E-03
+6.6949375E-03,+8.2991314E-03,-47.4217825E-03,+91.6160747E-03
+6.6952312E-03,+5.6921737E-03,-47.0241828E-03,+91.6169100E-03
+6.6955250E-03,+5.9534869E-03,-47.0893356E-03,+91.6274347E-03
+6.6958187E-03,+8.4909448E-03,-47.3248884E-03,+91.6169100E-03
+6.6961125E-03,+11.6884482E-03,-47.3867001E-03,+91.6274347E-03
+6.6964062E-03,+14.2793448E-03,-47.1461356E-03,+91.6125665E-03
+6.6967000E-03,+13.9931867E-03,-47.3031708E-03,+91.6182465E-03
+6.6969937E-03,+11.5085795E-03,-47.4167707E-03,+91.6182465E-03
+6.6972875E-03,+8.1405793E-03,-47.3950531E-03,+91.6117312E-03
+6.6975812E-03,+5.4374393E-03,-47.3599707E-03,+91.6033783E-03
+6.6978750E-03,+4.8097363E-03,-47.3299002E-03,+91.6260983E-03
+6.6981687E-03,+7.1948533E-03,-47.1027003E-03,+91.6195830E-03
+6.6984625E-03,+10.8795901E-03,-47.1895709E-03,+91.6068865E-03
+6.6987562E-03,+13.2682722E-03,-47.3950531E-03,+91.6204183E-03
+6.6990500E-03,+13.5568928E-03,-47.2948178E-03,+91.6239265E-03
+6.6993437E-03,+11.3376784E-03,-47.2246532E-03,+91.6182465E-03
+6.6996375E-03,+8.0594289E-03,-47.3382531E-03,+91.6139030E-03
+6.6999312E-03,+5.6444684E-03,-47.3382531E-03,+91.6047148E-03
+6.7002250E-03,+4.2512022E-03,-47.3816884E-03,+91.6125665E-03
+6.7005187E-03,+6.6577462E-03,-47.4735706E-03,+91.6160747E-03
+6.7008125E-03,+10.8428372E-03,-47.5036412E-03,+91.6082230E-03
+6.7011062E-03,+13.4445392E-03,-47.5788176E-03,+91.6025430E-03
+6.7014000E-03,+13.5250648E-03,-47.2463708E-03,+91.6090583E-03
+6.7016937E-03,+12.2571628E-03,-47.3516178E-03,+91.6239265E-03
+6.7019875E-03,+8.8699776E-03,-47.2463708E-03,+91.6204183E-03
+6.7022812E-03,+5.3100169E-03,-47.4167707E-03,+91.6174112E-03
+6.7025750E-03,+3.9284749E-03,-47.4384883E-03,+91.6012065E-03
+6.7028687E-03,+5.3142435E-03,-47.4952883E-03,+91.6073877E-03
+6.7031625E-03,+9.6769245E-03,-47.3867001E-03,+91.5920183E-03
+6.7034562E-03,+12.7748276E-03,-47.1461356E-03,+91.6282700E-03
+6.7037500E-03,+13.8402945E-03,-47.2380179E-03,+91.6339500E-03
+6.7040437E-03,+13.2766151E-03,-47.1160650E-03,+91.6296065E-03
+6.7043375E-03,+10.4199582E-03,-47.0976886E-03,+91.6139030E-03
+6.7046312E-03,+6.6094897E-03,-47.4518530E-03,+91.6068865E-03
+6.7049250E-03,+4.8036720E-03,-47.3382531E-03,+91.6139030E-03
+6.7052187E-03,+5.3194624E-03,-47.3165355E-03,+91.6025430E-03
+6.7055125E-03,+8.5075938E-03,-47.1945826E-03,+91.6112300E-03
+6.7058062E-03,+12.3040228E-03,-47.1110533E-03,+91.6296065E-03
+6.7061000E-03,+14.2463040E-03,-47.3599707E-03,+91.6139030E-03
+6.7063937E-03,+14.5748383E-03,-47.3516178E-03,+91.6068865E-03
+6.7066875E-03,+11.6387951E-03,-47.3115237E-03,+91.6182465E-03
+6.7069812E-03,+8.4378369E-03,-47.5871706E-03,+91.6204183E-03
+6.7072750E-03,+5.7625188E-03,-47.4167707E-03,+91.6217547E-03
+6.7075687E-03,+6.3556740E-03,-47.4602059E-03,+91.6147383E-03
+6.7078625E-03,+8.4649972E-03,-47.4217825E-03,+91.6304418E-03
+6.7081562E-03,+12.4717631E-03,-47.1327709E-03,+91.6331147E-03
+6.7084500E-03,+14.5769332E-03,-47.3516178E-03,+91.6147383E-03
+6.7087437E-03,+14.1614783E-03,-47.2680884E-03,+91.6239265E-03
+6.7090375E-03,+10.7781153E-03,-47.4735706E-03,+91.6204183E-03
+6.7093312E-03,+6.9837813E-03,-47.3950531E-03,+91.6260983E-03
+6.7096250E-03,+4.0145135E-03,-47.4034060E-03,+91.6260983E-03
+6.7099187E-03,+3.8842244E-03,-47.5086530E-03,+91.6239265E-03
+6.7102125E-03,+6.3013165E-03,-47.3599707E-03,+91.6160747E-03
+6.7105062E-03,+10.5098558E-03,-47.3516178E-03,+91.6125665E-03
+6.7108000E-03,+14.0178111E-03,-47.1812179E-03,+91.6160747E-03
+6.7110937E-03,+13.8256669E-03,-47.2680884E-03,+91.6082230E-03
+6.7113875E-03,+11.0903313E-03,-47.4301354E-03,+91.6025430E-03
+6.7116812E-03,+7.8970177E-03,-47.3248884E-03,+91.6047148E-03
+6.7119750E-03,+5.4334700E-03,-47.4518530E-03,+91.6169100E-03
+6.7122687E-03,+4.2209913E-03,-47.3165355E-03,+91.6296065E-03
+6.7125625E-03,+6.7846173E-03,-47.3466060E-03,+91.6160747E-03
+6.7128562E-03,+11.9402792E-03,-47.5520882E-03,+91.6082230E-03
+6.7131500E-03,+14.7515830E-03,-47.4518530E-03,+91.6047148E-03
+6.7134437E-03,+15.6052797E-03,-47.3599707E-03,+91.6103947E-03
+6.7137375E-03,+13.2269619E-03,-47.5036412E-03,+91.6147383E-03
+6.7140312E-03,+9.6847529E-03,-47.6005353E-03,+91.6239265E-03
+6.7143250E-03,+6.6725209E-03,-47.3031708E-03,+91.6139030E-03
+6.7146187E-03,+4.7188095E-03,-47.3950531E-03,+91.6047148E-03
+6.7149125E-03,+6.5054054E-03,-47.3816884E-03,+91.6082230E-03
+6.7152062E-03,+9.3322189E-03,-47.4084178E-03,+91.6047148E-03
+6.7155000E-03,+13.3536492E-03,-47.2029356E-03,+91.6103947E-03
+6.7157937E-03,+14.9191763E-03,-47.2380179E-03,+91.6103947E-03
+6.7160875E-03,+13.6870349E-03,-47.2029356E-03,+91.6103947E-03
+6.7163812E-03,+10.4520803E-03,-47.2597355E-03,+91.6125665E-03
+6.7166750E-03,+6.1455577E-03,-47.2597355E-03,+91.6139030E-03
+6.7169687E-03,+4.6811746E-03,-47.3031708E-03,+91.6068865E-03
+6.7172625E-03,+5.6141105E-03,-47.3733354E-03,+91.6204183E-03
+6.7175562E-03,+8.8151422E-03,-47.2380179E-03,+91.6239265E-03
+6.7178500E-03,+12.6154302E-03,-47.1812179E-03,+91.6182465E-03
+6.7181437E-03,+14.5390042E-03,-47.1595003E-03,+91.6182465E-03
+6.7184375E-03,+13.2974540E-03,-47.0592651E-03,+91.6182465E-03
+6.7187312E-03,+10.0796997E-03,-47.0542533E-03,+91.6204183E-03
+6.7190250E-03,+6.1749600E-03,-47.3165355E-03,+91.6239265E-03
+6.7193187E-03,+4.1778434E-03,-47.1945826E-03,+91.6139030E-03
+6.7196125E-03,+5.9764575E-03,-47.0676180E-03,+91.6047148E-03
+6.7199062E-03,+9.1153768E-03,-47.0943474E-03,+91.6103947E-03
+6.7202000E-03,+12.3077348E-03,-46.9757357E-03,+91.6212536E-03
+6.7204937E-03,+14.4410577E-03,-47.2380179E-03,+91.6387947E-03
+6.7207875E-03,+14.3776589E-03,-47.2246532E-03,+91.6169100E-03
+6.7210812E-03,+10.9026710E-03,-47.3382531E-03,+91.6317783E-03
+6.7213750E-03,+6.8894366E-03,-47.3382531E-03,+91.6239265E-03
+6.7216687E-03,+4.4986964E-03,-47.3816884E-03,+91.6204183E-03
+6.7219625E-03,+5.3259677E-03,-47.5387235E-03,+91.6152394E-03
+6.7222562E-03,+7.5854265E-03,-47.5654529E-03,+91.5890112E-03
+6.7225500E-03,+11.3944984E-03,-47.2948178E-03,+91.6033783E-03
+6.7228437E-03,+13.1490458E-03,-47.3332413E-03,+91.6174112E-03
+6.7231375E-03,+12.1384509E-03,-47.6222529E-03,+91.6012065E-03
+6.7234312E-03,+9.8326834E-03,-47.4034060E-03,+91.6160747E-03
+6.7237250E-03,+6.5359471E-03,-47.4652177E-03,+91.6103947E-03
+6.7240187E-03,+4.6908773E-03,-47.1377827E-03,+91.6125665E-03
+6.7243125E-03,+5.1711644E-03,-47.1110533E-03,+91.6204183E-03
+6.7246062E-03,+8.2173193E-03,-47.2948178E-03,+91.6304418E-03
+6.7249000E-03,+11.3538129E-03,-47.1160650E-03,+91.6439735E-03
+6.7251937E-03,+14.5639594E-03,-46.9456652E-03,+91.6366230E-03
+6.7254875E-03,+14.8069329E-03,-47.0976886E-03,+91.6090583E-03
+6.7257812E-03,+12.1582607E-03,-47.4084178E-03,+91.6217547E-03
+6.7260750E-03,+8.3544812E-03,-47.2680884E-03,+91.6103947E-03
+6.7263687E-03,+5.6327810E-03,-47.4084178E-03,+91.6103947E-03
+6.7266625E-03,+5.4073019E-03,-47.2246532E-03,+91.6147383E-03
+6.7269562E-03,+7.1903327E-03,-47.3599707E-03,+91.6260983E-03
+6.7272500E-03,+10.5992756E-03,-47.3733354E-03,+91.6260983E-03
+6.7275437E-03,+13.4645695E-03,-47.2814531E-03,+91.6174112E-03
+6.7278375E-03,+13.4614455E-03,-47.3816884E-03,+91.5990348E-03
+6.7281312E-03,+11.6009396E-03,-47.4301354E-03,+91.6103947E-03
+6.7284250E-03,+8.1244448E-03,-47.2597355E-03,+91.6125665E-03
+6.7287187E-03,+5.6345819E-03,-47.2597355E-03,+91.6182465E-03
+6.7290125E-03,+4.9817766E-03,-47.2814531E-03,+91.6139030E-03
+6.7293062E-03,+7.3806760E-03,-47.3816884E-03,+91.6090583E-03
+6.7296000E-03,+11.0303138E-03,-47.5170059E-03,+91.6239265E-03
+6.7298937E-03,+13.9989201E-03,-47.5520882E-03,+91.6139030E-03
+6.7301875E-03,+13.7264340E-03,-47.4301354E-03,+91.6047148E-03
+6.7304812E-03,+11.2887971E-03,-47.3031708E-03,+91.6103947E-03
+6.7307750E-03,+8.5593787E-03,-47.4167707E-03,+91.6147383E-03
+6.7310687E-03,+6.5548748E-03,-47.3733354E-03,+91.6260983E-03
+6.7313625E-03,+6.3942278E-03,-47.3466060E-03,+91.6217547E-03
+6.7316562E-03,+7.7614730E-03,-47.4869353E-03,+91.6125665E-03
+6.7319500E-03,+10.7394512E-03,-47.3248884E-03,+91.6204183E-03
+6.7322437E-03,+13.1332787E-03,-47.4084178E-03,+91.6217547E-03
+6.7325375E-03,+14.0685301E-03,-47.2029356E-03,+91.6038795E-03
+6.7328312E-03,+12.9208837E-03,-47.3466060E-03,+91.5911830E-03
+6.7331250E-03,+9.4118626E-03,-47.4652177E-03,+91.6003712E-03
+6.7334187E-03,+5.8267996E-03,-47.1595003E-03,+91.6055500E-03
+6.7337125E-03,+4.5820520E-03,-47.2112885E-03,+91.6296065E-03
+6.7340062E-03,+6.0195686E-03,-47.4952883E-03,+91.6182465E-03
+6.7343000E-03,+8.7866955E-03,-47.4518530E-03,+91.6160747E-03
+6.7345937E-03,+12.3555503E-03,-47.3599707E-03,+91.6103947E-03
+6.7348875E-03,+14.1005787E-03,-47.3733354E-03,+91.6082230E-03
+6.7351812E-03,+12.4751076E-03,-47.2814531E-03,+91.6025430E-03
+6.7354750E-03,+9.1716088E-03,-47.3165355E-03,+91.6068865E-03
+6.7357687E-03,+5.7614897E-03,-47.2597355E-03,+91.6160747E-03
+6.7360625E-03,+3.9821709E-03,-47.2597355E-03,+91.6169100E-03
+6.7363562E-03,+4.3322056E-03,-47.3248884E-03,+91.6252630E-03
+6.7366500E-03,+7.4657223E-03,-47.4735706E-03,+91.6025430E-03
+6.7369437E-03,+11.5076606E-03,-47.3516178E-03,+91.6068865E-03
+6.7372375E-03,+13.8961957E-03,-47.2463708E-03,+91.6160747E-03
+6.7375312E-03,+13.0893958E-03,-47.4602059E-03,+91.6103947E-03
+6.7378250E-03,+9.9135031E-03,-47.5738059E-03,+91.6125665E-03
+6.7381187E-03,+6.9050566E-03,-47.5303706E-03,+91.6160747E-03
+6.7384125E-03,+4.7099521E-03,-47.3516178E-03,+91.6147383E-03
+6.7387062E-03,+5.7043022E-03,-47.2029356E-03,+91.6195830E-03
+6.7390000E-03,+8.6884917E-03,-47.2814531E-03,+91.6047148E-03
+6.7392937E-03,+12.2894319E-03,-47.3382531E-03,+91.6125665E-03
+6.7395875E-03,+14.6166631E-03,-47.4034060E-03,+91.6160747E-03
+6.7398812E-03,+14.8453765E-03,-47.4869353E-03,+91.6103947E-03
+6.7401750E-03,+11.7186959E-03,-47.4117589E-03,+91.6060512E-03
+6.7404687E-03,+8.1298474E-03,-47.7007705E-03,+91.6033783E-03
+6.7407625E-03,+4.5948420E-03,-47.3950531E-03,+91.6217547E-03
+6.7410562E-03,+3.8297933E-03,-47.3599707E-03,+91.6125665E-03
+6.7413500E-03,+6.8935529E-03,-47.3733354E-03,+91.6182465E-03
+6.7416437E-03,+10.4849741E-03,-47.3031708E-03,+91.6182465E-03
+6.7419375E-03,+13.9100148E-03,-47.4167707E-03,+91.6182465E-03
+6.7422312E-03,+14.7380212E-03,-47.3950531E-03,+91.6182465E-03
+6.7425250E-03,+12.6533960E-03,-47.3382531E-03,+91.6095595E-03
+6.7428187E-03,+8.0867363E-03,-47.2731002E-03,+91.5955265E-03
+6.7431125E-03,+4.4344523E-03,-47.2112885E-03,+91.6182465E-03
+6.7434062E-03,+4.4375395E-03,-47.4518530E-03,+91.6117312E-03
+6.7437000E-03,+6.9572457E-03,-47.3165355E-03,+91.5946912E-03
+6.7439937E-03,+11.9804501E-03,-47.1728650E-03,+91.5968630E-03
+6.7442875E-03,+14.9374793E-03,-47.0108181E-03,+91.6068865E-03
+6.7445812E-03,+14.8023021E-03,-47.1812179E-03,+91.6117312E-03
+6.7448750E-03,+12.6600115E-03,-47.2246532E-03,+91.5990348E-03
+6.7451687E-03,+8.6595672E-03,-47.3165355E-03,+91.6125665E-03
+6.7454625E-03,+4.5643738E-03,-47.2814531E-03,+91.6160747E-03
+6.7457562E-03,+3.5546610E-03,-47.2731002E-03,+91.6060512E-03
+6.7460500E-03,+5.6761862E-03,-47.1461356E-03,+91.5990348E-03
+6.7463437E-03,+9.8342270E-03,-47.2380179E-03,+91.6125665E-03
+6.7466375E-03,+13.2443460E-03,-47.1160650E-03,+91.6204183E-03
+6.7469312E-03,+14.2063536E-03,-47.0542533E-03,+91.6217547E-03
+6.7472250E-03,+12.1620463E-03,-47.2948178E-03,+91.6169100E-03
+6.7475187E-03,+8.7042955E-03,-47.2246532E-03,+91.6274347E-03
+6.7478125E-03,+5.1863066E-03,-47.3165355E-03,+91.6038795E-03
+6.7481062E-03,+4.6572484E-03,-47.2597355E-03,+91.5933548E-03
+6.7484000E-03,+6.4404630E-03,-47.1945826E-03,+91.6125665E-03
+6.7486937E-03,+10.6356978E-03,-47.0893356E-03,+91.6204183E-03
+6.7489875E-03,+14.3003675E-03,-47.2380179E-03,+91.6217547E-03
+6.7492812E-03,+15.5253054E-03,-47.1595003E-03,+91.6038795E-03
+6.7495750E-03,+14.2690173E-03,-47.1895709E-03,+91.5933548E-03
+6.7498687E-03,+10.9804034E-03,-47.3299002E-03,+91.6103947E-03
+6.7501625E-03,+6.7599929E-03,-47.1027003E-03,+91.6125665E-03
+6.7504562E-03,+4.3775588E-03,-47.1678532E-03,+91.6160747E-03
+6.7507500E-03,+5.3856176E-03,-47.2513826E-03,+91.6103947E-03
+6.7510437E-03,+9.5494287E-03,-47.0676180E-03,+91.6103947E-03
+6.7513375E-03,+13.0963421E-03,-47.2680884E-03,+91.6103947E-03
+6.7516312E-03,+14.8476919E-03,-47.4518530E-03,+91.6147383E-03
+6.7519250E-03,+13.8888084E-03,-47.3599707E-03,+91.6282700E-03
+6.7522187E-03,+9.4687561E-03,-47.3733354E-03,+91.6274347E-03
+6.7525125E-03,+5.0227194E-03,-47.2163003E-03,+91.6125665E-03
+6.7528062E-03,+2.5857072E-03,-47.1461356E-03,+91.6182465E-03
+6.7531000E-03,+3.7444531E-03,-47.2163003E-03,+91.6160747E-03
+6.7533937E-03,+8.2391138E-03,-47.2112885E-03,+91.6147383E-03
+6.7536875E-03,+13.0079881E-03,-47.3867001E-03,+91.6282700E-03
+6.7539812E-03,+15.3230173E-03,-47.1027003E-03,+91.6274347E-03
+6.7542750E-03,+14.2402765E-03,-47.1895709E-03,+91.6103947E-03
+6.7545687E-03,+10.7879651E-03,-47.3516178E-03,+91.6082230E-03
+6.7548625E-03,+6.3057636E-03,-47.1812179E-03,+91.6068865E-03
+6.7551562E-03,+3.3597971E-03,-47.1377827E-03,+91.6160747E-03
+6.7554500E-03,+4.1141139E-03,-47.0459004E-03,+91.6082230E-03
+6.7557437E-03,+8.0143697E-03,-47.1244180E-03,+91.6047148E-03
+6.7560375E-03,+12.9663103E-03,-47.1377827E-03,+91.6125665E-03
+6.7563312E-03,+15.1571147E-03,-47.0676180E-03,+91.6160747E-03
+6.7566250E-03,+14.5233474E-03,-47.2246532E-03,+91.6147383E-03
+6.7569187E-03,+11.3751297E-03,-47.2731002E-03,+91.6326136E-03
+6.7572125E-03,+7.2421176E-03,-47.1678532E-03,+91.6387947E-03
+6.7575062E-03,+3.7041719E-03,-47.2948178E-03,+91.6147383E-03
+6.7578000E-03,+3.3291819E-03,-47.1812179E-03,+91.6195830E-03
+6.7580937E-03,+6.1586049E-03,-47.2898061E-03,+91.6025430E-03
+6.7583875E-03,+10.1532055E-03,-47.5086530E-03,+91.6112300E-03
+6.7586812E-03,+13.5907790E-03,-47.2731002E-03,+91.6274347E-03
+6.7589750E-03,+14.3778059E-03,-47.1895709E-03,+91.6103947E-03
+6.7592687E-03,+12.7099587E-03,-47.3950531E-03,+91.6082230E-03
+6.7595625E-03,+8.6138098E-03,-47.3382531E-03,+91.5981995E-03
+6.7598562E-03,+4.7656695E-03,-47.3599707E-03,+91.5933548E-03
+6.7601500E-03,+3.9501591E-03,-47.3299002E-03,+91.6082230E-03
+6.7604437E-03,+6.6976966E-03,-47.2112885E-03,+91.6068865E-03
+6.7607375E-03,+10.6778166E-03,-47.4518530E-03,+91.6225900E-03
+6.7610312E-03,+14.5536318E-03,-47.2513826E-03,+91.6296065E-03
+6.7613250E-03,+15.7564077E-03,-47.1544885E-03,+91.6139030E-03
+6.7616187E-03,+13.3734591E-03,-47.4518530E-03,+91.6112300E-03
+6.7619125E-03,+9.2295314E-03,-47.3816884E-03,+91.6274347E-03
+6.7622062E-03,+6.2201661E-03,-47.4952883E-03,+91.6147383E-03
+6.7625000E-03,+4.8978330E-03,-47.4518530E-03,+91.6217547E-03
+6.7627937E-03,+7.0814706E-03,-47.3165355E-03,+91.6082230E-03
+6.7630875E-03,+11.2387763E-03,-47.2597355E-03,+91.6047148E-03
+6.7633812E-03,+14.4846099E-03,-47.2597355E-03,+91.6190818E-03
+6.7636750E-03,+14.2198419E-03,-47.2597355E-03,+91.6418018E-03
+6.7639687E-03,+11.6320693E-03,-47.2380179E-03,+91.6309430E-03
+6.7642625E-03,+8.0015430E-03,-47.2463708E-03,+91.6025430E-03
+6.7645562E-03,+4.6067499E-03,-47.4167707E-03,+91.6047148E-03
+6.7648500E-03,+3.7776042E-03,-47.4167707E-03,+91.6082230E-03
+6.7651437E-03,+5.5771738E-03,-47.4167707E-03,+91.6047148E-03
+6.7654375E-03,+9.9776736E-03,-47.3733354E-03,+91.6082230E-03
+6.7657312E-03,+13.8318046E-03,-47.2163003E-03,+91.6068865E-03
+6.7660250E-03,+15.0395421E-03,-47.0809827E-03,+91.6182465E-03
+6.7663187E-03,+13.1071107E-03,-47.0893356E-03,+91.6139030E-03
+6.7666125E-03,+9.5272667E-03,-47.2380179E-03,+91.6047148E-03
+6.7669062E-03,+5.1675626E-03,-47.1595003E-03,+91.6125665E-03
+6.7672000E-03,+3.4416458E-03,-47.1678532E-03,+91.6139030E-03
+6.7674937E-03,+5.4805504E-03,-47.2731002E-03,+91.6090583E-03
+6.7677875E-03,+9.4033726E-03,-47.1027003E-03,+91.6260983E-03
+6.7680812E-03,+13.2066376E-03,-47.2330061E-03,+91.6260983E-03
+6.7683750E-03,+14.8851064E-03,-47.5303706E-03,+91.6239265E-03
+6.7686687E-03,+13.2294611E-03,-47.3516178E-03,+91.6117312E-03
+6.7689625E-03,+9.0116601E-03,-47.2246532E-03,+91.5990348E-03
+6.7692562E-03,+4.6869448E-03,-47.3816884E-03,+91.6103947E-03
+6.7695500E-03,+2.4543891E-03,-47.4301354E-03,+91.6147383E-03
+6.7698437E-03,+4.5354492E-03,-47.2597355E-03,+91.6260983E-03
+6.7701375E-03,+9.6751971E-03,-47.2163003E-03,+91.6174112E-03
+6.7704312E-03,+13.6611241E-03,-47.1244180E-03,+91.5968630E-03
+6.7707250E-03,+16.1038330E-03,-47.1595003E-03,+91.6047148E-03
+6.7710187E-03,+14.3101806E-03,-47.1678532E-03,+91.6103947E-03
+6.7713125E-03,+9.6183037E-03,-47.3165355E-03,+91.6147383E-03
+6.7716062E-03,+6.1149792E-03,-47.1728650E-03,+91.6195830E-03
+6.7719000E-03,+3.8733455E-03,-46.9891004E-03,+91.6003712E-03
+6.7721937E-03,+4.4570553E-03,-47.1678532E-03,+91.5968630E-03
+6.7724875E-03,+8.4642622E-03,-47.3599707E-03,+91.6068865E-03
+6.7727812E-03,+12.7232632E-03,-47.3516178E-03,+91.6204183E-03
+6.7730750E-03,+15.0791250E-03,-47.2463708E-03,+91.6217547E-03
+6.7733687E-03,+14.7450778E-03,-47.4384883E-03,+91.6103947E-03
+6.7736625E-03,+11.3165455E-03,-47.3867001E-03,+91.6103947E-03
+6.7739562E-03,+6.8663925E-03,-47.1895709E-03,+91.6082230E-03
+6.7742500E-03,+4.1435162E-03,-47.3950531E-03,+91.6112300E-03
+6.7745437E-03,+4.6978971E-03,-47.2948178E-03,+91.6274347E-03
+6.7748375E-03,+8.2330128E-03,-47.2029356E-03,+91.6103947E-03
+6.7751312E-03,+13.4706337E-03,-47.2597355E-03,+91.6169100E-03
+6.7754250E-03,+15.7707413E-03,-47.1728650E-03,+91.6274347E-03
+6.7757187E-03,+14.5720451E-03,-47.0542533E-03,+91.6082230E-03
+6.7760125E-03,+10.9928259E-03,-47.4251236E-03,+91.6025430E-03
+6.7763062E-03,+5.8752767E-03,-47.5871706E-03,+91.6003712E-03
+6.7766000E-03,+3.7215193E-03,-47.4167707E-03,+91.5990348E-03
+6.7768937E-03,+4.0256864E-03,-47.3733354E-03,+91.6103947E-03
+6.7771875E-03,+6.4724380E-03,-47.3248884E-03,+91.6082230E-03
+6.7774812E-03,+11.4101552E-03,-47.4735706E-03,+91.6068865E-03
+6.7777750E-03,+13.9131021E-03,-47.3299002E-03,+91.6160747E-03
+6.7780687E-03,+14.1163824E-03,-47.0809827E-03,+91.6103947E-03
+6.7783625E-03,+11.1303920E-03,-47.0893356E-03,+91.6103947E-03
+6.7786562E-03,+6.9543790E-03,-47.2814531E-03,+91.6169100E-03
+6.7789500E-03,+4.5017101E-03,-47.2948178E-03,+91.6252630E-03
+6.7792437E-03,+4.0853731E-03,-47.2029356E-03,+91.6025430E-03
+6.7795375E-03,+6.8246779E-03,-47.2163003E-03,+91.6068865E-03
+6.7798312E-03,+11.0594956E-03,-47.1678532E-03,+91.6225900E-03
+6.7801250E-03,+14.7123309E-03,-47.2296650E-03,+91.6274347E-03
+6.7804187E-03,+15.2434105E-03,-47.0325357E-03,+91.6082230E-03
+6.7807125E-03,+12.4107900E-03,-47.2163003E-03,+91.6047148E-03
+6.7810062E-03,+8.7300960E-03,-47.0809827E-03,+91.6082230E-03
+6.7813000E-03,+5.3750696E-03,-47.0893356E-03,+91.6068865E-03
+6.7815937E-03,+4.6690829E-03,-47.3031708E-03,+91.6160747E-03
+6.7818875E-03,+6.5163945E-03,-47.3733354E-03,+91.6082230E-03
+6.7821812E-03,+11.5290876E-03,-47.2380179E-03,+91.6068865E-03
+6.7824750E-03,+14.8677222E-03,-47.0726298E-03,+91.6182465E-03
+6.7827687E-03,+16.2165909E-03,-46.9189358E-03,+91.6139030E-03
+6.7830625E-03,+13.9825651E-03,-47.2163003E-03,+91.6025430E-03
+6.7833562E-03,+9.1621633E-03,-47.1244180E-03,+91.6047148E-03
+6.7836500E-03,+4.9424143E-03,-47.1160650E-03,+91.6125665E-03
+6.7839437E-03,+3.7893284E-03,-47.0108181E-03,+91.6182465E-03
+6.7842375E-03,+5.8672646E-03,-47.2463708E-03,+91.6139030E-03
+6.7845312E-03,+10.1691195E-03,-47.3950531E-03,+91.6068865E-03
+6.7848250E-03,+14.2485826E-03,-47.3382531E-03,+91.6117312E-03
+6.7851187E-03,+15.2095243E-03,-47.3382531E-03,+91.6055500E-03
+6.7854125E-03,+11.8834960E-03,-47.3599707E-03,+91.6296065E-03
+6.7857062E-03,+7.5159268E-03,-47.4384883E-03,+91.6139030E-03
+6.7860000E-03,+4.2640658E-03,-47.3867001E-03,+91.6003712E-03
+6.7862937E-03,+3.1256443E-03,-47.1461356E-03,+91.5990348E-03
+6.7865875E-03,+5.4862104E-03,-47.2814531E-03,+91.6082230E-03
+6.7868812E-03,+9.4719535E-03,-47.3382531E-03,+91.6025430E-03
+6.7871750E-03,+13.8686678E-03,-47.2513826E-03,+91.6134018E-03
+6.7874687E-03,+15.8289212E-03,-47.0459004E-03,+91.6374583E-03
+6.7877625E-03,+13.2543061E-03,-47.1244180E-03,+91.6217547E-03
+6.7880562E-03,+9.4092899E-03,-47.2246532E-03,+91.6103947E-03
+6.7883500E-03,+4.6841883E-03,-47.3165355E-03,+91.6147383E-03
+6.7886437E-03,+3.2336978E-03,-47.2380179E-03,+91.6260983E-03
+6.7889375E-03,+4.9370851E-03,-47.2029356E-03,+91.6239265E-03
+6.7892312E-03,+9.9110406E-03,-47.3031708E-03,+91.6139030E-03
+6.7895250E-03,+14.2110947E-03,-47.4167707E-03,+91.6047148E-03
+6.7898187E-03,+15.8785008E-03,-47.3299002E-03,+91.6169100E-03
+6.7901125E-03,+14.8892962E-03,-47.1027003E-03,+91.6339500E-03
+6.7904062E-03,+10.5817445E-03,-47.1244180E-03,+91.6339500E-03
+6.7907000E-03,+4.9993078E-03,-47.2029356E-03,+91.6274347E-03
+6.7909937E-03,+2.4341015E-03,-47.3248884E-03,+91.6082230E-03
+6.7912875E-03,+4.6878636E-03,-47.4084178E-03,+91.5981995E-03
+6.7915812E-03,+7.9931633E-03,-47.2246532E-03,+91.5933548E-03
+6.7918750E-03,+12.6809239E-03,-47.2948178E-03,+91.6147383E-03
+6.7921687E-03,+15.6687520E-03,-47.1377827E-03,+91.6217547E-03
+6.7924625E-03,+15.1819964E-03,-47.0676180E-03,+91.6082230E-03
+6.7927562E-03,+11.4111843E-03,-47.2246532E-03,+91.6025430E-03
+6.7930500E-03,+6.5417541E-03,-47.3599707E-03,+91.6047148E-03
+6.7933437E-03,+3.4371620E-03,-47.3733354E-03,+91.6082230E-03
+6.7936375E-03,+4.0330369E-03,-47.2814531E-03,+91.6090583E-03
+6.7939312E-03,+7.9067205E-03,-47.2296650E-03,+91.6304418E-03
+6.7942250E-03,+12.5554862E-03,-47.0108181E-03,+91.6331147E-03
+6.7945187E-03,+15.6158278E-03,-47.2029356E-03,+91.6103947E-03
+6.7948125E-03,+14.6592965E-03,-47.2380179E-03,+91.6147383E-03
+6.7951062E-03,+11.0648248E-03,-47.1595003E-03,+91.6195830E-03
+6.7954000E-03,+7.0953999E-03,-47.2330061E-03,+91.6047148E-03
+6.7956937E-03,+4.5405579E-03,-47.4435001E-03,+91.6147383E-03
+6.7959875E-03,+4.6220759E-03,-47.1461356E-03,+91.6260983E-03
+6.7962812E-03,+7.6405191E-03,-47.2380179E-03,+91.6260983E-03
+6.7965750E-03,+11.8983809E-03,-47.2029356E-03,+91.6260983E-03
+6.7968687E-03,+14.6068500E-03,-47.3031708E-03,+91.6260983E-03
+6.7971625E-03,+13.9696648E-03,-47.3516178E-03,+91.6260983E-03
+6.7974562E-03,+11.1833530E-03,-47.1812179E-03,+91.6217547E-03
+6.7977500E-03,+7.8842645E-03,-47.2029356E-03,+91.6169100E-03
+6.7980437E-03,+5.1940615E-03,-47.2814531E-03,+91.6252630E-03
+6.7983375E-03,+4.6518825E-03,-47.3165355E-03,+91.6025430E-03
+6.7986312E-03,+6.2232533E-03,-47.2163003E-03,+91.6047148E-03
+6.7989250E-03,+9.9589664E-03,-47.1461356E-03,+91.6103947E-03
+6.7992187E-03,+13.0794725E-03,-47.3248884E-03,+91.6147383E-03
+6.7995125E-03,+12.9953451E-03,-47.4301354E-03,+91.6195830E-03
+6.7998062E-03,+10.8639334E-03,-47.1728650E-03,+91.6112300E-03
+6.8001000E-03,+8.3401476E-03,-47.0108181E-03,+91.6274347E-03
+6.8003937E-03,+5.6996713E-03,-47.1377827E-03,+91.6147383E-03
+6.8006875E-03,+4.7849280E-03,-47.0676180E-03,+91.6239265E-03
+6.8009812E-03,+6.9436104E-03,-47.1812179E-03,+91.6182465E-03
+6.8012750E-03,+10.7025513E-03,-47.1377827E-03,+91.6204183E-03
+6.8015687E-03,+13.6421228E-03,-47.1110533E-03,+91.6195830E-03
+6.8018625E-03,+14.4148161E-03,-47.3165355E-03,+91.6068865E-03
+6.8021562E-03,+12.0636955E-03,-47.2814531E-03,+91.6204183E-03
+6.8024500E-03,+8.8377085E-03,-47.3382531E-03,+91.6195830E-03
+6.8027437E-03,+6.2738621E-03,-47.3816884E-03,+91.6112300E-03
+6.8030375E-03,+4.4880013E-03,-47.4735706E-03,+91.6296065E-03
+6.8033312E-03,+6.1327676E-03,-47.4167707E-03,+91.6204183E-03
+6.8036250E-03,+10.2421108E-03,-47.3516178E-03,+91.6195830E-03
+6.8039187E-03,+13.0016666E-03,-47.1812179E-03,+91.6090583E-03
+6.8042125E-03,+14.2235907E-03,-47.2463708E-03,+91.6217547E-03
+6.8045062E-03,+11.8990057E-03,-47.3299002E-03,+91.6060512E-03
+6.8048000E-03,+8.4668717E-03,-47.1027003E-03,+91.6033783E-03
+6.8050937E-03,+5.4608509E-03,-47.1461356E-03,+91.6282700E-03
+6.8053875E-03,+4.9807108E-03,-47.2380179E-03,+91.6252630E-03
+6.8056812E-03,+6.9189124E-03,-47.1812179E-03,+91.6025430E-03
+6.8059750E-03,+10.7464710E-03,-47.2680884E-03,+91.6047148E-03
+6.8062687E-03,+14.1080763E-03,-47.4952883E-03,+91.6125665E-03
+6.8065625E-03,+15.0734650E-03,-47.4301354E-03,+91.6160747E-03
+6.8068562E-03,+13.5349514E-03,-47.2597355E-03,+91.6082230E-03
+6.8071500E-03,+10.3469669E-03,-47.3248884E-03,+91.5981995E-03
+6.8074437E-03,+6.4011007E-03,-47.3867001E-03,+91.5911830E-03
+6.8077375E-03,+5.1025835E-03,-47.1461356E-03,+91.6068865E-03
+6.8080312E-03,+6.1487919E-03,-47.2163003E-03,+91.6139030E-03
+6.8083250E-03,+9.0637757E-03,-47.1461356E-03,+91.6047148E-03
+6.8086187E-03,+12.1714550E-03,-47.2597355E-03,+91.6060512E-03
+6.8089125E-03,+14.1995175E-03,-47.2597355E-03,+91.5990348E-03
+6.8092062E-03,+12.5998102E-03,-47.3031708E-03,+91.6060512E-03
+6.8095000E-03,+9.8042734E-03,-47.3950531E-03,+91.6033783E-03
+6.8097937E-03,+5.7918109E-03,-47.3165355E-03,+91.6217547E-03
+6.8100875E-03,+3.8508895E-03,-47.2597355E-03,+91.6103947E-03
+6.8103812E-03,+5.0027258E-03,-47.2814531E-03,+91.6103947E-03
+6.8106750E-03,+8.1618592E-03,-47.2513826E-03,+91.6125665E-03
+6.8109687E-03,+11.1279663E-03,-47.0676180E-03,+91.6182465E-03
+6.8112625E-03,+13.5644272E-03,-47.1595003E-03,+91.6182465E-03
+6.8115562E-03,+13.5414199E-03,-47.1027003E-03,+91.6204183E-03
+6.8118500E-03,+10.8161546E-03,-47.1027003E-03,+91.6260983E-03
+6.8121437E-03,+7.9963609E-03,-47.1027003E-03,+91.6174112E-03
+6.8124375E-03,+5.5028962E-03,-47.0809827E-03,+91.6012065E-03
+6.8127312E-03,+6.3347249E-03,-47.0459004E-03,+91.6160747E-03
+6.8130250E-03,+8.7186291E-03,-47.1027003E-03,+91.6082230E-03
+6.8133187E-03,+11.5860546E-03,-47.0809827E-03,+91.6090583E-03
+6.8136125E-03,+13.5013592E-03,-47.0676180E-03,+91.6282700E-03
+6.8139062E-03,+13.0387135E-03,-47.2680884E-03,+91.6296065E-03
+6.8142000E-03,+11.2724788E-03,-47.4518530E-03,+91.6160747E-03
+6.8144937E-03,+7.2705276E-03,-47.2948178E-03,+91.6103947E-03
+6.8147875E-03,+4.8424096E-03,-47.2463708E-03,+91.6103947E-03
+6.8150812E-03,+5.4984491E-03,-47.3516178E-03,+91.6147383E-03
+6.8153750E-03,+8.0942706E-03,-47.1377827E-03,+91.6239265E-03
+6.8156687E-03,+11.4589630E-03,-47.1762062E-03,+91.6160747E-03
+6.8159625E-03,+13.7843934E-03,-47.5086530E-03,+91.6147383E-03
+6.8162562E-03,+13.3182194E-03,-47.3165355E-03,+91.6217547E-03
+6.8165500E-03,+11.5435315E-03,-47.3248884E-03,+91.6125665E-03
+6.8168437E-03,+8.5791150E-03,-47.4301354E-03,+91.6182465E-03
+6.8171375E-03,+6.5102936E-03,-47.3248884E-03,+91.6182465E-03
+6.8174312E-03,+5.3556273E-03,-47.3867001E-03,+91.6204183E-03
+6.8177250E-03,+7.2010278E-03,-47.1678532E-03,+91.6217547E-03
+6.8180187E-03,+10.5908225E-03,-47.3599707E-03,+91.6125665E-03
+6.8183125E-03,+13.3590519E-03,-47.4384883E-03,+91.6225900E-03
+6.8186062E-03,+13.7342256E-03,-47.3649825E-03,+91.6209194E-03
+6.8189000E-03,+11.6108629E-03,-47.0893356E-03,+91.5911830E-03
+6.8191937E-03,+8.4612117E-03,-47.3031708E-03,+91.6047148E-03
+6.8194875E-03,+6.3768070E-03,-47.3950531E-03,+91.6103947E-03
+6.8197812E-03,+5.3717618E-03,-47.2948178E-03,+91.6103947E-03
+6.8200750E-03,+7.0118973E-03,-47.2029356E-03,+91.6103947E-03
+6.8203687E-03,+10.1288383E-03,-47.1945826E-03,+91.6125665E-03
+6.8206625E-03,+13.2004263E-03,-47.1110533E-03,+91.6204183E-03
+6.8209562E-03,+13.7504337E-03,-47.3382531E-03,+91.6260983E-03
+6.8212500E-03,+11.7885999E-03,-47.3382531E-03,+91.6217547E-03
+6.8215437E-03,+8.9256215E-03,-47.3382531E-03,+91.6103947E-03
+6.8218375E-03,+6.4313483E-03,-47.2948178E-03,+91.6125665E-03
+6.8221312E-03,+5.1613514E-03,-47.1595003E-03,+91.6160747E-03
+6.8224250E-03,+6.8860921E-03,-47.1027003E-03,+91.6125665E-03
+6.8227187E-03,+10.1663263E-03,-47.1461356E-03,+91.6182465E-03
+6.8230125E-03,+12.8890924E-03,-47.2597355E-03,+91.6139030E-03
+6.8233062E-03,+13.8931085E-03,-47.2163003E-03,+91.6025430E-03
+6.8236000E-03,+12.8167627E-03,-47.1027003E-03,+91.6112300E-03
+6.8238937E-03,+8.8010659E-03,-47.1895709E-03,+91.6296065E-03
+6.8241875E-03,+6.3658914E-03,-47.4602059E-03,+91.6204183E-03
+6.8244812E-03,+5.1885118E-03,-47.4435001E-03,+91.6239265E-03
+6.8247750E-03,+5.8208824E-03,-47.0809827E-03,+91.6160747E-03
+6.8250687E-03,+8.8816282E-03,-47.0241828E-03,+91.6147383E-03
+6.8253625E-03,+12.0337051E-03,-47.0024651E-03,+91.6260983E-03
+6.8256562E-03,+13.7332333E-03,-46.9673828E-03,+91.6195830E-03
+6.8259500E-03,+12.9907142E-03,-47.0241828E-03,+91.6025430E-03
+6.8262437E-03,+11.1379264E-03,-47.0676180E-03,+91.6068865E-03
+6.8265375E-03,+7.1885318E-03,-47.1377827E-03,+91.6160747E-03
+6.8268312E-03,+5.8783272E-03,-47.0024651E-03,+91.6125665E-03
+6.8271250E-03,+6.4186318E-03,-46.9673828E-03,+91.6139030E-03
+6.8274187E-03,+8.9414252E-03,-47.0241828E-03,+91.6025430E-03
+6.8277125E-03,+11.0586135E-03,-47.0459004E-03,+91.6047148E-03
+6.8280062E-03,+12.6488018E-03,-47.1678532E-03,+91.6125665E-03
+6.8283000E-03,+13.0207046E-03,-47.3165355E-03,+91.6139030E-03
+6.8285937E-03,+11.4374994E-03,-47.2597355E-03,+91.6047148E-03
+6.8288875E-03,+7.8798174E-03,-47.3031708E-03,+91.6082230E-03
+6.8291812E-03,+5.3934828E-03,-47.3516178E-03,+91.6025430E-03
+6.8294750E-03,+5.3618385E-03,-47.2246532E-03,+91.6003712E-03
+6.8297687E-03,+7.9890470E-03,-47.2731002E-03,+91.6033783E-03
+6.8300625E-03,+11.5342330E-03,-47.0592651E-03,+91.6282700E-03
+6.8303562E-03,+13.0806853E-03,-46.9891004E-03,+91.6274347E-03
+6.8306500E-03,+13.5651622E-03,-47.1678532E-03,+91.6103947E-03
+6.8309437E-03,+11.8407156E-03,-47.3599707E-03,+91.6169100E-03
+6.8312375E-03,+8.3835896E-03,-47.3733354E-03,+91.6317783E-03
+6.8315312E-03,+5.1191958E-03,-47.2380179E-03,+91.6282700E-03
+6.8318250E-03,+4.4390464E-03,-47.2680884E-03,+91.6317783E-03
+6.8321187E-03,+6.6000809E-03,-47.4735706E-03,+91.6239265E-03
+6.8324125E-03,+9.9758360E-03,-47.3950531E-03,+91.6204183E-03
+6.8327062E-03,+13.2193541E-03,-47.2948178E-03,+91.6239265E-03
+6.8330000E-03,+14.2517802E-03,-47.2246532E-03,+91.6095595E-03
+6.8332937E-03,+12.6031547E-03,-47.3382531E-03,+91.5955265E-03
+6.8335875E-03,+9.5681359E-03,-47.2948178E-03,+91.6139030E-03
+6.8338812E-03,+6.1104586E-03,-47.2029356E-03,+91.6025430E-03
+6.8341750E-03,+5.1483776E-03,-47.2814531E-03,+91.6090583E-03
+6.8344687E-03,+6.8604385E-03,-47.3382531E-03,+91.6239265E-03
+6.8347625E-03,+9.9727487E-03,-47.2948178E-03,+91.6204183E-03
+6.8350562E-03,+13.1886654E-03,-47.1595003E-03,+91.6239265E-03
+6.8353500E-03,+14.6119955E-03,-47.1244180E-03,+91.6182465E-03
+6.8356437E-03,+12.5471066E-03,-47.1812179E-03,+91.6160747E-03
+6.8359375E-03,+9.5696796E-03,-47.1812179E-03,+91.6103947E-03
+6.8362312E-03,+7.0210120E-03,-47.2680884E-03,+91.6125665E-03
+6.8365250E-03,+6.0215901E-03,-47.4301354E-03,+91.6182465E-03
+6.8368187E-03,+6.5510893E-03,-47.2380179E-03,+91.6182465E-03
+6.8371125E-03,+9.7688068E-03,-47.2029356E-03,+91.6204183E-03
+6.8374062E-03,+13.1717590E-03,-47.3031708E-03,+91.6282700E-03
+6.8377000E-03,+13.7568287E-03,-47.3733354E-03,+91.6274347E-03
+6.8379937E-03,+12.5639026E-03,-47.2597355E-03,+91.6082230E-03
+6.8382875E-03,+9.7077602E-03,-47.3900413E-03,+91.6047148E-03
+6.8385812E-03,+8.0199195E-03,-47.5571000E-03,+91.6103947E-03
+6.8388750E-03,+5.9172485E-03,-47.1895709E-03,+91.6125665E-03
+6.8391687E-03,+5.8979533E-03,-47.2647473E-03,+91.6182465E-03
+6.8394625E-03,+8.2897961E-03,-46.9540181E-03,+91.6204183E-03
+6.8397562E-03,+11.7636814E-03,-47.2463708E-03,+91.6282700E-03
+6.8400500E-03,+13.5276743E-03,-47.4384883E-03,+91.6317783E-03
+6.8403437E-03,+13.1568374E-03,-47.3432649E-03,+91.6239265E-03
+6.8406375E-03,+10.7319904E-03,-47.0325357E-03,+91.6160747E-03
+6.8409312E-03,+7.9732065E-03,-47.2814531E-03,+91.6125665E-03
+6.8412250E-03,+5.4456352E-03,-47.3165355E-03,+91.6225900E-03
+6.8415187E-03,+5.5158332E-03,-47.2380179E-03,+91.6209194E-03
+6.8418125E-03,+8.1958924E-03,-47.1595003E-03,+91.5933548E-03
+6.8421062E-03,+11.1246218E-03,-47.1461356E-03,+91.6147383E-03
+6.8424000E-03,+13.9634168E-03,-47.2814531E-03,+91.6239265E-03
+6.8426937E-03,+13.8832220E-03,-47.2079473E-03,+91.6160747E-03
+6.8429875E-03,+11.1313476E-03,-46.9757357E-03,+91.6103947E-03
+6.8432812E-03,+7.7370691E-03,-47.2597355E-03,+91.6169100E-03
+6.8435750E-03,+5.2115926E-03,-47.2380179E-03,+91.6339500E-03
+6.8438687E-03,+5.1268771E-03,-47.1377827E-03,+91.6296065E-03
+6.8441625E-03,+7.9820639E-03,-47.0459004E-03,+91.6204183E-03
+6.8444562E-03,+10.4249566E-03,-47.1244180E-03,+91.6239265E-03
+6.8447500E-03,+12.7168315E-03,-47.1377827E-03,+91.6204183E-03
+6.8450437E-03,+13.4848571E-03,-47.0459004E-03,+91.6195830E-03
+6.8453375E-03,+11.0611128E-03,-47.1244180E-03,+91.6047148E-03
+6.8456312E-03,+7.8655940E-03,-47.1595003E-03,+91.6125665E-03
+6.8459250E-03,+5.3463656E-03,-47.1895709E-03,+91.6182465E-03
+6.8462187E-03,+5.1768979E-03,-47.3299002E-03,+91.6117312E-03
+6.8465125E-03,+7.2624787E-03,-47.1027003E-03,+91.6012065E-03
+6.8468062E-03,+9.7449542E-03,-47.0809827E-03,+91.6182465E-03
+6.8471000E-03,+12.0154389E-03,-47.0241828E-03,+91.6182465E-03
+6.8473937E-03,+13.1735599E-03,-47.0241828E-03,+91.6160747E-03
+6.8476875E-03,+12.5515904E-03,-47.0893356E-03,+91.6147383E-03
+6.8479812E-03,+10.1395335E-03,-47.2380179E-03,+91.6174112E-03
+6.8482750E-03,+7.4424944E-03,-47.2029356E-03,+91.6012065E-03
+6.8485687E-03,+6.3827242E-03,-47.3031708E-03,+91.6225900E-03
+6.8488625E-03,+7.8726138E-03,-47.2864649E-03,+91.6317783E-03
+6.8491562E-03,+9.8211797E-03,-46.9891004E-03,+91.6217547E-03
+6.8494500E-03,+12.2257391E-03,-47.0592651E-03,+91.6103947E-03
+6.8497437E-03,+14.1703725E-03,-47.0759709E-03,+91.6103947E-03
+6.8500375E-03,+13.4475529E-03,-47.3733354E-03,+91.6082230E-03
+6.8503312E-03,+10.9195406E-03,-47.3248884E-03,+91.6047148E-03
+6.8506250E-03,+7.2680651E-03,-47.4735706E-03,+91.6125665E-03
+6.8509187E-03,+5.5709994E-03,-47.2647473E-03,+91.6182465E-03
+6.8512125E-03,+6.2314859E-03,-46.9323005E-03,+91.6204183E-03
+6.8515062E-03,+9.1667941E-03,-47.1244180E-03,+91.6239265E-03
+6.8518000E-03,+11.9452776E-03,-47.2246532E-03,+91.6204183E-03
+6.8520937E-03,+13.6352133E-03,-47.2948178E-03,+91.6239265E-03
+6.8523875E-03,+12.3441202E-03,-47.1812179E-03,+91.6117312E-03
+6.8526812E-03,+9.5907757E-03,-47.2246532E-03,+91.5990348E-03
+6.8529750E-03,+6.1522834E-03,-47.3382531E-03,+91.6103947E-03
+6.8532687E-03,+4.5660644E-03,-47.3165355E-03,+91.6125665E-03
+6.8535625E-03,+5.8713809E-03,-47.2597355E-03,+91.6160747E-03
+6.8538562E-03,+8.3128034E-03,-47.2814531E-03,+91.6060512E-03
+6.8541500E-03,+11.5413998E-03,-47.2296650E-03,+91.6012065E-03
+6.8544437E-03,+12.7385892E-03,-47.0542533E-03,+91.6204183E-03
+6.8547375E-03,+11.7195045E-03,-47.3165355E-03,+91.6217547E-03
+6.8550312E-03,+9.9418396E-03,-47.1945826E-03,+91.6103947E-03
+6.8553250E-03,+7.2534007E-03,-47.0024651E-03,+91.6125665E-03
+6.8556187E-03,+5.0784368E-03,-47.0542533E-03,+91.6160747E-03
+6.8559125E-03,+4.9245523E-03,-47.2948178E-03,+91.6103947E-03
+6.8562062E-03,+7.5352955E-03,-47.1377827E-03,+91.6125665E-03
+6.8565000E-03,+10.9390563E-03,-47.0676180E-03,+91.6204183E-03
+6.8567937E-03,+13.5360172E-03,-47.1812179E-03,+91.6282700E-03
+6.8570875E-03,+14.3392889E-03,-47.1812179E-03,+91.6339500E-03
+6.8573812E-03,+11.9680277E-03,-47.1377827E-03,+91.6252630E-03
+6.8576750E-03,+8.9084947E-03,-47.0893356E-03,+91.6068865E-03
+6.8579687E-03,+6.0230602E-03,-47.2163003E-03,+91.6182465E-03
+6.8582625E-03,+5.3322524E-03,-47.1027003E-03,+91.6139030E-03
+6.8585562E-03,+7.6078090E-03,-47.0592651E-03,+91.6047148E-03
+6.8588500E-03,+11.4510244E-03,-46.9456652E-03,+91.6125665E-03
+6.8591437E-03,+14.1987089E-03,-47.0759709E-03,+91.6139030E-03
+6.8594375E-03,+14.1672485E-03,-47.3299002E-03,+91.6090583E-03
+6.8597312E-03,+11.8203177E-03,-47.1895709E-03,+91.6130677E-03
+6.8600250E-03,+8.7653788E-03,-47.2430296E-03,+91.5898465E-03
+6.8603187E-03,+6.0820854E-03,-46.8755005E-03,+91.6160747E-03
+6.8606125E-03,+5.5723224E-03,-47.0592651E-03,+91.6147383E-03
+6.8609062E-03,+7.5239756E-03,-46.9891004E-03,+91.6260983E-03
+6.8612000E-03,+10.4941991E-03,-47.1244180E-03,+91.6239265E-03
+6.8614937E-03,+13.4843426E-03,-47.1595003E-03,+91.6204183E-03
+6.8617875E-03,+13.8997240E-03,-47.1244180E-03,+91.6195830E-03
+6.8620812E-03,+11.6838174E-03,-47.1812179E-03,+91.6068865E-03
+6.8623750E-03,+8.6594569E-03,-47.2029356E-03,+91.6182465E-03
+6.8626687E-03,+5.8953071E-03,-47.2597355E-03,+91.6204183E-03
+6.8629625E-03,+5.1158145E-03,-47.2814531E-03,+91.6239265E-03
+6.8632562E-03,+6.4132658E-03,-47.3382531E-03,+91.6095595E-03
+6.8635500E-03,+10.1711777E-03,-47.3382531E-03,+91.5911830E-03
+6.8638437E-03,+12.6189952E-03,-47.3165355E-03,+91.6090583E-03
+6.8641375E-03,+13.9523174E-03,-47.2597355E-03,+91.6239265E-03
+6.8644312E-03,+12.6872454E-03,-47.2814531E-03,+91.6095595E-03
+6.8647250E-03,+9.1295267E-03,-47.3599707E-03,+91.5933548E-03
+6.8650187E-03,+6.5384096E-03,-47.3081825E-03,+91.6082230E-03
+6.8653125E-03,+4.0561178E-03,-47.0676180E-03,+91.6068865E-03
+6.8656062E-03,+5.5272266E-03,-47.1377827E-03,+91.6139030E-03
+6.8659000E-03,+8.3560248E-03,-47.0459004E-03,+91.6047148E-03
+6.8661937E-03,+11.8438763E-03,-47.0809827E-03,+91.6125665E-03
+6.8664875E-03,+13.3971647E-03,-47.0676180E-03,+91.6225900E-03
+6.8667812E-03,+12.6198038E-03,-47.2029356E-03,+91.6296065E-03
+6.8670750E-03,+9.4519232E-03,-47.2380179E-03,+91.6160747E-03
+6.8673687E-03,+5.9151904E-03,-47.1377827E-03,+91.6082230E-03
+6.8676625E-03,+4.9259122E-03,-47.0459004E-03,+91.6068865E-03
+6.8679562E-03,+6.2033700E-03,-47.0592651E-03,+91.6160747E-03
+6.8682500E-03,+9.0123951E-03,-46.9891004E-03,+91.6169100E-03
+6.8685437E-03,+12.0424523E-03,-47.1027003E-03,+91.6317783E-03
+6.8688375E-03,+14.0930443E-03,-47.1461356E-03,+91.6195830E-03
+6.8691312E-03,+13.7700597E-03,-47.2814531E-03,+91.6090583E-03
+6.8694250E-03,+10.5476746E-03,-47.3165355E-03,+91.6195830E-03
+6.8697187E-03,+7.4387824E-03,-47.1945826E-03,+91.6025430E-03
+6.8700125E-03,+5.8735861E-03,-47.0024651E-03,+91.5981995E-03
+6.8703062E-03,+6.9866848E-03,-47.0542533E-03,+91.5976983E-03
+6.8706000E-03,+9.3857680E-03,-47.2731002E-03,+91.6195830E-03
+6.8708937E-03,+11.9689832E-03,-47.0809827E-03,+91.6025430E-03
+6.8711875E-03,+13.4260892E-03,-47.0893356E-03,+91.6090583E-03
+6.8714812E-03,+12.3616146E-03,-47.3466060E-03,+91.6174112E-03
+6.8717750E-03,+10.6697310E-03,-47.5303706E-03,+91.5990348E-03
+6.8720687E-03,+8.5997334E-03,-47.3733354E-03,+91.6103947E-03
+6.8723625E-03,+6.3328873E-03,-47.2814531E-03,+91.6060512E-03
+6.8726562E-03,+5.4924216E-03,-47.3599707E-03,+91.5990348E-03
+6.8729500E-03,+8.2067713E-03,-47.3299002E-03,+91.6147383E-03
+6.8732437E-03,+10.7462873E-03,-47.1244180E-03,+91.6195830E-03
+6.8735375E-03,+12.3126230E-03,-47.1812179E-03,+91.6068865E-03
+6.8738312E-03,+12.1718961E-03,-47.2680884E-03,+91.6139030E-03
+6.8741250E-03,+9.6740578E-03,-47.3649825E-03,+91.6047148E-03
+6.8744187E-03,+7.5358101E-03,-47.1110533E-03,+91.6103947E-03
+6.8747125E-03,+5.5998136E-03,-47.2731002E-03,+91.6147383E-03
+6.8750062E-03,+5.1521264E-03,-47.2112885E-03,+91.6195830E-03
+6.8753000E-03,+7.3637697E-03,-47.3867001E-03,+91.6025430E-03
+6.8755937E-03,+10.7272860E-03,-47.0809827E-03,+91.5981995E-03
+6.8758875E-03,+13.5556800E-03,-47.0893356E-03,+91.5890112E-03
+6.8761812E-03,+13.6479298E-03,-47.3031708E-03,+91.6012065E-03
+6.8764750E-03,+10.7547405E-03,-47.4167707E-03,+91.6225900E-03
+6.8767687E-03,+7.2458664E-03,-47.2647473E-03,+91.6296065E-03
+6.8770625E-03,+4.9086751E-03,-46.9540181E-03,+91.6160747E-03
+6.8773562E-03,+5.2412890E-03,-47.1377827E-03,+91.6103947E-03
+6.8776500E-03,+7.0328832E-03,-47.1110533E-03,+91.6169100E-03
+6.8779437E-03,+11.2773301E-03,-47.3165355E-03,+91.6296065E-03
+6.8782375E-03,+14.7285022E-03,-47.2380179E-03,+91.6160747E-03
+6.8785312E-03,+15.7104665E-03,-47.2029356E-03,+91.6017077E-03
+6.8788250E-03,+12.9570853E-03,-47.3248884E-03,+91.5920183E-03
+6.8791187E-03,+9.3299403E-03,-47.4301354E-03,+91.6174112E-03
+6.8794125E-03,+6.4176395E-03,-47.2163003E-03,+91.6012065E-03
+6.8797062E-03,+4.5877119E-03,-47.1678532E-03,+91.6139030E-03
+6.8800000E-03,+5.7511989E-03,-47.2948178E-03,+91.6025430E-03
+6.8802937E-03,+9.2285757E-03,-47.1595003E-03,+91.6068865E-03
+6.8805875E-03,+12.0778086E-03,-47.1895709E-03,+91.6204183E-03
+6.8808812E-03,+13.7072490E-03,-47.3516178E-03,+91.6239265E-03
+6.8811750E-03,+12.1231250E-03,-47.1377827E-03,+91.6182465E-03
+6.8814687E-03,+9.1491160E-03,-47.1327709E-03,+91.6225900E-03
+6.8817625E-03,+6.2428426E-03,-47.4384883E-03,+91.6252630E-03
+6.8820562E-03,+4.9821442E-03,-47.4735706E-03,+91.6025430E-03
+6.8823500E-03,+6.2454153E-03,-47.3081825E-03,+91.6047148E-03
+6.8826437E-03,+9.5184460E-03,-47.0459004E-03,+91.6103947E-03
+6.8829375E-03,+13.4959565E-03,-47.1461356E-03,+91.6103947E-03
+6.8832312E-03,+14.8430978E-03,-47.2380179E-03,+91.6103947E-03
+6.8835250E-03,+12.7090766E-03,-47.1812179E-03,+91.6125665E-03
+6.8838187E-03,+9.8294859E-03,-47.2246532E-03,+91.6139030E-03
+6.8841125E-03,+6.0637457E-03,-47.4034060E-03,+91.6047148E-03
+6.8844062E-03,+3.3930952E-03,-47.5303706E-03,+91.6103947E-03
+6.8847000E-03,+4.6106090E-03,-47.4167707E-03,+91.6125665E-03
+6.8849937E-03,+8.7778013E-03,-47.3081825E-03,+91.6182465E-03
+6.8852875E-03,+11.8913978E-03,-47.0459004E-03,+91.6160747E-03
+6.8855812E-03,+13.4223772E-03,-47.1027003E-03,+91.6147383E-03
+6.8858750E-03,+12.4197210E-03,-47.1461356E-03,+91.6217547E-03
+6.8861687E-03,+9.8728543E-03,-47.2814531E-03,+91.6190818E-03
+6.8864625E-03,+6.8838869E-03,-47.2296650E-03,+91.6287712E-03
+6.8867562E-03,+4.6720231E-03,-47.0759709E-03,+91.5946912E-03
+6.8870500E-03,+5.0245938E-03,-47.3299002E-03,+91.5968630E-03
+6.8873437E-03,+8.2123577E-03,-47.0809827E-03,+91.6047148E-03
+6.8876375E-03,+11.7623951E-03,-47.0893356E-03,+91.6060512E-03
+6.8879312E-03,+14.0432809E-03,-47.2380179E-03,+91.6033783E-03
+6.8882250E-03,+13.6304354E-03,-47.1595003E-03,+91.6217547E-03
+6.8885187E-03,+11.7077068E-03,-47.1244180E-03,+91.6038795E-03
+6.8888125E-03,+7.8692325E-03,-47.1812179E-03,+91.5955265E-03
+6.8891062E-03,+5.4901429E-03,-47.1595003E-03,+91.6182465E-03
+6.8894000E-03,+5.7610854E-03,-47.1678532E-03,+91.6117312E-03
+6.8896937E-03,+8.8169064E-03,-47.3165355E-03,+91.5946912E-03
+6.8899875E-03,+11.1397272E-03,-47.2597355E-03,+91.5990348E-03
+6.8902812E-03,+13.3599340E-03,-47.1945826E-03,+91.6103947E-03
+6.8905750E-03,+13.7385257E-03,-46.9807475E-03,+91.6082230E-03
+6.8908687E-03,+11.2187460E-03,-46.9323005E-03,+91.5981995E-03
+6.8911625E-03,+8.0234110E-03,-47.1027003E-03,+91.5933548E-03
+6.8914562E-03,+4.9418630E-03,-47.1461356E-03,+91.6103947E-03
+6.8917500E-03,+5.1548461E-03,-47.1511474E-03,+91.6082230E-03
+6.8920437E-03,+7.8465192E-03,-47.0408886E-03,+91.6090583E-03
+6.8923375E-03,+11.5340492E-03,-47.4301354E-03,+91.6217547E-03
+6.8926312E-03,+14.2420406E-03,-47.2163003E-03,+91.6103947E-03
+6.8929250E-03,+14.2177837E-03,-47.1461356E-03,+91.6147383E-03
+6.8932187E-03,+10.4938683E-03,-47.2814531E-03,+91.6239265E-03
+6.8935125E-03,+6.5477815E-03,-47.2731002E-03,+91.6139030E-03
+6.8938062E-03,+4.3200037E-03,-47.1461356E-03,+91.6047148E-03
+6.8941000E-03,+3.9202790E-03,-47.2380179E-03,+91.6060512E-03
+6.8943937E-03,+6.4475931E-03,-47.2463708E-03,+91.6012065E-03
+6.8946875E-03,+10.6318020E-03,-47.3950531E-03,+91.6139030E-03
+6.8949812E-03,+13.2388699E-03,-47.2731002E-03,+91.6090583E-03
+6.8952750E-03,+13.4996686E-03,-47.1461356E-03,+91.6239265E-03
+6.8955687E-03,+10.6089784E-03,-47.3466060E-03,+91.6160747E-03
+6.8958625E-03,+7.7573934E-03,-47.4652177E-03,+91.6125665E-03
+6.8961562E-03,+6.0402238E-03,-47.2029356E-03,+91.6139030E-03
+6.8964500E-03,+4.8520021E-03,-47.2597355E-03,+91.6068865E-03
+6.8967437E-03,+7.0478784E-03,-47.2163003E-03,+91.6117312E-03
+6.8970375E-03,+10.9487591E-03,-47.1461356E-03,+91.6012065E-03
+6.8973312E-03,+14.0283959E-03,-47.2380179E-03,+91.6139030E-03
+6.8976250E-03,+15.0136681E-03,-47.2029356E-03,+91.6068865E-03
+6.8979187E-03,+13.1225837E-03,-47.3031708E-03,+91.6182465E-03
+6.8982125E-03,+9.2665783E-03,-47.3081825E-03,+91.6139030E-03
+6.8985062E-03,+6.0298962E-03,-47.0893356E-03,+91.6068865E-03
+6.8988000E-03,+5.0421617E-03,-47.3466060E-03,+91.6160747E-03
+6.8990937E-03,+6.7481216E-03,-47.4217825E-03,+91.6147383E-03
+6.8993875E-03,+9.5009883E-03,-47.0893356E-03,+91.6217547E-03
+6.8996812E-03,+13.1269572E-03,-47.1945826E-03,+91.6147383E-03
+6.8999750E-03,+15.0481423E-03,-47.1544885E-03,+91.6195830E-03
+6.9002687E-03,+13.4177831E-03,-47.4518530E-03,+91.6068865E-03
+6.9005625E-03,+10.7526088E-03,-47.2731002E-03,+91.6160747E-03
+6.9008562E-03,+6.2737518E-03,-47.1678532E-03,+91.6060512E-03
+6.9011500E-03,+4.6884884E-03,-47.2948178E-03,+91.5990348E-03
+6.9014437E-03,+5.3042099E-03,-47.2680884E-03,+91.6103947E-03
+6.9017375E-03,+8.0778420E-03,-47.4518530E-03,+91.6060512E-03
+6.9020312E-03,+11.8358274E-03,-47.3165355E-03,+91.5990348E-03
+6.9023250E-03,+14.1353837E-03,-47.2597355E-03,+91.6060512E-03
+6.9026187E-03,+12.6596072E-03,-47.2380179E-03,+91.6033783E-03
+6.9029125E-03,+9.9358121E-03,-47.1160650E-03,+91.6195830E-03
+6.9032062E-03,+6.7152278E-03,-47.0325357E-03,+91.6025430E-03
+6.9035000E-03,+4.7450144E-03,-47.1945826E-03,+91.6090583E-03
+6.9037937E-03,+4.5887410E-03,-47.0893356E-03,+91.6174112E-03
+6.9040875E-03,+6.9530926E-03,-47.2814531E-03,+91.5990348E-03
+6.9043812E-03,+10.4382244E-03,-47.2948178E-03,+91.6060512E-03
+6.9046750E-03,+13.3668435E-03,-47.1377827E-03,+91.6012065E-03
+6.9049687E-03,+13.9641519E-03,-47.1110533E-03,+91.6117312E-03
+6.9052625E-03,+11.4237170E-03,-47.2948178E-03,+91.5968630E-03
+6.9055562E-03,+8.0808191E-03,-47.1812179E-03,+91.6003712E-03
+6.9058500E-03,+5.3873083E-03,-47.1812179E-03,+91.5968630E-03
+6.9061437E-03,+5.1798748E-03,-47.1812179E-03,+91.5981995E-03
+6.9064375E-03,+7.9679876E-03,-47.2246532E-03,+91.5933548E-03
+6.9067312E-03,+11.7937453E-03,-47.2296650E-03,+91.6082230E-03
+6.9070250E-03,+12.6917292E-03,-46.9891004E-03,+91.6025430E-03
+6.9073187E-03,+12.8549490E-03,-47.1461356E-03,+91.6068865E-03
+6.9076125E-03,+10.1034789E-03,-47.1728650E-03,+91.6139030E-03
+6.9079062E-03,+7.5892856E-03,-46.9891004E-03,+91.6025430E-03
+6.9082000E-03,+5.2075865E-03,-47.1895709E-03,+91.6090583E-03
+6.9084937E-03,+5.6869915E-03,-47.3516178E-03,+91.6195830E-03
+6.9087875E-03,+8.5264848E-03,-47.1595003E-03,+91.6047148E-03
+6.9090812E-03,+11.9933136E-03,-47.0809827E-03,+91.6103947E-03
+6.9093750E-03,+14.5731109E-03,-47.1110533E-03,+91.6082230E-03
+6.9096687E-03,+14.6649564E-03,-47.2513826E-03,+91.6025430E-03
+6.9099625E-03,+12.0889080E-03,-47.0459004E-03,+91.6025430E-03
+6.9102562E-03,+8.6379197E-03,-47.1027003E-03,+91.6068865E-03
+6.9105500E-03,+5.5976820E-03,-47.1027003E-03,+91.6139030E-03
+6.9108437E-03,+4.2634409E-03,-47.1244180E-03,+91.6068865E-03
+6.9111375E-03,+7.1358649E-03,-47.1595003E-03,+91.6139030E-03
+6.9114312E-03,+11.4407703E-03,-47.1461356E-03,+91.6090583E-03
+6.9117250E-03,+13.9701426E-03,-47.2380179E-03,+91.6217547E-03
+6.9120187E-03,+14.0577983E-03,-47.2029356E-03,+91.6103947E-03
+6.9123125E-03,+11.4844696E-03,-47.2597355E-03,+91.6103947E-03
+6.9126062E-03,+8.3607292E-03,-47.3466060E-03,+91.6038795E-03
+6.9129000E-03,+4.8966569E-03,-47.5086530E-03,+91.5933548E-03
+6.9131937E-03,+3.1764000E-03,-47.2948178E-03,+91.6103947E-03
+6.9134875E-03,+4.8433652E-03,-47.1812179E-03,+91.6103947E-03
+6.9137812E-03,+9.2380580E-03,-47.1595003E-03,+91.6103947E-03
+6.9140750E-03,+12.6207961E-03,-47.2330061E-03,+91.6125665E-03
+6.9143687E-03,+13.7031327E-03,-47.4652177E-03,+91.6182465E-03
+6.9146625E-03,+12.0330803E-03,-47.2029356E-03,+91.6182465E-03
+6.9149562E-03,+9.0654296E-03,-47.3031708E-03,+91.6182465E-03
+6.9152500E-03,+5.6685048E-03,-47.3950531E-03,+91.6139030E-03
+6.9155437E-03,+4.9314252E-03,-47.2948178E-03,+91.6025430E-03
+6.9158375E-03,+6.9387957E-03,-47.2246532E-03,+91.5981995E-03
+6.9161312E-03,+10.9559994E-03,-47.3165355E-03,+91.5890112E-03
+6.9164250E-03,+13.6105888E-03,-47.1945826E-03,+91.6012065E-03
+6.9167187E-03,+14.5002666E-03,-47.0676180E-03,+91.6204183E-03
+6.9170125E-03,+13.5174202E-03,-47.1595003E-03,+91.6217547E-03
+6.9173062E-03,+9.8233849E-03,-47.0809827E-03,+91.6103947E-03
+6.9176000E-03,+6.5403942E-03,-47.0893356E-03,+91.6082230E-03
+6.9178937E-03,+4.8990826E-03,-47.2814531E-03,+91.6068865E-03
+6.9181875E-03,+6.1785985E-03,-47.2513826E-03,+91.6117312E-03
+6.9184812E-03,+8.6520328E-03,-47.0676180E-03,+91.5925195E-03
+6.9187750E-03,+12.5296121E-03,-47.0943474E-03,+91.5933548E-03
+6.9190687E-03,+13.8975556E-03,-46.9974534E-03,+91.6082230E-03
+6.9193625E-03,+12.3687814E-03,-47.2948178E-03,+91.6025430E-03
+6.9196562E-03,+9.1332020E-03,-47.1812179E-03,+91.6090583E-03
+6.9199500E-03,+6.6136428E-03,-47.2029356E-03,+91.6239265E-03
+6.9202437E-03,+5.0395890E-03,-47.2380179E-03,+91.6160747E-03
+6.9205375E-03,+6.0876718E-03,-47.2029356E-03,+91.6082230E-03
+6.9208312E-03,+8.5683464E-03,-47.2163003E-03,+91.6003712E-03
+6.9211250E-03,+12.2903139E-03,-47.1027003E-03,+91.6033783E-03
+6.9214187E-03,+13.6028340E-03,-47.1461356E-03,+91.6195830E-03
+6.9217125E-03,+12.9591067E-03,-47.2814531E-03,+91.6025430E-03
+6.9220062E-03,+10.1225169E-03,-47.2948178E-03,+91.6090583E-03
+6.9223000E-03,+6.2403802E-03,-47.2463708E-03,+91.6195830E-03
+6.9225937E-03,+4.5891453E-03,-47.2647473E-03,+91.6090583E-03
+6.9228875E-03,+5.4007231E-03,-46.9757357E-03,+91.6282700E-03
+6.9231812E-03,+7.7088060E-03,-47.2597355E-03,+91.6317783E-03
+6.9234750E-03,+11.8199869E-03,-47.3031708E-03,+91.6217547E-03
+6.9237687E-03,+13.4153574E-03,-47.3299002E-03,+91.6125665E-03
+6.9240625E-03,+12.8990524E-03,-47.0592651E-03,+91.6139030E-03
+6.9243562E-03,+11.0057629E-03,-46.9239475E-03,+91.6047148E-03
+6.9246500E-03,+8.4593005E-03,-46.9974534E-03,+91.6082230E-03
+6.9249437E-03,+6.3200237E-03,-47.2731002E-03,+91.6047148E-03
+6.9252375E-03,+6.7822283E-03,-47.1244180E-03,+91.6103947E-03
+6.9255312E-03,+9.2193508E-03,-47.2246532E-03,+91.6060512E-03
+6.9258250E-03,+11.4031721E-03,-47.2513826E-03,+91.5946912E-03
+6.9261187E-03,+12.9754985E-03,-47.1544885E-03,+91.5990348E-03
+6.9264125E-03,+12.9152605E-03,-47.4084178E-03,+91.6125665E-03
+6.9267062E-03,+10.7535644E-03,-47.1812179E-03,+91.6182465E-03
+6.9270000E-03,+7.8681299E-03,-47.2463708E-03,+91.6182465E-03
+6.9272937E-03,+5.7856731E-03,-47.3516178E-03,+91.6204183E-03
+6.9275875E-03,+5.3439766E-03,-47.1595003E-03,+91.6195830E-03
+6.9278812E-03,+6.8250455E-03,-47.0809827E-03,+91.6047148E-03
+6.9281750E-03,+10.5237852E-03,-47.1327709E-03,+91.6082230E-03
+6.9284687E-03,+13.0071427E-03,-47.3733354E-03,+91.6068865E-03
+6.9287625E-03,+14.4514587E-03,-47.2380179E-03,+91.6182465E-03
+6.9290562E-03,+13.0025854E-03,-47.1595003E-03,+91.6182465E-03
+6.9293500E-03,+8.9320165E-03,-47.1461356E-03,+91.6139030E-03
+6.9296437E-03,+6.5298461E-03,-47.2380179E-03,+91.6047148E-03
+6.9299375E-03,+5.8646551E-03,-47.2029356E-03,+91.6169100E-03
+6.9302312E-03,+6.8311097E-03,-47.2163003E-03,+91.6252630E-03
+6.9305250E-03,+9.5327428E-03,-47.1244180E-03,+91.6025430E-03
+6.9308187E-03,+12.6366366E-03,-47.2246532E-03,+91.6025430E-03
+6.9311125E-03,+13.8877058E-03,-47.3165355E-03,+91.6068865E-03
+6.9314062E-03,+12.2053045E-03,-47.2163003E-03,+91.6139030E-03
+6.9317000E-03,+8.0656769E-03,-47.1678532E-03,+91.6025430E-03
+6.9319937E-03,+4.9591001E-03,-47.3816884E-03,+91.6068865E-03
+6.9322875E-03,+4.3389682E-03,-47.4084178E-03,+91.6139030E-03
+6.9325812E-03,+5.3072237E-03,-47.1595003E-03,+91.5960277E-03
+6.9328750E-03,+9.0969636E-03,-47.1461356E-03,+91.5833312E-03
+6.9331687E-03,+11.9456084E-03,-47.2380179E-03,+91.5903477E-03
+6.9334625E-03,+13.3983408E-03,-47.1595003E-03,+91.5833312E-03
+6.9337562E-03,+12.5067519E-03,-47.1027003E-03,+91.5990348E-03
+6.9340500E-03,+9.9813857E-03,-47.1027003E-03,+91.6125665E-03
+6.9343437E-03,+7.2251010E-03,-47.1678532E-03,+91.6182465E-03
+6.9346375E-03,+6.0367323E-03,-47.3165355E-03,+91.6204183E-03
+6.9349312E-03,+6.5562347E-03,-47.2380179E-03,+91.6174112E-03
+6.9352250E-03,+9.4052837E-03,-47.1812179E-03,+91.6012065E-03
+6.9355187E-03,+12.9514621E-03,-47.2463708E-03,+91.6204183E-03
+6.9358125E-03,+14.7122574E-03,-47.2864649E-03,+91.6239265E-03
+6.9361062E-03,+12.9581144E-03,-47.0325357E-03,+91.6160747E-03
+6.9364000E-03,+9.8102641E-03,-47.2597355E-03,+91.6103947E-03
+6.9366937E-03,+6.3539099E-03,-47.2380179E-03,+91.6082230E-03
+6.9369875E-03,+4.3298535E-03,-47.2463708E-03,+91.6025430E-03
+6.9372812E-03,+5.0243733E-03,-47.3081825E-03,+91.6003712E-03
+6.9375750E-03,+7.9342484E-03,-47.0241828E-03,+91.5968630E-03
+6.9378687E-03,+11.9018724E-03,-46.9807475E-03,+91.6025430E-03
+6.9381625E-03,+13.3177049E-03,-46.8671476E-03,+91.6112300E-03
+6.9384562E-03,+12.6325571E-03,-46.9757357E-03,+91.6209194E-03
+6.9387500E-03,+10.1368138E-03,-47.3031708E-03,+91.5933548E-03
+6.9390437E-03,+7.2565982E-03,-47.3516178E-03,+91.6060512E-03
+6.9393375E-03,+4.8544278E-03,-47.1377827E-03,+91.5990348E-03
+6.9396312E-03,+5.7432235E-03,-46.9807475E-03,+91.6103947E-03
+6.9399250E-03,+8.9319062E-03,-46.9974534E-03,+91.6082230E-03
+6.9402187E-03,+12.3554033E-03,-47.3165355E-03,+91.6068865E-03
+6.9405125E-03,+14.3253227E-03,-47.2597355E-03,+91.6139030E-03
+6.9408062E-03,+13.6802724E-03,-47.2163003E-03,+91.5981995E-03
+6.9411000E-03,+10.3672545E-03,-47.1895709E-03,+91.5911830E-03
+6.9413937E-03,+7.6197905E-03,-47.3299002E-03,+91.6003712E-03
+6.9416875E-03,+5.3841843E-03,-47.1678532E-03,+91.6055500E-03
+6.9419812E-03,+6.2544933E-03,-47.2948178E-03,+91.6317783E-03
+6.9422750E-03,+8.5616206E-03,-47.1812179E-03,+91.6195830E-03
+6.9425687E-03,+11.2644666E-03,-47.2680884E-03,+91.6003712E-03
+6.9428625E-03,+13.2902504E-03,-47.4735706E-03,+91.5990348E-03
+6.9431562E-03,+13.7013318E-03,-47.3299002E-03,+91.6060512E-03
+6.9434500E-03,+11.4805370E-03,-47.1244180E-03,+91.5990348E-03
+6.9437437E-03,+7.7885599E-03,-47.2029356E-03,+91.6082230E-03
+6.9440375E-03,+5.9220632E-03,-47.3031708E-03,+91.6025430E-03
+6.9443312E-03,+5.5870604E-03,-47.3950531E-03,+91.6025430E-03
+6.9446250E-03,+7.2075330E-03,-47.2731002E-03,+91.5981995E-03
+6.9449187E-03,+10.2636480E-03,-47.1027003E-03,+91.5933548E-03
+6.9452125E-03,+13.2812827E-03,-47.1461356E-03,+91.6082230E-03
+6.9455062E-03,+14.0985573E-03,-47.2814531E-03,+91.6047148E-03
+6.9458000E-03,+11.5528300E-03,-47.2948178E-03,+91.6082230E-03
+6.9460937E-03,+8.5493452E-03,-47.1812179E-03,+91.6068865E-03
+6.9463875E-03,+6.9463301E-03,-47.1595003E-03,+91.6073877E-03
+6.9466812E-03,+6.3406053E-03,-47.0809827E-03,+91.5855030E-03
+6.9469750E-03,+7.6301180E-03,-47.0241828E-03,+91.6047148E-03
+6.9472687E-03,+10.3640570E-03,-47.0459004E-03,+91.6082230E-03
+6.9475625E-03,+12.0643203E-03,-47.1461356E-03,+91.6068865E-03
+6.9478562E-03,+12.4675365E-03,-47.1728650E-03,+91.6139030E-03
+6.9481500E-03,+11.1025701E-03,-47.0325357E-03,+91.6090583E-03
+6.9484437E-03,+9.2578311E-03,-47.2814531E-03,+91.6195830E-03
+6.9487375E-03,+6.1047252E-03,-47.3382531E-03,+91.6047148E-03
+6.9490312E-03,+4.8724367E-03,-47.2948178E-03,+91.6103947E-03
+6.9493250E-03,+7.2421175E-03,-47.2029356E-03,+91.6082230E-03
+6.9496187E-03,+9.3297933E-03,-47.2380179E-03,+91.6025430E-03
+6.9499125E-03,+11.8267862E-03,-47.1160650E-03,+91.6047148E-03
+6.9502062E-03,+12.1329747E-03,-46.9456652E-03,+91.6082230E-03
+6.9505000E-03,+11.3206986E-03,-47.0325357E-03,+91.6068865E-03
+6.9507937E-03,+9.8254063E-03,-47.1945826E-03,+91.6139030E-03
+6.9510875E-03,+7.3190047E-03,-47.1544885E-03,+91.6047148E-03
+6.9513812E-03,+5.8409127E-03,-47.4518530E-03,+91.6103947E-03
+6.9516750E-03,+6.1457414E-03,-47.2948178E-03,+91.6082230E-03
+6.9519687E-03,+7.8434320E-03,-47.1812179E-03,+91.6090583E-03
+6.9522625E-03,+10.3318247E-03,-47.1812179E-03,+91.6195830E-03
+6.9525562E-03,+12.3430176E-03,-47.2246532E-03,+91.6047148E-03
+6.9528500E-03,+12.5038116E-03,-47.3382531E-03,+91.6125665E-03
+6.9531437E-03,+10.8784508E-03,-47.3165355E-03,+91.6160747E-03
+6.9534375E-03,+8.6919097E-03,-47.2814531E-03,+91.6125665E-03
+6.9537312E-03,+6.9878977E-03,-47.2513826E-03,+91.6225900E-03
+6.9540250E-03,+6.8457741E-03,-47.0241828E-03,+91.6230912E-03
+6.9543187E-03,+8.5969034E-03,-47.0459004E-03,+91.5990348E-03
+6.9546125E-03,+11.5542633E-03,-47.1244180E-03,+91.6103947E-03
+6.9549062E-03,+13.7729632E-03,-47.1812179E-03,+91.6147383E-03
+6.9552000E-03,+13.9218125E-03,-47.2029356E-03,+91.6174112E-03
+6.9554937E-03,+12.0740231E-03,-47.2163003E-03,+91.6055500E-03
+6.9557875E-03,+9.1088348E-03,-47.1678532E-03,+91.6252630E-03
+6.9560812E-03,+7.0251651E-03,-47.3382531E-03,+91.6068865E-03
+6.9563750E-03,+6.2489803E-03,-47.3165355E-03,+91.6160747E-03
+6.9566687E-03,+7.9415990E-03,-47.1945826E-03,+91.6060512E-03
+6.9569625E-03,+10.9872394E-03,-47.1979238E-03,+91.5946912E-03
+6.9572562E-03,+13.3402344E-03,-47.5654529E-03,+91.5990348E-03
+6.9575500E-03,+13.5204339E-03,-47.2948178E-03,+91.6103947E-03
+6.9578437E-03,+11.9920641E-03,-47.1812179E-03,+91.6125665E-03
+6.9581375E-03,+9.1027706E-03,-47.1812179E-03,+91.6139030E-03
+6.9584312E-03,+6.2910992E-03,-47.1160650E-03,+91.6025430E-03
+6.9587250E-03,+5.2522781E-03,-47.1194062E-03,+91.6112300E-03
+6.9590187E-03,+7.3092284E-03,-47.4000648E-03,+91.6252630E-03
+6.9593125E-03,+10.2943735E-03,-46.9891004E-03,+91.6068865E-03
+6.9596062E-03,+12.5775379E-03,-47.0809827E-03,+91.6139030E-03
+6.9599000E-03,+13.1161151E-03,-47.1544885E-03,+91.6003712E-03
+6.9601937E-03,+11.3873684E-03,-47.3867001E-03,+91.5946912E-03
+6.9604875E-03,+8.6118986E-03,-47.1244180E-03,+91.5990348E-03
+6.9607812E-03,+5.9830730E-03,-47.1812179E-03,+91.6125665E-03
+6.9610750E-03,+4.7174864E-03,-47.1160650E-03,+91.6139030E-03
+6.9613687E-03,+5.7353951E-03,-46.9456652E-03,+91.6025430E-03
+6.9616625E-03,+8.7968025E-03,-47.0108181E-03,+91.6068865E-03
+6.9619562E-03,+11.7700397E-03,-47.1377827E-03,+91.6160747E-03
+6.9622500E-03,+13.3393156E-03,-47.0241828E-03,+91.6103947E-03
+6.9625437E-03,+12.1587385E-03,-47.0024651E-03,+91.6125665E-03
+6.9628375E-03,+9.2982226E-03,-46.9673828E-03,+91.6160747E-03
+6.9631312E-03,+6.0508086E-03,-47.0893356E-03,+91.6125665E-03
+6.9634250E-03,+4.8629545E-03,-47.2597355E-03,+91.6160747E-03
+6.9637187E-03,+5.4834906E-03,-47.2380179E-03,+91.6125665E-03
+6.9640125E-03,+8.6110900E-03,-47.1595003E-03,+91.6182465E-03
+6.9643062E-03,+12.5529502E-03,-47.1244180E-03,+91.6139030E-03
+6.9646000E-03,+14.3399871E-03,-47.2246532E-03,+91.6025430E-03
+6.9648937E-03,+13.4498684E-03,-47.3599707E-03,+91.6047148E-03
+6.9651875E-03,+10.2875375E-03,-47.3950531E-03,+91.6125665E-03
+6.9654812E-03,+7.1328144E-03,-47.3382531E-03,+91.6139030E-03
+6.9657750E-03,+5.7804909E-03,-47.2948178E-03,+91.6047148E-03
+6.9660687E-03,+6.9709913E-03,-47.1377827E-03,+91.6082230E-03
+6.9663625E-03,+8.9192265E-03,-47.1110533E-03,+91.6068865E-03
+6.9666562E-03,+12.1586650E-03,-47.2948178E-03,+91.6139030E-03
+6.9669500E-03,+13.4395775E-03,-47.1812179E-03,+91.6068865E-03
+6.9672437E-03,+12.2192706E-03,-47.2029356E-03,+91.6095595E-03
+6.9675375E-03,+9.6066162E-03,-47.2814531E-03,+91.5933548E-03
+6.9678312E-03,+6.9127380E-03,-47.2948178E-03,+91.6147383E-03
+6.9681250E-03,+5.5840834E-03,-47.1160650E-03,+91.6195830E-03
+6.9684187E-03,+6.0959779E-03,-47.0976886E-03,+91.6003712E-03
+6.9687125E-03,+8.3757979E-03,-47.3867001E-03,+91.6012065E-03
+6.9690062E-03,+11.1560088E-03,-47.1027003E-03,+91.6182465E-03
+6.9693000E-03,+13.1705830E-03,-47.0375475E-03,+91.6160747E-03
+6.9695937E-03,+12.4848839E-03,-46.9540181E-03,+91.6147383E-03
+6.9698875E-03,+10.2922786E-03,-47.2463708E-03,+91.6239265E-03
+6.9701812E-03,+8.4402258E-03,-47.3299002E-03,+91.6182465E-03
+6.9704750E-03,+6.4266072E-03,-47.2547238E-03,+91.6182465E-03
+6.9707687E-03,+6.5116534E-03,-47.5220177E-03,+91.6182465E-03
+6.9710625E-03,+8.3205583E-03,-47.1595003E-03,+91.6182465E-03
+6.9713562E-03,+10.8064518E-03,-47.1027003E-03,+91.6139030E-03
+6.9716500E-03,+12.2856831E-03,-47.1461356E-03,+91.6134018E-03
+6.9719437E-03,+12.1127974E-03,-47.2163003E-03,+91.6374583E-03
+6.9722375E-03,+10.8917553E-03,-47.1244180E-03,+91.6260983E-03
+6.9725312E-03,+8.4389027E-03,-47.2029356E-03,+91.6239265E-03
+6.9728250E-03,+6.0200832E-03,-47.2380179E-03,+91.6117312E-03
+6.9731187E-03,+5.2870831E-03,-47.1160650E-03,+91.5990348E-03
+6.9734125E-03,+7.4635906E-03,-47.0542533E-03,+91.6169100E-03
+6.9737062E-03,+10.8490484E-03,-47.2513826E-03,+91.6252630E-03
+6.9740000E-03,+13.4719201E-03,-47.0241828E-03,+91.6047148E-03
+6.9742937E-03,+13.9843292E-03,-47.0893356E-03,+91.6125665E-03
+6.9745875E-03,+12.1685516E-03,-47.3248884E-03,+91.6225900E-03
+6.9748812E-03,+9.1099006E-03,-47.3867001E-03,+91.6317783E-03
+6.9751750E-03,+6.6694337E-03,-47.2112885E-03,+91.6195830E-03
+6.9754687E-03,+5.8063282E-03,-47.4084178E-03,+91.6047148E-03
+6.9757625E-03,+7.6234290E-03,-47.2029356E-03,+91.6147383E-03
+6.9760562E-03,+9.3969408E-03,-47.1728650E-03,+91.6217547E-03
+6.9763500E-03,+11.7636079E-03,-47.0976886E-03,+91.6125665E-03
+6.9766437E-03,+12.9067706E-03,-47.3432649E-03,+91.6139030E-03
+6.9769375E-03,+11.7505974E-03,-47.0759709E-03,+91.6068865E-03
+6.9772312E-03,+9.3378422E-03,-47.4602059E-03,+91.6182465E-03
+6.9775250E-03,+6.6940581E-03,-47.5086530E-03,+91.6139030E-03
+6.9778187E-03,+5.5188470E-03,-47.3382531E-03,+91.6003712E-03
+6.9781125E-03,+6.7397052E-03,-47.2731002E-03,+91.6055500E-03
+6.9784062E-03,+8.9272386E-03,-47.1678532E-03,+91.6274347E-03
+6.9787000E-03,+11.8860319E-03,-47.3165355E-03,+91.6082230E-03
+6.9789937E-03,+14.0355628E-03,-47.1945826E-03,+91.5981995E-03
+6.9792875E-03,+12.9685890E-03,-47.0241828E-03,+91.5976983E-03
+6.9795812E-03,+10.4698687E-03,-47.0676180E-03,+91.6239265E-03
+6.9798750E-03,+6.8837032E-03,-47.2680884E-03,+91.6117312E-03
+6.9801687E-03,+5.7982426E-03,-47.4301354E-03,+91.5925195E-03
+6.9804625E-03,+6.7312521E-03,-47.2814531E-03,+91.5933548E-03
+6.9807562E-03,+8.6042908E-03,-47.2731002E-03,+91.6060512E-03
+6.9810500E-03,+11.0571434E-03,-47.2112885E-03,+91.5968630E-03
+6.9813437E-03,+12.8470103E-03,-47.4952883E-03,+91.5981995E-03
+6.9816375E-03,+12.4541952E-03,-47.4084178E-03,+91.5976983E-03
+6.9819312E-03,+9.2450411E-03,-47.2246532E-03,+91.6217547E-03
+6.9822250E-03,+5.7729566E-03,-47.3165355E-03,+91.6190818E-03
+6.9825187E-03,+3.6598479E-03,-47.1945826E-03,+91.6309430E-03
+6.9828125E-03,+4.3336390E-03,-47.0676180E-03,+91.6025430E-03
+6.9831062E-03,+7.5205208E-03,-47.1595003E-03,+91.6090583E-03
+6.9834000E-03,+11.4552510E-03,-47.1027003E-03,+91.6239265E-03
+6.9836937E-03,+14.4340746E-03,-47.1895709E-03,+91.6117312E-03
+6.9839875E-03,+14.9764006E-03,-47.3733354E-03,+91.5968630E-03
+6.9842812E-03,+12.0398796E-03,-47.2597355E-03,+91.6025430E-03
+6.9845750E-03,+8.0581057E-03,-47.1945826E-03,+91.6112300E-03
+6.9848687E-03,+6.2816537E-03,-47.0893356E-03,+91.6317783E-03
+6.9851625E-03,+5.5537622E-03,-47.2814531E-03,+91.6174112E-03
+6.9854562E-03,+7.5652124E-03,-47.3599707E-03,+91.5990348E-03
+6.9857500E-03,+11.5365484E-03,-47.3733354E-03,+91.6103947E-03
+6.9860437E-03,+14.4009970E-03,-47.2380179E-03,+91.6082230E-03
+6.9863375E-03,+14.6018517E-03,-47.2463708E-03,+91.6003712E-03
+6.9866312E-03,+12.0584766E-03,-47.3516178E-03,+91.5968630E-03
+6.9869250E-03,+8.1754211E-03,-47.2463708E-03,+91.6025430E-03
+6.9872187E-03,+5.2850249E-03,-47.3950531E-03,+91.5981995E-03
+6.9875125E-03,+3.9525848E-03,-47.2948178E-03,+91.5846677E-03
+6.9878062E-03,+6.1065995E-03,-47.2246532E-03,+91.5855030E-03
+6.9881000E-03,+10.1540508E-03,-47.2731002E-03,+91.6025430E-03
+6.9883937E-03,+13.9753615E-03,-47.0809827E-03,+91.6068865E-03
+6.9886875E-03,+14.5003401E-03,-47.0893356E-03,+91.6139030E-03
+6.9889812E-03,+11.7555223E-03,-47.2597355E-03,+91.6047148E-03
+6.9892750E-03,+8.4286854E-03,-47.2380179E-03,+91.6125665E-03
+6.9895687E-03,+5.8641406E-03,-47.2246532E-03,+91.6160747E-03
+6.9898625E-03,+5.2906114E-03,-47.1862297E-03,+91.6082230E-03
+6.9901562E-03,+6.8397099E-03,-46.8320653E-03,+91.6025430E-03
+6.9904500E-03,+10.9648936E-03,-46.9673828E-03,+91.6003712E-03
+6.9907437E-03,+14.3965499E-03,-47.0676180E-03,+91.5968630E-03
+6.9910375E-03,+15.0538390E-03,-47.2246532E-03,+91.5981995E-03
+6.9913312E-03,+12.9369447E-03,-47.3599707E-03,+91.5955265E-03
+6.9916250E-03,+9.6850470E-03,-47.3081825E-03,+91.6182465E-03
+6.9919187E-03,+5.8770041E-03,-47.0893356E-03,+91.6117312E-03
+6.9922125E-03,+4.0237017E-03,-47.3466060E-03,+91.5946912E-03
+6.9925062E-03,+5.3219983E-03,-47.4435001E-03,+91.5968630E-03
+6.9928000E-03,+8.7988607E-03,-47.1678532E-03,+91.6003712E-03
+6.9930937E-03,+12.5861381E-03,-47.2731002E-03,+91.5946912E-03
+6.9933875E-03,+13.7489636E-03,-47.0375475E-03,+91.5968630E-03
+6.9936812E-03,+12.2493345E-03,-47.0408886E-03,+91.6025430E-03
+6.9939750E-03,+8.6807001E-03,-47.3649825E-03,+91.6025430E-03
+6.9942687E-03,+5.8541438E-03,-47.0459004E-03,+91.6068865E-03
+6.9945625E-03,+4.8002540E-03,-47.1895709E-03,+91.6160747E-03
+6.9948562E-03,+6.0604011E-03,-47.3733354E-03,+91.6103947E-03
+6.9951500E-03,+9.3117476E-03,-47.1945826E-03,+91.6147383E-03
+6.9954437E-03,+13.1230614E-03,-47.0459004E-03,+91.6195830E-03
+6.9957375E-03,+13.9615057E-03,-47.1461356E-03,+91.6003712E-03
+6.9960312E-03,+12.5972375E-03,-47.2814531E-03,+91.6055500E-03
+6.9963250E-03,+10.2484691E-03,-47.2948178E-03,+91.6230912E-03
+6.9966187E-03,+6.2927163E-03,-47.2680884E-03,+91.5968630E-03
+6.9969125E-03,+3.1622869E-03,-47.4735706E-03,+91.6047148E-03
+6.9972062E-03,+3.9361562E-03,-47.3516178E-03,+91.6082230E-03
+6.9975000E-03,+7.8796336E-03,-47.1812179E-03,+91.6068865E-03
+6.9977937E-03,+11.6478730E-03,-47.2029356E-03,+91.6160747E-03
+6.9980875E-03,+13.9081037E-03,-47.1945826E-03,+91.6103947E-03
+6.9983812E-03,+13.8409929E-03,-47.0893356E-03,+91.6147383E-03
+6.9986750E-03,+11.3678894E-03,-47.3466060E-03,+91.6195830E-03
+6.9989687E-03,+7.1094763E-03,-47.4652177E-03,+91.6025430E-03
+6.9992625E-03,+4.5600002E-03,-47.2246532E-03,+91.6068865E-03
+6.9995562E-03,+5.2008975E-03,-47.2948178E-03,+91.6160747E-03
+6.9998500E-03,+9.5478483E-03,-47.2029356E-03,+91.6125665E-03
+7.0001437E-03,+12.9313215E-03,-47.1945826E-03,+91.6160747E-03
+7.0004375E-03,+14.9847803E-03,-47.0024651E-03,+91.6082230E-03
+7.0007312E-03,+14.7392708E-03,-47.0325357E-03,+91.6025430E-03
+7.0010250E-03,+12.2667553E-03,-47.2163003E-03,+91.6112300E-03
+7.0013187E-03,+8.3696970E-03,-47.1678532E-03,+91.6317783E-03
+7.0016125E-03,+4.9770723E-03,-47.3382531E-03,+91.6217547E-03
+7.0019062E-03,+4.8113901E-03,-47.3382531E-03,+91.6038795E-03
+7.0022000E-03,+7.3833590E-03,-47.3599707E-03,+91.5955265E-03
+7.0024937E-03,+11.0437654E-03,-47.3950531E-03,+91.6139030E-03
+7.0027875E-03,+12.7523716E-03,-47.3599707E-03,+91.6003712E-03
+7.0030812E-03,+12.8993097E-03,-47.3516178E-03,+91.6012065E-03
+7.0033750E-03,+10.6764935E-03,-47.2029356E-03,+91.6117312E-03
+7.0036687E-03,+7.3727742E-03,-47.2380179E-03,+91.5990348E-03
+7.0039625E-03,+5.1087947E-03,-47.2029356E-03,+91.6103947E-03
+7.0042562E-03,+4.7479546E-03,-47.2380179E-03,+91.6038795E-03
+7.0045500E-03,+6.4363834E-03,-47.1812179E-03,+91.5890112E-03
+7.0048437E-03,+10.3629544E-03,-47.2246532E-03,+91.5990348E-03
+7.0051375E-03,+12.9959331E-03,-47.3382531E-03,+91.6125665E-03
+7.0054312E-03,+13.8964898E-03,-47.3382531E-03,+91.6139030E-03
+7.0057250E-03,+11.9664840E-03,-47.3599707E-03,+91.6047148E-03
+7.0060187E-03,+7.8682402E-03,-47.4167707E-03,+91.6060512E-03
+7.0063125E-03,+5.5057997E-03,-47.3516178E-03,+91.6012065E-03
+7.0066062E-03,+5.0952696E-03,-47.2680884E-03,+91.6160747E-03
+7.0069000E-03,+6.6276823E-03,-47.4735706E-03,+91.6125665E-03
+7.0071937E-03,+10.3164987E-03,-47.4384883E-03,+91.6139030E-03
+7.0074875E-03,+14.2272660E-03,-47.4952883E-03,+91.6025430E-03
+7.0077812E-03,+14.3107686E-03,-47.4518530E-03,+91.6068865E-03
+7.0080750E-03,+12.5503041E-03,-47.2948178E-03,+91.6117312E-03
+7.0083687E-03,+8.7065006E-03,-47.2246532E-03,+91.5925195E-03
+7.0086625E-03,+5.7631803E-03,-47.2948178E-03,+91.5911830E-03
+7.0089562E-03,+5.0308050E-03,-47.2463708E-03,+91.6047148E-03
+7.0092500E-03,+6.5243699E-03,-47.3516178E-03,+91.6060512E-03
+7.0095437E-03,+9.5504578E-03,-47.2029356E-03,+91.5925195E-03
+7.0098375E-03,+12.1052263E-03,-47.2597355E-03,+91.5846677E-03
+7.0101312E-03,+13.8195292E-03,-47.2163003E-03,+91.5898465E-03
+7.0104250E-03,+12.1975496E-03,-47.1244180E-03,+91.6182465E-03
+7.0107187E-03,+8.6221527E-03,-47.1595003E-03,+91.6139030E-03
+7.0110125E-03,+5.8274244E-03,-47.1895709E-03,+91.6025430E-03
+7.0113062E-03,+4.8919525E-03,-47.3950531E-03,+91.6025430E-03
+7.0116000E-03,+5.8240799E-03,-47.3382531E-03,+91.6090583E-03
+7.0118937E-03,+9.8078016E-03,-47.2948178E-03,+91.6195830E-03
+7.0121875E-03,+13.1431285E-03,-47.1812179E-03,+91.6068865E-03
+7.0124812E-03,+14.0990718E-03,-47.2029356E-03,+91.6182465E-03
+7.0127750E-03,+12.6848197E-03,-47.1945826E-03,+91.6160747E-03
+7.0130687E-03,+9.2900634E-03,-47.0893356E-03,+91.6125665E-03
+7.0133625E-03,+5.8533720E-03,-47.2163003E-03,+91.6160747E-03
+7.0136562E-03,+4.7632438E-03,-47.0809827E-03,+91.6103947E-03
+7.0139500E-03,+5.9094202E-03,-47.0676180E-03,+91.6082230E-03
+7.0142437E-03,+9.6216114E-03,-47.2898061E-03,+91.6068865E-03
+7.0145375E-03,+13.5981296E-03,-47.4869353E-03,+91.6182465E-03
+7.0148312E-03,+14.0811731E-03,-47.3248884E-03,+91.6139030E-03
+7.0151250E-03,+12.1020655E-03,-47.4301354E-03,+91.6047148E-03
+7.0154187E-03,+8.9897921E-03,-47.2163003E-03,+91.6125665E-03
+7.0157125E-03,+4.9614523E-03,-47.1244180E-03,+91.6139030E-03
+7.0160062E-03,+3.6717558E-03,-47.2246532E-03,+91.6003712E-03
+7.0163000E-03,+5.7589170E-03,-47.2948178E-03,+91.5968630E-03
+7.0165937E-03,+9.7849046E-03,-47.2029356E-03,+91.6090583E-03
+7.0168875E-03,+13.1051995E-03,-47.2380179E-03,+91.6239265E-03
+7.0171812E-03,+14.4338908E-03,-47.2246532E-03,+91.6095595E-03
+7.0174750E-03,+13.0890283E-03,-47.3165355E-03,+91.5911830E-03
+7.0177687E-03,+10.4046323E-03,-47.2380179E-03,+91.6090583E-03
+7.0180625E-03,+6.1765404E-03,-47.2246532E-03,+91.6174112E-03
+7.0183562E-03,+4.6225904E-03,-47.2948178E-03,+91.5968630E-03
+7.0186500E-03,+5.9187921E-03,-47.1812179E-03,+91.6068865E-03
+7.0189437E-03,+9.5142561E-03,-47.2029356E-03,+91.6160747E-03
+7.0192375E-03,+13.1198272E-03,-47.2163003E-03,+91.6125665E-03
+7.0195312E-03,+15.0550886E-03,-47.1895709E-03,+91.6117312E-03
+7.0198250E-03,+14.3629577E-03,-47.3516178E-03,+91.5968630E-03
+7.0201187E-03,+10.1529483E-03,-47.2898061E-03,+91.6047148E-03
+7.0204125E-03,+6.3728009E-03,-47.5086530E-03,+91.6038795E-03
+7.0207062E-03,+3.6735567E-03,-47.2731002E-03,+91.5911830E-03
+7.0210000E-03,+4.0816978E-03,-47.1027003E-03,+91.6047148E-03
+7.0212937E-03,+7.8210862E-03,-47.1027003E-03,+91.6125665E-03
+7.0215875E-03,+11.3422358E-03,-47.0592651E-03,+91.6139030E-03
+7.0218812E-03,+13.8635959E-03,-47.0108181E-03,+91.6112300E-03
+7.0221750E-03,+13.8683003E-03,-47.1160650E-03,+91.6274347E-03
+7.0224687E-03,+10.5070259E-03,-47.0108181E-03,+91.6125665E-03
+7.0227625E-03,+6.1233957E-03,-47.1812179E-03,+91.6139030E-03
+7.0230562E-03,+3.5502139E-03,-47.2029356E-03,+91.6090583E-03
+7.0233500E-03,+4.3165856E-03,-47.1945826E-03,+91.6217547E-03
+7.0236437E-03,+8.4475396E-03,-47.0676180E-03,+91.6125665E-03
+7.0239375E-03,+12.0249946E-03,-47.2246532E-03,+91.6117312E-03
+7.0242312E-03,+14.5254056E-03,-47.3382531E-03,+91.5990348E-03
+7.0245250E-03,+13.5807087E-03,-47.2513826E-03,+91.6060512E-03
+7.0248187E-03,+10.9402325E-03,-47.0893356E-03,+91.5990348E-03
+7.0251125E-03,+7.0366688E-03,-47.2380179E-03,+91.6060512E-03
+7.0254062E-03,+4.6754411E-03,-47.2029356E-03,+91.5990348E-03
+7.0257000E-03,+3.6135759E-03,-47.2380179E-03,+91.6103947E-03
+7.0259937E-03,+6.3188476E-03,-47.2246532E-03,+91.6060512E-03
+7.0262875E-03,+10.4155478E-03,-47.2296650E-03,+91.6033783E-03
+7.0265812E-03,+13.2456324E-03,-47.0325357E-03,+91.6217547E-03
+7.0268750E-03,+14.0669498E-03,-47.2597355E-03,+91.6082230E-03
+7.0271687E-03,+11.9740551E-03,-47.2380179E-03,+91.6090583E-03
+7.0274625E-03,+8.2228691E-03,-47.2029356E-03,+91.6217547E-03
+7.0277562E-03,+5.3817586E-03,-47.2380179E-03,+91.6103947E-03
+7.0280500E-03,+5.0405078E-03,-47.1812179E-03,+91.6147383E-03
+7.0283437E-03,+6.6055938E-03,-47.1595003E-03,+91.6217547E-03
+7.0286375E-03,+9.7029823E-03,-47.0809827E-03,+91.6125665E-03
+7.0289312E-03,+12.9808277E-03,-47.0459004E-03,+91.6160747E-03
+7.0292250E-03,+14.6984751E-03,-47.0809827E-03,+91.6125665E-03
+7.0295187E-03,+13.9172184E-03,-47.0241828E-03,+91.6160747E-03
+7.0298125E-03,+10.0406681E-03,-47.0459004E-03,+91.6082230E-03
+7.0301062E-03,+6.8384603E-03,-47.0375475E-03,+91.6047148E-03
+7.0304000E-03,+5.0571201E-03,-46.9540181E-03,+91.6082230E-03
+7.0306937E-03,+5.7928399E-03,-47.1812179E-03,+91.6025430E-03
+7.0309875E-03,+9.1048287E-03,-47.1812179E-03,+91.6090583E-03
+7.0312812E-03,+12.1412441E-03,-47.2246532E-03,+91.6174112E-03
+7.0315750E-03,+13.9177697E-03,-47.1862297E-03,+91.5990348E-03
+7.0318687E-03,+13.1477594E-03,-46.8972181E-03,+91.6082230E-03
+7.0321625E-03,+8.7861810E-03,-47.1595003E-03,+91.6025430E-03
+7.0324562E-03,+5.7809320E-03,-47.1027003E-03,+91.6068865E-03
+7.0327500E-03,+4.8535090E-03,-47.0375475E-03,+91.6182465E-03
+7.0330437E-03,+5.8833623E-03,-46.9323005E-03,+91.6160747E-03
+7.0333375E-03,+8.7194376E-03,-47.0592651E-03,+91.6103947E-03
+7.0336312E-03,+12.3973752E-03,-46.9456652E-03,+91.6125665E-03
+7.0339250E-03,+13.9085447E-03,-47.0108181E-03,+91.6052159E-03
+7.0342187E-03,+13.0461376E-03,-47.0943474E-03,+91.5798230E-03
+7.0345125E-03,+10.1160484E-03,-46.9540181E-03,+91.6025430E-03
+7.0348062E-03,+6.3445012E-03,-47.2029356E-03,+91.6090583E-03
+7.0351000E-03,+4.5465486E-03,-47.2597355E-03,+91.6217547E-03
+7.0353937E-03,+5.7604239E-03,-47.2814531E-03,+91.6038795E-03
+7.0356875E-03,+8.2195980E-03,-47.2513826E-03,+91.5911830E-03
+7.0359812E-03,+11.8632818E-03,-47.0241828E-03,+91.6047148E-03
+7.0362750E-03,+14.2477373E-03,-46.9590299E-03,+91.6103947E-03
+7.0365687E-03,+13.3147647E-03,-46.8755005E-03,+91.6103947E-03
+7.0368625E-03,+10.5019172E-03,-47.0158298E-03,+91.6103947E-03
+7.0371562E-03,+6.7360300E-03,-46.9406534E-03,+91.6103947E-03
+7.0374500E-03,+4.1933532E-03,-47.3382531E-03,+91.6103947E-03
+7.0377437E-03,+5.0241895E-03,-47.3165355E-03,+91.6038795E-03
+7.0380375E-03,+8.2706846E-03,-47.2380179E-03,+91.5911830E-03
+7.0383312E-03,+11.4636306E-03,-47.1377827E-03,+91.6090583E-03
+7.0386250E-03,+14.1338401E-03,-46.9155946E-03,+91.6239265E-03
+7.0389187E-03,+14.1679100E-03,-46.6533124E-03,+91.6182465E-03
+7.0392125E-03,+10.8522460E-03,-46.8187006E-03,+91.6139030E-03
+7.0395062E-03,+8.1598746E-03,-47.1027003E-03,+91.6003712E-03
+7.0398000E-03,+5.8856410E-03,-47.1895709E-03,+91.5968630E-03
+7.0400937E-03,+5.5180384E-03,-47.2864649E-03,+91.6047148E-03
+7.0403875E-03,+7.9650841E-03,-46.9673828E-03,+91.6082230E-03
+7.0406812E-03,+11.6019319E-03,-47.0893356E-03,+91.6047148E-03
+7.0409750E-03,+13.9622775E-03,-47.2380179E-03,+91.6147383E-03
+7.0412687E-03,+13.3619554E-03,-47.1595003E-03,+91.6260983E-03
+7.0415625E-03,+11.4805003E-03,-47.0592651E-03,+91.6195830E-03
+7.0418562E-03,+8.3619788E-03,-46.9022299E-03,+91.5981995E-03
+7.0421500E-03,+5.9075825E-03,-46.9406534E-03,+91.5933548E-03
+7.0424437E-03,+4.5678286E-03,-47.2513826E-03,+91.6103947E-03
+7.0427375E-03,+6.1250495E-03,-47.0676180E-03,+91.6103947E-03
+7.0430312E-03,+9.9616126E-03,-47.0509121E-03,+91.6082230E-03
+7.0433250E-03,+12.9179802E-03,-46.8187006E-03,+91.6025430E-03
+7.0436187E-03,+12.5570666E-03,-47.1027003E-03,+91.5981995E-03
+7.0439125E-03,+10.0166317E-03,-47.0809827E-03,+91.5868395E-03
+7.0442062E-03,+6.9859865E-03,-47.1110533E-03,+91.5933548E-03
+7.0445000E-03,+4.5217404E-03,-47.4034060E-03,+91.6103947E-03
+7.0447937E-03,+4.2030559E-03,-47.4435001E-03,+91.6103947E-03
+7.0450875E-03,+5.8012563E-03,-47.0592651E-03,+91.6147383E-03
+7.0453812E-03,+9.8997942E-03,-46.9239475E-03,+91.6260983E-03
+7.0456750E-03,+13.8704319E-03,-46.9757357E-03,+91.6239265E-03
+7.0459687E-03,+14.1915421E-03,-47.3466060E-03,+91.6139030E-03
+7.0462625E-03,+12.2044959E-03,-47.4435001E-03,+91.6025430E-03
+7.0465562E-03,+9.2097215E-03,-47.1244180E-03,+91.6003712E-03
+7.0468500E-03,+6.6921102E-03,-47.2463708E-03,+91.5968630E-03
+7.0471437E-03,+6.2892983E-03,-47.3733354E-03,+91.6003712E-03
+7.0474375E-03,+7.7356357E-03,-47.2814531E-03,+91.6012065E-03
+7.0477312E-03,+10.7647372E-03,-47.3165355E-03,+91.6117312E-03
+7.0480250E-03,+13.6168001E-03,-47.2163003E-03,+91.5925195E-03
+7.0483187E-03,+13.7311017E-03,-47.1027003E-03,+91.5933548E-03
+7.0486125E-03,+11.3352895E-03,-47.1027003E-03,+91.6060512E-03
+7.0489062E-03,+8.6164560E-03,-47.0809827E-03,+91.5968630E-03
+7.0492000E-03,+5.9394473E-03,-47.0024651E-03,+91.6003712E-03
+7.0494937E-03,+5.5327028E-03,-47.0108181E-03,+91.5925195E-03
+7.0497875E-03,+7.1900387E-03,-47.2463708E-03,+91.5911830E-03
+7.0500812E-03,+10.0789279E-03,-47.3299002E-03,+91.6068865E-03
+7.0503750E-03,+13.0369861E-03,-47.1461356E-03,+91.6160747E-03
+7.0506687E-03,+13.5510124E-03,-47.2597355E-03,+91.6147383E-03
+7.0509625E-03,+12.8432615E-03,-47.1728650E-03,+91.6217547E-03
+7.0512562E-03,+10.1722436E-03,-47.0108181E-03,+91.6103947E-03
+7.0515500E-03,+7.2040783E-03,-47.1812179E-03,+91.6125665E-03
+7.0518437E-03,+5.9309574E-03,-47.1812179E-03,+91.6182465E-03
+7.0521375E-03,+7.6346387E-03,-47.2463708E-03,+91.6160747E-03
+7.0524312E-03,+9.8142702E-03,-47.3081825E-03,+91.6082230E-03
+7.0527250E-03,+12.3176213E-03,-47.0893356E-03,+91.6047148E-03
+7.0530187E-03,+13.7225015E-03,-47.2597355E-03,+91.6060512E-03
+7.0533125E-03,+11.8441703E-03,-47.2597355E-03,+91.5968630E-03
+7.0536062E-03,+8.9081271E-03,-47.2814531E-03,+91.6003712E-03
+7.0539000E-03,+6.1697411E-03,-47.2296650E-03,+91.5968630E-03
+7.0541937E-03,+4.8829848E-03,-47.0325357E-03,+91.6025430E-03
+7.0544875E-03,+5.7050005E-03,-47.3031708E-03,+91.6003712E-03
+7.0547812E-03,+8.2582988E-03,-47.3950531E-03,+91.5925195E-03
+7.0550750E-03,+10.6075451E-03,-47.3599707E-03,+91.5911830E-03
+7.0553687E-03,+11.8214938E-03,-47.3299002E-03,+91.6003712E-03
+7.0556625E-03,+12.5548982E-03,-47.1244180E-03,+91.6012065E-03
+7.0559562E-03,+9.7403601E-03,-47.1595003E-03,+91.6182465E-03
+7.0562500E-03,+6.6430818E-03,-47.1027003E-03,+91.6139030E-03
+7.0565437E-03,+5.7080142E-03,-47.1461356E-03,+91.6047148E-03
+7.0568375E-03,+5.8753870E-03,-47.2163003E-03,+91.6125665E-03
+7.0571312E-03,+8.5976385E-03,-47.1461356E-03,+91.6139030E-03
+7.0574250E-03,+11.1798982E-03,-47.2814531E-03,+91.6047148E-03
+7.0577187E-03,+12.4801795E-03,-47.2731002E-03,+91.6082230E-03
+7.0580125E-03,+12.4938883E-03,-47.1678532E-03,+91.6047148E-03
+7.0583062E-03,+10.7346366E-03,-47.3165355E-03,+91.6060512E-03
+7.0586000E-03,+8.2110714E-03,-47.2163003E-03,+91.5946912E-03
+7.0588937E-03,+6.1597443E-03,-47.0809827E-03,+91.5990348E-03
+7.0591875E-03,+5.4569918E-03,-47.0459004E-03,+91.6060512E-03
+7.0594812E-03,+6.9379504E-03,-47.1461356E-03,+91.5946912E-03
+7.0597750E-03,+10.2881255E-03,-47.1945826E-03,+91.5968630E-03
+7.0600687E-03,+12.5467390E-03,-47.1327709E-03,+91.6068865E-03
+7.0603625E-03,+13.9022600E-03,-47.3733354E-03,+91.6160747E-03
+7.0606562E-03,+12.0125354E-03,-47.1294297E-03,+91.6060512E-03
+7.0609500E-03,+9.8297064E-03,-46.8755005E-03,+91.5925195E-03
+7.0612437E-03,+6.7673802E-03,-47.1027003E-03,+91.5890112E-03
+7.0615375E-03,+5.9081338E-03,-47.1678532E-03,+91.5990348E-03
+7.0618312E-03,+7.2844201E-03,-47.3165355E-03,+91.6082230E-03
+7.0621250E-03,+10.4559393E-03,-47.2163003E-03,+91.6047148E-03
+7.0624187E-03,+13.6101110E-03,-47.1678532E-03,+91.6125665E-03
+7.0627125E-03,+13.8336790E-03,-47.2731002E-03,+91.6073877E-03
+7.0630062E-03,+12.4650373E-03,-47.1244180E-03,+91.5898465E-03
+7.0633000E-03,+10.0317372E-03,-47.2246532E-03,+91.6160747E-03
+7.0635937E-03,+7.3208791E-03,-47.3165355E-03,+91.6060512E-03
+7.0638875E-03,+5.8473078E-03,-47.2597355E-03,+91.6012065E-03
+7.0641812E-03,+6.1372147E-03,-47.2380179E-03,+91.6139030E-03
+7.0644750E-03,+8.6117883E-03,-47.2029356E-03,+91.6003712E-03
+7.0647687E-03,+11.7165642E-03,-47.2597355E-03,+91.5968630E-03
+7.0650625E-03,+13.1314779E-03,-47.1728650E-03,+91.6047148E-03
+7.0653562E-03,+11.6932629E-03,-47.0325357E-03,+91.6103947E-03
+7.0656500E-03,+8.7991915E-03,-47.2380179E-03,+91.6103947E-03
+7.0659437E-03,+6.5907089E-03,-47.2029356E-03,+91.6038795E-03
+7.0662375E-03,+6.0537489E-03,-47.2163003E-03,+91.5933548E-03
+7.0665312E-03,+6.5339992E-03,-47.1895709E-03,+91.6060512E-03
+7.0668250E-03,+9.3501911E-03,-47.3733354E-03,+91.5968630E-03
+7.0671187E-03,+12.2231296E-03,-47.2163003E-03,+91.6068865E-03
+7.0674125E-03,+13.1914219E-03,-47.1461356E-03,+91.6139030E-03
+7.0677062E-03,+11.6465132E-03,-47.2380179E-03,+91.6090583E-03
+7.0680000E-03,+9.0841001E-03,-47.1595003E-03,+91.6217547E-03
+7.0682937E-03,+7.2619641E-03,-47.1461356E-03,+91.6082230E-03
+7.0685875E-03,+6.2694517E-03,-47.2814531E-03,+91.5981995E-03
+7.0688812E-03,+6.5413130E-03,-47.2948178E-03,+91.5933548E-03
+7.0691750E-03,+9.3508159E-03,-47.1595003E-03,+91.6082230E-03
+7.0694687E-03,+12.9489261E-03,-47.2112885E-03,+91.6025430E-03
+7.0697625E-03,+14.8827174E-03,-47.4084178E-03,+91.6047148E-03
+7.0700562E-03,+13.0156694E-03,-47.1160650E-03,+91.6147383E-03
+7.0703500E-03,+9.8714210E-03,-46.9022299E-03,+91.6239265E-03
+7.0706437E-03,+6.9108268E-03,-46.9189358E-03,+91.6095595E-03
+7.0709375E-03,+5.3909468E-03,-47.2163003E-03,+91.5911830E-03
+7.0712312E-03,+5.9138673E-03,-47.0592651E-03,+91.6047148E-03
+7.0715250E-03,+8.4153808E-03,-46.9456652E-03,+91.6103947E-03
+7.0718187E-03,+11.3351057E-03,-46.9673828E-03,+91.6103947E-03
+7.0721125E-03,+13.0908291E-03,-47.0241828E-03,+91.6082230E-03
+7.0724062E-03,+13.1476492E-03,-47.0676180E-03,+91.6047148E-03
+7.0727000E-03,+11.0291377E-03,-47.1377827E-03,+91.6060512E-03
+7.0729937E-03,+8.3152659E-03,-47.1327709E-03,+91.5946912E-03
+7.0732875E-03,+6.0612097E-03,-47.3299002E-03,+91.5968630E-03
+7.0735812E-03,+5.7087493E-03,-47.1678532E-03,+91.6047148E-03
+7.0738750E-03,+7.6642615E-03,-47.3382531E-03,+91.6082230E-03
+7.0741687E-03,+10.4290361E-03,-47.3382531E-03,+91.6047148E-03
+7.0744625E-03,+12.6481035E-03,-47.2948178E-03,+91.6125665E-03
+7.0747562E-03,+12.2984363E-03,-47.1812179E-03,+91.6160747E-03
+7.0750500E-03,+10.7587833E-03,-47.2029356E-03,+91.6082230E-03
+7.0753437E-03,+8.3091281E-03,-47.2597355E-03,+91.6047148E-03
+7.0756375E-03,+5.8765263E-03,-47.2163003E-03,+91.6060512E-03
+7.0759312E-03,+5.9601759E-03,-47.1244180E-03,+91.5925195E-03
+7.0762250E-03,+7.6365866E-03,-47.0943474E-03,+91.5933548E-03
+7.0765187E-03,+10.6333088E-03,-46.9757357E-03,+91.6060512E-03
+7.0768125E-03,+12.4584953E-03,-47.2163003E-03,+91.6033783E-03
+7.0771062E-03,+12.9883620E-03,-47.1678532E-03,+91.6217547E-03
+7.0774000E-03,+11.7686063E-03,-47.2731002E-03,+91.6082230E-03
+7.0776937E-03,+9.2038411E-03,-47.0592651E-03,+91.6047148E-03
+7.0779875E-03,+6.4107299E-03,-46.9673828E-03,+91.6103947E-03
+7.0782812E-03,+5.9488928E-03,-47.0241828E-03,+91.6082230E-03
+7.0785750E-03,+6.8584539E-03,-47.0676180E-03,+91.6047148E-03
+7.0788687E-03,+8.6459318E-03,-47.1595003E-03,+91.6147383E-03
+7.0791625E-03,+11.1257611E-03,-47.1027003E-03,+91.6174112E-03
+7.0794562E-03,+12.6506027E-03,-47.1244180E-03,+91.5990348E-03
+7.0797500E-03,+11.8209057E-03,-47.1812179E-03,+91.6103947E-03
+7.0800437E-03,+9.9087987E-03,-47.1812179E-03,+91.6082230E-03
+7.0803375E-03,+7.5494454E-03,-47.1595003E-03,+91.6003712E-03
+7.0806312E-03,+6.8482733E-03,-47.0375475E-03,+91.5946912E-03
+7.0809250E-03,+7.3551328E-03,-46.9757357E-03,+91.5968630E-03
+7.0812187E-03,+9.1213675E-03,-47.1728650E-03,+91.6068865E-03
+7.0815125E-03,+11.5478683E-03,-46.9673828E-03,+91.6160747E-03
+7.0818062E-03,+12.2072156E-03,-47.0024651E-03,+91.6103947E-03
+7.0821000E-03,+11.8146210E-03,-47.0759709E-03,+91.6103947E-03
+7.0823937E-03,+10.1037361E-03,-47.3081825E-03,+91.6103947E-03
+7.0826875E-03,+8.1720765E-03,-47.0241828E-03,+91.6038795E-03
+7.0829812E-03,+7.3059941E-03,-47.0459004E-03,+91.5890112E-03
+7.0832750E-03,+7.3233415E-03,-47.0158298E-03,+91.5968630E-03
+7.0835687E-03,+8.5662882E-03,-46.8972181E-03,+91.6047148E-03
+7.0838625E-03,+11.4937680E-03,-47.1160650E-03,+91.6082230E-03
+7.0841562E-03,+13.2024845E-03,-47.0976886E-03,+91.6090583E-03
+7.0844500E-03,+13.0855367E-03,-47.4084178E-03,+91.6195830E-03
+7.0847437E-03,+11.5456632E-03,-47.1812179E-03,+91.6003712E-03
+7.0850375E-03,+8.9697618E-03,-47.2463708E-03,+91.5946912E-03
+7.0853312E-03,+6.5481858E-03,-47.3950531E-03,+91.6012065E-03
+7.0856250E-03,+5.5953298E-03,-47.2513826E-03,+91.6117312E-03
+7.0859187E-03,+8.0753796E-03,-47.0893356E-03,+91.6012065E-03
+7.0862125E-03,+11.2063235E-03,-47.2380179E-03,+91.6117312E-03
+7.0865062E-03,+13.5832814E-03,-47.2029356E-03,+91.5946912E-03
+7.0868000E-03,+14.0184359E-03,-47.2380179E-03,+91.5968630E-03
+7.0870937E-03,+11.4350737E-03,-47.1812179E-03,+91.6090583E-03
+7.0873875E-03,+8.5888546E-03,-47.1377827E-03,+91.6174112E-03
+7.0876812E-03,+5.9666812E-03,-46.9807475E-03,+91.6033783E-03
+7.0879750E-03,+5.2490438E-03,-46.9974534E-03,+91.6239265E-03
+7.0882687E-03,+6.1604426E-03,-47.3165355E-03,+91.6117312E-03
+7.0885625E-03,+8.4329487E-03,-47.2380179E-03,+91.5990348E-03
+7.0888562E-03,+11.3076880E-03,-47.1595003E-03,+91.6082230E-03
+7.0891500E-03,+12.1352166E-03,-47.0809827E-03,+91.6025430E-03
+7.0894437E-03,+11.4403661E-03,-47.0893356E-03,+91.6068865E-03
+7.0897375E-03,+8.4912388E-03,-47.2597355E-03,+91.6139030E-03
+7.0900312E-03,+5.3812808E-03,-47.1728650E-03,+91.6025430E-03
+7.0903250E-03,+4.7022340E-03,-46.9673828E-03,+91.6047148E-03
+7.0906187E-03,+6.7076934E-03,-47.0459004E-03,+91.6103947E-03
+7.0909125E-03,+9.7640657E-03,-47.1244180E-03,+91.6038795E-03
+7.0912062E-03,+11.9812954E-03,-47.1377827E-03,+91.5933548E-03
+7.0915000E-03,+12.6479565E-03,-47.0024651E-03,+91.6125665E-03
+7.0917937E-03,+12.0735820E-03,-46.9891004E-03,+91.6139030E-03
+7.0920875E-03,+10.2596420E-03,-47.1461356E-03,+91.6025430E-03
+7.0923812E-03,+7.4619367E-03,-47.1945826E-03,+91.6047148E-03
+7.0926750E-03,+5.7643932E-03,-46.9373122E-03,+91.6103947E-03
+7.0929687E-03,+6.7501430E-03,-46.7318300E-03,+91.6169100E-03
+7.0932625E-03,+9.7097081E-03,-46.8755005E-03,+91.6339500E-03
+7.0935562E-03,+11.9594275E-03,-47.0809827E-03,+91.6230912E-03
+7.0938500E-03,+12.1593266E-03,-47.0241828E-03,+91.6012065E-03
+7.0941437E-03,+11.7631302E-03,-47.0893356E-03,+91.6160747E-03
+7.0944375E-03,+9.6377460E-03,-47.1945826E-03,+91.6125665E-03
+7.0947312E-03,+7.0716576E-03,-46.9155946E-03,+91.6139030E-03
+7.0950250E-03,+5.4279938E-03,-46.8704887E-03,+91.6047148E-03
+7.0953187E-03,+6.6446622E-03,-47.3867001E-03,+91.6103947E-03
+7.0956125E-03,+9.5648649E-03,-47.1244180E-03,+91.6082230E-03
+7.0959062E-03,+12.6247287E-03,-47.1377827E-03,+91.6025430E-03
+7.0962000E-03,+13.6388518E-03,-47.0241828E-03,+91.6003712E-03
+7.0964937E-03,+13.1244213E-03,-47.0241828E-03,+91.6012065E-03
+7.0967875E-03,+10.7529028E-03,-47.0676180E-03,+91.6225900E-03
+7.0970812E-03,+7.9328886E-03,-47.2029356E-03,+91.6274347E-03
+7.0973750E-03,+6.1740412E-03,-47.1945826E-03,+91.6103947E-03
+7.0976687E-03,+6.6264695E-03,-47.0459004E-03,+91.6060512E-03
+7.0979625E-03,+9.0253321E-03,-47.2330061E-03,+91.5990348E-03
+7.0982562E-03,+10.9485386E-03,-47.5086530E-03,+91.6082230E-03
+7.0985500E-03,+11.7215258E-03,-47.3165355E-03,+91.6025430E-03
+7.0988437E-03,+11.6969749E-03,-47.1511474E-03,+91.6047148E-03
+7.0991375E-03,+9.9424644E-03,-46.9323005E-03,+91.6082230E-03
+7.0994312E-03,+7.7363340E-03,-47.1461356E-03,+91.6025430E-03
+7.0997250E-03,+5.6829120E-03,-47.2380179E-03,+91.5981995E-03
+7.1000187E-03,+6.2577643E-03,-47.1595003E-03,+91.5911830E-03
+7.1003125E-03,+8.3674550E-03,-47.0375475E-03,+91.6047148E-03
+7.1006062E-03,+11.1797511E-03,-46.8888652E-03,+91.6082230E-03
+7.1009000E-03,+13.2311885E-03,-46.9891004E-03,+91.5981995E-03
+7.1011937E-03,+12.4459993E-03,-47.0592651E-03,+91.5933548E-03
+7.1014875E-03,+10.4795714E-03,-46.9456652E-03,+91.6082230E-03
+7.1017812E-03,+8.9149264E-03,-46.9456652E-03,+91.6025430E-03
+7.1020750E-03,+6.7067746E-03,-47.0108181E-03,+91.6047148E-03
+7.1023687E-03,+6.0388272E-03,-47.1377827E-03,+91.6125665E-03
+7.1026625E-03,+7.5953130E-03,-47.0676180E-03,+91.6117312E-03
+7.1029562E-03,+9.9387890E-03,-47.1812179E-03,+91.5990348E-03
+7.1032500E-03,+12.5719883E-03,-47.1595003E-03,+91.6060512E-03
+7.1035437E-03,+12.9994982E-03,-47.0375475E-03,+91.5990348E-03
+7.1038375E-03,+11.9619634E-03,-46.9757357E-03,+91.6082230E-03
+7.1041312E-03,+9.1916023E-03,-47.1945826E-03,+91.6068865E-03
+7.1044250E-03,+6.4697551E-03,-47.0676180E-03,+91.6139030E-03
+7.1047187E-03,+5.5299463E-03,-47.1595003E-03,+91.6025430E-03
+7.1050125E-03,+6.4811117E-03,-47.1461356E-03,+91.5981995E-03
+7.1053062E-03,+9.6732860E-03,-47.2163003E-03,+91.5911830E-03
+7.1056000E-03,+13.0903881E-03,-47.1895709E-03,+91.6068865E-03
+7.1058937E-03,+13.7495884E-03,-47.3299002E-03,+91.6182465E-03
+7.1061875E-03,+12.1957855E-03,-47.1461356E-03,+91.6160747E-03
+7.1064812E-03,+9.3118579E-03,-47.1728650E-03,+91.6060512E-03
+7.1067750E-03,+6.4165736E-03,-46.9456652E-03,+91.5968630E-03
+7.1070687E-03,+5.2437514E-03,-47.0108181E-03,+91.6003712E-03
+7.1073625E-03,+5.8935429E-03,-47.1160650E-03,+91.5990348E-03
+7.1076562E-03,+7.9262363E-03,-46.9673828E-03,+91.6038795E-03
+7.1079500E-03,+12.2616466E-03,-47.1327709E-03,+91.5890112E-03
+7.1082437E-03,+15.2134936E-03,-47.3733354E-03,+91.6012065E-03
+7.1085375E-03,+12.8052223E-03,-47.2380179E-03,+91.6160747E-03
+7.1088312E-03,+9.4637577E-03,-47.1160650E-03,+91.6103947E-03
+7.1091250E-03,+6.3356805E-03,-46.9891004E-03,+91.6125665E-03
+7.1094187E-03,+5.2473164E-03,-47.0592651E-03,+91.6095595E-03
+7.1097125E-03,+5.6808538E-03,-46.9456652E-03,+91.5890112E-03
+7.1100062E-03,+8.0692786E-03,-47.0759709E-03,+91.5925195E-03
+7.1103000E-03,+10.8282830E-03,-47.2647473E-03,+91.5911830E-03
+7.1105937E-03,+13.6692832E-03,-46.9757357E-03,+91.6047148E-03
+7.1108875E-03,+13.1116681E-03,-47.2380179E-03,+91.6103947E-03
+7.1111812E-03,+10.0439392E-03,-47.0943474E-03,+91.6125665E-03
+7.1114750E-03,+7.1126371E-03,-46.9757357E-03,+91.6139030E-03
+7.1117687E-03,+5.2648108E-03,-47.2380179E-03,+91.6047148E-03
+7.1120625E-03,+6.3869875E-03,-47.2246532E-03,+91.6103947E-03
+7.1123562E-03,+8.6853309E-03,-47.2296650E-03,+91.6125665E-03
+7.1126500E-03,+11.8977928E-03,-46.9891004E-03,+91.6139030E-03
+7.1129437E-03,+14.4438141E-03,-47.0809827E-03,+91.6068865E-03
+7.1132375E-03,+14.1265997E-03,-47.0241828E-03,+91.6160747E-03
+7.1135312E-03,+11.6882277E-03,-47.0024651E-03,+91.6125665E-03
+7.1138250E-03,+7.9929428E-03,-46.9673828E-03,+91.6117312E-03
+7.1141187E-03,+4.8839036E-03,-47.0241828E-03,+91.5968630E-03
+7.1144125E-03,+5.7897527E-03,-46.9807475E-03,+91.6003712E-03
+7.1147062E-03,+8.8590987E-03,-46.9540181E-03,+91.5925195E-03
+7.1150000E-03,+11.6769446E-03,-47.0726298E-03,+91.5890112E-03
+7.1152937E-03,+13.3278119E-03,-46.8320653E-03,+91.5925195E-03
+7.1155875E-03,+13.0656534E-03,-47.0108181E-03,+91.5890112E-03
+7.1158812E-03,+10.4347329E-03,-47.1595003E-03,+91.5968630E-03
+7.1161750E-03,+7.1818060E-03,-47.1678532E-03,+91.6003712E-03
+7.1164687E-03,+5.9165135E-03,-47.2513826E-03,+91.5903477E-03
+7.1167625E-03,+5.6625141E-03,-47.0676180E-03,+91.5855030E-03
+7.1170562E-03,+8.5634950E-03,-47.2029356E-03,+91.6068865E-03
+7.1173500E-03,+11.8468900E-03,-47.2380179E-03,+91.6139030E-03
+7.1176437E-03,+14.1490558E-03,-47.0509121E-03,+91.6025430E-03
+7.1179375E-03,+13.7091969E-03,-46.8404182E-03,+91.6047148E-03
+7.1182312E-03,+11.1687253E-03,-47.1377827E-03,+91.6060512E-03
+7.1185250E-03,+7.8622495E-03,-47.0676180E-03,+91.5968630E-03
+7.1188187E-03,+5.4530960E-03,-47.1595003E-03,+91.6003712E-03
+7.1191125E-03,+5.0014762E-03,-47.0809827E-03,+91.5990348E-03
+7.1194062E-03,+7.2603470E-03,-46.9373122E-03,+91.6038795E-03
+7.1197000E-03,+10.4488827E-03,-46.8187006E-03,+91.5890112E-03
+7.1199937E-03,+13.3691957E-03,-47.1244180E-03,+91.5968630E-03
+7.1202875E-03,+13.0078778E-03,-47.0726298E-03,+91.6068865E-03
+7.1205812E-03,+10.9927891E-03,-46.8972181E-03,+91.6160747E-03
+7.1208750E-03,+8.2374232E-03,-47.1595003E-03,+91.6017077E-03
+7.1211687E-03,+5.6463428E-03,-47.1461356E-03,+91.5876748E-03
+7.1214625E-03,+4.7316363E-03,-47.1945826E-03,+91.6147383E-03
+7.1217562E-03,+6.4689097E-03,-47.0676180E-03,+91.6174112E-03
+7.1220500E-03,+10.5639928E-03,-47.0943474E-03,+91.5946912E-03
+7.1223437E-03,+13.4038169E-03,-46.9757357E-03,+91.5990348E-03
+7.1226375E-03,+14.0894058E-03,-47.2814531E-03,+91.6103947E-03
+7.1229312E-03,+11.2841295E-03,-47.2513826E-03,+91.6082230E-03
+7.1232250E-03,+8.1076487E-03,-47.1110533E-03,+91.6047148E-03
+7.1235187E-03,+6.1117450E-03,-47.3816884E-03,+91.6038795E-03
+7.1238125E-03,+4.6792634E-03,-47.4084178E-03,+91.5933548E-03
+7.1241062E-03,+5.7147767E-03,-47.1160650E-03,+91.6103947E-03
+7.1244000E-03,+9.5961049E-03,-46.9239475E-03,+91.6082230E-03
+7.1246937E-03,+13.4858127E-03,-46.9105828E-03,+91.6003712E-03
+7.1249875E-03,+15.0272299E-03,-47.0241828E-03,+91.5946912E-03
+7.1252812E-03,+13.5586202E-03,-46.9590299E-03,+91.5968630E-03
+7.1255750E-03,+9.6623704E-03,-46.8972181E-03,+91.6003712E-03
+7.1258687E-03,+6.1307830E-03,-47.2029356E-03,+91.5990348E-03
+7.1261625E-03,+4.8162048E-03,-47.1511474E-03,+91.6147383E-03
+7.1264562E-03,+5.5877587E-03,-46.9974534E-03,+91.6217547E-03
+7.1267500E-03,+8.5836356E-03,-47.1862297E-03,+91.6060512E-03
+7.1270437E-03,+12.4469548E-03,-46.9189358E-03,+91.6012065E-03
+7.1273375E-03,+13.9213715E-03,-47.2163003E-03,+91.6117312E-03
+7.1276312E-03,+12.0566022E-03,-47.1027003E-03,+91.5968630E-03
+7.1279250E-03,+9.1836270E-03,-47.0592651E-03,+91.6003712E-03
+7.1282187E-03,+6.1946963E-03,-47.0325357E-03,+91.5968630E-03
+7.1285125E-03,+4.3166592E-03,-47.2163003E-03,+91.6068865E-03
+7.1288062E-03,+4.8464892E-03,-47.1244180E-03,+91.6204183E-03
+7.1291000E-03,+7.5595892E-03,-47.2029356E-03,+91.6174112E-03
+7.1293937E-03,+11.9445425E-03,-47.2380179E-03,+91.6033783E-03
+7.1296875E-03,+14.3045206E-03,-47.1812179E-03,+91.6152394E-03
+7.1299812E-03,+13.3915047E-03,-47.0943474E-03,+91.5911830E-03
+7.1302750E-03,+11.1871018E-03,-46.9540181E-03,+91.6025430E-03
+7.1305687E-03,+8.3799878E-03,-47.1595003E-03,+91.6003712E-03
+7.1308625E-03,+5.9972964E-03,-47.1244180E-03,+91.5946912E-03
+7.1311562E-03,+5.5555631E-03,-47.1595003E-03,+91.5990348E-03
+7.1314500E-03,+7.8227401E-03,-47.1244180E-03,+91.6103947E-03
+7.1317437E-03,+11.2064705E-03,-47.1595003E-03,+91.6060512E-03
+7.1320375E-03,+13.5276375E-03,-47.1027003E-03,+91.5968630E-03
+7.1323312E-03,+13.2547839E-03,-47.0809827E-03,+91.6068865E-03
+7.1326250E-03,+10.5806420E-03,-47.0459004E-03,+91.6139030E-03
+7.1329187E-03,+6.7657631E-03,-47.0809827E-03,+91.6047148E-03
+7.1332125E-03,+4.4511013E-03,-46.9807475E-03,+91.6082230E-03
+7.1335062E-03,+4.2609050E-03,-46.8454299E-03,+91.6025430E-03
+7.1338000E-03,+7.5021811E-03,-46.8537829E-03,+91.6025430E-03
+7.1340937E-03,+11.8660015E-03,-47.0024651E-03,+91.6025430E-03
+7.1343875E-03,+13.7641793E-03,-46.9891004E-03,+91.6003712E-03
+7.1346812E-03,+13.9604398E-03,-47.1461356E-03,+91.5990348E-03
+7.1349750E-03,+11.4115151E-03,-47.1294297E-03,+91.6103947E-03
+7.1352687E-03,+7.1138499E-03,-46.8972181E-03,+91.6125665E-03
+7.1355625E-03,+4.6791164E-03,-47.1160650E-03,+91.6139030E-03
+7.1358562E-03,+4.8218280E-03,-47.0108181E-03,+91.6003712E-03
+7.1361500E-03,+8.1867777E-03,-47.1160650E-03,+91.5968630E-03
+7.1364437E-03,+11.8398335E-03,-46.9673828E-03,+91.6068865E-03
+7.1367375E-03,+13.7650613E-03,-47.0676180E-03,+91.6139030E-03
+7.1370312E-03,+13.3954741E-03,-47.0943474E-03,+91.6090583E-03
+7.1373250E-03,+10.1010164E-03,-46.8671476E-03,+91.6239265E-03
+7.1376187E-03,+6.5388873E-03,-46.9105828E-03,+91.6204183E-03
+7.1379125E-03,+4.0663719E-03,-47.0241828E-03,+91.6239265E-03
+7.1382062E-03,+3.2203565E-03,-47.0024651E-03,+91.6182465E-03
+7.1385000E-03,+6.1095765E-03,-47.0108181E-03,+91.6139030E-03
+7.1387937E-03,+10.3255399E-03,-47.1812179E-03,+91.6068865E-03
+7.1390875E-03,+12.9155177E-03,-47.1377827E-03,+91.6095595E-03
+7.1393812E-03,+13.1054568E-03,-46.9807475E-03,+91.5933548E-03
+7.1396750E-03,+11.4672325E-03,-46.9540181E-03,+91.6125665E-03
+7.1399687E-03,+8.0541732E-03,-47.2246532E-03,+91.6095595E-03
+7.1402625E-03,+5.3473211E-03,-47.2296650E-03,+91.5868395E-03
+7.1405562E-03,+4.7217865E-03,-46.9673828E-03,+91.5933548E-03
+7.1408500E-03,+6.7325016E-03,-47.0024651E-03,+91.6060512E-03
+7.1411437E-03,+11.2373430E-03,-46.8805123E-03,+91.5990348E-03
+7.1414375E-03,+14.0865391E-03,-46.8404182E-03,+91.6103947E-03
+7.1417312E-03,+14.4394405E-03,-47.1377827E-03,+91.6103947E-03
+7.1420250E-03,+12.3354098E-03,-47.0676180E-03,+91.6125665E-03
+7.1423187E-03,+8.4917166E-03,-47.0726298E-03,+91.6117312E-03
+7.1426125E-03,+5.9995016E-03,-46.7669124E-03,+91.6033783E-03
+7.1429062E-03,+5.2818642E-03,-46.7318300E-03,+91.6195830E-03
+7.1432000E-03,+6.6347389E-03,-46.8103476E-03,+91.6047148E-03
+7.1434937E-03,+10.1564765E-03,-46.8888652E-03,+91.6082230E-03
+7.1437875E-03,+13.1209665E-03,-46.9239475E-03,+91.5981995E-03
+7.1440812E-03,+13.4496478E-03,-46.8237123E-03,+91.5868395E-03
+7.1443750E-03,+12.4884857E-03,-46.7535477E-03,+91.5955265E-03
+7.1446687E-03,+9.6154737E-03,-46.8454299E-03,+91.6160747E-03
+7.1449625E-03,+6.7822651E-03,-46.8537829E-03,+91.6082230E-03
+7.1452562E-03,+5.4512584E-03,-47.0459004E-03,+91.6047148E-03
+7.1455500E-03,+7.1649732E-03,-47.0809827E-03,+91.6147383E-03
+7.1458437E-03,+10.3432548E-03,-47.0893356E-03,+91.6217547E-03
+7.1461375E-03,+12.4791136E-03,-47.2163003E-03,+91.6082230E-03
+7.1464312E-03,+13.1887021E-03,-47.0375475E-03,+91.6090583E-03
+7.1467250E-03,+12.1184573E-03,-46.8888652E-03,+91.6239265E-03
+7.1470187E-03,+9.7124646E-03,-46.9891004E-03,+91.6139030E-03
+7.1473125E-03,+7.1884951E-03,-47.1244180E-03,+91.6068865E-03
+7.1476062E-03,+6.0563216E-03,-47.1377827E-03,+91.6182465E-03
+7.1479000E-03,+6.4372655E-03,-47.0459004E-03,+91.6160747E-03
+7.1481937E-03,+9.8238259E-03,-47.2330061E-03,+91.6060512E-03
+7.1484875E-03,+11.4861969E-03,-47.5086530E-03,+91.5946912E-03
+7.1487812E-03,+12.2265476E-03,-47.2948178E-03,+91.5946912E-03
+7.1490750E-03,+11.8648622E-03,-47.1377827E-03,+91.5946912E-03
+7.1493687E-03,+9.2755092E-03,-47.0024651E-03,+91.5990348E-03
+7.1496625E-03,+6.3363053E-03,-46.9456652E-03,+91.6103947E-03
+7.1499562E-03,+4.6063089E-03,-46.9891004E-03,+91.6082230E-03
+7.1502500E-03,+5.1928854E-03,-47.1461356E-03,+91.6068865E-03
+7.1505437E-03,+8.0276743E-03,-47.1728650E-03,+91.6182465E-03
+7.1508375E-03,+11.0654496E-03,-46.9673828E-03,+91.6160747E-03
+7.1511312E-03,+12.7903741E-03,-47.0241828E-03,+91.6147383E-03
+7.1514250E-03,+13.0224320E-03,-46.9590299E-03,+91.6260983E-03
+7.1517187E-03,+11.4713488E-03,-46.8103476E-03,+91.6217547E-03
+7.1520125E-03,+8.1187848E-03,-46.8454299E-03,+91.6060512E-03
+7.1523062E-03,+4.7989309E-03,-46.8755005E-03,+91.6012065E-03
+7.1526000E-03,+5.0156261E-03,-47.1244180E-03,+91.6095595E-03
+7.1528937E-03,+7.7464043E-03,-47.1595003E-03,+91.5955265E-03
+7.1531875E-03,+11.1721065E-03,-47.1244180E-03,+91.6117312E-03
+7.1534812E-03,+13.4687226E-03,-47.2029356E-03,+91.5946912E-03
+7.1537750E-03,+13.6761560E-03,-47.2380179E-03,+91.6012065E-03
+7.1540687E-03,+11.7084051E-03,-47.0509121E-03,+91.6182465E-03
+7.1543625E-03,+7.9396144E-03,-46.8187006E-03,+91.6225900E-03
+7.1546562E-03,+5.5172298E-03,-47.1027003E-03,+91.6296065E-03
+7.1549500E-03,+5.2312922E-03,-47.1461356E-03,+91.6204183E-03
+7.1552437E-03,+6.9487190E-03,-47.1728650E-03,+91.6217547E-03
+7.1555375E-03,+10.7594816E-03,-46.9673828E-03,+91.6082230E-03
+7.1558312E-03,+13.7140483E-03,-47.0024651E-03,+91.6003712E-03
+7.1561250E-03,+13.1823439E-03,-46.9239475E-03,+91.5946912E-03
+7.1564187E-03,+11.7143591E-03,-46.8888652E-03,+91.5968630E-03
+7.1567125E-03,+8.6550833E-03,-47.0325357E-03,+91.6112300E-03
+7.1570062E-03,+6.0629004E-03,-47.2814531E-03,+91.6317783E-03
+7.1573000E-03,+4.7756295E-03,-47.2296650E-03,+91.6174112E-03
+7.1575937E-03,+7.0830877E-03,-46.9673828E-03,+91.6012065E-03
+7.1578875E-03,+10.1703324E-03,-47.0241828E-03,+91.6117312E-03
+7.1581812E-03,+13.1144612E-03,-47.0893356E-03,+91.5990348E-03
+7.1584750E-03,+14.1462625E-03,-47.2380179E-03,+91.6103947E-03
+7.1587687E-03,+12.6224500E-03,-47.1595003E-03,+91.6125665E-03
+7.1590625E-03,+9.8316911E-03,-47.0809827E-03,+91.6139030E-03
+7.1593562E-03,+6.7825592E-03,-47.0893356E-03,+91.6047148E-03
+7.1596500E-03,+4.6684948E-03,-47.1511474E-03,+91.6082230E-03
+7.1599437E-03,+6.0773810E-03,-46.9757357E-03,+91.6003712E-03
+7.1602375E-03,+9.4737544E-03,-47.2380179E-03,+91.6033783E-03
+7.1605312E-03,+13.2064170E-03,-47.0943474E-03,+91.6282700E-03
+7.1608250E-03,+14.5733682E-03,-46.8888652E-03,+91.6252630E-03
+7.1611187E-03,+12.9289326E-03,-46.9239475E-03,+91.6025430E-03
+7.1614125E-03,+9.0735520E-03,-46.9323005E-03,+91.6090583E-03
+7.1617062E-03,+5.2722717E-03,-47.1678532E-03,+91.6152394E-03
+7.1620000E-03,+4.2226085E-03,-47.3382531E-03,+91.5933548E-03
+7.1622937E-03,+6.5360206E-03,-47.2731002E-03,+91.6082230E-03
+7.1625875E-03,+8.9979512E-03,-47.1895709E-03,+91.6068865E-03
+7.1628812E-03,+11.7632772E-03,-47.3516178E-03,+91.6139030E-03
+7.1631750E-03,+13.1218853E-03,-47.0943474E-03,+91.6025430E-03
+7.1634687E-03,+12.2168816E-03,-46.8888652E-03,+91.6025430E-03
+7.1637625E-03,+8.9566042E-03,-47.0542533E-03,+91.6047148E-03
+7.1640562E-03,+5.9646231E-03,-47.3382531E-03,+91.6082230E-03
+7.1643500E-03,+5.7204734E-03,-47.2513826E-03,+91.6068865E-03
+7.1646437E-03,+7.9012075E-03,-47.0893356E-03,+91.6160747E-03
+7.1649375E-03,+9.6555343E-03,-47.2814531E-03,+91.6060512E-03
+7.1652312E-03,+11.7937453E-03,-47.2948178E-03,+91.5946912E-03
+7.1655250E-03,+13.1612845E-03,-47.1595003E-03,+91.6012065E-03
+7.1658187E-03,+12.2735914E-03,-47.0809827E-03,+91.6139030E-03
+7.1661125E-03,+9.5107279E-03,-46.9590299E-03,+91.6003712E-03
+7.1664062E-03,+6.5103303E-03,-46.8320653E-03,+91.5990348E-03
+7.1667000E-03,+6.0925599E-03,-46.9891004E-03,+91.6125665E-03
+7.1669937E-03,+6.4546864E-03,-47.0809827E-03,+91.6182465E-03
+7.1672875E-03,+8.8335554E-03,-47.1110533E-03,+91.6160747E-03
+7.1675812E-03,+10.9428051E-03,-47.3165355E-03,+91.6082230E-03
+7.1678750E-03,+12.7976144E-03,-47.2163003E-03,+91.6025430E-03
+7.1681687E-03,+12.7611555E-03,-47.0158298E-03,+91.6047148E-03
+7.1684625E-03,+10.1557415E-03,-46.8972181E-03,+91.6103947E-03
+7.1687562E-03,+6.7778548E-03,-47.1377827E-03,+91.6060512E-03
+7.1690500E-03,+5.3171102E-03,-47.0024651E-03,+91.5946912E-03
+7.1693437E-03,+6.0296389E-03,-46.9891004E-03,+91.5968630E-03
+7.1696375E-03,+9.0958610E-03,-47.1027003E-03,+91.6025430E-03
+7.1699312E-03,+11.6782309E-03,-47.0809827E-03,+91.6025430E-03
+7.1702250E-03,+13.5253956E-03,-47.0241828E-03,+91.6068865E-03
+7.1705187E-03,+13.0236448E-03,-47.0893356E-03,+91.6160747E-03
+7.1708125E-03,+10.9867249E-03,-47.1511474E-03,+91.6038795E-03
+7.1711062E-03,+8.2699495E-03,-46.8888652E-03,+91.5933548E-03
+7.1714000E-03,+6.6149291E-03,-47.0542533E-03,+91.6125665E-03
+7.1716937E-03,+6.8731918E-03,-47.3382531E-03,+91.6117312E-03
+7.1719875E-03,+8.0460875E-03,-47.2948178E-03,+91.5968630E-03
+7.1722812E-03,+9.6474854E-03,-47.1595003E-03,+91.6047148E-03
+7.1725750E-03,+11.8521457E-03,-47.1461356E-03,+91.6147383E-03
+7.1728687E-03,+12.6718092E-03,-47.2380179E-03,+91.6260983E-03
+7.1731625E-03,+11.1103249E-03,-47.2246532E-03,+91.6304418E-03
+7.1734562E-03,+8.9116922E-03,-47.2948178E-03,+91.6396300E-03
+7.1737500E-03,+6.9569517E-03,-47.2246532E-03,+91.6317783E-03
+7.1740437E-03,+6.6449195E-03,-47.2731002E-03,+91.6217547E-03
+7.1743375E-03,+7.2863681E-03,-47.1027003E-03,+91.6125665E-03
+7.1746312E-03,+9.2061565E-03,-47.1461356E-03,+91.6160747E-03
+7.1749250E-03,+11.0959913E-03,-47.1728650E-03,+91.6125665E-03
+7.1752187E-03,+12.6285878E-03,-46.9456652E-03,+91.6095595E-03
+7.1755125E-03,+11.7045460E-03,-46.9456652E-03,+91.5911830E-03
+7.1758062E-03,+9.1591863E-03,-46.9891004E-03,+91.6068865E-03
+7.1761000E-03,+6.6559454E-03,-47.0592651E-03,+91.6139030E-03
+7.1763937E-03,+5.7887971E-03,-47.0325357E-03,+91.6047148E-03
+7.1766875E-03,+6.6857152E-03,-47.2380179E-03,+91.6060512E-03
+7.1769812E-03,+8.6933063E-03,-47.1160650E-03,+91.6012065E-03
+7.1772750E-03,+11.4100816E-03,-46.9239475E-03,+91.6139030E-03
+7.1775687E-03,+13.4758159E-03,-46.9540181E-03,+91.6003712E-03
+7.1778625E-03,+11.9781715E-03,-47.1595003E-03,+91.5946912E-03
+7.1781562E-03,+9.3362251E-03,-47.0592651E-03,+91.5968630E-03
+7.1784500E-03,+6.3548287E-03,-47.0325357E-03,+91.6090583E-03
+7.1787437E-03,+5.2891413E-03,-47.1728650E-03,+91.6217547E-03
+7.1790375E-03,+5.5196923E-03,-47.0108181E-03,+91.6103947E-03
+7.1793312E-03,+8.2782189E-03,-47.1377827E-03,+91.6169100E-03
+7.1796250E-03,+11.8210895E-03,-47.1110533E-03,+91.6274347E-03
+7.1799187E-03,+13.4579540E-03,-47.2948178E-03,+91.6082230E-03
+7.1802125E-03,+13.0140156E-03,-47.2463708E-03,+91.6047148E-03
+7.1805062E-03,+10.9475830E-03,-47.3299002E-03,+91.6169100E-03
+7.1808000E-03,+8.9486656E-03,-47.1027003E-03,+91.6274347E-03
+7.1810937E-03,+7.4208102E-03,-47.1678532E-03,+91.6082230E-03
+7.1813875E-03,+7.4204059E-03,-47.2513826E-03,+91.6047148E-03
+7.1816812E-03,+8.8012496E-03,-47.0459004E-03,+91.6082230E-03
+7.1819750E-03,+11.3768570E-03,-47.1244180E-03,+91.6047148E-03
+7.1822687E-03,+13.5805249E-03,-47.1377827E-03,+91.6082230E-03
+7.1825625E-03,+13.1092056E-03,-47.0893356E-03,+91.6068865E-03
+7.1828562E-03,+9.4416692E-03,-47.1728650E-03,+91.6182465E-03
+7.1831500E-03,+5.9733703E-03,-47.0108181E-03,+91.6117312E-03
+7.1834437E-03,+3.8572478E-03,-47.2246532E-03,+91.5990348E-03
+7.1837375E-03,+3.9577670E-03,-47.2513826E-03,+91.6147383E-03
+7.1840312E-03,+6.6566069E-03,-47.0676180E-03,+91.6195830E-03
+7.1843250E-03,+10.3772145E-03,-47.1595003E-03,+91.6047148E-03
+7.1846187E-03,+12.8732886E-03,-47.0592651E-03,+91.6060512E-03
+7.1849125E-03,+12.6711844E-03,-47.0108181E-03,+91.5990348E-03
+7.1852062E-03,+10.5545841E-03,-47.1812179E-03,+91.6147383E-03
+7.1855000E-03,+7.8297231E-03,-47.2029356E-03,+91.6239265E-03
+7.1857937E-03,+6.3183698E-03,-47.2597355E-03,+91.6139030E-03
+7.1860875E-03,+6.0641499E-03,-47.3031708E-03,+91.6003712E-03
+7.1863812E-03,+8.6087746E-03,-47.3733354E-03,+91.5925195E-03
+7.1866750E-03,+12.2745469E-03,-47.2814531E-03,+91.5933548E-03
+7.1869687E-03,+14.4312079E-03,-47.2296650E-03,+91.6060512E-03
+7.1872625E-03,+14.4552443E-03,-47.0542533E-03,+91.5968630E-03
+7.1875562E-03,+12.3237224E-03,-47.3816884E-03,+91.6068865E-03
+7.1878500E-03,+8.9121332E-03,-47.4518530E-03,+91.6160747E-03
+7.1881437E-03,+6.6200010E-03,-47.2513826E-03,+91.6103947E-03
+7.1884375E-03,+5.9965246E-03,-47.0893356E-03,+91.6060512E-03
+7.1887312E-03,+7.6163357E-03,-47.2380179E-03,+91.5925195E-03
+7.1890250E-03,+9.8602848E-03,-47.2246532E-03,+91.5976983E-03
+7.1893187E-03,+11.4799857E-03,-47.2296650E-03,+91.6195830E-03
+7.1896125E-03,+12.1374586E-03,-47.0325357E-03,+91.6025430E-03
+7.1899062E-03,+10.7496318E-03,-47.2163003E-03,+91.6047148E-03
+7.1902000E-03,+8.3384202E-03,-47.0809827E-03,+91.6103947E-03
+7.1904937E-03,+6.3172672E-03,-47.0893356E-03,+91.6082230E-03
+7.1907875E-03,+7.1878335E-03,-47.1945826E-03,+91.6047148E-03
+7.1910812E-03,+8.0883534E-03,-47.1544885E-03,+91.6147383E-03
+7.1913750E-03,+10.2811792E-03,-47.4952883E-03,+91.6239265E-03
+7.1916687E-03,+12.2984731E-03,-47.3215472E-03,+91.6160747E-03
+7.1919625E-03,+12.9281975E-03,-46.9974534E-03,+91.6103947E-03
+7.1922562E-03,+11.5705081E-03,-47.2948178E-03,+91.6103947E-03
+7.1925500E-03,+9.0112191E-03,-47.2029356E-03,+91.6060512E-03
+7.1928437E-03,+6.2589036E-03,-47.2380179E-03,+91.5990348E-03
+7.1931375E-03,+5.2064105E-03,-47.1812179E-03,+91.6147383E-03
+7.1934312E-03,+5.3177718E-03,-47.1812179E-03,+91.6217547E-03
+7.1937250E-03,+7.8750027E-03,-47.2029356E-03,+91.6125665E-03
+7.1940187E-03,+11.0309754E-03,-47.1945826E-03,+91.6160747E-03
+7.1943125E-03,+11.8561150E-03,-47.0676180E-03,+91.6103947E-03
+7.1946062E-03,+11.6351198E-03,-47.1160650E-03,+91.6103947E-03
+7.1949000E-03,+10.0294953E-03,-47.0108181E-03,+91.6147383E-03
+7.1951937E-03,+7.7634944E-03,-47.2029356E-03,+91.6174112E-03
+7.1954875E-03,+6.8018177E-03,-47.3031708E-03,+91.5990348E-03
+7.1957812E-03,+7.3084198E-03,-47.3733354E-03,+91.6103947E-03
+7.1960750E-03,+9.1144212E-03,-47.2163003E-03,+91.6103947E-03
+7.1963687E-03,+11.8098798E-03,-47.1027003E-03,+91.6125665E-03
+7.1966625E-03,+12.7956297E-03,-47.0809827E-03,+91.6139030E-03
+7.1969562E-03,+12.5544204E-03,-47.0459004E-03,+91.5981995E-03
+7.1972500E-03,+11.1091856E-03,-47.1027003E-03,+91.5911830E-03
+7.1975437E-03,+8.3993933E-03,-47.0809827E-03,+91.6047148E-03
+7.1978375E-03,+6.7850216E-03,-47.0241828E-03,+91.6082230E-03
+7.1981312E-03,+6.6100042E-03,-47.1110533E-03,+91.6068865E-03
+7.1984250E-03,+8.2253315E-03,-47.3165355E-03,+91.6182465E-03
+7.1987187E-03,+10.9180704E-03,-47.1728650E-03,+91.6117312E-03
+7.1990125E-03,+11.4460628E-03,-47.0325357E-03,+91.6055500E-03
+7.1993062E-03,+11.3723364E-03,-47.1728650E-03,+91.6274347E-03
+7.1996000E-03,+10.9240612E-03,-47.0108181E-03,+91.6082230E-03
+7.1998937E-03,+8.7068682E-03,-47.1160650E-03,+91.6068865E-03
+7.2001875E-03,+6.3297265E-03,-46.9673828E-03,+91.6139030E-03
+7.2004812E-03,+5.4332862E-03,-47.0893356E-03,+91.6047148E-03
+7.2007750E-03,+7.4166939E-03,-47.1511474E-03,+91.6038795E-03
+7.2010687E-03,+10.2394646E-03,-46.9540181E-03,+91.5890112E-03
+7.2013625E-03,+12.2779650E-03,-47.0726298E-03,+91.5990348E-03
+7.2016562E-03,+12.4438676E-03,-46.9189358E-03,+91.6103947E-03
+7.2019500E-03,+11.6395669E-03,-47.2380179E-03,+91.6103947E-03
+7.2022437E-03,+9.4099514E-03,-47.1595003E-03,+91.6017077E-03
+7.2025375E-03,+7.1478463E-03,-47.1461356E-03,+91.5898465E-03
+7.2028312E-03,+6.0038384E-03,-47.2380179E-03,+91.6095595E-03
+7.2031250E-03,+7.4351806E-03,-47.1377827E-03,+91.5933548E-03
+7.2034187E-03,+10.7986602E-03,-46.9807475E-03,+91.6038795E-03
+7.2037125E-03,+12.8412769E-03,-46.8237123E-03,+91.5976983E-03
+7.2040062E-03,+13.2297552E-03,-46.7969829E-03,+91.6217547E-03
+7.2043000E-03,+11.6046516E-03,-47.0893356E-03,+91.6082230E-03
+7.2045937E-03,+8.7537281E-03,-47.1945826E-03,+91.6047148E-03
+7.2048875E-03,+5.9713856E-03,-47.0459004E-03,+91.6060512E-03
+7.2051812E-03,+5.0520850E-03,-47.0809827E-03,+91.5968630E-03
+7.2054750E-03,+6.9842223E-03,-47.0893356E-03,+91.6003712E-03
+7.2057687E-03,+10.2409347E-03,-47.1945826E-03,+91.6033783E-03
+7.2060625E-03,+12.4312614E-03,-47.0459004E-03,+91.6282700E-03
+7.2063562E-03,+13.1292727E-03,-47.1244180E-03,+91.6209194E-03
+7.2066500E-03,+12.1781808E-03,-47.1812179E-03,+91.5933548E-03
+7.2069437E-03,+8.7002159E-03,-47.1595003E-03,+91.6038795E-03
+7.2072375E-03,+5.7201427E-03,-47.1027003E-03,+91.5933548E-03
+7.2075312E-03,+4.6528381E-03,-47.1244180E-03,+91.6103947E-03
+7.2078250E-03,+6.3189211E-03,-47.1377827E-03,+91.6103947E-03
+7.2081187E-03,+9.9599220E-03,-47.1327709E-03,+91.6038795E-03
+7.2084125E-03,+12.4628321E-03,-47.3299002E-03,+91.5890112E-03
+7.2087062E-03,+13.4537274E-03,-47.0592651E-03,+91.5990348E-03
+7.2090000E-03,+12.3834091E-03,-47.0325357E-03,+91.6060512E-03
+7.2092937E-03,+9.6368271E-03,-47.1728650E-03,+91.6012065E-03
+7.2095875E-03,+6.0540429E-03,-47.0108181E-03,+91.6139030E-03
+7.2098812E-03,+4.5328398E-03,-47.2029356E-03,+91.6068865E-03
+7.2101750E-03,+5.6067599E-03,-47.2380179E-03,+91.6204183E-03
+7.2104687E-03,+8.4057515E-03,-47.1595003E-03,+91.6217547E-03
+7.2107625E-03,+11.4868217E-03,-47.1461356E-03,+91.6082230E-03
+7.2110562E-03,+13.3489816E-03,-47.1945826E-03,+91.6047148E-03
+7.2113500E-03,+13.5097756E-03,-46.9807475E-03,+91.6082230E-03
+7.2116437E-03,+11.3147446E-03,-46.9974534E-03,+91.6025430E-03
+7.2119375E-03,+8.2432302E-03,-47.2731002E-03,+91.6047148E-03
+7.2122312E-03,+5.6902258E-03,-47.1244180E-03,+91.6082230E-03
+7.2125250E-03,+6.1260051E-03,-47.1812179E-03,+91.6112300E-03
+7.2128187E-03,+8.2660904E-03,-47.1595003E-03,+91.6296065E-03
+7.2131125E-03,+11.4064799E-03,-47.1461356E-03,+91.6182465E-03
+7.2134062E-03,+13.1036191E-03,-47.2597355E-03,+91.6095595E-03
+7.2137000E-03,+12.8571541E-03,-47.1728650E-03,+91.5911830E-03
+7.2139937E-03,+10.4444356E-03,-47.0108181E-03,+91.6068865E-03
+7.2142875E-03,+7.7852521E-03,-47.2246532E-03,+91.6117312E-03
+7.2145812E-03,+5.8178319E-03,-47.2513826E-03,+91.5946912E-03
+7.2148750E-03,+5.7797926E-03,-47.0241828E-03,+91.5925195E-03
+7.2151687E-03,+8.1654610E-03,-46.9590299E-03,+91.5911830E-03
+7.2154625E-03,+11.7123376E-03,-46.8972181E-03,+91.5981995E-03
+7.2157562E-03,+13.0762750E-03,-47.2246532E-03,+91.5911830E-03
+7.2160500E-03,+12.1181265E-03,-47.2731002E-03,+91.6025430E-03
+7.2163437E-03,+10.4613420E-03,-47.1244180E-03,+91.6068865E-03
+7.2166375E-03,+7.8795968E-03,-47.1377827E-03,+91.6160747E-03
+7.2169312E-03,+6.2273329E-03,-47.1544885E-03,+91.6082230E-03
+7.2172250E-03,+6.1531655E-03,-47.4735706E-03,+91.6112300E-03
+7.2175187E-03,+7.6712445E-03,-47.3950531E-03,+91.6209194E-03
+7.2178125E-03,+10.7963080E-03,-47.3165355E-03,+91.5933548E-03
+7.2181062E-03,+12.5010551E-03,-47.2163003E-03,+91.6082230E-03
+7.2184000E-03,+12.0189304E-03,-47.1244180E-03,+91.6047148E-03
+7.2186937E-03,+10.5280853E-03,-47.1812179E-03,+91.6103947E-03
+7.2189875E-03,+8.5104974E-03,-47.1595003E-03,+91.6169100E-03
+7.2192812E-03,+6.1724240E-03,-47.0809827E-03,+91.6296065E-03
+7.2195750E-03,+6.0204875E-03,-47.0459004E-03,+91.6139030E-03
+7.2198687E-03,+7.7758066E-03,-47.0375475E-03,+91.6003712E-03
+7.2201625E-03,+10.7326152E-03,-46.9105828E-03,+91.5968630E-03
+7.2204562E-03,+13.0712031E-03,-47.1327709E-03,+91.6047148E-03
+7.2207500E-03,+12.8817051E-03,-47.4819236E-03,+91.6082230E-03
+7.2210437E-03,+11.7994788E-03,-47.5654529E-03,+91.6047148E-03
+7.2213375E-03,+9.5595358E-03,-47.2948178E-03,+91.6103947E-03
+7.2216312E-03,+6.0566156E-03,-47.1595003E-03,+91.6103947E-03
+7.2219250E-03,+5.6119421E-03,-47.1461356E-03,+91.6103947E-03
+7.2222187E-03,+6.7147500E-03,-47.2597355E-03,+91.6103947E-03
+7.2225125E-03,+9.3411867E-03,-47.2814531E-03,+91.6103947E-03
+7.2228062E-03,+12.1150393E-03,-47.2513826E-03,+91.6060512E-03
+7.2231000E-03,+13.9876737E-03,-47.0241828E-03,+91.6012065E-03
+7.2233937E-03,+12.3448185E-03,-47.0024651E-03,+91.6139030E-03
+7.2236875E-03,+9.1276523E-03,-46.9891004E-03,+91.6068865E-03
+7.2239812E-03,+6.9972697E-03,-47.1027003E-03,+91.6095595E-03
+7.2242750E-03,+5.2868626E-03,-47.1895709E-03,+91.5933548E-03
+7.2245687E-03,+6.3615177E-03,-47.2864649E-03,+91.6125665E-03
+7.2248625E-03,+9.2709151E-03,-47.1194062E-03,+91.6139030E-03
+7.2251562E-03,+12.2000488E-03,-47.4217825E-03,+91.6068865E-03
+7.2254500E-03,+13.9104559E-03,-47.0676180E-03,+91.6182465E-03
+7.2257437E-03,+13.0132805E-03,-47.0943474E-03,+91.6160747E-03
+7.2260375E-03,+9.8991694E-03,-46.9323005E-03,+91.6103947E-03
+7.2263312E-03,+7.1856651E-03,-47.1027003E-03,+91.6082230E-03
+7.2266250E-03,+5.4316691E-03,-47.0809827E-03,+91.6090583E-03
+7.2269187E-03,+6.3041097E-03,-47.1327709E-03,+91.6195830E-03
+7.2272125E-03,+8.3850596E-03,-47.3516178E-03,+91.6047148E-03
+7.2275062E-03,+11.0421482E-03,-47.1377827E-03,+91.6082230E-03
+7.2278000E-03,+12.9600623E-03,-47.0676180E-03,+91.6003712E-03
+7.2280937E-03,+12.7059894E-03,-47.2029356E-03,+91.5990348E-03
+7.2283875E-03,+10.9784922E-03,-47.2814531E-03,+91.6060512E-03
+7.2286812E-03,+7.1823941E-03,-47.2731002E-03,+91.5968630E-03
+7.2289750E-03,+5.1387483E-03,-47.1461356E-03,+91.6047148E-03
+7.2292687E-03,+5.8946455E-03,-47.2814531E-03,+91.6103947E-03
+7.2295625E-03,+7.9933103E-03,-47.2948178E-03,+91.6125665E-03
+7.2298562E-03,+10.6681873E-03,-47.1160650E-03,+91.6139030E-03
+7.2301500E-03,+13.4779476E-03,-47.0108181E-03,+91.6025430E-03
+7.2304437E-03,+13.3772814E-03,-47.1377827E-03,+91.5981995E-03
+7.2307375E-03,+10.7490070E-03,-47.1110533E-03,+91.5846677E-03
+7.2310312E-03,+8.2012216E-03,-47.3382531E-03,+91.5833312E-03
+7.2313250E-03,+6.1225871E-03,-47.2513826E-03,+91.5968630E-03
+7.2316187E-03,+6.4460127E-03,-47.1327709E-03,+91.6025430E-03
+7.2319125E-03,+8.7008774E-03,-47.3733354E-03,+91.6068865E-03
+7.2322062E-03,+11.4071414E-03,-47.1728650E-03,+91.6182465E-03
+7.2325000E-03,+14.0016766E-03,-46.9673828E-03,+91.6160747E-03
+7.2327937E-03,+14.3814444E-03,-47.0024651E-03,+91.6103947E-03
+7.2330875E-03,+11.7035169E-03,-47.0108181E-03,+91.6082230E-03
+7.2333812E-03,+8.1476726E-03,-47.2029356E-03,+91.6047148E-03
+7.2336750E-03,+5.5027492E-03,-47.2163003E-03,+91.6038795E-03
+7.2339687E-03,+5.3508126E-03,-47.1027003E-03,+91.5868395E-03
+7.2342625E-03,+6.2018998E-03,-47.0809827E-03,+91.5911830E-03
+7.2345562E-03,+8.9814859E-03,-47.0459004E-03,+91.6025430E-03
+7.2348500E-03,+11.8090713E-03,-47.1244180E-03,+91.6068865E-03
+7.2351437E-03,+12.1777765E-03,-47.0943474E-03,+91.6182465E-03
+7.2354375E-03,+10.2963214E-03,-46.9540181E-03,+91.6139030E-03
+7.2357312E-03,+8.0185964E-03,-47.1595003E-03,+91.6025430E-03
+7.2360250E-03,+6.2748544E-03,-47.0158298E-03,+91.6025430E-03
+7.2363187E-03,+5.9675633E-03,-46.8103476E-03,+91.6047148E-03
+7.2366125E-03,+7.6267735E-03,-46.9105828E-03,+91.6147383E-03
+7.2369062E-03,+10.0176975E-03,-47.0241828E-03,+91.6174112E-03
+7.2372000E-03,+13.6277157E-03,-47.0241828E-03,+91.5903477E-03
+7.2374937E-03,+14.2266412E-03,-46.9807475E-03,+91.5833312E-03
+7.2377875E-03,+12.4444189E-03,-46.9540181E-03,+91.5925195E-03
+7.2380812E-03,+8.6702255E-03,-47.1160650E-03,+91.5933548E-03
+7.2383750E-03,+6.5550218E-03,-46.9673828E-03,+91.6125665E-03
+7.2386687E-03,+6.2188062E-03,-47.0241828E-03,+91.6117312E-03
+7.2389625E-03,+6.8681567E-03,-47.0459004E-03,+91.5925195E-03
+7.2392562E-03,+9.5969134E-03,-47.1027003E-03,+91.5911830E-03
+7.2395500E-03,+12.3482733E-03,-47.0592651E-03,+91.6047148E-03
+7.2398437E-03,+12.5167486E-03,-46.9239475E-03,+91.6038795E-03
+7.2401375E-03,+11.5616139E-03,-46.8671476E-03,+91.5933548E-03
+7.2404312E-03,+9.1688155E-03,-46.8671476E-03,+91.6082230E-03
+7.2407250E-03,+6.4279670E-03,-46.9323005E-03,+91.6025430E-03
+7.2410187E-03,+6.1189853E-03,-47.1027003E-03,+91.5981995E-03
+7.2413125E-03,+7.4191931E-03,-47.0158298E-03,+91.5911830E-03
+7.2416062E-03,+10.2031895E-03,-46.8755005E-03,+91.6003712E-03
+7.2419000E-03,+12.4795914E-03,-47.1027003E-03,+91.5968630E-03
+7.2421937E-03,+13.0171028E-03,-47.0592651E-03,+91.5981995E-03
+7.2424875E-03,+11.7670627E-03,-46.9022299E-03,+91.5868395E-03
+7.2427812E-03,+9.1583777E-03,-46.9189358E-03,+91.5890112E-03
+7.2430750E-03,+7.1326674E-03,-47.2597355E-03,+91.5946912E-03
+7.2433687E-03,+5.6538404E-03,-47.2163003E-03,+91.5990348E-03
+7.2436625E-03,+6.4642789E-03,-47.1244180E-03,+91.6038795E-03
+7.2439562E-03,+8.9856390E-03,-47.1812179E-03,+91.5846677E-03
+7.2442500E-03,+11.1767374E-03,-47.2463708E-03,+91.5855030E-03
+7.2445437E-03,+12.0969201E-03,-47.2647473E-03,+91.6068865E-03
+7.2448375E-03,+11.4234965E-03,-46.9323005E-03,+91.6095595E-03
+7.2451312E-03,+9.0203705E-03,-47.0592651E-03,+91.5911830E-03
+7.2454250E-03,+6.8749192E-03,-47.0108181E-03,+91.6025430E-03
+7.2457187E-03,+4.9205463E-03,-47.2463708E-03,+91.6068865E-03
+7.2460125E-03,+6.0828939E-03,-47.3516178E-03,+91.6095595E-03
+7.2463062E-03,+9.2826025E-03,-47.1377827E-03,+91.5911830E-03
+7.2466000E-03,+11.2788370E-03,-47.1110533E-03,+91.5981995E-03
+7.2468937E-03,+13.2149070E-03,-47.2731002E-03,+91.5933548E-03
+7.2471875E-03,+13.3344642E-03,-47.1027003E-03,+91.6103947E-03
+7.2474812E-03,+11.6477995E-03,-47.0375475E-03,+91.6060512E-03
+7.2477750E-03,+7.2790910E-03,-46.9540181E-03,+91.5946912E-03
+7.2480687E-03,+5.4097276E-03,-47.1812179E-03,+91.5968630E-03
+7.2483625E-03,+5.8024692E-03,-47.2463708E-03,+91.6003712E-03
+7.2486562E-03,+7.8171904E-03,-47.2864649E-03,+91.5968630E-03
+7.2489500E-03,+10.9477668E-03,-46.9673828E-03,+91.6047148E-03
+7.2492437E-03,+12.9566810E-03,-47.0893356E-03,+91.6103947E-03
+7.2495375E-03,+13.3508560E-03,-47.2597355E-03,+91.6038795E-03
+7.2498312E-03,+11.4417259E-03,-47.2380179E-03,+91.5911830E-03
+7.2501250E-03,+7.9254277E-03,-47.1812179E-03,+91.6003712E-03
+7.2504187E-03,+5.3202342E-03,-47.1595003E-03,+91.5925195E-03
+7.2507125E-03,+5.5460074E-03,-47.1895709E-03,+91.5933548E-03
+7.2510062E-03,+7.6432021E-03,-47.3733354E-03,+91.6103947E-03
+7.2513000E-03,+9.9454045E-03,-47.1945826E-03,+91.6082230E-03
+7.2515937E-03,+12.9409508E-03,-46.9590299E-03,+91.6025430E-03
+7.2518875E-03,+13.3197263E-03,-46.8320653E-03,+91.6003712E-03
+7.2521812E-03,+12.0109551E-03,-47.0542533E-03,+91.5968630E-03
+7.2524750E-03,+9.0272801E-03,-47.2513826E-03,+91.6025430E-03
+7.2527687E-03,+6.2573968E-03,-47.0676180E-03,+91.6068865E-03
+7.2530625E-03,+4.9517495E-03,-47.2029356E-03,+91.6139030E-03
+7.2533562E-03,+6.7759436E-03,-47.2597355E-03,+91.6090583E-03
+7.2536500E-03,+10.9058317E-03,-47.2380179E-03,+91.6152394E-03
+7.2539437E-03,+12.9303292E-03,-47.1595003E-03,+91.5846677E-03
+7.2542375E-03,+13.9569115E-03,-47.1461356E-03,+91.5898465E-03
+7.2545312E-03,+12.4679040E-03,-47.1945826E-03,+91.6160747E-03
+7.2548250E-03,+9.1118485E-03,-47.0676180E-03,+91.6103947E-03
+7.2551187E-03,+5.7756763E-03,-47.1812179E-03,+91.6082230E-03
+7.2554125E-03,+4.1694270E-03,-47.1595003E-03,+91.5960277E-03
+7.2557062E-03,+5.5618111E-03,-47.1244180E-03,+91.5855030E-03
+7.2560000E-03,+8.4945833E-03,-47.1812179E-03,+91.6003712E-03
+7.2562937E-03,+11.5974848E-03,-47.1377827E-03,+91.6055500E-03
+7.2565875E-03,+12.9193033E-03,-47.0676180E-03,+91.6274347E-03
+7.2568812E-03,+12.1606129E-03,-47.1595003E-03,+91.6103947E-03
+7.2571750E-03,+9.3665462E-03,-47.1244180E-03,+91.6103947E-03
+7.2574687E-03,+7.3330443E-03,-47.1595003E-03,+91.6103947E-03
+7.2577625E-03,+6.0794392E-03,-47.1027003E-03,+91.6125665E-03
+7.2580562E-03,+6.3293957E-03,-47.1244180E-03,+91.6117312E-03
+7.2583500E-03,+9.2516933E-03,-47.0943474E-03,+91.5968630E-03
+7.2586437E-03,+11.9374125E-03,-46.9540181E-03,+91.6068865E-03
+7.2589375E-03,+12.7635812E-03,-47.1377827E-03,+91.6225900E-03
+7.2592312E-03,+11.8309760E-03,-47.0459004E-03,+91.6230912E-03
+7.2595250E-03,+8.9910785E-03,-47.1027003E-03,+91.5968630E-03
+7.2598187E-03,+6.8238694E-03,-47.0592651E-03,+91.6047148E-03
+7.2601125E-03,+6.0396357E-03,-47.0108181E-03,+91.6125665E-03
+7.2604062E-03,+6.2593814E-03,-47.1595003E-03,+91.6139030E-03
+7.2607000E-03,+8.2318000E-03,-47.1678532E-03,+91.6068865E-03
+7.2609937E-03,+11.0929040E-03,-47.1427944E-03,+91.6204183E-03
+7.2612875E-03,+12.3548153E-03,-46.7401830E-03,+91.6174112E-03
+7.2615812E-03,+11.9740184E-03,-47.0241828E-03,+91.5990348E-03
+7.2618750E-03,+9.7508347E-03,-47.0241828E-03,+91.6103947E-03
+7.2621687E-03,+6.7765684E-03,-47.0024651E-03,+91.6082230E-03
+7.2624625E-03,+5.8891693E-03,-47.0108181E-03,+91.6047148E-03
+7.2627562E-03,+6.2582053E-03,-47.2029356E-03,+91.6082230E-03
+7.2630500E-03,+8.0519680E-03,-47.2163003E-03,+91.6068865E-03
+7.2633437E-03,+10.2303131E-03,-47.0809827E-03,+91.6160747E-03
+7.2636375E-03,+12.7900433E-03,-47.0893356E-03,+91.6125665E-03
+7.2639312E-03,+12.8806760E-03,-47.2814531E-03,+91.6139030E-03
+7.2642250E-03,+10.9376597E-03,-47.3599707E-03,+91.6025430E-03
+7.2645187E-03,+7.9917667E-03,-47.3299002E-03,+91.6047148E-03
+7.2648125E-03,+6.6510572E-03,-47.1027003E-03,+91.6147383E-03
+7.2651062E-03,+7.1349828E-03,-47.1027003E-03,+91.6195830E-03
+7.2654000E-03,+9.0091608E-03,-47.1027003E-03,+91.6047148E-03
+7.2656937E-03,+11.3598037E-03,-47.0809827E-03,+91.6060512E-03
+7.2659875E-03,+12.9644359E-03,-47.0024651E-03,+91.5946912E-03
+7.2662812E-03,+13.0254090E-03,-47.0325357E-03,+91.5968630E-03
+7.2665750E-03,+10.5142662E-03,-47.1945826E-03,+91.6047148E-03
+7.2668687E-03,+7.9120129E-03,-47.1110533E-03,+91.6125665E-03
+7.2671625E-03,+6.5103671E-03,-47.3165355E-03,+91.6139030E-03
+7.2674562E-03,+6.0074034E-03,-47.2814531E-03,+91.6003712E-03
+7.2677500E-03,+7.7597456E-03,-47.3382531E-03,+91.5968630E-03
+7.2680437E-03,+9.9118492E-03,-47.2513826E-03,+91.6003712E-03
+7.2683375E-03,+11.0104672E-03,-47.0024651E-03,+91.5968630E-03
+7.2686312E-03,+11.7153146E-03,-46.9456652E-03,+91.6025430E-03
+7.2689250E-03,+10.4858562E-03,-46.9673828E-03,+91.6068865E-03
+7.2692187E-03,+7.8100236E-03,-46.9373122E-03,+91.6139030E-03
+7.2695125E-03,+5.9444825E-03,-46.8187006E-03,+91.6047148E-03
+7.2698062E-03,+5.8831418E-03,-47.0809827E-03,+91.6082230E-03
+7.2701000E-03,+7.4677437E-03,-47.0241828E-03,+91.6025430E-03
+7.2703937E-03,+10.4011039E-03,-47.0024651E-03,+91.6047148E-03
+7.2706875E-03,+13.2328056E-03,-46.9456652E-03,+91.6103947E-03
+7.2709812E-03,+13.4273756E-03,-47.0108181E-03,+91.6103947E-03
+7.2712750E-03,+12.1393330E-03,-47.1377827E-03,+91.6082230E-03
+7.2715687E-03,+9.2623885E-03,-47.0024651E-03,+91.5960277E-03
+7.2718625E-03,+6.7849848E-03,-46.9673828E-03,+91.5876748E-03
+7.2721562E-03,+5.5126357E-03,-47.0024651E-03,+91.6082230E-03
+7.2724500E-03,+6.3071234E-03,-46.9239475E-03,+91.6047148E-03
+7.2727437E-03,+8.6307896E-03,-46.8888652E-03,+91.6038795E-03
+7.2730375E-03,+11.1672919E-03,-47.0108181E-03,+91.5911830E-03
+7.2733312E-03,+12.3147546E-03,-47.2246532E-03,+91.5960277E-03
+7.2736250E-03,+10.9654449E-03,-47.2513826E-03,+91.5898465E-03
+7.2739187E-03,+8.6802223E-03,-47.0893356E-03,+91.6117312E-03
+7.2742125E-03,+6.9711751E-03,-47.2163003E-03,+91.5946912E-03
+7.2745062E-03,+5.8139361E-03,-47.1244180E-03,+91.5968630E-03
+7.2748000E-03,+6.8314772E-03,-47.1812179E-03,+91.6025430E-03
+7.2750937E-03,+9.8997942E-03,-47.2463708E-03,+91.6047148E-03
+7.2753875E-03,+13.2519171E-03,-47.3299002E-03,+91.6125665E-03
+7.2756812E-03,+14.8886714E-03,-47.1027003E-03,+91.6160747E-03
+7.2759750E-03,+13.0416538E-03,-47.1027003E-03,+91.6169100E-03
+7.2762687E-03,+10.4049630E-03,-47.1895709E-03,+91.6252630E-03
+7.2765625E-03,+7.8467397E-03,-47.2647473E-03,+91.6090583E-03
+7.2768562E-03,+6.1108261E-03,-46.9757357E-03,+91.6195830E-03
+7.2771500E-03,+6.0118138E-03,-47.2163003E-03,+91.6068865E-03
+7.2774437E-03,+8.8391419E-03,-47.0592651E-03,+91.6182465E-03
+7.2777375E-03,+11.5891418E-03,-46.9456652E-03,+91.6182465E-03
+7.2780312E-03,+13.1400413E-03,-47.0325357E-03,+91.6095595E-03
+7.2783250E-03,+11.6685282E-03,-47.1945826E-03,+91.5933548E-03
+7.2786187E-03,+8.9438142E-03,-47.0024651E-03,+91.6169100E-03
+7.2789125E-03,+6.5638793E-03,-46.9022299E-03,+91.6274347E-03
+7.2792062E-03,+5.1161821E-03,-46.8537829E-03,+91.6038795E-03
+7.2795000E-03,+5.3006082E-03,-47.0893356E-03,+91.5890112E-03
+7.2797937E-03,+7.2329293E-03,-47.2163003E-03,+91.5946912E-03
+7.2800875E-03,+10.1784915E-03,-47.1027003E-03,+91.5990348E-03
+7.2803812E-03,+12.6421496E-03,-47.0592651E-03,+91.6082230E-03
+7.2806750E-03,+12.1707200E-03,-47.0108181E-03,+91.6112300E-03
+7.2809687E-03,+10.2465947E-03,-47.1812179E-03,+91.6274347E-03
+7.2812625E-03,+8.4229519E-03,-47.1377827E-03,+91.6082230E-03
+7.2815562E-03,+7.0736054E-03,-47.0893356E-03,+91.6003712E-03
+7.2818500E-03,+7.3692459E-03,-47.2163003E-03,+91.5990348E-03
+7.2821437E-03,+8.8624065E-03,-47.1244180E-03,+91.6103947E-03
+7.2824375E-03,+11.5859443E-03,-47.1595003E-03,+91.6060512E-03
+7.2827312E-03,+13.4270815E-03,-47.0375475E-03,+91.6012065E-03
+7.2830250E-03,+13.4618498E-03,-46.8888652E-03,+91.6204183E-03
+7.2833187E-03,+11.3147814E-03,-46.8805123E-03,+91.6152394E-03
+7.2836125E-03,+7.9927223E-03,-46.7318300E-03,+91.5911830E-03
+7.2839062E-03,+5.9915997E-03,-46.8972181E-03,+91.6047148E-03
+7.2842000E-03,+5.8919993E-03,-47.1812179E-03,+91.6103947E-03
+7.2844937E-03,+7.8080389E-03,-47.2029356E-03,+91.6082230E-03
+7.2847875E-03,+10.4301755E-03,-47.2597355E-03,+91.6112300E-03
+7.2850812E-03,+13.6418656E-03,-47.2814531E-03,+91.6252630E-03
+7.2853750E-03,+13.4843426E-03,-47.2513826E-03,+91.6003712E-03
+7.2856687E-03,+11.1255774E-03,-47.0024651E-03,+91.6033783E-03
+7.2859625E-03,+7.3985012E-03,-46.9891004E-03,+91.6174112E-03
+7.2862562E-03,+5.6471146E-03,-47.0375475E-03,+91.5990348E-03
+7.2865500E-03,+5.4567713E-03,-46.9323005E-03,+91.6082230E-03
+7.2868437E-03,+7.3767435E-03,-47.0809827E-03,+91.6090583E-03
+7.2871375E-03,+10.5350683E-03,-47.0893356E-03,+91.6152394E-03
+7.2874312E-03,+12.9830696E-03,-47.1511474E-03,+91.5890112E-03
+7.2877250E-03,+13.3507825E-03,-46.8888652E-03,+91.5990348E-03
+7.2880187E-03,+11.3992763E-03,-46.9673828E-03,+91.6082230E-03
+7.2883125E-03,+7.8828679E-03,-47.0676180E-03,+91.6025430E-03
+7.2886062E-03,+4.9152539E-03,-47.1812179E-03,+91.6025430E-03
+7.2889000E-03,+4.5651824E-03,-47.1812179E-03,+91.6025430E-03
+7.2891937E-03,+6.2665850E-03,-47.1595003E-03,+91.6025430E-03
+7.2894875E-03,+8.7764046E-03,-47.1678532E-03,+91.6047148E-03
+7.2897812E-03,+12.2484891E-03,-47.3165355E-03,+91.6103947E-03
+7.2900750E-03,+13.2023375E-03,-47.1728650E-03,+91.6082230E-03
+7.2903687E-03,+11.9909247E-03,-47.0108181E-03,+91.6068865E-03
+7.2906625E-03,+9.0501036E-03,-47.1160650E-03,+91.6139030E-03
+7.2909562E-03,+6.0086163E-03,-46.9891004E-03,+91.6025430E-03
+7.2912500E-03,+5.2206338E-03,-47.2112885E-03,+91.6025430E-03
+7.2915437E-03,+6.5702008E-03,-47.3432649E-03,+91.6068865E-03
+7.2918375E-03,+9.5808157E-03,-47.0325357E-03,+91.6204183E-03
+7.2921312E-03,+12.5949588E-03,-47.1945826E-03,+91.6260983E-03
+7.2924250E-03,+14.0467724E-03,-47.0024651E-03,+91.6217547E-03
+7.2927187E-03,+12.3501109E-03,-47.0325357E-03,+91.6125665E-03
+7.2930125E-03,+9.5350951E-03,-47.2380179E-03,+91.6160747E-03
+7.2933062E-03,+6.6592899E-03,-47.1160650E-03,+91.6060512E-03
+7.2936000E-03,+5.2162970E-03,-46.9456652E-03,+91.5968630E-03
+7.2938937E-03,+5.8962626E-03,-46.9673828E-03,+91.6047148E-03
+7.2941875E-03,+9.0872240E-03,-47.1110533E-03,+91.6103947E-03
+7.2944812E-03,+12.2623082E-03,-47.3165355E-03,+91.6169100E-03
+7.2947750E-03,+14.5913403E-03,-47.3031708E-03,+91.6296065E-03
+7.2950687E-03,+13.4890470E-03,-47.3950531E-03,+91.6247618E-03
+7.2953625E-03,+10.6086477E-03,-47.2513826E-03,+91.6309430E-03
+7.2956562E-03,+7.0066784E-03,-47.0241828E-03,+91.6047148E-03
+7.2959500E-03,+4.7559300E-03,-47.0459004E-03,+91.6082230E-03
+7.2962437E-03,+4.6427310E-03,-47.1244180E-03,+91.6047148E-03
+7.2965375E-03,+6.8987351E-03,-47.2029356E-03,+91.6103947E-03
+7.2968312E-03,+11.2803806E-03,-47.2163003E-03,+91.6125665E-03
+7.2971250E-03,+14.1071207E-03,-47.0592651E-03,+91.6204183E-03
+7.2974187E-03,+13.4373724E-03,-47.0325357E-03,+91.6195830E-03
+7.2977125E-03,+11.3251825E-03,-47.1945826E-03,+91.6047148E-03
+7.2980062E-03,+8.0697197E-03,-47.0676180E-03,+91.6125665E-03
+7.2983000E-03,+5.1905332E-03,-47.0509121E-03,+91.6182465E-03
+7.2985937E-03,+4.5872709E-03,-46.7969829E-03,+91.6117312E-03
+7.2988875E-03,+5.9189759E-03,-47.0241828E-03,+91.5925195E-03
+7.2991812E-03,+9.5202469E-03,-47.0241828E-03,+91.5890112E-03
+7.2994750E-03,+12.3520221E-03,-47.0676180E-03,+91.5968630E-03
+7.2997687E-03,+13.0416905E-03,-47.2029356E-03,+91.6047148E-03
+7.3000625E-03,+10.7574235E-03,-47.2814531E-03,+91.6103947E-03
+7.3003562E-03,+8.4267742E-03,-47.2513826E-03,+91.6082230E-03
+7.3006500E-03,+6.2047298E-03,-47.0676180E-03,+91.6068865E-03
+7.3009437E-03,+5.2464711E-03,-47.2463708E-03,+91.6139030E-03
+7.3012375E-03,+6.7685563E-03,-47.3081825E-03,+91.5981995E-03
+7.3015312E-03,+9.9505132E-03,-47.0676180E-03,+91.5911830E-03
+7.3018250E-03,+12.4552978E-03,-47.1160650E-03,+91.6003712E-03
+7.3021187E-03,+13.0312894E-03,-46.9022299E-03,+91.5903477E-03
+7.3024125E-03,+12.3680831E-03,-46.8103476E-03,+91.5898465E-03
+7.3027062E-03,+9.6620029E-03,-46.8671476E-03,+91.6117312E-03
+7.3030000E-03,+7.2072391E-03,-46.9323005E-03,+91.5968630E-03
+7.3032937E-03,+6.2041050E-03,-47.1027003E-03,+91.6047148E-03
+7.3035875E-03,+7.4120630E-03,-47.0592651E-03,+91.6082230E-03
+7.3038812E-03,+10.4842390E-03,-47.0325357E-03,+91.6003712E-03
+7.3041750E-03,+12.6148054E-03,-47.1077121E-03,+91.5968630E-03
+7.3044687E-03,+13.3445713E-03,-46.7535477E-03,+91.6025430E-03
+7.3047625E-03,+12.1108127E-03,-46.8888652E-03,+91.6025430E-03
+7.3050562E-03,+8.9880647E-03,-46.9456652E-03,+91.6068865E-03
+7.3053500E-03,+6.1341275E-03,-46.8587946E-03,+91.6182465E-03
+7.3056437E-03,+5.4795214E-03,-46.7401830E-03,+91.6117312E-03
+7.3059375E-03,+5.9918202E-03,-47.0241828E-03,+91.5990348E-03
+7.3062312E-03,+8.7355722E-03,-46.9807475E-03,+91.6103947E-03
+7.3065250E-03,+11.2942365E-03,-46.9105828E-03,+91.6147383E-03
+7.3068187E-03,+12.0768163E-03,-47.0676180E-03,+91.6217547E-03
+7.3071125E-03,+11.1584712E-03,-47.1595003E-03,+91.6147383E-03
+7.3074062E-03,+8.3924470E-03,-46.9941122E-03,+91.6130677E-03
+7.3077000E-03,+6.2292808E-03,-46.7318300E-03,+91.5876748E-03
+7.3079937E-03,+5.3809500E-03,-46.9406534E-03,+91.6125665E-03
+7.3082875E-03,+6.9818702E-03,-47.2731002E-03,+91.6204183E-03
+7.3085812E-03,+9.2695185E-03,-47.1027003E-03,+91.6195830E-03
+7.3088750E-03,+12.9873329E-03,-47.0809827E-03,+91.6090583E-03
+7.3091687E-03,+14.1172277E-03,-47.1110533E-03,+91.6239265E-03
+7.3094625E-03,+13.4471486E-03,-47.2296650E-03,+91.6117312E-03
+7.3097562E-03,+10.4309106E-03,-46.9673828E-03,+91.5925195E-03
+7.3100500E-03,+7.4987264E-03,-47.0241828E-03,+91.5976983E-03
+7.3103437E-03,+5.9202623E-03,-47.0024651E-03,+91.6217547E-03
+7.3106375E-03,+6.4067973E-03,-46.9673828E-03,+91.6103947E-03
+7.3109312E-03,+8.8253595E-03,-47.0024651E-03,+91.6060512E-03
+7.3112250E-03,+11.9348030E-03,-46.9022299E-03,+91.6012065E-03
+7.3115187E-03,+13.4406801E-03,-46.7669124E-03,+91.6052159E-03
+7.3118125E-03,+12.6596440E-03,-46.7752653E-03,+91.5841665E-03
+7.3121062E-03,+10.4301388E-03,-47.0325357E-03,+91.6117312E-03
+7.3124000E-03,+7.8007619E-03,-47.2597355E-03,+91.5990348E-03
+7.3126937E-03,+5.6106925E-03,-47.2814531E-03,+91.6082230E-03
+7.3129875E-03,+4.8199536E-03,-47.2731002E-03,+91.6047148E-03
+7.3132812E-03,+7.2572965E-03,-47.1244180E-03,+91.6060512E-03
+7.3135750E-03,+10.9790067E-03,-47.1377827E-03,+91.6033783E-03
+7.3138687E-03,+13.5668161E-03,-46.9590299E-03,+91.6217547E-03
+7.3141625E-03,+13.3921663E-03,-46.8755005E-03,+91.6147383E-03
+7.3144562E-03,+11.3014768E-03,-47.0809827E-03,+91.6174112E-03
+7.3147500E-03,+8.6151329E-03,-47.0241828E-03,+91.6033783E-03
+7.3150437E-03,+6.3429943E-03,-47.1327709E-03,+91.6282700E-03
+7.3153375E-03,+6.0498163E-03,-47.3516178E-03,+91.6274347E-03
+7.3156312E-03,+7.6815354E-03,-47.1160650E-03,+91.6103947E-03
+7.3159250E-03,+10.5283425E-03,-46.9891004E-03,+91.6060512E-03
+7.3162187E-03,+12.5353089E-03,-47.0809827E-03,+91.5990348E-03
+7.3165125E-03,+12.6122327E-03,-47.0241828E-03,+91.6125665E-03
+7.3168062E-03,+10.7849146E-03,-47.0024651E-03,+91.6182465E-03
+7.3171000E-03,+8.4426515E-03,-47.0759709E-03,+91.6139030E-03
+7.3173937E-03,+6.8825271E-03,-47.3299002E-03,+91.6047148E-03
+7.3176875E-03,+6.2226652E-03,-47.0809827E-03,+91.6103947E-03
+7.3179812E-03,+7.3084198E-03,-47.0241828E-03,+91.6103947E-03
+7.3182750E-03,+10.1625040E-03,-47.0676180E-03,+91.6103947E-03
+7.3185687E-03,+12.1084605E-03,-47.0943474E-03,+91.6082230E-03
+7.3188625E-03,+11.0670667E-03,-46.8888652E-03,+91.6025430E-03
+7.3191562E-03,+10.3035617E-03,-46.9891004E-03,+91.6025430E-03
+7.3194500E-03,+8.7550512E-03,-47.0592651E-03,+91.6025430E-03
+7.3197437E-03,+7.2042988E-03,-47.0542533E-03,+91.6003712E-03
+7.3200375E-03,+6.7207040E-03,-47.2513826E-03,+91.5990348E-03
+7.3203312E-03,+8.4734504E-03,-46.9590299E-03,+91.6038795E-03
+7.3206250E-03,+10.2372962E-03,-46.7886300E-03,+91.5911830E-03
+7.3209187E-03,+12.4616193E-03,-46.8755005E-03,+91.6003712E-03
+7.3212125E-03,+11.7406006E-03,-47.1244180E-03,+91.5968630E-03
+7.3215062E-03,+9.6471914E-03,-47.1377827E-03,+91.6025430E-03
+7.3218000E-03,+8.3160377E-03,-47.0459004E-03,+91.6090583E-03
+7.3220937E-03,+5.8931019E-03,-47.0809827E-03,+91.6217547E-03
+7.3223875E-03,+6.5837259E-03,-47.0241828E-03,+91.6060512E-03
+7.3226812E-03,+8.2083884E-03,-46.9590299E-03,+91.5990348E-03
+7.3229750E-03,+10.1631288E-03,-46.8320653E-03,+91.6082230E-03
+7.3232687E-03,+12.0605715E-03,-46.9673828E-03,+91.6047148E-03
+7.3235625E-03,+13.0657637E-03,-47.0024651E-03,+91.6060512E-03
+7.3238562E-03,+11.0198393E-03,-46.9022299E-03,+91.5990348E-03
+7.3241500E-03,+8.6102815E-03,-46.8103476E-03,+91.6103947E-03
+7.3244437E-03,+7.1311973E-03,-46.9757357E-03,+91.6060512E-03
+7.3247375E-03,+6.9020061E-03,-47.2163003E-03,+91.5946912E-03
+7.3250312E-03,+9.3020081E-03,-47.1678532E-03,+91.5925195E-03
+7.3253250E-03,+11.2358729E-03,-47.2731002E-03,+91.5933548E-03
+7.3256187E-03,+12.3088374E-03,-47.1027003E-03,+91.6060512E-03
+7.3259125E-03,+12.5672104E-03,-47.0592651E-03,+91.5968630E-03
+7.3262062E-03,+11.2893851E-03,-47.0108181E-03,+91.6068865E-03
+7.3265000E-03,+7.8616614E-03,-47.1160650E-03,+91.6117312E-03
+7.3267937E-03,+6.4557890E-03,-46.9673828E-03,+91.5968630E-03
+7.3270875E-03,+6.4592438E-03,-47.0893356E-03,+91.6025430E-03
+7.3273812E-03,+7.2508280E-03,-47.2163003E-03,+91.5981995E-03
+7.3276750E-03,+9.2623149E-03,-47.1027003E-03,+91.5911830E-03
+7.3279687E-03,+11.4717898E-03,-47.1027003E-03,+91.6003712E-03
+7.3282625E-03,+12.7546502E-03,-47.0809827E-03,+91.5925195E-03
+7.3285562E-03,+11.2982426E-03,-47.0676180E-03,+91.5868395E-03
+7.3288500E-03,+8.7013552E-03,-47.1160650E-03,+91.5868395E-03
+7.3291437E-03,+6.3362685E-03,-47.0325357E-03,+91.5846677E-03
+7.3294375E-03,+5.6368238E-03,-47.2163003E-03,+91.5855030E-03
+7.3297312E-03,+6.2213421E-03,-47.1244180E-03,+91.6025430E-03
+7.3300250E-03,+8.1111769E-03,-47.1595003E-03,+91.6047148E-03
+7.3303187E-03,+10.8759148E-03,-47.0809827E-03,+91.6060512E-03
+7.3306125E-03,+12.3834091E-03,-47.0459004E-03,+91.6012065E-03
+7.3309062E-03,+12.5886741E-03,-47.1461356E-03,+91.6117312E-03
+7.3312000E-03,+10.8382431E-03,-47.2380179E-03,+91.5946912E-03
+7.3314937E-03,+7.9193268E-03,-47.1812179E-03,+91.5968630E-03
+7.3317875E-03,+5.9495544E-03,-47.1377827E-03,+91.6047148E-03
+7.3320812E-03,+6.4095170E-03,-47.0459004E-03,+91.6060512E-03
+7.3323750E-03,+9.0811966E-03,-47.1461356E-03,+91.5990348E-03
+7.3326687E-03,+11.9539145E-03,-47.2597355E-03,+91.6082230E-03
+7.3329625E-03,+13.0877419E-03,-47.2380179E-03,+91.6047148E-03
+7.3332562E-03,+12.5906220E-03,-47.2463708E-03,+91.6125665E-03
+7.3335500E-03,+10.2038143E-03,-47.3516178E-03,+91.6160747E-03
+7.3338437E-03,+7.2823620E-03,-47.1377827E-03,+91.6017077E-03
+7.3341375E-03,+5.7287061E-03,-47.0459004E-03,+91.5920183E-03
+7.3344312E-03,+5.4791171E-03,-47.0375475E-03,+91.6174112E-03
+7.3347250E-03,+7.5501069E-03,-46.9323005E-03,+91.5946912E-03
+7.3350187E-03,+10.6660557E-03,-47.1461356E-03,+91.5946912E-03
+7.3353125E-03,+12.8922164E-03,-47.1945826E-03,+91.6012065E-03
+7.3356062E-03,+12.4090626E-03,-47.1110533E-03,+91.6204183E-03
+7.3359000E-03,+10.8554067E-03,-47.2948178E-03,+91.6195830E-03
+7.3361937E-03,+8.6783847E-03,-47.1377827E-03,+91.6047148E-03
+7.3364875E-03,+7.3473044E-03,-47.0241828E-03,+91.6103947E-03
+7.3367812E-03,+6.7832942E-03,-47.1110533E-03,+91.6082230E-03
+7.3370750E-03,+8.0664119E-03,-47.3382531E-03,+91.6025430E-03
+7.3373687E-03,+11.0192512E-03,-47.2513826E-03,+91.5981995E-03
+7.3376625E-03,+13.2970130E-03,-47.0676180E-03,+91.5890112E-03
+7.3379562E-03,+13.3476585E-03,-47.2463708E-03,+91.5946912E-03
+7.3382500E-03,+11.1309066E-03,-47.2864649E-03,+91.5990348E-03
+7.3385437E-03,+8.6726145E-03,-47.0108181E-03,+91.6103947E-03
+7.3388375E-03,+5.8829948E-03,-47.1812179E-03,+91.6082230E-03
+7.3391312E-03,+5.0453592E-03,-47.2029356E-03,+91.6047148E-03
+7.3394250E-03,+6.9220732E-03,-47.1945826E-03,+91.6147383E-03
+7.3397187E-03,+9.2811692E-03,-47.0241828E-03,+91.6217547E-03
+7.3400125E-03,+12.3522793E-03,-47.0241828E-03,+91.6038795E-03
+7.3403062E-03,+13.7747274E-03,-47.0241828E-03,+91.5911830E-03
+7.3406000E-03,+12.1881041E-03,-47.0676180E-03,+91.6047148E-03
+7.3408937E-03,+9.3553733E-03,-47.1812179E-03,+91.6103947E-03
+7.3411875E-03,+6.4405365E-03,-47.1812179E-03,+91.6060512E-03
+7.3414812E-03,+5.3057536E-03,-47.1377827E-03,+91.5946912E-03
+7.3417750E-03,+6.2859170E-03,-47.0459004E-03,+91.5946912E-03
+7.3420687E-03,+8.6871318E-03,-47.1244180E-03,+91.6012065E-03
+7.3423625E-03,+11.5565788E-03,-47.1595003E-03,+91.6117312E-03
+7.3426562E-03,+13.7146731E-03,-47.1244180E-03,+91.6012065E-03
+7.3429500E-03,+13.0289740E-03,-47.1377827E-03,+91.6139030E-03
+7.3432437E-03,+10.1461490E-03,-47.0893356E-03,+91.6047148E-03
+7.3435375E-03,+7.1099541E-03,-47.2597355E-03,+91.6060512E-03
+7.3438312E-03,+5.3783773E-03,-47.3466060E-03,+91.5946912E-03
+7.3441250E-03,+5.8183097E-03,-47.4652177E-03,+91.5990348E-03
+7.3444187E-03,+7.6079560E-03,-47.1595003E-03,+91.6038795E-03
+7.3447125E-03,+9.8106684E-03,-47.1678532E-03,+91.5911830E-03
+7.3450062E-03,+11.9906307E-03,-47.2513826E-03,+91.6068865E-03
+7.3453000E-03,+12.0463849E-03,-47.0676180E-03,+91.6204183E-03
+7.3455937E-03,+10.6064057E-03,-47.1812179E-03,+91.6217547E-03
+7.3458875E-03,+8.9367944E-03,-47.1377827E-03,+91.6103947E-03
+7.3461812E-03,+7.6306694E-03,-47.1327709E-03,+91.6147383E-03
+7.3464750E-03,+7.8546048E-03,-47.3516178E-03,+91.6217547E-03
+7.3467687E-03,+9.4315621E-03,-47.2463708E-03,+91.6082230E-03
+7.3470625E-03,+10.9196140E-03,-47.3516178E-03,+91.6025430E-03
+7.3473562E-03,+12.5967597E-03,-47.1377827E-03,+91.6068865E-03
+7.3476500E-03,+12.4135832E-03,-47.0893356E-03,+91.6139030E-03
+7.3479437E-03,+10.8674984E-03,-47.2597355E-03,+91.6068865E-03
+7.3482375E-03,+8.5486469E-03,-47.1945826E-03,+91.6182465E-03
+7.3485312E-03,+7.3683638E-03,-47.0459004E-03,+91.6225900E-03
+7.3488250E-03,+7.4504698E-03,-47.1461356E-03,+91.6209194E-03
+7.3491187E-03,+8.4218493E-03,-47.2380179E-03,+91.5911830E-03
+7.3494125E-03,+9.6393631E-03,-47.2029356E-03,+91.6068865E-03
+7.3497062E-03,+11.1174550E-03,-47.2597355E-03,+91.6117312E-03
+7.3500000E-03,+11.7909154E-03,-47.2163003E-03,+91.5968630E-03
+7.3502937E-03,+10.8697771E-03,-47.0158298E-03,+91.6068865E-03
+7.3505875E-03,+9.2461804E-03,-46.8537829E-03,+91.6204183E-03
+7.3508812E-03,+7.0290242E-03,-47.0459004E-03,+91.6195830E-03
+7.3511750E-03,+6.1959091E-03,-47.0592651E-03,+91.6003712E-03
+7.3514687E-03,+7.2801936E-03,-46.9673828E-03,+91.6012065E-03
+7.3517625E-03,+8.9355448E-03,-47.1327709E-03,+91.6139030E-03
+7.3520562E-03,+11.1500180E-03,-47.3299002E-03,+91.6025430E-03
+7.3523500E-03,+12.0049643E-03,-47.1027003E-03,+91.6025430E-03
+7.3526437E-03,+11.4696582E-03,-47.1027003E-03,+91.6025430E-03
+7.3529375E-03,+9.4235132E-03,-47.1244180E-03,+91.6025430E-03
+7.3532312E-03,+8.0241093E-03,-47.1377827E-03,+91.6025430E-03
+7.3535250E-03,+6.7934380E-03,-47.0893356E-03,+91.6003712E-03
+7.3538187E-03,+7.6766472E-03,-47.1511474E-03,+91.5946912E-03
+7.3541125E-03,+9.7406173E-03,-46.9974534E-03,+91.6012065E-03
+7.3544062E-03,+10.8879330E-03,-47.2296650E-03,+91.6160747E-03
+7.3547000E-03,+12.3146076E-03,-47.0325357E-03,+91.6082230E-03
+7.3549937E-03,+11.6485713E-03,-47.1945826E-03,+91.6003712E-03
+7.3552875E-03,+10.6453638E-03,-47.0459004E-03,+91.5946912E-03
+7.3555812E-03,+9.2001290E-03,-47.1027003E-03,+91.5990348E-03
+7.3558750E-03,+7.0811031E-03,-47.1244180E-03,+91.6060512E-03
+7.3561687E-03,+6.6291157E-03,-47.2246532E-03,+91.5946912E-03
+7.3564625E-03,+8.0431840E-03,-47.2948178E-03,+91.5990348E-03
+7.3567562E-03,+10.3349119E-03,-47.1595003E-03,+91.6103947E-03
+7.3570500E-03,+10.9943695E-03,-47.0158298E-03,+91.6103947E-03
+7.3573437E-03,+11.3475650E-03,-46.9406534E-03,+91.6060512E-03
+7.3576375E-03,+10.2139581E-03,-47.2513826E-03,+91.5946912E-03
+7.3579312E-03,+8.5134376E-03,-47.0676180E-03,+91.5946912E-03
+7.3582250E-03,+7.5836256E-03,-47.1160650E-03,+91.5925195E-03
+7.3585187E-03,+7.0545674E-03,-46.9673828E-03,+91.5868395E-03
+7.3588125E-03,+8.6077088E-03,-47.1110533E-03,+91.5868395E-03
+7.3591062E-03,+10.5194116E-03,-47.3165355E-03,+91.5890112E-03
+7.3594000E-03,+11.4094201E-03,-47.3248884E-03,+91.5990348E-03
+7.3596937E-03,+11.4687393E-03,-47.3649825E-03,+91.6103947E-03
+7.3599875E-03,+10.4208770E-03,-47.1327709E-03,+91.6147383E-03
+7.3602812E-03,+9.1089083E-03,-47.2864649E-03,+91.6195830E-03
+7.3605750E-03,+7.3588448E-03,-47.0542533E-03,+91.6025430E-03
+7.3608687E-03,+6.5924363E-03,-47.2731002E-03,+91.6068865E-03
+7.3611625E-03,+8.6682408E-03,-47.1244180E-03,+91.6182465E-03
+7.3614562E-03,+10.7155986E-03,-47.1595003E-03,+91.6117312E-03
+7.3617500E-03,+12.0252519E-03,-47.1244180E-03,+91.5946912E-03
+7.3620437E-03,+11.4649538E-03,-47.2246532E-03,+91.5990348E-03
+7.3623375E-03,+9.7301428E-03,-47.2296650E-03,+91.6103947E-03
+7.3626312E-03,+6.8744414E-03,-47.0325357E-03,+91.6125665E-03
+7.3629250E-03,+5.1156675E-03,-47.2163003E-03,+91.6160747E-03
+7.3632187E-03,+6.2285825E-03,-47.0375475E-03,+91.6147383E-03
+7.3635125E-03,+8.2310649E-03,-46.9540181E-03,+91.6260983E-03
+7.3638062E-03,+10.8822363E-03,-47.2463708E-03,+91.6174112E-03
+7.3641000E-03,+12.9708309E-03,-47.3081825E-03,+91.5946912E-03
+7.3643937E-03,+13.6753475E-03,-47.1110533E-03,+91.5946912E-03
+7.3646875E-03,+12.0763017E-03,-47.2948178E-03,+91.5968630E-03
+7.3649812E-03,+10.2090700E-03,-47.1595003E-03,+91.6047148E-03
+7.3652750E-03,+8.0825097E-03,-47.1027003E-03,+91.6103947E-03
+7.3655687E-03,+7.1294699E-03,-47.1244180E-03,+91.6147383E-03
+7.3658625E-03,+8.7590205E-03,-47.1812179E-03,+91.6239265E-03
+7.3661562E-03,+10.7932575E-03,-47.0943474E-03,+91.6139030E-03
+7.3664500E-03,+13.0558404E-03,-46.8454299E-03,+91.6047148E-03
+7.3667437E-03,+13.1599614E-03,-46.8537829E-03,+91.6060512E-03
+7.3670375E-03,+10.5645809E-03,-47.0459004E-03,+91.5903477E-03
+7.3673312E-03,+7.6795875E-03,-47.1244180E-03,+91.5898465E-03
+7.3676250E-03,+5.4136601E-03,-47.1160650E-03,+91.6204183E-03
+7.3679187E-03,+5.2365478E-03,-46.9891004E-03,+91.6174112E-03
+7.3682125E-03,+7.1653775E-03,-47.1027003E-03,+91.6033783E-03
+7.3685062E-03,+10.1734564E-03,-47.1244180E-03,+91.6130677E-03
+7.3688000E-03,+11.8411933E-03,-47.1160650E-03,+91.5855030E-03
+7.3690937E-03,+12.6191790E-03,-47.0542533E-03,+91.6025430E-03
+7.3693875E-03,+10.7143123E-03,-47.2731002E-03,+91.6025430E-03
+7.3696812E-03,+7.7342758E-03,-47.1027003E-03,+91.6047148E-03
+7.3699750E-03,+6.2135873E-03,-47.0375475E-03,+91.6082230E-03
+7.3702687E-03,+5.6654543E-03,-46.8671476E-03,+91.6090583E-03
+7.3705625E-03,+6.3807395E-03,-46.9757357E-03,+91.6217547E-03
+7.3708562E-03,+9.7582587E-03,-47.2163003E-03,+91.6190818E-03
+7.3711500E-03,+12.1949401E-03,-47.0592651E-03,+91.6287712E-03
+7.3714437E-03,+12.6710374E-03,-47.0108181E-03,+91.6012065E-03
+7.3717375E-03,+12.2315828E-03,-47.2029356E-03,+91.6182465E-03
+7.3720312E-03,+9.2237979E-03,-47.2597355E-03,+91.6139030E-03
+7.3723250E-03,+6.7290469E-03,-47.2597355E-03,+91.6068865E-03
+7.3726187E-03,+5.3477622E-03,-47.2380179E-03,+91.6204183E-03
+7.3729125E-03,+6.1008661E-03,-47.2246532E-03,+91.6217547E-03
+7.3732062E-03,+8.4526115E-03,-47.3382531E-03,+91.6103947E-03
+7.3735000E-03,+10.3170133E-03,-47.3816884E-03,+91.6125665E-03
+7.3737937E-03,+11.3483735E-03,-47.4952883E-03,+91.6182465E-03
+7.3740875E-03,+11.4785156E-03,-47.4084178E-03,+91.6095595E-03
+7.3743812E-03,+9.6125335E-03,-47.1377827E-03,+91.5955265E-03
+7.3746750E-03,+8.3569437E-03,-47.0241828E-03,+91.6160747E-03
+7.3749687E-03,+7.5695493E-03,-46.9807475E-03,+91.6125665E-03
+7.3752625E-03,+7.9731330E-03,-46.9540181E-03,+91.6139030E-03
+7.3755562E-03,+10.2400527E-03,-47.2463708E-03,+91.6025430E-03
+7.3758500E-03,+11.4804267E-03,-47.3299002E-03,+91.6003712E-03
+7.3761437E-03,+12.1776295E-03,-47.1027003E-03,+91.5990348E-03
+7.3764375E-03,+11.8134449E-03,-47.1244180E-03,+91.6060512E-03
+7.3767312E-03,+9.9447798E-03,-47.2246532E-03,+91.5990348E-03
+7.3770250E-03,+8.2881790E-03,-47.2948178E-03,+91.6060512E-03
+7.3773187E-03,+7.2916972E-03,-47.0943474E-03,+91.6012065E-03
+7.3776125E-03,+7.2705643E-03,-46.9323005E-03,+91.6117312E-03
+7.3779062E-03,+8.3184266E-03,-47.0809827E-03,+91.5990348E-03
+7.3782000E-03,+10.2603770E-03,-47.0893356E-03,+91.6125665E-03
+7.3784937E-03,+11.1827649E-03,-47.1511474E-03,+91.6139030E-03
+7.3787875E-03,+11.2000388E-03,-47.0191710E-03,+91.6025430E-03
+7.3790812E-03,+9.8172839E-03,-47.3516178E-03,+91.6025430E-03
+7.3793750E-03,+8.1448059E-03,-47.2029356E-03,+91.6025430E-03
+7.3796687E-03,+6.1357814E-03,-47.2380179E-03,+91.6047148E-03
+7.3799625E-03,+5.1907537E-03,-47.1812179E-03,+91.6103947E-03
+7.3802562E-03,+6.9120396E-03,-47.0509121E-03,+91.6103947E-03
+7.3805500E-03,+9.6395836E-03,-46.8404182E-03,+91.6060512E-03
+7.3808437E-03,+11.6168535E-03,-47.1595003E-03,+91.6012065E-03
+7.3811375E-03,+12.5078544E-03,-47.1244180E-03,+91.6182465E-03
+7.3814312E-03,+11.3332313E-03,-47.1595003E-03,+91.6139030E-03
+7.3817250E-03,+8.6189552E-03,-47.1678532E-03,+91.6025430E-03
+7.3820187E-03,+7.0237685E-03,-47.2513826E-03,+91.6003712E-03
+7.3823125E-03,+6.1897346E-03,-47.0241828E-03,+91.6012065E-03
+7.3826062E-03,+7.2975409E-03,-47.0024651E-03,+91.6182465E-03
+7.3829000E-03,+9.6895308E-03,-46.9673828E-03,+91.6095595E-03
+7.3831937E-03,+11.7041417E-03,-47.0893356E-03,+91.5911830E-03
+7.3834875E-03,+12.5009816E-03,-47.2380179E-03,+91.6047148E-03
+7.3837812E-03,+12.2707982E-03,-47.2029356E-03,+91.6038795E-03
+7.3840750E-03,+9.4146558E-03,-47.2380179E-03,+91.5868395E-03
+7.3843687E-03,+7.1885686E-03,-47.0726298E-03,+91.5911830E-03
+7.3846625E-03,+5.9232025E-03,-46.8537829E-03,+91.6003712E-03
+7.3849562E-03,+6.2681286E-03,-47.0893356E-03,+91.6055500E-03
+7.3852500E-03,+8.4829326E-03,-47.1945826E-03,+91.6274347E-03
+7.3855437E-03,+11.2939792E-03,-47.0459004E-03,+91.6082230E-03
+7.3858375E-03,+12.7760404E-03,-47.1027003E-03,+91.6025430E-03
+7.3861312E-03,+12.7624419E-03,-47.0158298E-03,+91.6047148E-03
+7.3864250E-03,+11.0113861E-03,-46.9189358E-03,+91.6082230E-03
+7.3867187E-03,+7.5027325E-03,-47.1728650E-03,+91.5981995E-03
+7.3870125E-03,+5.7716703E-03,-46.9891004E-03,+91.5911830E-03
+7.3873062E-03,+6.2625422E-03,-47.1461356E-03,+91.6047148E-03
+7.3876000E-03,+8.4783385E-03,-47.2163003E-03,+91.6038795E-03
+7.3878937E-03,+10.9676133E-03,-47.1244180E-03,+91.5911830E-03
+7.3881875E-03,+12.5586837E-03,-47.1595003E-03,+91.6003712E-03
+7.3884812E-03,+13.2988139E-03,-47.1895709E-03,+91.5946912E-03
+7.3887750E-03,+10.4140042E-03,-47.1995944E-03,+91.5968630E-03
+7.3890687E-03,+7.1685015E-03,-46.8270535E-03,+91.6025430E-03
+7.3893625E-03,+5.1266566E-03,-47.2731002E-03,+91.6112300E-03
+7.3896562E-03,+5.0670434E-03,-47.1244180E-03,+91.6230912E-03
+7.3899500E-03,+7.4482279E-03,-47.2029356E-03,+91.5968630E-03
+7.3902437E-03,+10.1199441E-03,-47.2163003E-03,+91.6090583E-03
+7.3905375E-03,+12.2082079E-03,-47.1027003E-03,+91.6260983E-03
+7.3908312E-03,+12.6518156E-03,-47.0809827E-03,+91.6195830E-03
+7.3911250E-03,+11.0409722E-03,-47.0893356E-03,+91.6003712E-03
+7.3914187E-03,+8.3418015E-03,-47.2380179E-03,+91.5946912E-03
+7.3917125E-03,+6.2014956E-03,-47.1377827E-03,+91.5968630E-03
+7.3920062E-03,+5.8594730E-03,-47.1110533E-03,+91.6025430E-03
+7.3923000E-03,+7.6787789E-03,-47.3382531E-03,+91.6025430E-03
+7.3925937E-03,+10.3455703E-03,-47.2296650E-03,+91.6068865E-03
+7.3928875E-03,+12.7256889E-03,-47.0108181E-03,+91.6160747E-03
+7.3931812E-03,+13.3151689E-03,-47.1160650E-03,+91.6169100E-03
+7.3934750E-03,+10.4857459E-03,-47.0108181E-03,+91.6187477E-03
+7.3937687E-03,+8.0388472E-03,-47.1595003E-03,+91.5855030E-03
+7.3940625E-03,+6.4195139E-03,-47.0592651E-03,+91.6047148E-03
+7.3943562E-03,+6.3152091E-03,-47.0108181E-03,+91.6060512E-03
+7.3946500E-03,+8.0905953E-03,-47.1812179E-03,+91.5946912E-03
+7.3949437E-03,+10.8871245E-03,-47.2029356E-03,+91.6055500E-03
+7.3952375E-03,+12.4904335E-03,-47.2597355E-03,+91.6274347E-03
+7.3955312E-03,+12.9034995E-03,-47.2597355E-03,+91.6103947E-03
+7.3958250E-03,+11.1094796E-03,-47.1728650E-03,+91.6147383E-03
+7.3961187E-03,+8.5034775E-03,-47.0759709E-03,+91.6217547E-03
+7.3964125E-03,+7.2919545E-03,-47.3081825E-03,+91.6125665E-03
+7.3967062E-03,+6.9429121E-03,-47.0893356E-03,+91.6182465E-03
+7.3970000E-03,+7.9302791E-03,-47.1728650E-03,+91.6182465E-03
+7.3972937E-03,+9.9643323E-03,-47.0759709E-03,+91.6139030E-03
+7.3975875E-03,+11.5393417E-03,-47.3516178E-03,+91.6068865E-03
+7.3978812E-03,+11.6661392E-03,-47.1595003E-03,+91.6139030E-03
+7.3981750E-03,+10.9382110E-03,-47.1895709E-03,+91.5981995E-03
+7.3984687E-03,+8.6386915E-03,-47.3299002E-03,+91.5824959E-03
+7.3987625E-03,+7.3642475E-03,-47.0809827E-03,+91.5798230E-03
+7.3990562E-03,+6.1608101E-03,-47.0024651E-03,+91.6047148E-03
+7.3993500E-03,+6.9470652E-03,-46.9673828E-03,+91.6147383E-03
+7.3996437E-03,+9.1225436E-03,-47.0459004E-03,+91.6174112E-03
+7.3999375E-03,+11.5666491E-03,-47.0375475E-03,+91.5990348E-03
+7.4002312E-03,+12.5503776E-03,-46.9757357E-03,+91.6082230E-03
+7.4005250E-03,+11.2736181E-03,-47.2380179E-03,+91.5981995E-03
+7.4008187E-03,+8.9062527E-03,-47.2029356E-03,+91.5911830E-03
+7.4011125E-03,+7.1861061E-03,-47.3683237E-03,+91.6068865E-03
+7.4014062E-03,+6.0330937E-03,-47.5871706E-03,+91.6073877E-03
+7.4017000E-03,+6.8459946E-03,-47.2864649E-03,+91.5941901E-03
+7.4019937E-03,+9.0545507E-03,-47.0325357E-03,+91.6274347E-03
+7.4022875E-03,+10.8295326E-03,-47.2380179E-03,+91.6082230E-03
+7.4025812E-03,+11.5547779E-03,-47.1377827E-03,+91.6025430E-03
+7.4028750E-03,+10.7962713E-03,-47.0676180E-03,+91.6025430E-03
+7.4031687E-03,+9.5432175E-03,-47.1595003E-03,+91.5981995E-03
+7.4034625E-03,+7.5169559E-03,-47.1027003E-03,+91.5933548E-03
+7.4037562E-03,+5.7869227E-03,-47.0375475E-03,+91.6060512E-03
+7.4040500E-03,+6.8353731E-03,-46.9974534E-03,+91.5946912E-03
+7.4043437E-03,+8.6580603E-03,-47.3165355E-03,+91.5946912E-03
+7.4046375E-03,+11.2908184E-03,-47.2163003E-03,+91.5946912E-03
+7.4049312E-03,+13.8888819E-03,-47.1678532E-03,+91.5968630E-03
+7.4052250E-03,+13.6037161E-03,-47.3382531E-03,+91.6025430E-03
+7.4055187E-03,+11.0009483E-03,-47.2731002E-03,+91.6047148E-03
+7.4058125E-03,+8.1297739E-03,-47.0592651E-03,+91.6060512E-03
+7.4061062E-03,+5.9297078E-03,-46.9673828E-03,+91.5968630E-03
+7.4064000E-03,+5.7211717E-03,-47.0459004E-03,+91.5981995E-03
+7.4066937E-03,+7.0983769E-03,-47.1461356E-03,+91.5955265E-03
+7.4069875E-03,+9.4582079E-03,-47.1511474E-03,+91.6160747E-03
+7.4072812E-03,+11.8680230E-03,-46.9323005E-03,+91.6060512E-03
+7.4075750E-03,+12.5551554E-03,-47.1244180E-03,+91.5925195E-03
+7.4078687E-03,+11.5778220E-03,-47.2029356E-03,+91.5890112E-03
+7.4081625E-03,+8.7573667E-03,-47.2163003E-03,+91.5903477E-03
+7.4084562E-03,+6.5216502E-03,-47.0158298E-03,+91.5833312E-03
+7.4087500E-03,+6.4764074E-03,-46.8972181E-03,+91.5925195E-03
+7.4090437E-03,+8.6839711E-03,-47.2029356E-03,+91.5955265E-03
+7.4093375E-03,+11.2149604E-03,-47.2597355E-03,+91.6160747E-03
+7.4096312E-03,+13.4532129E-03,-47.1728650E-03,+91.6147383E-03
+7.4099250E-03,+13.3636460E-03,-47.0759709E-03,+91.6174112E-03
+7.4102187E-03,+11.8919859E-03,-47.3733354E-03,+91.5925195E-03
+7.4105125E-03,+8.6920568E-03,-47.2814531E-03,+91.5911830E-03
+7.4108062E-03,+5.8328271E-03,-47.2513826E-03,+91.5960277E-03
+7.4111000E-03,+5.5135545E-03,-47.0459004E-03,+91.5876748E-03
+7.4113937E-03,+6.4821776E-03,-47.1027003E-03,+91.6103947E-03
+7.4116875E-03,+9.2403367E-03,-47.0809827E-03,+91.6082230E-03
+7.4119812E-03,+11.2610853E-03,-47.0893356E-03,+91.6047148E-03
+7.4122750E-03,+12.6201713E-03,-47.2380179E-03,+91.6125665E-03
+7.4125687E-03,+10.8784875E-03,-47.1160650E-03,+91.6117312E-03
+7.4128625E-03,+8.6777966E-03,-46.9673828E-03,+91.5925195E-03
+7.4131562E-03,+5.6480335E-03,-47.0893356E-03,+91.5868395E-03
+7.4134500E-03,+4.6101679E-03,-47.2380179E-03,+91.5933548E-03
+7.4137437E-03,+5.8967404E-03,-47.1160650E-03,+91.6103947E-03
+7.4140375E-03,+9.0431573E-03,-47.0108181E-03,+91.6082230E-03
+7.4143312E-03,+12.2599560E-03,-47.0943474E-03,+91.6025430E-03
+7.4146250E-03,+13.7601732E-03,-46.9105828E-03,+91.6003712E-03
+7.4149187E-03,+11.6805096E-03,-47.0241828E-03,+91.5968630E-03
+7.4152125E-03,+9.3974554E-03,-47.0676180E-03,+91.6025430E-03
+7.4155062E-03,+6.4818468E-03,-47.1595003E-03,+91.6025430E-03
+7.4158000E-03,+5.4325511E-03,-47.0809827E-03,+91.6025430E-03
+7.4160937E-03,+5.7481116E-03,-47.0459004E-03,+91.6047148E-03
+7.4163875E-03,+8.7218633E-03,-47.1244180E-03,+91.6060512E-03
+7.4166812E-03,+12.0636220E-03,-47.1377827E-03,+91.5990348E-03
+7.4169750E-03,+12.9948305E-03,-47.0893356E-03,+91.6125665E-03
+7.4172687E-03,+10.8049082E-03,-47.2163003E-03,+91.6139030E-03
+7.4175625E-03,+8.4741120E-03,-47.1895709E-03,+91.6003712E-03
+7.4178562E-03,+6.4501658E-03,-47.3299002E-03,+91.5990348E-03
+7.4181500E-03,+5.0365017E-03,-47.1027003E-03,+91.6103947E-03
+7.4184437E-03,+5.8039760E-03,-47.0592651E-03,+91.6125665E-03
+7.4187375E-03,+9.1456979E-03,-46.9456652E-03,+91.6160747E-03
+7.4190312E-03,+12.9806806E-03,-46.8805123E-03,+91.6103947E-03
+7.4193250E-03,+13.8412501E-03,-46.6883948E-03,+91.6147383E-03
+7.4196187E-03,+12.6478095E-03,-46.8270535E-03,+91.6217547E-03
+7.4199125E-03,+10.3398736E-03,-47.2731002E-03,+91.6082230E-03
+7.4202062E-03,+8.5585702E-03,-47.1027003E-03,+91.6047148E-03
+7.4205000E-03,+6.4955556E-03,-47.1027003E-03,+91.6125665E-03
+7.4207937E-03,+6.8162248E-03,-47.1027003E-03,+91.6182465E-03
+7.4210875E-03,+8.9267608E-03,-47.0158298E-03,+91.6160747E-03
+7.4213812E-03,+11.9294003E-03,-46.9840887E-03,+91.6125665E-03
+7.4216750E-03,+13.0793622E-03,-47.4084178E-03,+91.6139030E-03
+7.4219687E-03,+12.0398061E-03,-47.1377827E-03,+91.6047148E-03
+7.4222625E-03,+9.2306707E-03,-47.0676180E-03,+91.6103947E-03
+7.4225562E-03,+6.5884303E-03,-47.2246532E-03,+91.6103947E-03
+7.4228500E-03,+5.0270195E-03,-47.3599707E-03,+91.6082230E-03
+7.4231437E-03,+5.2455155E-03,-47.3299002E-03,+91.6068865E-03
+7.4234375E-03,+7.6215914E-03,-47.0375475E-03,+91.6182465E-03
+7.4237312E-03,+10.5806786E-03,-46.8671476E-03,+91.6139030E-03
+7.4240250E-03,+13.6267601E-03,-46.9105828E-03,+91.6068865E-03
+7.4243187E-03,+13.0398161E-03,-46.9807475E-03,+91.6139030E-03
+7.4246125E-03,+10.8195359E-03,-46.9323005E-03,+91.6068865E-03
+7.4249062E-03,+7.5874479E-03,-47.2112885E-03,+91.6182465E-03
+7.4252000E-03,+5.4641586E-03,-47.3432649E-03,+91.6117312E-03
+7.4254937E-03,+5.4312280E-03,-47.0108181E-03,+91.5968630E-03
+7.4257875E-03,+7.7772399E-03,-47.1812179E-03,+91.6025430E-03
+7.4260812E-03,+11.4892842E-03,-47.0726298E-03,+91.6025430E-03
+7.4263750E-03,+13.7023241E-03,-46.8972181E-03,+91.6003712E-03
+7.4266687E-03,+13.7954192E-03,-47.1377827E-03,+91.5946912E-03
+7.4269625E-03,+11.2650915E-03,-47.0676180E-03,+91.5968630E-03
+7.4272562E-03,+7.5317305E-03,-47.1595003E-03,+91.6047148E-03
+7.4275500E-03,+4.9734705E-03,-47.1678532E-03,+91.6103947E-03
+7.4278437E-03,+4.6605194E-03,-47.2296650E-03,+91.6060512E-03
+7.4281375E-03,+7.2699027E-03,-47.0542533E-03,+91.5968630E-03
+7.4284312E-03,+10.3714443E-03,-47.2731002E-03,+91.6025430E-03
+7.4287250E-03,+12.3459946E-03,-47.0592651E-03,+91.6112300E-03
+7.4290187E-03,+12.4941456E-03,-46.9022299E-03,+91.6252630E-03
+7.4293125E-03,+11.1710407E-03,-46.8320653E-03,+91.6047148E-03
+7.4296062E-03,+8.8583637E-03,-47.0108181E-03,+91.6038795E-03
+7.4299000E-03,+6.6841348E-03,-47.2680884E-03,+91.5976983E-03
+7.4301937E-03,+6.5903414E-03,-47.4301354E-03,+91.6195830E-03
+7.4304875E-03,+8.2619006E-03,-47.2380179E-03,+91.5981995E-03
+7.4307812E-03,+11.0193982E-03,-47.1595003E-03,+91.5890112E-03
+7.4310750E-03,+12.9919638E-03,-47.1678532E-03,+91.5925195E-03
+7.4313687E-03,+13.4068307E-03,-47.2513826E-03,+91.5868395E-03
+7.4316625E-03,+10.8031808E-03,-46.9590299E-03,+91.5976983E-03
+7.4319562E-03,+8.5315200E-03,-46.8537829E-03,+91.6108959E-03
+7.4322500E-03,+5.8774819E-03,-47.0241828E-03,+91.5819948E-03
+7.4325437E-03,+3.9553413E-03,-47.0024651E-03,+91.6038795E-03
+7.4328375E-03,+5.6350597E-03,-46.9891004E-03,+91.5890112E-03
+7.4331312E-03,+8.6675793E-03,-47.0592651E-03,+91.5990348E-03
+7.4334250E-03,+11.7176668E-03,-46.9239475E-03,+91.6103947E-03
+7.4337187E-03,+12.8210260E-03,-46.9757357E-03,+91.6125665E-03
+7.4340125E-03,+11.0012423E-03,-47.1294297E-03,+91.6160747E-03
+7.4343062E-03,+8.7155786E-03,-46.8320653E-03,+91.6082230E-03
+7.4346000E-03,+6.2203131E-03,-46.9891004E-03,+91.6068865E-03
+7.4348937E-03,+4.7367450E-03,-47.0592651E-03,+91.6139030E-03
+7.4351875E-03,+6.1587519E-03,-47.0325357E-03,+91.6025430E-03
+7.4354812E-03,+9.0784768E-03,-47.1728650E-03,+91.6003712E-03
+7.4357750E-03,+11.8106516E-03,-47.0108181E-03,+91.5968630E-03
+7.4360687E-03,+14.2486562E-03,-47.1160650E-03,+91.6068865E-03
+7.4363625E-03,+12.9797251E-03,-46.9673828E-03,+91.6182465E-03
+7.4366562E-03,+10.4375996E-03,-46.9807475E-03,+91.6095595E-03
+7.4369500E-03,+7.4393705E-03,-46.8888652E-03,+91.5955265E-03
+7.4372437E-03,+5.9587058E-03,-46.9673828E-03,+91.6139030E-03
+7.4375375E-03,+6.6261755E-03,-47.0459004E-03,+91.6047148E-03
+7.4378312E-03,+9.5017234E-03,-47.1027003E-03,+91.6103947E-03
+7.4381250E-03,+12.6045146E-03,-47.0809827E-03,+91.6082230E-03
+7.4384187E-03,+13.6421228E-03,-47.0676180E-03,+91.6047148E-03
+7.4387125E-03,+12.4202723E-03,-47.1160650E-03,+91.6103947E-03
+7.4390062E-03,+9.8114770E-03,-46.9673828E-03,+91.6082230E-03
+7.4393000E-03,+6.8669071E-03,-46.9807475E-03,+91.6047148E-03
+7.4395937E-03,+5.3881169E-03,-46.9105828E-03,+91.6147383E-03
+7.4398875E-03,+5.7057723E-03,-47.0459004E-03,+91.6260983E-03
+7.4401812E-03,+8.1454306E-03,-46.9506769E-03,+91.6195830E-03
+7.4404750E-03,+11.4230554E-03,-46.6399478E-03,+91.5981995E-03
+7.4407687E-03,+13.4195839E-03,-46.9757357E-03,+91.5933548E-03
+7.4410625E-03,+13.0677483E-03,-47.1294297E-03,+91.6125665E-03
+7.4413562E-03,+10.5077242E-03,-46.8103476E-03,+91.6160747E-03
+7.4416500E-03,+7.8994802E-03,-46.9105828E-03,+91.6060512E-03
+7.4419437E-03,+6.0891052E-03,-47.0024651E-03,+91.6033783E-03
+7.4422375E-03,+7.0135144E-03,-46.9673828E-03,+91.6174112E-03
+7.4425312E-03,+8.7590940E-03,-47.0024651E-03,+91.5925195E-03
+7.4428250E-03,+11.3589584E-03,-46.9673828E-03,+91.5933548E-03
+7.4431187E-03,+13.0033204E-03,-46.9590299E-03,+91.6038795E-03
+7.4434125E-03,+12.8899377E-03,-46.8537829E-03,+91.5933548E-03
+7.4437062E-03,+11.3453966E-03,-47.0241828E-03,+91.6082230E-03
+7.4440000E-03,+8.4907243E-03,-47.0024651E-03,+91.6047148E-03
+7.4442937E-03,+5.3285404E-03,-47.0976886E-03,+91.6103947E-03
+7.4445875E-03,+4.7929769E-03,-47.3867001E-03,+91.6125665E-03
+7.4448812E-03,+6.5708991E-03,-47.0158298E-03,+91.6139030E-03
+7.4451750E-03,+9.7173895E-03,-46.8972181E-03,+91.6047148E-03
+7.4454687E-03,+11.3162147E-03,-47.1160650E-03,+91.6103947E-03
+7.4457625E-03,+11.5015964E-03,-46.9456652E-03,+91.6103947E-03
+7.4460562E-03,+10.3869908E-03,-46.9673828E-03,+91.6038795E-03
+7.4463500E-03,+7.5904617E-03,-47.1110533E-03,+91.5911830E-03
+7.4466437E-03,+5.6424470E-03,-47.3165355E-03,+91.6047148E-03
+7.4469375E-03,+5.4248330E-03,-47.1945826E-03,+91.6038795E-03
+7.4472312E-03,+8.0478516E-03,-47.0459004E-03,+91.5933548E-03
+7.4475250E-03,+10.9174089E-03,-47.0158298E-03,+91.6125665E-03
+7.4478187E-03,+13.0648081E-03,-46.8755005E-03,+91.6182465E-03
+7.4481125E-03,+13.5758573E-03,-47.0592651E-03,+91.6182465E-03
+7.4484062E-03,+11.2311685E-03,-47.0542533E-03,+91.6117312E-03
+7.4487000E-03,+8.2429361E-03,-47.2731002E-03,+91.6012065E-03
+7.4489937E-03,+6.1803994E-03,-47.1027003E-03,+91.6139030E-03
+7.4492875E-03,+5.0322751E-03,-47.1895709E-03,+91.6068865E-03
+7.4495812E-03,+6.2706278E-03,-47.3299002E-03,+91.6139030E-03
+7.4498750E-03,+9.0296690E-03,-47.0809827E-03,+91.5960277E-03
+7.4501687E-03,+11.6688957E-03,-46.9807475E-03,+91.5833312E-03
+7.4504625E-03,+12.7235940E-03,-46.9323005E-03,+91.5946912E-03
+7.4507562E-03,+12.4588261E-03,-47.1027003E-03,+91.6012065E-03
+7.4510500E-03,+9.4129651E-03,-47.1244180E-03,+91.6160747E-03
+7.4513437E-03,+7.0349782E-03,-47.0943474E-03,+91.6017077E-03
+7.4516375E-03,+5.9681881E-03,-46.8888652E-03,+91.5898465E-03
+7.4519312E-03,+7.2385893E-03,-46.9456652E-03,+91.6139030E-03
+7.4522250E-03,+10.2622147E-03,-46.9673828E-03,+91.6047148E-03
+7.4525187E-03,+12.9274992E-03,-47.0024651E-03,+91.6060512E-03
+7.4528125E-03,+14.0716909E-03,-47.0108181E-03,+91.6012065E-03
+7.4531062E-03,+13.0669030E-03,-47.1812179E-03,+91.6182465E-03
+7.4534000E-03,+10.5079447E-03,-47.2029356E-03,+91.6095595E-03
+7.4536937E-03,+7.6765370E-03,-47.2163003E-03,+91.5868395E-03
+7.4539875E-03,+6.2099855E-03,-47.0809827E-03,+91.5911830E-03
+7.4542812E-03,+6.7386761E-03,-46.9373122E-03,+91.6068865E-03
+7.4545750E-03,+8.8355033E-03,-46.7752653E-03,+91.6139030E-03
+7.4548687E-03,+11.3123924E-03,-46.9456652E-03,+91.6090583E-03
+7.4551625E-03,+12.4884121E-03,-46.9891004E-03,+91.6195830E-03
+7.4554562E-03,+12.2878148E-03,-47.1027003E-03,+91.6047148E-03
+7.4557500E-03,+8.4564338E-03,-47.1461356E-03,+91.6103947E-03
+7.4560437E-03,+5.7917741E-03,-47.2380179E-03,+91.6082230E-03
+7.4563375E-03,+4.4606571E-03,-47.1160650E-03,+91.6025430E-03
+7.4566312E-03,+5.4763238E-03,-46.9239475E-03,+91.6068865E-03
+7.4569250E-03,+8.3127666E-03,-46.9540181E-03,+91.6160747E-03
+7.4572187E-03,+11.5092042E-03,-47.1377827E-03,+91.6103947E-03
+7.4575125E-03,+13.8147513E-03,-47.0241828E-03,+91.6125665E-03
+7.4578062E-03,+13.0249679E-03,-46.9590299E-03,+91.6139030E-03
+7.4581000E-03,+11.2648342E-03,-46.8972181E-03,+91.6068865E-03
+7.4583937E-03,+7.6485313E-03,-47.0726298E-03,+91.6139030E-03
+7.4586875E-03,+6.2106103E-03,-46.8972181E-03,+91.6025430E-03
+7.4589812E-03,+6.6912649E-03,-47.1595003E-03,+91.6025430E-03
+7.4592750E-03,+9.0851291E-03,-47.1027003E-03,+91.6090583E-03
+7.4595687E-03,+11.6584578E-03,-47.1027003E-03,+91.6217547E-03
+7.4598625E-03,+13.5071661E-03,-47.1244180E-03,+91.6103947E-03
+7.4601562E-03,+12.8600576E-03,-47.1160650E-03,+91.6125665E-03
+7.4604500E-03,+10.4466408E-03,-46.9673828E-03,+91.6160747E-03
+7.4607437E-03,+7.6975229E-03,-47.0459004E-03,+91.6017077E-03
+7.4610375E-03,+5.8489984E-03,-47.1027003E-03,+91.5898465E-03
+7.4613312E-03,+6.0687808E-03,-47.0809827E-03,+91.6117312E-03
+7.4616250E-03,+8.4544859E-03,-46.9807475E-03,+91.6012065E-03
+7.4619187E-03,+11.0747113E-03,-46.8454299E-03,+91.6182465E-03
+7.4622125E-03,+12.5513331E-03,-46.7886300E-03,+91.6204183E-03
+7.4625062E-03,+12.4759162E-03,-46.8103476E-03,+91.6217547E-03
+7.4628000E-03,+11.1635064E-03,-46.9540181E-03,+91.6082230E-03
+7.4630937E-03,+7.9926121E-03,-47.0726298E-03,+91.6003712E-03
+7.4633875E-03,+5.4683485E-03,-46.8972181E-03,+91.5968630E-03
+7.4636812E-03,+5.3426535E-03,-47.1812179E-03,+91.5960277E-03
+7.4639750E-03,+7.1371880E-03,-47.1160650E-03,+91.5855030E-03
+7.4642687E-03,+10.1992202E-03,-47.0108181E-03,+91.6025430E-03
+7.4645625E-03,+12.5714002E-03,-47.1377827E-03,+91.6112300E-03
+7.4648562E-03,+13.2756595E-03,-46.9807475E-03,+91.6252630E-03
+7.4651500E-03,+11.8424797E-03,-46.8671476E-03,+91.6025430E-03
+7.4654437E-03,+8.6074515E-03,-46.8671476E-03,+91.6068865E-03
+7.4657375E-03,+5.9715326E-03,-46.9105828E-03,+91.6160747E-03
+7.4660312E-03,+5.3570239E-03,-47.0241828E-03,+91.6060512E-03
+7.4663250E-03,+6.8199736E-03,-46.9807475E-03,+91.5946912E-03
+7.4666187E-03,+10.3921730E-03,-46.9105828E-03,+91.5968630E-03
+7.4669125E-03,+13.1928552E-03,-46.9807475E-03,+91.6047148E-03
+7.4672062E-03,+13.8170300E-03,-46.9540181E-03,+91.6103947E-03
+7.4675000E-03,+12.5418509E-03,-47.2463708E-03,+91.6125665E-03
+7.4677937E-03,+9.1552905E-03,-47.3081825E-03,+91.6182465E-03
+7.4680875E-03,+6.2691209E-03,-47.0676180E-03,+91.6160747E-03
+7.4683812E-03,+5.0332675E-03,-47.0943474E-03,+91.6125665E-03
+7.4686750E-03,+6.2883059E-03,-46.9757357E-03,+91.6182465E-03
+7.4689687E-03,+8.6982312E-03,-47.1945826E-03,+91.6160747E-03
+7.4692625E-03,+11.6906901E-03,-47.0676180E-03,+91.6125665E-03
+7.4695562E-03,+12.9416858E-03,-47.1160650E-03,+91.6117312E-03
+7.4698500E-03,+11.2716702E-03,-47.0325357E-03,+91.5946912E-03
+7.4701437E-03,+8.9637710E-03,-47.1945826E-03,+91.5968630E-03
+7.4704375E-03,+7.1016112E-03,-46.9807475E-03,+91.6047148E-03
+7.4707312E-03,+6.3367463E-03,-46.8671476E-03,+91.6038795E-03
+7.4710250E-03,+7.6203785E-03,-46.9974534E-03,+91.5868395E-03
+7.4713187E-03,+9.4663303E-03,-47.2731002E-03,+91.5911830E-03
+7.4716125E-03,+12.1342243E-03,-47.0592651E-03,+91.6025430E-03
+7.4719062E-03,+14.4930630E-03,-46.9456652E-03,+91.5981995E-03
+7.4722000E-03,+12.8538831E-03,-47.0325357E-03,+91.5890112E-03
+7.4724937E-03,+10.5148910E-03,-47.2163003E-03,+91.5946912E-03
+7.4727875E-03,+7.9676201E-03,-47.0158298E-03,+91.5968630E-03
+7.4730812E-03,+6.2779416E-03,-46.8103476E-03,+91.6025430E-03
+7.4733750E-03,+5.4187688E-03,-46.9540181E-03,+91.6025430E-03
+7.4736687E-03,+7.6069637E-03,-47.1377827E-03,+91.6025430E-03
+7.4739625E-03,+9.9938081E-03,-47.0676180E-03,+91.6047148E-03
+7.4742562E-03,+11.8548654E-03,-47.1377827E-03,+91.6038795E-03
+7.4745500E-03,+12.3068895E-03,-47.0459004E-03,+91.5911830E-03
+7.4748437E-03,+10.4527418E-03,-47.0592651E-03,+91.5981995E-03
+7.4751375E-03,+8.0605682E-03,-46.9022299E-03,+91.5890112E-03
+7.4754312E-03,+6.5267221E-03,-46.8537829E-03,+91.5990348E-03
+7.4757250E-03,+6.3975356E-03,-47.0241828E-03,+91.6125665E-03
+7.4760187E-03,+8.5834151E-03,-47.0241828E-03,+91.6182465E-03
+7.4763125E-03,+11.5846947E-03,-47.0459004E-03,+91.6095595E-03
+7.4766062E-03,+13.6806399E-03,-47.0592651E-03,+91.5890112E-03
+7.4769000E-03,+13.7574535E-03,-46.9239475E-03,+91.6055500E-03
+7.4771937E-03,+11.7042153E-03,-46.8888652E-03,+91.6230912E-03
+7.4774875E-03,+8.6542012E-03,-47.0325357E-03,+91.5946912E-03
+7.4777812E-03,+6.3818789E-03,-47.1728650E-03,+91.5968630E-03
+7.4780750E-03,+5.4719870E-03,-46.9456652E-03,+91.5981995E-03
+7.4783687E-03,+6.9014180E-03,-46.9891004E-03,+91.5933548E-03
+7.4786625E-03,+9.4690133E-03,-47.0809827E-03,+91.6103947E-03
+7.4789562E-03,+11.6698880E-03,-47.1110533E-03,+91.6103947E-03
+7.4792500E-03,+11.5869734E-03,-47.2731002E-03,+91.6060512E-03
+7.4795437E-03,+10.4529256E-03,-47.0809827E-03,+91.5990348E-03
+7.4798375E-03,+8.5035511E-03,-46.9807475E-03,+91.6125665E-03
+7.4801312E-03,+6.5836891E-03,-46.9105828E-03,+91.6160747E-03
+7.4804250E-03,+6.0243098E-03,-46.9590299E-03,+91.6125665E-03
+7.4807187E-03,+7.9987498E-03,-46.8972181E-03,+91.6182465E-03
+7.4810125E-03,+10.7342323E-03,-47.1377827E-03,+91.6139030E-03
+7.4813062E-03,+12.9623777E-03,-47.0676180E-03,+91.6025430E-03
+7.4816000E-03,+13.1895107E-03,-47.0726298E-03,+91.6003712E-03
+7.4818937E-03,+11.0538724E-03,-46.8103476E-03,+91.5990348E-03
+7.4821875E-03,+9.1300780E-03,-46.9757357E-03,+91.6060512E-03
+7.4824812E-03,+7.0001731E-03,-47.2380179E-03,+91.5990348E-03
+7.4827750E-03,+5.3965700E-03,-47.1812179E-03,+91.6082230E-03
+7.4830687E-03,+6.3337325E-03,-47.1377827E-03,+91.6047148E-03
+7.4833625E-03,+8.3331645E-03,-47.0459004E-03,+91.6060512E-03
+7.4836562E-03,+10.8068561E-03,-47.1027003E-03,+91.6012065E-03
+7.4839500E-03,+11.8794899E-03,-47.0592651E-03,+91.6160747E-03
+7.4842437E-03,+10.8545614E-03,-47.0325357E-03,+91.6082230E-03
+7.4845375E-03,+9.3528006E-03,-47.2163003E-03,+91.6068865E-03
+7.4848312E-03,+7.3344409E-03,-47.0375475E-03,+91.6139030E-03
+7.4851250E-03,+6.3317479E-03,-46.8671476E-03,+91.6025430E-03
+7.4854187E-03,+7.5469830E-03,-46.8237123E-03,+91.6047148E-03
+7.4857125E-03,+10.0679020E-03,-46.8404182E-03,+91.6125665E-03
+7.4860062E-03,+12.4722408E-03,-47.1377827E-03,+91.6095595E-03
+7.4863000E-03,+13.6305824E-03,-47.0459004E-03,+91.5933548E-03
+7.4865937E-03,+12.3253395E-03,-47.0592651E-03,+91.6103947E-03
+7.4868875E-03,+9.6553506E-03,-47.0542533E-03,+91.6082230E-03
+7.4871812E-03,+6.9357085E-03,-47.2731002E-03,+91.6025430E-03
+7.4874750E-03,+5.8274244E-03,-47.1027003E-03,+91.6025430E-03
+7.4877687E-03,+6.3558578E-03,-47.1678532E-03,+91.6025430E-03
+7.4880625E-03,+8.8443608E-03,-47.2731002E-03,+91.6003712E-03
+7.4883562E-03,+11.8682435E-03,-47.1461356E-03,+91.5925195E-03
+7.4886500E-03,+12.9623410E-03,-47.2380179E-03,+91.5911830E-03
+7.4889437E-03,+12.0201433E-03,-47.1377827E-03,+91.6047148E-03
+7.4892375E-03,+9.8218413E-03,-47.0459004E-03,+91.6060512E-03
+7.4895312E-03,+7.9779476E-03,-47.0375475E-03,+91.5946912E-03
+7.4898250E-03,+6.6972924E-03,-46.8888652E-03,+91.5990348E-03
+7.4901187E-03,+6.6555411E-03,-46.9891004E-03,+91.6082230E-03
+7.4904125E-03,+8.3973719E-03,-47.0592651E-03,+91.6047148E-03
+7.4907062E-03,+10.6250762E-03,-46.9239475E-03,+91.6038795E-03
+7.4910000E-03,+11.4416157E-03,-46.9974534E-03,+91.5890112E-03
+7.4912937E-03,+11.1148088E-03,-47.3382531E-03,+91.5968630E-03
+7.4915875E-03,+9.0553225E-03,-47.2079473E-03,+91.5960277E-03
+7.4918812E-03,+7.4036099E-03,-46.9757357E-03,+91.5855030E-03
+7.4921750E-03,+5.9022534E-03,-47.2380179E-03,+91.6068865E-03
+7.4924687E-03,+6.6351799E-03,-47.1377827E-03,+91.6182465E-03
+7.4927625E-03,+8.5086964E-03,-47.0024651E-03,+91.6139030E-03
+7.4930562E-03,+11.0121579E-03,-46.9456652E-03,+91.6003712E-03
+7.4933500E-03,+13.0956070E-03,-46.9891004E-03,+91.5990348E-03
+7.4936437E-03,+12.4253809E-03,-47.0592651E-03,+91.6060512E-03
+7.4939375E-03,+10.6022159E-03,-47.0325357E-03,+91.5990348E-03
+7.4942312E-03,+7.8912108E-03,-47.1511474E-03,+91.6082230E-03
+7.4945250E-03,+6.2787135E-03,-46.9323005E-03,+91.6003712E-03
+7.4948187E-03,+6.1981143E-03,-47.1461356E-03,+91.5946912E-03
+7.4951125E-03,+7.8773181E-03,-47.2380179E-03,+91.5946912E-03
+7.4954062E-03,+10.1871285E-03,-47.1377827E-03,+91.5925195E-03
+7.4957000E-03,+12.3782637E-03,-47.0241828E-03,+91.5911830E-03
+7.4959937E-03,+12.3397834E-03,-46.9807475E-03,+91.6047148E-03
+7.4962875E-03,+10.0400801E-03,-46.9105828E-03,+91.6082230E-03
+7.4965812E-03,+7.7860974E-03,-47.0024651E-03,+91.6025430E-03
+7.4968750E-03,+5.8340032E-03,-47.0108181E-03,+91.6047148E-03
+7.4971687E-03,+4.7173027E-03,-47.0726298E-03,+91.6125665E-03
+7.4974625E-03,+6.4608241E-03,-46.8972181E-03,+91.6160747E-03
+7.4977562E-03,+9.9665375E-03,-47.0943474E-03,+91.6060512E-03
+7.4980500E-03,+13.0684834E-03,-46.9757357E-03,+91.5946912E-03
+7.4983437E-03,+13.2288363E-03,-47.2163003E-03,+91.5925195E-03
+7.4986375E-03,+11.5062273E-03,-47.0375475E-03,+91.5890112E-03
+7.4989312E-03,+9.3669872E-03,-46.8888652E-03,+91.6012065E-03
+7.4992250E-03,+7.7181413E-03,-46.9673828E-03,+91.6139030E-03
+7.4995187E-03,+6.3454200E-03,-47.0893356E-03,+91.5981995E-03
+7.4998125E-03,+7.0633881E-03,-47.1945826E-03,+91.5933548E-03
+7.5001062E-03,+9.8950531E-03,-47.0676180E-03,+91.6082230E-03
+7.5004000E-03,+11.9851545E-03,-47.2246532E-03,+91.6025430E-03
+7.5006937E-03,+12.0828070E-03,-47.2296650E-03,+91.6025430E-03
+7.5009875E-03,+10.5639194E-03,-47.0325357E-03,+91.6003712E-03
+7.5012812E-03,+8.7039279E-03,-47.1728650E-03,+91.5990348E-03
+7.5015750E-03,+5.9944664E-03,-46.9456652E-03,+91.6038795E-03
+7.5018687E-03,+5.7545434E-03,-47.0108181E-03,+91.5955265E-03
+7.5021625E-03,+6.3100269E-03,-47.1160650E-03,+91.6160747E-03
+7.5024562E-03,+8.2172826E-03,-46.9022299E-03,+91.6082230E-03
+7.5027500E-03,+11.5985506E-03,-46.8537829E-03,+91.6025430E-03
+7.5030437E-03,+13.2228456E-03,-47.0241828E-03,+91.6025430E-03
+7.5033375E-03,+12.0109918E-03,-47.0241828E-03,+91.6003712E-03
+7.5036312E-03,+9.8650995E-03,-47.0893356E-03,+91.5968630E-03
+7.5039250E-03,+6.5752727E-03,-47.1728650E-03,+91.5981995E-03
+7.5042187E-03,+5.7394747E-03,-46.9673828E-03,+91.5824959E-03
+7.5045125E-03,+6.9715058E-03,-46.9590299E-03,+91.5798230E-03
+7.5048062E-03,+9.2760973E-03,-46.8755005E-03,+91.6003712E-03
+7.5051000E-03,+12.2931439E-03,-47.0809827E-03,+91.5968630E-03
+7.5053937E-03,+14.2009876E-03,-46.8721593E-03,+91.6025430E-03
+7.5056875E-03,+13.3999212E-03,-46.5397125E-03,+91.6025430E-03
+7.5059812E-03,+10.3924670E-03,-46.7969829E-03,+91.6068865E-03
+7.5062750E-03,+6.7168817E-03,-47.1110533E-03,+91.6139030E-03
+7.5065687E-03,+4.9757492E-03,-47.2513826E-03,+91.6025430E-03
+7.5068625E-03,+6.1600015E-03,-47.0241828E-03,+91.6047148E-03
+7.5071562E-03,+9.1966374E-03,-47.0241828E-03,+91.6103947E-03
+7.5074500E-03,+12.1843185E-03,-47.0241828E-03,+91.6060512E-03
+7.5077437E-03,+13.0005640E-03,-47.0024651E-03,+91.5946912E-03
+7.5080375E-03,+12.1192291E-03,-46.9673828E-03,+91.5990348E-03
+7.5083312E-03,+9.6724407E-03,-47.0676180E-03,+91.6060512E-03
+7.5086250E-03,+6.5690982E-03,-47.2463708E-03,+91.5925195E-03
+7.5089187E-03,+5.1304054E-03,-47.2647473E-03,+91.5933548E-03
+7.5092125E-03,+5.2990278E-03,-46.8888652E-03,+91.6103947E-03
+7.5095062E-03,+7.2611555E-03,-46.9456652E-03,+91.6103947E-03
+7.5098000E-03,+9.9308871E-03,-46.9891004E-03,+91.6125665E-03
+7.5100937E-03,+12.6848565E-03,-47.0375475E-03,+91.6139030E-03
+7.5103875E-03,+12.9920373E-03,-46.9757357E-03,+91.6047148E-03
+7.5106812E-03,+11.2709719E-03,-47.1728650E-03,+91.6125665E-03
+7.5109750E-03,+8.3655806E-03,-46.9891004E-03,+91.6117312E-03
+7.5112687E-03,+6.0927070E-03,-47.1461356E-03,+91.5968630E-03
+7.5115625E-03,+6.1507765E-03,-47.2597355E-03,+91.6003712E-03
+7.5118562E-03,+8.0812968E-03,-47.1511474E-03,+91.5946912E-03
+7.5121500E-03,+10.8563623E-03,-46.9540181E-03,+91.5990348E-03
+7.5124437E-03,+12.6205389E-03,-47.2898061E-03,+91.6082230E-03
+7.5127375E-03,+12.8925472E-03,-47.4217825E-03,+91.6003712E-03
+7.5130312E-03,+11.6046149E-03,-47.0676180E-03,+91.5925195E-03
+7.5133250E-03,+8.6456746E-03,-47.0943474E-03,+91.5976983E-03
+7.5136187E-03,+5.5258300E-03,-46.9323005E-03,+91.6174112E-03
+7.5139125E-03,+5.5160537E-03,-47.1027003E-03,+91.6012065E-03
+7.5142062E-03,+7.5579353E-03,-47.1244180E-03,+91.6139030E-03
+7.5145000E-03,+10.7386059E-03,-47.0726298E-03,+91.6003712E-03
+7.5147937E-03,+13.4446862E-03,-46.8537829E-03,+91.5968630E-03
+7.5150875E-03,+13.2633106E-03,-47.0241828E-03,+91.6025430E-03
+7.5153812E-03,+11.7339851E-03,-47.0024651E-03,+91.6068865E-03
+7.5156750E-03,+8.2277205E-03,-46.9891004E-03,+91.6117312E-03
+7.5159687E-03,+5.6674757E-03,-47.0592651E-03,+91.5990348E-03
+7.5162625E-03,+5.7367917E-03,-46.9239475E-03,+91.6103947E-03
+7.5165562E-03,+7.1126370E-03,-46.9323005E-03,+91.6082230E-03
+7.5168500E-03,+9.8679662E-03,-47.0158298E-03,+91.6068865E-03
+7.5171437E-03,+11.5334244E-03,-46.8320653E-03,+91.6160747E-03
+7.5174375E-03,+12.4556653E-03,-46.9673828E-03,+91.6060512E-03
+7.5177312E-03,+11.4631896E-03,-46.9807475E-03,+91.5968630E-03
+7.5180250E-03,+9.3498604E-03,-46.8888652E-03,+91.6003712E-03
+7.5183187E-03,+7.1737204E-03,-46.9022299E-03,+91.5946912E-03
+7.5186125E-03,+5.9694377E-03,-46.9406534E-03,+91.6012065E-03
+7.5189062E-03,+6.3283666E-03,-47.2513826E-03,+91.6160747E-03
+7.5192000E-03,+8.7363072E-03,-47.0241828E-03,+91.6103947E-03
+7.5194937E-03,+11.2296249E-03,-47.0676180E-03,+91.6082230E-03
+7.5197875E-03,+12.7500561E-03,-47.2246532E-03,+91.6025430E-03
+7.5200812E-03,+12.3895836E-03,-47.2513826E-03,+91.6047148E-03
+7.5203750E-03,+9.7933210E-03,-47.1327709E-03,+91.6125665E-03
+7.5206687E-03,+7.6076988E-03,-47.3299002E-03,+91.6117312E-03
+7.5209625E-03,+6.2980455E-03,-47.0809827E-03,+91.5946912E-03
+7.5212562E-03,+7.2625889E-03,-46.9807475E-03,+91.5881759E-03
+7.5215500E-03,+8.7475169E-03,-46.8454299E-03,+91.5776512E-03
+7.5218437E-03,+11.1616687E-03,-46.8537829E-03,+91.5946912E-03
+7.5221375E-03,+11.5987711E-03,-47.0676180E-03,+91.5925195E-03
+7.5224312E-03,+10.7126216E-03,-47.1377827E-03,+91.5933548E-03
+7.5227250E-03,+9.3984477E-03,-47.0893356E-03,+91.6082230E-03
+7.5230187E-03,+7.4039039E-03,-47.2380179E-03,+91.6025430E-03
+7.5233125E-03,+6.4011741E-03,-47.0943474E-03,+91.6047148E-03
+7.5236062E-03,+7.5366554E-03,-46.9323005E-03,+91.6125665E-03
+7.5239000E-03,+9.6524471E-03,-47.0809827E-03,+91.6182465E-03
+7.5241937E-03,+11.0278514E-03,-47.0024651E-03,+91.6182465E-03
+7.5244875E-03,+11.8784975E-03,-46.9673828E-03,+91.6160747E-03
+7.5247812E-03,+12.1291892E-03,-46.9807475E-03,+91.6082230E-03
+7.5250750E-03,+10.2138846E-03,-46.8888652E-03,+91.6003712E-03
+7.5253687E-03,+8.6277024E-03,-47.0542533E-03,+91.5968630E-03
+7.5256625E-03,+6.4848973E-03,-47.2948178E-03,+91.6090583E-03
+7.5259562E-03,+6.4667413E-03,-47.0943474E-03,+91.6174112E-03
+7.5262500E-03,+7.4471988E-03,-46.9540181E-03,+91.5968630E-03
+7.5265437E-03,+10.1165629E-03,-47.1377827E-03,+91.6025430E-03
+7.5268375E-03,+12.0134910E-03,-47.0241828E-03,+91.6025430E-03
+7.5271312E-03,+11.5893991E-03,-47.0459004E-03,+91.6003712E-03
+7.5274250E-03,+10.5049677E-03,-47.0809827E-03,+91.5946912E-03
+7.5277187E-03,+8.5510726E-03,-47.0024651E-03,+91.5990348E-03
+7.5280125E-03,+6.9551508E-03,-46.9673828E-03,+91.6103947E-03
+7.5283062E-03,+6.5323453E-03,-46.9807475E-03,+91.6082230E-03
+7.5286000E-03,+8.7097716E-03,-47.0408886E-03,+91.6068865E-03
+7.5288937E-03,+10.8102006E-03,-47.3432649E-03,+91.6139030E-03
+7.5291875E-03,+13.1261854E-03,-46.9673828E-03,+91.6047148E-03
+7.5294812E-03,+13.3519953E-03,-47.0241828E-03,+91.6125665E-03
+7.5297750E-03,+11.9271584E-03,-47.0893356E-03,+91.6139030E-03
+7.5300687E-03,+9.4158686E-03,-47.2380179E-03,+91.6025430E-03
+7.5303625E-03,+6.3754839E-03,-47.1595003E-03,+91.6003712E-03
+7.5306562E-03,+5.7112485E-03,-47.1678532E-03,+91.5990348E-03
+7.5309500E-03,+7.0291344E-03,-47.2731002E-03,+91.6103947E-03
+7.5312437E-03,+9.3537562E-03,-47.1244180E-03,+91.6082230E-03
+7.5315375E-03,+11.0797465E-03,-47.1595003E-03,+91.6003712E-03
+7.5318312E-03,+10.8385004E-03,-47.1678532E-03,+91.5946912E-03
+7.5321250E-03,+10.3709298E-03,-47.3165355E-03,+91.5946912E-03
+7.5324187E-03,+9.0558371E-03,-47.2163003E-03,+91.5968630E-03
+7.5327125E-03,+7.0142863E-03,-47.0375475E-03,+91.6047148E-03
+7.5330062E-03,+5.8014034E-03,-46.9757357E-03,+91.6060512E-03
+7.5333000E-03,+7.1527345E-03,-47.2163003E-03,+91.5990348E-03
+7.5335937E-03,+9.6026469E-03,-47.0809827E-03,+91.6038795E-03
+7.5338875E-03,+11.6913517E-03,-47.0241828E-03,+91.5868395E-03
+7.5341812E-03,+11.4212178E-03,-47.0893356E-03,+91.5911830E-03
+7.5344750E-03,+10.7055651E-03,-47.2814531E-03,+91.6003712E-03
+7.5347687E-03,+9.4650073E-03,-47.2513826E-03,+91.5903477E-03
+7.5350625E-03,+7.1212005E-03,-47.0241828E-03,+91.5811595E-03
+7.5353562E-03,+6.2631302E-03,-47.0024651E-03,+91.5890112E-03
+7.5356500E-03,+6.7705409E-03,-46.9022299E-03,+91.5946912E-03
+7.5359437E-03,+9.2176234E-03,-46.8755005E-03,+91.5990348E-03
+7.5362375E-03,+11.4405866E-03,-47.1027003E-03,+91.6082230E-03
+7.5365312E-03,+12.6802623E-03,-47.1678532E-03,+91.6025430E-03
+7.5368250E-03,+11.7803305E-03,-47.3165355E-03,+91.6112300E-03
+7.5371187E-03,+9.4865077E-03,-47.2163003E-03,+91.6230912E-03
+7.5374125E-03,+7.3464591E-03,-47.0809827E-03,+91.6012065E-03
+7.5377062E-03,+6.3341001E-03,-47.0676180E-03,+91.6095595E-03
+7.5380000E-03,+6.5686204E-03,-47.1377827E-03,+91.5933548E-03
+7.5382937E-03,+8.9988333E-03,-47.0676180E-03,+91.6038795E-03
+7.5385875E-03,+11.3922565E-03,-47.0726298E-03,+91.5868395E-03
+7.5388812E-03,+12.3642240E-03,-46.8972181E-03,+91.5911830E-03
+7.5391750E-03,+12.4894412E-03,-47.1377827E-03,+91.6025430E-03
+7.5394687E-03,+10.4354679E-03,-47.0676180E-03,+91.5981995E-03
+7.5397625E-03,+7.7815768E-03,-47.1377827E-03,+91.5911830E-03
+7.5400562E-03,+5.9824850E-03,-47.0893356E-03,+91.6003712E-03
+7.5403500E-03,+5.5162007E-03,-47.2163003E-03,+91.5946912E-03
+7.5406437E-03,+7.2734310E-03,-47.1027003E-03,+91.5946912E-03
+7.5409375E-03,+10.7287194E-03,-47.1244180E-03,+91.5925195E-03
+7.5412312E-03,+12.3724935E-03,-47.2029356E-03,+91.5955265E-03
+7.5415250E-03,+11.3347015E-03,-47.1728650E-03,+91.6117312E-03
+7.5418187E-03,+9.7197050E-03,-47.0108181E-03,+91.5968630E-03
+7.5421125E-03,+6.8140564E-03,-47.2029356E-03,+91.6003712E-03
+7.5424062E-03,+5.0907858E-03,-47.1728650E-03,+91.5946912E-03
+7.5427000E-03,+5.3122221E-03,-46.9456652E-03,+91.5946912E-03
+7.5429937E-03,+7.4998657E-03,-46.8587946E-03,+91.5925195E-03
+7.5432875E-03,+10.8852133E-03,-46.7836182E-03,+91.5890112E-03
+7.5435812E-03,+12.9294471E-03,-47.2029356E-03,+91.5968630E-03
+7.5438750E-03,+12.7966588E-03,-47.2597355E-03,+91.6068865E-03
+7.5441687E-03,+10.5637356E-03,-47.2380179E-03,+91.6160747E-03
+7.5444625E-03,+8.3878529E-03,-47.1812179E-03,+91.6038795E-03
+7.5447562E-03,+5.3917922E-03,-47.2246532E-03,+91.5933548E-03
+7.5450500E-03,+5.4928994E-03,-47.2513826E-03,+91.6103947E-03
+7.5453437E-03,+7.8077816E-03,-46.9807475E-03,+91.6082230E-03
+7.5456375E-03,+10.1869815E-03,-46.9105828E-03,+91.6047148E-03
+7.5459312E-03,+12.3027732E-03,-47.0459004E-03,+91.6060512E-03
+7.5462250E-03,+12.5815808E-03,-47.0592651E-03,+91.5990348E-03
+7.5465187E-03,+12.2702101E-03,-46.9673828E-03,+91.6017077E-03
+7.5468125E-03,+9.7050405E-03,-46.9807475E-03,+91.5811595E-03
+7.5471062E-03,+6.8111529E-03,-46.9540181E-03,+91.5890112E-03
+7.5474000E-03,+5.6549798E-03,-47.1812179E-03,+91.5925195E-03
+7.5476937E-03,+6.5038618E-03,-47.1595003E-03,+91.5911830E-03
+7.5479875E-03,+8.7667019E-03,-47.0592651E-03,+91.6003712E-03
+7.5482812E-03,+11.3850897E-03,-46.9022299E-03,+91.5990348E-03
+7.5485750E-03,+12.6246919E-03,-46.8972181E-03,+91.6082230E-03
+7.5488687E-03,+12.3828210E-03,-47.1377827E-03,+91.5981995E-03
+7.5491625E-03,+10.4995283E-03,-47.1327709E-03,+91.5933548E-03
+7.5494562E-03,+7.4849073E-03,-47.3733354E-03,+91.6082230E-03
+7.5497500E-03,+5.9757592E-03,-47.2597355E-03,+91.6047148E-03
+7.5500437E-03,+6.7498858E-03,-47.2597355E-03,+91.6125665E-03
+7.5503375E-03,+8.6811411E-03,-47.1945826E-03,+91.6139030E-03
+7.5506312E-03,+10.8305617E-03,-47.0024651E-03,+91.6025430E-03
+7.5509250E-03,+12.3757645E-03,-46.9456652E-03,+91.6047148E-03
+7.5512187E-03,+11.8471106E-03,-46.9239475E-03,+91.6103947E-03
+7.5515125E-03,+9.7913364E-03,-46.9540181E-03,+91.6125665E-03
+7.5518062E-03,+7.2418603E-03,-47.1595003E-03,+91.6139030E-03
+7.5521000E-03,+6.1994374E-03,-47.1461356E-03,+91.6003712E-03
+7.5523937E-03,+6.9089156E-03,-47.1728650E-03,+91.5946912E-03
+7.5526875E-03,+9.0616440E-03,-46.9456652E-03,+91.5990348E-03
+7.5529812E-03,+11.1041504E-03,-46.9673828E-03,+91.6060512E-03
+7.5532750E-03,+11.7661439E-03,-47.0241828E-03,+91.5925195E-03
+7.5535687E-03,+11.7941129E-03,-47.0241828E-03,+91.5890112E-03
+7.5538625E-03,+9.9786660E-03,-47.0024651E-03,+91.5968630E-03
+7.5541562E-03,+7.3341101E-03,-47.0542533E-03,+91.6003712E-03
+7.5544500E-03,+6.1018584E-03,-47.1862297E-03,+91.6012065E-03
+7.5547437E-03,+5.3845886E-03,-46.8103476E-03,+91.6095595E-03
+7.5550375E-03,+6.7257759E-03,-46.9540181E-03,+91.5868395E-03
+7.5553312E-03,+9.6177156E-03,-47.0509121E-03,+91.5846677E-03
+7.5556250E-03,+11.6226605E-03,-46.7969829E-03,+91.5855030E-03
+7.5559187E-03,+11.9680644E-03,-47.1544885E-03,+91.6025430E-03
+7.5562125E-03,+11.1780605E-03,-47.4301354E-03,+91.6047148E-03
+7.5565062E-03,+8.3338261E-03,-47.2597355E-03,+91.6017077E-03
+7.5568000E-03,+6.6355107E-03,-47.1945826E-03,+91.5855030E-03
+7.5570937E-03,+7.2506075E-03,-47.0241828E-03,+91.6025430E-03
+7.5573875E-03,+8.7841595E-03,-47.1110533E-03,+91.6025430E-03
+7.5576812E-03,+11.7867255E-03,-47.1862297E-03,+91.6003712E-03
+7.5579750E-03,+13.5247340E-03,-46.8755005E-03,+91.5968630E-03
+7.5582687E-03,+13.8222121E-03,-47.1895709E-03,+91.6003712E-03
+7.5585625E-03,+11.4937313E-03,-47.3081825E-03,+91.6012065E-03
+7.5588562E-03,+8.1452102E-03,-47.0024651E-03,+91.6160747E-03
+7.5591500E-03,+5.1038331E-03,-47.0108181E-03,+91.6038795E-03
+7.5594437E-03,+4.4950211E-03,-47.1595003E-03,+91.5890112E-03
+7.5597375E-03,+6.5586604E-03,-47.1461356E-03,+91.5946912E-03
+7.5600312E-03,+9.8511701E-03,-47.2380179E-03,+91.5990348E-03
+7.5603250E-03,+12.6567772E-03,-47.1160650E-03,+91.6082230E-03
+7.5606187E-03,+13.7571962E-03,-46.9673828E-03,+91.6025430E-03
+7.5609125E-03,+12.0883199E-03,-47.0893356E-03,+91.6003712E-03
+7.5612062E-03,+9.4643090E-03,-47.3031708E-03,+91.6012065E-03
+7.5615000E-03,+7.0515905E-03,-47.3516178E-03,+91.6139030E-03
+7.5617937E-03,+5.6791264E-03,-47.1812179E-03,+91.6047148E-03
+7.5620875E-03,+6.5648716E-03,-47.1377827E-03,+91.6082230E-03
+7.5623812E-03,+9.2176601E-03,-47.0241828E-03,+91.6090583E-03
+7.5626750E-03,+12.2192338E-03,-47.0241828E-03,+91.6239265E-03
+7.5629687E-03,+12.9714924E-03,-47.0459004E-03,+91.6160747E-03
+7.5632625E-03,+11.8756308E-03,-47.1461356E-03,+91.6060512E-03
+7.5635562E-03,+9.0624894E-03,-47.3248884E-03,+91.6012065E-03
+7.5638500E-03,+7.2166110E-03,-47.4301354E-03,+91.6117312E-03
+7.5641437E-03,+6.0067051E-03,-47.2597355E-03,+91.5946912E-03
+7.5644375E-03,+6.8086169E-03,-47.2163003E-03,+91.6012065E-03
+7.5647312E-03,+8.5576513E-03,-47.0592651E-03,+91.6117312E-03
+7.5650250E-03,+11.3212499E-03,-47.0325357E-03,+91.5968630E-03
+7.5653187E-03,+12.3079921E-03,-47.2163003E-03,+91.6025430E-03
+7.5656125E-03,+11.3014768E-03,-47.1027003E-03,+91.6025430E-03
+7.5659062E-03,+8.9667848E-03,-47.1244180E-03,+91.6068865E-03
+7.5662000E-03,+5.5458236E-03,-47.2680884E-03,+91.6095595E-03
+7.5664937E-03,+5.1478631E-03,-47.3649825E-03,+91.5868395E-03
+7.5667875E-03,+6.8137256E-03,-47.0893356E-03,+91.5933548E-03
+7.5670812E-03,+9.4954754E-03,-47.2163003E-03,+91.6125665E-03
+7.5673750E-03,+12.4688228E-03,-47.1244180E-03,+91.6139030E-03
+7.5676687E-03,+13.3775386E-03,-47.1595003E-03,+91.6003712E-03
+7.5679625E-03,+12.8141165E-03,-47.1461356E-03,+91.5925195E-03
+7.5682562E-03,+10.0604412E-03,-47.3466060E-03,+91.5933548E-03
+7.5685500E-03,+6.2130728E-03,-47.4000648E-03,+91.6147383E-03
+7.5688437E-03,+5.0972910E-03,-46.9891004E-03,+91.6239265E-03
+7.5691375E-03,+7.0728704E-03,-47.1461356E-03,+91.6182465E-03
+7.5694312E-03,+10.0786706E-03,-47.2380179E-03,+91.6160747E-03
+7.5697250E-03,+12.8047812E-03,-47.1160650E-03,+91.6082230E-03
+7.5700187E-03,+14.1935635E-03,-46.9022299E-03,+91.6025430E-03
+7.5703125E-03,+13.0541130E-03,-46.8103476E-03,+91.5981995E-03
+7.5706062E-03,+9.9465072E-03,-47.0191710E-03,+91.5933548E-03
+7.5709000E-03,+6.7936585E-03,-47.3299002E-03,+91.6125665E-03
+7.5711937E-03,+4.5780827E-03,-47.0592651E-03,+91.6160747E-03
+7.5714875E-03,+4.8884977E-03,-47.0325357E-03,+91.6060512E-03
+7.5717812E-03,+7.4964477E-03,-47.1511474E-03,+91.5968630E-03
+7.5720750E-03,+10.3149183E-03,-46.9323005E-03,+91.6003712E-03
+7.5723687E-03,+12.2631168E-03,-47.1244180E-03,+91.5968630E-03
+7.5726625E-03,+12.4702195E-03,-47.2246532E-03,+91.6003712E-03
+7.5729562E-03,+10.2003228E-03,-47.2731002E-03,+91.5946912E-03
+7.5732500E-03,+7.5551421E-03,-47.1027003E-03,+91.5968630E-03
+7.5735437E-03,+4.8962526E-03,-47.0592651E-03,+91.5960277E-03
+7.5738375E-03,+4.5562882E-03,-47.0108181E-03,+91.5855030E-03
+7.5741312E-03,+7.2965486E-03,-47.1160650E-03,+91.6003712E-03
+7.5744250E-03,+11.2613794E-03,-46.8805123E-03,+91.5946912E-03
+7.5747187E-03,+13.8034314E-03,-46.7535477E-03,+91.5946912E-03
+7.5750125E-03,+14.3314972E-03,-46.9323005E-03,+91.5903477E-03
+7.5753062E-03,+11.2919946E-03,-47.1027003E-03,+91.5876748E-03
+7.5756000E-03,+8.5267421E-03,-47.0809827E-03,+91.6125665E-03
+7.5758937E-03,+6.6330483E-03,-47.0676180E-03,+91.6117312E-03
+7.5761875E-03,+5.7766319E-03,-47.2246532E-03,+91.5946912E-03
+7.5764812E-03,+7.0833450E-03,-47.2731002E-03,+91.5968630E-03
+7.5767750E-03,+9.5156895E-03,-47.0809827E-03,+91.5960277E-03
+7.5770687E-03,+12.8192986E-03,-47.0024651E-03,+91.5876748E-03
+7.5773625E-03,+13.4991908E-03,-46.9673828E-03,+91.6082230E-03
+7.5776562E-03,+11.3594729E-03,-46.9807475E-03,+91.5960277E-03
+7.5779500E-03,+9.0958978E-03,-46.8888652E-03,+91.5898465E-03
+7.5782437E-03,+6.9712486E-03,-47.0108181E-03,+91.6160747E-03
+7.5785375E-03,+5.6010632E-03,-47.1595003E-03,+91.6017077E-03
+7.5788312E-03,+6.9542687E-03,-47.1678532E-03,+91.5876748E-03
+7.5791250E-03,+9.6093359E-03,-47.2079473E-03,+91.6125665E-03
+7.5794187E-03,+12.6685014E-03,-47.0191710E-03,+91.6139030E-03
+7.5797125E-03,+13.7383420E-03,-47.3081825E-03,+91.6003712E-03
+7.5800062E-03,+11.8261982E-03,-47.0241828E-03,+91.5990348E-03
+7.5803000E-03,+9.1409568E-03,-47.0024651E-03,+91.6103947E-03
+7.5805937E-03,+7.1132619E-03,-47.0759709E-03,+91.6103947E-03
+7.5808875E-03,+6.4839785E-03,-47.2864649E-03,+91.6060512E-03
+7.5811812E-03,+7.2619641E-03,-46.9456652E-03,+91.5990348E-03
+7.5814750E-03,+9.5402772E-03,-46.9891004E-03,+91.6038795E-03
+7.5817687E-03,+11.7561103E-03,-47.1244180E-03,+91.5890112E-03
+7.5820625E-03,+13.1098304E-03,-47.2898061E-03,+91.5990348E-03
+7.5823562E-03,+12.3629010E-03,-47.4217825E-03,+91.6082230E-03
+7.5826500E-03,+9.8092350E-03,-47.0459004E-03,+91.6068865E-03
+7.5829437E-03,+7.4831432E-03,-46.9941122E-03,+91.6117312E-03
+7.5832375E-03,+5.7018397E-03,-46.7318300E-03,+91.5925195E-03
+7.5835312E-03,+6.5065815E-03,-46.8755005E-03,+91.5890112E-03
+7.5838250E-03,+9.0984337E-03,-47.0375475E-03,+91.5946912E-03
+7.5841187E-03,+11.6914987E-03,-46.8454299E-03,+91.5946912E-03
+7.5844125E-03,+13.2481684E-03,-46.8103476E-03,+91.5925195E-03
+7.5847062E-03,+12.3753602E-03,-47.0191710E-03,+91.5911830E-03
+7.5850000E-03,+9.0459873E-03,-47.3299002E-03,+91.6068865E-03
+7.5852937E-03,+6.0388272E-03,-47.0809827E-03,+91.6139030E-03
+7.5855875E-03,+4.8497969E-03,-47.0024651E-03,+91.6047148E-03
+7.5858812E-03,+5.0921456E-03,-46.9456652E-03,+91.6060512E-03
+7.5861750E-03,+8.0922124E-03,-46.9891004E-03,+91.6012065E-03
+7.5864687E-03,+12.2674904E-03,-47.0592651E-03,+91.6204183E-03
+7.5867625E-03,+13.8211095E-03,-46.9673828E-03,+91.6174112E-03
+7.5870562E-03,+13.0285697E-03,-47.0459004E-03,+91.5925195E-03
+7.5873500E-03,+10.3006950E-03,-47.0592651E-03,+91.5911830E-03
+7.5876437E-03,+6.0233910E-03,-46.9673828E-03,+91.6047148E-03
+7.5879375E-03,+4.4833336E-03,-47.0459004E-03,+91.6038795E-03
+7.5882312E-03,+5.1329046E-03,-47.0158298E-03,+91.5933548E-03
+7.5885250E-03,+8.3583770E-03,-46.8320653E-03,+91.6060512E-03
+7.5888187E-03,+12.8654603E-03,-46.9673828E-03,+91.5990348E-03
+7.5891125E-03,+14.8387242E-03,-47.0024651E-03,+91.6082230E-03
+7.5894062E-03,+13.4504932E-03,-47.0325357E-03,+91.6003712E-03
+7.5897000E-03,+11.3474547E-03,-47.1945826E-03,+91.5925195E-03
+7.5899937E-03,+8.2693248E-03,-47.0459004E-03,+91.5846677E-03
+7.5902875E-03,+5.3660651E-03,-47.0809827E-03,+91.5811595E-03
+7.5905812E-03,+5.9739950E-03,-47.0241828E-03,+91.5846677E-03
+7.5908750E-03,+8.4974500E-03,-47.0024651E-03,+91.5855030E-03
+7.5911687E-03,+11.7222241E-03,-47.0542533E-03,+91.6068865E-03
+7.5914625E-03,+13.9497080E-03,-47.2731002E-03,+91.6095595E-03
+7.5917562E-03,+13.2125180E-03,-47.1244180E-03,+91.5890112E-03
+7.5920500E-03,+11.2931339E-03,-47.0943474E-03,+91.5990348E-03
+7.5923437E-03,+8.4126979E-03,-46.9105828E-03,+91.6060512E-03
+7.5926375E-03,+6.7134269E-03,-46.9807475E-03,+91.5903477E-03
+7.5929312E-03,+5.9578973E-03,-46.9323005E-03,+91.5833312E-03
+7.5932250E-03,+7.2256522E-03,-47.0592651E-03,+91.5925195E-03
+7.5935187E-03,+9.5996331E-03,-46.9891004E-03,+91.5846677E-03
+7.5938125E-03,+12.4306365E-03,-47.0592651E-03,+91.5833312E-03
+7.5941062E-03,+13.5933150E-03,-47.0542533E-03,+91.5946912E-03
+7.5944000E-03,+11.5163344E-03,-47.2296650E-03,+91.5968630E-03
+7.5946937E-03,+8.7493545E-03,-46.9673828E-03,+91.6003712E-03
+7.5949875E-03,+6.6016245E-03,-46.9807475E-03,+91.5925195E-03
+7.5952812E-03,+6.1504090E-03,-46.9540181E-03,+91.5911830E-03
+7.5955750E-03,+6.9946234E-03,-47.2463708E-03,+91.6047148E-03
+7.5958687E-03,+10.2105401E-03,-47.3516178E-03,+91.6125665E-03
+7.5961625E-03,+13.8066289E-03,-47.1160650E-03,+91.6160747E-03
+7.5964562E-03,+14.1270408E-03,-47.0108181E-03,+91.6103947E-03
+7.5967500E-03,+11.7788237E-03,-47.0943474E-03,+91.6017077E-03
+7.5970437E-03,+8.5161941E-03,-46.9323005E-03,+91.5855030E-03
+7.5973375E-03,+5.8316878E-03,-47.1027003E-03,+91.5960277E-03
+7.5976312E-03,+5.7525587E-03,-47.1244180E-03,+91.5855030E-03
+7.5979250E-03,+7.8690855E-03,-47.1595003E-03,+91.6003712E-03
+7.5982187E-03,+10.5627065E-03,-47.1244180E-03,+91.5946912E-03
+7.5985125E-03,+12.7079373E-03,-47.0943474E-03,+91.5946912E-03
+7.5988062E-03,+12.8805290E-03,-46.8888652E-03,+91.5968630E-03
+7.5991000E-03,+10.8651095E-03,-47.0325357E-03,+91.6003712E-03
+7.5993937E-03,+7.4983589E-03,-47.2380179E-03,+91.6033783E-03
+7.5996875E-03,+5.0449917E-03,-47.1595003E-03,+91.6174112E-03
+7.5999812E-03,+4.9058451E-03,-47.1461356E-03,+91.5968630E-03
+7.6002750E-03,+7.5615003E-03,-47.2163003E-03,+91.6025430E-03
+7.6005687E-03,+10.5985038E-03,-47.0592651E-03,+91.6047148E-03
+7.6008625E-03,+12.5401235E-03,-46.9239475E-03,+91.6060512E-03
+7.6011562E-03,+13.0740331E-03,-46.9540181E-03,+91.5946912E-03
+7.6014500E-03,+11.2865184E-03,-47.2029356E-03,+91.5903477E-03
+7.6017437E-03,+8.6260118E-03,-47.2163003E-03,+91.5768159E-03
+7.6020375E-03,+5.7059928E-03,-47.1461356E-03,+91.5819948E-03
+7.6023312E-03,+4.8063917E-03,-47.2380179E-03,+91.6103947E-03
+7.6026250E-03,+6.7781855E-03,-47.1160650E-03,+91.6082230E-03
+7.6029187E-03,+9.8885478E-03,-47.0108181E-03,+91.5960277E-03
+7.6032125E-03,+12.5288036E-03,-47.1377827E-03,+91.5855030E-03
+7.6035062E-03,+13.5344736E-03,-47.0893356E-03,+91.6068865E-03
+7.6038000E-03,+11.8776890E-03,-47.3031708E-03,+91.6139030E-03
+7.6040937E-03,+8.4063764E-03,-47.4384883E-03,+91.6025430E-03
+7.6043875E-03,+5.4282878E-03,-47.4084178E-03,+91.6003712E-03
+7.6046812E-03,+3.7975610E-03,-47.1812179E-03,+91.5968630E-03
+7.6049750E-03,+5.7479279E-03,-47.1377827E-03,+91.6047148E-03
+7.6052687E-03,+9.2219234E-03,-47.1110533E-03,+91.6060512E-03
+7.6055625E-03,+12.7009175E-03,-47.3165355E-03,+91.6012065E-03
+7.6058562E-03,+13.7447370E-03,-47.1728650E-03,+91.6182465E-03
+7.6061500E-03,+12.4544892E-03,-46.9022299E-03,+91.6117312E-03
+7.6064437E-03,+9.5688342E-03,-46.8972181E-03,+91.5946912E-03
+7.6067375E-03,+7.1559320E-03,-47.1812179E-03,+91.6055500E-03
+7.6070312E-03,+6.1587887E-03,-47.1812179E-03,+91.6296065E-03
+7.6073250E-03,+7.3428940E-03,-47.1160650E-03,+91.6160747E-03
+7.6076187E-03,+10.3188141E-03,-46.9673828E-03,+91.6103947E-03
+7.6079125E-03,+12.8360579E-03,-47.0024651E-03,+91.6082230E-03
+7.6082062E-03,+13.5149945E-03,-46.9891004E-03,+91.5981995E-03
+7.6085000E-03,+12.2973705E-03,-47.0809827E-03,+91.5911830E-03
+7.6087937E-03,+9.9886628E-03,-47.0676180E-03,+91.6003712E-03
+7.6090875E-03,+7.9066103E-03,-47.1377827E-03,+91.5946912E-03
+7.6093812E-03,+4.8910337E-03,-47.0459004E-03,+91.5925195E-03
+7.6096750E-03,+5.1493699E-03,-47.1678532E-03,+91.5890112E-03
+7.6099687E-03,+7.4775567E-03,-47.3165355E-03,+91.5968630E-03
+7.6102625E-03,+10.7084318E-03,-47.2380179E-03,+91.6090583E-03
+7.6105562E-03,+12.5366687E-03,-47.1160650E-03,+91.6174112E-03
+7.6108500E-03,+12.2868592E-03,-47.0108181E-03,+91.5968630E-03
+7.6111437E-03,+9.6457213E-03,-47.0726298E-03,+91.6003712E-03
+7.6114375E-03,+6.8466562E-03,-46.8755005E-03,+91.5968630E-03
+7.6117312E-03,+5.2530867E-03,-47.1027003E-03,+91.6003712E-03
+7.6120250E-03,+5.5759242E-03,-47.1027003E-03,+91.6012065E-03
+7.6123187E-03,+8.2888037E-03,-47.1027003E-03,+91.6117312E-03
+7.6126125E-03,+12.0753094E-03,-47.1678532E-03,+91.5968630E-03
+7.6129062E-03,+13.6502820E-03,-47.2731002E-03,+91.6025430E-03
+7.6132000E-03,+13.4785356E-03,-47.0809827E-03,+91.6047148E-03
+7.6134937E-03,+11.0313429E-03,-46.9807475E-03,+91.6103947E-03
+7.6137875E-03,+8.9851980E-03,-46.9323005E-03,+91.6060512E-03
+7.6140812E-03,+6.2597490E-03,-47.1461356E-03,+91.5990348E-03
+7.6143750E-03,+5.6390290E-03,-47.2597355E-03,+91.5951924E-03
+7.6146687E-03,+7.3929882E-03,-47.1945826E-03,+91.5662913E-03
+7.6149625E-03,+9.9193467E-03,-47.0459004E-03,+91.5968630E-03
+7.6152562E-03,+11.4798754E-03,-47.1678532E-03,+91.6047148E-03
+7.6155500E-03,+12.0371231E-03,-47.2296650E-03,+91.6082230E-03
+7.6158437E-03,+9.9345257E-03,-46.9891004E-03,+91.6047148E-03
+7.6161375E-03,+7.1765871E-03,-47.0809827E-03,+91.6082230E-03
+7.6164312E-03,+5.3932255E-03,-47.0459004E-03,+91.6003712E-03
+7.6167250E-03,+4.9342184E-03,-47.1027003E-03,+91.5946912E-03
+7.6170187E-03,+7.5987678E-03,-47.0592651E-03,+91.5946912E-03
+7.6173125E-03,+10.0183591E-03,-47.0108181E-03,+91.5881759E-03
+7.6176062E-03,+11.4982887E-03,-47.1595003E-03,+91.5819948E-03
+7.6179000E-03,+12.1488152E-03,-47.0809827E-03,+91.6082230E-03
+7.6181937E-03,+11.4270248E-03,-47.1110533E-03,+91.6003712E-03
+7.6184875E-03,+8.9412415E-03,-47.2948178E-03,+91.5990348E-03
+7.6187812E-03,+7.4168042E-03,-47.2463708E-03,+91.6103947E-03
+7.6190750E-03,+6.9636775E-03,-47.3081825E-03,+91.6082230E-03
+7.6193687E-03,+8.7073092E-03,-47.0241828E-03,+91.6047148E-03
+7.6196625E-03,+10.7031394E-03,-47.0893356E-03,+91.6125665E-03
+7.6199562E-03,+12.7073125E-03,-47.1511474E-03,+91.6160747E-03
+7.6202500E-03,+13.0971139E-03,-46.9323005E-03,+91.6082230E-03
+7.6205437E-03,+11.6062320E-03,-47.1244180E-03,+91.6025430E-03
+7.6208375E-03,+8.6454173E-03,-47.1812179E-03,+91.6047148E-03
+7.6211312E-03,+4.8578091E-03,-47.1595003E-03,+91.6125665E-03
+7.6214250E-03,+4.4568348E-03,-47.0809827E-03,+91.6139030E-03
+7.6217187E-03,+6.9935576E-03,-47.0676180E-03,+91.6047148E-03
+7.6220125E-03,+10.3412702E-03,-47.0726298E-03,+91.6060512E-03
+7.6223062E-03,+11.7521410E-03,-46.8755005E-03,+91.5968630E-03
+7.6226000E-03,+12.3272139E-03,-47.0809827E-03,+91.6025430E-03
+7.6228937E-03,+11.1975028E-03,-47.0676180E-03,+91.6003712E-03
+7.6231875E-03,+8.6568475E-03,-47.1377827E-03,+91.5925195E-03
+7.6234812E-03,+6.1925646E-03,-47.0893356E-03,+91.5868395E-03
+7.6237750E-03,+4.5645208E-03,-47.1945826E-03,+91.5955265E-03
+7.6240687E-03,+6.0960514E-03,-47.0241828E-03,+91.6139030E-03
+7.6243625E-03,+8.8527772E-03,-47.0459004E-03,+91.6025430E-03
+7.6246562E-03,+11.1854846E-03,-47.0809827E-03,+91.5981995E-03
+7.6249500E-03,+12.1743217E-03,-47.0893356E-03,+91.5911830E-03
+7.6252437E-03,+12.2193441E-03,-47.2163003E-03,+91.6025430E-03
+7.6255375E-03,+10.9474360E-03,-47.0592651E-03,+91.6003712E-03
+7.6258312E-03,+8.3422425E-03,-46.9456652E-03,+91.5946912E-03
+7.6261250E-03,+6.4286653E-03,-46.9673828E-03,+91.5968630E-03
+7.6264187E-03,+6.5043028E-03,-47.0024651E-03,+91.6025430E-03
+7.6267125E-03,+8.9279369E-03,-46.9891004E-03,+91.6003712E-03
+7.6270062E-03,+11.4408438E-03,-47.1461356E-03,+91.5968630E-03
+7.6273000E-03,+12.5405278E-03,-47.1728650E-03,+91.6025430E-03
+7.6275937E-03,+12.6859958E-03,-46.9456652E-03,+91.6025430E-03
+7.6278875E-03,+10.3438062E-03,-47.0108181E-03,+91.6025430E-03
+7.6281812E-03,+8.6084439E-03,-47.0943474E-03,+91.6047148E-03
+7.6284750E-03,+7.6720899E-03,-46.9105828E-03,+91.6103947E-03
+7.6287687E-03,+7.7412956E-03,-46.9807475E-03,+91.6060512E-03
+7.6290625E-03,+8.9839851E-03,-46.9757357E-03,+91.5968630E-03
+7.6293562E-03,+10.2993719E-03,-47.2163003E-03,+91.6025430E-03
+7.6296500E-03,+11.5922291E-03,-47.0809827E-03,+91.6025430E-03
+7.6299437E-03,+11.2370490E-03,-47.0893356E-03,+91.6025430E-03
+7.6302375E-03,+9.9552911E-03,-47.2597355E-03,+91.6025430E-03
+7.6305312E-03,+7.4521605E-03,-47.1945826E-03,+91.5981995E-03
+7.6308250E-03,+5.9941724E-03,-47.0893356E-03,+91.5890112E-03
+7.6311187E-03,+7.0290609E-03,-47.1945826E-03,+91.5968630E-03
+7.6314125E-03,+7.8105013E-03,-47.0241828E-03,+91.5981995E-03
+7.6317062E-03,+9.9011541E-03,-47.0676180E-03,+91.5911830E-03
+7.6320000E-03,+11.1757818E-03,-47.1595003E-03,+91.5981995E-03
+7.6322937E-03,+10.8492690E-03,-47.0592651E-03,+91.5868395E-03
+7.6325875E-03,+9.1396337E-03,-46.9891004E-03,+91.5933548E-03
+7.6328812E-03,+7.7262269E-03,-47.0158298E-03,+91.6038795E-03
+7.6331750E-03,+6.2462974E-03,-46.8755005E-03,+91.5868395E-03
+7.6334687E-03,+6.3814746E-03,-47.0592651E-03,+91.5933548E-03
+7.6337625E-03,+7.9723244E-03,-47.0108181E-03,+91.6147383E-03
+7.6340562E-03,+9.9442285E-03,-47.1377827E-03,+91.6217547E-03
+7.6343500E-03,+12.5688275E-03,-47.1110533E-03,+91.6103947E-03
+7.6346437E-03,+12.5509656E-03,-47.2731002E-03,+91.6103947E-03
+7.6349375E-03,+11.6548561E-03,-47.0592651E-03,+91.6103947E-03
+7.6352312E-03,+8.9567512E-03,-46.9456652E-03,+91.6060512E-03
+7.6355250E-03,+6.9562534E-03,-46.9239475E-03,+91.5946912E-03
+7.6358187E-03,+6.3098064E-03,-46.8671476E-03,+91.5925195E-03
+7.6361125E-03,+7.9844161E-03,-46.9323005E-03,+91.5911830E-03
+7.6364062E-03,+9.4508574E-03,-47.0592651E-03,+91.6003712E-03
+7.6367000E-03,+11.3084231E-03,-46.9239475E-03,+91.5968630E-03
+7.6369937E-03,+12.2112217E-03,-46.9757357E-03,+91.6090583E-03
+7.6372875E-03,+11.3718954E-03,-47.2380179E-03,+91.6195830E-03
+7.6375812E-03,+9.6263526E-03,-47.1377827E-03,+91.6003712E-03
+7.6378750E-03,+7.7290937E-03,-47.0459004E-03,+91.5925195E-03
+7.6381687E-03,+7.6459218E-03,-47.1027003E-03,+91.5890112E-03
+7.6384625E-03,+8.6714016E-03,-47.0592651E-03,+91.5968630E-03
+7.6387562E-03,+10.0095751E-03,-46.9239475E-03,+91.6047148E-03
+7.6390500E-03,+11.5069256E-03,-46.9105828E-03,+91.6082230E-03
+7.6393437E-03,+12.4655518E-03,-46.9373122E-03,+91.6047148E-03
+7.6396375E-03,+12.3345645E-03,-46.7535477E-03,+91.6082230E-03
+7.6399312E-03,+9.8558377E-03,-46.9105828E-03,+91.6068865E-03
+7.6402250E-03,+7.5924831E-03,-47.1110533E-03,+91.6139030E-03
+7.6405187E-03,+6.1760993E-03,-47.2948178E-03,+91.6025430E-03
+7.6408125E-03,+6.2000990E-03,-47.0291945E-03,+91.6068865E-03
+7.6411062E-03,+7.9032657E-03,-46.7184653E-03,+91.6095595E-03
+7.6414000E-03,+9.7926595E-03,-46.9673828E-03,+91.5890112E-03
+7.6416937E-03,+11.2158793E-03,-47.0241828E-03,+91.6012065E-03
+7.6419875E-03,+11.4816028E-03,-46.9590299E-03,+91.6139030E-03
+7.6422812E-03,+10.0135813E-03,-46.8972181E-03,+91.5960277E-03
+7.6425750E-03,+7.4688095E-03,-47.0943474E-03,+91.5811595E-03
+7.6428687E-03,+6.5007746E-03,-46.9105828E-03,+91.5933548E-03
+7.6431625E-03,+6.4766279E-03,-47.0459004E-03,+91.6082230E-03
+7.6434562E-03,+8.1309132E-03,-47.1244180E-03,+91.6025430E-03
+7.6437500E-03,+10.0828605E-03,-47.1595003E-03,+91.6047148E-03
+7.6440437E-03,+11.2481483E-03,-47.0809827E-03,+91.6125665E-03
+7.6443375E-03,+11.3829948E-03,-47.0024651E-03,+91.6182465E-03
+7.6446312E-03,+10.8479091E-03,-46.9891004E-03,+91.6160747E-03
+7.6449250E-03,+9.0546610E-03,-47.0158298E-03,+91.6125665E-03
+7.6452187E-03,+7.9652311E-03,-46.8972181E-03,+91.6160747E-03
+7.6455125E-03,+7.7303065E-03,-47.1595003E-03,+91.6125665E-03
+7.6458062E-03,+7.9911052E-03,-47.0592651E-03,+91.6117312E-03
+7.6461000E-03,+8.8064318E-03,-47.0325357E-03,+91.5990348E-03
+7.6463937E-03,+10.0634182E-03,-47.1511474E-03,+91.6103947E-03
+7.6466875E-03,+10.8061578E-03,-46.9323005E-03,+91.6125665E-03
+7.6469812E-03,+10.2333637E-03,-47.1027003E-03,+91.6160747E-03
+7.6472750E-03,+9.4161994E-03,-47.0809827E-03,+91.6060512E-03
+7.6475687E-03,+8.7106905E-03,-47.0024651E-03,+91.6012065E-03
+7.6478625E-03,+7.4272420E-03,-46.9673828E-03,+91.6160747E-03
+7.6481562E-03,+7.6109330E-03,-47.0024651E-03,+91.6082230E-03
+7.6484500E-03,+9.2655859E-03,-46.9673828E-03,+91.6003712E-03
+7.6487437E-03,+11.1613747E-03,-46.9807475E-03,+91.5968630E-03
+7.6490375E-03,+11.6471747E-03,-46.8888652E-03,+91.6068865E-03
+7.6493312E-03,+10.9519199E-03,-46.9022299E-03,+91.6139030E-03
+7.6496250E-03,+9.5267154E-03,-46.7886300E-03,+91.6068865E-03
+7.6499187E-03,+8.1778467E-03,-46.8320653E-03,+91.6139030E-03
+7.6502125E-03,+7.8055397E-03,-46.9239475E-03,+91.6047148E-03
+7.6505062E-03,+7.7930437E-03,-46.9540181E-03,+91.6103947E-03
+7.6508000E-03,+9.6658251E-03,-47.0943474E-03,+91.6103947E-03
+7.6510937E-03,+11.4376831E-03,-46.8237123E-03,+91.6017077E-03
+7.6513875E-03,+11.9198078E-03,-46.7752653E-03,+91.5855030E-03
+7.6516812E-03,+11.1039667E-03,-46.9239475E-03,+91.6047148E-03
+7.6519750E-03,+8.7159829E-03,-46.8888652E-03,+91.6082230E-03
+7.6522687E-03,+6.8182830E-03,-47.0325357E-03,+91.6025430E-03
+7.6525625E-03,+6.4696816E-03,-47.1294297E-03,+91.6047148E-03
+7.6528562E-03,+6.9678673E-03,-46.8320653E-03,+91.6060512E-03
+7.6531500E-03,+8.4646297E-03,-46.8805123E-03,+91.5968630E-03
+7.6534437E-03,+10.5489241E-03,-46.7535477E-03,+91.6068865E-03
+7.6537375E-03,+11.6987391E-03,-46.9323005E-03,+91.6182465E-03
+7.6540312E-03,+10.7708383E-03,-47.0592651E-03,+91.6182465E-03
+7.6543250E-03,+9.1741447E-03,-47.0542533E-03,+91.6139030E-03
+7.6546187E-03,+7.2774004E-03,-47.2079473E-03,+91.6003712E-03
+7.6549125E-03,+7.0671737E-03,-46.8671476E-03,+91.5946912E-03
+7.6552062E-03,+7.0093246E-03,-46.9105828E-03,+91.5946912E-03
+7.6555000E-03,+8.2333069E-03,-47.0676180E-03,+91.5946912E-03
+7.6557937E-03,+9.9527184E-03,-47.1377827E-03,+91.6033783E-03
+7.6560875E-03,+11.9869554E-03,-47.0459004E-03,+91.6195830E-03
+7.6563812E-03,+12.1462425E-03,-47.0592651E-03,+91.5916842E-03
+7.6566750E-03,+10.9334332E-03,-47.0108181E-03,+91.5697995E-03
+7.6569687E-03,+8.6999954E-03,-47.1160650E-03,+91.5976983E-03
+7.6572625E-03,+6.9643390E-03,-46.9456652E-03,+91.6152394E-03
+7.6575562E-03,+6.9176996E-03,-46.9456652E-03,+91.5890112E-03
+7.6578500E-03,+8.0684333E-03,-46.9891004E-03,+91.5946912E-03
+7.6581437E-03,+10.1692298E-03,-47.0375475E-03,+91.6012065E-03
+7.6584375E-03,+11.2099621E-03,-46.9323005E-03,+91.6117312E-03
+7.6587312E-03,+11.5063743E-03,-47.1244180E-03,+91.5946912E-03
+7.6590250E-03,+10.6838074E-03,-47.1160650E-03,+91.6033783E-03
+7.6593187E-03,+8.8422291E-03,-46.9891004E-03,+91.6217547E-03
+7.6596125E-03,+7.2575538E-03,-47.1027003E-03,+91.6125665E-03
+7.6599062E-03,+6.9455215E-03,-47.1027003E-03,+91.6160747E-03
+7.6602000E-03,+7.8748924E-03,-47.0375475E-03,+91.5995359E-03
+7.6604937E-03,+9.9343052E-03,-46.8454299E-03,+91.5776512E-03
+7.6607875E-03,+11.3638097E-03,-46.8537829E-03,+91.5968630E-03
+7.6610812E-03,+11.9632130E-03,-47.0893356E-03,+91.6047148E-03
+7.6613750E-03,+10.8257839E-03,-47.1511474E-03,+91.6060512E-03
+7.6616687E-03,+8.8815915E-03,-46.9105828E-03,+91.5946912E-03
+7.6619625E-03,+7.6824542E-03,-47.0676180E-03,+91.5946912E-03
+7.6622562E-03,+7.7159361E-03,-47.1812179E-03,+91.5990348E-03
+7.6625500E-03,+7.6965673E-03,-47.1160650E-03,+91.6082230E-03
+7.6628437E-03,+10.0440861E-03,-46.9673828E-03,+91.6025430E-03
+7.6631375E-03,+11.4261427E-03,-47.0676180E-03,+91.6068865E-03
+7.6634312E-03,+10.7547037E-03,-47.0943474E-03,+91.6139030E-03
+7.6637250E-03,+9.4826854E-03,-46.9757357E-03,+91.6068865E-03
+7.6640187E-03,+7.9434366E-03,-47.2380179E-03,+91.6182465E-03
+7.6643125E-03,+7.2242189E-03,-47.0291945E-03,+91.6139030E-03
+7.6646062E-03,+6.7046797E-03,-46.7401830E-03,+91.6068865E-03
+7.6649000E-03,+7.3656808E-03,-47.0676180E-03,+91.6139030E-03
+7.6651937E-03,+9.3454868E-03,-47.1812179E-03,+91.6047148E-03
+7.6654875E-03,+11.3643243E-03,-47.1595003E-03,+91.6060512E-03
+7.6657812E-03,+11.9020194E-03,-47.0809827E-03,+91.5990348E-03
+7.6660750E-03,+10.9071916E-03,-47.0024651E-03,+91.6082230E-03
+7.6663687E-03,+8.2853122E-03,-46.9022299E-03,+91.5960277E-03
+7.6666625E-03,+7.5061505E-03,-46.8537829E-03,+91.5876748E-03
+7.6669562E-03,+6.7586330E-03,-47.0676180E-03,+91.6082230E-03
+7.6672500E-03,+6.6837673E-03,-47.1377827E-03,+91.6025430E-03
+7.6675437E-03,+8.4183210E-03,-47.0676180E-03,+91.6003712E-03
+7.6678375E-03,+9.9268443E-03,-47.1595003E-03,+91.5968630E-03
+7.6681312E-03,+11.7480982E-03,-47.0158298E-03,+91.6068865E-03
+7.6684250E-03,+11.9065400E-03,-46.8755005E-03,+91.6182465E-03
+7.6687187E-03,+10.4511247E-03,-47.0375475E-03,+91.6095595E-03
+7.6690125E-03,+8.7952589E-03,-46.9323005E-03,+91.5955265E-03
+7.6693062E-03,+7.8316343E-03,-47.1027003E-03,+91.6139030E-03
+7.6696000E-03,+7.2573333E-03,-47.0592651E-03,+91.6025430E-03
+7.6698937E-03,+8.8070198E-03,-46.9891004E-03,+91.6047148E-03
+7.6701875E-03,+10.5414265E-03,-47.1461356E-03,+91.6103947E-03
+7.6704812E-03,+12.5454894E-03,-47.1511474E-03,+91.6082230E-03
+7.6707750E-03,+12.1083503E-03,-46.8454299E-03,+91.6047148E-03
+7.6710687E-03,+10.4180838E-03,-46.8755005E-03,+91.6060512E-03
+7.6713625E-03,+8.9933939E-03,-47.0592651E-03,+91.5946912E-03
+7.6716562E-03,+6.9637143E-03,-47.0108181E-03,+91.6012065E-03
+7.6719500E-03,+5.7905245E-03,-47.0943474E-03,+91.6073877E-03
+7.6722437E-03,+6.6607967E-03,-46.9323005E-03,+91.5876748E-03
+7.6725375E-03,+9.3055731E-03,-47.1461356E-03,+91.6103947E-03
+7.6728312E-03,+11.7533171E-03,-47.2814531E-03,+91.6082230E-03
+7.6731250E-03,+11.6630887E-03,-47.2513826E-03,+91.5981995E-03
+7.6734187E-03,+10.9185482E-03,-46.9807475E-03,+91.5846677E-03
+7.6737125E-03,+9.2248270E-03,-46.9757357E-03,+91.5941901E-03
+7.6740062E-03,+7.5967832E-03,-47.2597355E-03,+91.6209194E-03
+7.6743000E-03,+6.5891285E-03,-47.1728650E-03,+91.5933548E-03
+7.6745937E-03,+7.4637376E-03,-46.9456652E-03,+91.6082230E-03
+7.6748875E-03,+9.2182482E-03,-47.0108181E-03,+91.6047148E-03
+7.6751812E-03,+11.2334104E-03,-47.1377827E-03,+91.6103947E-03
+7.6754750E-03,+11.5417306E-03,-47.0459004E-03,+91.6060512E-03
+7.6757687E-03,+10.5959679E-03,-47.1027003E-03,+91.6077218E-03
+7.6760625E-03,+9.5195118E-03,-47.0375475E-03,+91.6352865E-03
+7.6763562E-03,+7.6965306E-03,-46.8888652E-03,+91.6160747E-03
+7.6766500E-03,+6.0495958E-03,-47.0108181E-03,+91.6169100E-03
+7.6769437E-03,+6.9017488E-03,-47.2029356E-03,+91.6209194E-03
+7.6772375E-03,+9.0900908E-03,-47.1945826E-03,+91.5955265E-03
+7.6775312E-03,+11.2907817E-03,-46.9807475E-03,+91.6139030E-03
+7.6778250E-03,+12.6704861E-03,-46.8454299E-03,+91.5938559E-03
+7.6781187E-03,+11.1844188E-03,-46.8537829E-03,+91.5798230E-03
+7.6784125E-03,+9.1535998E-03,-47.0676180E-03,+91.6047148E-03
+7.6787062E-03,+7.1099908E-03,-47.1812179E-03,+91.6038795E-03
+7.6790000E-03,+7.0763987E-03,-47.1377827E-03,+91.5911830E-03
+7.6792937E-03,+7.7616935E-03,-46.9807475E-03,+91.6047148E-03
+7.6795875E-03,+9.5356463E-03,-46.8888652E-03,+91.6060512E-03
+7.6798812E-03,+12.0132337E-03,-46.8805123E-03,+91.5903477E-03
+7.6801750E-03,+12.7020201E-03,-46.7969829E-03,+91.5898465E-03
+7.6804687E-03,+11.6819062E-03,-47.0024651E-03,+91.6182465E-03
+7.6807625E-03,+9.7073192E-03,-46.9891004E-03,+91.6160747E-03
+7.6810562E-03,+6.8552197E-03,-47.0809827E-03,+91.6017077E-03
+7.6813500E-03,+5.7354319E-03,-47.0459004E-03,+91.5811595E-03
+7.6816437E-03,+6.3204647E-03,-47.1027003E-03,+91.5955265E-03
+7.6819375E-03,+8.8509028E-03,-47.1027003E-03,+91.6095595E-03
+7.6822312E-03,+10.9520301E-03,-47.1027003E-03,+91.5911830E-03
+7.6825250E-03,+12.5100229E-03,-47.1027003E-03,+91.6003712E-03
+7.6828187E-03,+10.8313336E-03,-47.0375475E-03,+91.5968630E-03
+7.6831125E-03,+9.3297565E-03,-46.8888652E-03,+91.6047148E-03
+7.6834062E-03,+7.5967832E-03,-46.9239475E-03,+91.6082230E-03
+7.6837000E-03,+6.4357954E-03,-46.9323005E-03,+91.6025430E-03
+7.6839937E-03,+7.0687173E-03,-47.0375475E-03,+91.6068865E-03
+7.6842875E-03,+8.7249873E-03,-46.8671476E-03,+91.6139030E-03
+7.6845812E-03,+10.8797371E-03,-46.8237123E-03,+91.6025430E-03
+7.6848750E-03,+12.2574568E-03,-46.7535477E-03,+91.6068865E-03
+7.6851687E-03,+11.1380366E-03,-46.9323005E-03,+91.6204183E-03
+7.6854625E-03,+9.8212165E-03,-46.9723946E-03,+91.6217547E-03
+7.6857562E-03,+7.5680424E-03,-46.7619006E-03,+91.6038795E-03
+7.6860500E-03,+6.5183424E-03,-47.0809827E-03,+91.5933548E-03
+7.6863437E-03,+6.7606176E-03,-46.9590299E-03,+91.6060512E-03
+7.6866375E-03,+8.2464644E-03,-46.8537829E-03,+91.5990348E-03
+7.6869312E-03,+11.0736455E-03,-47.0676180E-03,+91.6103947E-03
+7.6872250E-03,+12.8619320E-03,-47.1377827E-03,+91.6103947E-03
+7.6875187E-03,+11.9957393E-03,-47.0241828E-03,+91.6103947E-03
+7.6878125E-03,+10.8109357E-03,-47.0676180E-03,+91.6060512E-03
+7.6881062E-03,+8.5065648E-03,-47.1377827E-03,+91.5946912E-03
+7.6884000E-03,+6.5827703E-03,-47.0676180E-03,+91.5990348E-03
+7.6886937E-03,+6.5758975E-03,-47.0726298E-03,+91.6038795E-03
+7.6889875E-03,+7.3514942E-03,-46.8537829E-03,+91.5933548E-03
+7.6892812E-03,+9.8035751E-03,-46.9807475E-03,+91.6082230E-03
+7.6895750E-03,+11.6881542E-03,-46.8888652E-03,+91.6047148E-03
+7.6898687E-03,+11.6980040E-03,-46.9022299E-03,+91.6125665E-03
+7.6901625E-03,+10.9888198E-03,-46.8972181E-03,+91.6117312E-03
+7.6904562E-03,+9.2990679E-03,-47.1595003E-03,+91.5925195E-03
+7.6907500E-03,+7.1105054E-03,-47.0592651E-03,+91.5955265E-03
+7.6910437E-03,+6.0854299E-03,-47.0108181E-03,+91.6095595E-03
+7.6913375E-03,+6.9686759E-03,-47.1160650E-03,+91.5911830E-03
+7.6916312E-03,+9.1501818E-03,-46.9891004E-03,+91.6025430E-03
+7.6919250E-03,+11.4105962E-03,-47.0592651E-03,+91.6047148E-03
+7.6922187E-03,+11.1547224E-03,-46.9673828E-03,+91.6103947E-03
+7.6925125E-03,+10.5923661E-03,-47.0676180E-03,+91.6082230E-03
+7.6928062E-03,+8.9612351E-03,-47.2029356E-03,+91.6003712E-03
+7.6931000E-03,+7.4197444E-03,-47.1728650E-03,+91.5990348E-03
+7.6933937E-03,+7.0708122E-03,-46.9673828E-03,+91.6125665E-03
+7.6936875E-03,+8.0646110E-03,-46.9807475E-03,+91.6073877E-03
+7.6939812E-03,+9.4254611E-03,-46.8671476E-03,+91.5833312E-03
+7.6942750E-03,+10.9636440E-03,-46.8888652E-03,+91.5946912E-03
+7.6945687E-03,+10.9529122E-03,-46.9239475E-03,+91.5968630E-03
+7.6948625E-03,+9.8874452E-03,-46.8888652E-03,+91.6047148E-03
+7.6951562E-03,+9.1865304E-03,-47.0108181E-03,+91.6038795E-03
+7.6954500E-03,+8.9412782E-03,-47.1595003E-03,+91.5933548E-03
+7.6957437E-03,+8.0793489E-03,-47.0592651E-03,+91.6082230E-03
+7.6960375E-03,+8.5582394E-03,-46.9022299E-03,+91.5981995E-03
+7.6963312E-03,+9.6402819E-03,-46.8320653E-03,+91.5955265E-03
+7.6966250E-03,+11.0262342E-03,-47.0108181E-03,+91.6160747E-03
+7.6969187E-03,+11.3713808E-03,-47.0726298E-03,+91.6125665E-03
+7.6972125E-03,+11.4408806E-03,-46.8537829E-03,+91.6117312E-03
+7.6975062E-03,+10.7079173E-03,-46.9807475E-03,+91.5946912E-03
+7.6978000E-03,+9.0631877E-03,-46.8454299E-03,+91.5990348E-03
+7.6980937E-03,+7.6626076E-03,-46.9840887E-03,+91.6060512E-03
+7.6983875E-03,+7.7969395E-03,-47.3649825E-03,+91.5925195E-03
+7.6986812E-03,+9.1041671E-03,-46.9373122E-03,+91.5890112E-03
+7.6989750E-03,+10.3065755E-03,-46.7969829E-03,+91.5968630E-03
+7.6992687E-03,+10.3452763E-03,-46.9590299E-03,+91.6025430E-03
+7.6995625E-03,+10.5904917E-03,-46.8320653E-03,+91.6003712E-03
+7.6998562E-03,+9.6682141E-03,-46.9891004E-03,+91.5968630E-03
+7.7001500E-03,+7.9606003E-03,-47.0158298E-03,+91.6003712E-03
+7.7004437E-03,+6.5145936E-03,-46.8755005E-03,+91.5968630E-03
+7.7007375E-03,+7.4640316E-03,-47.0809827E-03,+91.6047148E-03
+7.7010312E-03,+8.8736896E-03,-47.0459004E-03,+91.6082230E-03
+7.7013250E-03,+10.6262155E-03,-47.1027003E-03,+91.6025430E-03
+7.7016187E-03,+12.3860185E-03,-47.0592651E-03,+91.6025430E-03
+7.7019125E-03,+12.1323132E-03,-46.9456652E-03,+91.6047148E-03
+7.7022062E-03,+10.8687848E-03,-46.8587946E-03,+91.6125665E-03
+7.7025000E-03,+7.6919732E-03,-46.6533124E-03,+91.6160747E-03
+7.7027937E-03,+6.4624413E-03,-46.8404182E-03,+91.6082230E-03
+7.7030875E-03,+7.0265250E-03,-47.1377827E-03,+91.5938559E-03
+7.7033812E-03,+8.3981437E-03,-47.0676180E-03,+91.5819948E-03
+7.7036750E-03,+10.0659174E-03,-47.1160650E-03,+91.6082230E-03
+7.7039687E-03,+11.7663644E-03,-46.9239475E-03,+91.6025430E-03
+7.7042625E-03,+11.2431499E-03,-46.8019947E-03,+91.6025430E-03
+7.7045562E-03,+10.2131863E-03,-46.7836182E-03,+91.6047148E-03
+7.7048500E-03,+8.0094081E-03,-47.0943474E-03,+91.6082230E-03
+7.7051437E-03,+6.4615592E-03,-46.9757357E-03,+91.6003712E-03
+7.7054375E-03,+5.3393825E-03,-47.1511474E-03,+91.5968630E-03
+7.7057312E-03,+6.8957581E-03,-46.8454299E-03,+91.6068865E-03
+7.7060250E-03,+9.5456799E-03,-46.8320653E-03,+91.6139030E-03
+7.7063187E-03,+12.0251049E-03,-46.9673828E-03,+91.6068865E-03
+7.7066125E-03,+12.3335354E-03,-47.0241828E-03,+91.6117312E-03
+7.7069062E-03,+10.9933771E-03,-47.0024651E-03,+91.5968630E-03
+7.7072000E-03,+9.6449863E-03,-47.0108181E-03,+91.6003712E-03
+7.7074937E-03,+7.8082962E-03,-47.1595003E-03,+91.5925195E-03
+7.7077875E-03,+7.2250274E-03,-47.0809827E-03,+91.5868395E-03
+7.7080812E-03,+8.5035143E-03,-46.9807475E-03,+91.5911830E-03
+7.7083750E-03,+10.7597389E-03,-46.8671476E-03,+91.6003712E-03
+7.7086687E-03,+11.9275994E-03,-46.8888652E-03,+91.5925195E-03
+7.7089625E-03,+12.7889775E-03,-46.9022299E-03,+91.5955265E-03
+7.7092562E-03,+10.7332033E-03,-46.8320653E-03,+91.6095595E-03
+7.7095500E-03,+8.7107272E-03,-46.8587946E-03,+91.5933548E-03
+7.7098437E-03,+7.0999205E-03,-46.6967477E-03,+91.6082230E-03
+7.7101375E-03,+5.8343340E-03,-46.8671476E-03,+91.6003712E-03
+7.7104312E-03,+6.5712299E-03,-46.9105828E-03,+91.5946912E-03
+7.7107250E-03,+9.6746826E-03,-47.0024651E-03,+91.5968630E-03
+7.7110187E-03,+11.4957159E-03,-46.9456652E-03,+91.5981995E-03
+7.7113125E-03,+12.9235666E-03,-47.0325357E-03,+91.5868395E-03
+7.7116062E-03,+11.5690748E-03,-47.1294297E-03,+91.5911830E-03
+7.7119000E-03,+10.0009015E-03,-46.8537829E-03,+91.6003712E-03
+7.7121937E-03,+8.2456926E-03,-46.9807475E-03,+91.5881759E-03
+7.7124875E-03,+7.1886053E-03,-46.9323005E-03,+91.5798230E-03
+7.7127812E-03,+7.6759122E-03,-47.1027003E-03,+91.6003712E-03
+7.7130750E-03,+9.4890069E-03,-47.0592651E-03,+91.5903477E-03
+7.7133687E-03,+11.5436785E-03,-46.9673828E-03,+91.5833312E-03
+7.7136625E-03,+13.1299342E-03,-47.0459004E-03,+91.5946912E-03
+7.7139562E-03,+12.6460454E-03,-47.0809827E-03,+91.6012065E-03
+7.7142500E-03,+10.3127500E-03,-47.0676180E-03,+91.6117312E-03
+7.7145437E-03,+8.3590018E-03,-47.1377827E-03,+91.5968630E-03
+7.7148375E-03,+6.4975036E-03,-47.0459004E-03,+91.6025430E-03
+7.7151312E-03,+5.7527057E-03,-47.1678532E-03,+91.6068865E-03
+7.7154250E-03,+8.1230481E-03,-47.2296650E-03,+91.6095595E-03
+7.7157187E-03,+10.3092217E-03,-47.0759709E-03,+91.5868395E-03
+7.7160125E-03,+10.9730160E-03,-47.2647473E-03,+91.5868395E-03
+7.7163062E-03,+10.5782530E-03,-46.9105828E-03,+91.5933548E-03
+7.7166000E-03,+9.0798367E-03,-47.0893356E-03,+91.6125665E-03
+7.7168937E-03,+7.6866808E-03,-47.1945826E-03,+91.6095595E-03
+7.7171875E-03,+7.0985974E-03,-47.0024651E-03,+91.5890112E-03
+7.7174812E-03,+7.6581238E-03,-46.8587946E-03,+91.5968630E-03
+7.7177750E-03,+8.9777739E-03,-46.7184653E-03,+91.6047148E-03
+7.7180687E-03,+10.7240518E-03,-47.0325357E-03,+91.6147383E-03
+7.7183625E-03,+11.1990464E-03,-47.1294297E-03,+91.6152394E-03
+7.7186562E-03,+11.7081846E-03,-46.8103476E-03,+91.5868395E-03
+7.7189500E-03,+10.5301802E-03,-46.9105828E-03,+91.5933548E-03
+7.7192437E-03,+8.2424951E-03,-46.9155946E-03,+91.6125665E-03
+7.7195375E-03,+6.9310409E-03,-46.7836182E-03,+91.6117312E-03
+7.7198312E-03,+7.1490959E-03,-47.1595003E-03,+91.5925195E-03
+7.7201250E-03,+8.2775206E-03,-47.0158298E-03,+91.5846677E-03
+7.7204187E-03,+10.3518550E-03,-46.8320653E-03,+91.5855030E-03
+7.7207125E-03,+11.3395161E-03,-46.9673828E-03,+91.6003712E-03
+7.7210062E-03,+12.5517374E-03,-47.0459004E-03,+91.5968630E-03
+7.7213000E-03,+11.4187186E-03,-47.1027003E-03,+91.6025430E-03
+7.7215937E-03,+8.4742222E-03,-47.0592651E-03,+91.6025430E-03
+7.7218875E-03,+6.0695526E-03,-47.0108181E-03,+91.6025430E-03
+7.7221812E-03,+6.8303747E-03,-47.1595003E-03,+91.5981995E-03
+7.7224750E-03,+8.1381168E-03,-47.1027003E-03,+91.5868395E-03
+7.7227687E-03,+10.4305798E-03,-47.0592651E-03,+91.5911830E-03
+7.7230625E-03,+11.7963180E-03,-46.9022299E-03,+91.6025430E-03
+7.7233562E-03,+12.5019005E-03,-46.8755005E-03,+91.5981995E-03
+7.7236500E-03,+11.9660062E-03,-47.0809827E-03,+91.5890112E-03
+7.7239437E-03,+9.5370797E-03,-47.0676180E-03,+91.5968630E-03
+7.7242375E-03,+6.6492563E-03,-47.1595003E-03,+91.5960277E-03
+7.7245312E-03,+6.5075371E-03,-47.1244180E-03,+91.5833312E-03
+7.7248250E-03,+7.1960661E-03,-47.1377827E-03,+91.5881759E-03
+7.7251187E-03,+9.2336476E-03,-47.1110533E-03,+91.5754795E-03
+7.7254125E-03,+11.4864175E-03,-47.2731002E-03,+91.5933548E-03
+7.7257062E-03,+12.5019372E-03,-47.1244180E-03,+91.6060512E-03
+7.7260000E-03,+11.8679495E-03,-47.0943474E-03,+91.5946912E-03
+7.7262937E-03,+9.2964952E-03,-46.8671476E-03,+91.5990348E-03
+7.7265875E-03,+7.1280365E-03,-46.9757357E-03,+91.6060512E-03
+7.7268812E-03,+5.6123464E-03,-47.1511474E-03,+91.5946912E-03
+7.7271750E-03,+6.7687400E-03,-46.9105828E-03,+91.5946912E-03
+7.7274687E-03,+8.2634442E-03,-46.9590299E-03,+91.5881759E-03
+7.7277625E-03,+10.9466642E-03,-46.8537829E-03,+91.5754795E-03
+7.7280562E-03,+12.1728149E-03,-46.9807475E-03,+91.5933548E-03
+7.7283500E-03,+11.6364061E-03,-46.9105828E-03,+91.6017077E-03
+7.7286437E-03,+10.4249198E-03,-47.0024651E-03,+91.5876748E-03
+7.7289375E-03,+8.2086089E-03,-46.9456652E-03,+91.6125665E-03
+7.7292312E-03,+6.2161232E-03,-46.9673828E-03,+91.6204183E-03
+7.7295250E-03,+5.9646598E-03,-47.0024651E-03,+91.6282700E-03
+7.7298187E-03,+7.9452375E-03,-46.9673828E-03,+91.6230912E-03
+7.7301125E-03,+10.7755059E-03,-47.0676180E-03,+91.5946912E-03
+7.7304062E-03,+11.9671088E-03,-47.0943474E-03,+91.5968630E-03
+7.7307000E-03,+11.5338287E-03,-46.8671476E-03,+91.6025430E-03
+7.7309937E-03,+9.7026883E-03,-46.9757357E-03,+91.6003712E-03
+7.7312875E-03,+8.4804702E-03,-47.1945826E-03,+91.5946912E-03
+7.7315812E-03,+7.2749379E-03,-47.1110533E-03,+91.5968630E-03
+7.7318750E-03,+7.1262724E-03,-47.2731002E-03,+91.6047148E-03
+7.7321687E-03,+8.8256536E-03,-47.1461356E-03,+91.6017077E-03
+7.7324625E-03,+10.5087900E-03,-47.1728650E-03,+91.5811595E-03
+7.7327562E-03,+11.5881495E-03,-47.0759709E-03,+91.5911830E-03
+7.7330500E-03,+11.0703745E-03,-47.3733354E-03,+91.6003712E-03
+7.7333437E-03,+9.5675479E-03,-47.1511474E-03,+91.5946912E-03
+7.7336375E-03,+8.5359304E-03,-46.9105828E-03,+91.5990348E-03
+7.7339312E-03,+7.3100737E-03,-47.0241828E-03,+91.6082230E-03
+7.7342250E-03,+6.8027732E-03,-47.0893356E-03,+91.5960277E-03
+7.7345187E-03,+8.1573753E-03,-47.1945826E-03,+91.5811595E-03
+7.7348125E-03,+10.8715412E-03,-47.0459004E-03,+91.5890112E-03
+7.7351062E-03,+11.9605668E-03,-47.0592651E-03,+91.5946912E-03
+7.7354000E-03,+11.8113500E-03,-47.0325357E-03,+91.5946912E-03
+7.7356937E-03,+9.4115318E-03,-47.2597355E-03,+91.5925195E-03
+7.7359875E-03,+7.0428800E-03,-47.2597355E-03,+91.5846677E-03
+7.7362812E-03,+6.4348031E-03,-47.1945826E-03,+91.5811595E-03
+7.7365750E-03,+6.5936491E-03,-47.0676180E-03,+91.5846677E-03
+7.7368687E-03,+8.6356778E-03,-47.0943474E-03,+91.5855030E-03
+7.7371625E-03,+10.2314525E-03,-46.9540181E-03,+91.6025430E-03
+7.7374562E-03,+11.4414319E-03,-47.1812179E-03,+91.6003712E-03
+7.7377500E-03,+10.8960554E-03,-47.1377827E-03,+91.5903477E-03
+7.7380437E-03,+10.0956873E-03,-47.0241828E-03,+91.5855030E-03
+7.7383375E-03,+7.9342852E-03,-47.0676180E-03,+91.6047148E-03
+7.7386312E-03,+6.1902492E-03,-47.1595003E-03,+91.6060512E-03
+7.7389250E-03,+6.3492790E-03,-47.0592651E-03,+91.5925195E-03
+7.7392187E-03,+7.6323967E-03,-46.9456652E-03,+91.5890112E-03
+7.7395125E-03,+10.1222596E-03,-47.0325357E-03,+91.5946912E-03
+7.7398062E-03,+12.9953818E-03,-47.1945826E-03,+91.5990348E-03
+7.7401000E-03,+14.1649330E-03,-47.0241828E-03,+91.6103947E-03
+7.7403937E-03,+12.0751624E-03,-47.0241828E-03,+91.6060512E-03
+7.7406875E-03,+9.0258100E-03,-47.0241828E-03,+91.5968630E-03
+7.7409812E-03,+7.1338435E-03,-47.0893356E-03,+91.6047148E-03
+7.7412750E-03,+6.5726632E-03,-47.1294297E-03,+91.6082230E-03
+7.7415687E-03,+7.4255513E-03,-46.8103476E-03,+91.6003712E-03
+7.7418625E-03,+8.8169064E-03,-46.9323005E-03,+91.6012065E-03
+7.7421562E-03,+10.9471787E-03,-47.0809827E-03,+91.6182465E-03
+7.7424500E-03,+12.2944670E-03,-47.0459004E-03,+91.6182465E-03
+7.7427437E-03,+11.6483508E-03,-47.0809827E-03,+91.6117312E-03
+7.7430375E-03,+9.0513165E-03,-47.0459004E-03,+91.5925195E-03
+7.7433312E-03,+6.7300760E-03,-47.0809827E-03,+91.5890112E-03
+7.7436250E-03,+5.9215119E-03,-47.0024651E-03,+91.5925195E-03
+7.7439187E-03,+7.1147320E-03,-46.9891004E-03,+91.5911830E-03
+7.7442125E-03,+8.5958008E-03,-47.0592651E-03,+91.6025430E-03
+7.7445062E-03,+11.3727407E-03,-46.9456652E-03,+91.6047148E-03
+7.7448000E-03,+13.4216054E-03,-46.9673828E-03,+91.6103947E-03
+7.7450937E-03,+13.0832581E-03,-47.0893356E-03,+91.6060512E-03
+7.7453875E-03,+10.5728503E-03,-47.2597355E-03,+91.5990348E-03
+7.7456812E-03,+7.7816136E-03,-47.1945826E-03,+91.6125665E-03
+7.7459750E-03,+6.1515851E-03,-46.9807475E-03,+91.6139030E-03
+7.7462687E-03,+6.1234691E-03,-46.9105828E-03,+91.6068865E-03
+7.7465625E-03,+7.9513752E-03,-47.1544885E-03,+91.6095595E-03
+7.7468562E-03,+11.0121211E-03,-47.2998296E-03,+91.5846677E-03
+7.7471500E-03,+13.0450718E-03,-46.8537829E-03,+91.5855030E-03
+7.7474437E-03,+12.4359657E-03,-47.0676180E-03,+91.5981995E-03
+7.7477375E-03,+9.9157450E-03,-47.1377827E-03,+91.5933548E-03
+7.7480312E-03,+6.9197578E-03,-47.0024651E-03,+91.6038795E-03
+7.7483250E-03,+5.5406782E-03,-46.9456652E-03,+91.5955265E-03
+7.7486187E-03,+5.6299142E-03,-46.9673828E-03,+91.6139030E-03
+7.7489125E-03,+8.1216515E-03,-47.0024651E-03,+91.6047148E-03
+7.7492062E-03,+10.5259536E-03,-46.8805123E-03,+91.6038795E-03
+7.7495000E-03,+12.7165742E-03,-46.7535477E-03,+91.5955265E-03
+7.7497937E-03,+11.9760398E-03,-46.9105828E-03,+91.6095595E-03
+7.7500875E-03,+9.7800165E-03,-47.0893356E-03,+91.5933548E-03
+7.7503812E-03,+7.7085856E-03,-47.1945826E-03,+91.6038795E-03
+7.7506750E-03,+5.4614757E-03,-47.0024651E-03,+91.5868395E-03
+7.7509687E-03,+6.1781575E-03,-46.9673828E-03,+91.5846677E-03
+7.7512625E-03,+8.6367436E-03,-47.0676180E-03,+91.5811595E-03
+7.7515562E-03,+11.7896290E-03,-47.1595003E-03,+91.5911830E-03
+7.7518500E-03,+13.3935261E-03,-47.1244180E-03,+91.6003712E-03
+7.7521437E-03,+12.5758473E-03,-47.1160650E-03,+91.5946912E-03
+7.7524375E-03,+10.1591228E-03,-47.0108181E-03,+91.5990348E-03
+7.7527312E-03,+8.3408092E-03,-47.1160650E-03,+91.6103947E-03
+7.7530250E-03,+6.7195279E-03,-47.0976886E-03,+91.6082230E-03
+7.7533187E-03,+6.4306500E-03,-47.4084178E-03,+91.6047148E-03
+7.7536125E-03,+7.9653414E-03,-47.0943474E-03,+91.6038795E-03
+7.7539062E-03,+11.1939745E-03,-46.8671476E-03,+91.5890112E-03
+7.7542000E-03,+13.3848524E-03,-46.9105828E-03,+91.5925195E-03
+7.7544937E-03,+12.8943113E-03,-47.0459004E-03,+91.5890112E-03
+7.7547875E-03,+10.4595043E-03,-47.0592651E-03,+91.6012065E-03
+7.7550812E-03,+8.1393665E-03,-46.9673828E-03,+91.6095595E-03
+7.7553750E-03,+5.4332127E-03,-47.0676180E-03,+91.5824959E-03
+7.7556687E-03,+5.1632625E-03,-47.0726298E-03,+91.5754795E-03
+7.7559625E-03,+7.4273522E-03,-46.8537829E-03,+91.5890112E-03
+7.7562562E-03,+10.7348571E-03,-47.0459004E-03,+91.5925195E-03
+7.7565500E-03,+12.9310275E-03,-47.0375475E-03,+91.5911830E-03
+7.7568437E-03,+13.0129865E-03,-46.9540181E-03,+91.6047148E-03
+7.7571375E-03,+10.9152772E-03,-47.2029356E-03,+91.6038795E-03
+7.7574312E-03,+7.9582848E-03,-47.1511474E-03,+91.5911830E-03
+7.7577250E-03,+6.2449008E-03,-46.9757357E-03,+91.6003712E-03
+7.7580187E-03,+5.8103711E-03,-47.1294297E-03,+91.5903477E-03
+7.7583125E-03,+7.3278988E-03,-46.8755005E-03,+91.5833312E-03
+7.7586062E-03,+9.7280846E-03,-47.0592651E-03,+91.5990348E-03
+7.7589000E-03,+11.8254998E-03,-46.9239475E-03,+91.6125665E-03
+7.7591937E-03,+12.2829634E-03,-46.9105828E-03,+91.6160747E-03
+7.7594875E-03,+11.2406875E-03,-47.0024651E-03,+91.6017077E-03
+7.7597812E-03,+8.8710434E-03,-46.9456652E-03,+91.5855030E-03
+7.7600750E-03,+6.9751444E-03,-46.9891004E-03,+91.6047148E-03
+7.7603687E-03,+5.9179836E-03,-47.0375475E-03,+91.6103947E-03
+7.7606625E-03,+6.8077716E-03,-46.9105828E-03,+91.6038795E-03
+7.7609562E-03,+8.7402030E-03,-47.0459004E-03,+91.5933548E-03
+7.7612500E-03,+10.8963127E-03,-47.0592651E-03,+91.6038795E-03
+7.7615437E-03,+12.5704079E-03,-46.9673828E-03,+91.5933548E-03
+7.7618375E-03,+12.5462612E-03,-46.9590299E-03,+91.6082230E-03
+7.7621312E-03,+10.4791672E-03,-46.8537829E-03,+91.6025430E-03
+7.7624250E-03,+7.9024572E-03,-47.0241828E-03,+91.6090583E-03
+7.7627187E-03,+6.4797519E-03,-47.0676180E-03,+91.6217547E-03
+7.7630125E-03,+6.6112905E-03,-47.1160650E-03,+91.6103947E-03
+7.7633062E-03,+8.7030826E-03,-46.9239475E-03,+91.6125665E-03
+7.7636000E-03,+10.9917232E-03,-46.9105828E-03,+91.6095595E-03
+7.7638937E-03,+12.6861428E-03,-47.0459004E-03,+91.5890112E-03
+7.7641875E-03,+12.3340867E-03,-47.0592651E-03,+91.5990348E-03
+7.7644812E-03,+10.5299964E-03,-46.9022299E-03,+91.6082230E-03
+7.7647750E-03,+7.5131335E-03,-46.8755005E-03,+91.6003712E-03
+7.7650687E-03,+6.7029891E-03,-47.0592651E-03,+91.5968630E-03
+7.7653625E-03,+6.4699388E-03,-46.9891004E-03,+91.6003712E-03
+7.7656562E-03,+7.9335133E-03,-47.0592651E-03,+91.5925195E-03
+7.7659500E-03,+10.5384863E-03,-47.0108181E-03,+91.5955265E-03
+7.7662437E-03,+12.1373851E-03,-47.0726298E-03,+91.6117312E-03
+7.7665375E-03,+11.9799356E-03,-46.8972181E-03,+91.5990348E-03
+7.7668312E-03,+10.8235787E-03,-47.0943474E-03,+91.6103947E-03
+7.7671250E-03,+8.1402485E-03,-46.8671476E-03,+91.6038795E-03
+7.7674187E-03,+5.8119882E-03,-46.8888652E-03,+91.5933548E-03
+7.7677125E-03,+5.3995102E-03,-46.9239475E-03,+91.6038795E-03
+7.7680062E-03,+7.0828304E-03,-46.8888652E-03,+91.5911830E-03
+7.7683000E-03,+9.5181152E-03,-47.0108181E-03,+91.5981995E-03
+7.7685937E-03,+12.0681793E-03,-47.1595003E-03,+91.5911830E-03
+7.7688875E-03,+12.7750481E-03,-47.1244180E-03,+91.6025430E-03
+7.7691812E-03,+11.4184981E-03,-47.1812179E-03,+91.6003712E-03
+7.7694750E-03,+9.0664587E-03,-47.1595003E-03,+91.5968630E-03
+7.7697687E-03,+6.4273790E-03,-47.0592651E-03,+91.6003712E-03
+7.7700625E-03,+6.1657350E-03,-46.9239475E-03,+91.5946912E-03
+7.7703562E-03,+8.2249272E-03,-46.8888652E-03,+91.6012065E-03
+7.7706500E-03,+10.6167333E-03,-46.9673828E-03,+91.6182465E-03
+7.7709437E-03,+12.5196521E-03,-47.0024651E-03,+91.6160747E-03
+7.7712375E-03,+12.6235526E-03,-46.9891004E-03,+91.6103947E-03
+7.7715312E-03,+11.1582875E-03,-47.1244180E-03,+91.6017077E-03
+7.7718250E-03,+8.6240639E-03,-47.0509121E-03,+91.5876748E-03
+7.7721187E-03,+6.4813323E-03,-46.8404182E-03,+91.6125665E-03
+7.7724125E-03,+5.6133387E-03,-47.1812179E-03,+91.6160747E-03
+7.7727062E-03,+6.3795267E-03,-47.1377827E-03,+91.6103947E-03
+7.7730000E-03,+9.2167413E-03,-46.9373122E-03,+91.6125665E-03
+7.7732937E-03,+11.9967684E-03,-46.7318300E-03,+91.6139030E-03
+7.7735875E-03,+12.9444423E-03,-46.8755005E-03,+91.6003712E-03
+7.7738812E-03,+10.6866373E-03,-47.1027003E-03,+91.5968630E-03
+7.7741750E-03,+8.2867456E-03,-47.0592651E-03,+91.6068865E-03
+7.7744687E-03,+6.3370771E-03,-46.9239475E-03,+91.6139030E-03
+7.7747625E-03,+5.6285177E-03,-46.9105828E-03,+91.6003712E-03
+7.7750562E-03,+7.0866160E-03,-47.0024651E-03,+91.5946912E-03
+7.7753500E-03,+10.0716140E-03,-46.9022299E-03,+91.5946912E-03
+7.7756437E-03,+12.7952622E-03,-46.8537829E-03,+91.5968630E-03
+7.7759375E-03,+12.9136433E-03,-46.9807475E-03,+91.6068865E-03
+7.7762312E-03,+11.8698239E-03,-46.8671476E-03,+91.6139030E-03
+7.7765250E-03,+9.6818127E-03,-46.8454299E-03,+91.6047148E-03
+7.7768187E-03,+6.3590553E-03,-46.9406534E-03,+91.6082230E-03
+7.7771125E-03,+4.6265230E-03,-47.2731002E-03,+91.6068865E-03
+7.7774062E-03,+6.3818053E-03,-47.1678532E-03,+91.6117312E-03
+7.7777000E-03,+9.6171275E-03,-47.2948178E-03,+91.5990348E-03
+7.7779937E-03,+12.4989970E-03,-47.1812179E-03,+91.6103947E-03
+7.7782875E-03,+12.2327589E-03,-47.2246532E-03,+91.6125665E-03
+7.7785812E-03,+10.7627526E-03,-47.3382531E-03,+91.6160747E-03
+7.7788750E-03,+8.2911927E-03,-47.2296650E-03,+91.6060512E-03
+7.7791687E-03,+6.7359564E-03,-47.0325357E-03,+91.6012065E-03
+7.7794625E-03,+5.9608007E-03,-47.1294297E-03,+91.6160747E-03
+7.7797562E-03,+7.5349647E-03,-46.8320653E-03,+91.6082230E-03
+7.7800500E-03,+10.1872020E-03,-46.9456652E-03,+91.6068865E-03
+7.7803437E-03,+12.5022312E-03,-46.9456652E-03,+91.6182465E-03
+7.7806375E-03,+12.5975315E-03,-46.9891004E-03,+91.6117312E-03
+7.7809312E-03,+12.1264695E-03,-47.0809827E-03,+91.6033783E-03
+7.7812250E-03,+9.1894707E-03,-47.0459004E-03,+91.6217547E-03
+7.7815187E-03,+6.8759850E-03,-47.0375475E-03,+91.6103947E-03
+7.7818125E-03,+6.0632679E-03,-46.9540181E-03,+91.6082230E-03
+7.7821062E-03,+7.1234791E-03,-47.0726298E-03,+91.6003712E-03
+7.7824000E-03,+9.9087619E-03,-46.8103476E-03,+91.5946912E-03
+7.7826937E-03,+11.5487137E-03,-46.8454299E-03,+91.6012065E-03
+7.7829875E-03,+11.8983809E-03,-46.8972181E-03,+91.6160747E-03
+7.7832812E-03,+11.3004477E-03,-47.0943474E-03,+91.6103947E-03
+7.7835750E-03,+9.2958336E-03,-46.9323005E-03,+91.6082230E-03
+7.7838687E-03,+6.5312427E-03,-47.0809827E-03,+91.6047148E-03
+7.7841625E-03,+5.8860086E-03,-46.9807475E-03,+91.6082230E-03
+7.7844562E-03,+6.4714825E-03,-46.9105828E-03,+91.6003712E-03
+7.7847500E-03,+9.0561311E-03,-46.9807475E-03,+91.5903477E-03
+7.7850437E-03,+12.2333469E-03,-46.8019947E-03,+91.5876748E-03
+7.7853375E-03,+13.3164185E-03,-46.6315948E-03,+91.6017077E-03
+7.7856312E-03,+11.9092597E-03,-46.7619006E-03,+91.5876748E-03
+7.7859250E-03,+9.9176561E-03,-47.0809827E-03,+91.6103947E-03
+7.7862187E-03,+7.6150126E-03,-46.9807475E-03,+91.6147383E-03
+7.7865125E-03,+5.7536613E-03,-46.8888652E-03,+91.6260983E-03
+7.7868062E-03,+6.5330068E-03,-47.0325357E-03,+91.6152394E-03
+7.7871000E-03,+8.9963341E-03,-47.2163003E-03,+91.5933548E-03
+7.7873937E-03,+11.9485486E-03,-47.1461356E-03,+91.6103947E-03
+7.7876875E-03,+12.8510899E-03,-47.3031708E-03,+91.6125665E-03
+7.7879812E-03,+12.4269613E-03,-47.3516178E-03,+91.6139030E-03
+7.7882750E-03,+9.8075077E-03,-47.1812179E-03,+91.6025430E-03
+7.7885687E-03,+7.1048822E-03,-47.1377827E-03,+91.6003712E-03
+7.7888625E-03,+5.7955229E-03,-47.1110533E-03,+91.5925195E-03
+7.7891562E-03,+5.4130353E-03,-47.2296650E-03,+91.5868395E-03
+7.7894500E-03,+7.4267274E-03,-46.9239475E-03,+91.5933548E-03
+7.7897437E-03,+9.7719308E-03,-46.9757357E-03,+91.6038795E-03
+7.7900375E-03,+11.7084786E-03,-47.1294297E-03,+91.5890112E-03
+7.7903312E-03,+12.1356944E-03,-46.9406534E-03,+91.5968630E-03
+7.7906250E-03,+10.9574696E-03,-47.2079473E-03,+91.6025430E-03
+7.7909187E-03,+8.3832220E-03,-46.8671476E-03,+91.6047148E-03
+7.7912125E-03,+6.3625101E-03,-46.8671476E-03,+91.6147383E-03
+7.7915062E-03,+6.3730949E-03,-46.8671476E-03,+91.6239265E-03
+7.7918000E-03,+7.3832855E-03,-46.8454299E-03,+91.6182465E-03
+7.7920937E-03,+10.2630967E-03,-46.9406534E-03,+91.6160747E-03
+7.7923875E-03,+12.1870382E-03,-47.2948178E-03,+91.6125665E-03
+7.7926812E-03,+13.0676748E-03,-47.1160650E-03,+91.6139030E-03
+7.7929750E-03,+11.4932903E-03,-46.9891004E-03,+91.6003712E-03
+7.7932687E-03,+8.9401022E-03,-47.0592651E-03,+91.5946912E-03
+7.7935625E-03,+6.2122274E-03,-47.0108181E-03,+91.5946912E-03
+7.7938562E-03,+4.4544458E-03,-47.2246532E-03,+91.5968630E-03
+7.7941500E-03,+6.1771284E-03,-47.3165355E-03,+91.5981995E-03
+7.7944437E-03,+8.3853904E-03,-47.1945826E-03,+91.5976983E-03
+7.7947375E-03,+11.1503856E-03,-47.0676180E-03,+91.6130677E-03
+7.7950312E-03,+12.7094074E-03,-47.1377827E-03,+91.5855030E-03
+7.7953250E-03,+11.5247875E-03,-46.9590299E-03,+91.6025430E-03
+7.7956187E-03,+9.7705342E-03,-46.8537829E-03,+91.5960277E-03
+7.7959125E-03,+7.8249453E-03,-47.0676180E-03,+91.5876748E-03
+7.7962062E-03,+6.2118231E-03,-47.1160650E-03,+91.6103947E-03
+7.7965000E-03,+8.1782142E-03,-47.0759709E-03,+91.6082230E-03
+7.7967937E-03,+10.6890262E-03,-47.3299002E-03,+91.5960277E-03
+7.7970875E-03,+12.6959558E-03,-47.0375475E-03,+91.5855030E-03
+7.7973812E-03,+13.2047632E-03,-46.8888652E-03,+91.5981995E-03
+7.7976750E-03,+12.5105742E-03,-47.0108181E-03,+91.5868395E-03
+7.7979687E-03,+10.3400574E-03,-47.1812179E-03,+91.5868395E-03
+7.7982625E-03,+7.6655846E-03,-47.1377827E-03,+91.5868395E-03
+7.7985562E-03,+5.4128148E-03,-47.0241828E-03,+91.5976983E-03
+7.7988500E-03,+5.3921229E-03,-46.9807475E-03,+91.6195830E-03
+7.7991437E-03,+7.4099681E-03,-46.8454299E-03,+91.6047148E-03
+7.7994375E-03,+10.0791484E-03,-46.9189358E-03,+91.6082230E-03
+7.7997312E-03,+11.7422913E-03,-47.1511474E-03,+91.5938559E-03
+7.8000250E-03,+11.2445098E-03,-46.9105828E-03,+91.5733077E-03
+7.8003187E-03,+9.7946441E-03,-46.9590299E-03,+91.5876748E-03
+7.8006125E-03,+8.5431339E-03,-46.8755005E-03,+91.6125665E-03
+7.8009062E-03,+6.9353410E-03,-47.1027003E-03,+91.6117312E-03
+7.8012000E-03,+6.7623818E-03,-47.1244180E-03,+91.5968630E-03
+7.8014937E-03,+8.9806038E-03,-47.0726298E-03,+91.6003712E-03
+7.8017875E-03,+11.4409541E-03,-46.8320653E-03,+91.5925195E-03
+7.8020812E-03,+12.9561665E-03,-47.0325357E-03,+91.5868395E-03
+7.8023750E-03,+12.4643022E-03,-47.2597355E-03,+91.5868395E-03
+7.8026687E-03,+10.8090980E-03,-47.2163003E-03,+91.5933548E-03
+7.8029625E-03,+8.8869574E-03,-47.0592651E-03,+91.6125665E-03
+7.8032562E-03,+7.0102067E-03,-46.9673828E-03,+91.6139030E-03
+7.8035500E-03,+6.3945586E-03,-47.0024651E-03,+91.6025430E-03
+7.8038437E-03,+7.7048735E-03,-46.9456652E-03,+91.6025430E-03
+7.8041375E-03,+10.0137282E-03,-47.0325357E-03,+91.5981995E-03
+7.8044312E-03,+11.5485299E-03,-47.2380179E-03,+91.5933548E-03
+7.8047250E-03,+10.9662902E-03,-47.1377827E-03,+91.6060512E-03
+7.8050187E-03,+9.7431901E-03,-47.0459004E-03,+91.5946912E-03
+7.8053125E-03,+7.9130787E-03,-47.1027003E-03,+91.5968630E-03
+7.8056062E-03,+6.9808411E-03,-47.1244180E-03,+91.6025430E-03
+7.8059000E-03,+6.6168035E-03,-47.0943474E-03,+91.6003712E-03
+7.8061937E-03,+8.1052597E-03,-46.9105828E-03,+91.5968630E-03
+7.8064875E-03,+10.8427269E-03,-47.0676180E-03,+91.5960277E-03
+7.8067812E-03,+11.8316743E-03,-47.1812179E-03,+91.5768159E-03
+7.8070750E-03,+11.8764761E-03,-47.1595003E-03,+91.5798230E-03
+7.8073687E-03,+10.1708102E-03,-47.1244180E-03,+91.6003712E-03
+7.8076625E-03,+8.0972108E-03,-47.1377827E-03,+91.5946912E-03
+7.8079562E-03,+6.7514294E-03,-47.0241828E-03,+91.5925195E-03
+7.8082500E-03,+6.1252333E-03,-46.9807475E-03,+91.5890112E-03
+7.8085437E-03,+7.3198867E-03,-46.9323005E-03,+91.5990348E-03
+7.8088375E-03,+9.9072183E-03,-47.0809827E-03,+91.6060512E-03
+7.8091312E-03,+11.9019826E-03,-47.0676180E-03,+91.5968630E-03
+7.8094250E-03,+13.0771938E-03,-47.2246532E-03,+91.5981995E-03
+7.8097187E-03,+11.2160998E-03,-47.2731002E-03,+91.5868395E-03
+7.8100125E-03,+8.8129738E-03,-47.0809827E-03,+91.5890112E-03
+7.8103062E-03,+6.6680738E-03,-47.0459004E-03,+91.5946912E-03
+7.8106000E-03,+6.5950090E-03,-47.0592651E-03,+91.5925195E-03
+7.8108937E-03,+7.8039226E-03,-46.9456652E-03,+91.5933548E-03
+7.8111875E-03,+9.7509449E-03,-46.9456652E-03,+91.6103947E-03
+7.8114812E-03,+11.4409541E-03,-46.9022299E-03,+91.6060512E-03
+7.8117750E-03,+11.7934146E-03,-46.8320653E-03,+91.5990348E-03
+7.8120687E-03,+10.9169311E-03,-47.0759709E-03,+91.6103947E-03
+7.8123625E-03,+9.0769700E-03,-47.2864649E-03,+91.6103947E-03
+7.8126562E-03,+7.8291718E-03,-47.0108181E-03,+91.6038795E-03
+7.8129500E-03,+7.2411987E-03,-47.2246532E-03,+91.5933548E-03
+7.8132437E-03,+7.4013312E-03,-47.2948178E-03,+91.6060512E-03
+7.8135375E-03,+9.5243632E-03,-47.1595003E-03,+91.5968630E-03
+7.8138312E-03,+11.8016104E-03,-47.0592651E-03,+91.6068865E-03
+7.8141250E-03,+12.0413497E-03,-46.9456652E-03,+91.6139030E-03
+7.8144187E-03,+11.0901843E-03,-46.9673828E-03,+91.6003712E-03
+7.8147125E-03,+9.4383982E-03,-47.0459004E-03,+91.5968630E-03
+7.8150062E-03,+7.1121960E-03,-47.1461356E-03,+91.6003712E-03
+7.8153000E-03,+5.7942366E-03,-47.2814531E-03,+91.5860042E-03
+7.8155937E-03,+5.8681834E-03,-47.3165355E-03,+91.5763148E-03
+7.8158875E-03,+8.2025079E-03,-47.2163003E-03,+91.6082230E-03
+7.8161812E-03,+10.5919618E-03,-47.0809827E-03,+91.6003712E-03
+7.8164750E-03,+12.7974306E-03,-46.9807475E-03,+91.5990348E-03
+7.8167687E-03,+12.3729713E-03,-46.9540181E-03,+91.6060512E-03
+7.8170625E-03,+9.9949475E-03,-47.1377827E-03,+91.6012065E-03
+7.8173562E-03,+7.5601405E-03,-47.0241828E-03,+91.6160747E-03
+7.8176500E-03,+5.5845979E-03,-46.9807475E-03,+91.6082230E-03
+7.8179437E-03,+6.5432609E-03,-46.9540181E-03,+91.6025430E-03
+7.8182375E-03,+9.0504711E-03,-47.2246532E-03,+91.6003712E-03
+7.8185312E-03,+11.3607225E-03,-47.2731002E-03,+91.6012065E-03
+7.8188250E-03,+12.7385892E-03,-47.1027003E-03,+91.6139030E-03
+7.8191187E-03,+12.4490498E-03,-47.1244180E-03,+91.5981995E-03
+7.8194125E-03,+10.6043108E-03,-47.0726298E-03,+91.5890112E-03
+7.8197062E-03,+8.2942065E-03,-46.9840887E-03,+91.5925195E-03
+7.8200000E-03,+6.2146164E-03,-47.4084178E-03,+91.5911830E-03
+7.8202937E-03,+6.7130226E-03,-47.1812179E-03,+91.5981995E-03
+7.8205875E-03,+8.3422425E-03,-47.1812179E-03,+91.5911830E-03
+7.8208812E-03,+9.8507658E-03,-47.1377827E-03,+91.6025430E-03
+7.8211750E-03,+11.4311043E-03,-47.0024651E-03,+91.6003712E-03
+7.8214687E-03,+12.1432655E-03,-47.0108181E-03,+91.5925195E-03
+7.8217625E-03,+11.0153921E-03,-47.2246532E-03,+91.5846677E-03
+7.8220562E-03,+8.7915469E-03,-47.3382531E-03,+91.5855030E-03
+7.8223500E-03,+5.9922245E-03,-47.2948178E-03,+91.6003712E-03
+7.8226437E-03,+6.7649177E-03,-47.1595003E-03,+91.5968630E-03
+7.8229375E-03,+7.8659615E-03,-47.1027003E-03,+91.6003712E-03
+7.8232312E-03,+9.3895168E-03,-47.1244180E-03,+91.5946912E-03
+7.8235250E-03,+10.7431265E-03,-47.1377827E-03,+91.5968630E-03
+7.8238187E-03,+11.9307969E-03,-47.0024651E-03,+91.6025430E-03
+7.8241125E-03,+11.3785477E-03,-46.9891004E-03,+91.6025430E-03
+7.8244062E-03,+8.4328017E-03,-47.0375475E-03,+91.6003712E-03
+7.8247000E-03,+5.9046791E-03,-46.8888652E-03,+91.5968630E-03
+7.8249937E-03,+5.9179468E-03,-46.9673828E-03,+91.6003712E-03
+7.8252875E-03,+7.4080202E-03,-46.9807475E-03,+91.5946912E-03
+7.8255812E-03,+9.5006943E-03,-46.8454299E-03,+91.5925195E-03
+7.8258750E-03,+11.2829901E-03,-46.9189358E-03,+91.5933548E-03
+7.8261687E-03,+11.7278841E-03,-47.1945826E-03,+91.6038795E-03
+7.8264625E-03,+11.5455162E-03,-46.9590299E-03,+91.5933548E-03
+7.8267562E-03,+9.3312267E-03,-46.8755005E-03,+91.6082230E-03
+7.8270500E-03,+7.1308665E-03,-47.0809827E-03,+91.6068865E-03
+7.8273437E-03,+7.0633146E-03,-47.0893356E-03,+91.6139030E-03
+7.8276375E-03,+8.3067024E-03,-47.2163003E-03,+91.6025430E-03
+7.8279312E-03,+9.6657516E-03,-47.1027003E-03,+91.5981995E-03
+7.8282250E-03,+11.4469081E-03,-47.0592651E-03,+91.5890112E-03
+7.8285187E-03,+12.4496378E-03,-46.9891004E-03,+91.5968630E-03
+7.8288125E-03,+11.8031173E-03,-47.0158298E-03,+91.6003712E-03
+7.8291062E-03,+10.0509222E-03,-46.8972181E-03,+91.5968630E-03
+7.8294000E-03,+8.2522714E-03,-47.0726298E-03,+91.6003712E-03
+7.8296937E-03,+6.8470972E-03,-46.9189358E-03,+91.5946912E-03
+7.8299875E-03,+7.4870022E-03,-47.3031708E-03,+91.5946912E-03
+7.8302812E-03,+9.2602568E-03,-47.4167707E-03,+91.5946912E-03
+7.8305750E-03,+10.8642641E-03,-47.3081825E-03,+91.5946912E-03
+7.8308687E-03,+12.3327268E-03,-47.0459004E-03,+91.5946912E-03
+7.8311625E-03,+11.2063603E-03,-47.1027003E-03,+91.5968630E-03
+7.8314562E-03,+8.5202001E-03,-47.0158298E-03,+91.6047148E-03
+7.8317500E-03,+6.3233682E-03,-46.8320653E-03,+91.6060512E-03
+7.8320437E-03,+5.7048167E-03,-46.9673828E-03,+91.5968630E-03
+7.8323375E-03,+6.7317666E-03,-47.0241828E-03,+91.6025430E-03
+7.8326312E-03,+9.2549276E-03,-46.9590299E-03,+91.6025430E-03
+7.8329250E-03,+11.9321568E-03,-46.8320653E-03,+91.6047148E-03
+7.8332187E-03,+13.7500661E-03,-46.9456652E-03,+91.6060512E-03
+7.8335125E-03,+12.7114656E-03,-46.9673828E-03,+91.5968630E-03
+7.8338062E-03,+11.0178913E-03,-47.0676180E-03,+91.6047148E-03
+7.8341000E-03,+9.2053847E-03,-47.1812179E-03,+91.6082230E-03
+7.8343937E-03,+7.2399491E-03,-47.1160650E-03,+91.6047148E-03
+7.8346875E-03,+6.5512363E-03,-47.0108181E-03,+91.6060512E-03
+7.8349812E-03,+8.1895709E-03,-47.1595003E-03,+91.5990348E-03
+7.8352750E-03,+11.1844188E-03,-47.0375475E-03,+91.6038795E-03
+7.8355687E-03,+12.2014454E-03,-46.9540181E-03,+91.5846677E-03
+7.8358625E-03,+11.8387309E-03,-47.1377827E-03,+91.5855030E-03
+7.8361562E-03,+9.6436264E-03,-47.0241828E-03,+91.6003712E-03
+7.8364500E-03,+6.7681520E-03,-47.0241828E-03,+91.5968630E-03
+7.8367437E-03,+5.0668229E-03,-47.0024651E-03,+91.6025430E-03
+7.8370375E-03,+5.5176709E-03,-46.9456652E-03,+91.6003712E-03
+7.8373312E-03,+7.6828952E-03,-46.9891004E-03,+91.5968630E-03
+7.8376250E-03,+10.4193701E-03,-47.0592651E-03,+91.6025430E-03
+7.8379187E-03,+12.2805009E-03,-46.9022299E-03,+91.6047148E-03
+7.8382125E-03,+12.8376751E-03,-46.8972181E-03,+91.6082230E-03
+7.8385062E-03,+11.3337459E-03,-47.0943474E-03,+91.6003712E-03
+7.8388000E-03,+8.4390865E-03,-47.0191710E-03,+91.5946912E-03
+7.8390937E-03,+6.6372014E-03,-47.2864649E-03,+91.5946912E-03
+7.8393875E-03,+7.0677250E-03,-47.0759709E-03,+91.5925195E-03
+7.8396812E-03,+8.9034595E-03,-47.2864649E-03,+91.5933548E-03
+7.8399750E-03,+11.1735766E-03,-46.9673828E-03,+91.6060512E-03
+7.8402687E-03,+13.3233648E-03,-47.0893356E-03,+91.6012065E-03
+7.8405625E-03,+12.9777037E-03,-47.2597355E-03,+91.6139030E-03
+7.8408562E-03,+11.1699749E-03,-47.2380179E-03,+91.6025430E-03
+7.8411500E-03,+8.5275140E-03,-47.1377827E-03,+91.5960277E-03
+7.8414437E-03,+6.7297820E-03,-47.0676180E-03,+91.5833312E-03
+7.8417375E-03,+6.1621700E-03,-47.2029356E-03,+91.5968630E-03
+7.8420312E-03,+7.3052223E-03,-47.2597355E-03,+91.6025430E-03
+7.8423250E-03,+9.6956318E-03,-47.3031708E-03,+91.6003712E-03
+7.8426187E-03,+11.6894773E-03,-47.2647473E-03,+91.5990348E-03
+7.8429125E-03,+12.1614215E-03,-46.8888652E-03,+91.6103947E-03
+7.8432062E-03,+10.5481156E-03,-47.0108181E-03,+91.5973642E-03
+7.8435000E-03,+8.7403133E-03,-47.2029356E-03,+91.5632842E-03
+7.8437937E-03,+6.8790355E-03,-47.1945826E-03,+91.5763148E-03
+7.8440875E-03,+6.0325424E-03,-46.9807475E-03,+91.6103947E-03
+7.8443812E-03,+6.7395215E-03,-46.9974534E-03,+91.6060512E-03
+7.8446750E-03,+8.5597830E-03,-47.2079473E-03,+91.5968630E-03
+7.8449687E-03,+11.3985780E-03,-46.8888652E-03,+91.6025430E-03
+7.8452625E-03,+11.7221874E-03,-46.9891004E-03,+91.6025430E-03
+7.8455562E-03,+10.6523836E-03,-47.0375475E-03,+91.6025430E-03
+7.8458500E-03,+8.7540589E-03,-46.9540181E-03,+91.6047148E-03
+7.8461437E-03,+7.2958503E-03,-47.1595003E-03,+91.6038795E-03
+7.8464375E-03,+6.4625883E-03,-47.1027003E-03,+91.5911830E-03
+7.8467312E-03,+7.7188763E-03,-47.1461356E-03,+91.6025430E-03
+7.8470250E-03,+9.6727714E-03,-47.1511474E-03,+91.6047148E-03
+7.8473187E-03,+11.7085521E-03,-46.9323005E-03,+91.6038795E-03
+7.8476125E-03,+12.0002232E-03,-47.0592651E-03,+91.5890112E-03
+7.8479062E-03,+11.9186317E-03,-46.9456652E-03,+91.5990348E-03
+7.8482000E-03,+10.4717063E-03,-46.9673828E-03,+91.6038795E-03
+7.8484937E-03,+8.2702068E-03,-47.0024651E-03,+91.5890112E-03
+7.8487875E-03,+7.6028841E-03,-47.0108181E-03,+91.5925195E-03
+7.8490812E-03,+8.0922124E-03,-47.2680884E-03,+91.5911830E-03
+7.8493750E-03,+8.5056827E-03,-47.4301354E-03,+91.6047148E-03
+7.8496687E-03,+10.0528701E-03,-47.2814531E-03,+91.6103947E-03
+7.8499625E-03,+11.3756074E-03,-47.2079473E-03,+91.6147383E-03
+7.8502562E-03,+10.9591969E-03,-46.8454299E-03,+91.6239265E-03
+7.8505500E-03,+9.4313416E-03,-46.8755005E-03,+91.6139030E-03
+7.8508437E-03,+8.0513432E-03,-47.1244180E-03,+91.6003712E-03
+7.8511375E-03,+7.5184260E-03,-47.1377827E-03,+91.6012065E-03
+7.8514312E-03,+8.3615745E-03,-47.0241828E-03,+91.6139030E-03
+7.8517250E-03,+9.6689492E-03,-47.0893356E-03,+91.6025430E-03
+7.8520187E-03,+10.6669010E-03,-47.1945826E-03,+91.6003712E-03
+7.8523125E-03,+11.8142902E-03,-46.9807475E-03,+91.6033783E-03
+7.8526062E-03,+11.5540796E-03,-46.8019947E-03,+91.6195830E-03
+7.8529000E-03,+9.7430431E-03,-46.7619006E-03,+91.6025430E-03
+7.8531937E-03,+8.1075017E-03,-47.1244180E-03,+91.6025430E-03
+7.8534875E-03,+7.1977568E-03,-47.0726298E-03,+91.6047148E-03
+7.8537812E-03,+6.4397647E-03,-46.8755005E-03,+91.6060512E-03
+7.8540750E-03,+7.0724661E-03,-47.1244180E-03,+91.5946912E-03
+7.8543687E-03,+9.1239034E-03,-47.1595003E-03,+91.5968630E-03
+7.8546625E-03,+11.7866153E-03,-47.1244180E-03,+91.6047148E-03
+7.8549562E-03,+12.0335581E-03,-47.1377827E-03,+91.6082230E-03
+7.8552500E-03,+9.8489282E-03,-47.0024651E-03,+91.6047148E-03
+7.8555437E-03,+7.1923174E-03,-47.0108181E-03,+91.6103947E-03
+7.8558375E-03,+6.4941590E-03,-47.1812179E-03,+91.6017077E-03
+7.8561312E-03,+6.3364523E-03,-47.1377827E-03,+91.5876748E-03
+7.8564250E-03,+8.3072170E-03,-47.0024651E-03,+91.6125665E-03
+7.8567187E-03,+10.5972175E-03,-47.0108181E-03,+91.6160747E-03
+7.8570125E-03,+12.7120536E-03,-47.1595003E-03,+91.6125665E-03
+7.8573062E-03,+13.0664252E-03,-47.0809827E-03,+91.6117312E-03
+7.8576000E-03,+10.8216308E-03,-46.9590299E-03,+91.5946912E-03
+7.8578937E-03,+8.8872882E-03,-46.8537829E-03,+91.5946912E-03
+7.8581875E-03,+6.4681380E-03,-46.9807475E-03,+91.5946912E-03
+7.8584812E-03,+5.4960602E-03,-46.8671476E-03,+91.5968630E-03
+7.8587750E-03,+6.0605849E-03,-46.8671476E-03,+91.6003712E-03
+7.8590687E-03,+9.2096480E-03,-46.9757357E-03,+91.5990348E-03
+7.8593625E-03,+11.6503354E-03,-47.1728650E-03,+91.6082230E-03
+7.8596562E-03,+12.5369995E-03,-46.9673828E-03,+91.6025430E-03
+7.8599500E-03,+11.5420614E-03,-46.9807475E-03,+91.5981995E-03
+7.8602437E-03,+9.9280205E-03,-46.9323005E-03,+91.5846677E-03
+7.8605375E-03,+7.3967003E-03,-47.0592651E-03,+91.5833312E-03
+7.8608312E-03,+6.2418503E-03,-46.9891004E-03,+91.5968630E-03
+7.8611250E-03,+7.9887530E-03,-47.0592651E-03,+91.6047148E-03
+7.8614187E-03,+9.1184640E-03,-46.9022299E-03,+91.6103947E-03
+7.8617125E-03,+11.8022352E-03,-46.8537829E-03,+91.6060512E-03
+7.8620062E-03,+13.1217383E-03,-47.0459004E-03,+91.5990348E-03
+7.8623000E-03,+12.2701366E-03,-47.1027003E-03,+91.6082230E-03
+7.8625937E-03,+9.9619802E-03,-47.0809827E-03,+91.5981995E-03
+7.8628875E-03,+6.8823066E-03,-47.0241828E-03,+91.5890112E-03
+7.8631812E-03,+5.1824108E-03,-47.0459004E-03,+91.5925195E-03
+7.8634750E-03,+6.4647567E-03,-47.1027003E-03,+91.5868395E-03
+7.8637687E-03,+8.5920888E-03,-47.1244180E-03,+91.5846677E-03
+7.8640625E-03,+11.3525633E-03,-47.2029356E-03,+91.5898465E-03
+7.8643562E-03,+12.7755259E-03,-47.2814531E-03,+91.6095595E-03
+7.8646500E-03,+12.1322029E-03,-47.3165355E-03,+91.5890112E-03
+7.8649437E-03,+10.0567659E-03,-47.1294297E-03,+91.5990348E-03
+7.8652375E-03,+7.4965947E-03,-46.8972181E-03,+91.6103947E-03
+7.8655312E-03,+6.0570934E-03,-47.0943474E-03,+91.6082230E-03
+7.8658250E-03,+6.3168262E-03,-46.8237123E-03,+91.6047148E-03
+7.8661187E-03,+8.5845177E-03,-46.8187006E-03,+91.6103947E-03
+7.8664125E-03,+10.7604372E-03,-47.0592651E-03,+91.6060512E-03
+7.8667062E-03,+11.8605621E-03,-47.0108181E-03,+91.5968630E-03
+7.8670000E-03,+11.2380413E-03,-47.1595003E-03,+91.5960277E-03
+7.8672937E-03,+9.7391840E-03,-47.0158298E-03,+91.5855030E-03
+7.8675875E-03,+7.9575130E-03,-46.8103476E-03,+91.5938559E-03
+7.8678812E-03,+7.0385432E-03,-46.8454299E-03,+91.5841665E-03
+7.8681750E-03,+7.7265577E-03,-46.8103476E-03,+91.6139030E-03
+7.8684687E-03,+9.1781875E-03,-46.8888652E-03,+91.6068865E-03
+7.8687625E-03,+10.3942311E-03,-46.9673828E-03,+91.6117312E-03
+7.8690562E-03,+11.4927390E-03,-47.0024651E-03,+91.5925195E-03
+7.8693500E-03,+10.4156949E-03,-46.9891004E-03,+91.5846677E-03
+7.8696437E-03,+10.0717611E-03,-47.0809827E-03,+91.5855030E-03
+7.8699375E-03,+9.0656501E-03,-47.0459004E-03,+91.6047148E-03
+7.8702312E-03,+7.9664072E-03,-46.9941122E-03,+91.6060512E-03
+7.8705250E-03,+8.5035510E-03,-46.6883948E-03,+91.5946912E-03
+7.8708187E-03,+9.5134843E-03,-46.6967477E-03,+91.5946912E-03
+7.8711125E-03,+10.6064792E-03,-46.9323005E-03,+91.5925195E-03
+7.8714062E-03,+11.8354599E-03,-47.1027003E-03,+91.5846677E-03
+7.8717000E-03,+11.7734210E-03,-47.1027003E-03,+91.5811595E-03
+7.8719937E-03,+10.3739068E-03,-47.1461356E-03,+91.5890112E-03
+7.8722875E-03,+8.1223131E-03,-47.2814531E-03,+91.5946912E-03
+7.8725812E-03,+7.0942973E-03,-47.2296650E-03,+91.5946912E-03
+7.8728750E-03,+6.9507405E-03,-47.0542533E-03,+91.5903477E-03
+7.8731687E-03,+8.1042674E-03,-47.1862297E-03,+91.5833312E-03
+7.8734625E-03,+9.3185836E-03,-46.8320653E-03,+91.5925195E-03
+7.8737562E-03,+10.8178820E-03,-46.9022299E-03,+91.5933548E-03
+7.8740500E-03,+11.3338561E-03,-46.7669124E-03,+91.6103947E-03
+7.8743437E-03,+10.2196181E-03,-46.7969829E-03,+91.6038795E-03
+7.8746375E-03,+8.0393618E-03,-47.0893356E-03,+91.5911830E-03
+7.8749312E-03,+7.1497207E-03,-47.2597355E-03,+91.6047148E-03
+7.8752250E-03,+7.8655940E-03,-47.1945826E-03,+91.6082230E-03
+7.8755187E-03,+7.8393156E-03,-47.0024651E-03,+91.6025430E-03
+7.8758125E-03,+9.4407871E-03,-46.9891004E-03,+91.6025430E-03
+7.8761062E-03,+10.6713481E-03,-47.0375475E-03,+91.6047148E-03
+7.8764000E-03,+11.0159802E-03,-46.8888652E-03,+91.6082230E-03
+7.8766937E-03,+10.0522821E-03,-46.9891004E-03,+91.5981995E-03
+7.8769875E-03,+8.3626771E-03,-47.1895709E-03,+91.5846677E-03
+7.8772812E-03,+7.6998016E-03,-47.3299002E-03,+91.5811595E-03
+7.8775750E-03,+8.3346346E-03,-47.0158298E-03,+91.5890112E-03
+7.8778687E-03,+9.0322049E-03,-46.8103476E-03,+91.5946912E-03
+7.8781625E-03,+9.9108568E-03,-46.8888652E-03,+91.5968630E-03
+7.8784562E-03,+11.3904189E-03,-46.9891004E-03,+91.6047148E-03
+7.8787500E-03,+11.9339577E-03,-47.0375475E-03,+91.6060512E-03
+7.8790437E-03,+11.2091535E-03,-46.9323005E-03,+91.5968630E-03
+7.8793375E-03,+10.1278828E-03,-47.0375475E-03,+91.6025430E-03
+7.8796312E-03,+8.3495931E-03,-46.9105828E-03,+91.5981995E-03
+7.8799250E-03,+7.5083189E-03,-47.0893356E-03,+91.5955265E-03
+7.8802187E-03,+7.1801889E-03,-47.2163003E-03,+91.6117312E-03
+7.8805125E-03,+8.1804562E-03,-47.1244180E-03,+91.5946912E-03
+7.8808062E-03,+9.5094415E-03,-47.1595003E-03,+91.5968630E-03
+7.8811000E-03,+10.0504812E-03,-47.0592651E-03,+91.6025430E-03
+7.8813937E-03,+10.0391613E-03,-47.0325357E-03,+91.6047148E-03
+7.8816875E-03,+9.8214738E-03,-47.3031708E-03,+91.6125665E-03
+7.8819812E-03,+7.8448653E-03,-47.2647473E-03,+91.6160747E-03
+7.8822750E-03,+6.6531889E-03,-46.9323005E-03,+91.6060512E-03
+7.8825687E-03,+6.7501431E-03,-47.1244180E-03,+91.5946912E-03
+7.8828625E-03,+7.9896350E-03,-47.1377827E-03,+91.5946912E-03
+7.8831562E-03,+10.2535410E-03,-47.0676180E-03,+91.5968630E-03
+7.8834500E-03,+11.8784240E-03,-47.1595003E-03,+91.6003712E-03
+7.8837437E-03,+11.1039299E-03,-47.0158298E-03,+91.5968630E-03
+7.8840375E-03,+10.7666117E-03,-46.8320653E-03,+91.6068865E-03
+7.8843312E-03,+9.7078338E-03,-46.9673828E-03,+91.6095595E-03
+7.8846250E-03,+8.1954146E-03,-47.0241828E-03,+91.5868395E-03
+7.8849187E-03,+7.8531347E-03,-47.0459004E-03,+91.5911830E-03
+7.8852125E-03,+9.1977033E-03,-47.0158298E-03,+91.6025430E-03
+7.8855062E-03,+10.4161726E-03,-46.8537829E-03,+91.6025430E-03
+7.8858000E-03,+10.8670941E-03,-46.9373122E-03,+91.6003712E-03
+7.8860937E-03,+10.0763552E-03,-46.7969829E-03,+91.5946912E-03
+7.8863875E-03,+8.9216889E-03,-46.9807475E-03,+91.6012065E-03
+7.8866812E-03,+7.4374593E-03,-46.8454299E-03,+91.6139030E-03
+7.8869750E-03,+5.7722951E-03,-46.8972181E-03,+91.6025430E-03
+7.8872687E-03,+6.2373664E-03,-47.0943474E-03,+91.6025430E-03
+7.8875625E-03,+7.6167767E-03,-46.8888652E-03,+91.6068865E-03
+7.8878562E-03,+9.2986635E-03,-46.9673828E-03,+91.6160747E-03
+7.8881500E-03,+11.1879471E-03,-47.0459004E-03,+91.6103947E-03
+7.8884437E-03,+11.6937039E-03,-47.1244180E-03,+91.6082230E-03
+7.8887375E-03,+10.6492229E-03,-47.0726298E-03,+91.6003712E-03
+7.8890312E-03,+9.5352421E-03,-46.8537829E-03,+91.5968630E-03
+7.8893250E-03,+7.3785811E-03,-47.0241828E-03,+91.6003712E-03
+7.8896187E-03,+7.4939485E-03,-46.9590299E-03,+91.5946912E-03
+7.8899125E-03,+8.9519733E-03,-46.8537829E-03,+91.5946912E-03
+7.8902062E-03,+10.1630186E-03,-46.9590299E-03,+91.5881759E-03
+7.8905000E-03,+11.4745830E-03,-46.7451947E-03,+91.5733077E-03
+7.8907937E-03,+12.1577462E-03,-46.7619006E-03,+91.5855030E-03
+7.8910875E-03,+11.2763011E-03,-47.0158298E-03,+91.6068865E-03
+7.8913812E-03,+9.8139394E-03,-46.8755005E-03,+91.6117312E-03
+7.8916750E-03,+8.3687046E-03,-47.0158298E-03,+91.5968630E-03
+7.8919687E-03,+7.1400547E-03,-46.8972181E-03,+91.6047148E-03
+7.8922625E-03,+7.4812320E-03,-47.1377827E-03,+91.6082230E-03
+7.8925562E-03,+9.7531868E-03,-47.0024651E-03,+91.6003712E-03
+7.8928500E-03,+10.4412381E-03,-46.9456652E-03,+91.6033783E-03
+7.8931437E-03,+11.3299971E-03,-46.9673828E-03,+91.6195830E-03
+7.8934375E-03,+10.9944798E-03,-47.0676180E-03,+91.6047148E-03
+7.8937312E-03,+8.0607152E-03,-47.1595003E-03,+91.6038795E-03
+7.8940250E-03,+6.3066089E-03,-47.0809827E-03,+91.5933548E-03
+7.8943187E-03,+5.8017709E-03,-47.0024651E-03,+91.6060512E-03
+7.8946125E-03,+5.8704253E-03,-46.9239475E-03,+91.5946912E-03
+7.8949062E-03,+7.9028982E-03,-46.9105828E-03,+91.5968630E-03
+7.8952000E-03,+10.5084959E-03,-46.9807475E-03,+91.6047148E-03
+7.8954937E-03,+11.6872354E-03,-46.8888652E-03,+91.6103947E-03
+7.8957875E-03,+12.0516773E-03,-46.9673828E-03,+91.6103947E-03
+7.8960812E-03,+10.9542353E-03,-47.0459004E-03,+91.6060512E-03
+7.8963750E-03,+8.6701888E-03,-47.1027003E-03,+91.5968630E-03
+7.8966687E-03,+7.3256937E-03,-47.1461356E-03,+91.6003712E-03
+7.8969625E-03,+7.4215453E-03,-47.1945826E-03,+91.5968630E-03
+7.8972562E-03,+9.1535630E-03,-47.0241828E-03,+91.6047148E-03
+7.8975500E-03,+10.9192465E-03,-47.1110533E-03,+91.6060512E-03
+7.8978437E-03,+12.0491781E-03,-47.2296650E-03,+91.5990348E-03
+7.8981375E-03,+11.5526830E-03,-46.8587946E-03,+91.6082230E-03
+7.8984312E-03,+10.1295734E-03,-46.7619006E-03,+91.6047148E-03
+7.8987250E-03,+8.8037121E-03,-47.0809827E-03,+91.6082230E-03
+7.8990187E-03,+6.6925145E-03,-46.8938770E-03,+91.6047148E-03
+7.8993125E-03,+6.2046563E-03,-46.6399478E-03,+91.6082230E-03
+7.8996062E-03,+7.0828304E-03,-46.8888652E-03,+91.6003712E-03
+7.8999000E-03,+8.0741300E-03,-46.9673828E-03,+91.5968630E-03
+7.9001937E-03,+10.2524752E-03,-46.9807475E-03,+91.6047148E-03
+7.9004875E-03,+10.9445693E-03,-46.9105828E-03,+91.6147383E-03
+7.9007812E-03,+10.6918562E-03,-47.0024651E-03,+91.6239265E-03
+7.9010750E-03,+9.4862137E-03,-46.9891004E-03,+91.6117312E-03
+7.9013687E-03,+8.1106257E-03,-47.0809827E-03,+91.5946912E-03
+7.9016625E-03,+7.6107860E-03,-47.0676180E-03,+91.5946912E-03
+7.9019562E-03,+8.2327188E-03,-47.0726298E-03,+91.5990348E-03
+7.9022500E-03,+9.8075811E-03,-46.7886300E-03,+91.6082230E-03
+7.9025437E-03,+10.9957661E-03,-46.8972181E-03,+91.5960277E-03
+7.9028375E-03,+11.4670487E-03,-47.0291945E-03,+91.5833312E-03
+7.9031312E-03,+11.0612230E-03,-46.7184653E-03,+91.5946912E-03
+7.9034250E-03,+9.1478296E-03,-47.0108181E-03,+91.5990348E-03
+7.9037187E-03,+7.2589504E-03,-47.1377827E-03,+91.6103947E-03
+7.9040125E-03,+5.7392174E-03,-46.9590299E-03,+91.6169100E-03
+7.9043062E-03,+6.1388686E-03,-46.7886300E-03,+91.6274347E-03
+7.9046000E-03,+8.2127252E-03,-46.8537829E-03,+91.6060512E-03
+7.9048937E-03,+10.2320773E-03,-46.9590299E-03,+91.5990348E-03
+7.9051875E-03,+11.4542954E-03,-46.7669124E-03,+91.6038795E-03
+7.9054812E-03,+11.4003789E-03,-46.7752653E-03,+91.5890112E-03
+7.9057750E-03,+9.6160250E-03,-46.9456652E-03,+91.5946912E-03
+7.9060687E-03,+7.9531027E-03,-46.9673828E-03,+91.6012065E-03
+7.9063625E-03,+7.1713682E-03,-46.9590299E-03,+91.6117312E-03
+7.9066562E-03,+7.5896531E-03,-46.8103476E-03,+91.6012065E-03
+7.9069500E-03,+10.2638318E-03,-46.9540181E-03,+91.6182465E-03
+7.9072437E-03,+11.2855628E-03,-47.1377827E-03,+91.6073877E-03
+7.9075375E-03,+12.1085340E-03,-47.0459004E-03,+91.5855030E-03
+7.9078312E-03,+12.5055023E-03,-47.1678532E-03,+91.6003712E-03
+7.9081250E-03,+10.3925038E-03,-47.2296650E-03,+91.5968630E-03
+7.9084187E-03,+7.5067385E-03,-46.9239475E-03,+91.5960277E-03
+7.9087125E-03,+6.1211537E-03,-46.7802771E-03,+91.5855030E-03
+7.9090062E-03,+6.9321802E-03,-46.6616654E-03,+91.5981995E-03
+7.9093000E-03,+9.3173340E-03,-46.9891004E-03,+91.5846677E-03
+7.9095937E-03,+11.6324735E-03,-47.1027003E-03,+91.5855030E-03
+7.9098875E-03,+12.6850770E-03,-47.1244180E-03,+91.6047148E-03
+7.9101812E-03,+12.8947524E-03,-47.1595003E-03,+91.6060512E-03
+7.9104750E-03,+10.0126992E-03,-47.0809827E-03,+91.5946912E-03
+7.9107687E-03,+7.1442078E-03,-47.0893356E-03,+91.5946912E-03
+7.9110625E-03,+5.0509456E-03,-47.1945826E-03,+91.5903477E-03
+7.9113562E-03,+4.9971393E-03,-46.9590299E-03,+91.5789877E-03
+7.9116500E-03,+7.7912796E-03,-46.8537829E-03,+91.5876748E-03
+7.9119437E-03,+11.2588434E-03,-46.9590299E-03,+91.6038795E-03
+7.9122375E-03,+12.8593593E-03,-46.8537829E-03,+91.5868395E-03
+7.9125312E-03,+13.2427289E-03,-47.0024651E-03,+91.5933548E-03
+7.9128250E-03,+10.8781935E-03,-46.9022299E-03,+91.6060512E-03
+7.9131187E-03,+8.0463081E-03,-46.8320653E-03,+91.5946912E-03
+7.9134125E-03,+5.7615265E-03,-46.9456652E-03,+91.6012065E-03
+7.9137062E-03,+5.5553058E-03,-46.9891004E-03,+91.6095595E-03
+7.9140000E-03,+7.2464176E-03,-47.0809827E-03,+91.5890112E-03
+7.9142937E-03,+10.3342504E-03,-46.9590299E-03,+91.5903477E-03
+7.9145875E-03,+12.9150399E-03,-46.8103476E-03,+91.5855030E-03
+7.9148812E-03,+13.0545540E-03,-46.9540181E-03,+91.6025430E-03
+7.9151750E-03,+11.7881957E-03,-47.1160650E-03,+91.6025430E-03
+7.9154687E-03,+9.4634269E-03,-46.9239475E-03,+91.6003712E-03
+7.9157625E-03,+6.8938102E-03,-46.9540181E-03,+91.5946912E-03
+7.9160562E-03,+5.6465633E-03,-47.1595003E-03,+91.5968630E-03
+7.9163500E-03,+7.6392695E-03,-47.0592651E-03,+91.5981995E-03
+7.9166437E-03,+9.8496265E-03,-46.9673828E-03,+91.5890112E-03
+7.9169375E-03,+11.5069623E-03,-47.0459004E-03,+91.5968630E-03
+7.9172312E-03,+12.0808223E-03,-47.0809827E-03,+91.6090583E-03
+7.9175250E-03,+10.5797599E-03,-46.9373122E-03,+91.6174112E-03
+7.9178187E-03,+8.1508334E-03,-46.7535477E-03,+91.5925195E-03
+7.9181125E-03,+5.8413170E-03,-46.8237123E-03,+91.5868395E-03
+7.9184062E-03,+5.0644707E-03,-46.7318300E-03,+91.5955265E-03
+7.9187000E-03,+6.8363286E-03,-46.9406534E-03,+91.6095595E-03
+7.9189937E-03,+10.4655318E-03,-47.2948178E-03,+91.5890112E-03
+7.9192875E-03,+12.6629517E-03,-47.2029356E-03,+91.6012065E-03
+7.9195812E-03,+13.2345698E-03,-47.2163003E-03,+91.6160747E-03
+7.9198750E-03,+12.1035357E-03,-47.0592651E-03,+91.6082230E-03
+7.9201687E-03,+8.7494281E-03,-46.9891004E-03,+91.6003712E-03
+7.9204625E-03,+6.4643892E-03,-47.1244180E-03,+91.6033783E-03
+7.9207562E-03,+5.6166832E-03,-47.1595003E-03,+91.6217547E-03
+7.9210500E-03,+6.8917888E-03,-47.1027003E-03,+91.6082230E-03
+7.9213437E-03,+8.7803740E-03,-47.1027003E-03,+91.6003712E-03
+7.9216375E-03,+11.5718312E-03,-47.0375475E-03,+91.5968630E-03
+7.9219312E-03,+12.5268557E-03,-46.8888652E-03,+91.6025430E-03
+7.9222250E-03,+11.3902719E-03,-46.9239475E-03,+91.6047148E-03
+7.9225187E-03,+9.7530031E-03,-46.7802771E-03,+91.6103947E-03
+7.9228125E-03,+7.2453886E-03,-46.6399478E-03,+91.6147383E-03
+7.9231062E-03,+5.7034568E-03,-46.9105828E-03,+91.6239265E-03
+7.9234000E-03,+6.6782911E-03,-47.0024651E-03,+91.6160747E-03
+7.9236937E-03,+8.9960033E-03,-47.0108181E-03,+91.6082230E-03
+7.9239875E-03,+11.5574241E-03,-47.1377827E-03,+91.6025430E-03
+7.9242812E-03,+13.4979779E-03,-46.9807475E-03,+91.6047148E-03
+7.9245750E-03,+12.5478784E-03,-46.8454299E-03,+91.6038795E-03
+7.9248687E-03,+9.7460200E-03,-46.8972181E-03,+91.5846677E-03
+7.9251625E-03,+7.0849621E-03,-47.1595003E-03,+91.5833312E-03
+7.9254562E-03,+6.3768805E-03,-47.0809827E-03,+91.5925195E-03
+7.9257500E-03,+7.0759576E-03,-47.0241828E-03,+91.5890112E-03
+7.9260437E-03,+8.8554969E-03,-46.9807475E-03,+91.5968630E-03
+7.9263375E-03,+11.1764801E-03,-46.8671476E-03,+91.6025430E-03
+7.9266312E-03,+12.5619915E-03,-46.9757357E-03,+91.6047148E-03
+7.9269250E-03,+11.7936718E-03,-47.2163003E-03,+91.6060512E-03
+7.9272187E-03,+9.9315855E-03,-47.0809827E-03,+91.5925195E-03
+7.9275125E-03,+7.0658874E-03,-47.0676180E-03,+91.5868395E-03
+7.9278062E-03,+5.2815334E-03,-47.1160650E-03,+91.5911830E-03
+7.9281000E-03,+5.6060984E-03,-46.9891004E-03,+91.6003712E-03
+7.9283937E-03,+7.9805938E-03,-47.1461356E-03,+91.5990348E-03
+7.9286875E-03,+11.1999652E-03,-47.1294297E-03,+91.6060512E-03
+7.9289812E-03,+13.1578297E-03,-46.7669124E-03,+91.5946912E-03
+7.9292750E-03,+13.5431840E-03,-46.7535477E-03,+91.5946912E-03
+7.9295687E-03,+11.2302864E-03,-46.9540181E-03,+91.6033783E-03
+7.9298625E-03,+8.1596541E-03,-47.0943474E-03,+91.6174112E-03
+7.9301562E-03,+6.0801007E-03,-46.8888652E-03,+91.5925195E-03
+7.9304500E-03,+5.4587559E-03,-46.9673828E-03,+91.5911830E-03
+7.9307437E-03,+6.7390437E-03,-46.9590299E-03,+91.6090583E-03
+7.9310375E-03,+9.8384536E-03,-46.8537829E-03,+91.6217547E-03
+7.9313312E-03,+11.8688683E-03,-47.0241828E-03,+91.6060512E-03
+7.9316250E-03,+12.5103169E-03,-47.0241828E-03,+91.5946912E-03
+7.9319187E-03,+11.1112805E-03,-47.0459004E-03,+91.5968630E-03
+7.9322125E-03,+8.4147193E-03,-47.1461356E-03,+91.6025430E-03
+7.9325062E-03,+6.2825358E-03,-47.2380179E-03,+91.6025430E-03
+7.9328000E-03,+5.9129117E-03,-47.0509121E-03,+91.6090583E-03
+7.9330937E-03,+7.2223812E-03,-46.7535477E-03,+91.6239265E-03
+7.9333875E-03,+9.8400707E-03,-46.9105828E-03,+91.6160747E-03
+7.9336812E-03,+12.4021898E-03,-46.9807475E-03,+91.6125665E-03
+7.9339750E-03,+13.4013545E-03,-46.8671476E-03,+91.6139030E-03
+7.9342687E-03,+11.8208322E-03,-46.9323005E-03,+91.5960277E-03
+7.9345625E-03,+9.1978503E-03,-46.9941122E-03,+91.5833312E-03
+7.9348562E-03,+6.8412903E-03,-46.6883948E-03,+91.6012065E-03
+7.9351500E-03,+6.1658452E-03,-46.6750301E-03,+91.6139030E-03
+7.9354437E-03,+7.0970170E-03,-46.9189358E-03,+91.6025430E-03
+7.9357375E-03,+9.5743471E-03,-47.1511474E-03,+91.6047148E-03
+7.9360312E-03,+12.4081805E-03,-46.8237123E-03,+91.6060512E-03
+7.9363250E-03,+13.3623964E-03,-46.7752653E-03,+91.5968630E-03
+7.9366187E-03,+11.7867623E-03,-46.9891004E-03,+91.6003712E-03
+7.9369125E-03,+8.1632926E-03,-46.9941122E-03,+91.5946912E-03
+7.9372062E-03,+5.8551729E-03,-46.8187006E-03,+91.5968630E-03
+7.9375000E-03,+5.0209552E-03,-47.0592651E-03,+91.6025430E-03
+7.9377937E-03,+6.4005861E-03,-46.8587946E-03,+91.5981995E-03
+7.9380875E-03,+9.4274457E-03,-46.7619006E-03,+91.5933548E-03
+7.9383812E-03,+12.0993825E-03,-47.0592651E-03,+91.6125665E-03
+7.9386750E-03,+12.4183978E-03,-46.9456652E-03,+91.6160747E-03
+7.9389687E-03,+11.0629137E-03,-46.9456652E-03,+91.6082230E-03
+7.9392625E-03,+8.7412321E-03,-46.9022299E-03,+91.5981995E-03
+7.9395562E-03,+6.5113962E-03,-46.8755005E-03,+91.5911830E-03
+7.9398500E-03,+5.4100951E-03,-47.0592651E-03,+91.6047148E-03
+7.9401437E-03,+6.7635946E-03,-46.9239475E-03,+91.6060512E-03
+7.9404375E-03,+9.3203845E-03,-46.9105828E-03,+91.5925195E-03
+7.9407312E-03,+12.9637375E-03,-47.0024651E-03,+91.5911830E-03
+7.9410250E-03,+14.0451553E-03,-46.8587946E-03,+91.6047148E-03
+7.9413187E-03,+11.7844101E-03,-46.6750301E-03,+91.6017077E-03
+7.9416125E-03,+9.2056787E-03,-46.8537829E-03,+91.5789877E-03
+7.9419062E-03,+7.0802210E-03,-47.0024651E-03,+91.5811595E-03
+7.9422000E-03,+5.5807389E-03,-46.9022299E-03,+91.5890112E-03
+7.9424937E-03,+6.1617289E-03,-46.7886300E-03,+91.5925195E-03
+7.9427875E-03,+8.6062019E-03,-46.8972181E-03,+91.5911830E-03
+7.9430812E-03,+11.6127372E-03,-47.1377827E-03,+91.6047148E-03
+7.9433750E-03,+13.3808831E-03,-47.0241828E-03,+91.6103947E-03
+7.9436687E-03,+12.7116493E-03,-47.0024651E-03,+91.6082230E-03
+7.9439625E-03,+10.5291144E-03,-46.9022299E-03,+91.6025430E-03
+7.9442562E-03,+7.7233235E-03,-46.8537829E-03,+91.6112300E-03
+7.9445500E-03,+6.3015738E-03,-47.0459004E-03,+91.6209194E-03
+7.9448437E-03,+7.3401743E-03,-47.0809827E-03,+91.5890112E-03
+7.9451375E-03,+9.4498650E-03,-47.0241828E-03,+91.5946912E-03
+7.9454312E-03,+11.9285183E-03,-47.0024651E-03,+91.5968630E-03
+7.9457250E-03,+12.7904476E-03,-46.9456652E-03,+91.6047148E-03
+7.9460187E-03,+12.3642241E-03,-46.9022299E-03,+91.6125665E-03
+7.9463125E-03,+10.1381736E-03,-46.8320653E-03,+91.6160747E-03
+7.9466062E-03,+7.6611008E-03,-46.9022299E-03,+91.5995359E-03
+7.9469000E-03,+5.6337733E-03,-46.7669124E-03,+91.5841665E-03
+7.9471937E-03,+6.2428058E-03,-46.7535477E-03,+91.6139030E-03
+7.9474875E-03,+8.8099233E-03,-46.8454299E-03,+91.6025430E-03
+7.9477812E-03,+10.4961102E-03,-46.7886300E-03,+91.6068865E-03
+7.9480750E-03,+11.4436371E-03,-46.7886300E-03,+91.6182465E-03
+7.9483687E-03,+11.0853329E-03,-46.7234771E-03,+91.6139030E-03
+7.9486625E-03,+8.5402305E-03,-46.6833830E-03,+91.6047148E-03
+7.9489562E-03,+6.0957942E-03,-47.1110533E-03,+91.6082230E-03
+7.9492500E-03,+4.6034789E-03,-47.1427944E-03,+91.6068865E-03
+7.9495437E-03,+6.2266713E-03,-46.7619006E-03,+91.6160747E-03
+7.9498375E-03,+8.6530619E-03,-47.0809827E-03,+91.6147383E-03
+7.9501312E-03,+11.7422912E-03,-46.9590299E-03,+91.6195830E-03
+7.9504250E-03,+13.7552850E-03,-46.8537829E-03,+91.6003712E-03
+7.9507187E-03,+14.2223411E-03,-46.9590299E-03,+91.5968630E-03
+7.9510125E-03,+11.1777298E-03,-46.7451947E-03,+91.6068865E-03
+7.9513062E-03,+8.9365371E-03,-46.6750301E-03,+91.6139030E-03
+7.9516000E-03,+6.5370497E-03,-46.8537829E-03,+91.5981995E-03
+7.9518937E-03,+5.5402372E-03,-47.0676180E-03,+91.5955265E-03
+7.9521875E-03,+7.3166157E-03,-47.1377827E-03,+91.6182465E-03
+7.9524812E-03,+10.0484597E-03,-47.0024651E-03,+91.6117312E-03
+7.9527750E-03,+11.9924316E-03,-46.9239475E-03,+91.6012065E-03
+7.9530687E-03,+12.3576085E-03,-46.8671476E-03,+91.6117312E-03
+7.9533625E-03,+10.9025975E-03,-46.9105828E-03,+91.5990348E-03
+7.9536562E-03,+7.6779336E-03,-47.0676180E-03,+91.6147383E-03
+7.9539500E-03,+5.7286326E-03,-47.1160650E-03,+91.6239265E-03
+7.9542437E-03,+6.1355976E-03,-47.0108181E-03,+91.6160747E-03
+7.9545375E-03,+7.7165241E-03,-47.1595003E-03,+91.6082230E-03
+7.9548312E-03,+10.5790615E-03,-46.9289593E-03,+91.6025430E-03
+7.9551250E-03,+12.9136066E-03,-46.5614302E-03,+91.6047148E-03
+7.9554187E-03,+12.8727006E-03,-46.8103476E-03,+91.6060512E-03
+7.9557125E-03,+11.7168950E-03,-46.8888652E-03,+91.5946912E-03
+7.9560062E-03,+9.3462586E-03,-47.0108181E-03,+91.5925195E-03
+7.9563000E-03,+6.2708116E-03,-47.1595003E-03,+91.5868395E-03
+7.9565937E-03,+6.2959138E-03,-47.0809827E-03,+91.5890112E-03
+7.9568875E-03,+9.0337118E-03,-46.9807475E-03,+91.5925195E-03
+7.9571812E-03,+11.1875428E-03,-46.8671476E-03,+91.5933548E-03
+7.9574750E-03,+12.7300258E-03,-46.8454299E-03,+91.6082230E-03
+7.9577687E-03,+13.1760592E-03,-46.8320653E-03,+91.6003712E-03
+7.9580625E-03,+10.9029282E-03,-46.9673828E-03,+91.5990348E-03
+7.9583562E-03,+8.9201821E-03,-46.9807475E-03,+91.6082230E-03
+7.9586500E-03,+6.4274157E-03,-46.8454299E-03,+91.6025430E-03
+7.9589437E-03,+5.7285223E-03,-46.7886300E-03,+91.6025430E-03
+7.9592375E-03,+6.5202168E-03,-46.8103476E-03,+91.6047148E-03
+7.9595312E-03,+9.0708690E-03,-46.8888652E-03,+91.6103947E-03
+7.9598250E-03,+11.8088508E-03,-46.9022299E-03,+91.6060512E-03
+7.9601187E-03,+12.2757230E-03,-46.8755005E-03,+91.5946912E-03
+7.9604125E-03,+10.6984350E-03,-47.0158298E-03,+91.5925195E-03
+7.9607062E-03,+9.3159375E-03,-46.8103476E-03,+91.5933548E-03
+7.9610000E-03,+7.1896344E-03,-46.8454299E-03,+91.6103947E-03
+7.9612937E-03,+6.6606865E-03,-46.7886300E-03,+91.6060512E-03
+7.9615875E-03,+7.7196114E-03,-46.8972181E-03,+91.5925195E-03
+7.9618812E-03,+9.9757992E-03,-47.0726298E-03,+91.5911830E-03
+7.9621750E-03,+12.7651983E-03,-46.7886300E-03,+91.6090583E-03
+7.9624687E-03,+13.5950424E-03,-46.8320653E-03,+91.6195830E-03
+7.9627625E-03,+12.0852327E-03,-46.9239475E-03,+91.6003712E-03
+7.9630562E-03,+8.8876558E-03,-46.9105828E-03,+91.5968630E-03
+7.9633500E-03,+6.3839370E-03,-47.0459004E-03,+91.5981995E-03
+7.9636437E-03,+5.5952563E-03,-46.9941122E-03,+91.5911830E-03
+7.9639375E-03,+6.8267361E-03,-46.7535477E-03,+91.6003712E-03
+7.9642312E-03,+9.6626276E-03,-46.8454299E-03,+91.5946912E-03
+7.9645250E-03,+11.7475469E-03,-46.7669124E-03,+91.5946912E-03
+7.9648187E-03,+12.6778734E-03,-46.7752653E-03,+91.5903477E-03
+7.9651125E-03,+10.9737511E-03,-46.9456652E-03,+91.5876748E-03
+7.9654062E-03,+8.3946889E-03,-46.9239475E-03,+91.6038795E-03
+7.9657000E-03,+5.9691437E-03,-46.8888652E-03,+91.5955265E-03
+7.9659937E-03,+5.2703605E-03,-46.9891004E-03,+91.6160747E-03
+7.9662875E-03,+7.3717818E-03,-47.0158298E-03,+91.6147383E-03
+7.9665812E-03,+9.2853957E-03,-46.8103476E-03,+91.6217547E-03
+7.9668750E-03,+11.7112350E-03,-46.8454299E-03,+91.6038795E-03
+7.9671687E-03,+13.1584913E-03,-46.8537829E-03,+91.5933548E-03
+7.9674625E-03,+12.2659100E-03,-47.1110533E-03,+91.6103947E-03
+7.9677562E-03,+9.3353797E-03,-47.2948178E-03,+91.6060512E-03
+7.9680500E-03,+6.9173688E-03,-47.0943474E-03,+91.5946912E-03
+7.9683437E-03,+4.9143351E-03,-46.8671476E-03,+91.6033783E-03
+7.9686375E-03,+5.5850757E-03,-46.8454299E-03,+91.6239265E-03
+7.9689312E-03,+7.8255700E-03,-46.8103476E-03,+91.6182465E-03
+7.9692250E-03,+10.1414446E-03,-46.9105828E-03,+91.6139030E-03
+7.9695187E-03,+12.3189444E-03,-46.9373122E-03,+91.6025430E-03
+7.9698125E-03,+12.8577054E-03,-46.6883948E-03,+91.6047148E-03
+7.9701062E-03,+10.7234638E-03,-46.7836182E-03,+91.6060512E-03
+7.9704000E-03,+7.7125549E-03,-47.1160650E-03,+91.6033783E-03
+7.9706937E-03,+5.8437060E-03,-46.8805123E-03,+91.6260983E-03
+7.9709875E-03,+6.1951005E-03,-46.7969829E-03,+91.6217547E-03
+7.9712812E-03,+9.1147520E-03,-47.0459004E-03,+91.6082230E-03
+7.9715750E-03,+11.6141706E-03,-47.0592651E-03,+91.6068865E-03
+7.9718687E-03,+13.2518437E-03,-46.8805123E-03,+91.6160747E-03
+7.9721625E-03,+12.4391632E-03,-46.7969829E-03,+91.6060512E-03
+7.9724562E-03,+10.7122174E-03,-47.0024651E-03,+91.5968630E-03
+7.9727500E-03,+8.3134650E-03,-46.9239475E-03,+91.6047148E-03
+7.9730437E-03,+5.8426034E-03,-46.8671476E-03,+91.6103947E-03
+7.9733375E-03,+6.9955790E-03,-46.8019947E-03,+91.6082230E-03
+7.9736312E-03,+8.9778841E-03,-46.6967477E-03,+91.6047148E-03
+7.9739250E-03,+11.0990418E-03,-46.9105828E-03,+91.6125665E-03
+7.9742187E-03,+12.1600249E-03,-47.0241828E-03,+91.6182465E-03
+7.9745125E-03,+11.7070452E-03,-47.0241828E-03,+91.6095595E-03
+7.9748062E-03,+9.7484457E-03,-47.0241828E-03,+91.5911830E-03
+7.9751000E-03,+7.4215820E-03,-47.0024651E-03,+91.6025430E-03
+7.9753937E-03,+6.4004758E-03,-46.9239475E-03,+91.6068865E-03
+7.9756875E-03,+6.3662589E-03,-46.8671476E-03,+91.6117312E-03
+7.9759812E-03,+7.3461650E-03,-46.9540181E-03,+91.5946912E-03
+7.9762750E-03,+9.5962519E-03,-47.0943474E-03,+91.5946912E-03
+7.9765687E-03,+10.7337178E-03,-46.9105828E-03,+91.5968630E-03
+7.9768625E-03,+11.1057676E-03,-47.0459004E-03,+91.5981995E-03
+7.9771562E-03,+10.0991788E-03,-47.0375475E-03,+91.5933548E-03
+7.9774500E-03,+8.5352688E-03,-46.9323005E-03,+91.6125665E-03
+7.9777437E-03,+7.6040970E-03,-46.9723946E-03,+91.6095595E-03
+7.9780375E-03,+7.2995256E-03,-46.7619006E-03,+91.5890112E-03
+7.9783312E-03,+7.7062333E-03,-46.9941122E-03,+91.6012065E-03
+7.9786250E-03,+9.9491166E-03,-46.7752653E-03,+91.6182465E-03
+7.9789187E-03,+11.8898542E-03,-46.9022299E-03,+91.6182465E-03
+7.9792125E-03,+13.2665816E-03,-46.8537829E-03,+91.6182465E-03
+7.9795062E-03,+11.4260324E-03,-47.0459004E-03,+91.6139030E-03
+7.9798000E-03,+9.6271979E-03,-47.0375475E-03,+91.6025430E-03
+7.9800937E-03,+7.6235393E-03,-46.9757357E-03,+91.5981995E-03
+7.9803875E-03,+6.6457280E-03,-47.1945826E-03,+91.5911830E-03
+7.9806812E-03,+7.5305176E-03,-46.9807475E-03,+91.6025430E-03
+7.9809750E-03,+9.1184273E-03,-46.9105828E-03,+91.6003712E-03
+7.9812687E-03,+10.0535684E-03,-46.9590299E-03,+91.5925195E-03
+7.9815625E-03,+10.6115879E-03,-46.8320653E-03,+91.5911830E-03
+7.9818562E-03,+9.2619842E-03,-46.8587946E-03,+91.6025430E-03
+7.9821500E-03,+8.5670601E-03,-46.6967477E-03,+91.6003712E-03
+7.9824437E-03,+8.3121419E-03,-46.8019947E-03,+91.5903477E-03
+7.9827375E-03,+7.1023462E-03,-46.6098772E-03,+91.5855030E-03
+7.9830312E-03,+8.5162308E-03,-46.6616654E-03,+91.6003712E-03
+7.9833250E-03,+9.8076179E-03,-46.9022299E-03,+91.5990348E-03
+7.9836187E-03,+11.0794157E-03,-46.8320653E-03,+91.6060512E-03
+7.9839125E-03,+11.8093286E-03,-46.9239475E-03,+91.5990348E-03
+7.9842062E-03,+10.7483822E-03,-46.9105828E-03,+91.6082230E-03
+7.9845000E-03,+8.4839250E-03,-46.9155946E-03,+91.6090583E-03
+7.9847937E-03,+7.4082775E-03,-46.6533124E-03,+91.6195830E-03
+7.9850875E-03,+6.8601813E-03,-46.7318300E-03,+91.6025430E-03
+7.9853812E-03,+7.3386674E-03,-46.8320653E-03,+91.5981995E-03
+7.9856750E-03,+8.6565167E-03,-46.9456652E-03,+91.5933548E-03
+7.9859687E-03,+9.9236101E-03,-46.8153594E-03,+91.6060512E-03
+7.9862625E-03,+11.5545941E-03,-46.5614302E-03,+91.5990348E-03
+7.9865562E-03,+11.6689325E-03,-46.8320653E-03,+91.6103947E-03
+7.9868500E-03,+9.4141780E-03,-46.9239475E-03,+91.6060512E-03
+7.9871437E-03,+8.5070058E-03,-46.8888652E-03,+91.6012065E-03
+7.9874375E-03,+8.6963201E-03,-46.8370770E-03,+91.6160747E-03
+7.9877312E-03,+8.5174069E-03,-46.6399478E-03,+91.6103947E-03
+7.9880250E-03,+10.1654442E-03,-46.9323005E-03,+91.6082230E-03
+7.9883187E-03,+11.9763705E-03,-47.1027003E-03,+91.6090583E-03
+7.9886125E-03,+12.4712853E-03,-46.9941122E-03,+91.6195830E-03
+7.9889062E-03,+11.8315641E-03,-46.8404182E-03,+91.6025430E-03
+7.9892000E-03,+10.0176976E-03,-47.0726298E-03,+91.6003712E-03
+7.9894937E-03,+8.5829741E-03,-46.7669124E-03,+91.5946912E-03
+7.9897875E-03,+6.9220732E-03,-46.7535477E-03,+91.5968630E-03
+7.9900812E-03,+6.5838729E-03,-46.8888652E-03,+91.5981995E-03
+7.9903750E-03,+7.5507318E-03,-46.9239475E-03,+91.5911830E-03
+7.9906687E-03,+8.9995683E-03,-46.8671476E-03,+91.6003712E-03
+7.9909625E-03,+10.2382885E-03,-46.8454299E-03,+91.5946912E-03
+7.9912562E-03,+10.5621920E-03,-46.8755005E-03,+91.5946912E-03
+7.9915500E-03,+9.9694042E-03,-47.1244180E-03,+91.5968630E-03
+7.9918437E-03,+8.6635365E-03,-47.0943474E-03,+91.5960277E-03
+7.9921375E-03,+7.2141118E-03,-46.8454299E-03,+91.5833312E-03
+7.9924312E-03,+7.4332327E-03,-46.7669124E-03,+91.5968630E-03
+7.9927250E-03,+9.0700237E-03,-46.7318300E-03,+91.6025430E-03
+7.9930187E-03,+9.9538945E-03,-46.7669124E-03,+91.6047148E-03
+7.9933125E-03,+12.0490311E-03,-46.7101124E-03,+91.6082230E-03
+7.9936062E-03,+12.2023275E-03,-46.7318300E-03,+91.6003712E-03
+7.9939000E-03,+11.4335300E-03,-46.9189358E-03,+91.5968630E-03
+7.9941937E-03,+9.5612264E-03,-47.2380179E-03,+91.6047148E-03
+7.9944875E-03,+7.4813055E-03,-47.1160650E-03,+91.6060512E-03
+7.9947812E-03,+7.0222984E-03,-47.0108181E-03,+91.6012065E-03
+7.9950750E-03,+7.5456231E-03,-47.0726298E-03,+91.6160747E-03
+7.9953687E-03,+9.1370242E-03,-46.9189358E-03,+91.6082230E-03
+7.9956625E-03,+9.9494106E-03,-47.2163003E-03,+91.6025430E-03
+7.9959562E-03,+10.2394646E-03,-47.0592651E-03,+91.6025430E-03
+7.9962500E-03,+9.8245610E-03,-47.0108181E-03,+91.6090583E-03
+7.9965437E-03,+9.1456612E-03,-47.0943474E-03,+91.6217547E-03
+7.9968375E-03,+7.5629337E-03,-46.9323005E-03,+91.6103947E-03
+7.9971312E-03,+7.7354152E-03,-47.0158298E-03,+91.6060512E-03
+7.9974250E-03,+7.7524685E-03,-46.8755005E-03,+91.5968630E-03
+7.9977187E-03,+8.8845317E-03,-47.0809827E-03,+91.5981995E-03
+7.9980125E-03,+9.3818354E-03,-47.0676180E-03,+91.5933548E-03
+7.9983062E-03,+10.4359457E-03,-47.0074769E-03,+91.6103947E-03
+7.9986000E-03,+10.5425659E-03,-46.7051006E-03,+91.6147383E-03
+7.9988937E-03,+10.3991928E-03,-47.0375475E-03,+91.6217547E-03
+7.9991875E-03,+10.0469529E-03,-46.8671476E-03,+91.6082230E-03
+7.9994812E-03,+9.2225115E-03,-46.8454299E-03,+91.6025430E-03
+7.9997750E-03,+9.6217217E-03,-46.8103476E-03,+91.5938559E-03
+8.0000687E-03,+10.3370804E-03,-46.8237123E-03,+91.5798230E-03
+8.0003625E-03,+10.6665335E-03,-46.7101124E-03,+91.6025430E-03
+8.0006562E-03,+11.3534822E-03,-46.7318300E-03,+91.6003712E-03
+8.0009500E-03,+10.4615257E-03,-46.8320653E-03,+91.5990348E-03
+8.0012437E-03,+9.4580242E-03,-46.9456652E-03,+91.6082230E-03
+8.0015375E-03,+9.2525019E-03,-46.9022299E-03,+91.6003712E-03
+8.0018312E-03,+8.2849815E-03,-46.8320653E-03,+91.5946912E-03
+8.0021250E-03,+8.1468273E-03,-46.9022299E-03,+91.5990348E-03
+8.0024187E-03,+8.9679976E-03,-46.8320653E-03,+91.6103947E-03
+8.0027125E-03,+9.8544044E-03,-46.9239475E-03,+91.6082230E-03
+8.0030062E-03,+9.7606109E-03,-46.9323005E-03,+91.6068865E-03
+8.0033000E-03,+9.6647593E-03,-47.1027003E-03,+91.6139030E-03
+8.0035937E-03,+9.6720732E-03,-46.9723946E-03,+91.6025430E-03
+8.0038875E-03,+8.8355401E-03,-46.7184653E-03,+91.6068865E-03
+8.0041812E-03,+8.0867363E-03,-46.9022299E-03,+91.6160747E-03
+8.0044750E-03,+7.8035551E-03,-46.8103476E-03,+91.6038795E-03
+8.0047687E-03,+7.5999072E-03,-46.8888652E-03,+91.5911830E-03
+8.0050625E-03,+8.9754217E-03,-46.9456652E-03,+91.6047148E-03
+8.0053562E-03,+9.9090559E-03,-46.9456652E-03,+91.6082230E-03
+8.0056500E-03,+10.7067044E-03,-46.9239475E-03,+91.6068865E-03
+8.0059437E-03,+10.6825945E-03,-46.8888652E-03,+91.6182465E-03
+8.0062375E-03,+10.0556266E-03,-46.9022299E-03,+91.6139030E-03
+8.0065312E-03,+8.9426013E-03,-46.8103476E-03,+91.6047148E-03
+8.0068250E-03,+8.3417647E-03,-46.9105828E-03,+91.6082230E-03
+8.0071187E-03,+8.0797899E-03,-47.0459004E-03,+91.6003712E-03
+8.0074125E-03,+8.4040242E-03,-47.1244180E-03,+91.6012065E-03
+8.0077062E-03,+8.2758300E-03,-47.0726298E-03,+91.6139030E-03
+8.0080000E-03,+9.7919244E-03,-46.8755005E-03,+91.6047148E-03
+8.0082937E-03,+10.3652331E-03,-46.9941122E-03,+91.6060512E-03
+8.0085875E-03,+10.4290729E-03,-46.7101124E-03,+91.6012065E-03
+8.0088812E-03,+9.2666885E-03,-46.7318300E-03,+91.6204183E-03
+8.0091750E-03,+7.7408546E-03,-46.8103476E-03,+91.6217547E-03
+8.0094687E-03,+6.9608108E-03,-46.8454299E-03,+91.6038795E-03
+8.0097625E-03,+7.1664801E-03,-46.8103476E-03,+91.5933548E-03
+8.0100562E-03,+8.1974728E-03,-46.8671476E-03,+91.6103947E-03
+8.0103500E-03,+9.3729044E-03,-46.8019947E-03,+91.6147383E-03
+8.0106437E-03,+11.2338147E-03,-46.6750301E-03,+91.6217547E-03
+8.0109375E-03,+11.0967631E-03,-46.8320653E-03,+91.6017077E-03
+8.0112312E-03,+10.6936939E-03,-46.9456652E-03,+91.5898465E-03
+8.0115250E-03,+8.8031976E-03,-46.9673828E-03,+91.6182465E-03
+8.0118187E-03,+7.6564331E-03,-46.9807475E-03,+91.6117312E-03
+8.0121125E-03,+7.7008674E-03,-46.8454299E-03,+91.5968630E-03
+8.0124062E-03,+8.7751551E-03,-46.7886300E-03,+91.6025430E-03
+8.0127000E-03,+10.3985680E-03,-46.8537829E-03,+91.6025430E-03
+8.0129937E-03,+11.3229773E-03,-46.9807475E-03,+91.6047148E-03
+8.0132875E-03,+11.5975583E-03,-46.8671476E-03,+91.6082230E-03
+8.0135812E-03,+9.9530124E-03,-46.8888652E-03,+91.6047148E-03
+8.0138750E-03,+9.0197457E-03,-46.8805123E-03,+91.6060512E-03
+8.0141687E-03,+7.5517976E-03,-46.7101124E-03,+91.5968630E-03
+8.0144625E-03,+7.9715159E-03,-46.7752653E-03,+91.6047148E-03
+8.0147562E-03,+9.1362892E-03,-46.9673828E-03,+91.6125665E-03
+8.0150500E-03,+10.4448032E-03,-46.9590299E-03,+91.6160747E-03
+8.0153437E-03,+10.9930096E-03,-46.8320653E-03,+91.6125665E-03
+8.0156375E-03,+11.2777344E-03,-47.0108181E-03,+91.6160747E-03
+8.0159312E-03,+9.5091475E-03,-47.0509121E-03,+91.6038795E-03
+8.0162250E-03,+7.9696415E-03,-46.8404182E-03,+91.5911830E-03
+8.0165187E-03,+7.2714464E-03,-47.1595003E-03,+91.6047148E-03
+8.0168125E-03,+6.9189492E-03,-47.0809827E-03,+91.6060512E-03
+8.0171062E-03,+8.4024070E-03,-47.0241828E-03,+91.5990348E-03
+8.0174000E-03,+9.5508620E-03,-46.9807475E-03,+91.6082230E-03
+8.0176937E-03,+10.9109036E-03,-46.8888652E-03,+91.6047148E-03
+8.0179875E-03,+10.8437560E-03,-46.8587946E-03,+91.6125665E-03
+8.0182812E-03,+9.8697671E-03,-46.7184653E-03,+91.6160747E-03
+8.0185750E-03,+8.0150681E-03,-46.9456652E-03,+91.6060512E-03
+8.0188687E-03,+6.9753649E-03,-46.9673828E-03,+91.5990348E-03
+8.0191625E-03,+6.8485306E-03,-47.0241828E-03,+91.6082230E-03
+8.0194562E-03,+7.8068628E-03,-47.0024651E-03,+91.6047148E-03
+8.0197500E-03,+9.9781514E-03,-46.8587946E-03,+91.6060512E-03
+8.0200437E-03,+12.1019185E-03,-46.7184653E-03,+91.5968630E-03
+8.0203375E-03,+12.3916050E-03,-46.9239475E-03,+91.6025430E-03
+8.0206312E-03,+10.9509643E-03,-46.8671476E-03,+91.6047148E-03
+8.0209250E-03,+9.3831218E-03,-46.8671476E-03,+91.6103947E-03
+8.0212187E-03,+8.6206458E-03,-46.8454299E-03,+91.6060512E-03
+8.0215125E-03,+7.4861569E-03,-46.8320653E-03,+91.5968630E-03
+8.0218062E-03,+8.3982907E-03,-46.9239475E-03,+91.6003712E-03
+8.0221000E-03,+9.9185382E-03,-46.8237123E-03,+91.5946912E-03
+8.0223937E-03,+10.9926053E-03,-46.8404182E-03,+91.5968630E-03
+8.0226875E-03,+11.2855261E-03,-47.1377827E-03,+91.6003712E-03
+8.0229812E-03,+9.6743519E-03,-46.9807475E-03,+91.5946912E-03
+8.0232750E-03,+8.2094910E-03,-46.8671476E-03,+91.5968630E-03
+8.0235687E-03,+6.8428707E-03,-46.9323005E-03,+91.6047148E-03
+8.0238625E-03,+6.7591475E-03,-47.0375475E-03,+91.6082230E-03
+8.0241562E-03,+7.5943574E-03,-46.8888652E-03,+91.6068865E-03
+8.0244500E-03,+10.5210287E-03,-47.0108181E-03,+91.6182465E-03
+8.0247437E-03,+12.2653955E-03,-47.1595003E-03,+91.6160747E-03
+8.0250375E-03,+12.0511627E-03,-47.0809827E-03,+91.6103947E-03
+8.0253312E-03,+10.5521584E-03,-46.9373122E-03,+91.6082230E-03
+8.0256250E-03,+9.2568755E-03,-46.7535477E-03,+91.6025430E-03
+8.0259187E-03,+7.5363614E-03,-46.9105828E-03,+91.6025430E-03
+8.0262125E-03,+6.7401830E-03,-47.0024651E-03,+91.6025430E-03
+8.0265062E-03,+7.7637516E-03,-46.8805123E-03,+91.6047148E-03
+8.0268000E-03,+9.8264721E-03,-46.7535477E-03,+91.6103947E-03
+8.0270937E-03,+11.5218840E-03,-46.9105828E-03,+91.6103947E-03
+8.0273875E-03,+11.4729659E-03,-47.0241828E-03,+91.6125665E-03
+8.0276812E-03,+9.9889568E-03,-47.0459004E-03,+91.6139030E-03
+8.0279750E-03,+8.2057422E-03,-46.9506769E-03,+91.6003712E-03
+8.0282687E-03,+6.1951006E-03,-46.5965125E-03,+91.5925195E-03
+8.0285625E-03,+5.3863895E-03,-46.7535477E-03,+91.5911830E-03
+8.0288562E-03,+7.0819851E-03,-46.8888652E-03,+91.6090583E-03
+8.0291500E-03,+8.9707540E-03,-46.9456652E-03,+91.6195830E-03
+8.0294437E-03,+11.4765677E-03,-46.9456652E-03,+91.6025430E-03
+8.0297375E-03,+12.7317164E-03,-46.8805123E-03,+91.6090583E-03
+8.0300312E-03,+12.9673026E-03,-46.7535477E-03,+91.6174112E-03
+8.0303250E-03,+11.0467056E-03,-46.8671476E-03,+91.5968630E-03
+8.0306187E-03,+9.2472830E-03,-46.8454299E-03,+91.5981995E-03
+8.0309125E-03,+7.3598371E-03,-46.8103476E-03,+91.5933548E-03
+8.0312062E-03,+8.0062474E-03,-46.8888652E-03,+91.6082230E-03
+8.0315000E-03,+9.4482112E-03,-46.8805123E-03,+91.6068865E-03
+8.0317937E-03,+11.0453090E-03,-46.7752653E-03,+91.6139030E-03
+8.0320875E-03,+11.6504457E-03,-46.9456652E-03,+91.6047148E-03
+8.0323812E-03,+10.6864903E-03,-46.9239475E-03,+91.6060512E-03
+8.0326750E-03,+8.5211925E-03,-46.9323005E-03,+91.5990348E-03
+8.0329687E-03,+6.4657858E-03,-47.0592651E-03,+91.6147383E-03
+8.0332625E-03,+5.9985092E-03,-46.9022299E-03,+91.6239265E-03
+8.0335562E-03,+6.7429762E-03,-46.8537829E-03,+91.6139030E-03
+8.0338500E-03,+8.2063302E-03,-46.9807475E-03,+91.6068865E-03
+8.0341437E-03,+10.3778026E-03,-46.8454299E-03,+91.6160747E-03
+8.0344375E-03,+11.6497107E-03,-46.8103476E-03,+91.6147383E-03
+8.0347312E-03,+11.3715646E-03,-46.8454299E-03,+91.6239265E-03
+8.0350250E-03,+9.6332253E-03,-46.7669124E-03,+91.6204183E-03
+8.0353187E-03,+7.6297873E-03,-46.7318300E-03,+91.6239265E-03
+8.0356125E-03,+6.4155445E-03,-46.8972181E-03,+91.6139030E-03
+8.0359062E-03,+6.9670587E-03,-47.1595003E-03,+91.6047148E-03
+8.0362000E-03,+8.4955389E-03,-47.0592651E-03,+91.6082230E-03
+8.0364937E-03,+10.6287147E-03,-46.9673828E-03,+91.6025430E-03
+8.0367875E-03,+12.3544845E-03,-47.0241828E-03,+91.6112300E-03
+8.0370812E-03,+13.3390951E-03,-46.9373122E-03,+91.6252630E-03
+8.0373750E-03,+10.6284575E-03,-46.7969829E-03,+91.6047148E-03
+8.0376687E-03,+7.9956258E-03,-47.0024651E-03,+91.6082230E-03
+8.0379625E-03,+5.8033880E-03,-46.9239475E-03,+91.6047148E-03
+8.0382562E-03,+5.9462098E-03,-46.7802771E-03,+91.6060512E-03
+8.0385500E-03,+7.6846594E-03,-46.6616654E-03,+91.6012065E-03
+8.0388437E-03,+10.1262656E-03,-46.9022299E-03,+91.6204183E-03
+8.0391375E-03,+13.0757604E-03,-46.9189358E-03,+91.6195830E-03
+8.0394312E-03,+13.3406387E-03,-47.1511474E-03,+91.6068865E-03
+8.0397250E-03,+11.5647379E-03,-46.8888652E-03,+91.6139030E-03
+8.0400187E-03,+8.9628155E-03,-46.9673828E-03,+91.6047148E-03
+8.0403125E-03,+6.2630935E-03,-47.0241828E-03,+91.6103947E-03
+8.0406062E-03,+5.7050005E-03,-47.0024651E-03,+91.6125665E-03
+8.0409000E-03,+6.9575030E-03,-46.9891004E-03,+91.6160747E-03
+8.0411937E-03,+9.1872287E-03,-47.0592651E-03,+91.6147383E-03
+8.0414875E-03,+11.4121398E-03,-46.9239475E-03,+91.6217547E-03
+8.0417812E-03,+12.5577281E-03,-46.8671476E-03,+91.6125665E-03
+8.0420750E-03,+10.8812440E-03,-46.8454299E-03,+91.6139030E-03
+8.0423687E-03,+8.5776082E-03,-46.7234771E-03,+91.5960277E-03
+8.0426625E-03,+6.5492884E-03,-46.6399477E-03,+91.5855030E-03
+8.0429562E-03,+6.0195319E-03,-46.9323005E-03,+91.6003712E-03
+8.0432500E-03,+6.9606270E-03,-47.0375475E-03,+91.6012065E-03
+8.0435437E-03,+9.8498470E-03,-46.8888652E-03,+91.6117312E-03
+8.0438375E-03,+12.5675779E-03,-46.9022299E-03,+91.5990348E-03
+8.0441312E-03,+13.8733722E-03,-46.8320653E-03,+91.6103947E-03
+8.0444250E-03,+12.2058925E-03,-46.9673828E-03,+91.6060512E-03
+8.0447187E-03,+9.7157357E-03,-47.0241828E-03,+91.5968630E-03
+8.0450125E-03,+6.6676328E-03,-46.9807475E-03,+91.6003712E-03
+8.0453062E-03,+5.4280673E-03,-46.8237123E-03,+91.5968630E-03
+8.0456000E-03,+6.0022213E-03,-46.7101124E-03,+91.6047148E-03
+8.0458937E-03,+8.1186010E-03,-46.7969829E-03,+91.6082230E-03
+8.0461875E-03,+11.0625094E-03,-47.0024651E-03,+91.6003712E-03
+8.0464812E-03,+12.0160637E-03,-46.8805123E-03,+91.5990348E-03
+8.0467750E-03,+11.7336543E-03,-46.7101124E-03,+91.6125665E-03
+8.0470687E-03,+9.0283827E-03,-46.6883948E-03,+91.6117312E-03
+8.0473625E-03,+6.6793202E-03,-46.7401830E-03,+91.5925195E-03
+8.0476562E-03,+4.5289440E-03,-46.9155946E-03,+91.5933548E-03
+8.0479500E-03,+5.8903454E-03,-46.6750301E-03,+91.6038795E-03
+8.0482437E-03,+8.3824502E-03,-46.7886300E-03,+91.5933548E-03
+8.0485375E-03,+11.6924175E-03,-46.7451947E-03,+91.6103947E-03
+8.0488312E-03,+12.9769686E-03,-46.6750301E-03,+91.6060512E-03
+8.0491250E-03,+11.9802296E-03,-46.8320653E-03,+91.5968630E-03
+8.0494187E-03,+9.6616354E-03,-46.9239475E-03,+91.6068865E-03
+8.0497125E-03,+6.6151129E-03,-46.9540181E-03,+91.6139030E-03
+8.0500062E-03,+5.0271297E-03,-47.1377827E-03,+91.6025430E-03
+8.0503000E-03,+6.4912923E-03,-46.9807475E-03,+91.6003712E-03
+8.0505937E-03,+9.3321454E-03,-46.8019947E-03,+91.5968630E-03
+8.0508875E-03,+12.4794077E-03,-46.7184653E-03,+91.6025430E-03
+8.0511812E-03,+13.8712405E-03,-46.9022299E-03,+91.5981995E-03
+8.0514750E-03,+12.2220270E-03,-46.7886300E-03,+91.5933548E-03
+8.0517687E-03,+9.9851345E-03,-46.7234771E-03,+91.6060512E-03
+8.0520625E-03,+7.0124854E-03,-46.6616654E-03,+91.5990348E-03
+8.0523562E-03,+5.3779363E-03,-46.9673828E-03,+91.6017077E-03
+8.0526500E-03,+6.4705636E-03,-46.8938770E-03,+91.5855030E-03
+8.0529437E-03,+9.7931005E-03,-46.6399477E-03,+91.6047148E-03
+8.0532375E-03,+12.4149430E-03,-46.8019947E-03,+91.6103947E-03
+8.0535312E-03,+13.8516512E-03,-46.7836182E-03,+91.6060512E-03
+8.0538250E-03,+12.8071702E-03,-47.0943474E-03,+91.5946912E-03
+8.0541187E-03,+9.7937988E-03,-46.7368418E-03,+91.6012065E-03
+8.0544125E-03,+6.2602267E-03,-46.5263478E-03,+91.6160747E-03
+8.0547062E-03,+5.3859852E-03,-46.8237123E-03,+91.6060512E-03
+8.0550000E-03,+5.9162929E-03,-46.7535477E-03,+91.5990348E-03
+8.0552937E-03,+8.4472823E-03,-46.8237123E-03,+91.6082230E-03
+8.0555875E-03,+10.9605568E-03,-46.6666771E-03,+91.6003712E-03
+8.0558812E-03,+12.7381849E-03,-46.5965125E-03,+91.6012065E-03
+8.0561750E-03,+12.0799770E-03,-46.7535477E-03,+91.6073877E-03
+8.0564687E-03,+9.2304502E-03,-46.8454299E-03,+91.5833312E-03
+8.0567625E-03,+5.8932489E-03,-46.8320653E-03,+91.5968630E-03
+8.0570562E-03,+4.5719082E-03,-46.9456652E-03,+91.6068865E-03
+8.0573500E-03,+5.6800085E-03,-46.9239475E-03,+91.6182465E-03
+8.0576437E-03,+8.0326727E-03,-46.8019947E-03,+91.6139030E-03
+8.0579375E-03,+11.8290649E-03,-46.7401830E-03,+91.6047148E-03
+8.0582312E-03,+13.6964069E-03,-46.9807475E-03,+91.6082230E-03
+8.0585250E-03,+12.7882424E-03,-46.8454299E-03,+91.6025430E-03
+8.0588187E-03,+10.7144225E-03,-46.7886300E-03,+91.5981995E-03
+8.0591125E-03,+8.5157163E-03,-46.8103476E-03,+91.5911830E-03
+8.0594062E-03,+6.3442806E-03,-46.8454299E-03,+91.6025430E-03
+8.0597000E-03,+6.2507812E-03,-46.7451947E-03,+91.6025430E-03
+8.0599937E-03,+7.6161519E-03,-46.7401830E-03,+91.6003712E-03
+8.0602875E-03,+10.3432916E-03,-46.9373122E-03,+91.6012065E-03
+8.0605812E-03,+12.3867168E-03,-46.6883948E-03,+91.6095595E-03
+8.0608750E-03,+11.9260558E-03,-46.6098772E-03,+91.5933548E-03
+8.0611687E-03,+10.2067546E-03,-46.5747949E-03,+91.6038795E-03
+8.0614625E-03,+8.0228230E-03,-46.6315948E-03,+91.5868395E-03
+8.0617562E-03,+6.8817185E-03,-46.6315948E-03,+91.5955265E-03
+8.0620500E-03,+6.9244254E-03,-46.7401830E-03,+91.6117312E-03
+8.0623437E-03,+8.1299209E-03,-46.9155946E-03,+91.5946912E-03
+8.0626375E-03,+10.5998637E-03,-46.6533124E-03,+91.5968630E-03
+8.0629312E-03,+11.8939705E-03,-46.7318300E-03,+91.6025430E-03
+8.0632250E-03,+11.9466007E-03,-46.7017595E-03,+91.5960277E-03
+8.0635187E-03,+9.8241935E-03,-46.5397125E-03,+91.5833312E-03
+8.0638125E-03,+7.8708864E-03,-46.7969829E-03,+91.5925195E-03
+8.0641062E-03,+5.9408072E-03,-47.0024651E-03,+91.5911830E-03
+8.0644000E-03,+5.8706826E-03,-46.9022299E-03,+91.6003712E-03
+8.0646937E-03,+7.3994568E-03,-46.7451947E-03,+91.5946912E-03
+8.0649875E-03,+10.1740077E-03,-46.6533124E-03,+91.5946912E-03
+8.0652812E-03,+12.5121545E-03,-46.6666771E-03,+91.5946912E-03
+8.0655750E-03,+12.6531755E-03,-46.6833830E-03,+91.5925195E-03
+8.0658687E-03,+11.3709766E-03,-46.9373122E-03,+91.5955265E-03
+8.0661625E-03,+9.2705844E-03,-46.7535477E-03,+91.6117312E-03
+8.0664562E-03,+7.5392649E-03,-46.8454299E-03,+91.5946912E-03
+8.0667500E-03,+6.4623678E-03,-46.7017595E-03,+91.5946912E-03
+8.0670437E-03,+6.7532303E-03,-46.6048654E-03,+91.5990348E-03
+8.0673375E-03,+9.5670701E-03,-46.8805123E-03,+91.6082230E-03
+8.0676312E-03,+11.5986976E-03,-46.7318300E-03,+91.6090583E-03
+8.0679250E-03,+12.1885451E-03,-46.8320653E-03,+91.6195830E-03
+8.0682187E-03,+11.0673975E-03,-46.8805123E-03,+91.6090583E-03
+8.0685125E-03,+9.6692065E-03,-46.7535477E-03,+91.6174112E-03
+8.0688062E-03,+7.7192806E-03,-46.8019947E-03,+91.5968630E-03
+8.0691000E-03,+6.7374266E-03,-46.6098772E-03,+91.6047148E-03
+8.0693937E-03,+7.0510024E-03,-46.5965125E-03,+91.6038795E-03
+8.0696875E-03,+9.2956866E-03,-46.7969829E-03,+91.5933548E-03
+8.0699812E-03,+11.1685415E-03,-46.9373122E-03,+91.6125665E-03
+8.0702750E-03,+11.9085247E-03,-46.7535477E-03,+91.6117312E-03
+8.0705687E-03,+11.2248838E-03,-46.9323005E-03,+91.5990348E-03
+8.0708625E-03,+9.2169619E-03,-47.0375475E-03,+91.6017077E-03
+8.0711562E-03,+6.9570987E-03,-46.8454299E-03,+91.5833312E-03
+8.0714500E-03,+5.9248564E-03,-46.7886300E-03,+91.5968630E-03
+8.0717437E-03,+6.7937320E-03,-46.8537829E-03,+91.6025430E-03
+8.0720375E-03,+8.7664814E-03,-47.0459004E-03,+91.6025430E-03
+8.0723312E-03,+10.7178405E-03,-46.9941122E-03,+91.6112300E-03
+8.0726250E-03,+12.8434085E-03,-46.7318300E-03,+91.6274347E-03
+8.0729187E-03,+12.5617342E-03,-46.8320653E-03,+91.6060512E-03
+8.0732125E-03,+10.2942265E-03,-46.8587946E-03,+91.5990348E-03
+8.0735062E-03,+7.8198366E-03,-46.6750301E-03,+91.6082230E-03
+8.0738000E-03,+6.5176441E-03,-46.8537829E-03,+91.5981995E-03
+8.0740937E-03,+6.7789941E-03,-47.0241828E-03,+91.5933548E-03
+8.0743875E-03,+8.2858635E-03,-47.0024651E-03,+91.6103947E-03
+8.0746812E-03,+11.4290462E-03,-46.9239475E-03,+91.6103947E-03
+8.0749750E-03,+13.3676888E-03,-46.8237123E-03,+91.6038795E-03
+8.0752687E-03,+13.2398990E-03,-46.7535477E-03,+91.5933548E-03
+8.0755625E-03,+10.6128375E-03,-46.8888652E-03,+91.6060512E-03
+8.0758562E-03,+7.8421456E-03,-46.8587946E-03,+91.5925195E-03
+8.0761500E-03,+5.9003055E-03,-46.6098772E-03,+91.5933548E-03
+8.0764437E-03,+6.1391994E-03,-46.6182301E-03,+91.6125665E-03
+8.0767375E-03,+7.6817926E-03,-46.7669124E-03,+91.6160747E-03
+8.0770312E-03,+10.6490391E-03,-46.7752653E-03,+91.6147383E-03
+8.0773250E-03,+12.4351204E-03,-46.8370770E-03,+91.6217547E-03
+8.0776187E-03,+11.9905939E-03,-46.6399477E-03,+91.6082230E-03
+8.0779125E-03,+9.9972630E-03,-46.8237123E-03,+91.5960277E-03
+8.0782062E-03,+7.4285284E-03,-46.6666771E-03,+91.5833312E-03
+8.0785000E-03,+5.3064887E-03,-46.7051006E-03,+91.5990348E-03
+8.0787937E-03,+4.8336991E-03,-47.1027003E-03,+91.6060512E-03
+8.0790875E-03,+7.6553305E-03,-47.0158298E-03,+91.5990348E-03
+8.0793812E-03,+10.4873630E-03,-46.8103476E-03,+91.6125665E-03
+8.0796750E-03,+12.9606871E-03,-46.8019947E-03,+91.6117312E-03
+8.0799687E-03,+13.0536352E-03,-46.7836182E-03,+91.5925195E-03
+8.0802625E-03,+11.1292159E-03,-47.0943474E-03,+91.5933548E-03
+8.0805562E-03,+9.1632659E-03,-46.8671476E-03,+91.6082230E-03
+8.0808500E-03,+6.5868499E-03,-46.9323005E-03,+91.6047148E-03
+8.0811437E-03,+4.8855575E-03,-47.0375475E-03,+91.6082230E-03
+8.0814375E-03,+6.0879291E-03,-46.8237123E-03,+91.6025430E-03
+8.0817312E-03,+8.9735473E-03,-46.6883948E-03,+91.6090583E-03
+8.0820250E-03,+12.3298233E-03,-46.6967477E-03,+91.6174112E-03
+8.0823187E-03,+12.9837679E-03,-46.8888652E-03,+91.5968630E-03
+8.0826125E-03,+10.4954119E-03,-46.9456652E-03,+91.6003712E-03
+8.0829062E-03,+7.9562634E-03,-46.8587946E-03,+91.5946912E-03
+8.0832000E-03,+5.9110373E-03,-46.7401830E-03,+91.5968630E-03
+8.0834937E-03,+5.7860774E-03,-46.9807475E-03,+91.6068865E-03
+8.0837875E-03,+7.1088882E-03,-46.8888652E-03,+91.6160747E-03
+8.0840812E-03,+9.5139621E-03,-47.0108181E-03,+91.6082230E-03
+8.0843750E-03,+12.5994427E-03,-47.1160650E-03,+91.6025430E-03
+8.0846687E-03,+13.8206317E-03,-46.8805123E-03,+91.5981995E-03
+8.0849625E-03,+11.9785390E-03,-46.7318300E-03,+91.5868395E-03
+8.0852562E-03,+9.0760512E-03,-46.8972181E-03,+91.5846677E-03
+8.0855500E-03,+6.9135833E-03,-47.0726298E-03,+91.5855030E-03
+8.0858437E-03,+5.9337506E-03,-46.7886300E-03,+91.6003712E-03
+8.0861375E-03,+6.5760445E-03,-46.8755005E-03,+91.5990348E-03
+8.0864312E-03,+9.4879043E-03,-47.0375475E-03,+91.6038795E-03
+8.0867250E-03,+12.3155632E-03,-46.8454299E-03,+91.5868395E-03
+8.0870187E-03,+12.7272326E-03,-46.8537829E-03,+91.5868395E-03
+8.0873125E-03,+11.1293262E-03,-46.9807475E-03,+91.5911830E-03
+8.0876062E-03,+9.1870817E-03,-46.8888652E-03,+91.6003712E-03
+8.0879000E-03,+6.7660203E-03,-46.9456652E-03,+91.5925195E-03
+8.0881937E-03,+5.7200692E-03,-46.9456652E-03,+91.5868395E-03
+8.0884875E-03,+6.9225510E-03,-46.9239475E-03,+91.5890112E-03
+8.0887812E-03,+9.3790054E-03,-46.8888652E-03,+91.5968630E-03
+8.0890750E-03,+12.6355340E-03,-46.9022299E-03,+91.6047148E-03
+8.0893687E-03,+13.3749292E-03,-46.7886300E-03,+91.6082230E-03
+8.0896625E-03,+12.3584171E-03,-46.8537829E-03,+91.6003712E-03
+8.0899562E-03,+9.2799564E-03,-47.0024651E-03,+91.5946912E-03
+8.0902500E-03,+7.1211637E-03,-47.0108181E-03,+91.6012065E-03
+8.0905437E-03,+6.0349681E-03,-47.0509121E-03,+91.6182465E-03
+8.0908375E-03,+6.8510665E-03,-46.7101124E-03,+91.6139030E-03
+8.0911312E-03,+9.3252727E-03,-46.7318300E-03,+91.6047148E-03
+8.0914250E-03,+11.0760344E-03,-46.8320653E-03,+91.6103947E-03
+8.0917187E-03,+11.7414459E-03,-46.8587946E-03,+91.6125665E-03
+8.0920125E-03,+11.1774725E-03,-46.6315948E-03,+91.6182465E-03
+8.0923062E-03,+9.4611115E-03,-46.7619006E-03,+91.6095595E-03
+8.0926000E-03,+7.9472222E-03,-47.0592651E-03,+91.5890112E-03
+8.0928937E-03,+6.5313530E-03,-46.9673828E-03,+91.5946912E-03
+8.0931875E-03,+6.0751758E-03,-46.9807475E-03,+91.5968630E-03
+8.0934812E-03,+7.3098532E-03,-46.8237123E-03,+91.5981995E-03
+8.0937750E-03,+9.8318381E-03,-46.8404182E-03,+91.5890112E-03
+8.0940687E-03,+11.8098431E-03,-47.1160650E-03,+91.5990348E-03
+8.0943625E-03,+12.7138913E-03,-46.8805123E-03,+91.6082230E-03
+8.0946562E-03,+11.5778587E-03,-46.7969829E-03,+91.6047148E-03
+8.0949500E-03,+8.9875134E-03,-46.9807475E-03,+91.6060512E-03
+8.0952437E-03,+6.8582334E-03,-46.9757357E-03,+91.5946912E-03
+8.0955375E-03,+6.5294418E-03,-47.3031708E-03,+91.5946912E-03
+8.0958312E-03,+7.8659982E-03,-47.2647473E-03,+91.6012065E-03
+8.0961250E-03,+10.8340165E-03,-46.7585594E-03,+91.6182465E-03
+8.0964187E-03,+12.5102434E-03,-46.6048654E-03,+91.6160747E-03
+8.0967125E-03,+12.9513518E-03,-46.9891004E-03,+91.6082230E-03
+8.0970062E-03,+11.3342604E-03,-46.9941122E-03,+91.6003712E-03
+8.0973000E-03,+8.6648228E-03,-46.7101124E-03,+91.5946912E-03
+8.0975937E-03,+6.6007057E-03,-46.7752653E-03,+91.5990348E-03
+8.0978875E-03,+5.1562427E-03,-46.9456652E-03,+91.6082230E-03
+8.0981812E-03,+6.5428199E-03,-46.9891004E-03,+91.5981995E-03
+8.0984750E-03,+9.6102547E-03,-47.0809827E-03,+91.5890112E-03
+8.0987687E-03,+11.7865785E-03,-46.9807475E-03,+91.5946912E-03
+8.0990625E-03,+12.6330349E-03,-46.8671476E-03,+91.5946912E-03
+8.0993562E-03,+11.5246773E-03,-46.8671476E-03,+91.5990348E-03
+8.0996500E-03,+8.8985714E-03,-46.8671476E-03,+91.6017077E-03
+8.0999437E-03,+6.6885452E-03,-46.8671476E-03,+91.5811595E-03
+8.1002375E-03,+5.1746559E-03,-46.8454299E-03,+91.5955265E-03
+8.1005312E-03,+6.3199869E-03,-46.8537829E-03,+91.6139030E-03
+8.1008250E-03,+9.6940881E-03,-46.9590299E-03,+91.6003712E-03
+8.1011187E-03,+12.8449521E-03,-46.8537829E-03,+91.5946912E-03
+8.1014125E-03,+14.8184366E-03,-47.0024651E-03,+91.5990348E-03
+8.1017062E-03,+13.1752874E-03,-46.9456652E-03,+91.6038795E-03
+8.1020000E-03,+9.5964357E-03,-46.9891004E-03,+91.5868395E-03
+8.1022937E-03,+6.3283299E-03,-47.0375475E-03,+91.5955265E-03
+8.1025875E-03,+4.8146612E-03,-46.8671476E-03,+91.6095595E-03
+8.1028812E-03,+5.3606257E-03,-46.8454299E-03,+91.5868395E-03
+8.1031750E-03,+8.1138966E-03,-46.8537829E-03,+91.5890112E-03
+8.1034687E-03,+11.1721800E-03,-46.9807475E-03,+91.5968630E-03
+8.1037625E-03,+13.6824408E-03,-46.8237123E-03,+91.6025430E-03
+8.1040562E-03,+12.6511173E-03,-46.7969829E-03,+91.6025430E-03
+8.1043500E-03,+9.8189746E-03,-47.0024651E-03,+91.6003712E-03
+8.1046437E-03,+7.7569524E-03,-46.9022299E-03,+91.5903477E-03
+8.1049375E-03,+6.2288030E-03,-46.8320653E-03,+91.5833312E-03
+8.1052312E-03,+6.4766279E-03,-46.9022299E-03,+91.5946912E-03
+8.1055250E-03,+8.9938349E-03,-46.7234771E-03,+91.5946912E-03
+8.1058187E-03,+11.6193160E-03,-46.6616654E-03,+91.5990348E-03
+8.1061125E-03,+13.5986441E-03,-46.9239475E-03,+91.6060512E-03
+8.1064062E-03,+13.2929334E-03,-46.8888652E-03,+91.5925195E-03
+8.1067000E-03,+10.2854426E-03,-46.8587946E-03,+91.5846677E-03
+8.1069937E-03,+7.4513151E-03,-46.7184653E-03,+91.5811595E-03
+8.1072875E-03,+6.1994007E-03,-46.9456652E-03,+91.5868395E-03
+8.1075812E-03,+5.9673060E-03,-46.9673828E-03,+91.5911830E-03
+8.1078750E-03,+8.2555424E-03,-46.9807475E-03,+91.5981995E-03
+8.1081687E-03,+11.4096774E-03,-46.8888652E-03,+91.5868395E-03
+8.1084625E-03,+13.7418335E-03,-47.0108181E-03,+91.5911830E-03
+8.1087562E-03,+13.6426374E-03,-47.1160650E-03,+91.6025430E-03
+8.1090500E-03,+10.5968500E-03,-46.9239475E-03,+91.6003712E-03
+8.1093437E-03,+7.5666090E-03,-46.9540181E-03,+91.5881759E-03
+8.1096375E-03,+5.8044906E-03,-47.1160650E-03,+91.5776512E-03
+8.1099312E-03,+6.0537856E-03,-46.9673828E-03,+91.5925195E-03
+8.1102250E-03,+8.7001056E-03,-46.9373122E-03,+91.5868395E-03
+8.1105187E-03,+12.1535931E-03,-46.7535477E-03,+91.5911830E-03
+8.1108125E-03,+13.5552022E-03,-46.8888652E-03,+91.6025430E-03
+8.1111062E-03,+12.6507498E-03,-46.9891004E-03,+91.5960277E-03
+8.1114000E-03,+10.3049951E-03,-47.0158298E-03,+91.5855030E-03
+8.1116937E-03,+7.3730682E-03,-46.8972181E-03,+91.5981995E-03
+8.1119875E-03,+5.7867390E-03,-47.0291945E-03,+91.5933548E-03
+8.1122812E-03,+5.6841616E-03,-46.6750301E-03,+91.6125665E-03
+8.1125750E-03,+7.5004170E-03,-46.8103476E-03,+91.6073877E-03
+8.1128687E-03,+9.9917867E-03,-46.8671476E-03,+91.5768159E-03
+8.1131625E-03,+10.7358495E-03,-46.9323005E-03,+91.5754795E-03
+8.1134562E-03,+10.9420333E-03,-47.0158298E-03,+91.5911830E-03
+8.1137500E-03,+9.3737865E-03,-46.8755005E-03,+91.5960277E-03
+8.1140437E-03,+7.2008073E-03,-47.0809827E-03,+91.5855030E-03
+8.1143375E-03,+5.7853056E-03,-47.0676180E-03,+91.6047148E-03
+8.1146312E-03,+6.1604058E-03,-47.0943474E-03,+91.6017077E-03
+8.1149250E-03,+8.5465887E-03,-46.8888652E-03,+91.5789877E-03
+8.1152187E-03,+11.9269011E-03,-46.9456652E-03,+91.5855030E-03
+8.1155125E-03,+14.2779482E-03,-46.9239475E-03,+91.6025430E-03
+8.1158062E-03,+13.8108555E-03,-46.8237123E-03,+91.6047148E-03
+8.1161000E-03,+11.5062273E-03,-46.7318300E-03,+91.6038795E-03
+8.1163937E-03,+8.9095605E-03,-46.8103476E-03,+91.5911830E-03
+8.1166875E-03,+7.3467164E-03,-46.8888652E-03,+91.5960277E-03
+8.1169812E-03,+6.6032049E-03,-46.9891004E-03,+91.5833312E-03
+8.1172750E-03,+8.4588595E-03,-47.0592651E-03,+91.5990348E-03
+8.1175687E-03,+10.6546990E-03,-46.9022299E-03,+91.5995359E-03
+8.1178625E-03,+12.0768898E-03,-46.8320653E-03,+91.5819948E-03
+8.1181562E-03,+12.0538457E-03,-47.0108181E-03,+91.6082230E-03
+8.1184500E-03,+9.8705757E-03,-47.0726298E-03,+91.6003712E-03
+8.1187437E-03,+8.0586203E-03,-46.8320653E-03,+91.5903477E-03
+8.1190375E-03,+6.6879571E-03,-46.9891004E-03,+91.5811595E-03
+8.1193312E-03,+6.5238921E-03,-47.1461356E-03,+91.5824959E-03
+8.1196250E-03,+7.7284688E-03,-47.1511474E-03,+91.5798230E-03
+8.1199187E-03,+9.9445960E-03,-46.8454299E-03,+91.6003712E-03
+8.1202125E-03,+11.9537675E-03,-46.7234771E-03,+91.5925195E-03
+8.1205062E-03,+12.2874840E-03,-46.5530772E-03,+91.5824959E-03
+8.1208000E-03,+11.3233816E-03,-46.6399477E-03,+91.5863383E-03
+8.1210937E-03,+8.6695272E-03,-46.9323005E-03,+91.6195830E-03
+8.1213875E-03,+7.3182696E-03,-47.1244180E-03,+91.6025430E-03
+8.1216812E-03,+6.6160684E-03,-47.1595003E-03,+91.6025430E-03
+8.1219750E-03,+6.5462011E-03,-47.0809827E-03,+91.6025430E-03
+8.1222687E-03,+7.9748236E-03,-47.0024651E-03,+91.5981995E-03
+8.1225625E-03,+9.6283372E-03,-46.9673828E-03,+91.5890112E-03
+8.1228562E-03,+11.2275299E-03,-47.0024651E-03,+91.5968630E-03
+8.1231500E-03,+11.0897800E-03,-46.9456652E-03,+91.6003712E-03
+8.1234437E-03,+9.1563196E-03,-47.0325357E-03,+91.5968630E-03
+8.1237375E-03,+6.9441617E-03,-47.1945826E-03,+91.6047148E-03
+8.1240312E-03,+6.7750248E-03,-47.0459004E-03,+91.6082230E-03
+8.1243250E-03,+7.6968246E-03,-47.0375475E-03,+91.5981995E-03
+8.1246187E-03,+9.0870403E-03,-46.8888652E-03,+91.5933548E-03
+8.1249125E-03,+10.9313750E-03,-47.0108181E-03,+91.6060512E-03
+8.1252062E-03,+12.4924917E-03,-47.0726298E-03,+91.5990348E-03
+8.1255000E-03,+12.2145662E-03,-46.8755005E-03,+91.6103947E-03
+8.1257937E-03,+10.1451567E-03,-47.0375475E-03,+91.6060512E-03
+8.1260875E-03,+7.5219543E-03,-46.8671476E-03,+91.5968630E-03
+8.1263812E-03,+6.0165182E-03,-46.9323005E-03,+91.6047148E-03
+8.1266750E-03,+6.6998651E-03,-47.1027003E-03,+91.6060512E-03
+8.1269687E-03,+8.2996091E-03,-47.0158298E-03,+91.5990348E-03
+8.1272625E-03,+10.5520114E-03,-46.8972181E-03,+91.6038795E-03
+8.1275562E-03,+12.8102941E-03,-47.0943474E-03,+91.5890112E-03
+8.1278500E-03,+12.3145709E-03,-46.8888652E-03,+91.5860042E-03
+8.1281437E-03,+9.9083944E-03,-46.9673828E-03,+91.5697995E-03
+8.1284375E-03,+7.7122608E-03,-47.0024651E-03,+91.5933548E-03
+8.1287312E-03,+6.0070727E-03,-46.9239475E-03,+91.6017077E-03
+8.1290250E-03,+5.8799076E-03,-46.8454299E-03,+91.5876748E-03
+8.1293187E-03,+8.2368719E-03,-46.7234771E-03,+91.6017077E-03
+8.1296125E-03,+11.1880205E-03,-46.6399477E-03,+91.5811595E-03
+8.1299062E-03,+13.0830008E-03,-46.8454299E-03,+91.5890112E-03
+8.1302000E-03,+12.6328511E-03,-46.8320653E-03,+91.6033783E-03
+8.1304937E-03,+9.9491901E-03,-46.9673828E-03,+91.6195830E-03
+8.1307875E-03,+7.6921570E-03,-46.9590299E-03,+91.6003712E-03
+8.1310812E-03,+5.2556594E-03,-46.8537829E-03,+91.5968630E-03
+8.1313750E-03,+5.2127687E-03,-47.0459004E-03,+91.6025430E-03
+8.1316687E-03,+6.4084145E-03,-47.0375475E-03,+91.6068865E-03
+8.1319625E-03,+8.8397667E-03,-46.8237123E-03,+91.6073877E-03
+8.1322562E-03,+10.7407376E-03,-46.7101124E-03,+91.5833312E-03
+8.1325500E-03,+11.7281046E-03,-46.8187006E-03,+91.5968630E-03
+8.1328437E-03,+10.4342183E-03,-47.0375475E-03,+91.5981995E-03
+8.1331375E-03,+8.1068034E-03,-46.9540181E-03,+91.5955265E-03
+8.1334312E-03,+6.4230054E-03,-47.0726298E-03,+91.6095595E-03
+8.1337250E-03,+6.2406742E-03,-46.8320653E-03,+91.5911830E-03
+8.1340187E-03,+8.8836864E-03,-46.9673828E-03,+91.6025430E-03
+8.1343125E-03,+10.4915528E-03,-46.9807475E-03,+91.6090583E-03
+8.1346062E-03,+12.7104365E-03,-46.8671476E-03,+91.6217547E-03
+8.1349000E-03,+13.7033899E-03,-46.8454299E-03,+91.6038795E-03
+8.1351937E-03,+12.3422458E-03,-46.8755005E-03,+91.5890112E-03
+8.1354875E-03,+9.2207107E-03,-47.0158298E-03,+91.6012065E-03
+8.1357812E-03,+6.7382351E-03,-46.8320653E-03,+91.6160747E-03
+8.1360750E-03,+5.2007137E-03,-46.9456652E-03,+91.6060512E-03
+8.1363687E-03,+6.5914807E-03,-46.9891004E-03,+91.5946912E-03
+8.1366625E-03,+8.6175586E-03,-47.0809827E-03,+91.5925195E-03
+8.1369562E-03,+10.9632765E-03,-47.0024651E-03,+91.5911830E-03
+8.1372500E-03,+12.7419705E-03,-46.9022299E-03,+91.6047148E-03
+8.1375437E-03,+11.9594275E-03,-46.8103476E-03,+91.6060512E-03
+8.1378375E-03,+8.5246472E-03,-46.8237123E-03,+91.5946912E-03
+8.1381312E-03,+6.2997361E-03,-46.8187006E-03,+91.5946912E-03
+8.1384250E-03,+5.8260646E-03,-47.1027003E-03,+91.5946912E-03
+8.1387187E-03,+6.9600389E-03,-47.0375475E-03,+91.5946912E-03
+8.1390125E-03,+9.5424456E-03,-46.9540181E-03,+91.5903477E-03
+8.1393062E-03,+11.4037234E-03,-47.0943474E-03,+91.5855030E-03
+8.1396000E-03,+12.4094669E-03,-46.8671476E-03,+91.6003712E-03
+8.1398937E-03,+12.3852467E-03,-46.8454299E-03,+91.5968630E-03
+8.1401875E-03,+10.2355321E-03,-46.8103476E-03,+91.6025430E-03
+8.1404812E-03,+7.6394533E-03,-46.8454299E-03,+91.6025430E-03
+8.1407750E-03,+6.7369120E-03,-46.8320653E-03,+91.6047148E-03
+8.1410687E-03,+6.8275447E-03,-46.8805123E-03,+91.6147383E-03
+8.1413625E-03,+8.2212151E-03,-46.7535477E-03,+91.6174112E-03
+8.1416562E-03,+10.2332534E-03,-46.8454299E-03,+91.5881759E-03
+8.1419500E-03,+11.6422498E-03,-46.7886300E-03,+91.5798230E-03
+8.1422437E-03,+10.8196094E-03,-46.7669124E-03,+91.6003712E-03
+8.1425375E-03,+9.2310382E-03,-46.7969829E-03,+91.5968630E-03
+8.1428312E-03,+7.2291070E-03,-47.0241828E-03,+91.6003712E-03
+8.1431250E-03,+6.0429435E-03,-46.9373122E-03,+91.5968630E-03
+8.1434187E-03,+6.9162295E-03,-46.7752653E-03,+91.5981995E-03
+8.1437125E-03,+9.3779028E-03,-46.9673828E-03,+91.5976983E-03
+8.1440062E-03,+12.0004805E-03,-47.0024651E-03,+91.6174112E-03
+8.1443000E-03,+12.9935074E-03,-46.9239475E-03,+91.5968630E-03
+8.1445937E-03,+12.3626069E-03,-46.8888652E-03,+91.6025430E-03
+8.1448875E-03,+10.2303867E-03,-46.9673828E-03,+91.6047148E-03
+8.1451812E-03,+7.4692873E-03,-46.9155946E-03,+91.6125665E-03
+8.1454750E-03,+5.5346507E-03,-46.6967477E-03,+91.6117312E-03
+8.1457687E-03,+5.8384503E-03,-46.9105828E-03,+91.5968630E-03
+8.1460625E-03,+8.1474888E-03,-46.9373122E-03,+91.6090583E-03
+8.1463562E-03,+10.1381368E-03,-46.7752653E-03,+91.6130677E-03
+8.1466500E-03,+11.3836563E-03,-46.9022299E-03,+91.5855030E-03
+8.1469437E-03,+11.1495035E-03,-46.7886300E-03,+91.6047148E-03
+8.1472375E-03,+9.4487625E-03,-46.8103476E-03,+91.6103947E-03
+8.1475312E-03,+7.4792474E-03,-46.8671476E-03,+91.6060512E-03
+8.1478250E-03,+6.5413865E-03,-46.8888652E-03,+91.5946912E-03
+8.1481187E-03,+7.2360166E-03,-46.9239475E-03,+91.5925195E-03
+8.1484125E-03,+8.7814765E-03,-46.9105828E-03,+91.5911830E-03
+8.1487062E-03,+11.2090432E-03,-46.9155946E-03,+91.6025430E-03
+8.1490000E-03,+12.7335173E-03,-46.6967477E-03,+91.5938559E-03
+8.1492937E-03,+12.7644265E-03,-46.8454299E-03,+91.5776512E-03
+8.1495875E-03,+11.5202669E-03,-46.7886300E-03,+91.5990348E-03
+8.1498812E-03,+8.8205817E-03,-46.8103476E-03,+91.6060512E-03
+8.1501750E-03,+7.4530793E-03,-46.8671476E-03,+91.5946912E-03
+8.1504687E-03,+7.4399585E-03,-46.8454299E-03,+91.5925195E-03
+8.1507625E-03,+8.1127205E-03,-46.7669124E-03,+91.5933548E-03
+8.1510562E-03,+9.8607258E-03,-46.7318300E-03,+91.6082230E-03
+8.1513500E-03,+11.7424015E-03,-46.7886300E-03,+91.5981995E-03
+8.1516437E-03,+12.0795727E-03,-46.8537829E-03,+91.5890112E-03
+8.1519375E-03,+10.3654904E-03,-46.9155946E-03,+91.5946912E-03
+8.1522312E-03,+8.4571321E-03,-46.7401830E-03,+91.5903477E-03
+8.1525250E-03,+6.1530552E-03,-47.0024651E-03,+91.5811595E-03
+8.1528187E-03,+5.2231698E-03,-46.9022299E-03,+91.5868395E-03
+8.1531125E-03,+6.2239148E-03,-46.7451947E-03,+91.5890112E-03
+8.1534062E-03,+8.6926448E-03,-46.7184653E-03,+91.5968630E-03
+8.1537000E-03,+10.9649671E-03,-46.9022299E-03,+91.6003712E-03
+8.1539937E-03,+11.6113406E-03,-46.7669124E-03,+91.5925195E-03
+8.1542875E-03,+10.5483361E-03,-46.7318300E-03,+91.5890112E-03
+8.1545812E-03,+9.3228102E-03,-46.8103476E-03,+91.5903477E-03
+8.1548750E-03,+7.8608161E-03,-46.8888652E-03,+91.5811595E-03
+8.1551687E-03,+7.4259189E-03,-46.9673828E-03,+91.5933548E-03
+8.1554625E-03,+8.0742770E-03,-46.9807475E-03,+91.6082230E-03
+8.1557562E-03,+10.1565500E-03,-46.8888652E-03,+91.5960277E-03
+8.1560500E-03,+11.2619674E-03,-46.9022299E-03,+91.5876748E-03
+8.1563437E-03,+11.3395896E-03,-46.8537829E-03,+91.6060512E-03
+8.1566375E-03,+11.1830222E-03,-47.0676180E-03,+91.5968630E-03
+8.1569312E-03,+9.5220110E-03,-47.0726298E-03,+91.6003712E-03
+8.1572250E-03,+8.2053379E-03,-46.8320653E-03,+91.5903477E-03
+8.1575187E-03,+7.2749379E-03,-46.8587946E-03,+91.5833312E-03
+8.1578125E-03,+6.7251511E-03,-46.6750301E-03,+91.5968630E-03
+8.1581062E-03,+8.4298982E-03,-46.7669124E-03,+91.5960277E-03
+8.1584000E-03,+10.2845972E-03,-46.8187006E-03,+91.5789877E-03
+8.1586937E-03,+10.7617235E-03,-47.1027003E-03,+91.5833312E-03
+8.1589875E-03,+10.1185843E-03,-47.0375475E-03,+91.5881759E-03
+8.1592812E-03,+9.1132084E-03,-46.8888652E-03,+91.5776512E-03
+8.1595750E-03,+7.9538377E-03,-46.9456652E-03,+91.5925195E-03
+8.1598687E-03,+7.5946883E-03,-46.8805123E-03,+91.5911830E-03
+8.1601625E-03,+7.4832534E-03,-46.7535477E-03,+91.6047148E-03
+8.1604562E-03,+8.1659020E-03,-46.8671476E-03,+91.6082230E-03
+8.1607500E-03,+9.6157677E-03,-46.8671476E-03,+91.6025430E-03
+8.1610437E-03,+10.7550712E-03,-46.8237123E-03,+91.6047148E-03
+8.1613375E-03,+11.7937821E-03,-46.7752653E-03,+91.6125665E-03
+8.1616312E-03,+10.5571568E-03,-46.9022299E-03,+91.6117312E-03
+8.1619250E-03,+8.3659481E-03,-46.7669124E-03,+91.5968630E-03
+8.1622187E-03,+7.3097797E-03,-46.7318300E-03,+91.6025430E-03
+8.1625125E-03,+7.3987217E-03,-46.7451947E-03,+91.6003712E-03
+8.1628062E-03,+8.1347723E-03,-46.6315948E-03,+91.5990348E-03
+8.1631000E-03,+10.2682054E-03,-46.6533124E-03,+91.6103947E-03
+8.1633937E-03,+11.8514842E-03,-46.7752653E-03,+91.6038795E-03
+8.1636875E-03,+11.3675586E-03,-46.9456652E-03,+91.5933548E-03
+8.1639812E-03,+9.7435943E-03,-46.8587946E-03,+91.6125665E-03
+8.1642750E-03,+7.6449295E-03,-46.6533124E-03,+91.6095595E-03
+8.1645687E-03,+6.6208831E-03,-46.7101124E-03,+91.5911830E-03
+8.1648625E-03,+7.5494822E-03,-46.8187006E-03,+91.6003712E-03
+8.1651562E-03,+9.1921168E-03,-47.0592651E-03,+91.5968630E-03
+8.1654500E-03,+11.1766639E-03,-46.9673828E-03,+91.6025430E-03
+8.1657437E-03,+12.3892528E-03,-46.9373122E-03,+91.6068865E-03
+8.1660375E-03,+12.2348906E-03,-46.7101124E-03,+91.6117312E-03
+8.1663312E-03,+10.2922418E-03,-46.8187006E-03,+91.5990348E-03
+8.1666250E-03,+8.4614322E-03,-47.0158298E-03,+91.6060512E-03
+8.1669187E-03,+7.2388466E-03,-46.7886300E-03,+91.5968630E-03
+8.1672125E-03,+7.2363841E-03,-46.8103476E-03,+91.6025430E-03
+8.1675062E-03,+8.2960073E-03,-46.8671476E-03,+91.5960277E-03
+8.1678000E-03,+9.9520936E-03,-46.8019947E-03,+91.5876748E-03
+8.1680937E-03,+11.8091448E-03,-46.6967477E-03,+91.6082230E-03
+8.1683875E-03,+12.0651288E-03,-46.8454299E-03,+91.6047148E-03
+8.1686812E-03,+10.4200317E-03,-46.8320653E-03,+91.6060512E-03
+8.1689750E-03,+7.9507505E-03,-46.8805123E-03,+91.5990348E-03
+8.1692687E-03,+5.7878048E-03,-46.7318300E-03,+91.6060512E-03
+8.1695625E-03,+4.7082247E-03,-46.8320653E-03,+91.5946912E-03
+8.1698562E-03,+6.7289733E-03,-46.8587946E-03,+91.5968630E-03
+8.1701500E-03,+10.1778300E-03,-46.6315948E-03,+91.6047148E-03
+8.1704437E-03,+11.3546583E-03,-46.6533124E-03,+91.6060512E-03
+8.1707375E-03,+11.4873730E-03,-46.7318300E-03,+91.5925195E-03
+8.1710312E-03,+10.5205142E-03,-46.8320653E-03,+91.5911830E-03
+8.1713250E-03,+8.4687828E-03,-46.9456652E-03,+91.5960277E-03
+8.1716187E-03,+6.8389014E-03,-46.9456652E-03,+91.5855030E-03
+8.1719125E-03,+5.5227795E-03,-46.9022299E-03,+91.6025430E-03
+8.1722062E-03,+7.4102621E-03,-46.8537829E-03,+91.6025430E-03
+8.1725000E-03,+10.3282229E-03,-46.9807475E-03,+91.6047148E-03
+8.1727937E-03,+12.2051207E-03,-46.8888652E-03,+91.6060512E-03
+8.1730875E-03,+13.1983682E-03,-46.8805123E-03,+91.5925195E-03
+8.1733812E-03,+12.0493251E-03,-46.7969829E-03,+91.5890112E-03
+8.1736750E-03,+9.6119087E-03,-47.0024651E-03,+91.5946912E-03
+8.1739687E-03,+7.2120904E-03,-46.7719241E-03,+91.5946912E-03
+8.1742625E-03,+6.3918389E-03,-46.4912655E-03,+91.5946912E-03
+8.1745562E-03,+7.4648034E-03,-46.8587946E-03,+91.5946912E-03
+8.1748500E-03,+9.8906060E-03,-46.6315948E-03,+91.5968630E-03
+8.1751437E-03,+11.7967958E-03,-46.7184653E-03,+91.5981995E-03
+8.1754375E-03,+12.1631121E-03,-46.9673828E-03,+91.5911830E-03
+8.1757312E-03,+11.3266893E-03,-46.9373122E-03,+91.6068865E-03
+8.1760250E-03,+9.5664821E-03,-46.7535477E-03,+91.6160747E-03
+8.1763187E-03,+7.9540583E-03,-46.8671476E-03,+91.6060512E-03
+8.1766125E-03,+6.3146578E-03,-46.8671476E-03,+91.5925195E-03
+8.1769062E-03,+7.0340961E-03,-46.9323005E-03,+91.5846677E-03
+8.1772000E-03,+7.9604900E-03,-46.9723946E-03,+91.5876748E-03
+8.1774937E-03,+10.2850015E-03,-46.6967477E-03,+91.6125665E-03
+8.1777875E-03,+11.3642875E-03,-46.8888652E-03,+91.6182465E-03
+8.1780812E-03,+10.9691937E-03,-46.8805123E-03,+91.6139030E-03
+8.1783750E-03,+9.0430471E-03,-46.7969829E-03,+91.6047148E-03
+8.1786687E-03,+6.9747769E-03,-46.9590299E-03,+91.6038795E-03
+8.1789625E-03,+5.6655278E-03,-46.7451947E-03,+91.5933548E-03
+8.1792562E-03,+6.6899418E-03,-46.7184653E-03,+91.6082230E-03
+8.1795500E-03,+8.8801581E-03,-46.9456652E-03,+91.6025430E-03
+8.1798437E-03,+10.7989910E-03,-46.8805123E-03,+91.5960277E-03
+8.1801375E-03,+12.5744875E-03,-46.7752653E-03,+91.5811595E-03
+8.1804312E-03,+11.9483648E-03,-46.9456652E-03,+91.5890112E-03
+8.1807250E-03,+10.2885298E-03,-46.9456652E-03,+91.5946912E-03
+8.1810187E-03,+8.2240452E-03,-46.8805123E-03,+91.5968630E-03
+8.1813125E-03,+6.8774552E-03,-46.7535477E-03,+91.5981995E-03
+8.1816062E-03,+7.2097382E-03,-46.7802771E-03,+91.5846677E-03
+8.1819000E-03,+8.5594522E-03,-46.6833830E-03,+91.5833312E-03
+8.1821937E-03,+10.7752118E-03,-47.0024651E-03,+91.5946912E-03
+8.1824875E-03,+11.9142949E-03,-46.9022299E-03,+91.5968630E-03
+8.1827812E-03,+11.7621746E-03,-46.8320653E-03,+91.6068865E-03
+8.1830750E-03,+9.4643090E-03,-46.8805123E-03,+91.6117312E-03
+8.1833687E-03,+7.3693194E-03,-46.7535477E-03,+91.5946912E-03
+8.1836625E-03,+6.6501016E-03,-46.9323005E-03,+91.5946912E-03
+8.1839562E-03,+6.9214484E-03,-47.0158298E-03,+91.5990348E-03
+8.1842500E-03,+8.5414433E-03,-46.7669124E-03,+91.6082230E-03
+8.1845437E-03,+9.7931372E-03,-46.7318300E-03,+91.6068865E-03
+8.1848375E-03,+11.0244701E-03,-46.7886300E-03,+91.6117312E-03
+8.1851312E-03,+12.2375000E-03,-46.8103476E-03,+91.5925195E-03
+8.1854250E-03,+10.9473625E-03,-46.8019947E-03,+91.5911830E-03
+8.1857187E-03,+9.3155332E-03,-46.6750301E-03,+91.6025430E-03
+8.1860125E-03,+7.8869107E-03,-46.8103476E-03,+91.5960277E-03
+8.1863062E-03,+7.1175252E-03,-46.8454299E-03,+91.5876748E-03
+8.1866000E-03,+7.6968981E-03,-46.7451947E-03,+91.6103947E-03
+8.1868937E-03,+9.3858047E-03,-46.7184653E-03,+91.6060512E-03
+8.1871875E-03,+10.3442472E-03,-46.9239475E-03,+91.5946912E-03
+8.1874812E-03,+11.0605615E-03,-46.9105828E-03,+91.5946912E-03
+8.1877750E-03,+11.2222375E-03,-47.0676180E-03,+91.5968630E-03
+8.1880687E-03,+8.9414988E-03,-47.1595003E-03,+91.6003712E-03
+8.1883625E-03,+6.8504785E-03,-46.9941122E-03,+91.5946912E-03
+8.1886562E-03,+6.3017208E-03,-46.7535477E-03,+91.5968630E-03
+8.1889500E-03,+6.7397787E-03,-46.8237123E-03,+91.6003712E-03
+8.1892437E-03,+8.0762249E-03,-46.7969829E-03,+91.5968630E-03
+8.1895375E-03,+10.0788911E-03,-46.9155946E-03,+91.6025430E-03
+8.1898312E-03,+11.1790529E-03,-46.6315948E-03,+91.6068865E-03
+8.1901250E-03,+11.4905338E-03,-46.7401830E-03,+91.6117312E-03
+8.1904187E-03,+10.9305664E-03,-46.9155946E-03,+91.5946912E-03
+8.1907125E-03,+9.2521344E-03,-46.7401830E-03,+91.6012065E-03
+8.1910062E-03,+7.7045795E-03,-46.9807475E-03,+91.6160747E-03
+8.1913000E-03,+7.8834559E-03,-46.9105828E-03,+91.6103947E-03
+8.1915937E-03,+8.8371940E-03,-46.9590299E-03,+91.6038795E-03
+8.1918875E-03,+10.4244420E-03,-46.8537829E-03,+91.5868395E-03
+8.1921812E-03,+10.9587559E-03,-46.9807475E-03,+91.5890112E-03
+8.1924750E-03,+11.6086209E-03,-46.8454299E-03,+91.5946912E-03
+8.1927687E-03,+11.0262710E-03,-46.7886300E-03,+91.5925195E-03
+8.1930625E-03,+9.2738554E-03,-46.7669124E-03,+91.5911830E-03
+8.1933562E-03,+7.4152238E-03,-46.7318300E-03,+91.6025430E-03
+8.1936500E-03,+6.5258400E-03,-46.8320653E-03,+91.6025430E-03
+8.1939437E-03,+7.9196942E-03,-46.9456652E-03,+91.6047148E-03
+8.1942375E-03,+10.0934820E-03,-46.9022299E-03,+91.6103947E-03
+8.1945312E-03,+11.5849520E-03,-46.8320653E-03,+91.6038795E-03
+8.1948250E-03,+11.2331532E-03,-46.9456652E-03,+91.5955265E-03
+8.1951187E-03,+10.1913551E-03,-46.9022299E-03,+91.6095595E-03
+8.1954125E-03,+8.4464738E-03,-46.7886300E-03,+91.5933548E-03
+8.1957062E-03,+6.8791458E-03,-46.8537829E-03,+91.6038795E-03
+8.1960000E-03,+5.9836611E-03,-47.0241828E-03,+91.5911830E-03
+8.1962937E-03,+6.4265336E-03,-46.9590299E-03,+91.6003712E-03
+8.1965875E-03,+8.7173795E-03,-46.9406534E-03,+91.5968630E-03
+8.1968812E-03,+10.7333870E-03,-47.1427944E-03,+91.5981995E-03
+8.1971750E-03,+11.2516399E-03,-46.6533124E-03,+91.5911830E-03
+8.1974687E-03,+11.1768109E-03,-46.7535477E-03,+91.6003712E-03
+8.1977625E-03,+10.6320960E-03,-46.8671476E-03,+91.5925195E-03
+8.1980562E-03,+8.7555290E-03,-46.8019947E-03,+91.5824959E-03
+8.1983500E-03,+7.5439325E-03,-46.7401830E-03,+91.5819948E-03
+8.1986437E-03,+8.1120222E-03,-47.0241828E-03,+91.6103947E-03
+8.1989375E-03,+9.3367028E-03,-46.9373122E-03,+91.6060512E-03
+8.1992312E-03,+11.1074582E-03,-46.6666771E-03,+91.5968630E-03
+8.1995250E-03,+11.7265978E-03,-46.6399477E-03,+91.6003712E-03
+8.1998187E-03,+11.4334565E-03,-46.8454299E-03,+91.5903477E-03
+8.2001125E-03,+9.9633768E-03,-46.8320653E-03,+91.5898465E-03
+8.2004062E-03,+7.8263786E-03,-46.8370770E-03,+91.6117312E-03
+8.2007000E-03,+6.5137851E-03,-46.7051006E-03,+91.5946912E-03
+8.2009937E-03,+7.0722088E-03,-47.0158298E-03,+91.5925195E-03
+8.2012875E-03,+8.3102307E-03,-46.8755005E-03,+91.5911830E-03
+8.2015812E-03,+10.5706084E-03,-47.0375475E-03,+91.6025430E-03
+8.2018750E-03,+11.6662495E-03,-46.8237123E-03,+91.6047148E-03
+8.2021687E-03,+11.4408071E-03,-46.8187006E-03,+91.6038795E-03
+8.2024625E-03,+9.9690367E-03,-46.9506769E-03,+91.5846677E-03
+8.2027562E-03,+7.4690668E-03,-46.6182301E-03,+91.5789877E-03
+8.2030500E-03,+6.4597215E-03,-46.7886300E-03,+91.5876748E-03
+8.2033437E-03,+6.8255600E-03,-46.8103476E-03,+91.6038795E-03
+8.2036375E-03,+8.2214724E-03,-46.9323005E-03,+91.5868395E-03
+8.2039312E-03,+10.1734931E-03,-47.0809827E-03,+91.5933548E-03
+8.2042250E-03,+11.9980915E-03,-46.9373122E-03,+91.6082230E-03
+8.2045187E-03,+11.7678713E-03,-46.8621358E-03,+91.6025430E-03
+8.2048125E-03,+9.5887543E-03,-47.1945826E-03,+91.6025430E-03
+8.2051062E-03,+7.7633841E-03,-47.0676180E-03,+91.6047148E-03
+8.2054000E-03,+6.7301127E-03,-47.0291945E-03,+91.6103947E-03
+8.2056937E-03,+7.0213428E-03,-46.6533124E-03,+91.6060512E-03
+8.2059875E-03,+9.2549276E-03,-46.7318300E-03,+91.5968630E-03
+8.2062812E-03,+10.8880433E-03,-46.7886300E-03,+91.6047148E-03
+8.2065750E-03,+11.4455482E-03,-46.7451947E-03,+91.6082230E-03
+8.2068687E-03,+10.9116019E-03,-46.7184653E-03,+91.6047148E-03
+8.2071625E-03,+10.2356423E-03,-46.9456652E-03,+91.6082230E-03
+8.2074562E-03,+9.6435162E-03,-46.9022299E-03,+91.6003712E-03
+8.2077500E-03,+9.1278360E-03,-46.7886300E-03,+91.5990348E-03
+8.2080437E-03,+9.0394085E-03,-46.8103476E-03,+91.6082230E-03
+8.2083375E-03,+9.2971934E-03,-46.8454299E-03,+91.6090583E-03
+8.2086312E-03,+10.0005339E-03,-46.7886300E-03,+91.6152395E-03
+8.2089250E-03,+10.5162876E-03,-46.8103476E-03,+91.5911830E-03
+8.2092187E-03,+9.2727160E-03,-46.8888652E-03,+91.6047148E-03
+8.2095125E-03,+8.3395596E-03,-46.9022299E-03,+91.6017077E-03
+8.2098062E-03,+7.0964658E-03,-46.8972181E-03,+91.5833312E-03
+8.2101000E-03,+7.4639949E-03,-47.0509121E-03,+91.5990348E-03
+8.2103937E-03,+7.9879444E-03,-46.6449595E-03,+91.6060512E-03
+8.2106875E-03,+9.2688569E-03,-46.5614302E-03,+91.5946912E-03
+8.2109812E-03,+10.4960735E-03,-46.7886300E-03,+91.5968630E-03
+8.2112750E-03,+11.3626704E-03,-46.7886300E-03,+91.6155736E-03
+8.2115687E-03,+10.0931881E-03,-46.7886300E-03,+91.6366230E-03
+8.2118625E-03,+8.7448707E-03,-46.7451947E-03,+91.6090583E-03
+8.2121562E-03,+7.7333570E-03,-46.6750301E-03,+91.6282700E-03
+8.2124500E-03,+6.5144466E-03,-46.7886300E-03,+91.6252630E-03
+8.2127437E-03,+7.0997368E-03,-46.8537829E-03,+91.6025430E-03
+8.2130375E-03,+8.6496806E-03,-46.9807475E-03,+91.6025430E-03
+8.2133312E-03,+10.9275527E-03,-46.9540181E-03,+91.6068865E-03
+8.2136250E-03,+12.2794351E-03,-47.0943474E-03,+91.6139030E-03
+8.2139187E-03,+11.8043669E-03,-46.8671476E-03,+91.6003712E-03
+8.2142125E-03,+10.8473578E-03,-46.8671476E-03,+91.5968630E-03
+8.2145062E-03,+8.8928379E-03,-46.8888652E-03,+91.6003712E-03
+8.2148000E-03,+7.2048869E-03,-47.0108181E-03,+91.5968630E-03
+8.2150937E-03,+7.0437988E-03,-47.1377827E-03,+91.6047148E-03
+8.2153875E-03,+7.3522293E-03,-46.8938770E-03,+91.6082230E-03
+8.2156812E-03,+9.6747929E-03,-46.5747949E-03,+91.6003712E-03
+8.2159750E-03,+11.0486535E-03,-46.6315948E-03,+91.6012065E-03
+8.2162687E-03,+10.7044625E-03,-46.7184653E-03,+91.6139030E-03
+8.2165625E-03,+10.7566884E-03,-46.9022299E-03,+91.6068865E-03
+8.2168562E-03,+8.8641339E-03,-46.8537829E-03,+91.6117312E-03
+8.2171500E-03,+7.5613901E-03,-46.9590299E-03,+91.5925195E-03
+8.2174437E-03,+6.8513238E-03,-46.8320653E-03,+91.5911830E-03
+8.2177375E-03,+7.2149939E-03,-46.9456652E-03,+91.6047148E-03
+8.2180312E-03,+8.8951165E-03,-46.9022299E-03,+91.6103947E-03
+8.2183250E-03,+11.2484424E-03,-46.8103476E-03,+91.6038795E-03
+8.2186187E-03,+11.7195779E-03,-46.8454299E-03,+91.5976983E-03
+8.2189125E-03,+12.0843506E-03,-46.8320653E-03,+91.6195830E-03
+8.2192062E-03,+11.3627439E-03,-46.9239475E-03,+91.6025430E-03
+8.2195000E-03,+8.5045801E-03,-46.8454299E-03,+91.6025430E-03
+8.2197937E-03,+7.2495049E-03,-46.8103476E-03,+91.5981995E-03
+8.2200875E-03,+7.2262770E-03,-46.8671476E-03,+91.5890112E-03
+8.2203812E-03,+8.9702395E-03,-46.8454299E-03,+91.5925195E-03
+8.2206750E-03,+10.3126764E-03,-46.8755005E-03,+91.5911830E-03
+8.2209687E-03,+11.6943287E-03,-46.9289593E-03,+91.6025430E-03
+8.2212625E-03,+12.0162842E-03,-46.6700183E-03,+91.6025430E-03
+8.2215562E-03,+10.2731671E-03,-47.0726298E-03,+91.5981995E-03
+8.2218500E-03,+8.2994621E-03,-46.7886300E-03,+91.5868395E-03
+8.2221437E-03,+6.2809186E-03,-46.7886300E-03,+91.5911830E-03
+8.2224375E-03,+6.6034622E-03,-46.8972181E-03,+91.6003712E-03
+8.2227312E-03,+7.6283539E-03,-47.0291945E-03,+91.5968630E-03
+8.2230250E-03,+9.8061478E-03,-46.6533124E-03,+91.6025430E-03
+8.2233187E-03,+11.6944022E-03,-46.7101124E-03,+91.5960277E-03
+8.2236125E-03,+11.8516679E-03,-46.7101124E-03,+91.5855030E-03
+8.2239062E-03,+10.3984210E-03,-46.7969829E-03,+91.6003712E-03
+8.2242000E-03,+8.0890884E-03,-46.9807475E-03,+91.5903477E-03
+8.2244937E-03,+7.1447223E-03,-46.8237123E-03,+91.5898465E-03
+8.2247875E-03,+7.0346106E-03,-46.8404182E-03,+91.6160747E-03
+8.2250812E-03,+8.4151970E-03,-47.0291945E-03,+91.6060512E-03
+8.2253750E-03,+10.3582500E-03,-46.6533124E-03,+91.6012065E-03
+8.2256687E-03,+12.0396591E-03,-46.7752653E-03,+91.6095595E-03
+8.2259625E-03,+11.7042888E-03,-46.9239475E-03,+91.5955265E-03
+8.2262562E-03,+10.0076273E-03,-46.8671476E-03,+91.6182465E-03
+8.2265500E-03,+8.7066844E-03,-46.8888652E-03,+91.6095595E-03
+8.2268437E-03,+7.1393564E-03,-46.9456652E-03,+91.5911830E-03
+8.2271375E-03,+7.2363841E-03,-46.9456652E-03,+91.6047148E-03
+8.2274312E-03,+8.7967290E-03,-46.8805123E-03,+91.6082230E-03
+8.2277250E-03,+9.8696935E-03,-46.6883948E-03,+91.5960277E-03
+8.2280187E-03,+11.8653768E-03,-46.7184653E-03,+91.5855030E-03
+8.2283125E-03,+11.7413724E-03,-46.9673828E-03,+91.6025430E-03
+8.2286062E-03,+10.2741226E-03,-46.8938770E-03,+91.6025430E-03
+8.2289000E-03,+8.7678045E-03,-46.6399477E-03,+91.6047148E-03
+8.2291937E-03,+7.4782550E-03,-46.8671476E-03,+91.6082230E-03
+8.2294875E-03,+6.6569377E-03,-46.9323005E-03,+91.5960277E-03
+8.2297812E-03,+7.8651897E-03,-46.9941122E-03,+91.5789877E-03
+8.2300750E-03,+10.0807288E-03,-46.7101124E-03,+91.5855030E-03
+8.2303687E-03,+13.2478743E-03,-46.6883948E-03,+91.5981995E-03
+8.2306625E-03,+13.4944864E-03,-46.7184653E-03,+91.5868395E-03
+8.2309562E-03,+11.5952429E-03,-46.8805123E-03,+91.5933548E-03
+8.2312500E-03,+9.2745904E-03,-46.7969829E-03,+91.6103947E-03
+8.2315437E-03,+7.1809975E-03,-46.9373122E-03,+91.6038795E-03
+8.2318375E-03,+5.9226880E-03,-46.7969829E-03,+91.5890112E-03
+8.2321312E-03,+6.4318996E-03,-46.9373122E-03,+91.5925195E-03
+8.2324250E-03,+9.5074201E-03,-46.7318300E-03,+91.5890112E-03
+8.2327187E-03,+11.2222008E-03,-46.8103476E-03,+91.5925195E-03
+8.2330125E-03,+11.4768250E-03,-46.8019947E-03,+91.5890112E-03
+8.2333062E-03,+10.7153046E-03,-46.6750301E-03,+91.5925195E-03
+8.2336000E-03,+9.4145823E-03,-46.7451947E-03,+91.5824959E-03
+8.2338937E-03,+7.3223124E-03,-46.6315948E-03,+91.5754795E-03
+8.2341875E-03,+6.4562668E-03,-46.7619006E-03,+91.5911830E-03
+8.2344812E-03,+7.6836303E-03,-47.0592651E-03,+91.6003712E-03
+8.2347750E-03,+9.9488961E-03,-46.8805123E-03,+91.6012065E-03
+8.2350687E-03,+12.3958315E-03,-46.7318300E-03,+91.6052159E-03
+8.2353625E-03,+12.9659427E-03,-46.7669124E-03,+91.5754795E-03
+8.2356562E-03,+11.7448272E-03,-46.7318300E-03,+91.5933548E-03
+8.2359500E-03,+10.0635652E-03,-46.8103476E-03,+91.6103947E-03
+8.2362437E-03,+8.1807502E-03,-46.8237123E-03,+91.6060512E-03
+8.2365375E-03,+7.1884583E-03,-46.7101124E-03,+91.5903477E-03
+8.2368312E-03,+7.1354606E-03,-46.7969829E-03,+91.5789877E-03
+8.2371250E-03,+8.8316443E-03,-47.0241828E-03,+91.5811595E-03
+8.2374187E-03,+10.2361936E-03,-46.9590299E-03,+91.5911830E-03
+8.2377125E-03,+10.8446014E-03,-46.8537829E-03,+91.5960277E-03
+8.2380062E-03,+10.0249379E-03,-47.0024651E-03,+91.5833312E-03
+8.2383000E-03,+9.4268945E-03,-46.9022299E-03,+91.5925195E-03
+8.2385937E-03,+8.3884042E-03,-46.7234771E-03,+91.5933548E-03
+8.2388875E-03,+8.3225062E-03,-46.6399477E-03,+91.5973642E-03
+8.2391812E-03,+8.2451046E-03,-46.9540181E-03,+91.5654560E-03
+8.2394750E-03,+8.5373270E-03,-47.0726298E-03,+91.5711360E-03
+8.2397687E-03,+9.4339510E-03,-46.7669124E-03,+91.5798230E-03
+8.2400625E-03,+10.9688997E-03,-46.7752653E-03,+91.6025430E-03
+8.2403562E-03,+10.6912314E-03,-46.9022299E-03,+91.6047148E-03
+8.2406500E-03,+10.0572069E-03,-46.8972181E-03,+91.6103947E-03
+8.2409437E-03,+9.4003956E-03,-46.9640416E-03,+91.6125665E-03
+8.2412375E-03,+8.7435843E-03,-46.5263478E-03,+91.6160747E-03
+8.2415312E-03,+7.9131522E-03,-46.9105828E-03,+91.5995359E-03
+8.2418250E-03,+7.7583857E-03,-47.0024651E-03,+91.5776512E-03
+8.2421187E-03,+8.3246746E-03,-46.9022299E-03,+91.5925195E-03
+8.2424125E-03,+9.0646578E-03,-46.7669124E-03,+91.5890112E-03
+8.2427062E-03,+9.7493645E-03,-46.7318300E-03,+91.5968630E-03
+8.2430000E-03,+9.9241247E-03,-46.7886300E-03,+91.6003712E-03
+8.2432937E-03,+8.5732713E-03,-46.7451947E-03,+91.6012065E-03
+8.2435875E-03,+8.7102862E-03,-46.6967477E-03,+91.6139030E-03
+8.2438812E-03,+8.6813249E-03,-46.8237123E-03,+91.6025430E-03
+8.2441750E-03,+9.0407316E-03,-46.7752653E-03,+91.5938559E-03
+8.2444687E-03,+10.2469255E-03,-46.9239475E-03,+91.5841665E-03
+8.2447625E-03,+10.8479091E-03,-46.8237123E-03,+91.6117312E-03
+8.2450562E-03,+10.9198346E-03,-46.7969829E-03,+91.5968630E-03
+8.2453500E-03,+10.3041865E-03,-46.9590299E-03,+91.6025430E-03
+8.2456437E-03,+9.4493873E-03,-46.8103476E-03,+91.6068865E-03
+8.2459375E-03,+7.7281381E-03,-46.8237123E-03,+91.6160747E-03
+8.2462312E-03,+8.0743873E-03,-46.7752653E-03,+91.6103947E-03
+8.2465250E-03,+8.0525193E-03,-46.8805123E-03,+91.6103947E-03
+8.2468187E-03,+8.6606330E-03,-46.7969829E-03,+91.6060512E-03
+8.2471125E-03,+9.4611114E-03,-47.0676180E-03,+91.5925195E-03
+8.2474062E-03,+10.1530218E-03,-47.1160650E-03,+91.5890112E-03
+8.2477000E-03,+10.2214925E-03,-46.9022299E-03,+91.5946912E-03
+8.2479937E-03,+9.7464978E-03,-46.8103476E-03,+91.5946912E-03
+8.2482875E-03,+7.5249312E-03,-46.8237123E-03,+91.5946912E-03
+8.2485812E-03,+6.3944851E-03,-46.7752653E-03,+91.5925195E-03
+8.2488750E-03,+7.1968379E-03,-46.9239475E-03,+91.5868395E-03
+8.2491687E-03,+9.6316449E-03,-46.8454299E-03,+91.5911830E-03
+8.2494625E-03,+11.8622528E-03,-46.7234771E-03,+91.5960277E-03
+8.2497562E-03,+12.1119520E-03,-46.7051006E-03,+91.5811595E-03
+8.2500500E-03,+11.5700671E-03,-47.0592651E-03,+91.5911830E-03
+8.2503437E-03,+9.3407457E-03,-46.9239475E-03,+91.5960277E-03
+8.2506375E-03,+7.7156054E-03,-46.8454299E-03,+91.5811595E-03
+8.2509312E-03,+5.8704253E-03,-46.8103476E-03,+91.5911830E-03
+8.2512250E-03,+6.4299517E-03,-46.8671476E-03,+91.6003712E-03
+8.2515187E-03,+8.1251430E-03,-46.9105828E-03,+91.5946912E-03
+8.2518125E-03,+11.0236983E-03,-46.9373122E-03,+91.5925195E-03
+8.2521062E-03,+11.4667179E-03,-46.7535477E-03,+91.5868395E-03
+8.2524000E-03,+10.3642040E-03,-46.9540181E-03,+91.5846677E-03
+8.2526937E-03,+8.8022787E-03,-47.0726298E-03,+91.5833312E-03
+8.2529875E-03,+8.1144847E-03,-46.7234771E-03,+91.5946912E-03
+8.2532812E-03,+6.8690387E-03,-46.5747949E-03,+91.6012065E-03
+8.2535750E-03,+6.8817552E-03,-46.6315948E-03,+91.6139030E-03
+8.2538687E-03,+8.9765243E-03,-46.6967477E-03,+91.6047148E-03
+8.2541625E-03,+10.9499352E-03,-46.7802771E-03,+91.6082230E-03
+8.2544562E-03,+11.2878047E-03,-46.5965125E-03,+91.6025430E-03
+8.2547500E-03,+11.1132284E-03,-46.7101124E-03,+91.6047148E-03
+8.2550437E-03,+10.3270468E-03,-46.7535477E-03,+91.6082230E-03
+8.2553375E-03,+8.8949696E-03,-46.7802771E-03,+91.6003712E-03
+8.2556312E-03,+7.1447223E-03,-46.6399477E-03,+91.5946912E-03
+8.2559250E-03,+6.9979312E-03,-46.8454299E-03,+91.5903477E-03
+8.2562187E-03,+8.6163090E-03,-46.7451947E-03,+91.5811595E-03
+8.2565125E-03,+10.1911345E-03,-46.6098772E-03,+91.5890112E-03
+8.2568062E-03,+11.8237357E-03,-46.6399477E-03,+91.6012065E-03
+8.2571000E-03,+11.7878649E-03,-46.8671476E-03,+91.6095595E-03
+8.2573937E-03,+10.5606116E-03,-46.9105828E-03,+91.5911830E-03
+8.2576875E-03,+9.0935823E-03,-46.9590299E-03,+91.6025430E-03
+8.2579812E-03,+7.0917614E-03,-46.7017595E-03,+91.6025430E-03
+8.2582750E-03,+6.6751304E-03,-46.5397125E-03,+91.6003712E-03
+8.2585687E-03,+8.1250695E-03,-46.7535477E-03,+91.5968630E-03
+8.2588625E-03,+10.9620269E-03,-46.8019947E-03,+91.6025430E-03
+8.2591562E-03,+11.2593580E-03,-46.6533124E-03,+91.5981995E-03
+8.2594500E-03,+11.0035945E-03,-46.6666771E-03,+91.5890112E-03
+8.2597437E-03,+9.1860159E-03,-46.5747949E-03,+91.5968630E-03
+8.2600375E-03,+7.0911366E-03,-46.6967477E-03,+91.6003712E-03
+8.2603312E-03,+6.1688590E-03,-46.8888652E-03,+91.5925195E-03
+8.2606250E-03,+7.4046757E-03,-46.8370770E-03,+91.5933548E-03
+8.2609187E-03,+8.5906187E-03,-46.5747949E-03,+91.6060512E-03
+8.2612125E-03,+9.8473110E-03,-46.6750301E-03,+91.5925195E-03
+8.2615062E-03,+11.8378856E-03,-46.8320653E-03,+91.5976983E-03
+8.2618000E-03,+11.2761540E-03,-46.9891004E-03,+91.6174112E-03
+8.2620937E-03,+11.0562981E-03,-46.9289593E-03,+91.5903477E-03
+8.2623875E-03,+9.0074335E-03,-46.4745596E-03,+91.5898465E-03
+8.2626812E-03,+7.4402525E-03,-46.5397125E-03,+91.6160747E-03
+8.2629750E-03,+7.1022360E-03,-46.7101124E-03,+91.6103947E-03
+8.2632687E-03,+8.7594248E-03,-46.6232419E-03,+91.6125665E-03
+8.2635625E-03,+10.2048801E-03,-46.5046302E-03,+91.6095595E-03
+8.2638562E-03,+10.8083262E-03,-46.7451947E-03,+91.5868395E-03
+8.2641500E-03,+11.9736141E-03,-46.7401830E-03,+91.5933548E-03
+8.2644437E-03,+11.0044765E-03,-46.9373122E-03,+91.6038795E-03
+8.2647375E-03,+8.1319056E-03,-46.7318300E-03,+91.5890112E-03
+8.2650312E-03,+6.6337466E-03,-46.7669124E-03,+91.5881759E-03
+8.2653250E-03,+6.6104452E-03,-46.6666771E-03,+91.5776512E-03
+8.2656187E-03,+7.6902091E-03,-46.6182301E-03,+91.5946912E-03
+8.2659125E-03,+9.9022199E-03,-46.7886300E-03,+91.5968630E-03
+8.2662062E-03,+10.9742656E-03,-46.8103476E-03,+91.6025430E-03
+8.2665000E-03,+10.7393778E-03,-46.8019947E-03,+91.6003712E-03
+8.2667937E-03,+10.4189291E-03,-46.6098772E-03,+91.6012065E-03
+8.2670875E-03,+9.1461390E-03,-46.5747949E-03,+91.6073877E-03
+8.2673812E-03,+6.6644720E-03,-46.6750301E-03,+91.5811595E-03
+8.2676750E-03,+6.4935710E-03,-46.8103476E-03,+91.5890112E-03
+8.2679687E-03,+7.1307930E-03,-46.8888652E-03,+91.5990348E-03
+8.2682625E-03,+9.2713929E-03,-46.9239475E-03,+91.6060512E-03
+8.2685562E-03,+11.1066864E-03,-46.7802771E-03,+91.5903477E-03
+8.2688500E-03,+11.7324782E-03,-46.6182301E-03,+91.5876748E-03
+8.2691437E-03,+11.2165776E-03,-46.8103476E-03,+91.6060512E-03
+8.2694375E-03,+10.6096032E-03,-46.8888652E-03,+91.5968630E-03
+8.2697312E-03,+8.4458122E-03,-46.9022299E-03,+91.6025430E-03
+8.2700250E-03,+7.5909027E-03,-46.8320653E-03,+91.6025430E-03
+8.2703187E-03,+7.2613761E-03,-46.9022299E-03,+91.6003712E-03
+8.2706125E-03,+8.6356042E-03,-46.7886300E-03,+91.5990348E-03
+8.2709062E-03,+10.1906200E-03,-46.8103476E-03,+91.6082230E-03
+8.2712000E-03,+10.5872574E-03,-46.8454299E-03,+91.6025430E-03
+8.2714937E-03,+11.1934967E-03,-46.8103476E-03,+91.6025430E-03
+8.2717875E-03,+11.0056894E-03,-46.8671476E-03,+91.6047148E-03
+8.2720812E-03,+8.6796343E-03,-46.8888652E-03,+91.6082230E-03
+8.2723750E-03,+7.1190688E-03,-46.9022299E-03,+91.6003712E-03
+8.2726687E-03,+6.5128295E-03,-46.8103476E-03,+91.5881759E-03
+8.2729625E-03,+7.5289005E-03,-46.9105828E-03,+91.5754795E-03
+8.2732562E-03,+9.9663170E-03,-46.9373122E-03,+91.5846677E-03
+8.2735500E-03,+11.5515436E-03,-46.7969829E-03,+91.5789877E-03
+8.2738437E-03,+11.9637276E-03,-46.9373122E-03,+91.5811595E-03
+8.2741375E-03,+11.3894633E-03,-46.7752653E-03,+91.5824959E-03
+8.2744312E-03,+8.9844997E-03,-46.8805123E-03,+91.5819948E-03
+8.2747250E-03,+6.5178647E-03,-46.7318300E-03,+91.6038795E-03
+8.2750187E-03,+5.6032317E-03,-46.8537829E-03,+91.5890112E-03
+8.2753125E-03,+6.7469088E-03,-47.0024651E-03,+91.5925195E-03
+8.2756062E-03,+9.8897974E-03,-46.9022299E-03,+91.5868395E-03
+8.2759000E-03,+11.5909427E-03,-46.7669124E-03,+91.5890112E-03
+8.2761937E-03,+12.4886694E-03,-46.6449595E-03,+91.5925195E-03
+8.2764875E-03,+11.9721072E-03,-46.5614302E-03,+91.5868395E-03
+8.2767812E-03,+10.4274926E-03,-46.8320653E-03,+91.5890112E-03
+8.2770750E-03,+8.3327603E-03,-46.9239475E-03,+91.5925195E-03
+8.2773687E-03,+6.7604706E-03,-46.8888652E-03,+91.5890112E-03
+8.2776625E-03,+7.3477087E-03,-46.9673828E-03,+91.5968630E-03
+8.2779562E-03,+9.1803559E-03,-47.0241828E-03,+91.5981995E-03
+8.2782500E-03,+11.1875060E-03,-46.9590299E-03,+91.5911830E-03
+8.2785437E-03,+12.5610359E-03,-46.7451947E-03,+91.6025430E-03
+8.2788375E-03,+11.3895736E-03,-46.6533124E-03,+91.5981995E-03
+8.2791312E-03,+9.4299450E-03,-46.7101124E-03,+91.5868395E-03
+8.2794250E-03,+6.8805057E-03,-46.6232419E-03,+91.5890112E-03
+8.2797187E-03,+5.7797559E-03,-46.5480655E-03,+91.5946912E-03
+8.2800125E-03,+6.3421122E-03,-46.9022299E-03,+91.5968630E-03
+8.2803062E-03,+8.4348231E-03,-46.8320653E-03,+91.6047148E-03
+8.2806000E-03,+10.3527371E-03,-46.9239475E-03,+91.6060512E-03
+8.2808937E-03,+12.3076981E-03,-46.9105828E-03,+91.5903477E-03
+8.2811875E-03,+11.5443768E-03,-46.9155946E-03,+91.5833312E-03
+8.2814812E-03,+8.9666378E-03,-46.6098772E-03,+91.6012065E-03
+8.2817750E-03,+7.3782871E-03,-46.6182301E-03,+91.6160747E-03
+8.2820687E-03,+6.0333142E-03,-46.8103476E-03,+91.6060512E-03
+8.2823625E-03,+6.8432014E-03,-46.8454299E-03,+91.5925195E-03
+8.2826562E-03,+8.0177510E-03,-46.7451947E-03,+91.5868395E-03
+8.2829500E-03,+10.4912588E-03,-46.6315948E-03,+91.5890112E-03
+8.2832437E-03,+11.6539372E-03,-46.7619006E-03,+91.5990348E-03
+8.2835375E-03,+12.5086630E-03,-47.0375475E-03,+91.6082230E-03
+8.2838312E-03,+10.1884516E-03,-46.8454299E-03,+91.6003712E-03
+8.2841250E-03,+7.9406067E-03,-46.7886300E-03,+91.5968630E-03
+8.2844187E-03,+7.0271865E-03,-46.8103476E-03,+91.6003712E-03
+8.2847125E-03,+6.8321021E-03,-46.8454299E-03,+91.5990348E-03
+8.2850062E-03,+8.1742817E-03,-46.8537829E-03,+91.6017077E-03
+8.2853000E-03,+10.9985225E-03,-46.9590299E-03,+91.5789877E-03
+8.2855937E-03,+12.8052958E-03,-46.7886300E-03,+91.5855030E-03
+8.2858875E-03,+12.2306640E-03,-46.8103476E-03,+91.5981995E-03
+8.2861812E-03,+10.4557188E-03,-46.8671476E-03,+91.5911830E-03
+8.2864750E-03,+8.7309046E-03,-46.9323005E-03,+91.6068865E-03
+8.2867687E-03,+7.8253495E-03,-47.0592651E-03,+91.6117312E-03
+8.2870625E-03,+7.4274993E-03,-46.9022299E-03,+91.5903477E-03
+8.2873562E-03,+7.8348685E-03,-46.8103476E-03,+91.5833312E-03
+8.2876500E-03,+9.6349160E-03,-46.8454299E-03,+91.5903477E-03
+8.2879437E-03,+10.6485981E-03,-46.8755005E-03,+91.5811595E-03
+8.2882375E-03,+10.4010672E-03,-47.0158298E-03,+91.5890112E-03
+8.2885312E-03,+9.4100984E-03,-46.7451947E-03,+91.5968630E-03
+8.2888250E-03,+7.9177464E-03,-46.7184653E-03,+91.6047148E-03
+8.2891187E-03,+7.2444330E-03,-46.9239475E-03,+91.6082230E-03
+8.2894125E-03,+6.4511581E-03,-46.8888652E-03,+91.5981995E-03
+8.2897062E-03,+7.6751036E-03,-46.8587946E-03,+91.5890112E-03
+8.2900000E-03,+9.8508026E-03,-46.6750301E-03,+91.5925195E-03
+8.2902937E-03,+11.5698833E-03,-46.7234771E-03,+91.5890112E-03
+8.2905875E-03,+11.4918569E-03,-46.5965125E-03,+91.5925195E-03
+8.2908812E-03,+10.0930778E-03,-46.7101124E-03,+91.5890112E-03
+8.2911750E-03,+8.9219830E-03,-46.7752653E-03,+91.5925195E-03
+8.2914687E-03,+7.6026637E-03,-46.9022299E-03,+91.5933548E-03
+8.2917625E-03,+6.6036459E-03,-46.8972181E-03,+91.6060512E-03
+8.2920562E-03,+7.6090219E-03,-47.1160650E-03,+91.5946912E-03
+8.2923500E-03,+8.9233796E-03,-46.8153594E-03,+91.5946912E-03
+8.2926437E-03,+10.4321969E-03,-46.6265831E-03,+91.5968630E-03
+8.2929375E-03,+11.2904509E-03,-46.9590299E-03,+91.6003712E-03
+8.2932312E-03,+11.1578097E-03,-46.7886300E-03,+91.5925195E-03
+8.2935250E-03,+9.2255620E-03,-46.7451947E-03,+91.5890112E-03
+8.2938187E-03,+7.5979225E-03,-46.6750301E-03,+91.5903477E-03
+8.2941125E-03,+6.3536526E-03,-46.7669124E-03,+91.5833312E-03
+8.2944062E-03,+6.8733756E-03,-46.7969829E-03,+91.5990348E-03
+8.2947000E-03,+9.0174670E-03,-47.0024651E-03,+91.6017077E-03
+8.2949937E-03,+11.2629230E-03,-46.8805123E-03,+91.5876748E-03
+8.2952875E-03,+12.2340452E-03,-46.7535477E-03,+91.6060512E-03
+8.2955812E-03,+12.3125127E-03,-46.8671476E-03,+91.5925195E-03
+8.2958750E-03,+10.7699562E-03,-46.9105828E-03,+91.5890112E-03
+8.2961687E-03,+8.2842464E-03,-47.0024651E-03,+91.6012065E-03
+8.2964625E-03,+7.5529737E-03,-46.9239475E-03,+91.6139030E-03
+8.2967562E-03,+7.8909535E-03,-46.8671476E-03,+91.6047148E-03
+8.2970500E-03,+9.4205730E-03,-46.9974534E-03,+91.6038795E-03
+8.2973437E-03,+10.7287929E-03,-47.2079473E-03,+91.5868395E-03
+8.2976375E-03,+11.4066269E-03,-46.8671476E-03,+91.5911830E-03
+8.2979312E-03,+10.5657203E-03,-46.8454299E-03,+91.6047148E-03
+8.2982250E-03,+8.6764368E-03,-46.8320653E-03,+91.6060512E-03
+8.2985187E-03,+7.0755901E-03,-46.8587946E-03,+91.5990348E-03
+8.2988125E-03,+5.5861415E-03,-46.6533124E-03,+91.6082230E-03
+8.2991062E-03,+7.1842317E-03,-46.7752653E-03,+91.6003712E-03
+8.2994000E-03,+8.7323747E-03,-46.9456652E-03,+91.6012065E-03
+8.2996937E-03,+10.4880981E-03,-46.9022299E-03,+91.6160747E-03
+8.2999875E-03,+11.6185074E-03,-46.8320653E-03,+91.6060512E-03
+8.3002812E-03,+11.3898308E-03,-46.9022299E-03,+91.5968630E-03
+8.3005750E-03,+10.2603771E-03,-46.8103476E-03,+91.5981995E-03
+8.3008687E-03,+8.5462579E-03,-46.8671476E-03,+91.5911830E-03
+8.3011625E-03,+7.5950925E-03,-46.8671476E-03,+91.6003712E-03
+8.3014562E-03,+7.6790729E-03,-46.8019947E-03,+91.5968630E-03
+8.3017500E-03,+8.9360593E-03,-46.7401830E-03,+91.6068865E-03
+8.3020437E-03,+9.6877299E-03,-46.9807475E-03,+91.6095595E-03
+8.3023375E-03,+10.6873356E-03,-46.8454299E-03,+91.5868395E-03
+8.3026312E-03,+11.0885672E-03,-46.8320653E-03,+91.5868395E-03
+8.3029250E-03,+9.7437781E-03,-46.9022299E-03,+91.5890112E-03
+8.3032187E-03,+8.0723291E-03,-46.8103476E-03,+91.5946912E-03
+8.3035125E-03,+7.1902960E-03,-46.8888652E-03,+91.5990348E-03
+8.3038062E-03,+7.4198914E-03,-46.9456652E-03,+91.6060512E-03
+8.3041000E-03,+9.2633808E-03,-46.9022299E-03,+91.5990348E-03
+8.3043937E-03,+10.3945619E-03,-46.7886300E-03,+91.6060512E-03
+8.3046875E-03,+11.7450477E-03,-46.8755005E-03,+91.5968630E-03
+8.3049812E-03,+11.8347248E-03,-47.1027003E-03,+91.6047148E-03
+8.3052750E-03,+10.7875608E-03,-46.9941122E-03,+91.6082230E-03
+8.3055687E-03,+8.8153260E-03,-46.7752653E-03,+91.6003712E-03
+8.3058625E-03,+6.6877366E-03,-46.9022299E-03,+91.5903477E-03
+8.3061562E-03,+6.6944256E-03,-46.8103476E-03,+91.5833312E-03
+8.3064500E-03,+7.8715112E-03,-46.7802771E-03,+91.5990348E-03
+8.3067437E-03,+9.7985032E-03,-46.6616654E-03,+91.6103947E-03
+8.3070375E-03,+10.8626838E-03,-47.0108181E-03,+91.6082230E-03
+8.3073312E-03,+11.0339891E-03,-47.1160650E-03,+91.6047148E-03
+8.3076250E-03,+9.8324996E-03,-47.0108181E-03,+91.6038795E-03
+8.3079187E-03,+8.2512791E-03,-47.2029356E-03,+91.5868395E-03
+8.3082125E-03,+6.5912235E-03,-47.1511474E-03,+91.5911830E-03
+8.3085062E-03,+5.6426675E-03,-46.8454299E-03,+91.6047148E-03
+8.3088000E-03,+7.0816543E-03,-46.7886300E-03,+91.6082230E-03
+8.3090937E-03,+9.6736903E-03,-46.7886300E-03,+91.6047148E-03
+8.3093875E-03,+11.8056900E-03,-46.8320653E-03,+91.6060512E-03
+8.3096812E-03,+12.3751397E-03,-46.8805123E-03,+91.5946912E-03
+8.3099750E-03,+11.8062046E-03,-46.7752653E-03,+91.6033783E-03
+8.3102687E-03,+9.4761067E-03,-46.9022299E-03,+91.6217547E-03
+8.3105625E-03,+7.2310917E-03,-46.8537829E-03,+91.6017077E-03
+8.3108562E-03,+6.5793523E-03,-46.9807475E-03,+91.5876748E-03
+8.3111500E-03,+7.3075745E-03,-46.9105828E-03,+91.6060512E-03
+8.3114437E-03,+9.1966742E-03,-47.0241828E-03,+91.5990348E-03
+8.3117375E-03,+11.3068427E-03,-46.9807475E-03,+91.6082230E-03
+8.3120312E-03,+12.7466014E-03,-46.8454299E-03,+91.6025430E-03
+8.3123250E-03,+11.5175840E-03,-46.7886300E-03,+91.6003712E-03
+8.3126187E-03,+8.9824783E-03,-46.8320653E-03,+91.5946912E-03
+8.3129125E-03,+6.7399625E-03,-46.9239475E-03,+91.6012065E-03
+8.3132062E-03,+5.1575658E-03,-46.9105828E-03,+91.6117312E-03
+8.3135000E-03,+6.7169184E-03,-46.9373122E-03,+91.5968630E-03
+8.3137937E-03,+9.2195713E-03,-46.7535477E-03,+91.5981995E-03
+8.3140875E-03,+11.8581732E-03,-46.8237123E-03,+91.5911830E-03
+8.3143812E-03,+13.3472542E-03,-46.7752653E-03,+91.5960277E-03
+8.3146750E-03,+12.4990338E-03,-46.8805123E-03,+91.5855030E-03
+8.3149687E-03,+10.1071909E-03,-46.7535477E-03,+91.6025430E-03
+8.3152625E-03,+8.1464597E-03,-46.9105828E-03,+91.6003712E-03
+8.3155562E-03,+7.4718968E-03,-46.9807475E-03,+91.5990348E-03
+8.3158500E-03,+7.7844803E-03,-46.9540181E-03,+91.6060512E-03
+8.3161437E-03,+9.7717470E-03,-47.0509121E-03,+91.5968630E-03
+8.3164375E-03,+11.5906487E-03,-46.7318300E-03,+91.5960277E-03
+8.3167312E-03,+12.0732145E-03,-46.8537829E-03,+91.5855030E-03
+8.3170250E-03,+11.0618478E-03,-47.0241828E-03,+91.6047148E-03
+8.3173187E-03,+9.6717057E-03,-47.0024651E-03,+91.6038795E-03
+8.3176125E-03,+7.1223031E-03,-46.8805123E-03,+91.5868395E-03
+8.3179062E-03,+5.9200050E-03,-46.6883948E-03,+91.5890112E-03
+8.3182000E-03,+6.8466562E-03,-46.6750301E-03,+91.5903477E-03
+8.3184937E-03,+8.8762256E-03,-46.8320653E-03,+91.5811595E-03
+8.3187875E-03,+10.7840325E-03,-46.8153594E-03,+91.5933548E-03
+8.3190812E-03,+11.4871525E-03,-46.5614302E-03,+91.6060512E-03
+8.3193750E-03,+10.6282370E-03,-46.8103476E-03,+91.6012065E-03
+8.3196687E-03,+9.1369875E-03,-46.8454299E-03,+91.6139030E-03
+8.3199625E-03,+6.9394206E-03,-46.9406534E-03,+91.6025430E-03
+8.3202562E-03,+5.9354780E-03,-47.2513826E-03,+91.6047148E-03
+8.3205500E-03,+6.9180671E-03,-46.9807475E-03,+91.6082230E-03
+8.3208437E-03,+8.7887536E-03,-46.8454299E-03,+91.6047148E-03
+8.3211375E-03,+10.9886360E-03,-46.8320653E-03,+91.6082230E-03
+8.3214312E-03,+12.6098070E-03,-46.8805123E-03,+91.6003712E-03
+8.3217250E-03,+11.3345912E-03,-46.7318300E-03,+91.5946912E-03
+8.3220187E-03,+9.4177063E-03,-46.7886300E-03,+91.6012065E-03
+8.3223125E-03,+7.3032744E-03,-46.7886300E-03,+91.6073877E-03
+8.3226062E-03,+5.4993679E-03,-46.7886300E-03,+91.5876748E-03
+8.3229000E-03,+6.2873871E-03,-46.8103476E-03,+91.6038795E-03
+8.3231937E-03,+8.5174069E-03,-46.8888652E-03,+91.5890112E-03
+8.3234875E-03,+10.5626697E-03,-46.9673828E-03,+91.5946912E-03
+8.3237812E-03,+11.8406053E-03,-46.9807475E-03,+91.5946912E-03
+8.3240750E-03,+11.2978383E-03,-46.8888652E-03,+91.5968630E-03
+8.3243687E-03,+10.1053533E-03,-46.9022299E-03,+91.6025430E-03
+8.3246625E-03,+7.8749660E-03,-46.8320653E-03,+91.6025430E-03
+8.3249562E-03,+6.9371419E-03,-46.8805123E-03,+91.6047148E-03
+8.3252500E-03,+6.9254912E-03,-46.6015243E-03,+91.6103947E-03
+8.3255437E-03,+9.1760926E-03,-46.4478302E-03,+91.6060512E-03
+8.3258375E-03,+11.2013251E-03,-46.8320653E-03,+91.5990348E-03
+8.3261312E-03,+11.7063469E-03,-46.8370770E-03,+91.6060512E-03
+8.3264250E-03,+10.8801782E-03,-46.6399477E-03,+91.6012065E-03
+8.3267187E-03,+9.9936244E-03,-46.8671476E-03,+91.6160747E-03
+8.3270125E-03,+8.7624753E-03,-46.8671476E-03,+91.6060512E-03
+8.3273062E-03,+6.7878148E-03,-46.8671476E-03,+91.5925195E-03
+8.3276000E-03,+7.4378636E-03,-46.8237123E-03,+91.5933548E-03
+8.3278937E-03,+8.5475443E-03,-46.7318300E-03,+91.6125665E-03
+8.3281875E-03,+10.0616540E-03,-46.8755005E-03,+91.6117312E-03
+8.3284812E-03,+11.1095899E-03,-46.9941122E-03,+91.5925195E-03
+8.3287750E-03,+11.0826867E-03,-46.7752653E-03,+91.5868395E-03
+8.3290687E-03,+10.8590085E-03,-46.9673828E-03,+91.5890112E-03
+8.3293625E-03,+9.0452522E-03,-46.9590299E-03,+91.5968630E-03
+8.3296562E-03,+8.0154356E-03,-46.6800418E-03,+91.6025430E-03
+8.3299500E-03,+7.5271364E-03,-46.5046302E-03,+91.5960277E-03
+8.3302437E-03,+9.1148990E-03,-46.8320653E-03,+91.5768159E-03
+8.3305375E-03,+9.9040575E-03,-46.8153594E-03,+91.5798230E-03
+8.3308312E-03,+10.9420701E-03,-46.5397125E-03,+91.6025430E-03
+8.3311250E-03,+10.7420975E-03,-46.7318300E-03,+91.5981995E-03
+8.3314187E-03,+10.1083670E-03,-46.7669124E-03,+91.5933548E-03
+8.3317125E-03,+8.8492122E-03,-46.7535477E-03,+91.6060512E-03
+8.3320062E-03,+7.6015978E-03,-46.8671476E-03,+91.5946912E-03
+8.3323000E-03,+7.4901630E-03,-46.8671476E-03,+91.5990348E-03
+8.3325937E-03,+8.0418977E-03,-46.9105828E-03,+91.6038795E-03
+8.3328875E-03,+9.3380994E-03,-46.9155946E-03,+91.5890112E-03
+8.3331812E-03,+10.8462920E-03,-46.6967477E-03,+91.5946912E-03
+8.3334750E-03,+11.6854712E-03,-46.8671476E-03,+91.5946912E-03
+8.3337687E-03,+11.3170233E-03,-46.8888652E-03,+91.5903477E-03
+8.3340625E-03,+10.1877901E-03,-46.9891004E-03,+91.5789877E-03
+8.3343562E-03,+8.1534795E-03,-46.9506769E-03,+91.5855030E-03
+8.3346500E-03,+7.6352267E-03,-46.5747949E-03,+91.5981995E-03
+8.3349437E-03,+7.1356076E-03,-46.6967477E-03,+91.5846677E-03
+8.3352375E-03,+8.7606009E-03,-46.8237123E-03,+91.5855030E-03
+8.3355312E-03,+10.5816710E-03,-46.6883948E-03,+91.6003712E-03
+8.3358250E-03,+10.7872301E-03,-46.7401830E-03,+91.5925195E-03
+8.3361187E-03,+10.4287421E-03,-46.9155946E-03,+91.5846677E-03
+8.3364125E-03,+9.4216021E-03,-46.6967477E-03,+91.5855030E-03
+8.3367062E-03,+7.9679876E-03,-46.8454299E-03,+91.6025430E-03
+8.3370000E-03,+6.7758333E-03,-46.8320653E-03,+91.5981995E-03
+8.3372937E-03,+7.7528728E-03,-46.9239475E-03,+91.5933548E-03
+8.3375875E-03,+8.9895716E-03,-46.8671476E-03,+91.6103947E-03
+8.3378812E-03,+10.0913504E-03,-46.8888652E-03,+91.6082230E-03
+8.3381750E-03,+11.2588434E-03,-46.9022299E-03,+91.6047148E-03
+8.3384687E-03,+11.0953297E-03,-46.7669124E-03,+91.6082230E-03
+8.3387625E-03,+8.8301742E-03,-46.7101124E-03,+91.5981995E-03
+8.3390562E-03,+7.0690481E-03,-46.6449595E-03,+91.5890112E-03
+8.3393500E-03,+5.6613380E-03,-46.6048654E-03,+91.6012065E-03
+8.3396437E-03,+6.0120710E-03,-46.8370770E-03,+91.6117312E-03
+8.3399375E-03,+8.3461750E-03,-46.5747949E-03,+91.5946912E-03
+8.3402312E-03,+10.4676267E-03,-46.6967477E-03,+91.5968630E-03
+8.3405250E-03,+11.9205796E-03,-46.8237123E-03,+91.6003712E-03
+8.3408187E-03,+12.3426501E-03,-46.7101124E-03,+91.5990348E-03
+8.3411125E-03,+11.2597623E-03,-46.7101124E-03,+91.6060512E-03
+8.3414062E-03,+8.6968714E-03,-46.6666771E-03,+91.5946912E-03
+8.3417000E-03,+7.4956024E-03,-46.6182301E-03,+91.5925195E-03
+8.3419937E-03,+5.7573734E-03,-46.7886300E-03,+91.5890112E-03
+8.3422875E-03,+7.4348130E-03,-46.7234771E-03,+91.5946912E-03
+8.3425812E-03,+10.9913557E-03,-46.6616654E-03,+91.5968630E-03
+8.3428750E-03,+13.2802904E-03,-46.8153594E-03,+91.6068865E-03
+8.3431687E-03,+12.8681065E-03,-46.5397125E-03,+91.6160747E-03
+8.3434625E-03,+11.1054000E-03,-46.7752653E-03,+91.6082230E-03
+8.3437562E-03,+8.6701888E-03,-46.9456652E-03,+91.6025430E-03
+8.3440500E-03,+6.7380514E-03,-46.9891004E-03,+91.6025430E-03
+8.3443437E-03,+5.3091716E-03,-47.0375475E-03,+91.6003712E-03
+8.3446375E-03,+7.2255420E-03,-46.8888652E-03,+91.5990348E-03
+8.3449312E-03,+10.5788410E-03,-46.9239475E-03,+91.6038795E-03
+8.3452250E-03,+12.2462104E-03,-46.8454299E-03,+91.5846677E-03
+8.3455187E-03,+12.3216642E-03,-46.7886300E-03,+91.5855030E-03
+8.3458125E-03,+11.2558297E-03,-46.8320653E-03,+91.6003712E-03
+8.3461062E-03,+10.2447203E-03,-46.9022299E-03,+91.5925195E-03
+8.3464000E-03,+8.1002981E-03,-46.7451947E-03,+91.5933548E-03
+8.3466937E-03,+6.3513004E-03,-46.6315948E-03,+91.6103947E-03
+8.3469875E-03,+7.2191102E-03,-46.6533124E-03,+91.6125665E-03
+8.3472812E-03,+9.8322791E-03,-46.7752653E-03,+91.6160747E-03
+8.3475750E-03,+12.2154115E-03,-46.8587946E-03,+91.6103947E-03
+8.3478687E-03,+12.3763893E-03,-46.6967477E-03,+91.6038795E-03
+8.3481625E-03,+10.6811612E-03,-46.8454299E-03,+91.5933548E-03
+8.3484562E-03,+8.4656956E-03,-46.8103476E-03,+91.6060512E-03
+8.3487500E-03,+7.1524405E-03,-46.7802771E-03,+91.5946912E-03
+8.3490437E-03,+6.1659922E-03,-46.5747949E-03,+91.5968630E-03
+8.3493375E-03,+7.5251517E-03,-46.6750301E-03,+91.6068865E-03
+8.3496312E-03,+9.1717925E-03,-46.8103476E-03,+91.6139030E-03
+8.3499250E-03,+10.9862103E-03,-46.8237123E-03,+91.6047148E-03
+8.3502187E-03,+11.7146163E-03,-46.7969829E-03,+91.6082230E-03
+8.3505125E-03,+11.0559674E-03,-47.0024651E-03,+91.6025430E-03
+8.3508062E-03,+9.2873069E-03,-46.8370770E-03,+91.6025430E-03
+8.3511000E-03,+7.5061872E-03,-46.6399477E-03,+91.6003712E-03
+8.3513937E-03,+7.1323366E-03,-46.8454299E-03,+91.5968630E-03
+8.3516875E-03,+8.3458443E-03,-46.7886300E-03,+91.5981995E-03
+8.3519812E-03,+9.8979933E-03,-46.7234771E-03,+91.5890112E-03
+8.3522750E-03,+11.2312420E-03,-46.6399477E-03,+91.5946912E-03
+8.3525687E-03,+12.2677844E-03,-46.8237123E-03,+91.5968630E-03
+8.3528625E-03,+10.8948058E-03,-46.7752653E-03,+91.6025430E-03
+8.3531562E-03,+9.4300552E-03,-46.9239475E-03,+91.6003712E-03
+8.3534500E-03,+7.8160878E-03,-46.8237123E-03,+91.5968630E-03
+8.3537437E-03,+7.8083697E-03,-46.7969829E-03,+91.6003712E-03
+8.3540375E-03,+8.3203378E-03,-46.8721593E-03,+91.5968630E-03
+8.3543312E-03,+9.1705796E-03,-46.5614302E-03,+91.6068865E-03
+8.3546250E-03,+10.1823139E-03,-46.8537829E-03,+91.6139030E-03
+8.3549187E-03,+10.1378428E-03,-46.9590299E-03,+91.5916842E-03
+8.3552125E-03,+10.6305891E-03,-46.8972181E-03,+91.5763148E-03
+8.3555062E-03,+9.6385545E-03,-47.1377827E-03,+91.6038795E-03
+8.3558000E-03,+8.0656401E-03,-46.9807475E-03,+91.5933548E-03
+8.3560937E-03,+7.1314913E-03,-46.8888652E-03,+91.6038795E-03
+8.3563875E-03,+8.0051080E-03,-46.9239475E-03,+91.5955265E-03
+8.3566812E-03,+9.0307348E-03,-46.9105828E-03,+91.6182465E-03
+8.3569750E-03,+9.9617964E-03,-47.0024651E-03,+91.6139030E-03
+8.3572687E-03,+10.1837472E-03,-46.8587946E-03,+91.6047148E-03
+8.3575625E-03,+10.0357800E-03,-46.6750301E-03,+91.6082230E-03
+8.3578562E-03,+9.0497729E-03,-46.7451947E-03,+91.5960277E-03
+8.3581500E-03,+7.6901723E-03,-46.7401830E-03,+91.5768159E-03
+8.3584437E-03,+7.4337840E-03,-46.9590299E-03,+91.5798230E-03
+8.3587375E-03,+7.8281795E-03,-46.7669124E-03,+91.6003712E-03
+8.3590312E-03,+9.4673594E-03,-46.7318300E-03,+91.5968630E-03
+8.3593250E-03,+10.0398963E-03,-46.7669124E-03,+91.6003712E-03
+8.3596187E-03,+10.6306994E-03,-46.7535477E-03,+91.5925195E-03
+8.3599125E-03,+11.5552924E-03,-46.9105828E-03,+91.5911830E-03
+8.3602062E-03,+10.6159982E-03,-46.9590299E-03,+91.6068865E-03
+8.3605000E-03,+9.1241240E-03,-46.8320653E-03,+91.6117312E-03
+8.3607937E-03,+7.6974862E-03,-46.9022299E-03,+91.5968630E-03
+8.3610875E-03,+7.4097108E-03,-46.8320653E-03,+91.5981995E-03
+8.3613812E-03,+8.4479439E-03,-46.9673828E-03,+91.5890112E-03
+8.3616750E-03,+9.8954573E-03,-47.0024651E-03,+91.5968630E-03
+8.3619687E-03,+11.5260371E-03,-46.8805123E-03,+91.5960277E-03
+8.3622625E-03,+11.5809092E-03,-46.7318300E-03,+91.5833312E-03
+8.3625562E-03,+11.1248791E-03,-46.7451947E-03,+91.5925195E-03
+8.3628500E-03,+10.0407416E-03,-46.5664419E-03,+91.5911830E-03
+8.3631437E-03,+8.4215921E-03,-46.5480655E-03,+91.6047148E-03
+8.3634375E-03,+7.6909074E-03,-46.8805123E-03,+91.6125665E-03
+8.3637312E-03,+7.3534421E-03,-46.7318300E-03,+91.6117312E-03
+8.3640250E-03,+8.2985800E-03,-46.7234771E-03,+91.5946912E-03
+8.3643187E-03,+9.8478256E-03,-46.6399477E-03,+91.5946912E-03
+8.3646125E-03,+10.9574328E-03,-46.8671476E-03,+91.5946912E-03
+8.3649062E-03,+10.6413945E-03,-46.8671476E-03,+91.5925195E-03
+8.3652000E-03,+8.9752012E-03,-46.8019947E-03,+91.5911830E-03
+8.3654937E-03,+8.1304722E-03,-46.7619006E-03,+91.6025430E-03
+8.3657875E-03,+6.9099080E-03,-47.0158298E-03,+91.6003712E-03
+8.3660812E-03,+7.8417413E-03,-46.7669124E-03,+91.6033783E-03
+8.3663750E-03,+10.2249840E-03,-46.7318300E-03,+91.6239265E-03
+8.3666687E-03,+11.7854024E-03,-46.8320653E-03,+91.6117312E-03
+8.3669625E-03,+11.6546723E-03,-46.9456652E-03,+91.5968630E-03
+8.3672562E-03,+11.0048441E-03,-46.8370770E-03,+91.5981995E-03
+8.3675500E-03,+9.0866728E-03,-46.6616654E-03,+91.5868395E-03
+8.3678437E-03,+7.1693835E-03,-46.9891004E-03,+91.5868395E-03
+8.3681375E-03,+6.6639942E-03,-47.0158298E-03,+91.5911830E-03
+8.3684312E-03,+6.9456318E-03,-46.8537829E-03,+91.5938559E-03
+8.3687250E-03,+8.2486696E-03,-46.9590299E-03,+91.5733077E-03
+8.3690187E-03,+10.0660276E-03,-46.8103476E-03,+91.5768159E-03
+8.3693125E-03,+11.5298226E-03,-46.7802771E-03,+91.5754795E-03
+8.3696062E-03,+11.9071648E-03,-46.6182301E-03,+91.5890112E-03
+8.3699000E-03,+9.6677731E-03,-46.7669124E-03,+91.5903477E-03
+8.3701937E-03,+7.4379003E-03,-46.7318300E-03,+91.5811595E-03
+8.3704875E-03,+6.0196421E-03,-46.7234771E-03,+91.5846677E-03
+8.3707812E-03,+7.0380286E-03,-46.5747949E-03,+91.5833312E-03
+8.3710750E-03,+8.0925799E-03,-46.7619006E-03,+91.5968630E-03
+8.3713687E-03,+9.8414673E-03,-47.0158298E-03,+91.6003712E-03
+8.3716625E-03,+10.7608414E-03,-46.8755005E-03,+91.5946912E-03
+8.3719562E-03,+11.2477441E-03,-46.9941122E-03,+91.5990348E-03
+8.3722500E-03,+10.2836417E-03,-46.7535477E-03,+91.6060512E-03
+8.3725437E-03,+8.5306380E-03,-46.8019947E-03,+91.5946912E-03
+8.3728375E-03,+7.4053005E-03,-46.7184653E-03,+91.5968630E-03
+8.3731312E-03,+7.6939211E-03,-46.9673828E-03,+91.5960277E-03
+8.3734250E-03,+9.3744481E-03,-46.9155946E-03,+91.5898465E-03
+8.3737187E-03,+10.2174129E-03,-46.7401830E-03,+91.6139030E-03
+8.3740125E-03,+11.3089744E-03,-46.9155946E-03,+91.5981995E-03
+8.3743062E-03,+11.3643978E-03,-46.6533124E-03,+91.5933548E-03
+8.3746000E-03,+10.0765757E-03,-46.6666771E-03,+91.6038795E-03
+8.3748937E-03,+7.7641559E-03,-46.5747949E-03,+91.5911830E-03
+8.3751875E-03,+6.8048314E-03,-46.6533124E-03,+91.5981995E-03
+8.3754812E-03,+7.2931306E-03,-46.6232419E-03,+91.5890112E-03
+8.3757750E-03,+9.3214136E-03,-46.5046302E-03,+91.5968630E-03
+8.3760687E-03,+10.2757030E-03,-46.8972181E-03,+91.6047148E-03
+8.3763625E-03,+10.6268036E-03,-47.0509121E-03,+91.6060512E-03
+8.3766562E-03,+10.3767368E-03,-46.6883948E-03,+91.5925195E-03
+8.3769500E-03,+8.7247301E-03,-46.6750301E-03,+91.5890112E-03
+8.3772437E-03,+7.4552110E-03,-46.7669124E-03,+91.5925195E-03
+8.3775375E-03,+7.0863587E-03,-46.7318300E-03,+91.5824959E-03
+8.3778312E-03,+7.9063162E-03,-46.7234771E-03,+91.5798230E-03
+8.3781250E-03,+9.0308451E-03,-46.5747949E-03,+91.5981995E-03
+8.3784187E-03,+10.2047331E-03,-46.7401830E-03,+91.5890112E-03
+8.3787125E-03,+10.0516940E-03,-47.0241828E-03,+91.5946912E-03
+8.3790062E-03,+9.9264768E-03,-47.0024651E-03,+91.5968630E-03
+8.3793000E-03,+9.9095705E-03,-46.9022299E-03,+91.5981995E-03
+8.3795937E-03,+8.5068588E-03,-46.7886300E-03,+91.5868395E-03
+8.3798875E-03,+7.5373904E-03,-46.8537829E-03,+91.5911830E-03
+8.3801812E-03,+8.4275828E-03,-46.9373122E-03,+91.5981995E-03
+8.3804750E-03,+8.6233655E-03,-46.7969829E-03,+91.5868395E-03
+8.3807687E-03,+9.6123864E-03,-46.9373122E-03,+91.5911830E-03
+8.3810625E-03,+10.3335153E-03,-46.7318300E-03,+91.6025430E-03
+8.3813562E-03,+10.5316503E-03,-46.7234771E-03,+91.5981995E-03
+8.3816500E-03,+10.4022065E-03,-46.5965125E-03,+91.5933548E-03
+8.3819437E-03,+9.1886989E-03,-46.7535477E-03,+91.6082230E-03
+8.3822375E-03,+8.2191570E-03,-46.8019947E-03,+91.6068865E-03
+8.3825312E-03,+8.1485179E-03,-46.6967477E-03,+91.6073877E-03
+8.3828250E-03,+8.6755914E-03,-46.8454299E-03,+91.5811595E-03
+8.3831187E-03,+9.6649431E-03,-46.8320653E-03,+91.5890112E-03
+8.3834125E-03,+10.2676909E-03,-46.9022299E-03,+91.5946912E-03
+8.3837062E-03,+10.7634877E-03,-46.7451947E-03,+91.5968630E-03
+8.3840000E-03,+10.6700250E-03,-46.6750301E-03,+91.5981995E-03
+8.3842937E-03,+10.0827502E-03,-46.8103476E-03,+91.5890112E-03
+8.3845875E-03,+8.4270315E-03,-46.8237123E-03,+91.5968630E-03
+8.3848812E-03,+7.7896257E-03,-46.7752653E-03,+91.6025430E-03
+8.3851750E-03,+7.5209619E-03,-46.9673828E-03,+91.6003712E-03
+8.3854687E-03,+8.2002292E-03,-46.9590299E-03,+91.5925195E-03
+8.3857625E-03,+9.6794605E-03,-46.7886300E-03,+91.5868395E-03
+8.3860562E-03,+10.4188556E-03,-46.7886300E-03,+91.5911830E-03
+8.3863500E-03,+11.1979439E-03,-46.8103476E-03,+91.6025430E-03
+8.3866437E-03,+10.3796035E-03,-46.8671476E-03,+91.6047148E-03
+8.3869375E-03,+8.8602013E-03,-46.8454299E-03,+91.6125665E-03
+8.3872312E-03,+7.8820593E-03,-46.7451947E-03,+91.6160747E-03
+8.3875250E-03,+7.8359711E-03,-46.6533124E-03,+91.6017077E-03
+8.3878187E-03,+7.5453291E-03,-46.6883948E-03,+91.5855030E-03
+8.3881125E-03,+8.4606971E-03,-46.7401830E-03,+91.6025430E-03
+8.3884062E-03,+10.0417340E-03,-47.0024651E-03,+91.6003712E-03
+8.3887000E-03,+10.6807936E-03,-46.8587946E-03,+91.5925195E-03
+8.3889937E-03,+10.4666344E-03,-46.6750301E-03,+91.5868395E-03
+8.3892875E-03,+9.5468560E-03,-46.8320653E-03,+91.5868395E-03
+8.3895812E-03,+7.5659475E-03,-46.9673828E-03,+91.5911830E-03
+8.3898750E-03,+6.6987257E-03,-46.9373122E-03,+91.6003712E-03
+8.3901687E-03,+7.1615552E-03,-46.6883948E-03,+91.5925195E-03
+8.3904625E-03,+8.5677951E-03,-46.6315948E-03,+91.5846677E-03
+8.3907562E-03,+10.8824936E-03,-46.7619006E-03,+91.5833312E-03
+8.3910500E-03,+12.2334939E-03,-47.0809827E-03,+91.5946912E-03
+8.3913437E-03,+10.9188055E-03,-46.9155946E-03,+91.5925195E-03
+8.3916375E-03,+9.4301655E-03,-46.7401830E-03,+91.5911830E-03
+8.3919312E-03,+8.5489041E-03,-46.9590299E-03,+91.6025430E-03
+8.3922250E-03,+7.9383647E-03,-46.7669124E-03,+91.6047148E-03
+8.3925187E-03,+7.8581331E-03,-46.7101124E-03,+91.6082230E-03
+8.3928125E-03,+8.8238894E-03,-46.7969829E-03,+91.5981995E-03
+8.3931062E-03,+10.6045681E-03,-46.9590299E-03,+91.5846677E-03
+8.3934000E-03,+12.1910076E-03,-46.7886300E-03,+91.5833312E-03
+8.3936937E-03,+12.0786172E-03,-46.7234771E-03,+91.5946912E-03
+8.3939875E-03,+10.2693448E-03,-46.5965125E-03,+91.5946912E-03
+8.3942812E-03,+8.5509623E-03,-46.7969829E-03,+91.5925195E-03
+8.3945750E-03,+7.6563229E-03,-46.9590299E-03,+91.5890112E-03
+8.3948687E-03,+7.5681894E-03,-46.7451947E-03,+91.6012065E-03
+8.3951625E-03,+8.5430604E-03,-46.6533124E-03,+91.6117312E-03
+8.3954562E-03,+10.0209685E-03,-46.7969829E-03,+91.5925195E-03
+8.3957500E-03,+11.3618986E-03,-46.8938770E-03,+91.5890112E-03
+8.3960437E-03,+10.7220304E-03,-46.6399477E-03,+91.5925195E-03
+8.3963375E-03,+9.5599768E-03,-46.8671476E-03,+91.5911830E-03
+8.3966312E-03,+7.3537362E-03,-46.8671476E-03,+91.6003712E-03
+8.3969250E-03,+6.3107252E-03,-46.9323005E-03,+91.5968630E-03
+8.3972187E-03,+6.3206852E-03,-46.9941122E-03,+91.5981995E-03
+8.3975125E-03,+8.5571735E-03,-46.6666771E-03,+91.5890112E-03
+8.3978062E-03,+10.5599500E-03,-46.6399477E-03,+91.5946912E-03
+8.3981000E-03,+12.0474139E-03,-46.8237123E-03,+91.5925195E-03
+8.3983937E-03,+11.4986929E-03,-46.6883948E-03,+91.5890112E-03
+8.3986875E-03,+10.6584479E-03,-46.6750301E-03,+91.5946912E-03
+8.3989812E-03,+8.4509209E-03,-46.7234771E-03,+91.5925195E-03
+8.3992750E-03,+7.4635539E-03,-46.5747949E-03,+91.5824959E-03
+8.3995687E-03,+8.0005507E-03,-46.6315948E-03,+91.5798230E-03
+8.3998625E-03,+9.4369280E-03,-46.5664419E-03,+91.6003712E-03
+8.4001562E-03,+10.7827829E-03,-46.4829126E-03,+91.5968630E-03
+8.4004500E-03,+11.7632037E-03,-46.7752653E-03,+91.6025430E-03
+8.4007437E-03,+11.3560916E-03,-46.8370770E-03,+91.5981995E-03
+8.4010375E-03,+10.4647233E-03,-46.6833830E-03,+91.5846677E-03
+8.4013312E-03,+8.5301602E-03,-46.8721593E-03,+91.5855030E-03
+8.4016250E-03,+7.0596761E-03,-46.6048654E-03,+91.6025430E-03
+8.4019187E-03,+6.5881362E-03,-46.9456652E-03,+91.5938559E-03
+8.4022125E-03,+7.9585053E-03,-46.8805123E-03,+91.5798230E-03
+8.4025062E-03,+10.0927837E-03,-46.7318300E-03,+91.5981995E-03
+8.4028000E-03,+10.8781200E-03,-46.8103476E-03,+91.5890112E-03
+8.4030937E-03,+10.6981410E-03,-46.8237123E-03,+91.5946912E-03
+8.4033875E-03,+9.6018384E-03,-46.7752653E-03,+91.5903477E-03
+8.4036812E-03,+8.4889601E-03,-46.9673828E-03,+91.5855030E-03
+8.4039750E-03,+7.5047539E-03,-46.9373122E-03,+91.6003712E-03
+8.4042687E-03,+7.5264381E-03,-46.7752653E-03,+91.5968630E-03
+8.4045625E-03,+9.0575277E-03,-46.9022299E-03,+91.5960277E-03
+8.4048562E-03,+10.6456946E-03,-46.7669124E-03,+91.5855030E-03
+8.4051500E-03,+12.1163624E-03,-46.6883948E-03,+91.6068865E-03
+8.4054437E-03,+11.2113954E-03,-46.6315948E-03,+91.6073877E-03
+8.4057375E-03,+9.5641299E-03,-46.6315948E-03,+91.5811595E-03
+8.4060312E-03,+7.9031187E-03,-46.6967477E-03,+91.5890112E-03
+8.4063250E-03,+6.8252660E-03,-46.9323005E-03,+91.5968630E-03
+8.4066187E-03,+6.9546730E-03,-47.1027003E-03,+91.6003712E-03
+8.4069125E-03,+8.0693889E-03,-46.9941122E-03,+91.5925195E-03
+8.4072062E-03,+9.1578999E-03,-46.7101124E-03,+91.5868395E-03
+8.4075000E-03,+9.9998724E-03,-46.6883948E-03,+91.5890112E-03
+8.4077937E-03,+10.9506703E-03,-46.6533124E-03,+91.5925195E-03
+8.4080875E-03,+9.8911205E-03,-46.6666771E-03,+91.5933548E-03
+8.4083812E-03,+8.8918823E-03,-46.5313596E-03,+91.6103947E-03
+8.4086750E-03,+8.3452563E-03,-46.5831478E-03,+91.6060512E-03
+8.4089687E-03,+7.3033479E-03,-46.8454299E-03,+91.5968630E-03
+8.4092625E-03,+7.6534929E-03,-46.8972181E-03,+91.5981995E-03
+8.4095562E-03,+8.9764875E-03,-47.0943474E-03,+91.5868395E-03
+8.4098500E-03,+10.0408519E-03,-46.8671476E-03,+91.5868395E-03
+8.4101437E-03,+10.8102374E-03,-46.9540181E-03,+91.5803242E-03
+8.4104375E-03,+11.0023449E-03,-47.0726298E-03,+91.5697995E-03
+8.4107312E-03,+9.3571007E-03,-46.8320653E-03,+91.5890112E-03
+8.4110250E-03,+8.3233883E-03,-46.9673828E-03,+91.5903477E-03
+8.4113187E-03,+8.1840212E-03,-46.9807475E-03,+91.5876748E-03
+8.4116125E-03,+8.3875588E-03,-46.7368418E-03,+91.6060512E-03
+8.4119062E-03,+9.9685221E-03,-46.4177597E-03,+91.5968630E-03
+8.4122000E-03,+11.0001029E-03,-46.4745596E-03,+91.6025430E-03
+8.4124937E-03,+11.2185255E-03,-46.6265831E-03,+91.6003712E-03
+8.4127875E-03,+10.9480976E-03,-46.9155946E-03,+91.5946912E-03
+8.4130812E-03,+9.5396892E-03,-46.6315948E-03,+91.5925195E-03
+8.4133750E-03,+8.4871225E-03,-46.7184653E-03,+91.5846677E-03
+8.4136687E-03,+8.1399177E-03,-46.8805123E-03,+91.5833312E-03
+8.4139625E-03,+7.5238286E-03,-46.7101124E-03,+91.5903477E-03
+8.4142562E-03,+8.5876417E-03,-46.7535477E-03,+91.5789877E-03
+8.4145500E-03,+9.8588147E-03,-46.8019947E-03,+91.5855030E-03
+8.4148437E-03,+11.5333142E-03,-46.7184653E-03,+91.5981995E-03
+8.4151375E-03,+11.0321147E-03,-46.9022299E-03,+91.5890112E-03
+8.4154312E-03,+9.2219603E-03,-46.7451947E-03,+91.5968630E-03
+8.4157250E-03,+7.6568007E-03,-46.7401830E-03,+91.5981995E-03
+8.4160187E-03,+7.0716208E-03,-46.9373122E-03,+91.5890112E-03
+8.4163125E-03,+6.8849160E-03,-46.6883948E-03,+91.6012065E-03
+8.4166062E-03,+8.1313910E-03,-46.6967477E-03,+91.6117312E-03
+8.4169000E-03,+9.3539032E-03,-46.9540181E-03,+91.5990348E-03
+8.4171937E-03,+10.1200912E-03,-47.1812179E-03,+91.6125665E-03
+8.4174875E-03,+10.2930504E-03,-47.1160650E-03,+91.6095595E-03
+8.4177812E-03,+9.2939960E-03,-46.8587946E-03,+91.5911830E-03
+8.4180750E-03,+8.5035143E-03,-46.6750301E-03,+91.6003712E-03
+8.4183687E-03,+7.5004538E-03,-46.7886300E-03,+91.5968630E-03
+8.4186625E-03,+6.5012891E-03,-46.7669124E-03,+91.5981995E-03
+8.4189562E-03,+7.6259650E-03,-46.6883948E-03,+91.5911830E-03
+8.4192500E-03,+10.2071588E-03,-46.7184653E-03,+91.5938559E-03
+8.4195437E-03,+11.8572176E-03,-46.8805123E-03,+91.5798230E-03
+8.4198375E-03,+11.9581044E-03,-46.8187006E-03,+91.5981995E-03
+8.4201312E-03,+11.0941536E-03,-47.0158298E-03,+91.5890112E-03
+8.4204250E-03,+8.9475263E-03,-46.7886300E-03,+91.5968630E-03
+8.4207187E-03,+7.2613026E-03,-46.7669124E-03,+91.5981995E-03
+8.4210125E-03,+7.0385432E-03,-46.7318300E-03,+91.5911830E-03
+8.4213062E-03,+7.6870851E-03,-46.8755005E-03,+91.6003712E-03
+8.4216000E-03,+9.7528561E-03,-47.0592651E-03,+91.5990348E-03
+8.4218937E-03,+10.7585628E-03,-46.9239475E-03,+91.6082230E-03
+8.4221875E-03,+11.8841575E-03,-46.7585594E-03,+91.6025430E-03
+8.4224812E-03,+11.0714403E-03,-46.6048654E-03,+91.5938559E-03
+8.4227750E-03,+9.5330737E-03,-46.9022299E-03,+91.5754795E-03
+8.4230687E-03,+7.8003943E-03,-46.7886300E-03,+91.5911830E-03
+8.4233625E-03,+6.6930658E-03,-46.7451947E-03,+91.5981995E-03
+8.4236562E-03,+6.8233548E-03,-46.6967477E-03,+91.5933548E-03
+8.4239500E-03,+8.6560021E-03,-46.8454299E-03,+91.6060512E-03
+8.4242437E-03,+10.8949528E-03,-46.7669124E-03,+91.5968630E-03
+8.4245375E-03,+11.9725482E-03,-46.7318300E-03,+91.5981995E-03
+8.4248312E-03,+11.5241260E-03,-46.7451947E-03,+91.5890112E-03
+8.4251250E-03,+9.7125749E-03,-46.6967477E-03,+91.5968630E-03
+8.4254187E-03,+8.0477047E-03,-46.8671476E-03,+91.5960277E-03
+8.4257125E-03,+6.3962860E-03,-46.8237123E-03,+91.5833312E-03
+8.4260062E-03,+7.4573426E-03,-46.7969829E-03,+91.5925195E-03
+8.4263000E-03,+9.7588100E-03,-47.0241828E-03,+91.5868395E-03
+8.4265937E-03,+11.6432421E-03,-46.9155946E-03,+91.5911830E-03
+8.4268875E-03,+11.9639848E-03,-46.6967477E-03,+91.6003712E-03
+8.4271812E-03,+11.0621786E-03,-46.8671476E-03,+91.5946912E-03
+8.4274750E-03,+8.4923414E-03,-46.8237123E-03,+91.6012065E-03
+8.4277687E-03,+6.8339397E-03,-46.7752653E-03,+91.6160747E-03
+8.4280625E-03,+6.1385378E-03,-46.9239475E-03,+91.6038795E-03
+8.4283562E-03,+6.7993919E-03,-46.8454299E-03,+91.5846677E-03
+8.4286500E-03,+8.5939264E-03,-46.7669124E-03,+91.5833312E-03
+8.4289437E-03,+10.5816342E-03,-46.6883948E-03,+91.5903477E-03
+8.4292375E-03,+11.6504090E-03,-46.6098772E-03,+91.5811595E-03
+8.4295312E-03,+10.9958028E-03,-46.6182301E-03,+91.5911830E-03
+8.4298250E-03,+10.3334786E-03,-46.7886300E-03,+91.5981995E-03
+8.4301187E-03,+8.2653187E-03,-46.8755005E-03,+91.5868395E-03
+8.4304125E-03,+7.5204841E-03,-46.9941122E-03,+91.5846677E-03
+8.4307062E-03,+7.4549904E-03,-46.6883948E-03,+91.5789877E-03
+8.4310000E-03,+9.0959345E-03,-46.7401830E-03,+91.5811595E-03
+8.4312937E-03,+10.7018530E-03,-46.9373122E-03,+91.5911830E-03
+8.4315875E-03,+10.9437240E-03,-46.7535477E-03,+91.5960277E-03
+8.4318812E-03,+10.1811378E-03,-46.8019947E-03,+91.5768159E-03
+8.4321750E-03,+8.6964671E-03,-46.6315948E-03,+91.5754795E-03
+8.4324687E-03,+7.9883855E-03,-46.6967477E-03,+91.5911830E-03
+8.4327625E-03,+7.3972149E-03,-46.7585594E-03,+91.6003712E-03
+8.4330562E-03,+7.6729719E-03,-46.4962773E-03,+91.5946912E-03
+8.4333500E-03,+9.0790281E-03,-46.5965125E-03,+91.5946912E-03
+8.4336437E-03,+11.0298360E-03,-46.6666771E-03,+91.5990348E-03
+8.4339375E-03,+11.7765817E-03,-46.5313596E-03,+91.6038795E-03
+8.4342312E-03,+10.7321007E-03,-46.4962773E-03,+91.5955265E-03
+8.4345250E-03,+9.4032991E-03,-46.5313596E-03,+91.6073877E-03
+8.4348187E-03,+7.1094763E-03,-46.5179949E-03,+91.5833312E-03
+8.4351125E-03,+6.3435088E-03,-46.6533124E-03,+91.5990348E-03
+8.4354062E-03,+6.4808545E-03,-46.7318300E-03,+91.6060512E-03
+8.4357000E-03,+8.3309226E-03,-46.8103476E-03,+91.5903477E-03
+8.4359937E-03,+10.9013111E-03,-46.8454299E-03,+91.5789877E-03
+8.4362875E-03,+12.3516545E-03,-46.8320653E-03,+91.5833312E-03
+8.4365812E-03,+11.9546128E-03,-46.8587946E-03,+91.5925195E-03
+8.4368750E-03,+9.8459145E-03,-46.6098772E-03,+91.5955265E-03
+8.4371687E-03,+8.0256162E-03,-46.5965125E-03,+91.6160747E-03
+8.4374625E-03,+7.3124626E-03,-46.6883948E-03,+91.6017077E-03
+8.4377562E-03,+7.9157617E-03,-46.6967477E-03,+91.5876748E-03
+8.4380500E-03,+8.4948406E-03,-46.7585594E-03,+91.6103947E-03
+8.4383437E-03,+10.0000561E-03,-46.5397125E-03,+91.6038795E-03
+8.4386375E-03,+11.0268590E-03,-46.7318300E-03,+91.5911830E-03
+8.4389312E-03,+11.7034067E-03,-46.8537829E-03,+91.5981995E-03
+8.4392250E-03,+11.1925412E-03,-46.8721593E-03,+91.5890112E-03
+8.4395187E-03,+9.5144399E-03,-46.5397125E-03,+91.5946912E-03
+8.4398125E-03,+7.9672525E-03,-46.7101124E-03,+91.5903477E-03
+8.4401062E-03,+7.9763305E-03,-46.6449595E-03,+91.5833312E-03
+8.4404000E-03,+7.9892675E-03,-46.5614302E-03,+91.5968630E-03
+8.4406937E-03,+9.1549229E-03,-46.8103476E-03,+91.6068865E-03
+8.4409875E-03,+10.7971533E-03,-46.8454299E-03,+91.6117312E-03
+8.4412812E-03,+10.9218192E-03,-46.7886300E-03,+91.5903477E-03
+8.4415750E-03,+10.9319998E-03,-46.8320653E-03,+91.5811595E-03
+8.4418687E-03,+9.1394500E-03,-46.8805123E-03,+91.5868395E-03
+8.4421625E-03,+7.4326814E-03,-46.7752653E-03,+91.5868395E-03
+8.4424562E-03,+6.4097376E-03,-46.9456652E-03,+91.5846677E-03
+8.4427500E-03,+7.1034121E-03,-46.9022299E-03,+91.5811595E-03
+8.4430437E-03,+8.0067252E-03,-46.8755005E-03,+91.5868395E-03
+8.4433375E-03,+8.9891305E-03,-46.9289593E-03,+91.5868395E-03
+8.4436312E-03,+10.3487678E-03,-46.4745596E-03,+91.5868395E-03
+8.4439250E-03,+10.6851672E-03,-46.6048654E-03,+91.5846677E-03
+8.4442187E-03,+9.7885799E-03,-46.8587946E-03,+91.5855030E-03
+8.4445125E-03,+8.1664901E-03,-46.6098772E-03,+91.5938559E-03
+8.4448062E-03,+7.7017127E-03,-46.5965125E-03,+91.5798230E-03
+8.4451000E-03,+8.4805805E-03,-46.6666771E-03,+91.6003712E-03
+8.4453937E-03,+9.5924296E-03,-46.5965125E-03,+91.5946912E-03
+8.4456875E-03,+10.4826586E-03,-46.7535477E-03,+91.5925195E-03
+8.4459812E-03,+11.5003468E-03,-46.8454299E-03,+91.5955265E-03
+8.4462750E-03,+11.5552557E-03,-46.7451947E-03,+91.6117312E-03
+8.4465687E-03,+10.3811104E-03,-46.6533124E-03,+91.5946912E-03
+8.4468625E-03,+8.6650434E-03,-46.6666771E-03,+91.5903477E-03
+8.4471562E-03,+6.3033379E-03,-46.6833830E-03,+91.5789877E-03
+8.4474500E-03,+5.8252927E-03,-46.9590299E-03,+91.5855030E-03
+8.4477437E-03,+7.5056359E-03,-46.7669124E-03,+91.5960277E-03
+8.4480375E-03,+9.8533018E-03,-46.6883948E-03,+91.5855030E-03
+8.4483312E-03,+10.8345678E-03,-46.6750301E-03,+91.5981995E-03
+8.4486250E-03,+11.0801508E-03,-46.8320653E-03,+91.5933548E-03
+8.4489187E-03,+10.1796309E-03,-46.8370770E-03,+91.6082230E-03
+8.4492125E-03,+8.4992142E-03,-46.6616654E-03,+91.5981995E-03
+8.4495062E-03,+7.3094121E-03,-46.8805123E-03,+91.5868395E-03
+8.4498000E-03,+7.4845398E-03,-46.6449595E-03,+91.5846677E-03
+8.4500937E-03,+9.0268390E-03,-46.5614302E-03,+91.5811595E-03
+8.4503875E-03,+10.9515156E-03,-46.7886300E-03,+91.5933548E-03
+8.4506812E-03,+12.3734490E-03,-46.7451947E-03,+91.6060512E-03
+8.4509750E-03,+11.7262302E-03,-46.5881596E-03,+91.5968630E-03
+8.4512687E-03,+10.1262289E-03,-46.5397125E-03,+91.6025430E-03
+8.4515625E-03,+8.2533005E-03,-46.7752653E-03,+91.5938559E-03
+8.4518562E-03,+5.6921370E-03,-46.8805123E-03,+91.5754795E-03
+8.4521500E-03,+6.1877867E-03,-46.6883948E-03,+91.5911830E-03
+8.4524437E-03,+7.6266633E-03,-46.6967477E-03,+91.6047148E-03
+8.4527375E-03,+9.5925031E-03,-46.7585594E-03,+91.6038795E-03
+8.4530312E-03,+11.6330983E-03,-46.5831478E-03,+91.5911830E-03
+8.4533250E-03,+11.3137155E-03,-46.8237123E-03,+91.5960277E-03
+8.4536187E-03,+10.7660236E-03,-46.6449595E-03,+91.5855030E-03
+8.4539125E-03,+8.8800112E-03,-46.4745596E-03,+91.6025430E-03
+8.4542062E-03,+7.0515905E-03,-46.5179949E-03,+91.6003712E-03
+8.4545000E-03,+6.7101559E-03,-46.6098772E-03,+91.5946912E-03
+8.4547937E-03,+7.9866948E-03,-46.5747949E-03,+91.5925195E-03
+8.4550875E-03,+10.3236655E-03,-46.6315948E-03,+91.5890112E-03
+8.4553812E-03,+13.4190326E-03,-46.6315948E-03,+91.5925195E-03
+8.4556750E-03,+13.2379878E-03,-46.6750301E-03,+91.5846677E-03
+8.4559687E-03,+11.1963635E-03,-46.7669124E-03,+91.5833312E-03
+8.4562625E-03,+9.3193922E-03,-46.6883948E-03,+91.5946912E-03
+8.4565562E-03,+6.6435229E-03,-46.6533124E-03,+91.5925195E-03
+8.4568500E-03,+6.3279623E-03,-46.6666771E-03,+91.5868395E-03
+8.4571437E-03,+7.6743686E-03,-46.5530772E-03,+91.5868395E-03
+8.4574375E-03,+9.6276389E-03,-46.6182301E-03,+91.5911830E-03
+8.4577312E-03,+11.2238547E-03,-46.7451947E-03,+91.6003712E-03
+8.4580250E-03,+11.0465954E-03,-46.6315948E-03,+91.5903477E-03
+8.4583187E-03,+10.3622561E-03,-46.6967477E-03,+91.5876748E-03
+8.4586125E-03,+7.6576460E-03,-46.8454299E-03,+91.6060512E-03
+8.4589062E-03,+5.6077523E-03,-46.7669124E-03,+91.5946912E-03
+8.4592000E-03,+5.3553332E-03,-46.7969829E-03,+91.5903477E-03
+8.4594937E-03,+7.5889548E-03,-46.9155946E-03,+91.5833312E-03
+8.4597875E-03,+10.5542901E-03,-46.7184653E-03,+91.5903477E-03
+8.4600812E-03,+11.3351792E-03,-46.8805123E-03,+91.5876748E-03
+8.4603750E-03,+12.1316149E-03,-46.7101124E-03,+91.6060512E-03
+8.4606687E-03,+10.6354405E-03,-46.7535477E-03,+91.5925195E-03
+8.4609625E-03,+9.0097489E-03,-46.8237123E-03,+91.5868395E-03
+8.4612562E-03,+7.5224320E-03,-46.6883948E-03,+91.5824959E-03
+8.4615500E-03,+6.7812728E-03,-46.6533124E-03,+91.5689642E-03
+8.4618437E-03,+7.7538651E-03,-46.7318300E-03,+91.5676277E-03
+8.4621375E-03,+9.8271704E-03,-46.8103476E-03,+91.5811595E-03
+8.4624312E-03,+10.9230320E-03,-46.8888652E-03,+91.5933548E-03
+8.4627250E-03,+12.1519025E-03,-46.9022299E-03,+91.6103947E-03
+8.4630187E-03,+11.9340680E-03,-46.7234771E-03,+91.6103947E-03
+8.4633125E-03,+10.2038511E-03,-46.6182301E-03,+91.6082230E-03
+8.4636062E-03,+8.6957688E-03,-46.7886300E-03,+91.5960277E-03
+8.4639000E-03,+7.6349694E-03,-46.8103476E-03,+91.5811595E-03
+8.4641937E-03,+8.1729218E-03,-46.7802771E-03,+91.5911830E-03
+8.4644875E-03,+9.9005660E-03,-46.5530772E-03,+91.5981995E-03
+8.4647812E-03,+11.1179695E-03,-46.6616654E-03,+91.5933548E-03
+8.4650750E-03,+11.8369300E-03,-46.9022299E-03,+91.6038795E-03
+8.4653687E-03,+10.3918422E-03,-46.8103476E-03,+91.5890112E-03
+8.4656625E-03,+8.6003950E-03,-46.8019947E-03,+91.5968630E-03
+8.4659562E-03,+6.5409455E-03,-46.6315948E-03,+91.6025430E-03
+8.4662500E-03,+5.9475329E-03,-46.6750301E-03,+91.6025430E-03
+8.4665437E-03,+7.4997187E-03,-46.7669124E-03,+91.5981995E-03
+8.4668375E-03,+8.9475262E-03,-46.7535477E-03,+91.5846677E-03
+8.4671312E-03,+10.5150380E-03,-46.8019947E-03,+91.5811595E-03
+8.4674250E-03,+10.8356336E-03,-46.7401830E-03,+91.5890112E-03
+8.4677187E-03,+10.3121987E-03,-46.9155946E-03,+91.5990348E-03
+8.4680125E-03,+8.8092250E-03,-46.6750301E-03,+91.6082230E-03
+8.4683062E-03,+7.6484578E-03,-46.7017595E-03,+91.6025430E-03
+8.4686000E-03,+6.0877085E-03,-46.5831478E-03,+91.6025430E-03
+8.4688937E-03,+7.2890143E-03,-46.7802771E-03,+91.6003712E-03
+8.4691875E-03,+8.7120503E-03,-46.5965125E-03,+91.5903477E-03
+8.4694812E-03,+11.3541070E-03,-46.7535477E-03,+91.5855030E-03
+8.4697750E-03,+13.2595985E-03,-46.7151242E-03,+91.5981995E-03
+8.4700687E-03,+12.8951934E-03,-46.4478302E-03,+91.5868395E-03
+8.4703625E-03,+11.7092504E-03,-46.7234771E-03,+91.5911830E-03
+8.4706562E-03,+10.0372134E-03,-46.6399477E-03,+91.5960277E-03
+8.4709500E-03,+8.8244407E-03,-46.7585594E-03,+91.5833312E-03
+8.4712437E-03,+8.1488487E-03,-46.4745596E-03,+91.5968630E-03
+8.4715375E-03,+8.5306012E-03,-46.5614302E-03,+91.6003712E-03
+8.4718312E-03,+9.1920433E-03,-46.7234771E-03,+91.5881759E-03
+8.4721250E-03,+11.0381422E-03,-46.5965125E-03,+91.5754795E-03
+8.4724187E-03,+11.6140236E-03,-46.6232419E-03,+91.5868395E-03
+8.4727125E-03,+10.8566931E-03,-46.5046302E-03,+91.5890112E-03
+8.4730062E-03,+9.4628021E-03,-46.7017595E-03,+91.5903477E-03
+8.4733000E-03,+7.7929335E-03,-46.5397125E-03,+91.5833312E-03
+8.4735937E-03,+6.9231758E-03,-46.7318300E-03,+91.5990348E-03
+8.4738875E-03,+6.6005587E-03,-46.6583242E-03,+91.6038795E-03
+8.4741812E-03,+7.5880359E-03,-46.3826774E-03,+91.5846677E-03
+8.4744750E-03,+9.9440815E-03,-46.5747949E-03,+91.5876748E-03
+8.4747687E-03,+10.9645629E-03,-46.6967477E-03,+91.6082230E-03
+8.4750625E-03,+10.8451159E-03,-46.8019947E-03,+91.6003712E-03
+8.4753562E-03,+9.7056286E-03,-46.6750301E-03,+91.5946912E-03
+8.4756500E-03,+8.4305965E-03,-46.7669124E-03,+91.5968630E-03
+8.4759437E-03,+7.1173782E-03,-46.7752653E-03,+91.6025430E-03
+8.4762375E-03,+6.9633467E-03,-46.8370770E-03,+91.6047148E-03
+8.4765312E-03,+8.4010839E-03,-46.4879243E-03,+91.6038795E-03
+8.4768250E-03,+11.0392080E-03,-46.3826774E-03,+91.5911830E-03
+8.4771187E-03,+12.3242369E-03,-46.5530772E-03,+91.5960277E-03
+8.4774125E-03,+11.9427417E-03,-46.5965125E-03,+91.5855030E-03
+8.4777062E-03,+10.1970885E-03,-46.6449595E-03,+91.6003712E-03
+8.4780000E-03,+7.8868739E-03,-46.5179949E-03,+91.5968630E-03
+8.4782937E-03,+6.0394520E-03,-46.6315948E-03,+91.6003712E-03
+8.4785875E-03,+6.7349641E-03,-46.5664419E-03,+91.5968630E-03
+8.4788812E-03,+8.2141953E-03,-46.4394773E-03,+91.6025430E-03
+8.4791750E-03,+10.4884289E-03,-46.6182301E-03,+91.6047148E-03
+8.4794687E-03,+11.6900286E-03,-46.7886300E-03,+91.6082230E-03
+8.4797625E-03,+11.4913791E-03,-46.8103476E-03,+91.6003712E-03
+8.4800562E-03,+10.0667995E-03,-46.8019947E-03,+91.5968630E-03
+8.4803500E-03,+7.8059440E-03,-46.7619006E-03,+91.6047148E-03
+8.4806437E-03,+6.1996212E-03,-47.0592651E-03,+91.5995359E-03
+8.4809375E-03,+6.2000622E-03,-46.8805123E-03,+91.5798230E-03
+8.4812312E-03,+7.8777959E-03,-46.6666771E-03,+91.6047148E-03
+8.4815250E-03,+10.6196000E-03,-46.5530772E-03,+91.6125665E-03
+8.4818187E-03,+11.2495817E-03,-46.5965125E-03,+91.6204183E-03
+8.4821125E-03,+12.0583296E-03,-46.6666771E-03,+91.6174112E-03
+8.4824062E-03,+10.3734658E-03,-46.5747949E-03,+91.5946912E-03
+8.4827000E-03,+8.2313222E-03,-46.6315948E-03,+91.5990348E-03
+8.4829937E-03,+7.1199876E-03,-46.5881596E-03,+91.6103947E-03
+8.4832875E-03,+6.9250869E-03,-46.6265831E-03,+91.6103947E-03
+8.4835812E-03,+8.7000688E-03,-46.9807475E-03,+91.6060512E-03
+8.4838750E-03,+12.3831885E-03,-46.8019947E-03,+91.5968630E-03
+8.4841687E-03,+13.5157663E-03,-46.6315948E-03,+91.6025430E-03
+8.4844625E-03,+12.8811538E-03,-46.6750301E-03,+91.6025430E-03
+8.4847562E-03,+10.5201834E-03,-46.7451947E-03,+91.6003712E-03
+8.4850500E-03,+7.7965720E-03,-46.6750301E-03,+91.5968630E-03
+8.4853437E-03,+6.5340727E-03,-46.7886300E-03,+91.6025430E-03
+8.4856375E-03,+6.3787916E-03,-46.7886300E-03,+91.6003712E-03
+8.4859312E-03,+7.7936317E-03,-46.8103476E-03,+91.5925195E-03
+8.4862250E-03,+10.3597202E-03,-46.7585594E-03,+91.5911830E-03
+8.4865187E-03,+11.4126544E-03,-46.5831478E-03,+91.6025430E-03
+8.4868125E-03,+11.3705355E-03,-46.7802771E-03,+91.6003712E-03
+8.4871062E-03,+10.1164894E-03,-46.5530772E-03,+91.5946912E-03
+8.4874000E-03,+8.4806908E-03,-46.6182301E-03,+91.5946912E-03
+8.4876937E-03,+6.7062968E-03,-46.7451947E-03,+91.5990348E-03
+8.4879875E-03,+6.7154116E-03,-46.6315948E-03,+91.6125665E-03
+8.4882812E-03,+7.6539707E-03,-46.7184653E-03,+91.6139030E-03
+8.4885750E-03,+10.2786065E-03,-46.9239475E-03,+91.6068865E-03
+8.4888687E-03,+11.7839323E-03,-46.7802771E-03,+91.6073877E-03
+8.4891625E-03,+11.1972456E-03,-46.6399477E-03,+91.5855030E-03
+8.4894562E-03,+10.3197330E-03,-46.7802771E-03,+91.6003712E-03
+8.4897500E-03,+8.8821061E-03,-46.6399477E-03,+91.6012065E-03
+8.4900437E-03,+7.6214444E-03,-46.9105828E-03,+91.6139030E-03
+8.4903375E-03,+7.3881001E-03,-46.9155946E-03,+91.6003712E-03
+8.4906312E-03,+8.3985479E-03,-46.6533124E-03,+91.5990348E-03
+8.4909250E-03,+10.3913644E-03,-46.6666771E-03,+91.6082230E-03
+8.4912187E-03,+12.0102200E-03,-46.6182301E-03,+91.6047148E-03
+8.4915125E-03,+11.5284628E-03,-46.7234771E-03,+91.6060512E-03
+8.4918062E-03,+9.9552544E-03,-46.5313596E-03,+91.5946912E-03
+8.4921000E-03,+8.0439926E-03,-46.4311244E-03,+91.5946912E-03
+8.4923937E-03,+7.1310503E-03,-46.4695479E-03,+91.5990348E-03
+8.4926875E-03,+7.3170935E-03,-46.8237123E-03,+91.6103947E-03
+8.4929812E-03,+8.1081999E-03,-46.6883948E-03,+91.6147383E-03
+8.4932750E-03,+10.0934453E-03,-46.5881596E-03,+91.6195830E-03
+8.4935687E-03,+11.2603503E-03,-46.4745596E-03,+91.6003712E-03
+8.4938625E-03,+10.9205696E-03,-46.5179949E-03,+91.5968630E-03
+8.4941562E-03,+8.9704233E-03,-46.6315948E-03,+91.5981995E-03
+8.4944500E-03,+7.1927584E-03,-46.6315948E-03,+91.5911830E-03
+8.4947437E-03,+6.9203090E-03,-46.6533124E-03,+91.6047148E-03
+8.4950375E-03,+8.0804883E-03,-46.6449595E-03,+91.6169100E-03
+8.4953312E-03,+8.7631369E-03,-46.6265831E-03,+91.6317783E-03
+8.4956250E-03,+9.9048293E-03,-47.0459004E-03,+91.6239265E-03
+8.4959187E-03,+11.1666671E-03,-47.0158298E-03,+91.6225900E-03
+8.4962125E-03,+11.0469261E-03,-46.7234771E-03,+91.6209194E-03
+8.4965062E-03,+10.4477434E-03,-46.5965125E-03,+91.5890112E-03
+8.4968000E-03,+8.5089170E-03,-46.7101124E-03,+91.5925195E-03
+8.4970937E-03,+7.1553439E-03,-46.7752653E-03,+91.5911830E-03
+8.4973875E-03,+7.1659655E-03,-46.8370770E-03,+91.6003712E-03
+8.4976812E-03,+7.6917159E-03,-46.5530772E-03,+91.5925195E-03
+8.4979750E-03,+9.6048153E-03,-46.5313596E-03,+91.5911830E-03
+8.4982687E-03,+11.4422405E-03,-46.5614302E-03,+91.6025430E-03
+8.4985625E-03,+11.3641773E-03,-46.7234771E-03,+91.5981995E-03
+8.4988562E-03,+10.6430851E-03,-46.5965125E-03,+91.5890112E-03
+8.4991500E-03,+8.4126244E-03,-46.6666771E-03,+91.5946912E-03
+8.4994437E-03,+6.2915402E-03,-46.5747949E-03,+91.5990348E-03
+8.4997375E-03,+5.9531929E-03,-46.6533124E-03,+91.6082230E-03
+8.5000312E-03,+6.6193394E-03,-46.6883948E-03,+91.5960277E-03
+8.5003250E-03,+9.2278407E-03,-46.5447243E-03,+91.5898465E-03
+8.5006187E-03,+10.4689498E-03,-46.3609597E-03,+91.6139030E-03
+8.5009125E-03,+12.1747995E-03,-46.4745596E-03,+91.5981995E-03
+8.5012062E-03,+11.3563122E-03,-46.4745596E-03,+91.5868395E-03
+8.5015000E-03,+9.9946903E-03,-46.5614302E-03,+91.5911830E-03
+8.5017937E-03,+7.6478330E-03,-46.7669124E-03,+91.5981995E-03
+8.5020875E-03,+6.6202215E-03,-46.7535477E-03,+91.5868395E-03
+8.5023812E-03,+7.6339036E-03,-46.8019947E-03,+91.5955265E-03
+8.5026750E-03,+9.8789920E-03,-46.6315948E-03,+91.6182465E-03
+8.5029687E-03,+11.9431459E-03,-46.5881596E-03,+91.6160747E-03
+8.5032625E-03,+12.6925746E-03,-46.5831478E-03,+91.6103947E-03
+8.5035562E-03,+11.9022767E-03,-46.7368418E-03,+91.6103947E-03
+8.5038500E-03,+10.5307682E-03,-46.3960421E-03,+91.6125665E-03
+8.5041437E-03,+8.8024993E-03,-46.5046302E-03,+91.6160747E-03
+8.5044375E-03,+5.7728831E-03,-46.7451947E-03,+91.6125665E-03
+8.5047312E-03,+5.4760298E-03,-46.6750301E-03,+91.6160747E-03
+8.5050250E-03,+7.0650420E-03,-46.7234771E-03,+91.6038795E-03
+8.5053187E-03,+9.4093266E-03,-46.5965125E-03,+91.5890112E-03
+8.5056125E-03,+11.6909107E-03,-46.6883948E-03,+91.5968630E-03
+8.5059062E-03,+11.9474460E-03,-46.6533124E-03,+91.6047148E-03
+8.5062000E-03,+10.5335247E-03,-46.6883948E-03,+91.6060512E-03
+8.5064937E-03,+9.0175038E-03,-46.7184653E-03,+91.5968630E-03
+8.5067875E-03,+6.9025574E-03,-46.8805123E-03,+91.6047148E-03
+8.5070812E-03,+6.4257251E-03,-46.7101124E-03,+91.6125665E-03
+8.5073750E-03,+8.2618271E-03,-46.7101124E-03,+91.6139030E-03
+8.5076687E-03,+11.7216361E-03,-46.7101124E-03,+91.6047148E-03
+8.5079625E-03,+14.2516332E-03,-46.7101124E-03,+91.6038795E-03
+8.5082562E-03,+13.0612431E-03,-46.7318300E-03,+91.5933548E-03
+8.5085500E-03,+10.9031488E-03,-46.8537829E-03,+91.6082230E-03
+8.5088437E-03,+8.1150728E-03,-46.9373122E-03,+91.6003712E-03
+8.5091375E-03,+5.7466783E-03,-46.6883948E-03,+91.5968630E-03
+8.5094312E-03,+5.4855856E-03,-46.6098772E-03,+91.6003712E-03
+8.5097250E-03,+7.0861749E-03,-46.5747949E-03,+91.5990348E-03
+8.5100187E-03,+9.0860112E-03,-46.6967477E-03,+91.6038795E-03
+8.5103125E-03,+11.0089604E-03,-46.7802771E-03,+91.5955265E-03
+8.5106062E-03,+11.0637590E-03,-46.5965125E-03,+91.6160747E-03
+8.5109000E-03,+9.1658385E-03,-46.6232419E-03,+91.6060512E-03
+8.5111937E-03,+8.5822391E-03,-46.5263478E-03,+91.5990348E-03
+8.5114875E-03,+6.5432977E-03,-46.8019947E-03,+91.6082230E-03
+8.5117812E-03,+6.4086350E-03,-46.5664419E-03,+91.6025430E-03
+8.5120750E-03,+7.5783332E-03,-46.4611949E-03,+91.6047148E-03
+8.5123687E-03,+10.3733922E-03,-46.6315948E-03,+91.6082230E-03
+8.5126625E-03,+12.2178004E-03,-46.5664419E-03,+91.5981995E-03
+8.5129562E-03,+12.6874292E-03,-46.4394773E-03,+91.5868395E-03
+8.5132500E-03,+11.6997314E-03,-46.5096420E-03,+91.5868395E-03
+8.5135437E-03,+9.6373784E-03,-46.4177597E-03,+91.5911830E-03
+8.5138375E-03,+8.2580048E-03,-46.5179949E-03,+91.6025430E-03
+8.5141312E-03,+6.9566209E-03,-46.6098772E-03,+91.5981995E-03
+8.5144250E-03,+7.6448192E-03,-46.5313596E-03,+91.5933548E-03
+8.5147187E-03,+9.8341167E-03,-46.4528420E-03,+91.6060512E-03
+8.5150125E-03,+11.0757772E-03,-46.4829126E-03,+91.5968630E-03
+8.5153062E-03,+10.6970384E-03,-46.7101124E-03,+91.6025430E-03
+8.5156000E-03,+9.1380166E-03,-46.6883948E-03,+91.5981995E-03
+8.5158937E-03,+7.6463629E-03,-46.6315948E-03,+91.5911830E-03
+8.5161875E-03,+7.1673989E-03,-46.6533124E-03,+91.6047148E-03
+8.5164812E-03,+7.1279263E-03,-46.7535477E-03,+91.6038795E-03
+8.5167750E-03,+7.9595344E-03,-46.8237123E-03,+91.5933548E-03
+8.5170687E-03,+10.5260638E-03,-46.6449595E-03,+91.6082230E-03
+8.5173625E-03,+11.6483508E-03,-46.5614302E-03,+91.6025430E-03
+8.5176562E-03,+11.3006682E-03,-46.7451947E-03,+91.6047148E-03
+8.5179500E-03,+10.6039433E-03,-46.6967477E-03,+91.6082230E-03
+8.5182437E-03,+9.1144212E-03,-46.8237123E-03,+91.6047148E-03
+8.5185375E-03,+7.9572557E-03,-46.6666771E-03,+91.6103947E-03
+8.5188312E-03,+7.9835708E-03,-46.5747949E-03,+91.6125665E-03
+8.5191250E-03,+8.6585381E-03,-46.6098772E-03,+91.6139030E-03
+8.5194187E-03,+10.5320913E-03,-46.4662067E-03,+91.5981995E-03
+8.5197125E-03,+11.6551133E-03,-46.3258774E-03,+91.5933548E-03
+8.5200062E-03,+11.1399478E-03,-46.5965125E-03,+91.6038795E-03
+8.5203000E-03,+9.9891773E-03,-46.6883948E-03,+91.5890112E-03
+8.5205937E-03,+8.5535350E-03,-46.6098772E-03,+91.5946912E-03
+8.5208875E-03,+7.9188490E-03,-46.6399477E-03,+91.5946912E-03
+8.5211812E-03,+7.4429722E-03,-46.8237123E-03,+91.6012065E-03
+8.5214750E-03,+7.7751451E-03,-46.6449595E-03,+91.6139030E-03
+8.5217687E-03,+8.2816737E-03,-46.4745596E-03,+91.6025430E-03
+8.5220625E-03,+9.8078752E-03,-46.4962773E-03,+91.6025430E-03
+8.5223562E-03,+10.4101452E-03,-46.6616654E-03,+91.6003712E-03
+8.5226500E-03,+10.2821348E-03,-46.8805123E-03,+91.6033783E-03
+8.5229437E-03,+9.7249974E-03,-46.7535477E-03,+91.6174112E-03
+8.5232375E-03,+8.7571094E-03,-46.8019947E-03,+91.5990348E-03
+8.5235312E-03,+8.1152198E-03,-46.6750301E-03,+91.6060512E-03
+8.5238250E-03,+8.0565254E-03,-46.8320653E-03,+91.5881759E-03
+8.5241187E-03,+8.8448753E-03,-46.8153594E-03,+91.5754795E-03
+8.5244125E-03,+9.6064325E-03,-46.4528420E-03,+91.5955265E-03
+8.5247062E-03,+9.9772326E-03,-46.4394773E-03,+91.6139030E-03
+8.5250000E-03,+10.3421523E-03,-46.5313596E-03,+91.6068865E-03
+8.5252937E-03,+10.1947731E-03,-46.4528420E-03,+91.6139030E-03
+8.5255875E-03,+8.9438142E-03,-46.5046302E-03,+91.6025430E-03
+8.5258812E-03,+7.9740151E-03,-46.7669124E-03,+91.6003712E-03
+8.5261750E-03,+7.3775888E-03,-46.6883948E-03,+91.5925195E-03
+8.5264687E-03,+8.2939492E-03,-46.6750301E-03,+91.5933548E-03
+8.5267625E-03,+9.0201500E-03,-46.7451947E-03,+91.5973642E-03
+8.5270562E-03,+10.0652558E-03,-46.7401830E-03,+91.5741430E-03
+8.5273500E-03,+10.5796128E-03,-46.8504417E-03,+91.6025430E-03
+8.5276437E-03,+10.1261187E-03,-46.4394773E-03,+91.5960277E-03
+8.5279375E-03,+9.2249372E-03,-46.6616654E-03,+91.5855030E-03
+8.5282312E-03,+8.4604766E-03,-46.8587946E-03,+91.6003712E-03
+8.5285250E-03,+8.7493545E-03,-46.6315948E-03,+91.6012065E-03
+8.5288187E-03,+8.1967745E-03,-46.6750301E-03,+91.6073877E-03
+8.5291125E-03,+9.3599674E-03,-46.8103476E-03,+91.5855030E-03
+8.5294062E-03,+10.1612177E-03,-46.7802771E-03,+91.5981995E-03
+8.5297000E-03,+10.5252920E-03,-46.6399477E-03,+91.5868395E-03
+8.5299937E-03,+10.2902204E-03,-46.8454299E-03,+91.5911830E-03
+8.5302875E-03,+9.8187908E-03,-46.8537829E-03,+91.6025430E-03
+8.5305812E-03,+8.6548995E-03,-46.8938770E-03,+91.5981995E-03
+8.5308750E-03,+8.0750488E-03,-46.5965125E-03,+91.5890112E-03
+8.5311687E-03,+7.8773549E-03,-46.7318300E-03,+91.5903477E-03
+8.5314625E-03,+8.3659481E-03,-46.7669124E-03,+91.5855030E-03
+8.5317562E-03,+10.6204453E-03,-46.7318300E-03,+91.6047148E-03
+8.5320500E-03,+11.5005306E-03,-46.7886300E-03,+91.6060512E-03
+8.5323437E-03,+10.7161499E-03,-46.7234771E-03,+91.5990348E-03
+8.5326375E-03,+9.3266693E-03,-46.6182301E-03,+91.6060512E-03
+8.5329312E-03,+8.2358428E-03,-46.7451947E-03,+91.5990348E-03
+8.5332250E-03,+7.0105742E-03,-46.6315948E-03,+91.6038795E-03
+8.5335187E-03,+7.6725677E-03,-46.6533124E-03,+91.5911830E-03
+8.5338125E-03,+8.2032430E-03,-46.7101124E-03,+91.6003712E-03
+8.5341062E-03,+9.4002118E-03,-46.6883948E-03,+91.5925195E-03
+8.5344000E-03,+11.1481069E-03,-46.6315948E-03,+91.5911830E-03
+8.5346937E-03,+11.3350690E-03,-46.6750301E-03,+91.5960277E-03
+8.5349875E-03,+9.9699923E-03,-46.8103476E-03,+91.5833312E-03
+8.5352812E-03,+8.3492623E-03,-46.8237123E-03,+91.5968630E-03
+8.5355750E-03,+7.4459125E-03,-46.7101124E-03,+91.6047148E-03
+8.5358687E-03,+7.4180905E-03,-46.7101124E-03,+91.6060512E-03
+8.5361625E-03,+8.9762302E-03,-46.7318300E-03,+91.5990348E-03
+8.5364562E-03,+10.0876751E-03,-46.7234771E-03,+91.6125665E-03
+8.5367500E-03,+10.5010351E-03,-46.5530772E-03,+91.6139030E-03
+8.5370437E-03,+10.8757678E-03,-46.5965125E-03,+91.6025430E-03
+8.5373375E-03,+10.1412609E-03,-46.7101124E-03,+91.5960277E-03
+8.5376312E-03,+8.4980381E-03,-46.6666771E-03,+91.5876748E-03
+8.5379250E-03,+7.2173828E-03,-46.5313596E-03,+91.6017077E-03
+8.5382187E-03,+7.8652999E-03,-46.4528420E-03,+91.5855030E-03
+8.5385125E-03,+8.8196628E-03,-46.4611949E-03,+91.6025430E-03
+8.5388062E-03,+9.9694410E-03,-46.6967477E-03,+91.6003712E-03
+8.5391000E-03,+10.5256596E-03,-46.8888652E-03,+91.5968630E-03
+8.5393937E-03,+10.8071501E-03,-46.9673828E-03,+91.6003712E-03
+8.5396875E-03,+9.9334231E-03,-46.8721593E-03,+91.5968630E-03
+8.5399812E-03,+8.0690214E-03,-46.5397125E-03,+91.5981995E-03
+8.5402750E-03,+7.0307516E-03,-46.7101124E-03,+91.5868395E-03
+8.5405687E-03,+7.3020248E-03,-46.7969829E-03,+91.5868395E-03
+8.5408625E-03,+8.4663571E-03,-47.0241828E-03,+91.5890112E-03
+8.5411562E-03,+10.4072784E-03,-46.9807475E-03,+91.5903477E-03
+8.5414500E-03,+11.4179100E-03,-46.8454299E-03,+91.5768159E-03
+8.5417437E-03,+11.9336637E-03,-46.7234771E-03,+91.5754795E-03
+8.5420375E-03,+11.4782583E-03,-46.5965125E-03,+91.5868395E-03
+8.5423312E-03,+8.8789453E-03,-46.7535477E-03,+91.5933548E-03
+8.5426250E-03,+6.5826600E-03,-46.8671476E-03,+91.6060512E-03
+8.5429187E-03,+6.3980134E-03,-46.8454299E-03,+91.5946912E-03
+8.5432125E-03,+7.6991400E-03,-46.7669124E-03,+91.5968630E-03
+8.5435062E-03,+9.4342818E-03,-46.7318300E-03,+91.5960277E-03
+8.5438000E-03,+10.8690053E-03,-46.7234771E-03,+91.5876748E-03
+8.5440937E-03,+10.9229218E-03,-46.5747949E-03,+91.6103947E-03
+8.5443875E-03,+10.6274652E-03,-46.7184653E-03,+91.6103947E-03
+8.5446812E-03,+8.8493592E-03,-46.9456652E-03,+91.6082230E-03
+8.5449750E-03,+7.4360994E-03,-46.8587946E-03,+91.5981995E-03
+8.5452687E-03,+8.1315013E-03,-46.6750301E-03,+91.5955265E-03
+8.5455625E-03,+8.3876691E-03,-46.8320653E-03,+91.6117312E-03
+8.5458562E-03,+10.3251357E-03,-46.9891004E-03,+91.5946912E-03
+8.5461500E-03,+11.3160677E-03,-46.9941122E-03,+91.5925195E-03
+8.5464437E-03,+11.7060896E-03,-46.7318300E-03,+91.5933548E-03
+8.5467375E-03,+11.2979853E-03,-46.7234771E-03,+91.6038795E-03
+8.5470312E-03,+9.7478577E-03,-46.5747949E-03,+91.5846677E-03
+8.5473250E-03,+8.3295628E-03,-46.6750301E-03,+91.5811595E-03
+8.5476187E-03,+7.4052270E-03,-46.7669124E-03,+91.5890112E-03
+8.5479125E-03,+7.2888673E-03,-46.7101124E-03,+91.5946912E-03
+8.5482062E-03,+8.6141038E-03,-46.6883948E-03,+91.5946912E-03
+8.5485000E-03,+10.3794932E-03,-46.6098772E-03,+91.5968630E-03
+8.5487937E-03,+11.4299282E-03,-46.5747949E-03,+91.6003712E-03
+8.5490875E-03,+11.5545574E-03,-46.6098772E-03,+91.5946912E-03
+8.5493812E-03,+10.5201834E-03,-46.6182301E-03,+91.5903477E-03
+8.5496750E-03,+8.8257271E-03,-46.6800418E-03,+91.5811595E-03
+8.5499687E-03,+8.1825144E-03,-46.4611949E-03,+91.5911830E-03
+8.5502625E-03,+7.7227722E-03,-46.6098772E-03,+91.5960277E-03
+8.5505562E-03,+8.4415489E-03,-46.5965125E-03,+91.5811595E-03
+8.5508500E-03,+9.9182809E-03,-46.7535477E-03,+91.5911830E-03
+8.5511437E-03,+10.8177350E-03,-46.8019947E-03,+91.5981995E-03
+8.5514375E-03,+10.8785978E-03,-46.6967477E-03,+91.5868395E-03
+8.5517312E-03,+10.9103891E-03,-46.8237123E-03,+91.5933548E-03
+8.5520250E-03,+9.3410397E-03,-46.7318300E-03,+91.6017077E-03
+8.5523187E-03,+7.6217384E-03,-46.7669124E-03,+91.5855030E-03
+8.5526125E-03,+6.9285050E-03,-46.7101124E-03,+91.6025430E-03
+8.5529062E-03,+7.1434727E-03,-46.6449595E-03,+91.5938559E-03
+8.5532000E-03,+8.6110165E-03,-46.5831478E-03,+91.5819948E-03
+8.5534937E-03,+10.3560816E-03,-46.9105828E-03,+91.6082230E-03
+8.5537875E-03,+10.5570465E-03,-46.9590299E-03,+91.5981995E-03
+8.5540812E-03,+10.9975302E-03,-46.7886300E-03,+91.5890112E-03
+8.5543750E-03,+10.0040622E-03,-46.7669124E-03,+91.5968630E-03
+8.5546687E-03,+8.5795928E-03,-46.7101124E-03,+91.6025430E-03
+8.5549625E-03,+7.3204013E-03,-46.7318300E-03,+91.6025430E-03
+8.5552562E-03,+7.9400186E-03,-46.7886300E-03,+91.5981995E-03
+8.5555500E-03,+8.8260211E-03,-46.7234771E-03,+91.5890112E-03
+8.5558437E-03,+10.2860306E-03,-46.6182301E-03,+91.5968630E-03
+8.5561375E-03,+11.0545340E-03,-46.8320653E-03,+91.6025430E-03
+8.5564312E-03,+11.1130079E-03,-46.7502065E-03,+91.5981995E-03
+8.5567250E-03,+9.8318381E-03,-46.3258774E-03,+91.5911830E-03
+8.5570187E-03,+7.9812922E-03,-46.5747949E-03,+91.6025430E-03
+8.5573125E-03,+6.6864503E-03,-46.6967477E-03,+91.6025430E-03
+8.5576062E-03,+6.6148188E-03,-46.8454299E-03,+91.5981995E-03
+8.5579000E-03,+8.2781822E-03,-46.8537829E-03,+91.5846677E-03
+8.5581937E-03,+10.0407784E-03,-46.9590299E-03,+91.5833312E-03
+8.5584875E-03,+10.8594495E-03,-46.7017595E-03,+91.5946912E-03
+8.5587812E-03,+11.0919485E-03,-46.5614302E-03,+91.5946912E-03
+8.5590750E-03,+9.5324856E-03,-46.8103476E-03,+91.6012065E-03
+8.5593687E-03,+8.3426835E-03,-46.8454299E-03,+91.6095595E-03
+8.5596625E-03,+7.6623504E-03,-46.8537829E-03,+91.5955265E-03
+8.5599562E-03,+7.6075150E-03,-46.9373122E-03,+91.6073877E-03
+8.5602500E-03,+9.2525754E-03,-46.7318300E-03,+91.5811595E-03
+8.5605437E-03,+11.0459338E-03,-46.7669124E-03,+91.5890112E-03
+8.5608375E-03,+11.5721620E-03,-46.6883948E-03,+91.5968630E-03
+8.5611312E-03,+12.0239656E-03,-46.6098772E-03,+91.5981995E-03
+8.5614250E-03,+10.6491861E-03,-46.6399477E-03,+91.5868395E-03
+8.5617187E-03,+8.2815635E-03,-46.8454299E-03,+91.5824959E-03
+8.5620125E-03,+6.7769727E-03,-46.7669124E-03,+91.5798230E-03
+8.5623062E-03,+6.4479606E-03,-46.7101124E-03,+91.6003712E-03
+8.5626000E-03,+8.2365043E-03,-46.7101124E-03,+91.5925195E-03
+8.5628937E-03,+10.5873309E-03,-46.7535477E-03,+91.5933548E-03
+8.5631875E-03,+11.5633046E-03,-46.8019947E-03,+91.6060512E-03
+8.5634812E-03,+11.0184794E-03,-46.7401830E-03,+91.5990348E-03
+8.5637750E-03,+9.8883641E-03,-46.8938770E-03,+91.6082230E-03
+8.5640687E-03,+7.6494133E-03,-46.6182301E-03,+91.6003712E-03
+8.5643625E-03,+6.7631536E-03,-46.8103476E-03,+91.5860042E-03
+8.5646562E-03,+6.9566209E-03,-46.8888652E-03,+91.5697995E-03
+8.5649500E-03,+9.0576747E-03,-46.9239475E-03,+91.5911830E-03
+8.5652437E-03,+11.0313061E-03,-46.8454299E-03,+91.6047148E-03
+8.5655375E-03,+12.0679588E-03,-46.7669124E-03,+91.6082230E-03
+8.5658312E-03,+11.9386988E-03,-46.7101124E-03,+91.5981995E-03
+8.5661250E-03,+11.0146203E-03,-46.7535477E-03,+91.5868395E-03
+8.5664187E-03,+8.9097810E-03,-46.8454299E-03,+91.5911830E-03
+8.5667125E-03,+7.5610961E-03,-46.7669124E-03,+91.6003712E-03
+8.5670062E-03,+6.9910584E-03,-46.7318300E-03,+91.5903477E-03
+8.5673000E-03,+8.4538611E-03,-46.8103476E-03,+91.5833312E-03
+8.5675937E-03,+10.2099888E-03,-46.9540181E-03,+91.5968630E-03
+8.5678875E-03,+10.8114135E-03,-47.1160650E-03,+91.6003712E-03
+8.5681812E-03,+10.8372875E-03,-46.8153594E-03,+91.5968630E-03
+8.5684750E-03,+9.4969088E-03,-46.5397125E-03,+91.6025430E-03
+8.5687687E-03,+7.4479339E-03,-46.7535477E-03,+91.6003712E-03
+8.5690625E-03,+6.1697778E-03,-46.8671476E-03,+91.5946912E-03
+8.5693562E-03,+6.0280218E-03,-46.8671476E-03,+91.5946912E-03
+8.5696500E-03,+7.1006188E-03,-46.9105828E-03,+91.6012065E-03
+8.5699437E-03,+9.8129838E-03,-46.8070065E-03,+91.6095595E-03
+8.5702375E-03,+11.8279623E-03,-46.3693127E-03,+91.5890112E-03
+8.5705312E-03,+12.2575304E-03,-46.6666771E-03,+91.5968630E-03
+8.5708250E-03,+11.1337365E-03,-46.5965125E-03,+91.6003712E-03
+8.5711187E-03,+9.8127633E-03,-46.7969829E-03,+91.5968630E-03
+8.5714125E-03,+7.3368666E-03,-47.0024651E-03,+91.6025430E-03
+8.5717062E-03,+6.4209105E-03,-46.9673828E-03,+91.5981995E-03
+8.5720000E-03,+6.8892528E-03,-46.9373122E-03,+91.5846677E-03
+8.5722937E-03,+8.8684339E-03,-46.7535477E-03,+91.5855030E-03
+8.5725875E-03,+10.1819463E-03,-46.8671476E-03,+91.6025430E-03
+8.5728812E-03,+10.6410270E-03,-46.8671476E-03,+91.6003712E-03
+8.5731750E-03,+10.0705850E-03,-46.8671476E-03,+91.5968630E-03
+8.5734687E-03,+8.7628796E-03,-46.8888652E-03,+91.6025430E-03
+8.5737625E-03,+7.2290703E-03,-46.9239475E-03,+91.6003712E-03
+8.5740562E-03,+6.2948847E-03,-46.7802771E-03,+91.5990348E-03
+8.5743500E-03,+6.7132064E-03,-46.7268183E-03,+91.6103947E-03
+8.5746437E-03,+9.9768650E-03,-47.0943474E-03,+91.6060512E-03
+8.5749375E-03,+12.2900567E-03,-46.8237123E-03,+91.6012065E-03
+8.5752312E-03,+12.8231577E-03,-46.7318300E-03,+91.6160747E-03
+8.5755250E-03,+12.3189445E-03,-46.8320653E-03,+91.6082230E-03
+8.5758187E-03,+10.9926421E-03,-46.8805123E-03,+91.6047148E-03
+8.5761125E-03,+9.1906835E-03,-46.7318300E-03,+91.6082230E-03
+8.5764062E-03,+7.4362097E-03,-46.7451947E-03,+91.5981995E-03
+8.5767000E-03,+7.5932916E-03,-46.6967477E-03,+91.5890112E-03
+8.5769937E-03,+9.5658940E-03,-46.7802771E-03,+91.5990348E-03
+8.5772875E-03,+11.2759335E-03,-46.5530772E-03,+91.6103947E-03
+8.5775812E-03,+12.1075417E-03,-46.5747949E-03,+91.6103947E-03
+8.5778750E-03,+11.0023081E-03,-46.6967477E-03,+91.6103947E-03
+8.5781687E-03,+9.5552724E-03,-46.8454299E-03,+91.6082230E-03
+8.5784625E-03,+7.9708543E-03,-46.8537829E-03,+91.5960277E-03
+8.5787562E-03,+6.3825037E-03,-47.0024651E-03,+91.5833312E-03
+8.5790500E-03,+6.5734350E-03,-46.9022299E-03,+91.5990348E-03
+8.5793437E-03,+8.4071481E-03,-46.7669124E-03,+91.6103947E-03
+8.5796375E-03,+10.1992569E-03,-46.7752653E-03,+91.6060512E-03
+8.5799312E-03,+11.1655645E-03,-46.8587946E-03,+91.5925195E-03
+8.5802250E-03,+11.5056392E-03,-46.6967477E-03,+91.5846677E-03
+8.5805187E-03,+10.4610480E-03,-46.8454299E-03,+91.5811595E-03
+8.5808125E-03,+8.8239997E-03,-46.7886300E-03,+91.5868395E-03
+8.5811062E-03,+8.0875448E-03,-46.8103476E-03,+91.5868395E-03
+8.5814000E-03,+7.4842825E-03,-46.8888652E-03,+91.5911830E-03
+8.5816937E-03,+9.2106771E-03,-46.9456652E-03,+91.6003712E-03
+8.5819875E-03,+10.4102554E-03,-46.9022299E-03,+91.5925195E-03
+8.5822812E-03,+11.0647880E-03,-46.7669124E-03,+91.5868395E-03
+8.5825750E-03,+10.9768751E-03,-46.7318300E-03,+91.5890112E-03
+8.5828687E-03,+9.6650166E-03,-46.8103476E-03,+91.5946912E-03
+8.5831625E-03,+7.3198132E-03,-46.8237123E-03,+91.5946912E-03
+8.5834562E-03,+6.8382765E-03,-46.7969829E-03,+91.5946912E-03
+8.5837500E-03,+7.4230889E-03,-46.9155946E-03,+91.5968630E-03
+8.5840437E-03,+7.7273295E-03,-46.7184653E-03,+91.6003712E-03
+8.5843375E-03,+10.0556265E-03,-46.8805123E-03,+91.5946912E-03
+8.5846312E-03,+11.1295834E-03,-46.7101124E-03,+91.5968630E-03
+8.5849250E-03,+10.8078852E-03,-46.6883948E-03,+91.5981995E-03
+8.5852187E-03,+9.6213542E-03,-46.6533124E-03,+91.5868395E-03
+8.5855125E-03,+7.6299711E-03,-46.7318300E-03,+91.5868395E-03
+8.5858062E-03,+6.0453324E-03,-46.8320653E-03,+91.5846677E-03
+8.5861000E-03,+6.2758100E-03,-46.9456652E-03,+91.5876748E-03
+8.5863937E-03,+7.8093988E-03,-46.9673828E-03,+91.6060512E-03
+8.5866875E-03,+9.9676401E-03,-46.9590299E-03,+91.5990348E-03
+8.5869812E-03,+12.1317251E-03,-46.7886300E-03,+91.6060512E-03
+8.5872750E-03,+12.2119935E-03,-46.7669124E-03,+91.5838324E-03
+8.5875687E-03,+10.1061251E-03,-46.6883948E-03,+91.5706348E-03
+8.5878625E-03,+8.1057008E-03,-46.6967477E-03,+91.6082230E-03
+8.5881562E-03,+7.2297686E-03,-46.8237123E-03,+91.5981995E-03
+8.5884500E-03,+7.8486509E-03,-46.7535477E-03,+91.5911830E-03
+8.5887437E-03,+8.9468647E-03,-46.9105828E-03,+91.6003712E-03
+8.5890375E-03,+10.5771136E-03,-47.0241828E-03,+91.5968630E-03
+8.5893312E-03,+11.9039673E-03,-46.9590299E-03,+91.6003712E-03
+8.5896250E-03,+11.8250956E-03,-46.8320653E-03,+91.5946912E-03
+8.5899187E-03,+10.6077656E-03,-46.8587946E-03,+91.6012065E-03
+8.5902125E-03,+8.5242429E-03,-46.6967477E-03,+91.6073877E-03
+8.5905062E-03,+7.3026496E-03,-46.8454299E-03,+91.5855030E-03
+8.5908000E-03,+6.7467250E-03,-46.7451947E-03,+91.6003712E-03
+8.5910937E-03,+7.2317900E-03,-46.6315948E-03,+91.6012065E-03
+8.5913875E-03,+9.5608221E-03,-46.6967477E-03,+91.6160747E-03
+8.5916812E-03,+11.0742335E-03,-46.9105828E-03,+91.6060512E-03
+8.5919750E-03,+11.1194396E-03,-46.9373122E-03,+91.5968630E-03
+8.5922687E-03,+10.2868024E-03,-46.7752653E-03,+91.5960277E-03
+8.5925625E-03,+8.3469836E-03,-46.8370770E-03,+91.5855030E-03
+8.5928562E-03,+7.0490913E-03,-46.6399477E-03,+91.6025430E-03
+8.5931500E-03,+6.9464036E-03,-46.8237123E-03,+91.6003712E-03
+8.5934437E-03,+7.7990344E-03,-46.7101124E-03,+91.5990348E-03
+8.5937375E-03,+9.7146330E-03,-46.7752653E-03,+91.6103947E-03
+8.5940312E-03,+11.5537120E-03,-46.9239475E-03,+91.6082230E-03
+8.5943250E-03,+11.9221233E-03,-46.9105828E-03,+91.6003712E-03
+8.5946187E-03,+10.9491266E-03,-47.0459004E-03,+91.5925195E-03
+8.5949125E-03,+9.9384583E-03,-47.0375475E-03,+91.5890112E-03
+8.5952062E-03,+8.3726739E-03,-46.8671476E-03,+91.5990348E-03
+8.5955000E-03,+7.2938657E-03,-46.7802771E-03,+91.6060512E-03
+8.5957937E-03,+7.8266359E-03,-46.6616654E-03,+91.5925195E-03
+8.5960875E-03,+9.2584559E-03,-46.8805123E-03,+91.5911830E-03
+8.5963812E-03,+10.8601478E-03,-46.7101124E-03,+91.5938559E-03
+8.5966750E-03,+11.7820579E-03,-46.6883948E-03,+91.5776512E-03
+8.5969687E-03,+9.8144907E-03,-46.6315948E-03,+91.5968630E-03
+8.5972625E-03,+8.2960073E-03,-46.6967477E-03,+91.6003712E-03
+8.5975562E-03,+7.4763071E-03,-46.8237123E-03,+91.5903477E-03
+8.5978500E-03,+7.1589090E-03,-46.7535477E-03,+91.5811595E-03
+8.5981437E-03,+7.9088521E-03,-46.8888652E-03,+91.5868395E-03
+8.5984375E-03,+9.5912902E-03,-46.8587946E-03,+91.5868395E-03
+8.5987312E-03,+10.7964183E-03,-46.6315948E-03,+91.5911830E-03
+8.5990250E-03,+11.9485118E-03,-46.6750301E-03,+91.6003712E-03
+8.5993187E-03,+11.5135044E-03,-46.7669124E-03,+91.5968630E-03
+8.5996125E-03,+10.5827001E-03,-46.6449595E-03,+91.5981995E-03
+8.5999062E-03,+8.8012129E-03,-46.5397125E-03,+91.5890112E-03
+8.6002000E-03,+7.8501945E-03,-46.8187006E-03,+91.5925195E-03
+8.6004937E-03,+8.1252166E-03,-46.9506769E-03,+91.5868395E-03
+8.6007875E-03,+8.7089631E-03,-46.5313596E-03,+91.5868395E-03
+8.6010812E-03,+10.3933858E-03,-46.4962773E-03,+91.5911830E-03
+8.6013750E-03,+11.1885719E-03,-46.5530772E-03,+91.5981995E-03
+8.6016687E-03,+10.3363821E-03,-46.6399477E-03,+91.5846677E-03
+8.6019625E-03,+8.6947397E-03,-46.8888652E-03,+91.5811595E-03
+8.6022562E-03,+6.9226245E-03,-46.9456652E-03,+91.5890112E-03
+8.6025500E-03,+5.9773763E-03,-46.9456652E-03,+91.5946912E-03
+8.6028437E-03,+7.2996359E-03,-46.8805123E-03,+91.5946912E-03
+8.6031375E-03,+8.2837686E-03,-46.6666771E-03,+91.5946912E-03
+8.6034312E-03,+10.1617689E-03,-46.5965125E-03,+91.5925195E-03
+8.6037250E-03,+12.2439685E-03,-46.7318300E-03,+91.5868395E-03
+8.6040187E-03,+11.8453097E-03,-46.7886300E-03,+91.5803242E-03
+8.6043125E-03,+11.4236803E-03,-46.8320653E-03,+91.5719712E-03
+8.6046062E-03,+9.1511741E-03,-46.8805123E-03,+91.5990348E-03
+8.6049000E-03,+7.8400140E-03,-46.7318300E-03,+91.5973642E-03
+8.6051937E-03,+7.6268103E-03,-46.8103476E-03,+91.5697995E-03
+8.6054875E-03,+8.1300679E-03,-46.8671476E-03,+91.5890112E-03
+8.6057812E-03,+9.7276435E-03,-46.9540181E-03,+91.5946912E-03
+8.6060750E-03,+11.9642053E-03,-47.0726298E-03,+91.5903477E-03
+8.6063687E-03,+12.3701413E-03,-46.8103476E-03,+91.5789877E-03
+8.6066625E-03,+10.4620035E-03,-46.8888652E-03,+91.5898465E-03
+8.6069562E-03,+8.1310603E-03,-46.8370770E-03,+91.6139030E-03
+8.6072500E-03,+6.7199322E-03,-46.5530772E-03,+91.6025430E-03
+8.6075437E-03,+6.3258674E-03,-46.6616654E-03,+91.6003712E-03
+8.6078375E-03,+7.1909942E-03,-46.8805123E-03,+91.5946912E-03
+8.6081312E-03,+9.0545139E-03,-46.7101124E-03,+91.5925195E-03
+8.6084250E-03,+10.8577221E-03,-46.6666771E-03,+91.5868395E-03
+8.6087187E-03,+11.7838220E-03,-46.6616654E-03,+91.5911830E-03
+8.6090125E-03,+11.0403106E-03,-46.8805123E-03,+91.6025430E-03
+8.6093062E-03,+8.8709699E-03,-46.7535477E-03,+91.6047148E-03
+8.6096000E-03,+8.2650614E-03,-46.9323005E-03,+91.6082230E-03
+8.6098937E-03,+8.0675512E-03,-47.0158298E-03,+91.6003712E-03
+8.6101875E-03,+8.9667847E-03,-46.8103476E-03,+91.5968630E-03
+8.6104812E-03,+10.4903032E-03,-46.8671476E-03,+91.6003712E-03
+8.6107750E-03,+11.8730214E-03,-46.8888652E-03,+91.5990348E-03
+8.6110687E-03,+11.1941951E-03,-46.9022299E-03,+91.6082230E-03
+8.6113625E-03,+9.8924436E-03,-46.7886300E-03,+91.5981995E-03
+8.6116562E-03,+7.8550092E-03,-46.8103476E-03,+91.5846677E-03
+8.6119500E-03,+6.5923996E-03,-46.8454299E-03,+91.5811595E-03
+8.6122437E-03,+6.2495316E-03,-46.7669124E-03,+91.5868395E-03
+8.6125375E-03,+7.4322771E-03,-46.6449595E-03,+91.5911830E-03
+8.6128312E-03,+9.6808938E-03,-46.6048654E-03,+91.6025430E-03
+8.6131250E-03,+11.2486261E-03,-46.9456652E-03,+91.6003712E-03
+8.6134187E-03,+11.8257939E-03,-46.9239475E-03,+91.5925195E-03
+8.6137125E-03,+10.6528614E-03,-46.8888652E-03,+91.5890112E-03
+8.6140062E-03,+8.4071114E-03,-46.8370770E-03,+91.5968630E-03
+8.6143000E-03,+6.9220732E-03,-46.7268183E-03,+91.6025430E-03
+8.6145937E-03,+6.7498123E-03,-47.1160650E-03,+91.5960277E-03
+8.6148875E-03,+6.9220732E-03,-46.9239475E-03,+91.5811595E-03
+8.6151812E-03,+8.9844629E-03,-46.8888652E-03,+91.5911830E-03
+8.6154750E-03,+10.9417760E-03,-46.9239475E-03,+91.6047148E-03
+8.6157687E-03,+12.0770368E-03,-46.7585594E-03,+91.6103947E-03
+8.6160625E-03,+12.2558397E-03,-46.6483007E-03,+91.6060512E-03
+8.6163562E-03,+10.3386608E-03,-47.0158298E-03,+91.5946912E-03
+8.6166500E-03,+8.4465473E-03,-46.8320653E-03,+91.5946912E-03
+8.6169437E-03,+7.3888719E-03,-46.9239475E-03,+91.5925195E-03
+8.6172375E-03,+7.7237277E-03,-46.9540181E-03,+91.5911830E-03
+8.6175312E-03,+8.6835668E-03,-47.0943474E-03,+91.6003712E-03
+8.6178250E-03,+11.1583242E-03,-46.8671476E-03,+91.5946912E-03
+8.6181187E-03,+11.4922979E-03,-46.8237123E-03,+91.5968630E-03
+8.6184125E-03,+11.4634469E-03,-46.7752653E-03,+91.6003712E-03
+8.6187062E-03,+10.6032082E-03,-46.8805123E-03,+91.5925195E-03
+8.6190000E-03,+8.4079200E-03,-46.7318300E-03,+91.5933548E-03
+8.6192937E-03,+6.8706926E-03,-46.7451947E-03,+91.6082230E-03
+8.6195875E-03,+7.1884583E-03,-46.6967477E-03,+91.5981995E-03
+8.6198812E-03,+7.9005827E-03,-46.7802771E-03,+91.5846677E-03
+8.6201750E-03,+8.6793770E-03,-46.6182301E-03,+91.5768159E-03
+8.6204687E-03,+10.7211483E-03,-46.7234771E-03,+91.5819948E-03
+8.6207625E-03,+10.8211162E-03,-46.5747949E-03,+91.6103947E-03
+8.6210562E-03,+9.7894252E-03,-46.6315948E-03,+91.6060512E-03
+8.6213500E-03,+8.8434420E-03,-46.6533124E-03,+91.5925195E-03
+8.6216437E-03,+6.9391265E-03,-46.7318300E-03,+91.5911830E-03
+8.6219375E-03,+6.9297545E-03,-46.7451947E-03,+91.5938559E-03
+8.6222312E-03,+8.0852294E-03,-46.6750301E-03,+91.5798230E-03
+8.6225250E-03,+9.6833195E-03,-46.6583242E-03,+91.6003712E-03
+8.6228187E-03,+10.5467925E-03,-46.4261126E-03,+91.5903477E-03
+8.6231125E-03,+11.3839871E-03,-46.6883948E-03,+91.5920183E-03
+8.6234062E-03,+10.8066723E-03,-46.6533124E-03,+91.6195830E-03
+8.6237000E-03,+9.9963441E-03,-46.6666771E-03,+91.6025430E-03
+8.6239937E-03,+8.9292968E-03,-46.6399477E-03,+91.6003712E-03
+8.6242875E-03,+7.9659662E-03,-46.8454299E-03,+91.5990348E-03
+8.6245812E-03,+8.1124633E-03,-46.8103476E-03,+91.6082230E-03
+8.6248750E-03,+8.4568748E-03,-46.8454299E-03,+91.5981995E-03
+8.6251687E-03,+9.5823225E-03,-46.8103476E-03,+91.5890112E-03
+8.6254625E-03,+10.0729372E-03,-46.9105828E-03,+91.5925195E-03
+8.6257562E-03,+10.1032216E-03,-46.9155946E-03,+91.5890112E-03
+8.6260500E-03,+8.4893644E-03,-46.7184653E-03,+91.5946912E-03
+8.6263437E-03,+7.6057876E-03,-46.9022299E-03,+91.5903477E-03
+8.6266375E-03,+6.8471340E-03,-46.7234771E-03,+91.5811595E-03
+8.6269312E-03,+7.0965025E-03,-46.6399477E-03,+91.5890112E-03
+8.6272250E-03,+9.1787756E-03,-46.8019947E-03,+91.5881759E-03
+8.6275187E-03,+10.4995650E-03,-46.7401830E-03,+91.5733077E-03
+8.6278125E-03,+11.8345411E-03,-46.8938770E-03,+91.5898465E-03
+8.6281062E-03,+10.5985406E-03,-46.6399477E-03,+91.6073877E-03
+8.6284000E-03,+9.0520883E-03,-46.8454299E-03,+91.5811595E-03
+8.6286937E-03,+8.0373403E-03,-46.8103476E-03,+91.5933548E-03
+8.6289875E-03,+7.6554408E-03,-46.8888652E-03,+91.6060512E-03
+8.6292812E-03,+8.2310649E-03,-46.9022299E-03,+91.5946912E-03
+8.6295750E-03,+10.2202061E-03,-46.7886300E-03,+91.5925195E-03
+8.6298687E-03,+11.2149237E-03,-46.7886300E-03,+91.5824959E-03
+8.6301625E-03,+11.7216361E-03,-46.7886300E-03,+91.5776512E-03
+8.6304562E-03,+11.1448726E-03,-46.7234771E-03,+91.5968630E-03
+8.6307500E-03,+10.8604786E-03,-46.6833830E-03,+91.5981995E-03
+8.6310437E-03,+8.6062754E-03,-46.9155946E-03,+91.5824959E-03
+8.6313375E-03,+7.7322544E-03,-46.7184653E-03,+91.5689642E-03
+8.6316312E-03,+8.3084666E-03,-46.8370770E-03,+91.5719712E-03
+8.6319250E-03,+9.5427396E-03,-46.5747949E-03,+91.5925195E-03
+8.6322187E-03,+10.7723451E-03,-46.6967477E-03,+91.5890112E-03
+8.6325125E-03,+11.1463060E-03,-46.8454299E-03,+91.5990348E-03
+8.6328062E-03,+10.0776783E-03,-46.7886300E-03,+91.6060512E-03
+8.6331000E-03,+9.0867095E-03,-46.7886300E-03,+91.6012065E-03
+8.6333937E-03,+7.1123798E-03,-46.7451947E-03,+91.6095595E-03
+8.6336875E-03,+5.9437841E-03,-46.6533124E-03,+91.5868395E-03
+8.6339812E-03,+6.3456037E-03,-46.6883948E-03,+91.5824959E-03
+8.6342750E-03,+7.5969302E-03,-46.6533124E-03,+91.5754795E-03
+8.6345687E-03,+9.5771036E-03,-46.6666771E-03,+91.5933548E-03
+8.6348625E-03,+11.5692953E-03,-46.5965125E-03,+91.6017077E-03
+8.6351562E-03,+11.2936484E-03,-46.7101124E-03,+91.5855030E-03
+8.6354500E-03,+10.4360192E-03,-46.6666771E-03,+91.6025430E-03
+8.6357437E-03,+8.3663892E-03,-46.5965125E-03,+91.6003712E-03
+8.6360375E-03,+7.2073861E-03,-46.7969829E-03,+91.5946912E-03
+8.6363312E-03,+7.4934707E-03,-46.9373122E-03,+91.5903477E-03
+8.6366250E-03,+9.2579413E-03,-46.6883948E-03,+91.5855030E-03
+8.6369187E-03,+11.2632170E-03,-46.5881596E-03,+91.6025430E-03
+8.6372125E-03,+12.1641044E-03,-46.5397125E-03,+91.6025430E-03
+8.6375062E-03,+11.8761454E-03,-46.6883948E-03,+91.6025430E-03
+8.6378000E-03,+10.9999559E-03,-46.7184653E-03,+91.6047148E-03
+8.6380937E-03,+9.3369969E-03,-46.8805123E-03,+91.6060512E-03
+8.6383875E-03,+7.9354980E-03,-46.7101124E-03,+91.5946912E-03
+8.6386812E-03,+7.2088929E-03,-46.7318300E-03,+91.5990348E-03
+8.6389750E-03,+8.0911466E-03,-46.7669124E-03,+91.6103947E-03
+8.6392687E-03,+9.2723485E-03,-46.7101124E-03,+91.6017077E-03
+8.6395625E-03,+9.8441135E-03,-46.6232419E-03,+91.5811595E-03
+8.6398562E-03,+10.0115598E-03,-46.5263478E-03,+91.5846677E-03
+8.6401500E-03,+10.3241066E-03,-46.8454299E-03,+91.5876748E-03
+8.6404437E-03,+9.5107279E-03,-46.8103476E-03,+91.6038795E-03
+8.6407375E-03,+8.3166625E-03,-46.7802771E-03,+91.5911830E-03
+8.6410312E-03,+8.0601639E-03,-46.5313596E-03,+91.6047148E-03
+8.6413250E-03,+8.5785270E-03,-46.4745596E-03,+91.6038795E-03
+8.6416187E-03,+9.2439017E-03,-46.6048654E-03,+91.5781524E-03
+8.6419125E-03,+9.0515737E-03,-46.8805123E-03,+91.5619477E-03
+8.6422062E-03,+9.9624212E-03,-46.7318300E-03,+91.5833312E-03
+8.6425000E-03,+10.1634596E-03,-46.7451947E-03,+91.5925195E-03
+8.6427937E-03,+9.5542801E-03,-46.6315948E-03,+91.5911830E-03
+8.6430875E-03,+7.5627132E-03,-46.7401830E-03,+91.6025430E-03
+8.6433812E-03,+7.0934520E-03,-47.0024651E-03,+91.6003712E-03
+8.6436750E-03,+7.7269620E-03,-46.8587946E-03,+91.5946912E-03
+8.6439687E-03,+8.9972162E-03,-46.6098772E-03,+91.5968630E-03
+8.6442625E-03,+10.4277866E-03,-46.5747949E-03,+91.5938559E-03
+8.6445562E-03,+10.7204133E-03,-46.6315948E-03,+91.5733077E-03
+8.6448500E-03,+10.2680952E-03,-46.6533124E-03,+91.5789877E-03
+8.6451437E-03,+9.5121612E-03,-46.8187006E-03,+91.5811595E-03
+8.6454375E-03,+8.5543068E-03,-46.9506769E-03,+91.5846677E-03
+8.6457312E-03,+7.9363801E-03,-46.5965125E-03,+91.5811595E-03
+8.6460250E-03,+8.3469836E-03,-46.7752653E-03,+91.5911830E-03
+8.6463187E-03,+9.4519967E-03,-46.9456652E-03,+91.6025430E-03
+8.6466125E-03,+10.0825664E-03,-46.9022299E-03,+91.6003712E-03
+8.6469062E-03,+10.5889481E-03,-46.8972181E-03,+91.5946912E-03
+8.6472000E-03,+10.8673882E-03,-47.1160650E-03,+91.5925195E-03
+8.6474937E-03,+9.8140864E-03,-47.0108181E-03,+91.5868395E-03
+8.6477875E-03,+8.7579547E-03,-47.0726298E-03,+91.5911830E-03
+8.6480812E-03,+8.0149578E-03,-46.8320653E-03,+91.6003712E-03
+8.6483750E-03,+7.5740331E-03,-46.8587946E-03,+91.5968630E-03
+8.6486687E-03,+9.2748844E-03,-46.6315948E-03,+91.6003712E-03
+8.6489625E-03,+10.9662902E-03,-46.6098772E-03,+91.5990348E-03
+8.6492562E-03,+11.3183096E-03,-46.5965125E-03,+91.6038795E-03
+8.6495500E-03,+11.0838996E-03,-46.7101124E-03,+91.5890112E-03
+8.6498437E-03,+10.0602207E-03,-46.7101124E-03,+91.5925195E-03
+8.6501375E-03,+8.2836951E-03,-46.8187006E-03,+91.5846677E-03
+8.6504312E-03,+7.2145896E-03,-47.0158298E-03,+91.5855030E-03
+8.6507250E-03,+7.1281835E-03,-46.7451947E-03,+91.6003712E-03
+8.6510187E-03,+8.2982860E-03,-46.6750301E-03,+91.5946912E-03
+8.6513125E-03,+9.7866320E-03,-46.8103476E-03,+91.5903477E-03
+8.6516062E-03,+10.1796309E-03,-46.8454299E-03,+91.5833312E-03
+8.6519000E-03,+10.6004150E-03,-46.7669124E-03,+91.6012065E-03
+8.6521937E-03,+10.0186531E-03,-46.6883948E-03,+91.6139030E-03
+8.6524875E-03,+8.1930257E-03,-46.6533124E-03,+91.6068865E-03
+8.6527812E-03,+6.7057823E-03,-46.7101124E-03,+91.6117312E-03
+8.6530750E-03,+6.1392729E-03,-46.7535477E-03,+91.5925195E-03
+8.6533687E-03,+6.7599561E-03,-46.8454299E-03,+91.5890112E-03
+8.6536625E-03,+8.5029630E-03,-46.7451947E-03,+91.6012065E-03
+8.6539562E-03,+10.1650400E-03,-46.6967477E-03,+91.6117312E-03
+8.6542500E-03,+11.2001490E-03,-46.8671476E-03,+91.5968630E-03
+8.6545437E-03,+11.4703565E-03,-46.8019947E-03,+91.5981995E-03
+8.6548375E-03,+9.8704287E-03,-46.6533124E-03,+91.5890112E-03
+8.6551312E-03,+7.6089116E-03,-46.6883948E-03,+91.5946912E-03
+8.6554250E-03,+6.7745837E-03,-46.6315948E-03,+91.5946912E-03
+8.6557187E-03,+7.9668850E-03,-46.6315948E-03,+91.5968630E-03
+8.6560125E-03,+9.7258059E-03,-46.6098772E-03,+91.5981995E-03
+8.6563062E-03,+10.9922010E-03,-46.5747949E-03,+91.5955265E-03
+8.6566000E-03,+11.3225730E-03,-46.6098772E-03,+91.6139030E-03
+8.6568937E-03,+10.2890811E-03,-46.6399477E-03,+91.6047148E-03
+8.6571875E-03,+8.8722195E-03,-46.8671476E-03,+91.6017077E-03
+8.6574812E-03,+7.4181640E-03,-46.8237123E-03,+91.5833312E-03
+8.6577750E-03,+7.8338762E-03,-46.7101124E-03,+91.5925195E-03
+8.6580687E-03,+8.6622501E-03,-46.7969829E-03,+91.5890112E-03
+8.6583625E-03,+10.2851117E-03,-46.9373122E-03,+91.5946912E-03
+8.6586562E-03,+10.9153507E-03,-46.7318300E-03,+91.5968630E-03
+8.6589500E-03,+10.9511113E-03,-46.7669124E-03,+91.6003712E-03
+8.6592437E-03,+10.7412154E-03,-46.7318300E-03,+91.5946912E-03
+8.6595375E-03,+8.9833236E-03,-46.8103476E-03,+91.5990348E-03
+8.6598312E-03,+8.1012169E-03,-46.8019947E-03,+91.6060512E-03
+8.6601250E-03,+7.4215453E-03,-46.6750301E-03,+91.5946912E-03
+8.6604187E-03,+8.1038631E-03,-46.7451947E-03,+91.5968630E-03
+8.6607125E-03,+9.1071809E-03,-46.7184653E-03,+91.6047148E-03
+8.6610062E-03,+10.3714443E-03,-46.9239475E-03,+91.6103947E-03
+8.6613000E-03,+10.8671676E-03,-46.8237123E-03,+91.6060512E-03
+8.6615937E-03,+10.8804722E-03,-46.6883948E-03,+91.5990348E-03
+8.6618875E-03,+9.7029456E-03,-46.7619006E-03,+91.6082230E-03
+8.6621812E-03,+8.1262456E-03,-47.0158298E-03,+91.6068865E-03
+8.6624750E-03,+7.8334719E-03,-46.7886300E-03,+91.6139030E-03
+8.6627687E-03,+7.8236589E-03,-46.7886300E-03,+91.6025430E-03
+8.6630625E-03,+8.5783064E-03,-46.7669124E-03,+91.5960277E-03
+8.6633562E-03,+10.4858929E-03,-46.7101124E-03,+91.5746442E-03
+8.6636500E-03,+11.7234003E-03,-46.7101124E-03,+91.5632842E-03
+8.6639437E-03,+11.4171382E-03,-46.7101124E-03,+91.5697995E-03
+8.6642375E-03,+10.2674336E-03,-46.7752653E-03,+91.5890112E-03
+8.6645312E-03,+7.9252807E-03,-46.8587946E-03,+91.5968630E-03
+8.6648250E-03,+7.2479245E-03,-46.6967477E-03,+91.5960277E-03
+8.6651187E-03,+7.3825137E-03,-46.8671476E-03,+91.5855030E-03
+8.6654125E-03,+9.1207059E-03,-46.8019947E-03,+91.5981995E-03
+8.6657062E-03,+10.6218052E-03,-46.6533124E-03,+91.5868395E-03
+8.6660000E-03,+11.1409033E-03,-46.6449595E-03,+91.5868395E-03
+8.6662937E-03,+10.4258754E-03,-46.4962773E-03,+91.5933548E-03
+8.6665875E-03,+9.6343279E-03,-46.6833830E-03,+91.6103947E-03
+8.6668812E-03,+8.8499473E-03,-46.9373122E-03,+91.6060512E-03
+8.6671750E-03,+7.7945874E-03,-46.7101124E-03,+91.5925195E-03
+8.6674687E-03,+7.7409648E-03,-46.7318300E-03,+91.5890112E-03
+8.6677625E-03,+9.3544545E-03,-46.7669124E-03,+91.5968630E-03
+8.6680562E-03,+9.6735065E-03,-46.7969829E-03,+91.5960277E-03
+8.6683500E-03,+10.4485887E-03,-46.8938770E-03,+91.5855030E-03
+8.6686437E-03,+10.2110546E-03,-46.5965125E-03,+91.6047148E-03
+8.6689375E-03,+9.5502373E-03,-46.6883948E-03,+91.6038795E-03
+8.6692312E-03,+8.3914914E-03,-46.6750301E-03,+91.5868395E-03
+8.6695250E-03,+6.6319457E-03,-46.7451947E-03,+91.5890112E-03
+8.6698187E-03,+6.7325384E-03,-46.6315948E-03,+91.5990348E-03
+8.6701125E-03,+7.9269346E-03,-46.6098772E-03,+91.6082230E-03
+8.6704062E-03,+9.1318421E-03,-46.5096420E-03,+91.5981995E-03
+8.6707000E-03,+10.7054548E-03,-46.3960421E-03,+91.5824959E-03
+8.6709937E-03,+11.4087953E-03,-46.4611949E-03,+91.5733077E-03
+8.6712875E-03,+10.6147486E-03,-46.6315948E-03,+91.5855030E-03
+8.6715812E-03,+9.4259022E-03,-46.6315948E-03,+91.5981995E-03
+8.6718750E-03,+8.1518992E-03,-46.6750301E-03,+91.5868395E-03
+8.6721687E-03,+8.0362377E-03,-46.8103476E-03,+91.5890112E-03
+8.6724625E-03,+8.4997287E-03,-46.8237123E-03,+91.5968630E-03
+8.6727562E-03,+9.2948412E-03,-46.7535477E-03,+91.5981995E-03
+8.6730500E-03,+9.9691837E-03,-46.8454299E-03,+91.5846677E-03
+8.6733437E-03,+9.9546663E-03,-46.7669124E-03,+91.5855030E-03
+8.6736375E-03,+10.0702910E-03,-46.7969829E-03,+91.6025430E-03
+8.6739312E-03,+9.3686779E-03,-46.8938770E-03,+91.6047148E-03
+8.6742250E-03,+8.9186017E-03,-46.5096420E-03,+91.6082230E-03
+8.6745187E-03,+8.4283546E-03,-46.4611949E-03,+91.5981995E-03
+8.6748125E-03,+8.3044605E-03,-46.5881596E-03,+91.5868395E-03
+8.6751062E-03,+8.7936050E-03,-46.5831478E-03,+91.5890112E-03
+8.6754000E-03,+9.7392575E-03,-46.8454299E-03,+91.5946912E-03
+8.6756937E-03,+10.3977594E-03,-46.8103476E-03,+91.5990348E-03
+8.6759875E-03,+10.4572624E-03,-46.7802771E-03,+91.6038795E-03
+8.6762812E-03,+9.6002947E-03,-46.6399477E-03,+91.5890112E-03
+8.6765750E-03,+8.8388111E-03,-46.8454299E-03,+91.5946912E-03
+8.6768687E-03,+8.7242523E-03,-46.7669124E-03,+91.5881759E-03
+8.6771625E-03,+8.0924330E-03,-46.7535477E-03,+91.5798230E-03
+8.6774562E-03,+8.0184493E-03,-46.8019947E-03,+91.6003712E-03
+8.6777500E-03,+9.2010478E-03,-46.6098772E-03,+91.6012065E-03
+8.6780437E-03,+10.6945025E-03,-46.5530772E-03,+91.6117312E-03
+8.6783375E-03,+10.2440588E-03,-46.5313596E-03,+91.5990348E-03
+8.6786312E-03,+9.1306293E-03,-46.5397125E-03,+91.6017077E-03
+8.6789250E-03,+7.8178152E-03,-46.6883948E-03,+91.5833312E-03
+8.6792187E-03,+7.7140617E-03,-46.6967477E-03,+91.5925195E-03
+8.6795125E-03,+7.8296129E-03,-46.8237123E-03,+91.5890112E-03
+8.6798062E-03,+8.0644272E-03,-46.7752653E-03,+91.5946912E-03
+8.6801000E-03,+9.2221807E-03,-46.8587946E-03,+91.5968630E-03
+8.6803937E-03,+11.2936117E-03,-46.6533124E-03,+91.5916842E-03
+8.6806875E-03,+11.8753001E-03,-46.7752653E-03,+91.5784865E-03
+8.6809812E-03,+10.2353483E-03,-46.8805123E-03,+91.6160747E-03
+8.6812750E-03,+8.7860339E-03,-46.7318300E-03,+91.6017077E-03
+8.6815687E-03,+8.4061191E-03,-46.8103476E-03,+91.5833312E-03
+8.6818625E-03,+8.8170901E-03,-46.8454299E-03,+91.5925195E-03
+8.6821562E-03,+8.6199843E-03,-46.8103476E-03,+91.5868395E-03
+8.6824500E-03,+9.2558096E-03,-46.8454299E-03,+91.5824959E-03
+8.6827437E-03,+11.0475509E-03,-46.8320653E-03,+91.5819948E-03
+8.6830375E-03,+11.2180109E-03,-46.8587946E-03,+91.6082230E-03
+8.6833312E-03,+10.6029877E-03,-46.6098772E-03,+91.5981995E-03
+8.6836250E-03,+8.9807141E-03,-46.5747949E-03,+91.5868395E-03
+8.6839187E-03,+8.0115398E-03,-46.6533124E-03,+91.5868395E-03
+8.6842125E-03,+7.6999118E-03,-46.7752653E-03,+91.5803242E-03
+8.6845062E-03,+8.8565260E-03,-46.9673828E-03,+91.5697995E-03
+8.6848000E-03,+9.6683611E-03,-46.9590299E-03,+91.5911830E-03
+8.6850937E-03,+10.1350496E-03,-46.7669124E-03,+91.6047148E-03
+8.6853875E-03,+10.6906066E-03,-46.6883948E-03,+91.6082230E-03
+8.6856812E-03,+10.4248463E-03,-46.7184653E-03,+91.5981995E-03
+8.6859750E-03,+8.4681212E-03,-46.9022299E-03,+91.5890112E-03
+8.6862687E-03,+7.5390443E-03,-46.7669124E-03,+91.5946912E-03
+8.6865625E-03,+7.2622949E-03,-46.6883948E-03,+91.5903477E-03
+8.6868562E-03,+7.1610406E-03,-46.6750301E-03,+91.5789877E-03
+8.6871500E-03,+8.0530338E-03,-46.7017595E-03,+91.5811595E-03
+8.6874437E-03,+9.4638679E-03,-46.5397125E-03,+91.5846677E-03
+8.6877375E-03,+11.4570886E-03,-46.7752653E-03,+91.5833312E-03
+8.6880312E-03,+11.9066135E-03,-46.9022299E-03,+91.5903477E-03
+8.6883250E-03,+10.8979666E-03,-46.6583242E-03,+91.5811595E-03
+8.6886187E-03,+8.9104793E-03,-46.4261126E-03,+91.5911830E-03
+8.6889125E-03,+7.8091415E-03,-46.6666771E-03,+91.5981995E-03
+8.6892062E-03,+7.2959238E-03,-46.5747949E-03,+91.5846677E-03
+8.6895000E-03,+8.1942753E-03,-46.6098772E-03,+91.5855030E-03
+8.6897937E-03,+8.7512289E-03,-46.6616654E-03,+91.6047148E-03
+8.6900875E-03,+9.5489877E-03,-46.8805123E-03,+91.6082230E-03
+8.6903812E-03,+9.2551481E-03,-46.6449595E-03,+91.6047148E-03
+8.6906750E-03,+8.9204393E-03,-46.5397125E-03,+91.6082230E-03
+8.6909687E-03,+8.0330035E-03,-46.7318300E-03,+91.5981995E-03
+8.6912625E-03,+7.2290703E-03,-46.8537829E-03,+91.5868395E-03
+8.6915562E-03,+8.4366240E-03,-46.9373122E-03,+91.5911830E-03
+8.6918500E-03,+8.9125375E-03,-46.7318300E-03,+91.6003712E-03
+8.6921437E-03,+9.5739796E-03,-46.7017595E-03,+91.5925195E-03
+8.6924375E-03,+10.2804074E-03,-46.5831478E-03,+91.5911830E-03
+8.6927312E-03,+10.1759189E-03,-46.8237123E-03,+91.5981995E-03
+8.6930250E-03,+9.3011260E-03,-46.7752653E-03,+91.5911830E-03
+8.6933187E-03,+8.9506135E-03,-46.8805123E-03,+91.5981995E-03
+8.6936125E-03,+8.2536680E-03,-46.7101124E-03,+91.5933548E-03
+8.6939062E-03,+8.0233375E-03,-46.7101124E-03,+91.6038795E-03
+8.6942000E-03,+9.2552216E-03,-46.6449595E-03,+91.5890112E-03
+8.6944937E-03,+10.0624993E-03,-46.4745596E-03,+91.5946912E-03
+8.6947875E-03,+11.4373891E-03,-46.5614302E-03,+91.5903477E-03
+8.6950812E-03,+11.2684360E-03,-46.8320653E-03,+91.5855030E-03
+8.6953750E-03,+9.6902659E-03,-46.8805123E-03,+91.5960277E-03
+8.6956687E-03,+8.0294385E-03,-46.7969829E-03,+91.5833312E-03
+8.6959625E-03,+7.7829734E-03,-46.9373122E-03,+91.5946912E-03
+8.6962562E-03,+7.3382632E-03,-46.7535477E-03,+91.5968630E-03
+8.6965500E-03,+8.0441396E-03,-46.8237123E-03,+91.6003712E-03
+8.6968437E-03,+9.6729552E-03,-46.7101124E-03,+91.5946912E-03
+8.6971375E-03,+11.2301394E-03,-46.7535477E-03,+91.5968630E-03
+8.6974312E-03,+11.7875708E-03,-46.8454299E-03,+91.6068865E-03
+8.6977250E-03,+11.1565601E-03,-46.8537829E-03,+91.6139030E-03
+8.6980187E-03,+9.6362023E-03,-46.8938770E-03,+91.5981995E-03
+8.6983125E-03,+8.1391827E-03,-46.6399477E-03,+91.5890112E-03
+8.6986062E-03,+7.1595338E-03,-46.8454299E-03,+91.5925195E-03
+8.6989000E-03,+7.3130874E-03,-46.7886300E-03,+91.5911830E-03
+8.6991937E-03,+8.8435890E-03,-46.7017595E-03,+91.5981995E-03
+8.6994875E-03,+10.5219108E-03,-46.5397125E-03,+91.5846677E-03
+8.6997812E-03,+11.0572905E-03,-46.6883948E-03,+91.5746442E-03
+8.7000750E-03,+10.2338782E-03,-46.6750301E-03,+91.5719712E-03
+8.7003687E-03,+9.1197136E-03,-46.7451947E-03,+91.5946912E-03
+8.7006625E-03,+7.6218119E-03,-46.7401830E-03,+91.5968630E-03
+8.7009562E-03,+7.2466382E-03,-46.9155946E-03,+91.5938559E-03
+8.7012500E-03,+7.9729860E-03,-46.6750301E-03,+91.5711360E-03
+8.7015437E-03,+8.9887262E-03,-46.7451947E-03,+91.5754795E-03
+8.7018375E-03,+10.6110366E-03,-46.6967477E-03,+91.5890112E-03
+8.7021312E-03,+10.9784922E-03,-46.8019947E-03,+91.5903477E-03
+8.7024250E-03,+10.6072143E-03,-46.6750301E-03,+91.5833312E-03
+8.7027187E-03,+9.0959345E-03,-46.8320653E-03,+91.5903477E-03
+8.7030125E-03,+7.7413324E-03,-46.8370770E-03,+91.5833312E-03
+8.7033062E-03,+7.4652077E-03,-46.5965125E-03,+91.5990348E-03
+8.7036000E-03,+7.4232359E-03,-46.7752653E-03,+91.6082230E-03
+8.7038937E-03,+9.0877018E-03,-46.9456652E-03,+91.6003712E-03
+8.7041875E-03,+9.8042366E-03,-46.8805123E-03,+91.5925195E-03
+8.7044812E-03,+11.3083128E-03,-46.7101124E-03,+91.5955265E-03
+8.7047750E-03,+11.2012884E-03,-46.7752653E-03,+91.6139030E-03
+8.7050687E-03,+10.0317004E-03,-46.8587946E-03,+91.5960277E-03
+8.7053625E-03,+8.4415121E-03,-46.6750301E-03,+91.5833312E-03
+8.7056562E-03,+6.8196061E-03,-46.8972181E-03,+91.5925195E-03
+8.7059500E-03,+6.7834044E-03,-47.0509121E-03,+91.5890112E-03
+8.7062437E-03,+7.5533045E-03,-46.7318300E-03,+91.5946912E-03
+8.7065375E-03,+9.4127446E-03,-46.8320653E-03,+91.5946912E-03
+8.7068312E-03,+11.3008153E-03,-46.9022299E-03,+91.5903477E-03
+8.7071250E-03,+11.2877680E-03,-46.7451947E-03,+91.5789877E-03
+8.7074187E-03,+10.3281127E-03,-46.6967477E-03,+91.5855030E-03
+8.7077125E-03,+9.3695967E-03,-46.7802771E-03,+91.6047148E-03
+8.7080062E-03,+9.0799102E-03,-46.5530772E-03,+91.6082230E-03
+8.7083000E-03,+7.9901496E-03,-46.5747949E-03,+91.6047148E-03
+8.7085937E-03,+8.9448433E-03,-46.6750301E-03,+91.6060512E-03
+8.7088875E-03,+10.4957059E-03,-46.6800418E-03,+91.5946912E-03
+8.7091812E-03,+11.6729753E-03,-46.3960421E-03,+91.5946912E-03
+8.7094750E-03,+11.8140697E-03,-46.3960421E-03,+91.5990348E-03
+8.7097687E-03,+10.8235787E-03,-46.4829126E-03,+91.6082230E-03
+8.7100625E-03,+8.9378235E-03,-46.7535477E-03,+91.6068865E-03
+8.7103562E-03,+7.3833223E-03,-46.8454299E-03,+91.6095595E-03
+8.7106500E-03,+6.9275861E-03,-46.7669124E-03,+91.5933548E-03
+8.7109437E-03,+7.9791237E-03,-46.7101124E-03,+91.6060512E-03
+8.7112375E-03,+9.7931740E-03,-46.7101124E-03,+91.5925195E-03
+8.7115312E-03,+10.6598077E-03,-46.7969829E-03,+91.5911830E-03
+8.7118250E-03,+10.9006863E-03,-47.0024651E-03,+91.6025430E-03
+8.7121187E-03,+10.2962479E-03,-46.8805123E-03,+91.6003712E-03
+8.7124125E-03,+7.9739048E-03,-46.6666771E-03,+91.5925195E-03
+8.7127062E-03,+7.3001504E-03,-46.5530772E-03,+91.5890112E-03
+8.7130000E-03,+7.5628235E-03,-46.7051006E-03,+91.5925195E-03
+8.7132937E-03,+8.1154403E-03,-47.0375475E-03,+91.5911830E-03
+8.7135875E-03,+9.7660136E-03,-46.7802771E-03,+91.6003712E-03
+8.7138812E-03,+11.0297258E-03,-46.5530772E-03,+91.5968630E-03
+8.7141750E-03,+11.2363506E-03,-46.6182301E-03,+91.6025430E-03
+8.7144687E-03,+10.8485339E-03,-46.7017595E-03,+91.6003712E-03
+8.7147625E-03,+8.9550973E-03,-46.5397125E-03,+91.5968630E-03
+8.7150562E-03,+7.7563643E-03,-46.7101124E-03,+91.5981995E-03
+8.7153500E-03,+7.1811812E-03,-46.6666771E-03,+91.5955265E-03
+8.7156437E-03,+7.3439966E-03,-46.5747949E-03,+91.6095595E-03
+8.7159375E-03,+9.1264761E-03,-46.6533124E-03,+91.5868395E-03
+8.7162312E-03,+11.4592203E-03,-46.6015243E-03,+91.5890112E-03
+8.7165250E-03,+12.5583529E-03,-46.3826774E-03,+91.5946912E-03
+8.7168187E-03,+11.0515938E-03,-46.5530772E-03,+91.5968630E-03
+8.7171125E-03,+9.3777926E-03,-46.6182301E-03,+91.6025430E-03
+8.7174062E-03,+7.5771204E-03,-46.7234771E-03,+91.5960277E-03
+8.7177000E-03,+7.0149110E-03,-46.6182301E-03,+91.5876748E-03
+8.7179937E-03,+8.0747180E-03,-46.7886300E-03,+91.6017077E-03
+8.7182875E-03,+9.9695512E-03,-46.7669124E-03,+91.5833312E-03
+8.7185812E-03,+11.1805597E-03,-46.7535477E-03,+91.5990348E-03
+8.7188750E-03,+12.6821735E-03,-46.8019947E-03,+91.6038795E-03
+8.7191687E-03,+11.8274845E-03,-46.6315948E-03,+91.5868395E-03
+8.7194625E-03,+9.9812387E-03,-46.6315948E-03,+91.5933548E-03
+8.7197562E-03,+7.6034355E-03,-46.7184653E-03,+91.6038795E-03
+8.7200500E-03,+7.0129264E-03,-46.9239475E-03,+91.5868395E-03
+8.7203437E-03,+7.4496980E-03,-46.8019947E-03,+91.5890112E-03
+8.7206375E-03,+8.7256121E-03,-46.6315948E-03,+91.5881759E-03
+8.7209312E-03,+11.0116066E-03,-46.6315948E-03,+91.5798230E-03
+8.7212250E-03,+11.9235566E-03,-46.5664419E-03,+91.5960277E-03
+8.7215187E-03,+10.7854292E-03,-46.4611949E-03,+91.5898465E-03
+8.7218125E-03,+8.5060503E-03,-46.6533124E-03,+91.6117312E-03
+8.7221062E-03,+7.1814753E-03,-46.7318300E-03,+91.5925195E-03
+8.7224000E-03,+6.0797332E-03,-46.6583242E-03,+91.5868395E-03
+8.7226937E-03,+6.5233408E-03,-46.4043950E-03,+91.5868395E-03
+8.7229875E-03,+8.0835387E-03,-46.6533124E-03,+91.5868395E-03
+8.7232812E-03,+10.5260271E-03,-46.7101124E-03,+91.5890112E-03
+8.7235750E-03,+12.1813783E-03,-46.6883948E-03,+91.5946912E-03
+8.7238687E-03,+11.9647934E-03,-46.5881596E-03,+91.5990348E-03
+8.7241625E-03,+9.7927330E-03,-46.5614302E-03,+91.6103947E-03
+8.7244562E-03,+7.3386675E-03,-46.8103476E-03,+91.6038795E-03
+8.7247500E-03,+5.7602401E-03,-46.8237123E-03,+91.5890112E-03
+8.7250437E-03,+5.7583657E-03,-46.6883948E-03,+91.5990348E-03
+8.7253375E-03,+8.0517842E-03,-46.6533124E-03,+91.6038795E-03
+8.7256312E-03,+11.1326339E-03,-46.6449595E-03,+91.5933548E-03
+8.7259250E-03,+12.6972789E-03,-46.5614302E-03,+91.6060512E-03
+8.7262187E-03,+12.4114148E-03,-46.7451947E-03,+91.5946912E-03
+8.7265125E-03,+10.6792500E-03,-46.6967477E-03,+91.5946912E-03
+8.7268062E-03,+8.3923367E-03,-46.8671476E-03,+91.6012065E-03
+8.7271000E-03,+7.1262724E-03,-46.8671476E-03,+91.6073877E-03
+8.7273937E-03,+6.9613620E-03,-46.8454299E-03,+91.5855030E-03
+8.7276875E-03,+8.0617075E-03,-46.7886300E-03,+91.5960277E-03
+8.7279812E-03,+10.3807796E-03,-46.7234771E-03,+91.5811595E-03
+8.7282750E-03,+12.6661125E-03,-46.5965125E-03,+91.5911830E-03
+8.7285687E-03,+12.7563041E-03,-46.6449595E-03,+91.6003712E-03
+8.7288625E-03,+11.7927898E-03,-46.5179949E-03,+91.5968630E-03
+8.7291562E-03,+9.3766900E-03,-46.6315948E-03,+91.6047148E-03
+8.7294500E-03,+7.3087506E-03,-46.6533124E-03,+91.6082230E-03
+8.7297437E-03,+6.8266259E-03,-46.7318300E-03,+91.5960277E-03
+8.7300375E-03,+7.4187888E-03,-46.8320653E-03,+91.5746442E-03
+8.7303312E-03,+8.8217945E-03,-46.8153594E-03,+91.5654560E-03
+8.7306250E-03,+10.4777705E-03,-46.5397125E-03,+91.5819948E-03
+8.7309187E-03,+11.4371686E-03,-46.7318300E-03,+91.6082230E-03
+8.7312125E-03,+11.0780559E-03,-46.7234771E-03,+91.6003712E-03
+8.7315062E-03,+9.7850149E-03,-46.6182301E-03,+91.5925195E-03
+8.7318000E-03,+7.8779062E-03,-46.7669124E-03,+91.5911830E-03
+8.7320937E-03,+6.9075925E-03,-46.6883948E-03,+91.6003712E-03
+8.7323875E-03,+7.7589738E-03,-46.6098772E-03,+91.5990348E-03
+8.7326812E-03,+9.4915061E-03,-46.6182301E-03,+91.6103947E-03
+8.7329750E-03,+10.5693588E-03,-46.7017595E-03,+91.6017077E-03
+8.7332687E-03,+10.9289125E-03,-46.6265831E-03,+91.5811595E-03
+8.7335625E-03,+10.3201740E-03,-46.9807475E-03,+91.5868395E-03
+8.7338562E-03,+9.1903527E-03,-46.8237123E-03,+91.5824959E-03
+8.7341500E-03,+7.5823393E-03,-46.7535477E-03,+91.5776512E-03
+8.7344437E-03,+6.8113734E-03,-46.8237123E-03,+91.5990348E-03
+8.7347375E-03,+7.5789580E-03,-46.7535477E-03,+91.6060512E-03
+8.7350312E-03,+9.3282496E-03,-46.8237123E-03,+91.5903477E-03
+8.7353250E-03,+10.3977227E-03,-46.7535477E-03,+91.5789877E-03
+8.7356187E-03,+10.8729378E-03,-46.8454299E-03,+91.5833312E-03
+8.7359125E-03,+11.1695706E-03,-46.8103476E-03,+91.5990348E-03
+8.7362062E-03,+10.3594629E-03,-46.8237123E-03,+91.6017077E-03
+8.7365000E-03,+8.6508567E-03,-46.6883948E-03,+91.5855030E-03
+8.7367937E-03,+6.7278340E-03,-46.7619006E-03,+91.5938559E-03
+8.7370875E-03,+7.4483381E-03,-47.0158298E-03,+91.5776512E-03
+8.7373812E-03,+8.7939725E-03,-46.7886300E-03,+91.5946912E-03
+8.7376750E-03,+10.9485386E-03,-46.8103476E-03,+91.5925195E-03
+8.7379687E-03,+11.1808538E-03,-46.8237123E-03,+91.5890112E-03
+8.7382625E-03,+10.9789700E-03,-46.7101124E-03,+91.5946912E-03
+8.7385562E-03,+10.4202155E-03,-46.7318300E-03,+91.5925195E-03
+8.7388500E-03,+8.1444384E-03,-46.7669124E-03,+91.5890112E-03
+8.7391437E-03,+6.2509282E-03,-46.7752653E-03,+91.5860042E-03
+8.7394375E-03,+6.8030305E-03,-46.9022299E-03,+91.5763148E-03
+8.7397312E-03,+7.7368853E-03,-46.7886300E-03,+91.6060512E-03
+8.7400250E-03,+10.0636754E-03,-46.7234771E-03,+91.5925195E-03
+8.7403187E-03,+12.1206257E-03,-46.5096420E-03,+91.5868395E-03
+8.7406125E-03,+11.6849567E-03,-46.4611949E-03,+91.5868395E-03
+8.7409062E-03,+10.5502473E-03,-46.6750301E-03,+91.5911830E-03
+8.7412000E-03,+8.6609271E-03,-46.7886300E-03,+91.5960277E-03
+8.7414937E-03,+6.0028093E-03,-46.7669124E-03,+91.5811595E-03
+8.7417875E-03,+6.2720612E-03,-46.7318300E-03,+91.5911830E-03
+8.7420812E-03,+8.1484811E-03,-46.8103476E-03,+91.5960277E-03
+8.7423750E-03,+10.4572991E-03,-46.9105828E-03,+91.5833312E-03
+8.7426687E-03,+12.3466929E-03,-46.9373122E-03,+91.5990348E-03
+8.7429625E-03,+12.6814385E-03,-46.7101124E-03,+91.6060512E-03
+8.7432562E-03,+10.7741828E-03,-46.6666771E-03,+91.5968630E-03
+8.7435500E-03,+8.2036840E-03,-46.5965125E-03,+91.6025430E-03
+8.7438437E-03,+6.7065541E-03,-46.7969829E-03,+91.5981995E-03
+8.7441375E-03,+6.4484016E-03,-46.9590299E-03,+91.5846677E-03
+8.7444312E-03,+7.5947250E-03,-46.7669124E-03,+91.5855030E-03
+8.7447250E-03,+10.4562701E-03,-46.6883948E-03,+91.5960277E-03
+8.7450187E-03,+11.8175980E-03,-46.6098772E-03,+91.5746442E-03
+8.7453125E-03,+12.1739542E-03,-46.6399477E-03,+91.5719712E-03
+8.7456062E-03,+10.1976766E-03,-46.9540181E-03,+91.5946912E-03
+8.7459000E-03,+8.4104559E-03,-47.0726298E-03,+91.5946912E-03
+8.7461937E-03,+6.5001865E-03,-46.7886300E-03,+91.5946912E-03
+8.7464875E-03,+7.1587252E-03,-46.7451947E-03,+91.5968630E-03
+8.7467812E-03,+8.7903340E-03,-46.7184653E-03,+91.6047148E-03
+8.7470750E-03,+10.6068835E-03,-46.8587946E-03,+91.6060512E-03
+8.7473687E-03,+12.0238553E-03,-46.6967477E-03,+91.5946912E-03
+8.7476625E-03,+11.8165689E-03,-46.8454299E-03,+91.5925195E-03
+8.7479562E-03,+10.8488647E-03,-46.7451947E-03,+91.5846677E-03
+8.7482500E-03,+8.8097028E-03,-46.6967477E-03,+91.5789877E-03
+8.7485437E-03,+6.8782637E-03,-46.8237123E-03,+91.5855030E-03
+8.7488375E-03,+5.8661987E-03,-46.6883948E-03,+91.6003712E-03
+8.7491312E-03,+7.2829133E-03,-46.6750301E-03,+91.5903477E-03
+8.7494250E-03,+10.3615578E-03,-46.7451947E-03,+91.5855030E-03
+8.7497187E-03,+11.7295012E-03,-46.6750301E-03,+91.6047148E-03
+8.7500125E-03,+11.6237264E-03,-46.7234771E-03,+91.6038795E-03
+8.7503062E-03,+10.1329915E-03,-46.5965125E-03,+91.5846677E-03
+8.7506000E-03,+8.9920708E-03,-46.7101124E-03,+91.5855030E-03
+8.7508937E-03,+7.1614449E-03,-46.7318300E-03,+91.5981995E-03
+8.7511875E-03,+6.1949168E-03,-46.8103476E-03,+91.5868395E-03
+8.7514812E-03,+7.4551007E-03,-46.8671476E-03,+91.5890112E-03
+8.7517750E-03,+9.8889521E-03,-46.7585594E-03,+91.5946912E-03
+8.7520687E-03,+11.0160537E-03,-46.5397125E-03,+91.5946912E-03
+8.7523625E-03,+10.5471968E-03,-46.6666771E-03,+91.5925195E-03
+8.7526562E-03,+9.9034695E-03,-46.6182301E-03,+91.5868395E-03
+8.7529500E-03,+8.5689712E-03,-46.7451947E-03,+91.5955265E-03
+8.7532437E-03,+7.4498083E-03,-46.6967477E-03,+91.6117312E-03
+8.7535375E-03,+7.0186231E-03,-46.8454299E-03,+91.5946912E-03
+8.7538312E-03,+7.7184353E-03,-46.7234771E-03,+91.5968630E-03
+8.7541250E-03,+9.8300739E-03,-46.6182301E-03,+91.5960277E-03
+8.7544187E-03,+11.8885311E-03,-46.8103476E-03,+91.5833312E-03
+8.7547125E-03,+11.7265610E-03,-46.8454299E-03,+91.5990348E-03
+8.7550062E-03,+11.4334933E-03,-46.7451947E-03,+91.6082230E-03
+8.7553000E-03,+10.0559941E-03,-46.6967477E-03,+91.6025430E-03
+8.7555937E-03,+8.3695132E-03,-46.8454299E-03,+91.6003712E-03
+8.7558875E-03,+7.9199515E-03,-46.7451947E-03,+91.5925195E-03
+8.7561812E-03,+8.0937193E-03,-46.6315948E-03,+91.5890112E-03
+8.7564750E-03,+10.7338280E-03,-46.6315948E-03,+91.5968630E-03
+8.7567687E-03,+12.9948305E-03,-46.6533124E-03,+91.5981995E-03
+8.7570625E-03,+12.9873697E-03,-46.6883948E-03,+91.5890112E-03
+8.7573562E-03,+12.0301768E-03,-46.6315948E-03,+91.5925195E-03
+8.7576500E-03,+9.7677778E-03,-46.6967477E-03,+91.5955265E-03
+8.7579437E-03,+7.3648723E-03,-46.7802771E-03,+91.6160747E-03
+8.7582375E-03,+5.8984310E-03,-46.6399477E-03,+91.6082230E-03
+8.7585312E-03,+6.8750662E-03,-46.8019947E-03,+91.6003712E-03
+8.7588250E-03,+8.8521524E-03,-46.6533124E-03,+91.5903477E-03
+8.7591187E-03,+9.3836730E-03,-46.6883948E-03,+91.5811595E-03
+8.7594125E-03,+10.5571568E-03,-46.6098772E-03,+91.5890112E-03
+8.7597062E-03,+10.6567572E-03,-46.5747949E-03,+91.5903477E-03
+8.7600000E-03,+8.4401155E-03,-46.6315948E-03,+91.5789877E-03
+8.7602937E-03,+7.1485079E-03,-46.6315948E-03,+91.5789877E-03
+8.7605875E-03,+6.4972830E-03,-46.7184653E-03,+91.5789877E-03
+8.7608812E-03,+7.4044184E-03,-46.8805123E-03,+91.5876748E-03
+8.7611750E-03,+9.1828184E-03,-46.7535477E-03,+91.6103947E-03
+8.7614687E-03,+10.0323252E-03,-46.9105828E-03,+91.6060512E-03
+8.7617625E-03,+11.3545113E-03,-46.9373122E-03,+91.5946912E-03
+8.7620562E-03,+11.5296389E-03,-46.7752653E-03,+91.6033783E-03
+8.7623500E-03,+9.4563336E-03,-46.9456652E-03,+91.6195830E-03
+8.7626437E-03,+7.8403447E-03,-46.9239475E-03,+91.5981995E-03
+8.7629375E-03,+7.3086036E-03,-46.8454299E-03,+91.5955265E-03
+8.7632312E-03,+7.3777726E-03,-46.8537829E-03,+91.6117312E-03
+8.7635250E-03,+8.2562774E-03,-46.9155946E-03,+91.5968630E-03
+8.7638187E-03,+9.7815233E-03,-46.6967477E-03,+91.6025430E-03
+8.7641125E-03,+11.6633092E-03,-46.8454299E-03,+91.6003712E-03
+8.7644062E-03,+12.1275720E-03,-46.7451947E-03,+91.5946912E-03
+8.7647000E-03,+10.5613467E-03,-46.6750301E-03,+91.5925195E-03
+8.7649937E-03,+8.3305551E-03,-46.8103476E-03,+91.5933548E-03
+8.7652875E-03,+7.5953866E-03,-46.8671476E-03,+91.5995359E-03
+8.7655812E-03,+7.4348131E-03,-46.9105828E-03,+91.5776512E-03
+8.7658750E-03,+8.1652037E-03,-47.0024651E-03,+91.5946912E-03
+8.7661687E-03,+9.3535356E-03,-46.8805123E-03,+91.5946912E-03
+8.7664625E-03,+10.9760665E-03,-46.6883948E-03,+91.5925195E-03
+8.7667562E-03,+11.9791270E-03,-46.6315948E-03,+91.5868395E-03
+8.7670500E-03,+10.9247595E-03,-46.6315948E-03,+91.5846677E-03
+8.7673437E-03,+9.1179128E-03,-46.7184653E-03,+91.5833312E-03
+8.7676375E-03,+7.9897821E-03,-46.9239475E-03,+91.6012065E-03
+8.7679312E-03,+7.7304168E-03,-46.7585594E-03,+91.6139030E-03
+8.7682250E-03,+7.8722462E-03,-46.5831478E-03,+91.6025430E-03
+8.7685187E-03,+9.4207935E-03,-46.8237123E-03,+91.6025430E-03
+8.7688125E-03,+11.6282470E-03,-46.7101124E-03,+91.6025430E-03
+8.7691062E-03,+11.9309072E-03,-46.6666771E-03,+91.6003712E-03
+8.7694000E-03,+10.6604693E-03,-46.6833830E-03,+91.5968630E-03
+8.7696937E-03,+8.6616621E-03,-46.9807475E-03,+91.5938559E-03
+8.7699875E-03,+7.1822103E-03,-46.8019947E-03,+91.5819948E-03
+8.7702812E-03,+6.3913611E-03,-46.6967477E-03,+91.6082230E-03
+8.7705750E-03,+7.2298053E-03,-46.9105828E-03,+91.6003712E-03
+8.7708687E-03,+8.7433270E-03,-46.9155946E-03,+91.5946912E-03
+8.7711625E-03,+11.1116848E-03,-46.6967477E-03,+91.5990348E-03
+8.7714562E-03,+11.4746198E-03,-46.8237123E-03,+91.6038795E-03
+8.7717500E-03,+10.2522914E-03,-46.6666771E-03,+91.5890112E-03
+8.7720437E-03,+8.1079795E-03,-46.5747949E-03,+91.5968630E-03
+8.7723375E-03,+6.4671456E-03,-46.6533124E-03,+91.6025430E-03
+8.7726312E-03,+6.1664333E-03,-46.6449595E-03,+91.5981995E-03
+8.7729250E-03,+6.7735546E-03,-46.5831478E-03,+91.5911830E-03
+8.7732187E-03,+9.3259709E-03,-46.7802771E-03,+91.6025430E-03
+8.7735125E-03,+11.8086303E-03,-46.5747949E-03,+91.6003712E-03
+8.7738062E-03,+11.8657810E-03,-46.6315948E-03,+91.5990348E-03
+8.7741000E-03,+10.6969282E-03,-46.7184653E-03,+91.5995359E-03
+8.7743937E-03,+9.1337900E-03,-46.8370770E-03,+91.5733077E-03
+8.7746875E-03,+7.7100189E-03,-46.5965125E-03,+91.5855030E-03
+8.7749812E-03,+7.1593500E-03,-46.6883948E-03,+91.6003712E-03
+8.7752750E-03,+7.5394119E-03,-46.6967477E-03,+91.6012065E-03
+8.7755687E-03,+8.8392889E-03,-46.7802771E-03,+91.6160747E-03
+8.7758625E-03,+10.8191683E-03,-46.4662067E-03,+91.6017077E-03
+8.7761562E-03,+11.9070178E-03,-46.2607245E-03,+91.5833312E-03
+8.7764500E-03,+12.0693922E-03,-46.3826774E-03,+91.5990348E-03
+8.7767437E-03,+11.0941536E-03,-46.5965125E-03,+91.6038795E-03
+8.7770375E-03,+9.0740665E-03,-46.7101124E-03,+91.5890112E-03
+8.7773312E-03,+7.4082407E-03,-46.6666771E-03,+91.5946912E-03
+8.7776250E-03,+7.4285283E-03,-46.5965125E-03,+91.5925195E-03
+8.7779187E-03,+8.7556760E-03,-46.6883948E-03,+91.5933548E-03
+8.7782125E-03,+11.0392448E-03,-46.5447243E-03,+91.6017077E-03
+8.7785062E-03,+11.8346881E-03,-46.3826774E-03,+91.5855030E-03
+8.7788000E-03,+11.0014995E-03,-46.5965125E-03,+91.6025430E-03
+8.7790937E-03,+9.4572156E-03,-46.7318300E-03,+91.6025430E-03
+8.7793875E-03,+8.1130514E-03,-46.7886300E-03,+91.5960277E-03
+8.7796812E-03,+7.2024612E-03,-46.7234771E-03,+91.5746442E-03
+8.7799750E-03,+7.2646471E-03,-46.6182301E-03,+91.5676277E-03
+8.7802687E-03,+8.6759222E-03,-46.8103476E-03,+91.5876748E-03
+8.7805625E-03,+10.5535183E-03,-46.8019947E-03,+91.6082230E-03
+8.7808562E-03,+11.2764113E-03,-46.6315948E-03,+91.6047148E-03
+8.7811500E-03,+10.7259262E-03,-46.6750301E-03,+91.6038795E-03
+8.7814437E-03,+9.2936284E-03,-46.7017595E-03,+91.5933548E-03
+8.7817375E-03,+7.9513018E-03,-46.5397125E-03,+91.6082230E-03
+8.7820312E-03,+7.6925613E-03,-46.7535477E-03,+91.6003712E-03
+8.7823250E-03,+7.4816730E-03,-46.8454299E-03,+91.5946912E-03
+8.7826187E-03,+7.9686859E-03,-46.8103476E-03,+91.5946912E-03
+8.7829125E-03,+9.0949054E-03,-46.7802771E-03,+91.6012065E-03
+8.7832062E-03,+10.4682148E-03,-46.5530772E-03,+91.6182465E-03
+8.7835000E-03,+10.6157777E-03,-46.5965125E-03,+91.6139030E-03
+8.7837937E-03,+9.9595912E-03,-46.6666771E-03,+91.6003712E-03
+8.7840875E-03,+7.5907189E-03,-46.6399477E-03,+91.5968630E-03
+8.7843812E-03,+6.9685289E-03,-46.8237123E-03,+91.5960277E-03
+8.7846750E-03,+7.1190688E-03,-46.7101124E-03,+91.5789877E-03
+8.7849687E-03,+7.9998156E-03,-46.7752653E-03,+91.5789877E-03
+8.7852625E-03,+9.4054675E-03,-46.8587946E-03,+91.5855030E-03
+8.7855562E-03,+11.7043622E-03,-46.6533124E-03,+91.5981995E-03
+8.7858500E-03,+12.3029202E-03,-46.7318300E-03,+91.5933548E-03
+8.7861437E-03,+11.0335113E-03,-46.7886300E-03,+91.6103947E-03
+8.7864375E-03,+8.7663344E-03,-46.8103476E-03,+91.6038795E-03
+8.7867312E-03,+7.5595525E-03,-46.8671476E-03,+91.5890112E-03
+8.7870250E-03,+8.7190701E-03,-46.8019947E-03,+91.5968630E-03
+8.7873187E-03,+9.2984063E-03,-46.6967477E-03,+91.5960277E-03
+8.7876125E-03,+10.3701212E-03,-46.8454299E-03,+91.5768159E-03
+8.7879062E-03,+11.5305210E-03,-46.8103476E-03,+91.5754795E-03
+8.7882000E-03,+11.6476893E-03,-46.8454299E-03,+91.5890112E-03
+8.7884937E-03,+9.6914787E-03,-46.7451947E-03,+91.5946912E-03
+8.7887875E-03,+7.6715386E-03,-46.6098772E-03,+91.5925195E-03
+8.7890812E-03,+6.2093240E-03,-46.5530772E-03,+91.5933548E-03
+8.7893750E-03,+6.1020422E-03,-46.6833830E-03,+91.6038795E-03
+8.7896687E-03,+8.0466021E-03,-46.9807475E-03,+91.5890112E-03
+8.7899625E-03,+9.5828371E-03,-46.8671476E-03,+91.5946912E-03
+8.7902562E-03,+11.2600563E-03,-46.8888652E-03,+91.5946912E-03
+8.7905500E-03,+10.7088361E-03,-46.8153594E-03,+91.5990348E-03
+8.7908437E-03,+9.7190434E-03,-46.4745596E-03,+91.6038795E-03
+8.7911375E-03,+8.7402766E-03,-46.6048654E-03,+91.5933548E-03
+8.7914312E-03,+7.9687962E-03,-46.9022299E-03,+91.6082230E-03
+8.7917250E-03,+7.7649277E-03,-46.8103476E-03,+91.6003712E-03
+8.7920187E-03,+8.9606838E-03,-46.8454299E-03,+91.5968630E-03
+8.7923125E-03,+10.6832193E-03,-46.7451947E-03,+91.6025430E-03
+8.7926062E-03,+12.3718319E-03,-46.6967477E-03,+91.5981995E-03
+8.7929000E-03,+11.8320786E-03,-46.7368418E-03,+91.5890112E-03
+8.7931937E-03,+11.1803025E-03,-46.4394773E-03,+91.5946912E-03
+8.7934875E-03,+10.2430297E-03,-46.6182301E-03,+91.5946912E-03
+8.7937812E-03,+8.1386681E-03,-46.8103476E-03,+91.5968630E-03
+8.7940750E-03,+6.5229365E-03,-46.8019947E-03,+91.6025430E-03
+8.7943687E-03,+7.6156741E-03,-46.6750301E-03,+91.6047148E-03
+8.7946625E-03,+9.3207888E-03,-46.6800418E-03,+91.6082230E-03
+8.7949562E-03,+10.2365244E-03,-46.4829126E-03,+91.6047148E-03
+8.7952500E-03,+11.1195131E-03,-46.6883948E-03,+91.6082230E-03
+8.7955437E-03,+10.2383253E-03,-46.6315948E-03,+91.5981995E-03
+8.7958375E-03,+9.4064599E-03,-46.6533124E-03,+91.5868395E-03
+8.7961312E-03,+8.0331505E-03,-46.6883948E-03,+91.5868395E-03
+8.7964250E-03,+7.1011334E-03,-46.5881596E-03,+91.5955265E-03
+8.7967187E-03,+7.0174470E-03,-46.5831478E-03,+91.6095595E-03
+8.7970125E-03,+8.9251437E-03,-46.7802771E-03,+91.5955265E-03
+8.7973062E-03,+11.1382939E-03,-46.6182301E-03,+91.6073877E-03
+8.7976000E-03,+11.9825451E-03,-46.7234771E-03,+91.5811595E-03
+8.7978937E-03,+10.9989636E-03,-46.6182301E-03,+91.5890112E-03
+8.7981875E-03,+9.3521023E-03,-46.6800418E-03,+91.5946912E-03
+8.7984812E-03,+7.6007157E-03,-46.5046302E-03,+91.5946912E-03
+8.7987750E-03,+6.6104452E-03,-46.7017595E-03,+91.5968630E-03
+8.7990687E-03,+7.0626163E-03,-46.5179949E-03,+91.6003712E-03
+8.7993625E-03,+8.5104238E-03,-46.6533124E-03,+91.5881759E-03
+8.7996562E-03,+9.8824101E-03,-46.7101124E-03,+91.5798230E-03
+8.7999500E-03,+10.8711369E-03,-46.7318300E-03,+91.6025430E-03
+8.8002437E-03,+10.6811979E-03,-46.7451947E-03,+91.6025430E-03
+8.8005375E-03,+9.2796991E-03,-46.6098772E-03,+91.6025430E-03
+8.8008312E-03,+7.8691590E-03,-46.5965125E-03,+91.6047148E-03
+8.8011250E-03,+7.2765550E-03,-46.6666771E-03,+91.6038795E-03
+8.8014187E-03,+7.3389982E-03,-46.6182301E-03,+91.5911830E-03
+8.8017125E-03,+8.5824595E-03,-46.8103476E-03,+91.5938559E-03
+8.8020062E-03,+9.8996839E-03,-46.7802771E-03,+91.5754795E-03
+8.8023000E-03,+10.8193521E-03,-46.5747949E-03,+91.5890112E-03
+8.8025937E-03,+11.2729566E-03,-46.5881596E-03,+91.6012065E-03
+8.8028875E-03,+9.7646538E-03,-46.4962773E-03,+91.6160747E-03
+8.8031812E-03,+8.4643725E-03,-46.5747949E-03,+91.6038795E-03
+8.8034750E-03,+7.3438496E-03,-46.6315948E-03,+91.5933548E-03
+8.8037687E-03,+7.7567686E-03,-46.6750301E-03,+91.6060512E-03
+8.8040625E-03,+8.4427985E-03,-46.7451947E-03,+91.5990348E-03
+8.8043562E-03,+9.4927924E-03,-46.6750301E-03,+91.6082230E-03
+8.8046500E-03,+10.4084178E-03,-46.7017595E-03,+91.5981995E-03
+8.8049437E-03,+11.1363092E-03,-46.4745596E-03,+91.5868395E-03
+8.8052375E-03,+11.0819149E-03,-46.4962773E-03,+91.5911830E-03
+8.8055312E-03,+8.5545641E-03,-46.6182301E-03,+91.6025430E-03
+8.8058250E-03,+7.0847048E-03,-46.7451947E-03,+91.6025430E-03
+8.8061187E-03,+6.7143090E-03,-46.6750301E-03,+91.6025430E-03
+8.8064125E-03,+8.0398028E-03,-46.7886300E-03,+91.6025430E-03
+8.8067062E-03,+8.9168743E-03,-46.7886300E-03,+91.5981995E-03
+8.8070000E-03,+10.8855808E-03,-46.8103476E-03,+91.5933548E-03
+8.8072937E-03,+11.8278520E-03,-46.8454299E-03,+91.6103947E-03
+8.8075875E-03,+10.6776696E-03,-46.7234771E-03,+91.6017077E-03
+8.8078812E-03,+9.5454594E-03,-46.5965125E-03,+91.5833312E-03
+8.8081750E-03,+7.8460414E-03,-46.7101124E-03,+91.5925195E-03
+8.8084687E-03,+8.0261307E-03,-46.6666771E-03,+91.5890112E-03
+8.8087625E-03,+8.6358615E-03,-46.5747949E-03,+91.5925195E-03
+8.8090562E-03,+9.5714069E-03,-46.6315948E-03,+91.5890112E-03
+8.8093500E-03,+10.7508079E-03,-46.6098772E-03,+91.5903477E-03
+8.8096437E-03,+11.2589169E-03,-46.6399477E-03,+91.5855030E-03
+8.8099375E-03,+11.2574101E-03,-46.8671476E-03,+91.6068865E-03
+8.8102312E-03,+10.1597476E-03,-46.7585594E-03,+91.6139030E-03
+8.8105250E-03,+8.6895576E-03,-46.5179949E-03,+91.5981995E-03
+8.8108187E-03,+7.3586978E-03,-46.6750301E-03,+91.5911830E-03
+8.8111125E-03,+8.3369501E-03,-46.7669124E-03,+91.6047148E-03
+8.8114062E-03,+8.9077228E-03,-46.7101124E-03,+91.6103947E-03
+8.8117000E-03,+9.6936471E-03,-46.6666771E-03,+91.6082230E-03
+8.8119937E-03,+10.2095477E-03,-46.4879243E-03,+91.6068865E-03
+8.8122875E-03,+10.7468019E-03,-46.4478302E-03,+91.6117312E-03
+8.8125812E-03,+9.0654296E-03,-46.7886300E-03,+91.5946912E-03
+8.8128750E-03,+7.1454942E-03,-46.8103476E-03,+91.5881759E-03
+8.8131687E-03,+6.5112124E-03,-46.8671476E-03,+91.5798230E-03
+8.8134625E-03,+6.9158619E-03,-46.7802771E-03,+91.5981995E-03
+8.8137562E-03,+8.6117149E-03,-46.5530772E-03,+91.5911830E-03
+8.8140500E-03,+9.2682689E-03,-46.6182301E-03,+91.5981995E-03
+8.8143437E-03,+10.2211617E-03,-46.7886300E-03,+91.5933548E-03
+8.8146375E-03,+11.0396491E-03,-46.6583242E-03,+91.6017077E-03
+8.8149312E-03,+10.6481938E-03,-46.3175245E-03,+91.5811595E-03
+8.8152250E-03,+8.8019847E-03,-46.4478302E-03,+91.5911830E-03
+8.8155187E-03,+7.9501992E-03,-46.7669124E-03,+91.6047148E-03
+8.8158125E-03,+8.5990351E-03,-46.7318300E-03,+91.6125665E-03
+8.8161062E-03,+9.7052978E-03,-46.7451947E-03,+91.6182465E-03
+8.8164000E-03,+10.7770127E-03,-46.6967477E-03,+91.6139030E-03
+8.8166937E-03,+11.2751250E-03,-46.8019947E-03,+91.5981995E-03
+8.8169875E-03,+11.0305711E-03,-46.6750301E-03,+91.5911830E-03
+8.8172812E-03,+9.8907898E-03,-46.7886300E-03,+91.6003712E-03
+8.8175750E-03,+8.8725871E-03,-46.7234771E-03,+91.5968630E-03
+8.8178687E-03,+6.9913157E-03,-46.7051006E-03,+91.5981995E-03
+8.8181625E-03,+6.2313022E-03,-46.9941122E-03,+91.5955265E-03
+8.8184562E-03,+7.3818521E-03,-46.6883948E-03,+91.6139030E-03
+8.8187500E-03,+8.8471173E-03,-46.6098772E-03,+91.6003712E-03
+8.8190437E-03,+9.3454500E-03,-46.6616654E-03,+91.5903477E-03
+8.8193375E-03,+9.7854559E-03,-46.9239475E-03,+91.5811595E-03
+8.8196312E-03,+8.8237424E-03,-46.8454299E-03,+91.5955265E-03
+8.8199250E-03,+8.0773643E-03,-46.7669124E-03,+91.6139030E-03
+8.8202187E-03,+7.6973391E-03,-46.6666771E-03,+91.5981995E-03
+8.8205125E-03,+7.3204013E-03,-46.5313596E-03,+91.5890112E-03
+8.8208062E-03,+8.1283038E-03,-46.5831478E-03,+91.5946912E-03
+8.8211000E-03,+9.7989074E-03,-46.8237123E-03,+91.5903477E-03
+8.8213937E-03,+11.6069670E-03,-46.7101124E-03,+91.5768159E-03
+8.8216875E-03,+12.2691810E-03,-46.7101124E-03,+91.5841665E-03
+8.8219812E-03,+11.9217190E-03,-46.6449595E-03,+91.6073877E-03
+8.8222750E-03,+9.9453311E-03,-46.6048654E-03,+91.5811595E-03
+8.8225687E-03,+8.0493218E-03,-46.8370770E-03,+91.5868395E-03
+8.8228625E-03,+8.0293649E-03,-46.5747949E-03,+91.5890112E-03
+8.8231562E-03,+9.2408512E-03,-46.6533124E-03,+91.5946912E-03
+8.8234500E-03,+9.4625080E-03,-46.7101124E-03,+91.5990348E-03
+8.8237437E-03,+10.6012971E-03,-46.7535477E-03,+91.6038795E-03
+8.8240375E-03,+10.1511841E-03,-46.9323005E-03,+91.5911830E-03
+8.8243312E-03,+9.2021504E-03,-47.0158298E-03,+91.6003712E-03
+8.8246250E-03,+8.5170394E-03,-46.6800418E-03,+91.5968630E-03
+8.8249187E-03,+7.7812093E-03,-46.4829126E-03,+91.6003712E-03
+8.8252125E-03,+8.2914867E-03,-46.7318300E-03,+91.5946912E-03
+8.8255062E-03,+8.6022694E-03,-46.7669124E-03,+91.5946912E-03
+8.8258000E-03,+9.3812106E-03,-46.7318300E-03,+91.5903477E-03
+8.8260937E-03,+10.4756021E-03,-46.7886300E-03,+91.5811595E-03
+8.8263875E-03,+11.5200096E-03,-46.8103476E-03,+91.5911830E-03
+8.8266812E-03,+10.6701353E-03,-46.8019947E-03,+91.5938559E-03
+8.8269750E-03,+9.5212760E-03,-46.6315948E-03,+91.5776512E-03
+8.8272687E-03,+8.3599207E-03,-46.6750301E-03,+91.6012065E-03
+8.8275625E-03,+8.1008861E-03,-46.7451947E-03,+91.6139030E-03
+8.8278562E-03,+8.1249225E-03,-46.6098772E-03,+91.6025430E-03
+8.8281500E-03,+8.3860887E-03,-46.5096420E-03,+91.6047148E-03
+8.8284437E-03,+8.8242937E-03,-46.4394773E-03,+91.6082230E-03
+8.8287375E-03,+9.0571969E-03,-46.5530772E-03,+91.5960277E-03
+8.8290312E-03,+9.6912949E-03,-46.5965125E-03,+91.5920183E-03
+8.8293250E-03,+8.7139247E-03,-46.7318300E-03,+91.6195830E-03
+8.8296187E-03,+7.1136294E-03,-46.7234771E-03,+91.5981995E-03
+8.8299125E-03,+6.9711383E-03,-46.5530772E-03,+91.5868395E-03
+8.8302062E-03,+8.4755821E-03,-46.5530772E-03,+91.5846677E-03
+8.8305000E-03,+9.3995503E-03,-46.5965125E-03,+91.5833312E-03
+8.8307937E-03,+10.4011774E-03,-46.6666771E-03,+91.5925195E-03
+8.8310875E-03,+11.3581130E-03,-46.5965125E-03,+91.5890112E-03
+8.8313812E-03,+11.0484330E-03,-46.6666771E-03,+91.5946912E-03
+8.8316750E-03,+9.4450872E-03,-46.6399477E-03,+91.5946912E-03
+8.8319687E-03,+8.7424450E-03,-46.8454299E-03,+91.5925195E-03
+8.8322625E-03,+8.8863694E-03,-46.7886300E-03,+91.5890112E-03
+8.8325562E-03,+9.3580930E-03,-46.7017595E-03,+91.5990348E-03
+8.8328500E-03,+9.9207434E-03,-46.4528420E-03,+91.6103947E-03
+8.8331437E-03,+10.3466361E-03,-46.4829126E-03,+91.6060512E-03
+8.8334375E-03,+10.9783084E-03,-46.7101124E-03,+91.5946912E-03
+8.8337312E-03,+10.8504451E-03,-46.7101124E-03,+91.5946912E-03
+8.8340250E-03,+9.9212579E-03,-46.7752653E-03,+91.5925195E-03
+8.8343187E-03,+8.5947350E-03,-46.8370770E-03,+91.5890112E-03
+8.8346125E-03,+7.9194002E-03,-46.5965125E-03,+91.5990348E-03
+8.8349062E-03,+7.6045748E-03,-46.6666771E-03,+91.6060512E-03
+8.8352000E-03,+8.1926214E-03,-46.5965125E-03,+91.5946912E-03
+8.8354937E-03,+9.8090145E-03,-46.7101124E-03,+91.5968630E-03
+8.8357875E-03,+10.9270014E-03,-46.6666771E-03,+91.5981995E-03
+8.8360812E-03,+11.4459158E-03,-46.5530772E-03,+91.5911830E-03
+8.8363750E-03,+10.7099019E-03,-46.5747949E-03,+91.6025430E-03
+8.8366687E-03,+9.5027158E-03,-46.6533124E-03,+91.6047148E-03
+8.8369625E-03,+8.0589143E-03,-46.7535477E-03,+91.6103947E-03
+8.8372562E-03,+7.4448466E-03,-46.8671476E-03,+91.6103947E-03
+8.8375500E-03,+7.9287355E-03,-46.7802771E-03,+91.6082230E-03
+8.8378437E-03,+8.9202188E-03,-46.6182301E-03,+91.5981995E-03
+8.8381375E-03,+10.7522780E-03,-46.7451947E-03,+91.5890112E-03
+8.8384312E-03,+10.8733054E-03,-46.5881596E-03,+91.5903477E-03
+8.8387250E-03,+9.8656875E-03,-46.4311244E-03,+91.5833312E-03
+8.8390187E-03,+8.4455549E-03,-46.4261126E-03,+91.5990348E-03
+8.8393125E-03,+7.5678954E-03,-46.6666771E-03,+91.6060512E-03
+8.8396062E-03,+6.3781668E-03,-46.5747949E-03,+91.5903477E-03
+8.8399000E-03,+7.3662321E-03,-46.6533124E-03,+91.5833312E-03
+8.8401937E-03,+8.9006295E-03,-46.6883948E-03,+91.5990348E-03
+8.8404875E-03,+10.4092998E-03,-46.7184653E-03,+91.6147383E-03
+8.8407812E-03,+10.7714631E-03,-46.8805123E-03,+91.6239265E-03
+8.8410750E-03,+10.3993766E-03,-46.6666771E-03,+91.6160747E-03
+8.8413687E-03,+9.4396845E-03,-46.5747949E-03,+91.6060512E-03
+8.8416625E-03,+9.1780038E-03,-46.6315948E-03,+91.5946912E-03
+8.8419562E-03,+8.5200164E-03,-46.5881596E-03,+91.5925195E-03
+8.8422500E-03,+7.6994340E-03,-46.6048654E-03,+91.5955265E-03
+8.8425437E-03,+9.1181700E-03,-46.9456652E-03,+91.6160747E-03
+8.8428375E-03,+11.0906253E-03,-46.8587946E-03,+91.6082230E-03
+8.8431312E-03,+11.6405224E-03,-46.5881596E-03,+91.5981995E-03
+8.8434250E-03,+11.7938556E-03,-46.5397125E-03,+91.5911830E-03
+8.8437187E-03,+10.1933765E-03,-46.7318300E-03,+91.6025430E-03
+8.8440125E-03,+8.7338815E-03,-46.8103476E-03,+91.5981995E-03
+8.8443062E-03,+8.4029216E-03,-46.8454299E-03,+91.5890112E-03
+8.8446000E-03,+8.0797164E-03,-46.7017595E-03,+91.5968630E-03
+8.8448937E-03,+8.6341341E-03,-46.5397125E-03,+91.5981995E-03
+8.8451875E-03,+10.0987377E-03,-46.7101124E-03,+91.5890112E-03
+8.8454812E-03,+11.1728416E-03,-46.7318300E-03,+91.5990348E-03
+8.8457750E-03,+10.8270335E-03,-46.8537829E-03,+91.6038795E-03
+8.8460687E-03,+9.2627192E-03,-46.9155946E-03,+91.5890112E-03
+8.8463625E-03,+8.2032430E-03,-46.6533124E-03,+91.5990348E-03
+8.8466562E-03,+7.7634209E-03,-46.7535477E-03,+91.6060512E-03
+8.8469500E-03,+7.8133313E-03,-46.8888652E-03,+91.5968630E-03
+8.8472437E-03,+8.7634309E-03,-46.7936418E-03,+91.6047148E-03
+8.8475375E-03,+9.6474119E-03,-46.4611949E-03,+91.6060512E-03
+8.8478312E-03,+11.0754096E-03,-46.7401830E-03,+91.5990348E-03
+8.8481250E-03,+10.5206244E-03,-47.0024651E-03,+91.6082230E-03
+8.8484187E-03,+9.9468012E-03,-46.9022299E-03,+91.6003712E-03
+8.8487125E-03,+9.5059133E-03,-46.7669124E-03,+91.5925195E-03
+8.8490062E-03,+8.1336330E-03,-46.6883948E-03,+91.5824959E-03
+8.8493000E-03,+7.8203879E-03,-46.5881596E-03,+91.5733077E-03
+8.8495937E-03,+8.9307669E-03,-46.6048654E-03,+91.5898465E-03
+8.8498875E-03,+9.6591729E-03,-46.8805123E-03,+91.6160747E-03
+8.8501812E-03,+10.3915849E-03,-46.6666771E-03,+91.6082230E-03
+8.8504750E-03,+10.3660049E-03,-46.6833830E-03,+91.6025430E-03
+8.8507687E-03,+9.7638452E-03,-46.9807475E-03,+91.6003712E-03
+8.8510625E-03,+9.5753763E-03,-46.8237123E-03,+91.5990348E-03
+8.8513562E-03,+8.3338996E-03,-46.7535477E-03,+91.6103947E-03
+8.8516500E-03,+7.6763165E-03,-46.8671476E-03,+91.6038795E-03
+8.8519437E-03,+8.1933932E-03,-46.8019947E-03,+91.5868395E-03
+8.8522375E-03,+9.9314752E-03,-46.5664419E-03,+91.5868395E-03
+8.8525312E-03,+11.1016880E-03,-46.4611949E-03,+91.5911830E-03
+8.8528250E-03,+11.3132745E-03,-46.7184653E-03,+91.5981995E-03
+8.8531187E-03,+10.3808531E-03,-46.9239475E-03,+91.5868395E-03
+8.8534125E-03,+9.0638492E-03,-46.8237123E-03,+91.5911830E-03
+8.8537062E-03,+8.6128175E-03,-46.6883948E-03,+91.5981995E-03
+8.8540000E-03,+7.6223264E-03,-46.6533124E-03,+91.5868395E-03
+8.8542937E-03,+8.1207327E-03,-46.6883948E-03,+91.5846677E-03
+8.8545875E-03,+9.3740070E-03,-46.6098772E-03,+91.5833312E-03
+8.8548812E-03,+11.2120202E-03,-46.6399477E-03,+91.5925195E-03
+8.8551750E-03,+11.0809226E-03,-46.7585594E-03,+91.5911830E-03
+8.8554687E-03,+9.7908218E-03,-46.5397125E-03,+91.5960277E-03
+8.8557625E-03,+9.0351819E-03,-46.7535477E-03,+91.5833312E-03
+8.8560562E-03,+8.2456559E-03,-46.8888652E-03,+91.5925195E-03
+8.8563500E-03,+7.4340780E-03,-46.8587946E-03,+91.5824959E-03
+8.8566437E-03,+7.7710287E-03,-46.6967477E-03,+91.5819948E-03
+8.8569375E-03,+8.4472823E-03,-46.8019947E-03,+91.6060512E-03
+8.8572312E-03,+9.2213722E-03,-46.6750301E-03,+91.5903477E-03
+8.8575250E-03,+10.1586082E-03,-46.8103476E-03,+91.5811595E-03
+8.8578187E-03,+9.6901556E-03,-46.8888652E-03,+91.5890112E-03
+8.8581125E-03,+9.3612538E-03,-46.7719241E-03,+91.5903477E-03
+8.8584062E-03,+9.2962011E-03,-46.4912655E-03,+91.5855030E-03
+8.8587000E-03,+8.6116781E-03,-46.8587946E-03,+91.5960277E-03
+8.8589937E-03,+8.7415261E-03,-46.6750301E-03,+91.5855030E-03
+8.8592875E-03,+9.2678279E-03,-46.7234771E-03,+91.6025430E-03
+8.8595812E-03,+9.9772326E-03,-46.5747949E-03,+91.6047148E-03
+8.8598750E-03,+10.3822497E-03,-46.6967477E-03,+91.6060512E-03
+8.8601687E-03,+10.6094562E-03,-46.7368418E-03,+91.5968630E-03
+8.8604625E-03,+10.4044852E-03,-46.4611949E-03,+91.5960277E-03
+8.8607562E-03,+9.4046957E-03,-46.6098772E-03,+91.5898465E-03
+8.8610500E-03,+8.8041531E-03,-46.5747949E-03,+91.6095595E-03
+8.8613437E-03,+8.6559654E-03,-46.6533124E-03,+91.5890112E-03
+8.8616375E-03,+8.7862177E-03,-46.7535477E-03,+91.5968630E-03
+8.8619312E-03,+9.3658111E-03,-46.7585594E-03,+91.6025430E-03
+8.8622250E-03,+10.1762496E-03,-46.5614302E-03,+91.5960277E-03
+8.8625187E-03,+11.0195820E-03,-46.8320653E-03,+91.5811595E-03
+8.8628125E-03,+10.7356290E-03,-46.8805123E-03,+91.5911830E-03
+8.8631062E-03,+9.3059406E-03,-46.7535477E-03,+91.6025430E-03
+8.8634000E-03,+8.8188175E-03,-46.8888652E-03,+91.5938559E-03
+8.8636937E-03,+7.9632097E-03,-46.9456652E-03,+91.5754795E-03
+8.8639875E-03,+8.0463815E-03,-46.9022299E-03,+91.5911830E-03
+8.8642812E-03,+9.2972669E-03,-46.7886300E-03,+91.6003712E-03
+8.8645750E-03,+10.5808992E-03,-46.7451947E-03,+91.5946912E-03
+8.8648687E-03,+10.4852681E-03,-46.7401830E-03,+91.5968630E-03
+8.8651625E-03,+10.0183591E-03,-46.9590299E-03,+91.6025430E-03
+8.8654562E-03,+8.8770342E-03,-46.8537829E-03,+91.5981995E-03
+8.8657500E-03,+8.1525240E-03,-46.9590299E-03,+91.5933548E-03
+8.8660437E-03,+7.8581699E-03,-46.7451947E-03,+91.6017077E-03
+8.8663375E-03,+7.7762844E-03,-46.6315948E-03,+91.5855030E-03
+8.8666312E-03,+9.2030325E-03,-46.6750301E-03,+91.6003712E-03
+8.8669250E-03,+9.5120142E-03,-46.6800418E-03,+91.5925195E-03
+8.8672187E-03,+9.6040803E-03,-46.5263478E-03,+91.5933548E-03
+8.8675125E-03,+9.8902752E-03,-46.8237123E-03,+91.6060512E-03
+8.8678062E-03,+10.0108983E-03,-46.7318300E-03,+91.5990348E-03
+8.8681000E-03,+9.3105715E-03,-46.8755005E-03,+91.6060512E-03
+8.8683937E-03,+8.3673080E-03,-47.0592651E-03,+91.5990348E-03
+8.8686875E-03,+8.0141492E-03,-46.8805123E-03,+91.6038795E-03
+8.8689812E-03,+8.5386133E-03,-46.6666771E-03,+91.5890112E-03
+8.8692750E-03,+8.9811551E-03,-46.5965125E-03,+91.5968630E-03
+8.8695687E-03,+10.1765436E-03,-46.7535477E-03,+91.6025430E-03
+8.8698625E-03,+10.6260318E-03,-46.8237123E-03,+91.6003712E-03
+8.8701562E-03,+10.5198526E-03,-46.7101124E-03,+91.5946912E-03
+8.8704500E-03,+9.2483856E-03,-46.7752653E-03,+91.5968630E-03
+8.8707437E-03,+8.5520649E-03,-46.7719241E-03,+91.5981995E-03
+8.8710375E-03,+8.7477741E-03,-46.4912655E-03,+91.5933548E-03
+8.8713312E-03,+9.9706538E-03,-46.8805123E-03,+91.6060512E-03
+8.8716250E-03,+10.3842344E-03,-46.7318300E-03,+91.5968630E-03
+8.8719187E-03,+10.6551768E-03,-46.7669124E-03,+91.6025430E-03
+8.8722125E-03,+11.0229633E-03,-46.7318300E-03,+91.5981995E-03
+8.8725062E-03,+9.7217631E-03,-46.7669124E-03,+91.5911830E-03
+8.8728000E-03,+8.6875361E-03,-46.7752653E-03,+91.6025430E-03
+8.8730937E-03,+7.6362558E-03,-46.9239475E-03,+91.5981995E-03
+8.8733875E-03,+8.0972843E-03,-46.8454299E-03,+91.5868395E-03
+8.8736812E-03,+9.0523088E-03,-46.7234771E-03,+91.5868395E-03
+8.8739750E-03,+9.9837011E-03,-46.5313596E-03,+91.5890112E-03
+8.8742687E-03,+10.4833570E-03,-46.5614302E-03,+91.6012065E-03
+8.8745625E-03,+10.3797138E-03,-46.7234771E-03,+91.6117312E-03
+8.8748562E-03,+9.6528146E-03,-46.6182301E-03,+91.5903477E-03
+8.8751500E-03,+8.1962232E-03,-46.8103476E-03,+91.5811595E-03
+8.8754437E-03,+7.0582060E-03,-46.8454299E-03,+91.5868395E-03
+8.8757375E-03,+7.8754805E-03,-46.7886300E-03,+91.5933548E-03
+8.8760312E-03,+8.6084806E-03,-46.7886300E-03,+91.6060512E-03
+8.8763250E-03,+9.6414947E-03,-46.7451947E-03,+91.5968630E-03
+8.8766187E-03,+10.5210654E-03,-46.5664419E-03,+91.6025430E-03
+8.8769125E-03,+10.4348799E-03,-46.5046302E-03,+91.6025430E-03
+8.8772062E-03,+9.3568434E-03,-46.7451947E-03,+91.6003712E-03
+8.8775000E-03,+8.9007030E-03,-46.5881596E-03,+91.5903477E-03
+8.8777937E-03,+8.2765283E-03,-46.6483007E-03,+91.5855030E-03
+8.8780875E-03,+7.6362558E-03,-47.0158298E-03,+91.6003712E-03
+8.8783812E-03,+8.0732847E-03,-46.7669124E-03,+91.5903477E-03
+8.8786750E-03,+8.8004778E-03,-46.6666771E-03,+91.5876748E-03
+8.8789687E-03,+10.5192278E-03,-46.6616654E-03,+91.6082230E-03
+8.8792625E-03,+10.8960187E-03,-46.8587946E-03,+91.6025430E-03
+8.8795562E-03,+10.2286225E-03,-46.6967477E-03,+91.6025430E-03
+8.8798500E-03,+9.1079527E-03,-46.7802771E-03,+91.6047148E-03
+8.8801437E-03,+7.9787194E-03,-46.6833830E-03,+91.5995359E-03
+8.8804375E-03,+7.5250782E-03,-46.9155946E-03,+91.5776512E-03
+8.8807312E-03,+7.9775066E-03,-46.5881596E-03,+91.5968630E-03
+8.8810250E-03,+9.2594482E-03,-46.5614302E-03,+91.6003712E-03
+8.8813187E-03,+10.2632438E-03,-46.8320653E-03,+91.5946912E-03
+8.8816125E-03,+11.2030893E-03,-46.8805123E-03,+91.5946912E-03
+8.8819062E-03,+11.0495724E-03,-46.6883948E-03,+91.5968630E-03
+8.8822000E-03,+10.0123316E-03,-46.5881596E-03,+91.5960277E-03
+8.8824937E-03,+8.8000736E-03,-46.5614302E-03,+91.5811595E-03
+8.8827875E-03,+8.1566770E-03,-46.7234771E-03,+91.5868395E-03
+8.8830812E-03,+8.4006429E-03,-46.5965125E-03,+91.5911830E-03
+8.8833750E-03,+9.0157029E-03,-46.7969829E-03,+91.5981995E-03
+8.8836687E-03,+10.2923888E-03,-46.9155946E-03,+91.5846677E-03
+8.8839625E-03,+11.1341408E-03,-46.6315948E-03,+91.5833312E-03
+8.8842562E-03,+10.7306306E-03,-46.6750301E-03,+91.5925195E-03
+8.8845500E-03,+9.2555157E-03,-46.7669124E-03,+91.5846677E-03
+8.8848437E-03,+7.5665355E-03,-46.6883948E-03,+91.5833312E-03
+8.8851375E-03,+7.2860740E-03,-46.6315948E-03,+91.5946912E-03
+8.8854312E-03,+8.5513298E-03,-46.5881596E-03,+91.5968630E-03
+8.8857250E-03,+8.9528921E-03,-46.4962773E-03,+91.5981995E-03
+8.8860187E-03,+10.1209732E-03,-46.6399477E-03,+91.5890112E-03
+8.8863125E-03,+10.5794658E-03,-46.8671476E-03,+91.5946912E-03
+8.8866062E-03,+10.5854566E-03,-46.8454299E-03,+91.5881759E-03
+8.8869000E-03,+9.3286907E-03,-46.7451947E-03,+91.5798230E-03
+8.8871937E-03,+7.8938937E-03,-46.6315948E-03,+91.6003712E-03
+8.8874875E-03,+7.1896712E-03,-46.7184653E-03,+91.5903477E-03
+8.8877812E-03,+6.8278020E-03,-46.8805123E-03,+91.5833312E-03
+8.8880750E-03,+8.0703077E-03,-46.6666771E-03,+91.5860042E-03
+8.8883687E-03,+9.9750274E-03,-46.5965125E-03,+91.5697995E-03
+8.8886625E-03,+10.7332400E-03,-46.7318300E-03,+91.5890112E-03
+8.8889562E-03,+11.5706919E-03,-46.8103476E-03,+91.5903477E-03
+8.8892500E-03,+11.1763699E-03,-46.8454299E-03,+91.5833312E-03
+8.8895437E-03,+9.5966929E-03,-46.7451947E-03,+91.5946912E-03
+8.8898375E-03,+8.4843293E-03,-46.6750301E-03,+91.5925195E-03
+8.8901312E-03,+7.7337245E-03,-46.8320653E-03,+91.5933548E-03
+8.8904250E-03,+7.3897540E-03,-46.8587946E-03,+91.6060512E-03
+8.8907187E-03,+9.1242342E-03,-46.6315948E-03,+91.5925195E-03
+8.8910125E-03,+10.9083309E-03,-46.6533124E-03,+91.5890112E-03
+8.8913062E-03,+11.1861094E-03,-46.7969829E-03,+91.5925195E-03
+8.8916000E-03,+10.4563803E-03,-46.9590299E-03,+91.5803242E-03
+8.8918937E-03,+9.4496078E-03,-46.7451947E-03,+91.5741430E-03
+8.8921875E-03,+8.0574074E-03,-46.6315948E-03,+91.5960277E-03
+8.8924812E-03,+7.7020435E-03,-46.6533124E-03,+91.5811595E-03
+8.8927750E-03,+7.0201300E-03,-46.7318300E-03,+91.5911830E-03
+8.8930687E-03,+8.1464229E-03,-46.8320653E-03,+91.5981995E-03
+8.8933625E-03,+10.7481617E-03,-46.8587946E-03,+91.5846677E-03
+8.8936562E-03,+11.2674436E-03,-46.6967477E-03,+91.5768159E-03
+8.8939500E-03,+11.0093647E-03,-46.8888652E-03,+91.5711360E-03
+8.8942437E-03,+10.5022847E-03,-46.9456652E-03,+91.5776512E-03
+8.8945375E-03,+8.6321128E-03,-46.9022299E-03,+91.5946912E-03
+8.8948312E-03,+6.8754337E-03,-46.8320653E-03,+91.5903477E-03
+8.8951250E-03,+7.7141720E-03,-46.9022299E-03,+91.5811595E-03
+8.8954187E-03,+8.4692238E-03,-46.7451947E-03,+91.5846677E-03
+8.8957125E-03,+10.0714671E-03,-46.6315948E-03,+91.5768159E-03
+8.8960062E-03,+11.0309754E-03,-46.6750301E-03,+91.5754795E-03
+8.8963000E-03,+10.8655138E-03,-46.7669124E-03,+91.5890112E-03
+8.8965937E-03,+9.6167600E-03,-46.7535477E-03,+91.5968630E-03
+8.8968875E-03,+8.8614142E-03,-46.8671476E-03,+91.5960277E-03
+8.8971812E-03,+7.8695633E-03,-46.8671476E-03,+91.5811595E-03
+8.8974750E-03,+7.9996318E-03,-46.8454299E-03,+91.5846677E-03
+8.8977687E-03,+9.2767588E-03,-46.7451947E-03,+91.5789877E-03
+8.8980625E-03,+10.2686097E-03,-46.7401830E-03,+91.5811595E-03
+8.8983562E-03,+11.3146344E-03,-46.9807475E-03,+91.5911830E-03
+8.8986500E-03,+11.2477808E-03,-46.8671476E-03,+91.6047148E-03
+8.8989437E-03,+10.5317606E-03,-46.8237123E-03,+91.6038795E-03
+8.8992375E-03,+8.1546189E-03,-46.7101124E-03,+91.5846677E-03
+8.8995312E-03,+7.1464497E-03,-46.7752653E-03,+91.5876748E-03
+8.8998250E-03,+6.9751076E-03,-46.7936418E-03,+91.6082230E-03
+8.9001187E-03,+7.8009088E-03,-46.4394773E-03,+91.6003712E-03
+8.9004125E-03,+9.2883360E-03,-46.6833830E-03,+91.5968630E-03
+8.9007062E-03,+10.5094883E-03,-46.9373122E-03,+91.6047148E-03
+8.9010000E-03,+10.8079955E-03,-46.7318300E-03,+91.6038795E-03
+8.9012937E-03,+9.8258106E-03,-46.7669124E-03,+91.5868395E-03
+8.9015875E-03,+8.6674323E-03,-46.7535477E-03,+91.5890112E-03
+8.9018812E-03,+7.7765784E-03,-46.7585594E-03,+91.5990348E-03
+8.9021750E-03,+7.7442358E-03,-46.5397125E-03,+91.6038795E-03
+8.9024687E-03,+8.7332567E-03,-46.7752653E-03,+91.5868395E-03
+8.9027625E-03,+10.7199722E-03,-46.9456652E-03,+91.5933548E-03
+8.9030562E-03,+12.3296028E-03,-46.8587946E-03,+91.6060512E-03
+8.9033500E-03,+11.6170373E-03,-46.6967477E-03,+91.5968630E-03
+8.9036437E-03,+10.2126718E-03,-46.8671476E-03,+91.6047148E-03
+8.9039375E-03,+8.3147513E-03,-46.8671476E-03,+91.6038795E-03
+8.9042312E-03,+7.3421590E-03,-46.8454299E-03,+91.5868395E-03
+8.9045250E-03,+7.1672151E-03,-46.7017595E-03,+91.5846677E-03
+8.9048187E-03,+7.9051401E-03,-46.5397125E-03,+91.5811595E-03
+8.9051125E-03,+9.6220157E-03,-46.6666771E-03,+91.5868395E-03
+8.9054062E-03,+11.4970390E-03,-46.6399477E-03,+91.5890112E-03
+8.9057000E-03,+12.2307375E-03,-46.8237123E-03,+91.5946912E-03
+8.9059937E-03,+10.8911673E-03,-46.7101124E-03,+91.5903477E-03
+8.9062875E-03,+9.1398542E-03,-46.7535477E-03,+91.5876748E-03
+8.9065812E-03,+7.9335134E-03,-46.8237123E-03,+91.6103947E-03
+8.9068750E-03,+7.2449108E-03,-46.6666771E-03,+91.6017077E-03
+8.9071687E-03,+7.8013866E-03,-46.5096420E-03,+91.5855030E-03
+8.9074625E-03,+8.9929896E-03,-46.5046302E-03,+91.5981995E-03
+8.9077562E-03,+10.1411873E-03,-46.8103476E-03,+91.5846677E-03
+8.9080500E-03,+11.3428238E-03,-46.8454299E-03,+91.5833312E-03
+8.9083437E-03,+10.8451159E-03,-46.7886300E-03,+91.5925195E-03
+8.9086375E-03,+9.1035056E-03,-46.8755005E-03,+91.5890112E-03
+8.9089312E-03,+7.9220832E-03,-47.0158298E-03,+91.5946912E-03
+8.9092250E-03,+7.1255741E-03,-46.8320653E-03,+91.5990348E-03
+8.9095187E-03,+7.5179849E-03,-46.8805123E-03,+91.5973642E-03
+8.9098125E-03,+8.8994534E-03,-46.7101124E-03,+91.5741430E-03
+8.9101062E-03,+10.1861729E-03,-46.7318300E-03,+91.6003712E-03
+8.9104000E-03,+9.9771223E-03,-46.8320653E-03,+91.5946912E-03
+8.9106937E-03,+9.5202836E-03,-46.9456652E-03,+91.5946912E-03
+8.9109875E-03,+8.9055177E-03,-46.9022299E-03,+91.5946912E-03
+8.9112812E-03,+8.2738821E-03,-46.8320653E-03,+91.5925195E-03
+8.9115750E-03,+8.2565715E-03,-46.9673828E-03,+91.5890112E-03
+8.9118687E-03,+8.7363440E-03,-47.0459004E-03,+91.5946912E-03
+8.9121625E-03,+9.3410397E-03,-47.0158298E-03,+91.5946912E-03
+8.9124562E-03,+10.5247040E-03,-46.7669124E-03,+91.5946912E-03
+8.9127500E-03,+11.1509001E-03,-46.7318300E-03,+91.5925195E-03
+8.9130437E-03,+10.8498570E-03,-46.8103476E-03,+91.5890112E-03
+8.9133375E-03,+9.9450371E-03,-46.8888652E-03,+91.5946912E-03
+8.9136312E-03,+8.9836911E-03,-46.9022299E-03,+91.6012065E-03
+8.9139250E-03,+7.6538604E-03,-46.8537829E-03,+91.6117312E-03
+8.9142187E-03,+7.7624653E-03,-46.9155946E-03,+91.5946912E-03
+8.9145125E-03,+8.7865117E-03,-46.6098772E-03,+91.5968630E-03
+8.9148062E-03,+10.6143811E-03,-46.6399477E-03,+91.6047148E-03
+8.9151000E-03,+10.8876390E-03,-46.8671476E-03,+91.6103947E-03
+8.9153937E-03,+9.4033726E-03,-46.8888652E-03,+91.6060512E-03
+8.9156875E-03,+8.4569851E-03,-46.9456652E-03,+91.5946912E-03
+8.9159812E-03,+7.7971968E-03,-46.9022299E-03,+91.5946912E-03
+8.9162750E-03,+7.1346153E-03,-46.8755005E-03,+91.5903477E-03
+8.9165687E-03,+7.6602554E-03,-46.9941122E-03,+91.5855030E-03
+8.9168625E-03,+9.2360366E-03,-46.6449595E-03,+91.5981995E-03
+8.9171562E-03,+10.4116153E-03,-46.4745596E-03,+91.5846677E-03
+8.9174500E-03,+11.3517180E-03,-46.5831478E-03,+91.5876748E-03
+8.9177437E-03,+10.8927844E-03,-46.8671476E-03,+91.6060512E-03
+8.9180375E-03,+8.9596547E-03,-46.8019947E-03,+91.5968630E-03
+8.9183312E-03,+7.8134416E-03,-46.6750301E-03,+91.5960277E-03
+8.9186250E-03,+7.6832260E-03,-46.7234771E-03,+91.5833312E-03
+8.9189187E-03,+8.1344048E-03,-46.5965125E-03,+91.5968630E-03
+8.9192125E-03,+9.9101218E-03,-46.7101124E-03,+91.6003712E-03
+8.9195062E-03,+11.3606122E-03,-46.6883948E-03,+91.5903477E-03
+8.9198000E-03,+12.0270896E-03,-46.6533124E-03,+91.5789877E-03
+8.9200937E-03,+11.4393738E-03,-46.7101124E-03,+91.5855030E-03
+8.9203875E-03,+9.8294124E-03,-46.6666771E-03,+91.6003712E-03
+8.9206812E-03,+7.9032657E-03,-46.6399477E-03,+91.5925195E-03
+8.9209750E-03,+5.8839872E-03,-46.8454299E-03,+91.5890112E-03
+8.9212687E-03,+5.5924998E-03,-46.7886300E-03,+91.5946912E-03
+8.9215625E-03,+7.0273335E-03,-46.7017595E-03,+91.5903477E-03
+8.9218562E-03,+9.8190848E-03,-46.5397125E-03,+91.5833312E-03
+8.9221500E-03,+11.9214984E-03,-46.7752653E-03,+91.5903477E-03
+8.9224437E-03,+12.2716802E-03,-46.9673828E-03,+91.5833312E-03
+8.9227375E-03,+11.7674670E-03,-47.0024651E-03,+91.5903477E-03
+8.9230312E-03,+9.4511882E-03,-46.8587946E-03,+91.5855030E-03
+8.9233250E-03,+6.8204146E-03,-46.7184653E-03,+91.6025430E-03
+8.9236187E-03,+6.2048768E-03,-46.8587946E-03,+91.6003712E-03
+8.9239125E-03,+7.2473364E-03,-46.6967477E-03,+91.5925195E-03
+8.9242062E-03,+9.4450504E-03,-46.8237123E-03,+91.5846677E-03
+8.9245000E-03,+11.0990050E-03,-46.7752653E-03,+91.5876748E-03
+8.9247937E-03,+11.7317432E-03,-46.9673828E-03,+91.6082230E-03
+8.9250875E-03,+11.3225362E-03,-46.9155946E-03,+91.6003712E-03
+8.9253812E-03,+9.2010111E-03,-46.6533124E-03,+91.5881759E-03
+8.9256750E-03,+6.4881316E-03,-46.7535477E-03,+91.5733077E-03
+8.9259687E-03,+5.7130494E-03,-46.8237123E-03,+91.5855030E-03
+8.9262625E-03,+7.1546823E-03,-46.7101124E-03,+91.5981995E-03
+8.9265562E-03,+10.0902110E-03,-46.7535477E-03,+91.5890112E-03
+8.9268500E-03,+11.4630059E-03,-46.8237123E-03,+91.5881759E-03
+8.9271437E-03,+11.6272179E-03,-46.7969829E-03,+91.5754795E-03
+8.9274375E-03,+12.0758975E-03,-46.9373122E-03,+91.5846677E-03
+8.9277312E-03,+10.0934453E-03,-46.8621358E-03,+91.5855030E-03
+8.9280250E-03,+7.1875762E-03,-47.0859945E-03,+91.5981995E-03
+8.9283187E-03,+5.9420568E-03,-46.6315948E-03,+91.5868395E-03
+8.9286125E-03,+5.9478637E-03,-46.6315948E-03,+91.5911830E-03
+8.9289062E-03,+8.6777598E-03,-46.6533124E-03,+91.6025430E-03
+8.9292000E-03,+10.7084685E-03,-46.7752653E-03,+91.5938559E-03
+8.9294937E-03,+11.4889534E-03,-46.9022299E-03,+91.5689642E-03
+8.9297875E-03,+11.1097369E-03,-46.7451947E-03,+91.5741430E-03
+8.9300812E-03,+9.3154229E-03,-46.6533124E-03,+91.6003712E-03
+8.9303750E-03,+7.1543884E-03,-46.7535477E-03,+91.5946912E-03
+8.9306687E-03,+6.0528668E-03,-46.8671476E-03,+91.5903477E-03
+8.9309625E-03,+6.6596941E-03,-46.8454299E-03,+91.5811595E-03
+8.9312562E-03,+8.4559927E-03,-46.7886300E-03,+91.5911830E-03
+8.9315500E-03,+10.7386794E-03,-46.7234771E-03,+91.5981995E-03
+8.9318437E-03,+11.4647332E-03,-46.6182301E-03,+91.5824959E-03
+8.9321375E-03,+11.9555317E-03,-46.7886300E-03,+91.5754795E-03
+8.9324312E-03,+10.4220531E-03,-46.7234771E-03,+91.5868395E-03
+8.9327250E-03,+9.3048013E-03,-46.6616654E-03,+91.5868395E-03
+8.9330187E-03,+8.0423020E-03,-46.8587946E-03,+91.5890112E-03
+8.9333125E-03,+7.6119621E-03,-46.6098772E-03,+91.5946912E-03
+8.9336062E-03,+9.7883961E-03,-46.5965125E-03,+91.5903477E-03
+8.9339000E-03,+11.0106878E-03,-46.6883948E-03,+91.5855030E-03
+8.9341937E-03,+11.3921830E-03,-46.6315948E-03,+91.5938559E-03
+8.9344875E-03,+11.1761862E-03,-46.6750301E-03,+91.5776512E-03
+8.9347812E-03,+9.3304548E-03,-46.7669124E-03,+91.5946912E-03
+8.9350750E-03,+8.4531261E-03,-46.6883948E-03,+91.5925195E-03
+8.9353687E-03,+6.9444557E-03,-46.7401830E-03,+91.5868395E-03
+8.9356625E-03,+6.8796971E-03,-47.0024651E-03,+91.5890112E-03
+8.9359562E-03,+8.7971333E-03,-46.9022299E-03,+91.5903477E-03
+8.9362500E-03,+10.1475823E-03,-46.7669124E-03,+91.5855030E-03
+8.9365437E-03,+10.6279429E-03,-46.7535477E-03,+91.6047148E-03
+8.9368375E-03,+10.3846019E-03,-46.8019947E-03,+91.6082230E-03
+8.9371312E-03,+9.3007953E-03,-46.6315948E-03,+91.5960277E-03
+8.9374250E-03,+7.4575631E-03,-46.6967477E-03,+91.5833312E-03
+8.9377187E-03,+6.4744595E-03,-46.8671476E-03,+91.5946912E-03
+8.9380125E-03,+6.0706919E-03,-46.8671476E-03,+91.5946912E-03
+8.9383062E-03,+7.5785537E-03,-46.8671476E-03,+91.5925195E-03
+8.9386000E-03,+10.3446147E-03,-46.8019947E-03,+91.5911830E-03
+8.9388937E-03,+11.9260191E-03,-46.6315948E-03,+91.6003712E-03
+8.9391875E-03,+11.8012062E-03,-46.6750301E-03,+91.5925195E-03
+8.9394812E-03,+9.9828926E-03,-46.8103476E-03,+91.5911830E-03
+8.9397750E-03,+8.1612712E-03,-46.7802771E-03,+91.6003712E-03
+8.9400687E-03,+6.9278434E-03,-46.5965125E-03,+91.5968630E-03
+8.9403625E-03,+7.7361870E-03,-46.7318300E-03,+91.6025430E-03
+8.9406562E-03,+8.9633667E-03,-46.7886300E-03,+91.5916842E-03
+8.9409500E-03,+11.3785109E-03,-46.7017595E-03,+91.5697995E-03
+8.9412437E-03,+11.8211998E-03,-46.5614302E-03,+91.5824959E-03
+8.9415375E-03,+11.7765450E-03,-46.8537829E-03,+91.5776512E-03
+8.9418312E-03,+10.6530084E-03,-46.9373122E-03,+91.5881759E-03
+8.9421250E-03,+8.4090961E-03,-46.7752653E-03,+91.5776512E-03
+8.9424187E-03,+6.9854720E-03,-46.9022299E-03,+91.5881759E-03
+8.9427125E-03,+6.1310035E-03,-46.7886300E-03,+91.5754795E-03
+8.9430062E-03,+7.6072210E-03,-46.7669124E-03,+91.5824959E-03
+8.9433000E-03,+8.7334405E-03,-46.6883948E-03,+91.5776512E-03
+8.9435937E-03,+9.8262884E-03,-46.6315948E-03,+91.5946912E-03
+8.9438875E-03,+10.5850155E-03,-46.7184653E-03,+91.5925195E-03
+8.9441812E-03,+10.0097589E-03,-46.9456652E-03,+91.5868395E-03
+8.9444750E-03,+8.5872007E-03,-46.9891004E-03,+91.5846677E-03
+8.9447687E-03,+7.8945185E-03,-46.9723946E-03,+91.5855030E-03
+8.9450625E-03,+7.3753836E-03,-46.6533124E-03,+91.6025430E-03
+8.9453562E-03,+8.1589190E-03,-46.6449595E-03,+91.6025430E-03
+8.9456500E-03,+9.7942031E-03,-46.5614302E-03,+91.6025430E-03
+8.9459437E-03,+10.9159387E-03,-46.7669124E-03,+91.5981995E-03
+8.9462375E-03,+11.4841020E-03,-46.7535477E-03,+91.5890112E-03
+8.9465312E-03,+10.8303412E-03,-46.8237123E-03,+91.5968630E-03
+8.9468250E-03,+9.3039560E-03,-46.7752653E-03,+91.6025430E-03
+8.9471187E-03,+8.1425272E-03,-46.7719241E-03,+91.6003712E-03
+8.9474125E-03,+7.5632645E-03,-46.2958068E-03,+91.5925195E-03
+8.9477062E-03,+8.3488580E-03,-46.4127479E-03,+91.5846677E-03
+8.9480000E-03,+10.2148402E-03,-46.8454299E-03,+91.5855030E-03
+8.9482937E-03,+11.1486214E-03,-46.8320653E-03,+91.6025430E-03
+8.9485875E-03,+11.3181626E-03,-46.9022299E-03,+91.5938559E-03
+8.9488812E-03,+9.9597382E-03,-46.7886300E-03,+91.5754795E-03
+8.9491750E-03,+8.1405793E-03,-46.7451947E-03,+91.5911830E-03
+8.9494687E-03,+6.6881042E-03,-46.6098772E-03,+91.6003712E-03
+8.9497625E-03,+6.5139321E-03,-46.5747949E-03,+91.5860042E-03
+8.9500562E-03,+7.9885325E-03,-46.6750301E-03,+91.5676277E-03
+8.9503500E-03,+9.3313001E-03,-46.8103476E-03,+91.5789877E-03
+8.9506437E-03,+10.6978470E-03,-46.8019947E-03,+91.5833312E-03
+8.9509375E-03,+10.9008701E-03,-46.5664419E-03,+91.5968630E-03
+8.9512312E-03,+10.5099661E-03,-46.4611949E-03,+91.6025430E-03
+8.9515250E-03,+9.3407457E-03,-46.6315948E-03,+91.6003712E-03
+8.9518187E-03,+7.5612431E-03,-46.6750301E-03,+91.5903477E-03
+8.9521125E-03,+7.4886193E-03,-46.8103476E-03,+91.5811595E-03
+8.9524062E-03,+8.6267101E-03,-46.8237123E-03,+91.5911830E-03
+8.9527000E-03,+9.2609183E-03,-46.7535477E-03,+91.5981995E-03
+8.9529937E-03,+11.5036913E-03,-46.8454299E-03,+91.5846677E-03
+8.9532875E-03,+12.5545674E-03,-46.7886300E-03,+91.5811595E-03
+8.9535812E-03,+12.1047853E-03,-46.7017595E-03,+91.5890112E-03
+8.9538750E-03,+9.4631696E-03,-46.5179949E-03,+91.5925195E-03
+8.9541687E-03,+6.8563957E-03,-46.6533124E-03,+91.5868395E-03
+8.9544625E-03,+5.9599187E-03,-46.7318300E-03,+91.5933548E-03
+8.9547562E-03,+6.3973151E-03,-46.8103476E-03,+91.6082230E-03
+8.9550500E-03,+8.4129918E-03,-46.6934065E-03,+91.6025430E-03
+8.9553437E-03,+10.8717617E-03,-46.3475950E-03,+91.5981995E-03
+8.9556375E-03,+11.8500875E-03,-46.6750301E-03,+91.5868395E-03
+8.9559312E-03,+11.5500368E-03,-46.7669124E-03,+91.5868395E-03
+8.9562250E-03,+9.9292701E-03,-46.6666771E-03,+91.5890112E-03
+8.9565187E-03,+7.9189225E-03,-46.5530772E-03,+91.5946912E-03
+8.9568125E-03,+7.6291625E-03,-46.5096420E-03,+91.5903477E-03
+8.9571062E-03,+8.2580783E-03,-46.5480655E-03,+91.5833312E-03
+8.9574000E-03,+9.4851478E-03,-46.8805123E-03,+91.5925195E-03
+8.9576937E-03,+10.9734938E-03,-46.6883948E-03,+91.5824959E-03
+8.9579875E-03,+11.8827241E-03,-46.6533124E-03,+91.5711360E-03
+8.9582812E-03,+10.9042881E-03,-46.7101124E-03,+91.5798230E-03
+8.9585750E-03,+8.8629946E-03,-46.7318300E-03,+91.6003712E-03
+8.9588687E-03,+7.0939298E-03,-46.7234771E-03,+91.5990348E-03
+8.9591625E-03,+6.5653494E-03,-46.5530772E-03,+91.6038795E-03
+8.9594562E-03,+7.2824722E-03,-46.5965125E-03,+91.5868395E-03
+8.9597500E-03,+9.3321455E-03,-46.7101124E-03,+91.5911830E-03
+8.9600437E-03,+10.4149965E-03,-46.7535477E-03,+91.5960277E-03
+8.9603375E-03,+11.2591742E-03,-46.7802771E-03,+91.5811595E-03
+8.9606312E-03,+10.7109678E-03,-46.5747949E-03,+91.5846677E-03
+8.9609250E-03,+9.1834064E-03,-46.6533124E-03,+91.5898465E-03
+8.9612187E-03,+8.0142963E-03,-46.7318300E-03,+91.6030442E-03
+8.9615125E-03,+7.1398710E-03,-46.7451947E-03,+91.5654560E-03
+8.9618062E-03,+7.3303245E-03,-46.7184653E-03,+91.5689642E-03
+8.9621000E-03,+9.5059132E-03,-46.8805123E-03,+91.5697995E-03
+8.9623937E-03,+10.9540148E-03,-46.6666771E-03,+91.5890112E-03
+8.9626875E-03,+11.8818053E-03,-46.6399477E-03,+91.5860042E-03
+8.9629812E-03,+12.0832113E-03,-46.8671476E-03,+91.5676277E-03
+8.9632750E-03,+10.6558017E-03,-46.7368418E-03,+91.5855030E-03
+8.9635687E-03,+8.9122434E-03,-46.5480655E-03,+91.6003712E-03
+8.9638625E-03,+7.6461423E-03,-46.9022299E-03,+91.5946912E-03
+8.9641562E-03,+7.0744875E-03,-46.8320653E-03,+91.5946912E-03
+8.9644500E-03,+8.1469743E-03,-46.8370770E-03,+91.5946912E-03
+8.9647437E-03,+10.4492870E-03,-46.5096420E-03,+91.5925195E-03
+8.9650375E-03,+11.9785022E-03,-46.4611949E-03,+91.5890112E-03
+8.9653312E-03,+11.5129898E-03,-46.6750301E-03,+91.5925195E-03
+8.9656250E-03,+10.5495490E-03,-46.8320653E-03,+91.5846677E-03
+8.9659187E-03,+9.0444804E-03,-46.8587946E-03,+91.5833312E-03
+8.9662125E-03,+7.6156742E-03,-46.6967477E-03,+91.5903477E-03
+8.9665062E-03,+7.1539841E-03,-46.7585594E-03,+91.5833312E-03
+8.9668000E-03,+8.1894974E-03,-46.5831478E-03,+91.5903477E-03
+8.9670937E-03,+9.6804161E-03,-46.8237123E-03,+91.5768159E-03
+8.9673875E-03,+11.0175973E-03,-46.6883948E-03,+91.5733077E-03
+8.9676812E-03,+11.4950544E-03,-46.6533124E-03,+91.5811595E-03
+8.9679750E-03,+11.3260278E-03,-46.7101124E-03,+91.5846677E-03
+8.9682687E-03,+9.6852307E-03,-46.6883948E-03,+91.5855030E-03
+8.9685625E-03,+8.4950979E-03,-46.6967477E-03,+91.5981995E-03
+8.9688562E-03,+6.9400821E-03,-46.8888652E-03,+91.5868395E-03
+8.9691500E-03,+7.2602000E-03,-46.8370770E-03,+91.5890112E-03
+8.9694437E-03,+8.0926902E-03,-46.6182301E-03,+91.5946912E-03
+8.9697375E-03,+9.9011173E-03,-46.7669124E-03,+91.5946912E-03
+8.9700312E-03,+10.7236475E-03,-46.6015243E-03,+91.5968630E-03
+8.9703250E-03,+10.7241988E-03,-46.4478302E-03,+91.6025430E-03
+8.9706187E-03,+9.4490565E-03,-46.7234771E-03,+91.6025430E-03
+8.9709125E-03,+8.2365779E-03,-46.5747949E-03,+91.6003712E-03
+8.9712062E-03,+7.5596260E-03,-46.7184653E-03,+91.5968630E-03
+8.9715000E-03,+7.5279449E-03,-46.8370770E-03,+91.6003712E-03
+8.9717937E-03,+9.1438235E-03,-46.4662067E-03,+91.5968630E-03
+8.9720875E-03,+10.2319303E-03,-46.3910303E-03,+91.5938559E-03
+8.9723812E-03,+11.3604652E-03,-46.7234771E-03,+91.5754795E-03
+8.9726750E-03,+11.8290649E-03,-46.5747949E-03,+91.5911830E-03
+8.9729687E-03,+9.8621592E-03,-46.7184653E-03,+91.5981995E-03
+8.9732625E-03,+9.1668309E-03,-46.8805123E-03,+91.5890112E-03
+8.9735562E-03,+8.2399224E-03,-46.7535477E-03,+91.5925195E-03
+8.9738500E-03,+8.1768911E-03,-46.8237123E-03,+91.5911830E-03
+8.9741437E-03,+8.8557909E-03,-46.7101124E-03,+91.5981995E-03
+8.9744375E-03,+9.9938082E-03,-46.7101124E-03,+91.5868395E-03
+8.9747312E-03,+10.4217958E-03,-46.7969829E-03,+91.5911830E-03
+8.9750250E-03,+10.5282690E-03,-46.9373122E-03,+91.6025430E-03
+8.9753187E-03,+9.4503796E-03,-46.7535477E-03,+91.6003712E-03
+8.9756125E-03,+8.0937193E-03,-46.7802771E-03,+91.5925195E-03
+8.9759062E-03,+7.5748417E-03,-46.5965125E-03,+91.5890112E-03
+8.9762000E-03,+8.4526482E-03,-46.7318300E-03,+91.6012065E-03
+8.9764937E-03,+9.3293890E-03,-46.7451947E-03,+91.6139030E-03
+8.9767875E-03,+9.4876470E-03,-46.6750301E-03,+91.5981995E-03
+8.9770812E-03,+9.9114449E-03,-46.7017595E-03,+91.5824959E-03
+8.9773750E-03,+10.5592150E-03,-46.4962773E-03,+91.5776512E-03
+8.9776687E-03,+10.1341676E-03,-46.5530772E-03,+91.5925195E-03
+8.9779625E-03,+8.5702576E-03,-46.6182301E-03,+91.5824959E-03
+8.9782562E-03,+8.1512744E-03,-46.7234771E-03,+91.5798230E-03
+8.9785500E-03,+8.1598010E-03,-46.5313596E-03,+91.6047148E-03
+8.9788437E-03,+9.2805444E-03,-46.5831478E-03,+91.6082230E-03
+8.9791375E-03,+10.0935923E-03,-46.8019947E-03,+91.5960277E-03
+8.9794312E-03,+10.2298721E-03,-46.6533124E-03,+91.5876748E-03
+8.9797250E-03,+10.2158325E-03,-46.6666771E-03,+91.6060512E-03
+8.9800187E-03,+9.4490565E-03,-46.5313596E-03,+91.5903477E-03
+8.9803125E-03,+8.4695179E-03,-46.5831478E-03,+91.5833312E-03
+8.9806062E-03,+7.7295714E-03,-46.8454299E-03,+91.5968630E-03
+8.9809000E-03,+8.0921757E-03,-46.7234771E-03,+91.6003712E-03
+8.9811937E-03,+8.7680985E-03,-46.5313596E-03,+91.5946912E-03
+8.9814875E-03,+9.2477240E-03,-46.4528420E-03,+91.5925195E-03
+8.9817812E-03,+10.4601291E-03,-46.4829126E-03,+91.5846677E-03
+8.9820750E-03,+10.8711737E-03,-46.6666771E-03,+91.5855030E-03
+8.9823687E-03,+9.4669184E-03,-46.5313596E-03,+91.6003712E-03
+8.9826625E-03,+8.4255981E-03,-46.4962773E-03,+91.5968630E-03
+8.9829562E-03,+8.1650200E-03,-46.5747949E-03,+91.6025430E-03
+8.9832500E-03,+7.8124125E-03,-46.6098772E-03,+91.6003712E-03
+8.9835437E-03,+8.1485914E-03,-46.5965125E-03,+91.5903477E-03
+8.9838375E-03,+10.0502974E-03,-46.6883948E-03,+91.5789877E-03
+8.9841312E-03,+11.3930283E-03,-46.6098772E-03,+91.5811595E-03
+8.9844250E-03,+11.9687260E-03,-46.5530772E-03,+91.5868395E-03
+8.9847187E-03,+10.8548187E-03,-46.4879243E-03,+91.5911830E-03
+8.9850125E-03,+9.3857312E-03,-46.4043950E-03,+91.6003712E-03
+8.9853062E-03,+8.2188997E-03,-46.6098772E-03,+91.5946912E-03
+8.9856000E-03,+8.2143791E-03,-46.5530772E-03,+91.5903477E-03
+8.9858937E-03,+8.1184540E-03,-46.5313596E-03,+91.5833312E-03
+8.9861875E-03,+9.0021778E-03,-46.4311244E-03,+91.5925195E-03
+8.9864812E-03,+9.8739569E-03,-46.4261126E-03,+91.5933548E-03
+8.9867750E-03,+10.0475409E-03,-46.7535477E-03,+91.6103947E-03
+8.9870687E-03,+9.0331973E-03,-46.6716889E-03,+91.5995359E-03
+8.9873625E-03,+8.9823312E-03,-46.2907951E-03,+91.5776512E-03
+8.9876562E-03,+8.6920567E-03,-46.5881596E-03,+91.5925195E-03
+8.9879500E-03,+8.9456151E-03,-46.4528420E-03,+91.5890112E-03
+8.9882437E-03,+8.6959525E-03,-46.4829126E-03,+91.5968630E-03
+8.9885375E-03,+8.9348465E-03,-46.7318300E-03,+91.6025430E-03
+8.9888312E-03,+10.2985265E-03,-46.7234771E-03,+91.5938559E-03
+8.9891250E-03,+11.6017481E-03,-46.5313596E-03,+91.5754795E-03
+8.9894187E-03,+11.6779002E-03,-46.4528420E-03,+91.5933548E-03
+8.9897125E-03,+10.3589851E-03,-46.4394773E-03,+91.6060512E-03
+8.9900062E-03,+8.8438463E-03,-46.5747949E-03,+91.5881759E-03
+8.9903000E-03,+8.5120042E-03,-46.5230067E-03,+91.5798230E-03
+8.9905937E-03,+8.8266827E-03,-46.3258774E-03,+91.6003712E-03
+8.9908875E-03,+8.4201587E-03,-46.5313596E-03,+91.5946912E-03
+8.9911812E-03,+9.1042039E-03,-46.5179949E-03,+91.5925195E-03
+8.9914750E-03,+9.9116654E-03,-46.5881596E-03,+91.5911830E-03
+8.9917687E-03,+9.6413110E-03,-46.4528420E-03,+91.5981995E-03
+8.9920625E-03,+9.1046449E-03,-46.4611949E-03,+91.5868395E-03
+8.9923562E-03,+7.7558130E-03,-46.5881596E-03,+91.5911830E-03
+8.9926500E-03,+6.7142355E-03,-46.4311244E-03,+91.5960277E-03
+8.9929437E-03,+7.6204520E-03,-46.3826774E-03,+91.5746442E-03
+8.9932375E-03,+7.7682355E-03,-46.5747949E-03,+91.5697995E-03
+8.9935312E-03,+9.3911339E-03,-46.6750301E-03,+91.5803242E-03
+8.9938250E-03,+10.8450056E-03,-46.7451947E-03,+91.5697995E-03
+8.9941187E-03,+11.0049543E-03,-46.6315948E-03,+91.5890112E-03
+8.9944125E-03,+10.1665469E-03,-46.5664419E-03,+91.5925195E-03
+8.9947062E-03,+9.5686872E-03,-46.4611949E-03,+91.5846677E-03
+8.9950000E-03,+8.7785731E-03,-46.6098772E-03,+91.5876748E-03
+8.9952937E-03,+8.2208844E-03,-46.5313596E-03,+91.6082230E-03
+8.9955875E-03,+9.0981397E-03,-46.4962773E-03,+91.6047148E-03
+8.9958812E-03,+10.2376637E-03,-46.5096420E-03,+91.6060512E-03
+8.9961750E-03,+11.7150941E-03,-46.4611949E-03,+91.5838324E-03
+8.9964687E-03,+11.2091903E-03,-46.6750301E-03,+91.5641195E-03
+8.9967625E-03,+10.0343099E-03,-46.7886300E-03,+91.5868395E-03
+8.9970562E-03,+8.2778514E-03,-46.7234771E-03,+91.5868395E-03
+8.9973500E-03,+6.8895101E-03,-46.6616654E-03,+91.5868395E-03
+8.9976437E-03,+5.8404717E-03,-46.8153594E-03,+91.5890112E-03
+8.9979375E-03,+6.8965299E-03,-46.5397125E-03,+91.5946912E-03
+8.9982312E-03,+8.5749987E-03,-46.6666771E-03,+91.5903477E-03
+8.9985250E-03,+10.4296610E-03,-46.6182301E-03,+91.5789877E-03
+8.9988187E-03,+10.9461129E-03,-46.7234771E-03,+91.5811595E-03
+8.9991125E-03,+10.8202342E-03,-46.5747949E-03,+91.5846677E-03
+8.9994062E-03,+9.7087893E-03,-46.5881596E-03,+91.5833312E-03
+8.9997000E-03,+7.9376297E-03,-46.4745596E-03,+91.5903477E-03
+8.9999937E-03,+7.1956619E-03,-46.5179949E-03,+91.5855030E-03
+9.0002875E-03,+7.5209619E-03,-46.6098772E-03,+91.5916842E-03
+9.0005812E-03,+7.9005827E-03,-46.6833830E-03,+91.5741430E-03
+9.0008750E-03,+10.5079446E-03,-46.9155946E-03,+91.5981995E-03
+9.0011687E-03,+11.5039854E-03,-46.7184653E-03,+91.5890112E-03
+9.0014625E-03,+11.0829440E-03,-46.8587946E-03,+91.5925195E-03
+9.0017562E-03,+9.6626277E-03,-46.5664419E-03,+91.5911830E-03
+9.0020500E-03,+9.1185008E-03,-46.3526068E-03,+91.5981995E-03
+9.0023437E-03,+8.5540495E-03,-46.3693127E-03,+91.5803242E-03
+9.0026375E-03,+8.8628475E-03,-46.6666771E-03,+91.5676277E-03
+9.0029312E-03,+9.2266646E-03,-46.5530772E-03,+91.5833312E-03
+9.0032250E-03,+10.1455609E-03,-46.5747949E-03,+91.5925195E-03
+9.0035187E-03,+11.5411426E-03,-46.6098772E-03,+91.5824959E-03
+9.0038125E-03,+10.9862838E-03,-46.5096420E-03,+91.5754795E-03
+9.0041062E-03,+10.0891452E-03,-46.4611949E-03,+91.5868395E-03
+9.0044000E-03,+9.1454407E-03,-46.6533124E-03,+91.5846677E-03
+9.0046937E-03,+7.8646384E-03,-46.6666771E-03,+91.5833312E-03
+9.0049875E-03,+7.5920788E-03,-46.6399477E-03,+91.5903477E-03
+9.0052812E-03,+8.3502914E-03,-46.7585594E-03,+91.5833312E-03
+9.0055750E-03,+10.3651963E-03,-46.4745596E-03,+91.5946912E-03
+9.0058687E-03,+11.4550672E-03,-46.4528420E-03,+91.5946912E-03
+9.0061625E-03,+11.7520308E-03,-46.4394773E-03,+91.5925195E-03
+9.0064562E-03,+10.3584706E-03,-46.5313596E-03,+91.5890112E-03
+9.0067500E-03,+8.9956726E-03,-46.4962773E-03,+91.5946912E-03
+9.0070437E-03,+7.7085855E-03,-46.5530772E-03,+91.5946912E-03
+9.0073375E-03,+8.2701700E-03,-46.5313596E-03,+91.5903477E-03
+9.0076312E-03,+8.9756422E-03,-46.4962773E-03,+91.5855030E-03
+9.0079250E-03,+9.5685034E-03,-46.5747949E-03,+91.5981995E-03
+9.0082187E-03,+10.1835635E-03,-46.6098772E-03,+91.5846677E-03
+9.0085125E-03,+9.8534855E-03,-46.5965125E-03,+91.5768159E-03
+9.0088062E-03,+9.4300552E-03,-46.5580890E-03,+91.5798230E-03
+9.0091000E-03,+8.5801809E-03,-46.2907951E-03,+91.6003712E-03
+9.0093937E-03,+6.7345598E-03,-46.6315948E-03,+91.5946912E-03
+9.0096875E-03,+6.7640724E-03,-46.5881596E-03,+91.5990348E-03
+9.0099812E-03,+8.2562774E-03,-46.4745596E-03,+91.6082230E-03
+9.0102750E-03,+9.1887356E-03,-46.4528420E-03,+91.5981995E-03
+9.0105687E-03,+9.8928112E-03,-46.3960421E-03,+91.5803242E-03
+9.0108625E-03,+9.6578866E-03,-46.5263478E-03,+91.5654560E-03
+9.0111562E-03,+8.6362658E-03,-46.7802771E-03,+91.5733077E-03
+9.0114500E-03,+8.4373958E-03,-46.5965125E-03,+91.5768159E-03
+9.0117437E-03,+8.2293376E-03,-46.6666771E-03,+91.5841665E-03
+9.0120375E-03,+8.4889969E-03,-46.5747949E-03,+91.6182465E-03
+9.0123312E-03,+9.3910971E-03,-46.6315948E-03,+91.6117312E-03
+9.0126250E-03,+10.2051374E-03,-46.5881596E-03,+91.5946912E-03
+9.0129187E-03,+10.7393777E-03,-46.5179949E-03,+91.5990348E-03
+9.0132125E-03,+11.2243325E-03,-46.5881596E-03,+91.6060512E-03
+9.0135062E-03,+10.1246853E-03,-46.4962773E-03,+91.5946912E-03
+9.0138000E-03,+9.1720498E-03,-46.6182301E-03,+91.5903477E-03
+9.0140937E-03,+8.1733996E-03,-46.7451947E-03,+91.5811595E-03
+9.0143875E-03,+7.9550506E-03,-46.6533124E-03,+91.5868395E-03
+9.0146812E-03,+8.6142141E-03,-46.6883948E-03,+91.5846677E-03
+9.0149750E-03,+9.3176648E-03,-46.5881596E-03,+91.5833312E-03
+9.0152687E-03,+10.9131088E-03,-46.4528420E-03,+91.5903477E-03
+9.0155625E-03,+10.9174456E-03,-46.4611949E-03,+91.5811595E-03
+9.0158562E-03,+10.3330743E-03,-46.5230067E-03,+91.5824959E-03
+9.0161500E-03,+9.0346306E-03,-46.3693127E-03,+91.5711360E-03
+9.0164437E-03,+7.9441717E-03,-46.6449595E-03,+91.5711360E-03
+9.0167375E-03,+7.4853116E-03,-46.5179949E-03,+91.5733077E-03
+9.0170312E-03,+7.6538972E-03,-46.6533124E-03,+91.5833312E-03
+9.0173250E-03,+7.8451226E-03,-46.6883948E-03,+91.5881759E-03
+9.0176187E-03,+8.9591769E-03,-46.7184653E-03,+91.5798230E-03
+9.0179125E-03,+10.1295367E-03,-46.8805123E-03,+91.6047148E-03
+9.0182062E-03,+10.3344709E-03,-46.6666771E-03,+91.6060512E-03
+9.0185000E-03,+9.7631836E-03,-46.5747949E-03,+91.5925195E-03
+9.0187937E-03,+8.6485413E-03,-46.6315948E-03,+91.5933548E-03
+9.0190875E-03,+8.5373637E-03,-46.6967477E-03,+91.6038795E-03
+9.0193812E-03,+8.6256075E-03,-46.8237123E-03,+91.5933548E-03
+9.0196750E-03,+8.8906327E-03,-46.7101124E-03,+91.6017077E-03
+9.0199687E-03,+10.3043335E-03,-46.6666771E-03,+91.5789877E-03
+9.0202625E-03,+10.9953986E-03,-46.6399477E-03,+91.5811595E-03
+9.0205562E-03,+10.5721153E-03,-46.7585594E-03,+91.5781524E-03
+9.0208500E-03,+9.3401209E-03,-46.5831478E-03,+91.5619477E-03
+9.0211437E-03,+8.5418476E-03,-46.8237123E-03,+91.5811595E-03
+9.0214375E-03,+8.2337479E-03,-46.6883948E-03,+91.5911830E-03
+9.0217312E-03,+8.0321949E-03,-46.6315948E-03,+91.5981995E-03
+9.0220250E-03,+8.5638258E-03,-46.7184653E-03,+91.5868395E-03
+9.0223187E-03,+9.6759322E-03,-46.8805123E-03,+91.5976983E-03
+9.0226125E-03,+11.2006636E-03,-46.6883948E-03,+91.6217547E-03
+9.0229062E-03,+10.9870556E-03,-46.6098772E-03,+91.6060512E-03
+9.0232000E-03,+10.2840827E-03,-46.6182301E-03,+91.5946912E-03
+9.0234937E-03,+9.4364502E-03,-46.7017595E-03,+91.5946912E-03
+9.0237875E-03,+8.8429275E-03,-46.5179949E-03,+91.5903477E-03
+9.0240812E-03,+7.9569250E-03,-46.6533124E-03,+91.5789877E-03
+9.0243750E-03,+8.2058157E-03,-46.6449595E-03,+91.5876748E-03
+9.0246687E-03,+9.1508433E-03,-46.6048654E-03,+91.6038795E-03
+9.0249625E-03,+10.6212906E-03,-46.8587946E-03,+91.5868395E-03
+9.0252562E-03,+11.1916959E-03,-46.6750301E-03,+91.5846677E-03
+9.0255500E-03,+10.5392949E-03,-46.8103476E-03,+91.5855030E-03
+9.0258437E-03,+9.6193328E-03,-46.8019947E-03,+91.5981995E-03
+9.0261375E-03,+7.7499326E-03,-46.6315948E-03,+91.5868395E-03
+9.0264312E-03,+7.4061826E-03,-46.6967477E-03,+91.5846677E-03
+9.0267250E-03,+7.8745617E-03,-46.7802771E-03,+91.5811595E-03
+9.0270187E-03,+9.8121752E-03,-46.5313596E-03,+91.5890112E-03
+9.0273125E-03,+11.0685368E-03,-46.5614302E-03,+91.5925195E-03
+9.0276062E-03,+11.3774451E-03,-46.7669124E-03,+91.5933548E-03
+9.0279000E-03,+10.2322243E-03,-46.7101124E-03,+91.6038795E-03
+9.0281937E-03,+8.6916157E-03,-46.7318300E-03,+91.5911830E-03
+9.0284875E-03,+7.2232633E-03,-46.7669124E-03,+91.6025430E-03
+9.0287812E-03,+6.5419745E-03,-46.7535477E-03,+91.6025430E-03
+9.0290750E-03,+8.2878849E-03,-46.8454299E-03,+91.5960277E-03
+9.0293687E-03,+10.1760658E-03,-46.7017595E-03,+91.5811595E-03
+9.0296625E-03,+10.9924216E-03,-46.4745596E-03,+91.5911830E-03
+9.0299562E-03,+11.2486996E-03,-46.5179949E-03,+91.6025430E-03
+9.0302500E-03,+10.8930050E-03,-46.5230067E-03,+91.6068865E-03
+9.0305437E-03,+8.9839116E-03,-46.3475950E-03,+91.6117312E-03
+9.0308375E-03,+7.3698707E-03,-46.6098772E-03,+91.5968630E-03
+9.0311312E-03,+6.5714136E-03,-46.6399477E-03,+91.5981995E-03
+9.0314250E-03,+7.8901082E-03,-46.8237123E-03,+91.5868395E-03
+9.0317187E-03,+8.9367576E-03,-46.7101124E-03,+91.5868395E-03
+9.0320125E-03,+10.1146517E-03,-46.7318300E-03,+91.5890112E-03
+9.0323062E-03,+10.3393590E-03,-46.7886300E-03,+91.5946912E-03
+9.0326000E-03,+10.4665976E-03,-46.8972181E-03,+91.5946912E-03
+9.0328937E-03,+9.1774525E-03,-47.0726298E-03,+91.5903477E-03
+9.0331875E-03,+7.2875074E-03,-46.7234771E-03,+91.5833312E-03
+9.0334812E-03,+5.2749914E-03,-46.4662067E-03,+91.5968630E-03
+9.0337750E-03,+6.6039767E-03,-46.3910303E-03,+91.5960277E-03
+9.0340687E-03,+7.9615558E-03,-46.7234771E-03,+91.5811595E-03
+9.0343625E-03,+10.5506883E-03,-46.6399477E-03,+91.5911830E-03
+9.0346562E-03,+12.2392641E-03,-46.8019947E-03,+91.6047148E-03
+9.0349500E-03,+11.9832801E-03,-46.6533124E-03,+91.6060512E-03
+9.0352437E-03,+10.0827870E-03,-46.6883948E-03,+91.5925195E-03
+9.0355375E-03,+8.3887717E-03,-46.7184653E-03,+91.5911830E-03
+9.0358312E-03,+7.8583904E-03,-46.8370770E-03,+91.5981995E-03
+9.0361250E-03,+8.5619882E-03,-46.6399477E-03,+91.5911830E-03
+9.0364187E-03,+9.7396250E-03,-46.8454299E-03,+91.6003712E-03
+9.0367125E-03,+11.2910390E-03,-46.7886300E-03,+91.5946912E-03
+9.0370062E-03,+12.1595103E-03,-46.8103476E-03,+91.6012065E-03
+9.0373000E-03,+12.7925425E-03,-46.8237123E-03,+91.6073877E-03
+9.0375937E-03,+10.7824154E-03,-46.7535477E-03,+91.5789877E-03
+9.0378875E-03,+8.3551428E-03,-46.8671476E-03,+91.5833312E-03
+9.0381812E-03,+6.7362505E-03,-46.8237123E-03,+91.5925195E-03
+9.0384750E-03,+7.2478143E-03,-46.6883948E-03,+91.5803242E-03
+9.0387687E-03,+7.9498684E-03,-46.6533124E-03,+91.5697995E-03
+9.0390625E-03,+9.6715586E-03,-46.6883948E-03,+91.5803242E-03
+9.0393562E-03,+10.4943828E-03,-46.6315948E-03,+91.5719712E-03
+9.0396500E-03,+10.6675258E-03,-46.6533124E-03,+91.5946912E-03
+9.0399437E-03,+9.2851017E-03,-46.7318300E-03,+91.5946912E-03
+9.0402375E-03,+8.6372949E-03,-46.7451947E-03,+91.5946912E-03
+9.0405312E-03,+8.1787288E-03,-46.6315948E-03,+91.5990348E-03
+9.0408250E-03,+8.2121739E-03,-46.6967477E-03,+91.6082230E-03
+9.0411187E-03,+8.6154269E-03,-46.8019947E-03,+91.6003712E-03
+9.0414125E-03,+9.8333082E-03,-46.6967477E-03,+91.5925195E-03
+9.0417062E-03,+11.2509048E-03,-46.8454299E-03,+91.5868395E-03
+9.0420000E-03,+11.3985780E-03,-46.7017595E-03,+91.5890112E-03
+9.0422937E-03,+10.5927337E-03,-46.5614302E-03,+91.5881759E-03
+9.0425875E-03,+8.7672165E-03,-46.7451947E-03,+91.5819948E-03
+9.0428812E-03,+7.0664754E-03,-46.6098772E-03,+91.6038795E-03
+9.0431750E-03,+6.6333790E-03,-46.5747949E-03,+91.5868395E-03
+9.0434687E-03,+8.0102167E-03,-46.6098772E-03,+91.5868395E-03
+9.0437625E-03,+9.1868244E-03,-46.6399477E-03,+91.5846677E-03
+9.0440562E-03,+10.0114496E-03,-46.8237123E-03,+91.5789877E-03
+9.0443500E-03,+9.5900774E-03,-46.7318300E-03,+91.5833312E-03
+9.0446437E-03,+8.5834886E-03,-46.8103476E-03,+91.5946912E-03
+9.0449375E-03,+8.6389120E-03,-46.7802771E-03,+91.5903477E-03
+9.0452312E-03,+7.7697056E-03,-46.6182301E-03,+91.5855030E-03
+9.0455250E-03,+7.3166525E-03,-46.7451947E-03,+91.5960277E-03
+9.0458187E-03,+8.3145675E-03,-46.5881596E-03,+91.5789877E-03
+9.0461125E-03,+10.0308551E-03,-46.5179949E-03,+91.5833312E-03
+9.0464062E-03,+11.2450611E-03,-46.5664419E-03,+91.5903477E-03
+9.0467000E-03,+11.0890082E-03,-46.3743244E-03,+91.5833312E-03
+9.0469937E-03,+10.6238634E-03,-46.3609597E-03,+91.6012065E-03
+9.0472875E-03,+9.9420233E-03,-46.4962773E-03,+91.6095595E-03
+9.0475812E-03,+8.8183030E-03,-46.6182301E-03,+91.5803242E-03
+9.0478750E-03,+7.8779430E-03,-46.7669124E-03,+91.5719712E-03
+9.0481687E-03,+7.8659247E-03,-46.7752653E-03,+91.5925195E-03
+9.0484625E-03,+8.6561124E-03,-46.8587946E-03,+91.5846677E-03
+9.0487562E-03,+9.7263205E-03,-46.6315948E-03,+91.5789877E-03
+9.0490500E-03,+10.0163377E-03,-46.7184653E-03,+91.5789877E-03
+9.0493437E-03,+9.9360693E-03,-46.8587946E-03,+91.5811595E-03
+9.0496375E-03,+9.8287508E-03,-46.6315948E-03,+91.5890112E-03
+9.0499312E-03,+9.2133601E-03,-46.5664419E-03,+91.5946912E-03
+9.0502250E-03,+7.7131429E-03,-46.5046302E-03,+91.5990348E-03
+9.0505187E-03,+8.0532543E-03,-46.7669124E-03,+91.6060512E-03
+9.0508125E-03,+9.5948185E-03,-46.7752653E-03,+91.5946912E-03
+9.0511062E-03,+10.5404710E-03,-46.9022299E-03,+91.5946912E-03
+9.0514000E-03,+11.4634101E-03,-46.8103476E-03,+91.5903477E-03
+9.0516937E-03,+11.3994233E-03,-46.7802771E-03,+91.5811595E-03
+9.0519875E-03,+10.1000241E-03,-46.5747949E-03,+91.5911830E-03
+9.0522812E-03,+8.1085675E-03,-46.6533124E-03,+91.6003712E-03
+9.0525750E-03,+7.3350657E-03,-46.6666771E-03,+91.6012065E-03
+9.0528687E-03,+7.6499279E-03,-46.5313596E-03,+91.6117312E-03
+9.0531625E-03,+8.6626176E-03,-46.5397125E-03,+91.5925195E-03
+9.0534562E-03,+9.4861769E-03,-46.6883948E-03,+91.5824959E-03
+9.0537500E-03,+10.5718947E-03,-46.6098772E-03,+91.5776512E-03
+9.0540437E-03,+10.7138345E-03,-46.5747949E-03,+91.5903477E-03
+9.0543375E-03,+9.2659167E-03,-46.6533124E-03,+91.5789877E-03
+9.0546312E-03,+8.2874072E-03,-46.6666771E-03,+91.5811595E-03
+9.0549250E-03,+7.8833456E-03,-46.6399477E-03,+91.5824959E-03
+9.0552187E-03,+8.4734137E-03,-46.8888652E-03,+91.5776512E-03
+9.0555125E-03,+8.3699909E-03,-46.8153594E-03,+91.5968630E-03
+9.0558062E-03,+9.6205088E-03,-46.4311244E-03,+91.6003712E-03
+9.0561000E-03,+10.9301989E-03,-46.3826774E-03,+91.5903477E-03
+9.0563937E-03,+11.2977280E-03,-46.6182301E-03,+91.5920183E-03
+9.0566875E-03,+10.8605154E-03,-46.7451947E-03,+91.6174112E-03
+9.0569812E-03,+9.5183357E-03,-46.7184653E-03,+91.5925195E-03
+9.0572750E-03,+8.5734183E-03,-46.8587946E-03,+91.5890112E-03
+9.0575687E-03,+7.7031094E-03,-46.6533124E-03,+91.5903477E-03
+9.0578625E-03,+7.4619367E-03,-46.7318300E-03,+91.5876748E-03
+9.0581562E-03,+8.4620202E-03,-46.8103476E-03,+91.6060512E-03
+9.0584500E-03,+10.1964637E-03,-46.8019947E-03,+91.5946912E-03
+9.0587437E-03,+11.0872441E-03,-46.6967477E-03,+91.5925195E-03
+9.0590375E-03,+10.4824382E-03,-46.7368418E-03,+91.5824959E-03
+9.0593312E-03,+8.7360500E-03,-46.3960421E-03,+91.5711360E-03
+9.0596250E-03,+8.0166852E-03,-46.3743244E-03,+91.5754795E-03
+9.0599187E-03,+7.2626992E-03,-46.4478302E-03,+91.5846677E-03
+9.0602125E-03,+7.4885458E-03,-46.8537829E-03,+91.5833312E-03
+9.0605062E-03,+9.1490424E-03,-46.9807475E-03,+91.5946912E-03
+9.0608000E-03,+11.2819977E-03,-46.7802771E-03,+91.5925195E-03
+9.0610937E-03,+12.3774184E-03,-46.6399477E-03,+91.5868395E-03
+9.0613875E-03,+11.3188610E-03,-46.7802771E-03,+91.5846677E-03
+9.0616812E-03,+9.8177985E-03,-46.5965125E-03,+91.5855030E-03
+9.0619750E-03,+8.7989710E-03,-46.6883948E-03,+91.5981995E-03
+9.0622687E-03,+8.0185229E-03,-46.6315948E-03,+91.5890112E-03
+9.0625625E-03,+8.0414934E-03,-46.7401830E-03,+91.5946912E-03
+9.0628562E-03,+9.3449722E-03,-46.9155946E-03,+91.5946912E-03
+9.0631500E-03,+10.9224073E-03,-46.6750301E-03,+91.5946912E-03
+9.0634437E-03,+11.3864863E-03,-46.8320653E-03,+91.5903477E-03
+9.0637375E-03,+10.4643190E-03,-46.9456652E-03,+91.5876748E-03
+9.0640312E-03,+9.2636013E-03,-46.9239475E-03,+91.6082230E-03
+9.0643250E-03,+7.2884630E-03,-46.9105828E-03,+91.6025430E-03
+9.0646187E-03,+6.6036092E-03,-46.8721593E-03,+91.5981995E-03
+9.0649125E-03,+6.7477541E-03,-46.5179949E-03,+91.5846677E-03
+9.0652062E-03,+8.5706618E-03,-46.6098772E-03,+91.5833312E-03
+9.0655000E-03,+10.3431078E-03,-46.6833830E-03,+91.5968630E-03
+9.0657937E-03,+11.2589169E-03,-47.0241828E-03,+91.5981995E-03
+9.0660875E-03,+10.5157363E-03,-46.8504417E-03,+91.5868395E-03
+9.0663812E-03,+8.8650527E-03,-46.4829126E-03,+91.5911830E-03
+9.0666750E-03,+7.7013820E-03,-46.7969829E-03,+91.5960277E-03
+9.0669687E-03,+7.2216094E-03,-46.9807475E-03,+91.5811595E-03
+9.0672625E-03,+8.6162722E-03,-46.8888652E-03,+91.5890112E-03
+9.0675562E-03,+9.4043282E-03,-46.9239475E-03,+91.5881759E-03
+9.0678500E-03,+9.7562741E-03,-46.8888652E-03,+91.5733077E-03
+9.0681437E-03,+11.0974246E-03,-46.9456652E-03,+91.5833312E-03
+9.0684375E-03,+11.0728369E-03,-46.9673828E-03,+91.5946912E-03
+9.0687312E-03,+10.3090012E-03,-46.9155946E-03,+91.5925195E-03
+9.0690250E-03,+8.7414894E-03,-46.7401830E-03,+91.5911830E-03
+9.0693187E-03,+7.2214992E-03,-46.9807475E-03,+91.6003712E-03
+9.0696125E-03,+7.3077950E-03,-46.8237123E-03,+91.5968630E-03
+9.0699062E-03,+9.7862277E-03,-46.8187006E-03,+91.6003712E-03
+9.0702000E-03,+11.1734297E-03,-47.0809827E-03,+91.5925195E-03
+9.0704937E-03,+11.6412575E-03,-46.9373122E-03,+91.5890112E-03
+9.0707875E-03,+11.4431226E-03,-46.7535477E-03,+91.5925195E-03
+9.0710812E-03,+10.1025968E-03,-46.8237123E-03,+91.5868395E-03
+9.0713750E-03,+8.5896999E-03,-46.7318300E-03,+91.5911830E-03
+9.0716687E-03,+7.0073767E-03,-46.8320653E-03,+91.5938559E-03
+9.0719625E-03,+6.9333931E-03,-46.8370770E-03,+91.5733077E-03
+9.0722562E-03,+8.7729866E-03,-46.6182301E-03,+91.5833312E-03
+9.0725500E-03,+11.3202208E-03,-46.8320653E-03,+91.5881759E-03
+9.0728437E-03,+12.5193581E-03,-47.0108181E-03,+91.5776512E-03
+9.0731375E-03,+11.6364061E-03,-47.0726298E-03,+91.5968630E-03
+9.0734312E-03,+11.1311638E-03,-46.7017595E-03,+91.6025430E-03
+9.0737250E-03,+8.7899298E-03,-46.5614302E-03,+91.5938559E-03
+9.0740187E-03,+6.3484705E-03,-46.8103476E-03,+91.5798230E-03
+9.0743125E-03,+6.6239703E-03,-46.9105828E-03,+91.5916842E-03
+9.0746062E-03,+7.5531207E-03,-47.0241828E-03,+91.5719712E-03
+9.0749000E-03,+9.2489001E-03,-46.8938770E-03,+91.5925195E-03
+9.0751937E-03,+10.6458048E-03,-46.7051006E-03,+91.5868395E-03
+9.0754875E-03,+10.8920494E-03,-46.9941122E-03,+91.5911830E-03
+9.0757812E-03,+10.1245750E-03,-46.7535477E-03,+91.5960277E-03
+9.0760750E-03,+8.8187073E-03,-46.9105828E-03,+91.5811595E-03
+9.0763687E-03,+8.0269393E-03,-47.0024651E-03,+91.5890112E-03
+9.0766625E-03,+8.6469242E-03,-46.9456652E-03,+91.5925195E-03
+9.0769562E-03,+8.6562594E-03,-46.9673828E-03,+91.5846677E-03
+9.0772500E-03,+8.7581752E-03,-46.9807475E-03,+91.5833312E-03
+9.0775437E-03,+10.2120470E-03,-46.8019947E-03,+91.5925195E-03
+9.0778375E-03,+10.3664827E-03,-46.7401830E-03,+91.5890112E-03
+9.0781312E-03,+10.0494521E-03,-47.0241828E-03,+91.5860042E-03
+9.0784250E-03,+9.2783392E-03,-46.9590299E-03,+91.5697995E-03
+9.0787187E-03,+8.9602060E-03,-46.8320653E-03,+91.5911830E-03
+9.0790125E-03,+8.1613079E-03,-46.9891004E-03,+91.6003712E-03
+9.0793062E-03,+8.1730688E-03,-47.0375475E-03,+91.5946912E-03
+9.0796000E-03,+9.1830021E-03,-46.9105828E-03,+91.5903477E-03
+9.0798937E-03,+10.7277638E-03,-47.0241828E-03,+91.5768159E-03
+9.0801875E-03,+11.0012423E-03,-47.0024651E-03,+91.5733077E-03
+9.0804812E-03,+10.7212218E-03,-46.8587946E-03,+91.5789877E-03
+9.0807750E-03,+9.3017141E-03,-46.7401830E-03,+91.5789877E-03
+9.0810687E-03,+8.3072905E-03,-46.9807475E-03,+91.5811595E-03
+9.0813625E-03,+8.1195199E-03,-46.8888652E-03,+91.5890112E-03
+9.0816562E-03,+8.1112137E-03,-46.9673828E-03,+91.5946912E-03
+9.0819500E-03,+9.0972576E-03,-46.9590299E-03,+91.5925195E-03
+9.0822437E-03,+10.5786573E-03,-46.8103476E-03,+91.5890112E-03
+9.0825375E-03,+10.9239509E-03,-46.8237123E-03,+91.5925195E-03
+9.0828312E-03,+10.3736128E-03,-46.7752653E-03,+91.5911830E-03
+9.0831250E-03,+9.3959485E-03,-46.9673828E-03,+91.5981995E-03
+9.0834187E-03,+8.5796296E-03,-47.0024651E-03,+91.5868395E-03
+9.0837125E-03,+7.9252072E-03,-46.9239475E-03,+91.5890112E-03
+9.0840062E-03,+7.9333663E-03,-46.8237123E-03,+91.5925195E-03
+9.0843000E-03,+8.9082741E-03,-46.7318300E-03,+91.5911830E-03
+9.0845937E-03,+10.1127038E-03,-46.8103476E-03,+91.6047148E-03
+9.0848875E-03,+10.4025373E-03,-46.8454299E-03,+91.6082230E-03
+9.0851812E-03,+10.3218279E-03,-46.8320653E-03,+91.5960277E-03
+9.0854750E-03,+9.8702816E-03,-46.9456652E-03,+91.5789877E-03
+9.0857687E-03,+8.8213535E-03,-46.9022299E-03,+91.5789877E-03
+9.0860625E-03,+8.0081953E-03,-46.7451947E-03,+91.5811595E-03
+9.0863562E-03,+8.6991868E-03,-46.6750301E-03,+91.5868395E-03
+9.0866500E-03,+9.9433832E-03,-46.7451947E-03,+91.5868395E-03
+9.0869437E-03,+10.6517220E-03,-46.6315948E-03,+91.5868395E-03
+9.0872375E-03,+11.5135779E-03,-46.6315948E-03,+91.5911830E-03
+9.0875312E-03,+11.3882137E-03,-46.6315948E-03,+91.6047148E-03
+9.0878250E-03,+9.7568989E-03,-46.6315948E-03,+91.6103947E-03
+9.0881187E-03,+8.0612298E-03,-46.6098772E-03,+91.6060512E-03
+9.0884125E-03,+5.8982840E-03,-46.6833830E-03,+91.5946912E-03
+9.0887062E-03,+6.7729298E-03,-46.9807475E-03,+91.5881759E-03
+9.0890000E-03,+9.0690313E-03,-46.8454299E-03,+91.5754795E-03
+9.0892937E-03,+10.6851304E-03,-46.7886300E-03,+91.5846677E-03
+9.0895875E-03,+11.9428886E-03,-46.7451947E-03,+91.5833312E-03
+9.0898812E-03,+12.0314632E-03,-46.6533124E-03,+91.5968630E-03
+9.0901750E-03,+11.4943929E-03,-46.7535477E-03,+91.6003712E-03
+9.0904687E-03,+9.2850283E-03,-46.7802771E-03,+91.5881759E-03
+9.0907625E-03,+7.6092057E-03,-46.6833830E-03,+91.5754795E-03
+9.0910562E-03,+6.9085481E-03,-46.9155946E-03,+91.5846677E-03
+9.0913500E-03,+7.7777545E-03,-46.6315948E-03,+91.5811595E-03
+9.0916437E-03,+9.6480735E-03,-46.6533124E-03,+91.5911830E-03
+9.0919375E-03,+10.7545934E-03,-46.8187006E-03,+91.6003712E-03
+9.0922312E-03,+11.3483735E-03,-46.9941122E-03,+91.5968630E-03
+9.0925250E-03,+10.1269272E-03,-46.7752653E-03,+91.5981995E-03
+9.0928187E-03,+8.8525567E-03,-46.9673828E-03,+91.5890112E-03
+9.0931125E-03,+7.2316430E-03,-46.9373122E-03,+91.5990348E-03
+9.0934062E-03,+6.9215219E-03,-46.7535477E-03,+91.6060512E-03
+9.0937000E-03,+7.8415575E-03,-46.9540181E-03,+91.5925195E-03
+9.0939937E-03,+9.7832140E-03,-47.0943474E-03,+91.5846677E-03
+9.0942875E-03,+10.9927523E-03,-46.8671476E-03,+91.5898465E-03
+9.0945812E-03,+11.4560228E-03,-46.8671476E-03,+91.6117312E-03
+9.0948750E-03,+10.0741868E-03,-46.8671476E-03,+91.5881759E-03
+9.0951687E-03,+8.6242109E-03,-46.8454299E-03,+91.5711360E-03
+9.0954625E-03,+7.9667380E-03,-46.7669124E-03,+91.5733077E-03
+9.0957562E-03,+7.4835842E-03,-46.7101124E-03,+91.5811595E-03
+9.0960500E-03,+8.9707908E-03,-46.7318300E-03,+91.5868395E-03
+9.0963437E-03,+10.3673280E-03,-46.7451947E-03,+91.5824959E-03
+9.0966375E-03,+10.9735673E-03,-46.6533124E-03,+91.5733077E-03
+9.0969312E-03,+10.3314572E-03,-46.7752653E-03,+91.5768159E-03
+9.0972250E-03,+9.9084679E-03,-46.9022299E-03,+91.5754795E-03
+9.0975187E-03,+8.3064084E-03,-46.8320653E-03,+91.5824959E-03
+9.0978125E-03,+7.5970404E-03,-46.9891004E-03,+91.5754795E-03
+9.0981062E-03,+7.7675004E-03,-47.0158298E-03,+91.5781524E-03
+9.0984000E-03,+8.5245737E-03,-46.8103476E-03,+91.5641195E-03
+9.0986937E-03,+9.2968259E-03,-46.8019947E-03,+91.5868395E-03
+9.0989875E-03,+10.3764060E-03,-46.7619006E-03,+91.5824959E-03
+9.0992812E-03,+11.0819884E-03,-46.9941122E-03,+91.5733077E-03
+9.0995750E-03,+10.7773435E-03,-46.7101124E-03,+91.5811595E-03
+9.0998687E-03,+9.7324950E-03,-46.7752653E-03,+91.5868395E-03
+9.1001625E-03,+8.4518030E-03,-46.8587946E-03,+91.5868395E-03
+9.1004562E-03,+7.5599200E-03,-46.7184653E-03,+91.5846677E-03
+9.1007500E-03,+8.6481370E-03,-46.8805123E-03,+91.5811595E-03
+9.1010437E-03,+8.8423761E-03,-46.7535477E-03,+91.5868395E-03
+9.1013375E-03,+10.4346593E-03,-46.8237123E-03,+91.5890112E-03
+9.1016312E-03,+11.5576079E-03,-46.7101124E-03,+91.5881759E-03
+9.1019250E-03,+10.6519426E-03,-46.7535477E-03,+91.5711360E-03
+9.1022187E-03,+9.4255346E-03,-46.7585594E-03,+91.5776512E-03
+9.1025125E-03,+7.9121967E-03,-46.5614302E-03,+91.5925195E-03
+9.1028062E-03,+7.4437440E-03,-46.7451947E-03,+91.5933548E-03
+9.1031000E-03,+8.4658425E-03,-46.6750301E-03,+91.6038795E-03
+9.1033937E-03,+9.2754725E-03,-46.7669124E-03,+91.5846677E-03
+9.1036875E-03,+10.8037321E-03,-46.6883948E-03,+91.5811595E-03
+9.1039812E-03,+11.0236248E-03,-46.6533124E-03,+91.5868395E-03
+9.1042750E-03,+9.9906474E-03,-46.7535477E-03,+91.5890112E-03
+9.1045687E-03,+8.6843754E-03,-46.8019947E-03,+91.5990348E-03
+9.1048625E-03,+8.2196716E-03,-46.6533124E-03,+91.6017077E-03
+9.1051562E-03,+7.0954367E-03,-46.6883948E-03,+91.5811595E-03
+9.1054500E-03,+7.2800833E-03,-46.6315948E-03,+91.5890112E-03
+9.1057437E-03,+7.9241046E-03,-46.6967477E-03,+91.5881759E-03
+9.1060375E-03,+9.6696474E-03,-46.8671476E-03,+91.5776512E-03
+9.1063312E-03,+11.0292847E-03,-46.8671476E-03,+91.5946912E-03
+9.1066250E-03,+10.9393871E-03,-46.8237123E-03,+91.5903477E-03
+9.1069187E-03,+10.2736449E-03,-46.8187006E-03,+91.5833312E-03
+9.1072125E-03,+9.4643457E-03,-46.9506769E-03,+91.5946912E-03
+9.1075062E-03,+9.0366521E-03,-46.6399477E-03,+91.5925195E-03
+9.1078000E-03,+8.2066243E-03,-46.8019947E-03,+91.5868395E-03
+9.1080937E-03,+8.4699956E-03,-46.6098772E-03,+91.5933548E-03
+9.1083875E-03,+9.3314472E-03,-46.5747949E-03,+91.6038795E-03
+9.1086812E-03,+10.0035844E-03,-46.6533124E-03,+91.5868395E-03
+9.1089750E-03,+10.6744721E-03,-46.6883948E-03,+91.5890112E-03
+9.1092687E-03,+11.0511895E-03,-46.6533124E-03,+91.5925195E-03
+9.1095625E-03,+10.5659775E-03,-46.7752653E-03,+91.5890112E-03
+9.1098562E-03,+8.7880186E-03,-46.9239475E-03,+91.5881759E-03
+9.1101500E-03,+7.6120724E-03,-46.9105828E-03,+91.5754795E-03
+9.1104437E-03,+7.3552798E-03,-46.9155946E-03,+91.5846677E-03
+9.1107375E-03,+7.8820225E-03,-46.6750301E-03,+91.5789877E-03
+9.1110312E-03,+9.4014247E-03,-46.8320653E-03,+91.5833312E-03
+9.1113250E-03,+10.1401583E-03,-46.8587946E-03,+91.5968630E-03
+9.1116187E-03,+10.6106691E-03,-46.6098772E-03,+91.6003712E-03
+9.1119125E-03,+9.7645068E-03,-46.5747949E-03,+91.5903477E-03
+9.1122062E-03,+8.0615605E-03,-46.6315948E-03,+91.5833312E-03
+9.1125000E-03,+7.3950464E-03,-46.6750301E-03,+91.5925195E-03
+9.1127937E-03,+7.5600670E-03,-46.7234771E-03,+91.5933548E-03
+9.1130875E-03,+8.3699909E-03,-46.5747949E-03,+91.6038795E-03
+9.1133812E-03,+9.6223097E-03,-46.7401830E-03,+91.5890112E-03
+9.1136750E-03,+10.5962987E-03,-46.9590299E-03,+91.5925195E-03
+9.1139687E-03,+11.0933451E-03,-46.8320653E-03,+91.5890112E-03
+9.1142625E-03,+10.3829480E-03,-47.0108181E-03,+91.5925195E-03
+9.1145562E-03,+9.6440307E-03,-47.0509122E-03,+91.5911830E-03
+9.1148500E-03,+8.7640925E-03,-46.7535477E-03,+91.6003712E-03
+9.1151437E-03,+7.7329160E-03,-46.8237123E-03,+91.5860042E-03
+9.1154375E-03,+7.6387550E-03,-46.7318300E-03,+91.5763148E-03
+9.1157312E-03,+9.0720818E-03,-46.8537829E-03,+91.6060512E-03
+9.1160250E-03,+10.5464985E-03,-46.8938770E-03,+91.5990348E-03
+9.1163187E-03,+9.8222088E-03,-46.6399477E-03,+91.6082230E-03
+9.1166125E-03,+8.8787983E-03,-46.7585594E-03,+91.6047148E-03
+9.1169062E-03,+7.4379003E-03,-46.5614302E-03,+91.6038795E-03
+9.1172000E-03,+7.1201714E-03,-46.7886300E-03,+91.5868395E-03
+9.1174937E-03,+7.9001049E-03,-46.7669124E-03,+91.5890112E-03
+9.1177875E-03,+9.1784080E-03,-46.7535477E-03,+91.5925195E-03
+9.1180812E-03,+11.0095852E-03,-46.7151242E-03,+91.5911830E-03
+9.1183750E-03,+12.2027317E-03,-46.3392421E-03,+91.5960277E-03
+9.1186687E-03,+11.5590045E-03,-46.4611949E-03,+91.5833312E-03
+9.1189625E-03,+10.7041685E-03,-46.6967477E-03,+91.5946912E-03
+9.1192562E-03,+10.2109444E-03,-46.8237123E-03,+91.5968630E-03
+9.1195500E-03,+8.4011207E-03,-46.6883948E-03,+91.6003712E-03
+9.1198437E-03,+8.4513252E-03,-46.6750301E-03,+91.5903477E-03
+9.1201375E-03,+8.7825424E-03,-46.7669124E-03,+91.5876748E-03
+9.1204312E-03,+10.4401355E-03,-46.7752653E-03,+91.6017077E-03
+9.1207250E-03,+11.1761861E-03,-46.9022299E-03,+91.5789877E-03
+9.1210187E-03,+11.6262623E-03,-46.7886300E-03,+91.5855030E-03
+9.1213125E-03,+10.6521631E-03,-46.8320653E-03,+91.5981995E-03
+9.1216062E-03,+8.5303439E-03,-46.8587946E-03,+91.5846677E-03
+9.1219000E-03,+7.8756643E-03,-46.6533124E-03,+91.5811595E-03
+9.1221937E-03,+7.5612798E-03,-46.7101124E-03,+91.5846677E-03
+9.1224875E-03,+8.5594890E-03,-46.7969829E-03,+91.5811595E-03
+9.1227812E-03,+9.5480321E-03,-46.9590299E-03,+91.5890112E-03
+9.1230750E-03,+10.4918101E-03,-46.7886300E-03,+91.5903477E-03
+9.1233687E-03,+10.3415275E-03,-46.8103476E-03,+91.5833312E-03
+9.1236625E-03,+9.2806914E-03,-46.8019947E-03,+91.5881759E-03
+9.1239562E-03,+8.5736756E-03,-46.7401830E-03,+91.5711360E-03
+9.1242500E-03,+8.2849815E-03,-46.9590299E-03,+91.5689642E-03
+9.1245437E-03,+7.6373216E-03,-46.7451947E-03,+91.5676277E-03
+9.1248375E-03,+8.3093854E-03,-46.6967477E-03,+91.5768159E-03
+9.1251312E-03,+9.3857312E-03,-46.8454299E-03,+91.5754795E-03
+9.1254250E-03,+10.4742422E-03,-46.8103476E-03,+91.5824959E-03
+9.1257187E-03,+10.8662488E-03,-46.8454299E-03,+91.5689642E-03
+9.1260125E-03,+9.3245376E-03,-46.7451947E-03,+91.5676277E-03
+9.1263062E-03,+7.7898830E-03,-46.6533124E-03,+91.5833312E-03
+9.1266000E-03,+7.2339952E-03,-46.7318300E-03,+91.5925195E-03
+9.1268937E-03,+8.1240037E-03,-46.7451947E-03,+91.5868395E-03
+9.1271875E-03,+9.0381957E-03,-46.6533124E-03,+91.5911830E-03
+9.1274812E-03,+9.7532971E-03,-46.7969829E-03,+91.6025430E-03
+9.1277750E-03,+10.6664600E-03,-46.9155946E-03,+91.5960277E-03
+9.1280687E-03,+10.7074762E-03,-46.6533124E-03,+91.5811595E-03
+9.1283625E-03,+10.0844409E-03,-46.6666771E-03,+91.5911830E-03
+9.1286562E-03,+9.2279510E-03,-46.5313596E-03,+91.6003712E-03
+9.1289500E-03,+8.4799189E-03,-46.5397125E-03,+91.5946912E-03
+9.1292437E-03,+9.3461483E-03,-46.7535477E-03,+91.5881759E-03
+9.1295375E-03,+9.6719629E-03,-46.8671476E-03,+91.5711360E-03
+9.1298312E-03,+10.4953752E-03,-46.8237123E-03,+91.5733077E-03
+9.1301250E-03,+10.0912034E-03,-46.7101124E-03,+91.5811595E-03
+9.1304187E-03,+10.3414172E-03,-46.7535477E-03,+91.5824959E-03
+9.1307125E-03,+9.8294859E-03,-46.7585594E-03,+91.5711360E-03
+9.1310062E-03,+9.4176695E-03,-46.5179949E-03,+91.5733077E-03
+9.1313000E-03,+8.6797078E-03,-46.6750301E-03,+91.5833312E-03
+9.1315937E-03,+7.8883440E-03,-46.7451947E-03,+91.5925195E-03
+9.1318875E-03,+7.7240217E-03,-46.6315948E-03,+91.5846677E-03
+9.1321812E-03,+8.8708229E-03,-46.6315948E-03,+91.5811595E-03
+9.1324750E-03,+10.3243271E-03,-46.6750301E-03,+91.5803242E-03
+9.1327687E-03,+11.3484470E-03,-46.7886300E-03,+91.5697995E-03
+9.1330625E-03,+11.6237264E-03,-46.7451947E-03,+91.5890112E-03
+9.1333562E-03,+10.3503114E-03,-46.6750301E-03,+91.5860042E-03
+9.1336500E-03,+9.7538852E-03,-46.7451947E-03,+91.5654560E-03
+9.1339437E-03,+8.9375662E-03,-46.6533124E-03,+91.5689642E-03
+9.1342375E-03,+8.3833690E-03,-46.6449595E-03,+91.5654560E-03
+9.1345312E-03,+8.5649284E-03,-46.5831478E-03,+91.5689642E-03
+9.1348250E-03,+9.8241567E-03,-46.8237123E-03,+91.5697995E-03
+9.1351187E-03,+10.0052383E-03,-46.6666771E-03,+91.5868395E-03
+9.1354125E-03,+9.7496218E-03,-46.6182301E-03,+91.5846677E-03
+9.1357062E-03,+8.8939037E-03,-46.7234771E-03,+91.5768159E-03
+9.1360000E-03,+8.6091789E-03,-46.6182301E-03,+91.5711360E-03
+9.1362937E-03,+8.0217204E-03,-46.7886300E-03,+91.5733077E-03
+9.1365875E-03,+7.5617576E-03,-46.7234771E-03,+91.5833312E-03
+9.1368812E-03,+8.1265764E-03,-46.5747949E-03,+91.5925195E-03
+9.1371750E-03,+9.0247073E-03,-46.6967477E-03,+91.5868395E-03
+9.1374687E-03,+11.0876116E-03,-46.7802771E-03,+91.5803242E-03
+9.1377625E-03,+11.1406093E-03,-46.5747949E-03,+91.5654560E-03
+9.1380562E-03,+10.4573359E-03,-46.6533124E-03,+91.5798230E-03
+9.1383500E-03,+9.1081365E-03,-46.7101124E-03,+91.6003712E-03
+9.1386437E-03,+8.7201360E-03,-46.7318300E-03,+91.5946912E-03
+9.1389375E-03,+8.0267555E-03,-46.7669124E-03,+91.5925195E-03
+9.1392312E-03,+8.0873611E-03,-46.6883948E-03,+91.5868395E-03
+9.1395250E-03,+8.5686404E-03,-46.5881596E-03,+91.5911830E-03
+9.1398187E-03,+10.1444216E-03,-46.5397125E-03,+91.6003712E-03
+9.1401125E-03,+11.4565006E-03,-46.6666771E-03,+91.5925195E-03
+9.1404062E-03,+10.5406548E-03,-46.6182301E-03,+91.5868395E-03
+9.1407000E-03,+9.5206879E-03,-46.8103476E-03,+91.5824959E-03
+9.1409937E-03,+8.6136628E-03,-46.8454299E-03,+91.5754795E-03
+9.1412875E-03,+7.9067940E-03,-46.7451947E-03,+91.5868395E-03
+9.1415812E-03,+7.5361408E-03,-46.6315948E-03,+91.5890112E-03
+9.1418750E-03,+9.2458129E-03,-46.6315948E-03,+91.5946912E-03
+9.1421687E-03,+10.6948332E-03,-46.6533124E-03,+91.5903477E-03
+9.1424625E-03,+11.7139180E-03,-46.6883948E-03,+91.5833312E-03
+9.1427562E-03,+11.6558852E-03,-46.6533124E-03,+91.5946912E-03
+9.1430500E-03,+9.7233067E-03,-46.7535477E-03,+91.6012065E-03
+9.1433437E-03,+8.0135980E-03,-46.8237123E-03,+91.6095595E-03
+9.1436375E-03,+6.5668195E-03,-46.7318300E-03,+91.5890112E-03
+9.1439312E-03,+7.0324422E-03,-46.7234771E-03,+91.5903477E-03
+9.1442250E-03,+8.7208710E-03,-46.6182301E-03,+91.5811595E-03
+9.1445187E-03,+11.3018076E-03,-46.7886300E-03,+91.5824959E-03
+9.1448125E-03,+12.2438950E-03,-46.6583242E-03,+91.5798230E-03
+9.1451062E-03,+11.9516726E-03,-46.4695479E-03,+91.6025430E-03
+9.1454000E-03,+10.7239783E-03,-46.8019947E-03,+91.6003712E-03
+9.1456937E-03,+7.8164921E-03,-46.6533124E-03,+91.5990348E-03
+9.1459875E-03,+6.1301214E-03,-46.6883948E-03,+91.5995359E-03
+9.1462812E-03,+6.0939933E-03,-46.6098772E-03,+91.5754795E-03
+9.1465750E-03,+7.8426234E-03,-46.6399477E-03,+91.5868395E-03
+9.1468687E-03,+10.0498931E-03,-46.8237123E-03,+91.5824959E-03
+9.1471625E-03,+11.7315594E-03,-46.7318300E-03,+91.5733077E-03
+9.1474562E-03,+11.5814973E-03,-46.7451947E-03,+91.5811595E-03
+9.1477500E-03,+10.2449408E-03,-46.6750301E-03,+91.5824959E-03
+9.1480437E-03,+8.2047499E-03,-46.7451947E-03,+91.5754795E-03
+9.1483375E-03,+6.4126778E-03,-46.6750301E-03,+91.5803242E-03
+9.1486312E-03,+6.9183244E-03,-46.8537829E-03,+91.5697995E-03
+9.1489250E-03,+7.5103403E-03,-46.8938770E-03,+91.5868395E-03
+9.1492187E-03,+8.9050766E-03,-46.5096420E-03,+91.5890112E-03
+9.1495125E-03,+9.6732125E-03,-46.4829126E-03,+91.5881759E-03
+9.1498062E-03,+10.1312641E-03,-46.7318300E-03,+91.5711360E-03
+9.1501000E-03,+10.1847028E-03,-46.7669124E-03,+91.5754795E-03
+9.1503937E-03,+8.8246980E-03,-46.6883948E-03,+91.5933548E-03
+9.1506875E-03,+7.5644773E-03,-46.7184653E-03,+91.6038795E-03
+9.1509812E-03,+8.6751136E-03,-46.9891004E-03,+91.5824959E-03
+9.1512750E-03,+9.2016726E-03,-46.9941122E-03,+91.5754795E-03
+9.1515687E-03,+10.9888198E-03,-46.6449595E-03,+91.5890112E-03
+9.1518625E-03,+12.2678579E-03,-46.5614302E-03,+91.5925195E-03
+9.1521562E-03,+11.6819797E-03,-46.7451947E-03,+91.5868395E-03
+9.1524500E-03,+11.5974848E-03,-46.6750301E-03,+91.5846677E-03
+9.1527437E-03,+9.8611302E-03,-46.7451947E-03,+91.5811595E-03
+9.1530375E-03,+8.2691042E-03,-46.6315948E-03,+91.5824959E-03
+9.1533312E-03,+7.8726873E-03,-46.7619006E-03,+91.5733077E-03
+9.1536250E-03,+9.0484130E-03,-47.0158298E-03,+91.5811595E-03
+9.1539187E-03,+10.3639467E-03,-46.7669124E-03,+91.5846677E-03
+9.1542125E-03,+11.3021016E-03,-46.6232419E-03,+91.5811595E-03
+9.1545062E-03,+11.0227060E-03,-46.4611949E-03,+91.5868395E-03
+9.1548000E-03,+9.8195994E-03,-46.7401830E-03,+91.5803242E-03
+9.1550937E-03,+8.1377861E-03,-47.0241828E-03,+91.5676277E-03
+9.1553875E-03,+6.7488935E-03,-46.9807475E-03,+91.5789877E-03
+9.1556812E-03,+6.5794258E-03,-46.8454299E-03,+91.5768159E-03
+9.1559750E-03,+8.1356911E-03,-46.7669124E-03,+91.5754795E-03
+9.1562687E-03,+10.5947918E-03,-46.6666771E-03,+91.5911830E-03
+9.1565625E-03,+11.6407797E-03,-46.5747949E-03,+91.6025430E-03
+9.1568562E-03,+11.3024324E-03,-46.6967477E-03,+91.6003712E-03
+9.1571500E-03,+9.8555070E-03,-46.8237123E-03,+91.5903477E-03
+9.1574437E-03,+8.5697430E-03,-46.7101124E-03,+91.5789877E-03
+9.1577375E-03,+7.8152057E-03,-46.7101124E-03,+91.5724724E-03
+9.1580312E-03,+7.0780893E-03,-46.6666771E-03,+91.5662913E-03
+9.1583250E-03,+7.5471300E-03,-46.6399477E-03,+91.5968630E-03
+9.1586187E-03,+8.8676989E-03,-46.8888652E-03,+91.5981995E-03
+9.1589125E-03,+9.9066302E-03,-46.9456652E-03,+91.5890112E-03
+9.1592062E-03,+10.2388031E-03,-46.9673828E-03,+91.5903477E-03
+9.1595000E-03,+10.1998818E-03,-46.9807475E-03,+91.5855030E-03
+9.1597937E-03,+8.9074656E-03,-46.8019947E-03,+91.5981995E-03
+9.1600875E-03,+7.7715433E-03,-46.6750301E-03,+91.5868395E-03
+9.1603812E-03,+6.9359290E-03,-46.8103476E-03,+91.5846677E-03
+9.1606750E-03,+8.0110987E-03,-46.8454299E-03,+91.5833312E-03
+9.1609687E-03,+9.0728169E-03,-46.7886300E-03,+91.5925195E-03
+9.1612625E-03,+10.1731991E-03,-46.8320653E-03,+91.5846677E-03
+9.1615562E-03,+11.1572216E-03,-46.9022299E-03,+91.5768159E-03
+9.1618500E-03,+10.5412428E-03,-46.7669124E-03,+91.5711360E-03
+9.1621437E-03,+8.9426749E-03,-46.7752653E-03,+91.5754795E-03
+9.1624375E-03,+7.9086684E-03,-46.8587946E-03,+91.5890112E-03
+9.1627312E-03,+7.6851739E-03,-46.7401830E-03,+91.5946912E-03
+9.1630250E-03,+8.4266639E-03,-46.9155946E-03,+91.5925195E-03
+9.1633187E-03,+9.5803011E-03,-46.6315948E-03,+91.5846677E-03
+9.1636125E-03,+11.0557836E-03,-46.6967477E-03,+91.5855030E-03
+9.1639062E-03,+10.9846667E-03,-46.8237123E-03,+91.5938559E-03
+9.1642000E-03,+10.3771411E-03,-46.7101124E-03,+91.5754795E-03
+9.1644937E-03,+9.0577850E-03,-46.7535477E-03,+91.5868395E-03
+9.1647875E-03,+7.6298240E-03,-46.9323005E-03,+91.5890112E-03
+9.1650812E-03,+7.4043082E-03,-47.0375475E-03,+91.5925195E-03
+9.1653750E-03,+7.8944450E-03,-46.9105828E-03,+91.5911830E-03
+9.1656687E-03,+9.9744761E-03,-46.9373122E-03,+91.5938559E-03
+9.1659625E-03,+10.7619808E-03,-46.7318300E-03,+91.5711360E-03
+9.1662562E-03,+10.8586042E-03,-46.7669124E-03,+91.5776512E-03
+9.1665500E-03,+10.7213321E-03,-46.7535477E-03,+91.5946912E-03
+9.1668437E-03,+11.0408987E-03,-46.8237123E-03,+91.5881759E-03
+9.1671375E-03,+8.4837780E-03,-46.7101124E-03,+91.5733077E-03
+9.1674312E-03,+7.2929836E-03,-46.6666771E-03,+91.5855030E-03
+9.1677250E-03,+7.8913945E-03,-46.5747949E-03,+91.5981995E-03
+9.1680187E-03,+9.2824923E-03,-46.6967477E-03,+91.5890112E-03
+9.1683125E-03,+10.8301942E-03,-46.7802771E-03,+91.5946912E-03
+9.1686062E-03,+11.5079547E-03,-46.6833830E-03,+91.5925195E-03
+9.1689000E-03,+11.8422959E-03,-46.8504417E-03,+91.5868395E-03
+9.1691937E-03,+10.9440915E-03,-46.5046302E-03,+91.5890112E-03
+9.1694875E-03,+8.9136768E-03,-46.7669124E-03,+91.5925195E-03
+9.1697812E-03,+7.1739042E-03,-46.7101124E-03,+91.5868395E-03
+9.1700750E-03,+6.9613253E-03,-46.7535477E-03,+91.5890112E-03
+9.1703687E-03,+8.0506816E-03,-46.7585594E-03,+91.5946912E-03
+9.1706625E-03,+9.4826119E-03,-46.5397125E-03,+91.5968630E-03
+9.1709562E-03,+10.2767688E-03,-46.8187006E-03,+91.5938559E-03
+9.1712500E-03,+10.7431633E-03,-47.0592651E-03,+91.5776512E-03
+9.1715437E-03,+9.6834298E-03,-46.9673828E-03,+91.5903477E-03
+9.1718375E-03,+8.2944270E-03,-47.0459004E-03,+91.5833312E-03
+9.1721312E-03,+7.1379231E-03,-47.0592651E-03,+91.5946912E-03
+9.1724250E-03,+7.1685015E-03,-46.8805123E-03,+91.5968630E-03
+9.1727187E-03,+8.4217758E-03,-46.7318300E-03,+91.6025430E-03
+9.1730125E-03,+9.9941389E-03,-46.8103476E-03,+91.5981995E-03
+9.1733062E-03,+11.0490210E-03,-46.8454299E-03,+91.5890112E-03
+9.1736000E-03,+11.0240291E-03,-46.8972181E-03,+91.5946912E-03
+9.1738937E-03,+10.5636621E-03,-47.0291945E-03,+91.5946912E-03
+9.1741875E-03,+9.5069791E-03,-46.6098772E-03,+91.5903477E-03
+9.1744812E-03,+7.6880774E-03,-46.6616654E-03,+91.5833312E-03
+9.1747750E-03,+6.7687033E-03,-46.8805123E-03,+91.5946912E-03
+9.1750687E-03,+7.6733395E-03,-46.7101124E-03,+91.5968630E-03
+9.1753625E-03,+8.6730187E-03,-46.7101124E-03,+91.5981995E-03
+9.1756562E-03,+10.5451018E-03,-46.6232419E-03,+91.5868395E-03
+9.1759500E-03,+11.5237217E-03,-46.4394773E-03,+91.5868395E-03
+9.1762437E-03,+11.2759703E-03,-46.5965125E-03,+91.5846677E-03
+9.1765375E-03,+9.4739750E-03,-46.7969829E-03,+91.5898465E-03
+9.1768312E-03,+7.9330356E-03,-46.9807475E-03,+91.6139030E-03
+9.1771250E-03,+7.9383647E-03,-46.8671476E-03,+91.5938559E-03
+9.1774187E-03,+8.3610600E-03,-46.8454299E-03,+91.5798230E-03
+9.1777125E-03,+9.5611896E-03,-46.7451947E-03,+91.6025430E-03
+9.1780062E-03,+10.6466501E-03,-46.6315948E-03,+91.5960277E-03
+9.1783000E-03,+12.2157790E-03,-46.6098772E-03,+91.5811595E-03
+9.1785937E-03,+11.5966762E-03,-46.6833830E-03,+91.5846677E-03
+9.1788875E-03,+10.7108208E-03,-46.8938770E-03,+91.5811595E-03
+9.1791812E-03,+8.7121606E-03,-46.6399477E-03,+91.5890112E-03
+9.1794750E-03,+7.6993605E-03,-46.9105828E-03,+91.5925195E-03
+9.1797687E-03,+7.9925385E-03,-47.0024651E-03,+91.5868395E-03
+9.1800625E-03,+8.9895348E-03,-46.8587946E-03,+91.5824959E-03
+9.1803562E-03,+9.6789092E-03,-46.6967477E-03,+91.5798230E-03
+9.1806500E-03,+10.8704387E-03,-46.8454299E-03,+91.6047148E-03
+9.1809437E-03,+9.9713889E-03,-46.8103476E-03,+91.6038795E-03
+9.1812375E-03,+8.3557676E-03,-46.7585594E-03,+91.5911830E-03
+9.1815312E-03,+6.8766098E-03,-46.5397125E-03,+91.5960277E-03
+9.1818250E-03,+6.5626297E-03,-46.7318300E-03,+91.5833312E-03
+9.1821187E-03,+7.6141305E-03,-46.7451947E-03,+91.5903477E-03
+9.1824125E-03,+8.8331879E-03,-46.6098772E-03,+91.5768159E-03
+9.1827062E-03,+10.4769987E-03,-46.6399477E-03,+91.5733077E-03
+9.1830000E-03,+10.5766359E-03,-46.7802771E-03,+91.5789877E-03
+9.1832937E-03,+10.5641031E-03,-46.5747949E-03,+91.5855030E-03
+9.1835875E-03,+9.2833376E-03,-46.6315948E-03,+91.6025430E-03
+9.1838812E-03,+7.6600349E-03,-46.7619006E-03,+91.5981995E-03
+9.1841750E-03,+7.5784067E-03,-47.0375475E-03,+91.5846677E-03
+9.1844687E-03,+8.8449489E-03,-46.7802771E-03,+91.5811595E-03
+9.1847625E-03,+9.0704280E-03,-46.6399477E-03,+91.5868395E-03
+9.1850562E-03,+10.6763833E-03,-46.7151242E-03,+91.5911830E-03
+9.1853500E-03,+11.2818875E-03,-46.3392421E-03,+91.5981995E-03
+9.1856437E-03,+10.6313977E-03,-46.4829126E-03,+91.5868395E-03
+9.1859375E-03,+10.0431306E-03,-46.7318300E-03,+91.5911830E-03
+9.1862312E-03,+8.6207561E-03,-46.8103476E-03,+91.5981995E-03
+9.1865250E-03,+8.2113654E-03,-46.8237123E-03,+91.5911830E-03
+9.1868187E-03,+8.3600677E-03,-46.6666771E-03,+91.5895124E-03
+9.1871125E-03,+8.7586897E-03,-46.6616654E-03,+91.5641195E-03
+9.1874062E-03,+10.1673554E-03,-46.9239475E-03,+91.5911830E-03
+9.1877000E-03,+10.2529162E-03,-46.8454299E-03,+91.5960277E-03
+9.1879937E-03,+10.8053125E-03,-46.7886300E-03,+91.5833312E-03
+9.1882875E-03,+10.0838161E-03,-46.7669124E-03,+91.5925195E-03
+9.1885812E-03,+9.5511928E-03,-46.6883948E-03,+91.5824959E-03
+9.1888750E-03,+8.9508708E-03,-46.6967477E-03,+91.5776512E-03
+9.1891687E-03,+7.9205028E-03,-46.8454299E-03,+91.5925195E-03
+9.1894625E-03,+8.6830890E-03,-46.7451947E-03,+91.5868395E-03
+9.1897562E-03,+10.0975249E-03,-46.6315948E-03,+91.5824959E-03
+9.1900500E-03,+10.2415963E-03,-46.6750301E-03,+91.5733077E-03
+9.1903437E-03,+9.7860072E-03,-46.6148890E-03,+91.5833312E-03
+9.1906375E-03,+9.3367763E-03,-46.2907951E-03,+91.5881759E-03
+9.1909312E-03,+8.0668897E-03,-46.5664419E-03,+91.5733077E-03
+9.1912250E-03,+7.1442445E-03,-46.5263478E-03,+91.5789877E-03
+9.1915187E-03,+7.4391867E-03,-46.8454299E-03,+91.5789877E-03
+9.1918125E-03,+8.4567278E-03,-46.8320653E-03,+91.5855030E-03
+9.1921062E-03,+9.5911065E-03,-46.8153594E-03,+91.6047148E-03
+9.1924000E-03,+10.3726204E-03,-46.5614302E-03,+91.6060512E-03
+9.1926937E-03,+10.3453130E-03,-46.8755005E-03,+91.5903477E-03
+9.1929875E-03,+10.4285951E-03,-47.0158298E-03,+91.5789877E-03
+9.1932812E-03,+9.6170173E-03,-46.7669124E-03,+91.5724724E-03
+9.1935750E-03,+9.1624573E-03,-46.7101124E-03,+91.5662913E-03
+9.1938687E-03,+9.4333262E-03,-46.6883948E-03,+91.5881759E-03
+9.1941625E-03,+9.1194931E-03,-46.6098772E-03,+91.5733077E-03
+9.1944562E-03,+9.8654302E-03,-46.6182301E-03,+91.5811595E-03
+9.1947500E-03,+10.6623436E-03,-46.7886300E-03,+91.5890112E-03
+9.1950437E-03,+11.0562614E-03,-46.7886300E-03,+91.5946912E-03
+9.1953375E-03,+10.5507618E-03,-46.8320653E-03,+91.5925195E-03
+9.1956312E-03,+9.4405298E-03,-46.9456652E-03,+91.5868395E-03
+9.1959250E-03,+8.8724768E-03,-46.9673828E-03,+91.5824959E-03
+9.1962187E-03,+8.3066289E-03,-46.9373122E-03,+91.5689642E-03
+9.1965125E-03,+8.4927824E-03,-46.7318300E-03,+91.5719712E-03
+9.1968062E-03,+8.7845638E-03,-46.7234771E-03,+91.5925195E-03
+9.1971000E-03,+9.3368866E-03,-46.6182301E-03,+91.5890112E-03
+9.1973937E-03,+10.1470678E-03,-46.8103476E-03,+91.5925195E-03
+9.1976875E-03,+10.0506649E-03,-46.7802771E-03,+91.5846677E-03
+9.1979812E-03,+8.8679929E-03,-46.5747949E-03,+91.5789877E-03
+9.1982750E-03,+8.0031969E-03,-46.7184653E-03,+91.5768159E-03
+9.1985687E-03,+7.9277432E-03,-46.8805123E-03,+91.5754795E-03
+9.1988625E-03,+8.0054756E-03,-46.7318300E-03,+91.5890112E-03
+9.1991562E-03,+8.9049663E-03,-46.7234771E-03,+91.5968630E-03
+9.1994500E-03,+9.9135765E-03,-46.5530772E-03,+91.6003712E-03
+9.1997437E-03,+10.9729058E-03,-46.5965125E-03,+91.5946912E-03
+9.2000375E-03,+10.8676454E-03,-46.7318300E-03,+91.5990348E-03
+9.2003312E-03,+9.1950204E-03,-46.7451947E-03,+91.6038795E-03
+9.2006250E-03,+7.8358241E-03,-46.6967477E-03,+91.5824959E-03
+9.2009187E-03,+8.2515363E-03,-46.8454299E-03,+91.5733077E-03
+9.2012125E-03,+8.3060041E-03,-46.7886300E-03,+91.5768159E-03
+9.2015062E-03,+8.2047131E-03,-46.7017595E-03,+91.5689642E-03
+9.2018000E-03,+9.2587131E-03,-46.6265831E-03,+91.5697995E-03
+9.2020937E-03,+10.7978149E-03,-46.8938770E-03,+91.5846677E-03
+9.2023875E-03,+11.4676000E-03,-46.5313596E-03,+91.5811595E-03
+9.2026812E-03,+10.6275019E-03,-46.4745596E-03,+91.5846677E-03
+9.2029750E-03,+8.9559427E-03,-46.6048654E-03,+91.5811595E-03
+9.2032687E-03,+7.5297091E-03,-46.9239475E-03,+91.5868395E-03
+9.2035625E-03,+7.2732473E-03,-46.8019947E-03,+91.5846677E-03
+9.2038562E-03,+7.9852247E-03,-46.6967477E-03,+91.5811595E-03
+9.2041500E-03,+8.9917767E-03,-46.9323005E-03,+91.5846677E-03
+9.2044437E-03,+10.7515430E-03,-46.9941122E-03,+91.5768159E-03
+9.2047375E-03,+10.7540054E-03,-46.6883948E-03,+91.5711360E-03
+9.2050312E-03,+11.1524438E-03,-46.6315948E-03,+91.5733077E-03
+9.2053250E-03,+10.1897747E-03,-46.7184653E-03,+91.5855030E-03
+9.2056187E-03,+8.6232553E-03,-46.9022299E-03,+91.5981995E-03
+9.2059125E-03,+7.4091963E-03,-46.7886300E-03,+91.5868395E-03
+9.2062062E-03,+8.0575912E-03,-46.7886300E-03,+91.5868395E-03
+9.2065000E-03,+9.4165669E-03,-46.7451947E-03,+91.5868395E-03
+9.2067937E-03,+10.6157042E-03,-46.6315948E-03,+91.5911830E-03
+9.2070875E-03,+11.1174550E-03,-46.6098772E-03,+91.6003712E-03
+9.2073812E-03,+10.2069383E-03,-46.5747949E-03,+91.5925195E-03
+9.2076750E-03,+8.8107319E-03,-46.6098772E-03,+91.5868395E-03
+9.2079687E-03,+7.9198413E-03,-46.5965125E-03,+91.5846677E-03
+9.2082625E-03,+7.3333015E-03,-46.6666771E-03,+91.5789877E-03
+9.2085562E-03,+8.1595805E-03,-46.6182301E-03,+91.5789877E-03
+9.2088500E-03,+9.6151429E-03,-46.7451947E-03,+91.5811595E-03
+9.2091437E-03,+11.5266252E-03,-46.6967477E-03,+91.5824959E-03
+9.2094375E-03,+11.4833302E-03,-46.8019947E-03,+91.5711360E-03
+9.2097312E-03,+10.8993265E-03,-46.6533124E-03,+91.5733077E-03
+9.2100250E-03,+9.2046129E-03,-46.7318300E-03,+91.5811595E-03
+9.2103187E-03,+8.3700645E-03,-46.7234771E-03,+91.5824959E-03
+9.2106125E-03,+7.6547793E-03,-46.6399477E-03,+91.5711360E-03
+9.2109062E-03,+7.9930530E-03,-46.8237123E-03,+91.5754795E-03
+9.2112000E-03,+10.3715546E-03,-46.7318300E-03,+91.5868395E-03
+9.2114937E-03,+11.7368518E-03,-46.7886300E-03,+91.5846677E-03
+9.2117875E-03,+10.6933264E-03,-46.7234771E-03,+91.5811595E-03
+9.2120812E-03,+9.9160023E-03,-46.5530772E-03,+91.5846677E-03
+9.2123750E-03,+8.9777004E-03,-46.5530772E-03,+91.5833312E-03
+9.2126687E-03,+8.0940133E-03,-46.5965125E-03,+91.5903477E-03
+9.2129625E-03,+7.9082641E-03,-46.7101124E-03,+91.5789877E-03
+9.2132562E-03,+7.8296129E-03,-46.6883948E-03,+91.5811595E-03
+9.2135500E-03,+9.2297151E-03,-46.5664419E-03,+91.5846677E-03
+9.2138437E-03,+10.8164486E-03,-46.4829126E-03,+91.5811595E-03
+9.2141375E-03,+11.1243278E-03,-46.7318300E-03,+91.5868395E-03
+9.2144312E-03,+10.4861502E-03,-46.7451947E-03,+91.5868395E-03
+9.2147250E-03,+9.5572938E-03,-46.5881596E-03,+91.5868395E-03
+9.2150187E-03,+8.7868793E-03,-46.4528420E-03,+91.5824959E-03
+9.2153125E-03,+8.5178847E-03,-46.5263478E-03,+91.5711360E-03
+9.2156062E-03,+8.5046536E-03,-46.8454299E-03,+91.5733077E-03
+9.2159000E-03,+8.9874766E-03,-46.7451947E-03,+91.5811595E-03
+9.2161937E-03,+10.1625775E-03,-46.6750301E-03,+91.5824959E-03
+9.2164875E-03,+10.1805865E-03,-46.7451947E-03,+91.5754795E-03
+9.2167812E-03,+10.0837426E-03,-46.6750301E-03,+91.5846677E-03
+9.2170750E-03,+8.8905592E-03,-46.7451947E-03,+91.5789877E-03
+9.2173687E-03,+7.5491146E-03,-46.6533124E-03,+91.5768159E-03
+9.2176625E-03,+7.5382358E-03,-46.7535477E-03,+91.5667924E-03
+9.2179562E-03,+7.3860420E-03,-46.7151242E-03,+91.5641195E-03
+9.2182500E-03,+8.3648088E-03,-46.4695479E-03,+91.5824959E-03
+9.2185437E-03,+9.7591775E-03,-46.7368418E-03,+91.5776512E-03
+9.2188375E-03,+11.5733749E-03,-46.3308892E-03,+91.5946912E-03
+9.2191312E-03,+11.4867115E-03,-46.2473598E-03,+91.5903477E-03
+9.2194250E-03,+10.2345398E-03,-46.5397125E-03,+91.5876748E-03
+9.2197187E-03,+9.3716916E-03,-46.7101124E-03,+91.6082230E-03
+9.2200125E-03,+8.9540682E-03,-46.6449595E-03,+91.5981995E-03
+9.2203062E-03,+9.5916578E-03,-46.4745596E-03,+91.5846677E-03
+9.2206000E-03,+8.9936144E-03,-46.4528420E-03,+91.5855030E-03
+9.2208937E-03,+9.8691055E-03,-46.5046302E-03,+91.5916842E-03
+9.2211875E-03,+10.6351832E-03,-46.7451947E-03,+91.5719712E-03
+9.2214812E-03,+10.8759516E-03,-46.5664419E-03,+91.5903477E-03
+9.2217750E-03,+9.9212579E-03,-46.5263478E-03,+91.5811595E-03
+9.2220687E-03,+9.1971888E-03,-46.8237123E-03,+91.5868395E-03
+9.2223625E-03,+8.2246332E-03,-46.6666771E-03,+91.5890112E-03
+9.2226562E-03,+8.4719435E-03,-46.5965125E-03,+91.5903477E-03
+9.2229500E-03,+8.0255427E-03,-46.7535477E-03,+91.5789877E-03
+9.2232437E-03,+8.0101432E-03,-46.8019947E-03,+91.5811595E-03
+9.2235375E-03,+8.7382919E-03,-46.6533124E-03,+91.5846677E-03
+9.2238312E-03,+9.1832594E-03,-46.7752653E-03,+91.5833312E-03
+9.2241250E-03,+10.1310803E-03,-46.8805123E-03,+91.5990348E-03
+9.2244187E-03,+9.2923788E-03,-46.6015243E-03,+91.6017077E-03
+9.2247125E-03,+8.7803005E-03,-46.4261126E-03,+91.5811595E-03
+9.2250062E-03,+8.9788030E-03,-46.6015243E-03,+91.5890112E-03
+9.2253000E-03,+9.1102314E-03,-46.4043950E-03,+91.5925195E-03
+9.2255937E-03,+9.5753027E-03,-46.6967477E-03,+91.5824959E-03
+9.2258875E-03,+10.2345397E-03,-46.7802771E-03,+91.5733077E-03
+9.2261812E-03,+10.5632945E-03,-46.6182301E-03,+91.5811595E-03
+9.2264750E-03,+10.7827462E-03,-46.7669124E-03,+91.5868395E-03
+9.2267687E-03,+9.9360694E-03,-46.7101124E-03,+91.5868395E-03
+9.2270625E-03,+8.3599207E-03,-46.6666771E-03,+91.5911830E-03
+9.2273562E-03,+7.8128536E-03,-46.5747949E-03,+91.6047148E-03
+9.2276500E-03,+7.6153434E-03,-46.6533124E-03,+91.6038795E-03
+9.2279437E-03,+8.7347268E-03,-46.6883948E-03,+91.5890112E-03
+9.2282375E-03,+10.0362578E-03,-46.6315948E-03,+91.5925195E-03
+9.2285312E-03,+10.3023121E-03,-46.6750301E-03,+91.5933548E-03
+9.2288250E-03,+10.0927470E-03,-46.7669124E-03,+91.6038795E-03
+9.2291187E-03,+9.8385271E-03,-46.7535477E-03,+91.5868395E-03
+9.2294125E-03,+9.0573807E-03,-46.7802771E-03,+91.5890112E-03
+9.2297062E-03,+7.7956164E-03,-46.5965125E-03,+91.5925195E-03
+9.2300000E-03,+7.7900667E-03,-46.6883948E-03,+91.5846677E-03
+9.2302937E-03,+9.2285757E-03,-46.6967477E-03,+91.5789877E-03
+9.2305875E-03,+10.7471694E-03,-46.8237123E-03,+91.5789877E-03
+9.2308812E-03,+11.1637636E-03,-46.7101124E-03,+91.5724724E-03
+9.2311750E-03,+10.9715827E-03,-46.7318300E-03,+91.5662913E-03
+9.2314687E-03,+10.5670434E-03,-46.8320653E-03,+91.5903477E-03
+9.2317625E-03,+9.6761160E-03,-46.8805123E-03,+91.5811595E-03
+9.2320562E-03,+7.6291258E-03,-46.7752653E-03,+91.5846677E-03
+9.2323500E-03,+6.4493205E-03,-46.8587946E-03,+91.5876748E-03
+9.2326437E-03,+7.6108228E-03,-46.6315948E-03,+91.6017077E-03
+9.2329375E-03,+9.4135164E-03,-46.6533124E-03,+91.5789877E-03
+9.2332312E-03,+10.7610620E-03,-46.6883948E-03,+91.5811595E-03
+9.2335250E-03,+11.2089697E-03,-46.5881596E-03,+91.5890112E-03
+9.2338187E-03,+10.4800860E-03,-46.6048654E-03,+91.5925195E-03
+9.2341125E-03,+9.4678372E-03,-46.8805123E-03,+91.5890112E-03
+9.2344062E-03,+8.0402071E-03,-46.6883948E-03,+91.5946912E-03
+9.2347000E-03,+7.2309079E-03,-46.6315948E-03,+91.5925195E-03
+9.2349937E-03,+8.1803091E-03,-46.6533124E-03,+91.5890112E-03
+9.2352875E-03,+10.2267849E-03,-46.7101124E-03,+91.5903477E-03
+9.2355812E-03,+11.4472756E-03,-46.7101124E-03,+91.5789877E-03
+9.2358750E-03,+11.7403066E-03,-46.7535477E-03,+91.5833312E-03
+9.2361687E-03,+10.7320272E-03,-46.8019947E-03,+91.5946912E-03
+9.2364625E-03,+9.2616534E-03,-46.6315948E-03,+91.5925195E-03
+9.2367562E-03,+7.4294839E-03,-46.6533124E-03,+91.5824959E-03
+9.2370500E-03,+6.4657858E-03,-46.7101124E-03,+91.5754795E-03
+9.2373437E-03,+6.8705088E-03,-46.6883948E-03,+91.5911830E-03
+9.2376375E-03,+8.3112965E-03,-46.5447243E-03,+91.6003712E-03
+9.2379312E-03,+10.0625361E-03,-46.4261126E-03,+91.5903477E-03
+9.2382250E-03,+11.3015870E-03,-46.6449595E-03,+91.5811595E-03
+9.2385187E-03,+12.0344402E-03,-46.4311244E-03,+91.5846677E-03
+9.2388125E-03,+9.5790148E-03,-46.3826774E-03,+91.5855030E-03
+9.2391062E-03,+7.8742309E-03,-46.5530772E-03,+91.6003712E-03
+9.2394000E-03,+7.6929655E-03,-46.6833830E-03,+91.5903477E-03
+9.2396937E-03,+8.0030499E-03,-46.8721593E-03,+91.5855030E-03
+9.2399875E-03,+9.2417333E-03,-46.4528420E-03,+91.5981995E-03
+9.2402812E-03,+10.6260318E-03,-46.5263478E-03,+91.5890112E-03
+9.2405750E-03,+10.9308604E-03,-46.8454299E-03,+91.5925195E-03
+9.2408687E-03,+11.1468941E-03,-46.7669124E-03,+91.5933548E-03
+9.2411625E-03,+9.8652097E-03,-46.7101124E-03,+91.6038795E-03
+9.2414562E-03,+8.1882846E-03,-46.7101124E-03,+91.5911830E-03
+9.2417500E-03,+7.8845217E-03,-46.6883948E-03,+91.5960277E-03
+9.2420437E-03,+8.8956311E-03,-46.6967477E-03,+91.5811595E-03
+9.2423375E-03,+8.8420821E-03,-46.7802771E-03,+91.5911830E-03
+9.2426312E-03,+9.4044017E-03,-46.5096420E-03,+91.5981995E-03
+9.2429250E-03,+11.0036312E-03,-46.4829126E-03,+91.5890112E-03
+9.2432187E-03,+10.7255954E-03,-46.7535477E-03,+91.5903477E-03
+9.2435125E-03,+9.6162455E-03,-46.8019947E-03,+91.5811595E-03
+9.2438062E-03,+8.6915790E-03,-46.7184653E-03,+91.5824959E-03
+9.2441000E-03,+7.9232593E-03,-46.8153594E-03,+91.5733077E-03
+9.2443937E-03,+9.0744340E-03,-46.4528420E-03,+91.5811595E-03
+9.2446875E-03,+10.0095384E-03,-46.4394773E-03,+91.5868395E-03
+9.2449812E-03,+10.2152077E-03,-46.5313596E-03,+91.5868395E-03
+9.2452750E-03,+10.2099521E-03,-46.5614302E-03,+91.5868395E-03
+9.2455687E-03,+9.3634590E-03,-46.7886300E-03,+91.5868395E-03
+9.2458625E-03,+8.5113427E-03,-46.7669124E-03,+91.5890112E-03
+9.2461562E-03,+7.7378041E-03,-46.7101124E-03,+91.5881759E-03
+9.2464500E-03,+7.5198593E-03,-46.6883948E-03,+91.5733077E-03
+9.2467437E-03,+8.7192539E-03,-46.6098772E-03,+91.5811595E-03
+9.2470375E-03,+10.4160624E-03,-46.5530772E-03,+91.5890112E-03
+9.2473312E-03,+11.1372280E-03,-46.5530772E-03,+91.5925195E-03
+9.2476250E-03,+11.8392822E-03,-46.5096420E-03,+91.5868395E-03
+9.2479187E-03,+11.1091121E-03,-46.4394773E-03,+91.5868395E-03
+9.2482125E-03,+9.8626738E-03,-46.5313596E-03,+91.5890112E-03
+9.2485062E-03,+8.8380026E-03,-46.4745596E-03,+91.5925195E-03
+9.2488000E-03,+7.6733762E-03,-46.4745596E-03,+91.5868395E-03
+9.2490937E-03,+8.4952081E-03,-46.5831478E-03,+91.5868395E-03
+9.2493875E-03,+9.7354719E-03,-46.7368418E-03,+91.5846677E-03
+9.2496812E-03,+10.6224667E-03,-46.5046302E-03,+91.5811595E-03
+9.2499750E-03,+9.8605054E-03,-46.8103476E-03,+91.5890112E-03
+9.2502687E-03,+9.4035564E-03,-46.7368418E-03,+91.5903477E-03
+9.2505625E-03,+9.2772366E-03,-46.4611949E-03,+91.5789877E-03
+9.2508562E-03,+8.4052003E-03,-46.6315948E-03,+91.5768159E-03
+9.2511500E-03,+7.4290796E-03,-46.6315948E-03,+91.5819948E-03
+9.2514437E-03,+8.2437814E-03,-46.6967477E-03,+91.6060512E-03
+9.2517375E-03,+9.2962379E-03,-46.8454299E-03,+91.5903477E-03
+9.2520312E-03,+10.4644660E-03,-46.7451947E-03,+91.5789877E-03
+9.2523250E-03,+11.1252466E-03,-46.6315948E-03,+91.5833312E-03
+9.2526187E-03,+11.0655231E-03,-46.6315948E-03,+91.5968630E-03
+9.2529125E-03,+10.3883139E-03,-46.6967477E-03,+91.5981995E-03
+9.2532062E-03,+9.5235179E-03,-46.8019947E-03,+91.5868395E-03
+9.2535000E-03,+8.5657370E-03,-46.5447243E-03,+91.5890112E-03
+9.2537937E-03,+8.1890196E-03,-46.3826774E-03,+91.5990348E-03
+9.2540875E-03,+9.1753943E-03,-46.5965125E-03,+91.6103947E-03
+9.2543812E-03,+10.2846340E-03,-46.6666771E-03,+91.6082230E-03
+9.2546750E-03,+10.4142982E-03,-46.5313596E-03,+91.5981995E-03
+9.2549687E-03,+10.7881489E-03,-46.4528420E-03,+91.5868395E-03
+9.2552625E-03,+10.4092999E-03,-46.4394773E-03,+91.5846677E-03
+9.2555562E-03,+9.1767542E-03,-46.5530772E-03,+91.5789877E-03
+9.2558500E-03,+7.4233829E-03,-46.5096420E-03,+91.5789877E-03
+9.2561437E-03,+6.9904704E-03,-46.4394773E-03,+91.5768159E-03
+9.2564375E-03,+7.3184533E-03,-46.5965125E-03,+91.5754795E-03
+9.2567312E-03,+8.8435155E-03,-46.6666771E-03,+91.5868395E-03
+9.2570250E-03,+10.8848825E-03,-46.6182301E-03,+91.5824959E-03
+9.2573187E-03,+11.9659327E-03,-46.7669124E-03,+91.5776512E-03
+9.2576125E-03,+11.7917239E-03,-46.6666771E-03,+91.5968630E-03
+9.2579062E-03,+10.2678379E-03,-46.5313596E-03,+91.6003712E-03
+9.2582000E-03,+8.8890156E-03,-46.4311244E-03,+91.5990348E-03
+9.2584937E-03,+7.6102715E-03,-46.3609597E-03,+91.6060512E-03
+9.2587875E-03,+7.8227033E-03,-46.6048654E-03,+91.5925195E-03
+9.2590812E-03,+9.0884736E-03,-46.9456652E-03,+91.5890112E-03
+9.2593750E-03,+10.1447156E-03,-46.8370770E-03,+91.5968630E-03
+9.2596687E-03,+10.8601111E-03,-46.6399477E-03,+91.5960277E-03
+9.2599625E-03,+10.5418309E-03,-46.7585594E-03,+91.5855030E-03
+9.2602562E-03,+9.7421610E-03,-46.5614302E-03,+91.5960277E-03
+9.2605500E-03,+8.2888038E-03,-46.7234771E-03,+91.5789877E-03
+9.2608437E-03,+7.5301501E-03,-46.6399477E-03,+91.5855030E-03
+9.2611375E-03,+7.5510993E-03,-46.8671476E-03,+91.6003712E-03
+9.2614312E-03,+9.2210781E-03,-46.8237123E-03,+91.5903477E-03
+9.2617250E-03,+10.8101639E-03,-46.6883948E-03,+91.5833312E-03
+9.2620187E-03,+11.0327028E-03,-46.6533124E-03,+91.5946912E-03
+9.2623125E-03,+10.8097228E-03,-46.7318300E-03,+91.5925195E-03
+9.2626062E-03,+10.2461537E-03,-46.7451947E-03,+91.5890112E-03
+9.2629000E-03,+8.4719435E-03,-46.7836182E-03,+91.5925195E-03
+9.2631937E-03,+7.4487057E-03,-47.0509122E-03,+91.5890112E-03
+9.2634875E-03,+7.3481865E-03,-46.7318300E-03,+91.5946912E-03
+9.2637812E-03,+8.5497862E-03,-46.7669124E-03,+91.5968630E-03
+9.2640750E-03,+9.8884008E-03,-46.7535477E-03,+91.5981995E-03
+9.2643687E-03,+11.0536887E-03,-46.8237123E-03,+91.5890112E-03
+9.2646625E-03,+10.9346093E-03,-46.6883948E-03,+91.5903477E-03
+9.2649562E-03,+9.4270415E-03,-46.6315948E-03,+91.5833312E-03
+9.2652500E-03,+8.5361141E-03,-46.6315948E-03,+91.5968630E-03
+9.2655437E-03,+7.6220692E-03,-46.7184653E-03,+91.5960277E-03
+9.2658375E-03,+7.9831298E-03,-46.8587946E-03,+91.5811595E-03
+9.2661312E-03,+8.7783525E-03,-46.7619006E-03,+91.5890112E-03
+9.2664250E-03,+11.5313663E-03,-46.9723946E-03,+91.5925195E-03
+9.2667187E-03,+12.1099306E-03,-46.6967477E-03,+91.5911830E-03
+9.2670125E-03,+11.7524351E-03,-46.8454299E-03,+91.5960277E-03
+9.2673062E-03,+9.8911573E-03,-46.7451947E-03,+91.5811595E-03
+9.2676000E-03,+8.1168001E-03,-46.6315948E-03,+91.5846677E-03
+9.2678937E-03,+7.3093386E-03,-46.6750301E-03,+91.5811595E-03
+9.2681875E-03,+7.0046202E-03,-46.7669124E-03,+91.5846677E-03
+9.2684812E-03,+8.2638485E-03,-46.6883948E-03,+91.5898465E-03
+9.2687750E-03,+10.1639006E-03,-46.6098772E-03,+91.6117312E-03
+9.2690687E-03,+11.5939565E-03,-46.6399477E-03,+91.5946912E-03
+9.2693625E-03,+11.4721574E-03,-46.7585594E-03,+91.5968630E-03
+9.2696562E-03,+9.8402178E-03,-46.5614302E-03,+91.6003712E-03
+9.2699500E-03,+8.0144433E-03,-46.7886300E-03,+91.5903477E-03
+9.2702437E-03,+7.0562948E-03,-46.8103476E-03,+91.5833312E-03
+9.2705375E-03,+6.9570620E-03,-46.8671476E-03,+91.5946912E-03
+9.2708312E-03,+7.9735373E-03,-46.8019947E-03,+91.5968630E-03
+9.2711250E-03,+9.6783946E-03,-46.6967477E-03,+91.6025430E-03
+9.2714187E-03,+11.0375541E-03,-46.8671476E-03,+91.5960277E-03
+9.2717125E-03,+11.6940714E-03,-46.8671476E-03,+91.5833312E-03
+9.2720062E-03,+11.0436919E-03,-46.8888652E-03,+91.5925195E-03
+9.2723000E-03,+9.2778614E-03,-46.9022299E-03,+91.5846677E-03
+9.2725937E-03,+8.1041572E-03,-46.7451947E-03,+91.5789877E-03
+9.2728875E-03,+7.2046296E-03,-46.6967477E-03,+91.5855030E-03
+9.2731812E-03,+8.1056272E-03,-46.8019947E-03,+91.5981995E-03
+9.2734750E-03,+9.2239081E-03,-46.6533124E-03,+91.5890112E-03
+9.2737687E-03,+10.3737230E-03,-46.7752653E-03,+91.6012065E-03
+9.2740625E-03,+10.8713207E-03,-46.9022299E-03,+91.6117312E-03
+9.2743562E-03,+9.8579694E-03,-46.7886300E-03,+91.5881759E-03
+9.2746500E-03,+8.5423254E-03,-46.8320653E-03,+91.5754795E-03
+9.2749437E-03,+7.2276002E-03,-46.8805123E-03,+91.5890112E-03
+9.2752375E-03,+7.4822243E-03,-46.7969829E-03,+91.5925195E-03
+9.2755312E-03,+8.4060455E-03,-46.9373122E-03,+91.5824959E-03
+9.2758250E-03,+9.9847302E-03,-46.7101124E-03,+91.5754795E-03
+9.2761187E-03,+10.6506930E-03,-46.7101124E-03,+91.5846677E-03
+9.2764125E-03,+10.9450103E-03,-46.7101124E-03,+91.5855030E-03
+9.2767062E-03,+10.0576847E-03,-46.7535477E-03,+91.6025430E-03
+9.2770000E-03,+9.4345023E-03,-46.7802771E-03,+91.6003712E-03
+9.2772937E-03,+8.7622915E-03,-46.5747949E-03,+91.5925195E-03
+9.2775875E-03,+9.1452569E-03,-46.5881596E-03,+91.5933548E-03
+9.2778812E-03,+9.3491621E-03,-46.5179949E-03,+91.6038795E-03
+9.2781750E-03,+9.1173614E-03,-46.5447243E-03,+91.5846677E-03
+9.2784687E-03,+9.8445178E-03,-46.3392421E-03,+91.5789877E-03
+9.2787625E-03,+9.7220939E-03,-46.4829126E-03,+91.5811595E-03
+9.2790562E-03,+10.1668041E-03,-46.7752653E-03,+91.5890112E-03
+9.2793500E-03,+9.4038504E-03,-46.7719241E-03,+91.5990348E-03
+9.2796437E-03,+8.8842377E-03,-46.4261126E-03,+91.6038795E-03
+9.2799375E-03,+8.8249553E-03,-46.7535477E-03,+91.5933548E-03
+9.2802312E-03,+8.5189138E-03,-46.7802771E-03,+91.6038795E-03
+9.2805250E-03,+8.1339637E-03,-46.5313596E-03,+91.5890112E-03
+9.2808187E-03,+9.3447885E-03,-46.4528420E-03,+91.5925195E-03
+9.2811125E-03,+9.9630827E-03,-46.4177597E-03,+91.5911830E-03
+9.2814062E-03,+9.8788818E-03,-46.5614302E-03,+91.6025430E-03
+9.2817000E-03,+8.7163872E-03,-46.6800418E-03,+91.6047148E-03
+9.2819937E-03,+8.0597964E-03,-46.5046302E-03,+91.6017077E-03
+9.2822875E-03,+8.5876049E-03,-46.7451947E-03,+91.5789877E-03
+9.2825812E-03,+8.8208022E-03,-46.5881596E-03,+91.5811595E-03
+9.2828750E-03,+8.8655672E-03,-46.5179949E-03,+91.5868395E-03
+9.2831687E-03,+9.8814177E-03,-46.6315948E-03,+91.5846677E-03
+9.2834625E-03,+10.9172251E-03,-46.5881596E-03,+91.5811595E-03
+9.2837562E-03,+10.1163424E-03,-46.4745596E-03,+91.5846677E-03
+9.2840500E-03,+8.9844262E-03,-46.4962773E-03,+91.5789877E-03
+9.2843437E-03,+8.6695272E-03,-46.5096420E-03,+91.5855030E-03
+9.2846375E-03,+7.8616982E-03,-46.4177597E-03,+91.6025430E-03
+9.2849312E-03,+7.3204013E-03,-46.4094068E-03,+91.6003712E-03
+9.2852250E-03,+7.2597957E-03,-46.3258774E-03,+91.5838324E-03
+9.2855187E-03,+9.1237564E-03,-46.5313596E-03,+91.5619477E-03
+9.2858125E-03,+10.6485981E-03,-46.4962773E-03,+91.5833312E-03
+9.2861062E-03,+10.4226412E-03,-46.5313596E-03,+91.5925195E-03
+9.2864000E-03,+10.0303773E-03,-46.5397125E-03,+91.5890112E-03
+9.2866937E-03,+9.3874218E-03,-46.6883948E-03,+91.5968630E-03
+9.2869875E-03,+9.3692292E-03,-46.6533124E-03,+91.5981995E-03
+9.2872812E-03,+8.6751136E-03,-46.6666771E-03,+91.5846677E-03
+9.2875750E-03,+9.3962793E-03,-46.5096420E-03,+91.5811595E-03
+9.2878687E-03,+10.1857319E-03,-46.4394773E-03,+91.5846677E-03
+9.2881625E-03,+11.5445606E-03,-46.5747949E-03,+91.5833312E-03
+9.2884562E-03,+11.4499586E-03,-46.5447243E-03,+91.5925195E-03
+9.2887500E-03,+10.4956692E-03,-46.4261126E-03,+91.5846677E-03
+9.2890437E-03,+10.1550065E-03,-46.6232419E-03,+91.5811595E-03
+9.2893375E-03,+8.0384062E-03,-46.4611949E-03,+91.5911830E-03
+9.2896312E-03,+7.4684052E-03,-46.5881596E-03,+91.5981995E-03
+9.2899250E-03,+8.0421182E-03,-46.5614302E-03,+91.5846677E-03
+9.2902187E-03,+9.3627974E-03,-46.7017595E-03,+91.5811595E-03
+9.2905125E-03,+10.6343747E-03,-46.5179949E-03,+91.5911830E-03
+9.2908062E-03,+11.3204413E-03,-46.6098772E-03,+91.6003712E-03
+9.2911000E-03,+10.7115558E-03,-46.5747949E-03,+91.5946912E-03
+9.2913937E-03,+9.6888325E-03,-46.5664419E-03,+91.5968630E-03
+9.2916875E-03,+8.4805805E-03,-46.4611949E-03,+91.5938559E-03
+9.2919812E-03,+7.8480628E-03,-46.7184653E-03,+91.5754795E-03
+9.2922750E-03,+8.6091421E-03,-46.8587946E-03,+91.5846677E-03
+9.2925687E-03,+10.2164206E-03,-46.6533124E-03,+91.5789877E-03
+9.2928625E-03,+10.2497922E-03,-46.7101124E-03,+91.5789877E-03
+9.2931562E-03,+10.6315079E-03,-46.6666771E-03,+91.5833312E-03
+9.2934500E-03,+10.5391479E-03,-46.5313596E-03,+91.5968630E-03
+9.2937437E-03,+8.8432582E-03,-46.4311244E-03,+91.6003712E-03
+9.2940375E-03,+8.1190788E-03,-46.3609597E-03,+91.5946912E-03
+9.2943312E-03,+7.9494274E-03,-46.5179949E-03,+91.5946912E-03
+9.2946250E-03,+8.6099875E-03,-46.6098772E-03,+91.5903477E-03
+9.2949187E-03,+10.0920119E-03,-46.5747949E-03,+91.5811595E-03
+9.2952125E-03,+10.5328264E-03,-46.6098772E-03,+91.5868395E-03
+9.2955062E-03,+11.1468573E-03,-46.4662067E-03,+91.5911830E-03
+9.2958000E-03,+10.6478263E-03,-46.3258774E-03,+91.5960277E-03
+9.2960937E-03,+8.9186752E-03,-46.5096420E-03,+91.5811595E-03
+9.2963875E-03,+8.0377446E-03,-46.4611949E-03,+91.5868395E-03
+9.2966812E-03,+7.6785952E-03,-46.5881596E-03,+91.5868395E-03
+9.2969750E-03,+7.7006836E-03,-46.4528420E-03,+91.5868395E-03
+9.2972687E-03,+9.3615110E-03,-46.4177597E-03,+91.5890112E-03
+9.2975625E-03,+10.7948379E-03,-46.6483007E-03,+91.5946912E-03
+9.2978562E-03,+11.1605294E-03,-47.0158298E-03,+91.5946912E-03
+9.2981500E-03,+9.8283465E-03,-46.8755005E-03,+91.5925195E-03
+9.2984437E-03,+9.3381730E-03,-46.9723946E-03,+91.5890112E-03
+9.2987375E-03,+8.1736201E-03,-46.6750301E-03,+91.5946912E-03
+9.2990312E-03,+8.4972295E-03,-46.8320653E-03,+91.5946912E-03
+9.2993250E-03,+8.5632378E-03,-46.8805123E-03,+91.5925195E-03
+9.2996187E-03,+9.1253736E-03,-46.6883948E-03,+91.5846677E-03
+9.2999125E-03,+9.9501089E-03,-46.6750301E-03,+91.5811595E-03
+9.3002062E-03,+10.7258894E-03,-46.7886300E-03,+91.5824959E-03
+9.3005000E-03,+10.6269506E-03,-46.7669124E-03,+91.5711360E-03
+9.3007937E-03,+9.8000468E-03,-46.6883948E-03,+91.5798230E-03
+9.3010875E-03,+8.9804936E-03,-46.6315948E-03,+91.6003712E-03
+9.3013812E-03,+8.2677443E-03,-46.6533124E-03,+91.5881759E-03
+9.3016750E-03,+8.6839711E-03,-46.7535477E-03,+91.5689642E-03
+9.3019687E-03,+9.6192592E-03,-46.8019947E-03,+91.5676277E-03
+9.3022625E-03,+10.3219382E-03,-46.6533124E-03,+91.5855030E-03
+9.3025562E-03,+10.9036633E-03,-46.7318300E-03,+91.5981995E-03
+9.3028500E-03,+10.4735072E-03,-46.7017595E-03,+91.5933548E-03
+9.3031437E-03,+9.4150600E-03,-46.4745596E-03,+91.6125665E-03
+9.3034375E-03,+8.6110533E-03,-46.5179949E-03,+91.6117312E-03
+9.3037312E-03,+8.0993793E-03,-46.5664419E-03,+91.5968630E-03
+9.3040250E-03,+7.9981617E-03,-46.4829126E-03,+91.5981995E-03
+9.3043187E-03,+9.2077736E-03,-46.6232419E-03,+91.5803242E-03
+9.3046125E-03,+10.6749131E-03,-46.4829126E-03,+91.5719712E-03
+9.3049062E-03,+10.8230274E-03,-46.6449595E-03,+91.5903477E-03
+9.3052000E-03,+9.8551027E-03,-46.5831478E-03,+91.5811595E-03
+9.3054937E-03,+9.3705155E-03,-46.8237123E-03,+91.5846677E-03
+9.3057875E-03,+8.3899110E-03,-46.7101124E-03,+91.5811595E-03
+9.3060812E-03,+8.6123764E-03,-46.6666771E-03,+91.5846677E-03
+9.3063750E-03,+8.9268711E-03,-46.5530772E-03,+91.5833312E-03
+9.3066687E-03,+8.9774063E-03,-46.5530772E-03,+91.5925195E-03
+9.3069625E-03,+9.7170955E-03,-46.5747949E-03,+91.5890112E-03
+9.3072562E-03,+9.5523689E-03,-46.5881596E-03,+91.5925195E-03
+9.3075500E-03,+9.2996926E-03,-46.5179949E-03,+91.5868395E-03
+9.3078437E-03,+9.0395555E-03,-46.6750301E-03,+91.5890112E-03
+9.3081375E-03,+9.0441129E-03,-46.7017595E-03,+91.5946912E-03
+9.3084312E-03,+9.6434426E-03,-46.5179949E-03,+91.5968630E-03
+9.3087250E-03,+9.6850469E-03,-46.5447243E-03,+91.6025430E-03
+9.3090187E-03,+9.7014387E-03,-46.3175245E-03,+91.5960277E-03
+9.3093125E-03,+10.4875100E-03,-46.4478302E-03,+91.5789877E-03
+9.3096062E-03,+9.9579006E-03,-46.7017595E-03,+91.5833312E-03
+9.3099000E-03,+9.6027939E-03,-46.4962773E-03,+91.5903477E-03
+9.3101937E-03,+9.8566831E-03,-46.5965125E-03,+91.5789877E-03
+9.3104875E-03,+9.5416738E-03,-46.6015243E-03,+91.5833312E-03
+9.3107812E-03,+9.5193648E-03,-46.3826774E-03,+91.5925195E-03
+9.3110750E-03,+8.4801762E-03,-46.4444891E-03,+91.5890112E-03
+9.3113687E-03,+8.8079019E-03,-46.2256422E-03,+91.5946912E-03
+9.3116625E-03,+8.9775166E-03,-46.4611949E-03,+91.5968630E-03
+9.3119562E-03,+9.8789921E-03,-46.5664419E-03,+91.5960277E-03
+9.3122500E-03,+9.9837379E-03,-46.3960421E-03,+91.5768159E-03
+9.3125437E-03,+9.7107372E-03,-46.3960421E-03,+91.5798230E-03
+9.3128375E-03,+9.3378789E-03,-46.4829126E-03,+91.5938559E-03
+9.3131312E-03,+8.7046997E-03,-46.6449595E-03,+91.5711360E-03
+9.3134250E-03,+8.9264301E-03,-46.4962773E-03,+91.5754795E-03
+9.3137187E-03,+8.7282216E-03,-46.5965125E-03,+91.5803242E-03
+9.3140125E-03,+8.9537375E-03,-46.6666771E-03,+91.5719712E-03
+9.3143062E-03,+8.7287361E-03,-46.5747949E-03,+91.5903477E-03
+9.3146000E-03,+8.9560162E-03,-46.6098772E-03,+91.5811595E-03
+9.3148937E-03,+9.0577850E-03,-46.5096420E-03,+91.5846677E-03
+9.3151875E-03,+9.2132498E-03,-46.4611949E-03,+91.5833312E-03
+9.3154812E-03,+9.2239081E-03,-46.5881596E-03,+91.5881759E-03
+9.3157750E-03,+8.8503515E-03,-46.4962773E-03,+91.5754795E-03
+9.3160687E-03,+8.9315387E-03,-46.4444891E-03,+91.5890112E-03
+9.3163625E-03,+9.1678967E-03,-46.2473598E-03,+91.5838324E-03
+9.3166562E-03,+9.2933711E-03,-46.5179949E-03,+91.5684630E-03
+9.3169500E-03,+9.4436906E-03,-46.6315948E-03,+91.5981995E-03
+9.3172437E-03,+9.9706538E-03,-46.6098772E-03,+91.5890112E-03
+9.3175375E-03,+10.3193655E-03,-46.5530772E-03,+91.5925195E-03
+9.3178312E-03,+10.1504491E-03,-46.6182301E-03,+91.5911830E-03
+9.3181250E-03,+8.9747234E-03,-46.7669124E-03,+91.6003712E-03
+9.3184187E-03,+8.9250702E-03,-46.6883948E-03,+91.5925195E-03
+9.3187125E-03,+9.2234303E-03,-46.6098772E-03,+91.5911830E-03
+9.3190062E-03,+9.8534120E-03,-46.5530772E-03,+91.5981995E-03
+9.3193000E-03,+10.5957474E-03,-46.6399477E-03,+91.5868395E-03
+9.3195937E-03,+10.5634783E-03,-46.8237123E-03,+91.5890112E-03
+9.3198875E-03,+9.7303265E-03,-46.7318300E-03,+91.5968630E-03
+9.3201812E-03,+9.1751370E-03,-46.6148890E-03,+91.5938559E-03
+9.3204750E-03,+7.9329988E-03,-46.2690774E-03,+91.5776512E-03
+9.3207687E-03,+7.6214076E-03,-46.4662067E-03,+91.5903477E-03
+9.3210625E-03,+8.5534247E-03,-46.2824421E-03,+91.5789877E-03
+9.3213562E-03,+10.2732038E-03,-46.5480655E-03,+91.5855030E-03
+9.3216500E-03,+11.3499539E-03,-46.8587946E-03,+91.6003712E-03
+9.3219437E-03,+12.1918897E-03,-46.5664419E-03,+91.5881759E-03
+9.3222375E-03,+11.0881629E-03,-46.4394773E-03,+91.5798230E-03
+9.3225312E-03,+10.1450464E-03,-46.5313596E-03,+91.6025430E-03
+9.3228250E-03,+8.7107640E-03,-46.5614302E-03,+91.5981995E-03
+9.3231187E-03,+8.0764822E-03,-46.7451947E-03,+91.5846677E-03
+9.3234125E-03,+7.4667514E-03,-46.6533124E-03,+91.5768159E-03
+9.3237062E-03,+8.1999352E-03,-46.7752653E-03,+91.5754795E-03
+9.3240000E-03,+9.5271564E-03,-46.8587946E-03,+91.5846677E-03
+9.3242937E-03,+9.6680671E-03,-46.6098772E-03,+91.5789877E-03
+9.3245875E-03,+9.9229486E-03,-46.5747949E-03,+91.5811595E-03
+9.3248812E-03,+9.3500074E-03,-46.5881596E-03,+91.5911830E-03
+9.3251750E-03,+8.6658519E-03,-46.5179949E-03,+91.5981995E-03
+9.3254687E-03,+7.8833456E-03,-46.6533124E-03,+91.5868395E-03
+9.3257625E-03,+8.3990625E-03,-46.6449595E-03,+91.5824959E-03
+9.3260562E-03,+9.0980661E-03,-46.4311244E-03,+91.5733077E-03
+9.3263500E-03,+10.3991193E-03,-46.4261126E-03,+91.5768159E-03
+9.3266437E-03,+10.0127359E-03,-46.7101124E-03,+91.5711360E-03
+9.3269375E-03,+9.5749720E-03,-46.6883948E-03,+91.5776512E-03
+9.3272312E-03,+9.2036940E-03,-46.6098772E-03,+91.5968630E-03
+9.3275250E-03,+8.9066570E-03,-46.5313596E-03,+91.6025430E-03
+9.3278187E-03,+8.6097670E-03,-46.3659715E-03,+91.6047148E-03
+9.3281125E-03,+9.2808751E-03,-46.2122775E-03,+91.6060512E-03
+9.3284062E-03,+9.8089778E-03,-46.6399477E-03,+91.6033783E-03
+9.3287000E-03,+10.2072323E-03,-46.7802771E-03,+91.6152395E-03
+9.3289937E-03,+10.2032263E-03,-46.4879243E-03,+91.5846677E-03
+9.3292875E-03,+10.7151208E-03,-46.3826774E-03,+91.5833312E-03
+9.3295812E-03,+10.3979065E-03,-46.6182301E-03,+91.5903477E-03
+9.3298750E-03,+8.9215787E-03,-46.7669124E-03,+91.5768159E-03
+9.3301687E-03,+8.3485272E-03,-46.7101124E-03,+91.5776512E-03
+9.3304625E-03,+8.8101806E-03,-46.6666771E-03,+91.5881759E-03
+9.3307562E-03,+9.5594990E-03,-46.5747949E-03,+91.5754795E-03
+9.3310500E-03,+9.9221767E-03,-46.6750301E-03,+91.5890112E-03
+9.3313437E-03,+10.5503575E-03,-46.7451947E-03,+91.5903477E-03
+9.3316375E-03,+10.6358448E-03,-46.6750301E-03,+91.5768159E-03
+9.3319312E-03,+10.1715085E-03,-46.7669124E-03,+91.5733077E-03
+9.3322250E-03,+9.1874125E-03,-46.6232419E-03,+91.5811595E-03
+9.3325187E-03,+7.5702476E-03,-46.3743244E-03,+91.5803242E-03
+9.3328125E-03,+7.7128856E-03,-46.3826774E-03,+91.5719712E-03
+9.3331062E-03,+9.1257778E-03,-46.5313596E-03,+91.5925195E-03
+9.3334000E-03,+10.0732680E-03,-46.5179949E-03,+91.5868395E-03
+9.3336937E-03,+9.4503061E-03,-46.5664419E-03,+91.5868395E-03
+9.3339875E-03,+9.6064692E-03,-46.3743244E-03,+91.5846677E-03
+9.3342812E-03,+8.9170581E-03,-46.3826774E-03,+91.5811595E-03
+9.3345750E-03,+8.3916017E-03,-46.5747949E-03,+91.5890112E-03
+9.3348687E-03,+7.5658005E-03,-46.6098772E-03,+91.5881759E-03
+9.3351625E-03,+7.4993144E-03,-46.5313596E-03,+91.5776512E-03
+9.3354562E-03,+9.0673775E-03,-46.4745596E-03,+91.5881759E-03
+9.3357500E-03,+10.1025968E-03,-46.5614302E-03,+91.5754795E-03
+9.3360437E-03,+10.8515109E-03,-46.7234771E-03,+91.5890112E-03
+9.3363375E-03,+10.9709579E-03,-46.5530772E-03,+91.5946912E-03
+9.3366312E-03,+10.3138158E-03,-46.5530772E-03,+91.5925195E-03
+9.3369250E-03,+10.0906153E-03,-46.6182301E-03,+91.5824959E-03
+9.3372187E-03,+9.1100844E-03,-46.7886300E-03,+91.5798230E-03
+9.3375125E-03,+8.3968941E-03,-46.7234771E-03,+91.6003712E-03
+9.3378062E-03,+8.7417834E-03,-46.5530772E-03,+91.5946912E-03
+9.3381000E-03,+8.6021223E-03,-46.5747949E-03,+91.5881759E-03
+9.3383937E-03,+9.5857038E-03,-46.6967477E-03,+91.5776512E-03
+9.3386875E-03,+10.5284895E-03,-46.7802771E-03,+91.5925195E-03
+9.3389812E-03,+10.5420514E-03,-46.5747949E-03,+91.5955265E-03
+9.3392750E-03,+10.2063870E-03,-46.6533124E-03,+91.6073877E-03
+9.3395687E-03,+9.4110540E-03,-46.6449595E-03,+91.5768159E-03
+9.3398625E-03,+8.3686311E-03,-46.5831478E-03,+91.5754795E-03
+9.3401562E-03,+8.3368766E-03,-46.8237123E-03,+91.5868395E-03
+9.3404500E-03,+8.7323379E-03,-46.5580890E-03,+91.5890112E-03
+9.3407437E-03,+9.0890249E-03,-46.3125127E-03,+91.5946912E-03
+9.3410375E-03,+10.2537983E-03,-46.6666771E-03,+91.5925195E-03
+9.3413312E-03,+10.6235326E-03,-46.4879243E-03,+91.5868395E-03
+9.3416250E-03,+9.8595865E-03,-46.4695479E-03,+91.5890112E-03
+9.3419187E-03,+9.2597055E-03,-46.7802771E-03,+91.5925195E-03
+9.3422125E-03,+8.9629992E-03,-46.5747949E-03,+91.5911830E-03
+9.3425062E-03,+8.5363346E-03,-46.6315948E-03,+91.6025430E-03
+9.3428000E-03,+9.7577442E-03,-46.6750301E-03,+91.5960277E-03
+9.3430937E-03,+10.2231831E-03,-46.7234771E-03,+91.5811595E-03
+9.3433875E-03,+10.9892608E-03,-46.4444891E-03,+91.5890112E-03
+9.3436812E-03,+11.1126771E-03,-46.3125127E-03,+91.5903477E-03
+9.3439750E-03,+10.0578685E-03,-46.6232419E-03,+91.5811595E-03
+9.3442687E-03,+8.6308631E-03,-46.3743244E-03,+91.5868395E-03
+9.3445625E-03,+7.8802584E-03,-46.4043950E-03,+91.5846677E-03
+9.3448562E-03,+7.3468266E-03,-46.5881596E-03,+91.5789877E-03
+9.3451500E-03,+7.4501023E-03,-46.4962773E-03,+91.5811595E-03
+9.3454437E-03,+8.4688195E-03,-46.6182301E-03,+91.5868395E-03
+9.3457375E-03,+9.6790930E-03,-46.8320653E-03,+91.5824959E-03
+9.3460312E-03,+10.6906434E-03,-46.8805123E-03,+91.5798230E-03
+9.3463250E-03,+11.0987478E-03,-46.6449595E-03,+91.6003712E-03
+9.3466187E-03,+9.8254431E-03,-46.4962773E-03,+91.5946912E-03
+9.3469125E-03,+8.5697430E-03,-46.6616654E-03,+91.5946912E-03
+9.3472062E-03,+8.1239302E-03,-46.8153594E-03,+91.5860042E-03
+9.3475000E-03,+8.6400146E-03,-46.5397125E-03,+91.5719712E-03
+9.3477937E-03,+9.3706258E-03,-46.6883948E-03,+91.5925195E-03
+9.3480875E-03,+10.1685683E-03,-46.6315948E-03,+91.5846677E-03
+9.3483812E-03,+10.6071408E-03,-46.6098772E-03,+91.5833312E-03
+9.3486750E-03,+10.8007919E-03,-46.5313596E-03,+91.6012065E-03
+9.3489687E-03,+9.7639922E-03,-46.5614302E-03,+91.6117312E-03
+9.3492625E-03,+8.0745711E-03,-46.7886300E-03,+91.5925195E-03
+9.3495562E-03,+7.2741661E-03,-46.7234771E-03,+91.5846677E-03
+9.3498500E-03,+7.8974955E-03,-46.5096420E-03,+91.5789877E-03
+9.3501437E-03,+8.8199201E-03,-46.4829126E-03,+91.5789877E-03
+9.3504375E-03,+10.6737003E-03,-46.7101124E-03,+91.5876748E-03
+9.3507312E-03,+11.3718954E-03,-46.6666771E-03,+91.6082230E-03
+9.3510250E-03,+11.3537762E-03,-46.5965125E-03,+91.6003712E-03
+9.3513187E-03,+10.5683297E-03,-46.7752653E-03,+91.5925195E-03
+9.3516125E-03,+8.8873617E-03,-46.8153594E-03,+91.5803242E-03
+9.3519062E-03,+7.7303433E-03,-46.5179949E-03,+91.5676277E-03
+9.3522000E-03,+8.0226024E-03,-46.6098772E-03,+91.5811595E-03
+9.3524937E-03,+9.0538156E-03,-46.5530772E-03,+91.5868395E-03
+9.3527875E-03,+10.8837432E-03,-46.5530772E-03,+91.5824959E-03
+9.3530812E-03,+11.6387215E-03,-46.5096420E-03,+91.5776512E-03
+9.3533750E-03,+11.4017388E-03,-46.4611949E-03,+91.5946912E-03
+9.3536687E-03,+10.3865866E-03,-46.7184653E-03,+91.5881759E-03
+9.3539625E-03,+8.4011207E-03,-46.8805123E-03,+91.5819948E-03
+9.3542562E-03,+7.5866026E-03,-46.6449595E-03,+91.6017077E-03
+9.3545500E-03,+7.8953271E-03,-46.4528420E-03,+91.5746442E-03
+9.3548437E-03,+9.4727989E-03,-46.4394773E-03,+91.5697995E-03
+9.3551375E-03,+10.5364649E-03,-46.5965125E-03,+91.5911830E-03
+9.3554312E-03,+11.1334057E-03,-46.6449595E-03,+91.5938559E-03
+9.3557250E-03,+10.1669144E-03,-46.4094068E-03,+91.5733077E-03
+9.3560187E-03,+8.6804061E-03,-46.3693127E-03,+91.5833312E-03
+9.3563125E-03,+7.9463034E-03,-46.7101124E-03,+91.5903477E-03
+9.3566062E-03,+7.6273616E-03,-46.6883948E-03,+91.5789877E-03
+9.3569000E-03,+8.2313590E-03,-46.6750301E-03,+91.5789877E-03
+9.3571937E-03,+8.7361970E-03,-46.7234771E-03,+91.5855030E-03
+9.3574875E-03,+10.2128923E-03,-46.5965125E-03,+91.5960277E-03
+9.3577812E-03,+10.4404663E-03,-46.6883948E-03,+91.5811595E-03
+9.3580750E-03,+9.8997574E-03,-46.5881596E-03,+91.5846677E-03
+9.3583687E-03,+9.8775587E-03,-46.4528420E-03,+91.5724724E-03
+9.3586625E-03,+7.9506035E-03,-46.4177597E-03,+91.5641195E-03
+9.3589562E-03,+7.6194597E-03,-46.4745596E-03,+91.5868395E-03
+9.3592500E-03,+8.1790963E-03,-46.5179949E-03,+91.5890112E-03
+9.3595437E-03,+9.0091609E-03,-46.6533124E-03,+91.5881759E-03
+9.3598375E-03,+10.2733876E-03,-46.6232419E-03,+91.5798230E-03
+9.3601312E-03,+11.1486214E-03,-46.5046302E-03,+91.6003712E-03
+9.3604250E-03,+10.9576166E-03,-46.7669124E-03,+91.5925195E-03
+9.3607187E-03,+9.4892274E-03,-46.6015243E-03,+91.5933548E-03
+9.3610125E-03,+8.0626631E-03,-46.3392421E-03,+91.6017077E-03
+9.3613062E-03,+7.5369862E-03,-46.5263478E-03,+91.5811595E-03
+9.3616000E-03,+8.1376390E-03,-46.6934065E-03,+91.5890112E-03
+9.3618937E-03,+9.2990678E-03,-46.3041598E-03,+91.5860042E-03
+9.3621875E-03,+10.4471553E-03,-46.4745596E-03,+91.5676277E-03
+9.3624812E-03,+11.1189618E-03,-46.4962773E-03,+91.5855030E-03
+9.3627750E-03,+10.8319216E-03,-46.5747949E-03,+91.5938559E-03
+9.3630687E-03,+9.6090052E-03,-46.5881596E-03,+91.5733077E-03
+9.3633625E-03,+8.6734230E-03,-46.5614302E-03,+91.5789877E-03
+9.3636562E-03,+7.9576968E-03,-46.7451947E-03,+91.5768159E-03
+9.3639500E-03,+8.2877379E-03,-46.6533124E-03,+91.5819948E-03
+9.3642437E-03,+9.2262603E-03,-46.7101124E-03,+91.6038795E-03
+9.3645375E-03,+9.9618699E-03,-46.6666771E-03,+91.5911830E-03
+9.3648312E-03,+11.2340720E-03,-46.5747949E-03,+91.5916842E-03
+9.3651250E-03,+10.8861321E-03,-46.6315948E-03,+91.5741430E-03
+9.3654187E-03,+10.5090840E-03,-46.6315948E-03,+91.5981995E-03
+9.3657125E-03,+8.6772821E-03,-46.5881596E-03,+91.5890112E-03
+9.3660062E-03,+8.3824135E-03,-46.4962773E-03,+91.5946912E-03
+9.3663000E-03,+7.6506997E-03,-46.6833830E-03,+91.5925195E-03
+9.3665937E-03,+8.3004544E-03,-46.9590299E-03,+91.5868395E-03
+9.3668875E-03,+9.4990404E-03,-46.8103476E-03,+91.5846677E-03
+9.3671812E-03,+10.6967811E-03,-46.7151242E-03,+91.5746442E-03
+9.3674750E-03,+10.9743759E-03,-46.3392421E-03,+91.5719712E-03
+9.3677687E-03,+10.7062634E-03,-46.4829126E-03,+91.5881759E-03
+9.3680625E-03,+9.5399097E-03,-46.6666771E-03,+91.5733077E-03
+9.3683562E-03,+8.3433083E-03,-46.5965125E-03,+91.5768159E-03
+9.3686500E-03,+8.2141219E-03,-46.7101124E-03,+91.5776512E-03
+9.3689437E-03,+8.5428031E-03,-46.6883948E-03,+91.5903477E-03
+9.3692375E-03,+10.5141559E-03,-46.7184653E-03,+91.5789877E-03
+9.3695312E-03,+11.5461042E-03,-46.8370770E-03,+91.5898465E-03
+9.3698250E-03,+12.0068755E-03,-46.5313596E-03,+91.6095595E-03
+9.3701187E-03,+11.6137296E-03,-46.5831478E-03,+91.5911830E-03
+9.3704125E-03,+10.1678332E-03,-46.8019947E-03,+91.6025430E-03
+9.3707062E-03,+9.0260672E-03,-46.6533124E-03,+91.5960277E-03
+9.3710000E-03,+7.7269252E-03,-46.6883948E-03,+91.5833312E-03
+9.3712937E-03,+7.7618037E-03,-46.6315948E-03,+91.5946912E-03
+9.3715875E-03,+8.7737584E-03,-46.6315948E-03,+91.5925195E-03
+9.3718812E-03,+9.8474581E-03,-46.6098772E-03,+91.5868395E-03
+9.3721750E-03,+10.0690414E-03,-46.5747949E-03,+91.5890112E-03
+9.3724687E-03,+10.5304007E-03,-46.6967477E-03,+91.5925195E-03
+9.3727625E-03,+9.7078338E-03,-46.8454299E-03,+91.5846677E-03
+9.3730562E-03,+8.2021404E-03,-46.7669124E-03,+91.5789877E-03
+9.3733500E-03,+7.7472496E-03,-46.6666771E-03,+91.5789877E-03
+9.3736437E-03,+8.2668990E-03,-46.6182301E-03,+91.5833312E-03
+9.3739375E-03,+9.1258514E-03,-46.7234771E-03,+91.5881759E-03
+9.3742312E-03,+9.8784407E-03,-46.6182301E-03,+91.5711360E-03
+9.3745250E-03,+11.1242175E-03,-46.8103476E-03,+91.5711360E-03
+9.3748187E-03,+10.9303826E-03,-46.7802771E-03,+91.5711360E-03
+9.3751125E-03,+10.4456117E-03,-46.5747949E-03,+91.5733077E-03
+9.3754062E-03,+9.1983649E-03,-46.7619006E-03,+91.5833312E-03
+9.3757000E-03,+7.9254645E-03,-46.9289593E-03,+91.5903477E-03
+9.3759937E-03,+7.4639949E-03,-46.5179949E-03,+91.5833312E-03
+9.3762875E-03,+8.7351679E-03,-46.6315948E-03,+91.5881759E-03
+9.3765812E-03,+9.9598852E-03,-46.6315948E-03,+91.5733077E-03
+9.3768750E-03,+11.2794618E-03,-46.5664419E-03,+91.5811595E-03
+9.3771687E-03,+11.4338608E-03,-46.4611949E-03,+91.5846677E-03
+9.3774625E-03,+10.1476191E-03,-46.6533124E-03,+91.5833312E-03
+9.3777562E-03,+8.6366334E-03,-46.6883948E-03,+91.5925195E-03
+9.3780500E-03,+8.0090773E-03,-46.5881596E-03,+91.5846677E-03
+9.3783437E-03,+8.4298247E-03,-46.4528420E-03,+91.5833312E-03
+9.3786375E-03,+9.2080676E-03,-46.4394773E-03,+91.5903477E-03
+9.3789312E-03,+10.8930784E-03,-46.5747949E-03,+91.5833312E-03
+9.3792250E-03,+11.7569924E-03,-46.6533124E-03,+91.5968630E-03
+9.3795187E-03,+11.6266666E-03,-46.6666771E-03,+91.6003712E-03
+9.3798125E-03,+10.2912495E-03,-46.4879243E-03,+91.5925195E-03
+9.3801062E-03,+8.8366427E-03,-46.4261126E-03,+91.5868395E-03
+9.3804000E-03,+7.6847329E-03,-46.7318300E-03,+91.5846677E-03
+9.3806937E-03,+7.7000221E-03,-46.7451947E-03,+91.5811595E-03
+9.3809875E-03,+8.3456238E-03,-46.5664419E-03,+91.5890112E-03
+9.3812812E-03,+9.7062166E-03,-46.4829126E-03,+91.5903477E-03
+9.3815750E-03,+11.0488373E-03,-46.7101124E-03,+91.5855030E-03
+9.3818687E-03,+11.2694283E-03,-46.6883948E-03,+91.5981995E-03
+9.3821625E-03,+10.1636801E-03,-46.6533124E-03,+91.5846677E-03
+9.3824562E-03,+8.5969770E-03,-46.6232419E-03,+91.5768159E-03
+9.3827500E-03,+7.6164827E-03,-46.4611949E-03,+91.5733077E-03
+9.3830437E-03,+8.1687320E-03,-46.6098772E-03,+91.5855030E-03
+9.3833375E-03,+8.7719576E-03,-46.5965125E-03,+91.5981995E-03
+9.3836312E-03,+9.9749171E-03,-46.7101124E-03,+91.5824959E-03
+9.3839250E-03,+11.2919578E-03,-46.7101124E-03,+91.5711360E-03
+9.3842187E-03,+11.8038891E-03,-46.7101124E-03,+91.5798230E-03
+9.3845125E-03,+10.3729145E-03,-46.6883948E-03,+91.6003712E-03
+9.3848062E-03,+8.6846694E-03,-46.5664419E-03,+91.5946912E-03
+9.3851000E-03,+7.4246325E-03,-46.4177597E-03,+91.5881759E-03
+9.3853937E-03,+7.3203645E-03,-46.5179949E-03,+91.5733077E-03
+9.3856875E-03,+8.9697985E-03,-46.6315948E-03,+91.5789877E-03
+9.3859812E-03,+9.1038731E-03,-46.6315948E-03,+91.5746442E-03
+9.3862750E-03,+10.6191957E-03,-46.6098772E-03,+91.5676277E-03
+9.3865687E-03,+11.3377152E-03,-46.5965125E-03,+91.5768159E-03
+9.3868625E-03,+10.6418355E-03,-46.6449595E-03,+91.5711360E-03
+9.3871562E-03,+9.4520335E-03,-46.5397125E-03,+91.5733077E-03
+9.3874500E-03,+8.6435429E-03,-46.7318300E-03,+91.5811595E-03
+9.3877437E-03,+7.8016806E-03,-46.7669124E-03,+91.5890112E-03
+9.3880375E-03,+8.6657416E-03,-46.7318300E-03,+91.5968630E-03
+9.3883312E-03,+9.2441957E-03,-46.8103476E-03,+91.6047148E-03
+9.3886250E-03,+9.8684440E-03,-46.8237123E-03,+91.6017077E-03
+9.3889187E-03,+10.8129938E-03,-46.7101124E-03,+91.5811595E-03
+9.3892125E-03,+10.6556179E-03,-46.6666771E-03,+91.5890112E-03
+9.3895062E-03,+9.1257411E-03,-46.6182301E-03,+91.5903477E-03
+9.3898000E-03,+8.1033486E-03,-46.7669124E-03,+91.5811595E-03
+9.3900937E-03,+8.1965907E-03,-46.7101124E-03,+91.5911830E-03
+9.3903875E-03,+8.4780078E-03,-46.7535477E-03,+91.5960277E-03
+9.3906812E-03,+9.0534849E-03,-46.8888652E-03,+91.5855030E-03
+9.3909750E-03,+10.0064879E-03,-46.9891004E-03,+91.5960277E-03
+9.3912687E-03,+10.1052430E-03,-46.9941122E-03,+91.5833312E-03
+9.3915625E-03,+10.5336350E-03,-46.7101124E-03,+91.5903477E-03
+9.3918562E-03,+9.4111642E-03,-46.6666771E-03,+91.5789877E-03
+9.3921500E-03,+8.7458997E-03,-46.6182301E-03,+91.5768159E-03
+9.3924437E-03,+8.8299904E-03,-46.7669124E-03,+91.5733077E-03
+9.3927375E-03,+8.5611429E-03,-46.7535477E-03,+91.5811595E-03
+9.3930312E-03,+8.9882117E-03,-46.7802771E-03,+91.5824959E-03
+9.3933250E-03,+9.9662435E-03,-46.6399477E-03,+91.5776512E-03
+9.3936187E-03,+10.6785884E-03,-46.7802771E-03,+91.5903477E-03
+9.3939125E-03,+10.6046416E-03,-46.5965125E-03,+91.5789877E-03
+9.3942062E-03,+10.0818314E-03,-46.6666771E-03,+91.5768159E-03
+9.3945000E-03,+8.1582207E-03,-46.5965125E-03,+91.5733077E-03
+9.3947937E-03,+7.9390263E-03,-46.7101124E-03,+91.5789877E-03
+9.3950875E-03,+7.5505112E-03,-46.7535477E-03,+91.5768159E-03
+9.3953812E-03,+8.4888866E-03,-46.8671476E-03,+91.5733077E-03
+9.3956750E-03,+8.5087699E-03,-46.8671476E-03,+91.5833312E-03
+9.3959687E-03,+9.5744942E-03,-46.8888652E-03,+91.5946912E-03
+9.3962625E-03,+9.9563202E-03,-46.8587946E-03,+91.5946912E-03
+9.3965562E-03,+9.3171503E-03,-46.6315948E-03,+91.5903477E-03
+9.3968500E-03,+8.3789954E-03,-46.6750301E-03,+91.5789877E-03
+9.3971437E-03,+7.6616888E-03,-46.7451947E-03,+91.5855030E-03
+9.3974375E-03,+8.8506088E-03,-46.6967477E-03,+91.5960277E-03
+9.3977312E-03,+9.8383066E-03,-46.8454299E-03,+91.5833312E-03
+9.3980250E-03,+10.6631522E-03,-46.8103476E-03,+91.5903477E-03
+9.3983187E-03,+10.9876437E-03,-46.9540181E-03,+91.5789877E-03
+9.3986125E-03,+10.7906848E-03,-47.0074769E-03,+91.5920183E-03
+9.3989062E-03,+10.4640617E-03,-46.6833830E-03,+91.6152395E-03
+9.3992000E-03,+9.1838475E-03,-46.9807475E-03,+91.5890112E-03
+9.3994937E-03,+8.8068361E-03,-46.8888652E-03,+91.5903477E-03
+9.3997875E-03,+8.5036245E-03,-46.8805123E-03,+91.5789877E-03
+9.4000812E-03,+8.6958423E-03,-46.6883948E-03,+91.5746442E-03
+9.4003750E-03,+8.7862177E-03,-46.6533124E-03,+91.5676277E-03
+9.4006687E-03,+9.4137002E-03,-46.6666771E-03,+91.5876748E-03
+9.4009625E-03,+10.6630419E-03,-46.6399477E-03,+91.6017077E-03
+9.4012562E-03,+10.7144225E-03,-46.7585594E-03,+91.5833312E-03
+9.4015500E-03,+9.5937160E-03,-46.5614302E-03,+91.5903477E-03
+9.4018437E-03,+8.6669177E-03,-46.7886300E-03,+91.5811595E-03
+9.4021375E-03,+8.0254692E-03,-46.8103476E-03,+91.5803242E-03
+9.4024312E-03,+7.7867222E-03,-46.8019947E-03,+91.5719712E-03
+9.4027250E-03,+9.0263980E-03,-46.6533124E-03,+91.5925195E-03
+9.4030187E-03,+10.4276763E-03,-46.7752653E-03,+91.5846677E-03
+9.4033125E-03,+11.0270428E-03,-46.9022299E-03,+91.5789877E-03
+9.4036062E-03,+10.7716836E-03,-46.8103476E-03,+91.5811595E-03
+9.4039000E-03,+9.8605789E-03,-46.8019947E-03,+91.5824959E-03
+9.4041937E-03,+8.2956031E-03,-46.6967477E-03,+91.5711360E-03
+9.4044875E-03,+7.8013131E-03,-46.8019947E-03,+91.5733077E-03
+9.4047812E-03,+8.2237144E-03,-46.6315948E-03,+91.5833312E-03
+9.4050750E-03,+8.8726605E-03,-46.5881596E-03,+91.5903477E-03
+9.4053687E-03,+9.8198934E-03,-46.5397125E-03,+91.5768159E-03
+9.4056625E-03,+10.5114729E-03,-46.6883948E-03,+91.5776512E-03
+9.4059562E-03,+10.1059413E-03,-46.7184653E-03,+91.5881759E-03
+9.4062500E-03,+9.8095658E-03,-46.8805123E-03,+91.5733077E-03
+9.4065437E-03,+8.9610881E-03,-46.6666771E-03,+91.5811595E-03
+9.4068375E-03,+8.3010057E-03,-46.5747949E-03,+91.5911830E-03
+9.4071312E-03,+8.8683972E-03,-46.6967477E-03,+91.6003712E-03
+9.4074250E-03,+9.7279743E-03,-46.8888652E-03,+91.5968630E-03
+9.4077187E-03,+10.8155665E-03,-46.8587946E-03,+91.5916842E-03
+9.4080125E-03,+11.2432969E-03,-46.6098772E-03,+91.5697995E-03
+9.4083062E-03,+11.3736228E-03,-46.5530772E-03,+91.5846677E-03
+9.4086000E-03,+9.7742463E-03,-46.4444891E-03,+91.5876748E-03
+9.4088937E-03,+7.8672479E-03,-46.2256422E-03,+91.6038795E-03
+9.4091875E-03,+6.8361081E-03,-46.4177597E-03,+91.5868395E-03
+9.4094812E-03,+7.0159769E-03,-46.5397125E-03,+91.5868395E-03
+9.4097750E-03,+8.5905084E-03,-46.6883948E-03,+91.5868395E-03
+9.4100687E-03,+10.7461403E-03,-46.6098772E-03,+91.5824959E-03
+9.4103625E-03,+11.7959872E-03,-46.5747949E-03,+91.5733077E-03
+9.4106562E-03,+11.9264969E-03,-46.6315948E-03,+91.5811595E-03
+9.4109500E-03,+10.8613974E-03,-46.6750301E-03,+91.5868395E-03
+9.4112437E-03,+9.3416645E-03,-46.7451947E-03,+91.5955265E-03
+9.4115375E-03,+8.0485132E-03,-46.6967477E-03,+91.6139030E-03
+9.4118312E-03,+8.1378595E-03,-46.8237123E-03,+91.5938559E-03
+9.4121250E-03,+8.9743191E-03,-46.7318300E-03,+91.5733077E-03
+9.4124187E-03,+10.3163150E-03,-46.7669124E-03,+91.5811595E-03
+9.4127125E-03,+11.1292894E-03,-46.7101124E-03,+91.5868395E-03
+9.4130062E-03,+10.9637543E-03,-46.7535477E-03,+91.5846677E-03
+9.4133000E-03,+10.3091482E-03,-46.8019947E-03,+91.5855030E-03
+9.4135937E-03,+8.8756743E-03,-46.6750301E-03,+91.5916842E-03
+9.4138875E-03,+7.8068261E-03,-46.8103476E-03,+91.5654560E-03
+9.4141812E-03,+7.7025580E-03,-46.8671476E-03,+91.5798230E-03
+9.4144750E-03,+8.2251845E-03,-46.8237123E-03,+91.5938559E-03
+9.4147687E-03,+9.2642996E-03,-46.6883948E-03,+91.5754795E-03
+9.4150625E-03,+11.0139220E-03,-46.6533124E-03,+91.5846677E-03
+9.4153562E-03,+11.6260418E-03,-46.7535477E-03,+91.5768159E-03
+9.4156500E-03,+10.5212492E-03,-46.8671476E-03,+91.5754795E-03
+9.4159437E-03,+9.5877987E-03,-46.8019947E-03,+91.5911830E-03
+9.4162375E-03,+8.5019339E-03,-46.6750301E-03,+91.6003712E-03
+9.4165312E-03,+7.6685248E-03,-46.7017595E-03,+91.5925195E-03
+9.4168250E-03,+8.0776950E-03,-46.5614302E-03,+91.5911830E-03
+9.4171187E-03,+8.8737264E-03,-46.7886300E-03,+91.5960277E-03
+9.4174125E-03,+10.2695653E-03,-46.7886300E-03,+91.5768159E-03
+9.4177062E-03,+10.3330743E-03,-46.7886300E-03,+91.5733077E-03
+9.4180000E-03,+10.3846754E-03,-46.7886300E-03,+91.5811595E-03
+9.4182937E-03,+9.4333630E-03,-46.7669124E-03,+91.5824959E-03
+9.4185875E-03,+7.3273843E-03,-46.6883948E-03,+91.5754795E-03
+9.4188812E-03,+7.5806119E-03,-46.6533124E-03,+91.5868395E-03
+9.4191750E-03,+7.8849628E-03,-46.7535477E-03,+91.5824959E-03
+9.4194687E-03,+8.5194283E-03,-46.6934065E-03,+91.5689642E-03
+9.4197625E-03,+9.6525574E-03,-46.3693127E-03,+91.5654560E-03
+9.4200562E-03,+10.4175692E-03,-46.6666771E-03,+91.5754795E-03
+9.4203500E-03,+10.8972315E-03,-46.6182301E-03,+91.5890112E-03
+9.4206437E-03,+10.4472289E-03,-46.8103476E-03,+91.5968630E-03
+9.4209375E-03,+9.1377226E-03,-46.8671476E-03,+91.5981995E-03
+9.4212312E-03,+8.7748978E-03,-46.8237123E-03,+91.5890112E-03
+9.4215250E-03,+8.9126477E-03,-46.6232419E-03,+91.5903477E-03
+9.4218187E-03,+9.4856256E-03,-46.5263478E-03,+91.5789877E-03
+9.4221125E-03,+10.5291878E-03,-46.8454299E-03,+91.5746442E-03
+9.4224062E-03,+11.3062547E-03,-46.7234771E-03,+91.5676277E-03
+9.4227000E-03,+11.2037141E-03,-46.6399477E-03,+91.5855030E-03
+9.4229937E-03,+10.7555123E-03,-46.8454299E-03,+91.5938559E-03
+9.4232875E-03,+9.0164380E-03,-46.7669124E-03,+91.5733077E-03
+9.4235812E-03,+7.9167908E-03,-46.7318300E-03,+91.5811595E-03
+9.4238750E-03,+7.6786687E-03,-46.7886300E-03,+91.5803242E-03
+9.4241687E-03,+8.4006429E-03,-46.6583242E-03,+91.5654560E-03
+9.4244625E-03,+10.0390142E-03,-46.4695479E-03,+91.5711360E-03
+9.4247562E-03,+11.2362404E-03,-46.8454299E-03,+91.5754795E-03
+9.4250500E-03,+11.0531374E-03,-46.6800418E-03,+91.5890112E-03
+9.4253437E-03,+10.0577950E-03,-46.5697831E-03,+91.5903477E-03
+9.4256375E-03,+8.6597877E-03,-46.8504417E-03,+91.5768159E-03
+9.4259312E-03,+6.8793296E-03,-46.4394773E-03,+91.5754795E-03
+9.4262250E-03,+6.5448780E-03,-46.5313596E-03,+91.5846677E-03
+9.4265187E-03,+7.6902091E-03,-46.4962773E-03,+91.5855030E-03
+9.4268125E-03,+9.0208115E-03,-46.5096420E-03,+91.6003712E-03
+9.4271062E-03,+10.6265831E-03,-46.3743244E-03,+91.5925195E-03
+9.4274000E-03,+11.2579614E-03,-46.3609597E-03,+91.5846677E-03
+9.4276937E-03,+10.3710401E-03,-46.5614302E-03,+91.5833312E-03
+9.4279875E-03,+9.1218453E-03,-46.8103476E-03,+91.5881759E-03
+9.4282812E-03,+8.0793857E-03,-46.8671476E-03,+91.5776512E-03
+9.4285750E-03,+7.4722643E-03,-46.7802771E-03,+91.5881759E-03
+9.4288687E-03,+8.0001831E-03,-46.5747949E-03,+91.5776512E-03
+9.4291625E-03,+9.7258794E-03,-46.6315948E-03,+91.5881759E-03
+9.4294562E-03,+11.1056573E-03,-46.6750301E-03,+91.5776512E-03
+9.4297500E-03,+12.6442813E-03,-46.7451947E-03,+91.5946912E-03
+9.4300437E-03,+10.9775734E-03,-46.5664419E-03,+91.5925195E-03
+9.4303375E-03,+8.8546149E-03,-46.4394773E-03,+91.5846677E-03
+9.4306312E-03,+7.6158947E-03,-46.6399477E-03,+91.5789877E-03
+9.4309250E-03,+7.6630487E-03,-46.8671476E-03,+91.5746442E-03
+9.4312187E-03,+7.5835521E-03,-46.8237123E-03,+91.5676277E-03
+9.4315125E-03,+9.7328625E-03,-46.6449595E-03,+91.5789877E-03
+9.4318062E-03,+10.8991794E-03,-46.4962773E-03,+91.5768159E-03
+9.4321000E-03,+11.0010218E-03,-46.6182301E-03,+91.5754795E-03
+9.4323937E-03,+9.9882585E-03,-46.7669124E-03,+91.5868395E-03
+9.4326875E-03,+8.2405840E-03,-46.7318300E-03,+91.5890112E-03
+9.4329812E-03,+7.5281287E-03,-46.7451947E-03,+91.5903477E-03
+9.4332750E-03,+7.3180123E-03,-46.6967477E-03,+91.5746442E-03
+9.4335687E-03,+7.5110018E-03,-46.7802771E-03,+91.5697995E-03
+9.4338625E-03,+9.7903440E-03,-46.5530772E-03,+91.5911830E-03
+9.4341562E-03,+11.6909107E-03,-46.5965125E-03,+91.5938559E-03
+9.4344500E-03,+12.0230468E-03,-46.7101124E-03,+91.5798230E-03
+9.4347437E-03,+11.4669017E-03,-46.6883948E-03,+91.5938559E-03
+9.4350375E-03,+10.2306807E-03,-46.6967477E-03,+91.5711360E-03
+9.4353312E-03,+7.7364810E-03,-46.8019947E-03,+91.5733077E-03
+9.4356250E-03,+7.4705002E-03,-46.6315948E-03,+91.5768159E-03
+9.4359187E-03,+7.7974540E-03,-46.6967477E-03,+91.5689642E-03
+9.4362125E-03,+9.4241380E-03,-46.8454299E-03,+91.5719712E-03
+9.4365062E-03,+10.0957607E-03,-46.6800418E-03,+91.5946912E-03
+9.4368000E-03,+10.7067412E-03,-46.4829126E-03,+91.5881759E-03
+9.4370937E-03,+9.5202836E-03,-46.7101124E-03,+91.5733077E-03
+9.4373875E-03,+8.7193274E-03,-46.7318300E-03,+91.5811595E-03
+9.4376812E-03,+7.8123758E-03,-46.7669124E-03,+91.5824959E-03
+9.4379750E-03,+6.7717538E-03,-46.7101124E-03,+91.5733077E-03
+9.4382687E-03,+7.6293462E-03,-46.7101124E-03,+91.5746442E-03
+9.4385625E-03,+9.2102728E-03,-46.6449595E-03,+91.5676277E-03
+9.4388562E-03,+11.0417440E-03,-46.4745596E-03,+91.5833312E-03
+9.4391500E-03,+11.7515162E-03,-46.5397125E-03,+91.5968630E-03
+9.4394437E-03,+10.4487725E-03,-46.7101124E-03,+91.5938559E-03
+9.4397375E-03,+8.5429134E-03,-46.7535477E-03,+91.5754795E-03
+9.4400312E-03,+7.0381389E-03,-46.8237123E-03,+91.5824959E-03
+9.4403250E-03,+6.8943982E-03,-46.6666771E-03,+91.5711360E-03
+9.4406187E-03,+8.3321722E-03,-46.6182301E-03,+91.5754795E-03
+9.4409125E-03,+9.9338641E-03,-46.7451947E-03,+91.5846677E-03
+9.4412062E-03,+11.6147954E-03,-46.6967477E-03,+91.5789877E-03
+9.4415000E-03,+12.7205436E-03,-46.8454299E-03,+91.5789877E-03
+9.4417937E-03,+11.6672418E-03,-46.7886300E-03,+91.5811595E-03
+9.4420875E-03,+10.2689405E-03,-46.7234771E-03,+91.5890112E-03
+9.4423812E-03,+8.3228002E-03,-46.6182301E-03,+91.5860042E-03
+9.4426750E-03,+7.1132251E-03,-46.7234771E-03,+91.5697995E-03
+9.4429687E-03,+7.5353690E-03,-46.6182301E-03,+91.5824959E-03
+9.4432625E-03,+9.6451333E-03,-46.6800418E-03,+91.5754795E-03
+9.4435562E-03,+10.8151255E-03,-46.4394773E-03,+91.5846677E-03
+9.4438500E-03,+12.4532029E-03,-46.5313596E-03,+91.5898465E-03
+9.4441437E-03,+11.7479145E-03,-46.5179949E-03,+91.6095595E-03
+9.4444375E-03,+10.4004792E-03,-46.6098772E-03,+91.5846677E-03
+9.4447312E-03,+8.4582347E-03,-46.5530772E-03,+91.5789877E-03
+9.4450250E-03,+6.9998424E-03,-46.5530772E-03,+91.5789877E-03
+9.4453187E-03,+6.7279443E-03,-46.5965125E-03,+91.5811595E-03
+9.4456125E-03,+7.7211183E-03,-46.7318300E-03,+91.5846677E-03
+9.4459062E-03,+9.4611482E-03,-46.7451947E-03,+91.5855030E-03
+9.4462000E-03,+10.8937767E-03,-46.6533124E-03,+91.5938559E-03
+9.4464937E-03,+11.2865919E-03,-46.6449595E-03,+91.5754795E-03
+9.4467875E-03,+10.1228844E-03,-46.5397125E-03,+91.5890112E-03
+9.4470812E-03,+9.1530853E-03,-46.6666771E-03,+91.5925195E-03
+9.4473750E-03,+8.0876918E-03,-46.5313596E-03,+91.5846677E-03
+9.4476687E-03,+8.2421276E-03,-46.4745596E-03,+91.5811595E-03
+9.4479625E-03,+8.4970825E-03,-46.5614302E-03,+91.5803242E-03
+9.4482562E-03,+9.6825845E-03,-46.6800418E-03,+91.5676277E-03
+9.4485500E-03,+10.4815561E-03,-46.5046302E-03,+91.5768159E-03
+9.4488437E-03,+10.9930831E-03,-46.7451947E-03,+91.5776512E-03
+9.4491375E-03,+10.4540649E-03,-46.6098772E-03,+91.5925195E-03
+9.4494312E-03,+9.0634082E-03,-46.4879243E-03,+91.5933548E-03
+9.4497250E-03,+8.2120637E-03,-46.3175245E-03,+91.6017077E-03
+9.4500187E-03,+7.7127754E-03,-46.3826774E-03,+91.5789877E-03
+9.4503125E-03,+7.9607840E-03,-46.5096420E-03,+91.5811595E-03
+9.4506062E-03,+9.6182301E-03,-46.4177597E-03,+91.5868395E-03
+9.4509000E-03,+10.4707875E-03,-46.5397125E-03,+91.5803242E-03
+9.4511937E-03,+10.7373564E-03,-46.6232419E-03,+91.5654560E-03
+9.4514875E-03,+10.0744441E-03,-46.4177597E-03,+91.5754795E-03
+9.4517812E-03,+9.2380213E-03,-46.4962773E-03,+91.5824959E-03
+9.4520750E-03,+8.4296042E-03,-46.5530772E-03,+91.5798230E-03
+9.4523687E-03,+8.5330269E-03,-46.5313596E-03,+91.6003712E-03
+9.4526625E-03,+8.6562961E-03,-46.4962773E-03,+91.5925195E-03
+9.4529562E-03,+10.3308324E-03,-46.5096420E-03,+91.5933548E-03
+9.4532500E-03,+11.2958536E-03,-46.4611949E-03,+91.6038795E-03
+9.4535437E-03,+11.8793429E-03,-46.5664419E-03,+91.5868395E-03
+9.4538375E-03,+11.0390243E-03,-46.3743244E-03,+91.5890112E-03
+9.4541312E-03,+10.1596006E-03,-46.3609597E-03,+91.5925195E-03
+9.4544250E-03,+8.9615659E-03,-46.5397125E-03,+91.5868395E-03
+9.4547187E-03,+8.5333576E-03,-46.6666771E-03,+91.5824959E-03
+9.4550125E-03,+8.8568200E-03,-46.5747949E-03,+91.5733077E-03
+9.4553062E-03,+9.1967110E-03,-46.5881596E-03,+91.5789877E-03
+9.4556000E-03,+10.7068882E-03,-46.4311244E-03,+91.5811595E-03
+9.4558937E-03,+11.3228303E-03,-46.4261126E-03,+91.5868395E-03
+9.4561875E-03,+10.7421342E-03,-46.6015243E-03,+91.5824959E-03
+9.4564812E-03,+9.9485653E-03,-46.4043950E-03,+91.5733077E-03
+9.4567750E-03,+9.3543075E-03,-46.4795714E-03,+91.5855030E-03
+9.4570687E-03,+7.9390631E-03,-46.2122775E-03,+91.5981995E-03
+9.4573625E-03,+7.5090907E-03,-46.5313596E-03,+91.5868395E-03
+9.4576562E-03,+7.6441944E-03,-46.5179949E-03,+91.5933548E-03
+9.4579500E-03,+9.1078792E-03,-46.6533124E-03,+91.6060512E-03
+9.4582437E-03,+9.7878081E-03,-46.6449595E-03,+91.5990348E-03
+9.4585375E-03,+10.5170226E-03,-46.5831478E-03,+91.6038795E-03
+9.4588312E-03,+9.8907898E-03,-46.8019947E-03,+91.5890112E-03
+9.4591250E-03,+9.2667253E-03,-46.5881596E-03,+91.5881759E-03
+9.4594187E-03,+8.3601412E-03,-46.5179949E-03,+91.5711360E-03
+9.4597125E-03,+7.8321121E-03,-46.6315948E-03,+91.5776512E-03
+9.4600062E-03,+9.0937293E-03,-46.6533124E-03,+91.5925195E-03
+9.4603000E-03,+11.1721433E-03,-46.6449595E-03,+91.5890112E-03
+9.4605937E-03,+11.7567351E-03,-46.5397125E-03,+91.5925195E-03
+9.4608875E-03,+11.0312327E-03,-46.5798066E-03,+91.5911830E-03
+9.4611812E-03,+9.1597743E-03,-46.3475950E-03,+91.6003712E-03
+9.4614750E-03,+7.8033345E-03,-46.6315948E-03,+91.5925195E-03
+9.4617687E-03,+7.5461744E-03,-46.6098772E-03,+91.5803242E-03
+9.4620625E-03,+7.7039914E-03,-46.5965125E-03,+91.5697995E-03
+9.4623562E-03,+9.2394178E-03,-46.6883948E-03,+91.5868395E-03
+9.4626500E-03,+10.6285677E-03,-46.6098772E-03,+91.5846677E-03
+9.4629437E-03,+11.7434673E-03,-46.5530772E-03,+91.5811595E-03
+9.4632375E-03,+11.7809186E-03,-46.5530772E-03,+91.5868395E-03
+9.4635312E-03,+10.5802009E-03,-46.5747949E-03,+91.5890112E-03
+9.4638250E-03,+8.5845912E-03,-46.6315948E-03,+91.5946912E-03
+9.4641187E-03,+8.1644687E-03,-46.6315948E-03,+91.5925195E-03
+9.4644125E-03,+8.2200758E-03,-46.6098772E-03,+91.5911830E-03
+9.4647062E-03,+9.0073600E-03,-46.5313596E-03,+91.5981995E-03
