x-axis,1,2,3
second,Volt,Volt,Volt
+89.400000E-06,,,
+89.402000E-06,,,
+89.404000E-06,,,
+89.406000E-06,-23.789933796E-03,-110.372172505E-03,+46.252747620E-03
+89.408000E-06,-23.869079524E-03,-110.686242853E-03,+46.318702393E-03
+89.410000E-06,-23.928438820E-03,-110.175878537E-03,+46.318702393E-03
+89.412000E-06,-23.983734831E-03,-110.234766727E-03,+46.259814203E-03
+89.414000E-06,-24.056167305E-03,-110.804019234E-03,+46.226836816E-03
+89.416000E-06,-24.142202951E-03,-110.882536821E-03,+46.261777143E-03
+89.418000E-06,-24.222408666E-03,-110.058102156E-03,+46.311243223E-03
+89.420000E-06,-24.273111398E-03,-109.253296889E-03,+46.312028398E-03
+89.422000E-06,-24.313567585E-03,-108.330715240E-03,+46.253532796E-03
+89.424000E-06,-24.369216924E-03,-107.525909973E-03,+46.228799756E-03
+89.426000E-06,-24.444476032E-03,-108.664414986E-03,+46.264917846E-03
+89.428000E-06,-24.520971791E-03,-110.215137331E-03,+46.311635811E-03
+89.430000E-06,-24.579977758E-03,-110.961054408E-03,+46.303784052E-03
+89.432000E-06,-24.631563812E-03,-110.627354663E-03,+46.246858801E-03
+89.434000E-06,-24.686153165E-03,-110.018843363E-03,+46.236258927E-03
+89.436000E-06,-24.748692423E-03,-108.428862224E-03,+46.277088072E-03
+89.438000E-06,-24.814764972E-03,-107.113692640E-03,+46.315954278E-03
+89.440000E-06,-24.867587679E-03,-107.918497908E-03,+46.293184178E-03
+89.442000E-06,-24.919703728E-03,-110.116990347E-03,+46.242540334E-03
+89.444000E-06,-24.971996441E-03,-110.274025521E-03,+46.238614455E-03
+89.446000E-06,-25.023052502E-03,-108.468121018E-03,+46.280228776E-03
+89.448000E-06,-25.078878506E-03,-107.663315750E-03,+46.313598750E-03
+89.450000E-06,-25.136647821E-03,-110.195507934E-03,+46.290043474E-03
+89.452000E-06,-25.200777060E-03,-112.904364689E-03,+46.239399630E-03
+89.454000E-06,-25.264552970E-03,-112.138818215E-03,+46.232725635E-03
+89.456000E-06,-25.321968956E-03,-109.920696379E-03,+46.279443600E-03
+89.458000E-06,-25.373555010E-03,-109.626255427E-03,+46.319094981E-03
+89.460000E-06,-25.424434407E-03,-109.901066982E-03,+46.282584303E-03
+89.462000E-06,-25.488916975E-03,-109.115891111E-03,+46.218985058E-03
+89.464000E-06,-25.556579506E-03,-107.898868511E-03,+46.229977520E-03
+89.466000E-06,-25.605868921E-03,-108.291456447E-03,+46.295932293E-03
+89.468000E-06,-25.647561760E-03,-110.156249140E-03,+46.326946740E-03
+89.470000E-06,-25.695967852E-03,-111.510677518E-03,+46.286117595E-03
+89.472000E-06,-25.762747060E-03,-111.118089582E-03,+46.216629530E-03
+89.474000E-06,-25.828289616E-03,-110.077731553E-03,+46.215844354E-03
+89.476000E-06,-25.873515746E-03,-109.802919998E-03,+46.280228776E-03
+89.478000E-06,-25.903548723E-03,-110.195507934E-03,+46.333228147E-03
+89.480000E-06,-25.936761663E-03,-109.842178792E-03,+46.295539705E-03
+89.482000E-06,-25.989231040E-03,-108.409232827E-03,+46.228799756E-03
+89.484000E-06,-26.050533646E-03,-107.251098418E-03,+46.217414706E-03
+89.486000E-06,-26.094169795E-03,-108.212938860E-03,+46.274732545E-03
+89.488000E-06,-26.115369544E-03,-111.255495360E-03,+46.329694856E-03
+89.490000E-06,-26.130032703E-03,-110.705872250E-03,+46.303391464E-03
+89.492000E-06,-26.160242345E-03,-108.095162479E-03,+46.232725635E-03
+89.494000E-06,-26.210061754E-03,-108.566268002E-03,+46.212311063E-03
+89.496000E-06,-26.261117815E-03,-110.882536821E-03,+46.268451138E-03
+89.498000E-06,-26.292210780E-03,-111.471418724E-03,+46.342650257E-03
+89.500000E-06,-26.301927331E-03,-108.487750414E-03,+46.310850635E-03
+89.502000E-06,-26.325070390E-03,-106.681845911E-03,+46.239007042E-03
+89.504000E-06,-26.362876608E-03,-107.447392386E-03,+46.210348123E-03
+89.506000E-06,-26.408632732E-03,-110.058102157E-03,+46.257066087E-03
+89.508000E-06,-26.447852267E-03,-111.373271741E-03,+46.324591212E-03
+89.510000E-06,-26.471171990E-03,-110.548837076E-03,+46.311243223E-03
+89.512000E-06,-26.493608390E-03,-109.174779301E-03,+46.253140208E-03
+89.514000E-06,-26.526114671E-03,-108.998114731E-03,+46.217807294E-03
+89.516000E-06,-26.573637441E-03,-109.410332063E-03,+46.246858801E-03
+89.518000E-06,-26.623103521E-03,-108.782191366E-03,+46.306532167E-03
+89.520000E-06,-26.660203081E-03,-108.271827050E-03,+46.308887695E-03
+89.522000E-06,-26.681932823E-03,-108.075533082E-03,+46.244895861E-03
+89.524000E-06,-26.707902515E-03,-107.368874798E-03,+46.233118223E-03
+89.526000E-06,-26.748358702E-03,-108.232568257E-03,+46.268451138E-03
+89.528000E-06,-26.793231503E-03,-110.293654918E-03,+46.312028398E-03
+89.530000E-06,-26.826091113E-03,-110.980683805E-03,+46.303784052E-03
+89.532000E-06,-26.844817558E-03,-109.253296888E-03,+46.252355032E-03
+89.534000E-06,-26.870433920E-03,-107.761462734E-03,+46.234295987E-03
+89.536000E-06,-26.902233543E-03,-108.271827050E-03,+46.268451138E-03
+89.538000E-06,-26.940923084E-03,-108.369974034E-03,+46.303784052E-03
+89.540000E-06,-26.976785992E-03,-107.820350924E-03,+46.288865710E-03
+89.542000E-06,-27.000989038E-03,-108.978485334E-03,+46.255888324E-03
+89.544000E-06,-27.014945539E-03,-109.704773015E-03,+46.257066087E-03
+89.546000E-06,-27.037558604E-03,-109.508479047E-03,+46.277088072E-03
+89.548000E-06,-27.072714854E-03,-109.881437586E-03,+46.288080534E-03
+89.550000E-06,-27.105751129E-03,-110.077731553E-03,+46.267273374E-03
+89.552000E-06,-27.128364194E-03,-110.509578282E-03,+46.253140208E-03
+89.554000E-06,-27.149563942E-03,-110.705872250E-03,+46.262562319E-03
+89.556000E-06,-27.172000343E-03,-109.901066982E-03,+46.277873248E-03
+89.558000E-06,-27.194613408E-03,-109.371073269E-03,+46.285332419E-03
+89.560000E-06,-27.204859953E-03,-108.762561969E-03,+46.272377017E-03
+89.562000E-06,-27.215813157E-03,-107.447392385E-03,+46.253925384E-03
+89.564000E-06,-27.238249557E-03,-106.858510482E-03,+46.268058550E-03
+89.566000E-06,-27.265985895E-03,-107.898868511E-03,+46.292399002E-03
+89.568000E-06,-27.283122358E-03,-109.704773015E-03,+46.292791590E-03
+89.570000E-06,-27.297432188E-03,-111.451789328E-03,+46.270414077E-03
+89.572000E-06,-27.314038658E-03,-111.255495360E-03,+46.264525258E-03
+89.574000E-06,-27.337181717E-03,-110.097360950E-03,+46.269628901E-03
+89.576000E-06,-27.357498142E-03,-109.528108443E-03,+46.275910308E-03
+89.578000E-06,-27.372337966E-03,-109.881437586E-03,+46.276695484E-03
+89.580000E-06,-27.377814568E-03,-110.077731553E-03,+46.260206791E-03
+89.582000E-06,-27.389474430E-03,-108.585897398E-03,+46.263347494E-03
+89.584000E-06,-27.412087495E-03,-107.133322037E-03,+46.269628901E-03
+89.586000E-06,-27.437350529E-03,-108.605526796E-03,+46.264917846E-03
+89.588000E-06,-27.451660359E-03,-112.138818215E-03,+46.264132670E-03
+89.590000E-06,-27.448303732E-03,-111.098460185E-03,+46.269628901E-03
+89.592000E-06,-27.447597074E-03,-107.722203940E-03,+46.273162193E-03
+89.594000E-06,-27.467383506E-03,-108.232568257E-03,+46.262562319E-03
+89.596000E-06,-27.501126439E-03,-111.530306915E-03,+46.247251389E-03
+89.598000E-06,-27.527802789E-03,-111.981783040E-03,+46.256280912E-03
+89.600000E-06,-27.528509447E-03,-108.821450159E-03,+46.271591841E-03
+89.602000E-06,-27.514552946E-03,-106.446293149E-03,+46.290043474E-03
+89.604000E-06,-27.515082940E-03,-107.133322037E-03,+46.270414077E-03
+89.606000E-06,-27.527802789E-03,-109.194408699E-03,+46.237044103E-03
+89.608000E-06,-27.546882563E-03,-109.469220253E-03,+46.238221867E-03
+89.610000E-06,-27.548119215E-03,-108.919597143E-03,+46.277480660E-03
+89.612000E-06,-27.534339378E-03,-109.940325776E-03,+46.315954278E-03
+89.614000E-06,-27.529922764E-03,-111.196607170E-03,+46.287687946E-03
+89.616000E-06,-27.534516043E-03,-110.804019234E-03,+46.222518349E-03
+89.618000E-06,-27.546352569E-03,-109.488849650E-03,+46.219377646E-03
+89.620000E-06,-27.541759290E-03,-108.487750414E-03,+46.269628901E-03
+89.622000E-06,-27.524799491E-03,-107.957756701E-03,+46.317917218E-03
+89.624000E-06,-27.515082940E-03,-108.036274289E-03,+46.296324881E-03
+89.626000E-06,-27.515259604E-03,-108.468121018E-03,+46.237436691E-03
+89.628000E-06,-27.509253009E-03,-110.313284315E-03,+46.224088701E-03
+89.630000E-06,-27.492293210E-03,-111.392901137E-03,+46.272769605E-03
+89.632000E-06,-27.480103355E-03,-110.823648630E-03,+46.326554152E-03
+89.634000E-06,-27.466323518E-03,-110.175878537E-03,+46.294754529E-03
+89.636000E-06,-27.455900308E-03,-108.998114730E-03,+46.226051641E-03
+89.638000E-06,-27.446007093E-03,-107.329616004E-03,+46.211525887E-03
+89.640000E-06,-27.432403921E-03,-107.388504195E-03,+46.273947369E-03
+89.642000E-06,-27.413324147E-03,-109.626255428E-03,+46.332442971E-03
+89.644000E-06,-27.396011019E-03,-110.627354663E-03,+46.320272745E-03
+89.646000E-06,-27.371631308E-03,-108.664414985E-03,+46.235081163E-03
+89.648000E-06,-27.352374870E-03,-108.782191366E-03,+46.201318601E-03
+89.650000E-06,-27.330291799E-03,-110.902166218E-03,+46.266880786E-03
+89.652000E-06,-27.307678733E-03,-111.883636057E-03,+46.342650257E-03
+89.654000E-06,-27.298668840E-03,-110.882536821E-03,+46.313598750E-03
+89.656000E-06,-27.275525782E-03,-109.626255427E-03,+46.228407168E-03
+89.658000E-06,-27.246376127E-03,-109.744031808E-03,+46.211525887E-03
+89.660000E-06,-27.211749871E-03,-110.470319489E-03,+46.265703022E-03
+89.662000E-06,-27.177653609E-03,-109.881437585E-03,+46.314776514E-03
+89.664000E-06,-27.154863880E-03,-107.859609717E-03,+46.306924755E-03
+89.666000E-06,-27.131190827E-03,-107.997015495E-03,+46.244503274E-03
+89.668000E-06,-27.098507881E-03,-110.529207680E-03,+46.208385183E-03
+89.670000E-06,-27.059641676E-03,-111.844377263E-03,+46.251177268E-03
+89.672000E-06,-27.021305464E-03,-111.294754153E-03,+46.318309805E-03
+89.674000E-06,-26.991802481E-03,-109.959955172E-03,+46.315954278E-03
+89.676000E-06,-26.964772801E-03,-109.371073269E-03,+46.245681037E-03
+89.678000E-06,-26.936683134E-03,-109.449590857E-03,+46.205637068E-03
+89.680000E-06,-26.903470195E-03,-108.919597143E-03,+46.239792218E-03
+89.682000E-06,-26.865840641E-03,-108.016644892E-03,+46.300250760E-03
+89.684000E-06,-26.831391050E-03,-107.349245401E-03,+46.327339328E-03
+89.686000E-06,-26.808601320E-03,-109.194408699E-03,+46.286117595E-03
+89.688000E-06,-26.786164920E-03,-112.904364690E-03,+46.222125761E-03
+89.690000E-06,-26.762315203E-03,-111.471418724E-03,+46.227621992E-03
+89.692000E-06,-26.723448997E-03,-106.937028068E-03,+46.290043474E-03
+89.694000E-06,-26.691119381E-03,-107.565168767E-03,+46.320665333E-03
+89.696000E-06,-26.663736372E-03,-112.688441326E-03,+46.290828650E-03
+89.698000E-06,-26.638120009E-03,-113.120288053E-03,+46.231155284E-03
+89.700000E-06,-26.602787095E-03,-108.134421271E-03,+46.206814832E-03
+89.702000E-06,-26.567277516E-03,-105.091864772E-03,+46.256673500E-03
+89.704000E-06,-26.528234646E-03,-107.094063244E-03,+46.319094981E-03
+89.706000E-06,-26.494845042E-03,-110.725501648E-03,+46.324198624E-03
+89.708000E-06,-26.466048717E-03,-111.334012947E-03,+46.257851263E-03
+89.710000E-06,-26.440255690E-03,-109.567367236E-03,+46.209955535E-03
+89.712000E-06,-26.411106036E-03,-108.625156192E-03,+46.242932922E-03
+89.714000E-06,-26.372769824E-03,-109.763661205E-03,+46.319880157E-03
+89.716000E-06,-26.329487004E-03,-110.627354663E-03,+46.327339328E-03
+89.718000E-06,-26.298040710E-03,-109.901066982E-03,+46.266488198E-03
+89.720000E-06,-26.268361062E-03,-107.997015494E-03,+46.211133299E-03
+89.722000E-06,-26.232498155E-03,-107.604427560E-03,+46.231940460E-03
+89.724000E-06,-26.187095360E-03,-107.997015495E-03,+46.307317343E-03
+89.726000E-06,-26.142929217E-03,-108.742932573E-03,+46.345005785E-03
+89.728000E-06,-26.100353055E-03,-109.665514221E-03,+46.285725007E-03
+89.730000E-06,-26.059190210E-03,-110.607725267E-03,+46.210740711E-03
+89.732000E-06,-26.025623942E-03,-111.000313202E-03,+46.204066716E-03
+89.734000E-06,-25.983224445E-03,-109.665514220E-03,+46.275910308E-03
+89.736000E-06,-25.929518415E-03,-108.369974033E-03,+46.335583675E-03
+89.738000E-06,-25.879345677E-03,-107.525909972E-03,+46.301428524E-03
+89.740000E-06,-25.833589553E-03,-108.939226541E-03,+46.215844354E-03
+89.742000E-06,-25.797019987E-03,-111.491048122E-03,+46.207207420E-03
+89.744000E-06,-25.755503813E-03,-111.137718979E-03,+46.279051012E-03
+89.746000E-06,-25.700737796E-03,-108.841079555E-03,+46.335976263E-03
+89.748000E-06,-25.645441785E-03,-108.252197653E-03,+46.301428524E-03
+89.750000E-06,-25.590322439E-03,-110.411431299E-03,+46.232333048E-03
+89.752000E-06,-25.541386353E-03,-111.549936312E-03,+46.226051641E-03
+89.754000E-06,-25.501990154E-03,-110.568466472E-03,+46.267665962E-03
+89.756000E-06,-25.456410694E-03,-109.312185079E-03,+46.303784052E-03
+89.758000E-06,-25.394931424E-03,-108.605526795E-03,+46.297110057E-03
+89.760000E-06,-25.330095526E-03,-108.801820763E-03,+46.254317972E-03
+89.762000E-06,-25.272502876E-03,-108.566268001E-03,+46.237436691E-03
+89.764000E-06,-25.233283341E-03,-107.290357211E-03,+46.271591841E-03
+89.766000E-06,-25.191590502E-03,-107.251098418E-03,+46.301428524E-03
+89.768000E-06,-25.150427657E-03,-109.057002922E-03,+46.293969353E-03
+89.770000E-06,-25.093365001E-03,-110.823648631E-03,+46.262169731E-03
+89.772000E-06,-25.034005705E-03,-111.451789328E-03,+46.257851263E-03
+89.774000E-06,-24.987012929E-03,-110.686242853E-03,+46.268843726E-03
+89.776000E-06,-24.947970059E-03,-109.881437585E-03,+46.262169731E-03
+89.778000E-06,-24.904863904E-03,-109.645884824E-03,+46.269236313E-03
+89.780000E-06,-24.846211266E-03,-109.214038095E-03,+46.278658424E-03
+89.782000E-06,-24.778018742E-03,-108.055903685E-03,+46.274339957E-03
+89.784000E-06,-24.717422794E-03,-107.074433846E-03,+46.276302896E-03
+89.786000E-06,-24.670430018E-03,-108.193309463E-03,+46.262954907E-03
+89.788000E-06,-24.630150496E-03,-111.118089584E-03,+46.255495736E-03
+89.790000E-06,-24.570791200E-03,-110.548837075E-03,+46.265703022E-03
+89.792000E-06,-24.502422011E-03,-107.525909971E-03,+46.278265836E-03
+89.794000E-06,-24.438116107E-03,-107.800721528E-03,+46.268843726E-03
+89.796000E-06,-24.393066642E-03,-111.196607171E-03,+46.253532796E-03
+89.798000E-06,-24.350667144E-03,-111.255495360E-03,+46.273554781E-03
+89.800000E-06,-24.287244564E-03,-107.761462732E-03,+46.298680409E-03
+89.802000E-06,-24.215872077E-03,-105.621858485E-03,+46.296324881E-03
+89.804000E-06,-24.140082976E-03,-106.897769277E-03,+46.276302896E-03
+89.806000E-06,-24.073657097E-03,-108.899967748E-03,+46.254317972E-03
+89.808000E-06,-24.025957663E-03,-109.704773015E-03,+46.262562319E-03
+89.810000E-06,-23.970838317E-03,-109.508479047E-03,+46.297110057E-03
+89.812000E-06,-23.896992526E-03,-109.331814476E-03,+46.301821112E-03
+89.814000E-06,-23.814490172E-03,-109.449590857E-03,+46.271591841E-03
+89.816000E-06,-23.739761058E-03,-109.194408698E-03,+46.248036565E-03
+89.818000E-06,-23.674925161E-03,-109.017744127E-03,+46.264525258E-03
+89.820000E-06,-23.610089263E-03,-108.448491621E-03,+46.292006414E-03
+89.822000E-06,-23.531473529E-03,-107.270727814E-03,+46.279051012E-03
+89.824000E-06,-23.443494573E-03,-107.113692640E-03,+46.260206791E-03
+89.826000E-06,-23.359402237E-03,-107.938127305E-03,+46.255103148E-03
+89.828000E-06,-23.276016559E-03,-109.567367238E-03,+46.282191715E-03
+89.830000E-06,-23.192630882E-03,-110.745131044E-03,+46.299858172E-03
+89.832000E-06,-23.111718508E-03,-109.920696379E-03,+46.282584303E-03
+89.834000E-06,-23.031159464E-03,-109.645884824E-03,+46.246858801E-03
+89.836000E-06,-22.949363768E-03,-108.801820762E-03,+46.250392093E-03
+89.838000E-06,-22.872338015E-03,-107.584798162E-03,+46.287295359E-03
+89.840000E-06,-22.787362356E-03,-108.389603431E-03,+46.303391464E-03
+89.842000E-06,-22.696203437E-03,-110.450690093E-03,+46.280228776E-03
+89.844000E-06,-22.608047816E-03,-110.450690092E-03,+46.246466213E-03
+89.846000E-06,-22.510528973E-03,-108.625156191E-03,+46.242147746E-03
+89.848000E-06,-22.422726681E-03,-109.331814476E-03,+46.277873248E-03
+89.850000E-06,-22.338987675E-03,-110.568466473E-03,+46.310458047E-03
+89.852000E-06,-22.246945433E-03,-109.901066982E-03,+46.295147117E-03
+89.854000E-06,-22.157376496E-03,-109.096261714E-03,+46.256673500E-03
+89.856000E-06,-22.073284160E-03,-109.959955173E-03,+46.248821741E-03
+89.858000E-06,-21.976295311E-03,-110.921795615E-03,+46.281406540E-03
+89.860000E-06,-21.874889847E-03,-109.390702665E-03,+46.297110057E-03
+89.862000E-06,-21.770657750E-03,-106.956657465E-03,+46.279443600E-03
+89.864000E-06,-21.669782280E-03,-106.917398673E-03,+46.260206791E-03
+89.866000E-06,-21.574383412E-03,-108.742932574E-03,+46.252355032E-03
+89.868000E-06,-21.479691202E-03,-110.646984061E-03,+46.268058550E-03
+89.870000E-06,-21.378815732E-03,-110.745131044E-03,+46.286902771E-03
+89.872000E-06,-21.273346983E-03,-109.763661204E-03,+46.297502645E-03
+89.874000E-06,-21.164874936E-03,-109.351443872E-03,+46.287687946E-03
+89.876000E-06,-21.063469472E-03,-109.861808189E-03,+46.250392093E-03
+89.878000E-06,-20.969307256E-03,-110.215137331E-03,+46.242540334E-03
+89.880000E-06,-20.862425191E-03,-108.742932572E-03,+46.258636439E-03
+89.882000E-06,-20.742469947E-03,-107.565168766E-03,+46.285725007E-03
+89.884000E-06,-20.630817938E-03,-107.015545656E-03,+46.313991338E-03
+89.886000E-06,-20.525525854E-03,-108.605526796E-03,+46.284547243E-03
+89.888000E-06,-20.423413732E-03,-110.902166219E-03,+46.244110686E-03
+89.890000E-06,-20.305578463E-03,-109.959955172E-03,+46.239007042E-03
+89.892000E-06,-20.184209903E-03,-107.584798162E-03,+46.280228776E-03
+89.894000E-06,-20.063901330E-03,-107.820350924E-03,+46.316346866E-03
+89.896000E-06,-19.954899290E-03,-110.372172506E-03,+46.298680409E-03
+89.898000E-06,-19.848723882E-03,-111.137718979E-03,+46.243325510E-03
+89.900000E-06,-19.732831924E-03,-108.860708952E-03,+46.208385183E-03
+89.902000E-06,-19.611816693E-03,-106.465922545E-03,+46.253925384E-03
+89.904000E-06,-19.489034816E-03,-106.721104705E-03,+46.332442971E-03
+89.906000E-06,-19.372259534E-03,-108.860708955E-03,+46.334405911E-03
+89.908000E-06,-19.255130924E-03,-110.529207680E-03,+46.261777143E-03
+89.910000E-06,-19.135352345E-03,-109.901066982E-03,+46.210348123E-03
+89.912000E-06,-19.001617265E-03,-109.233667492E-03,+46.253925384E-03
+89.914000E-06,-18.872122134E-03,-109.429961460E-03,+46.321450509E-03
+89.916000E-06,-18.747220282E-03,-109.606626031E-03,+46.319094981E-03
+89.918000E-06,-18.622848424E-03,-109.351443872E-03,+46.257066087E-03
+89.920000E-06,-18.498476566E-03,-108.762561969E-03,+46.201711189E-03
+89.922000E-06,-18.371631404E-03,-108.134421272E-03,+46.239007042E-03
+89.924000E-06,-18.246906217E-03,-107.918497908E-03,+46.319487569E-03
+89.926000E-06,-18.118824403E-03,-108.311085844E-03,+46.330087443E-03
+89.928000E-06,-17.986502640E-03,-109.057002921E-03,+46.269628901E-03
+89.930000E-06,-17.853650882E-03,-110.254396125E-03,+46.206029656E-03
+89.932000E-06,-17.730692341E-03,-111.098460186E-03,+46.228407168E-03
+89.934000E-06,-17.606673812E-03,-110.784389837E-03,+46.298680409E-03
+89.936000E-06,-17.474882042E-03,-109.214038094E-03,+46.319094981E-03
+89.938000E-06,-17.344503589E-03,-107.074433845E-03,+46.271199253E-03
+89.940000E-06,-17.207058553E-03,-107.211839624E-03,+46.206422244E-03
+89.942000E-06,-17.073500137E-03,-110.156249142E-03,+46.233903399E-03
+89.944000E-06,-16.943121684E-03,-110.843278028E-03,+46.296717469E-03
+89.946000E-06,-16.803203343E-03,-108.684044381E-03,+46.315954278E-03
+89.948000E-06,-16.660635035E-03,-108.644785589E-03,+46.273554781E-03
+89.950000E-06,-16.514180105E-03,-110.745131045E-03,+46.234295987E-03
+89.952000E-06,-16.379561702E-03,-111.589195105E-03,+46.257066088E-03
+89.954000E-06,-16.252893205E-03,-110.568466472E-03,+46.302213700E-03
+89.956000E-06,-16.111031554E-03,-109.312185078E-03,+46.302606288E-03
+89.958000E-06,-15.968109916E-03,-109.292555682E-03,+46.255103148E-03
+89.960000E-06,-15.824128291E-03,-109.861808189E-03,+46.223696113E-03
+89.962000E-06,-15.679970001E-03,-108.841079556E-03,+46.239399630E-03
+89.964000E-06,-15.539521667E-03,-107.309986607E-03,+46.302606288E-03
+89.966000E-06,-15.400839979E-03,-107.800721528E-03,+46.324983800E-03
+89.968000E-06,-15.258624999E-03,-109.822549397E-03,+46.277480660E-03
+89.970000E-06,-15.122063286E-03,-111.334012948E-03,+46.229192344E-03
+89.972000E-06,-14.986384895E-03,-110.961054408E-03,+46.248036565E-03
+89.974000E-06,-14.848233201E-03,-109.233667491E-03,+46.287295359E-03
+89.976000E-06,-14.706018221E-03,-109.135520508E-03,+46.308887695E-03
+89.978000E-06,-14.564509900E-03,-109.979584570E-03,+46.283762067E-03
+89.980000E-06,-14.428124851E-03,-110.097360950E-03,+46.230370108E-03
+89.982000E-06,-14.288736505E-03,-108.585897397E-03,+46.231547872E-03
+89.984000E-06,-14.150054816E-03,-107.545539369E-03,+46.298680409E-03
+89.986000E-06,-14.009076489E-03,-108.939226541E-03,+46.332835559E-03
+89.988000E-06,-13.872691440E-03,-111.491048123E-03,+46.300643348E-03
+89.990000E-06,-13.746906266E-03,-111.137718979E-03,+46.235081163E-03
+89.992000E-06,-13.611404540E-03,-108.291456445E-03,+46.223696113E-03
+89.994000E-06,-13.465656269E-03,-108.585897399E-03,+46.283762067E-03
+89.996000E-06,-13.326091257E-03,-111.432159933E-03,+46.322628273E-03
+89.998000E-06,-13.195006146E-03,-111.412530534E-03,+46.288473122E-03
+90.000000E-06,-13.068690978E-03,-108.468121016E-03,+46.211525887E-03
+90.002000E-06,-12.928065979E-03,-106.132222800E-03,+46.198570485E-03
+90.004000E-06,-12.775427790E-03,-106.819251689E-03,+46.275125133E-03
+90.006000E-06,-12.620139632E-03,-109.842178794E-03,+46.346576137E-03
+90.008000E-06,-12.483224589E-03,-111.078830789E-03,+46.319487569E-03
+90.010000E-06,-12.358852731E-03,-110.234766727E-03,+46.242932922E-03
+90.012000E-06,-12.223527670E-03,-107.761462732E-03,+46.207992596E-03
+90.014000E-06,-12.071596139E-03,-108.527009209E-03,+46.253925384E-03
+90.016000E-06,-11.920017937E-03,-110.607725268E-03,+46.318702393E-03
+90.018000E-06,-11.788579496E-03,-110.745131043E-03,+46.315954278E-03
+90.020000E-06,-11.658731037E-03,-108.664414984E-03,+46.240184806E-03
+90.022000E-06,-11.513866088E-03,-106.995916259E-03,+46.210348123E-03
+90.024000E-06,-11.368117817E-03,-107.349245402E-03,+46.270806665E-03
+90.026000E-06,-11.220072907E-03,-109.214038097E-03,+46.334798499E-03
+90.028000E-06,-11.084041187E-03,-110.980683806E-03,+46.320665333E-03
+90.030000E-06,-10.965852589E-03,-111.059201392E-03,+46.251569856E-03
+90.032000E-06,-10.848723979E-03,-110.489948885E-03,+46.211918475E-03
+90.034000E-06,-10.717815532E-03,-109.861808188E-03,+46.251569856E-03
+90.036000E-06,-10.576307210E-03,-108.684044381E-03,+46.299072997E-03
+90.038000E-06,-10.450875365E-03,-107.565168765E-03,+46.293969353E-03
+90.040000E-06,-10.339046691E-03,-107.290357211E-03,+46.245681037E-03
+90.042000E-06,-10.225098043E-03,-109.469220255E-03,+46.222518349E-03
+90.044000E-06,-10.092069621E-03,-110.195507934E-03,+46.266880786E-03
+90.046000E-06,-9.950207971E-03,-108.330715239E-03,+46.306532167E-03
+90.048000E-06,-9.816119561E-03,-108.330715241E-03,+46.286510183E-03
+90.050000E-06,-9.694397672E-03,-110.431060697E-03,+46.255495736E-03
+90.052000E-06,-9.574265764E-03,-111.687342090E-03,+46.251569856E-03
+90.054000E-06,-9.447950595E-03,-110.588095868E-03,+46.281799127E-03
+90.056000E-06,-9.314568844E-03,-108.762561968E-03,+46.297110057E-03
+90.058000E-06,-9.176593814E-03,-108.527009208E-03,+46.279443600E-03
+90.060000E-06,-9.039325443E-03,-108.801820763E-03,+46.243718098E-03
+90.062000E-06,-8.904707040E-03,-108.016644891E-03,+46.249999505E-03
+90.064000E-06,-8.769205314E-03,-106.662216513E-03,+46.290043474E-03
+90.066000E-06,-8.634763575E-03,-107.035175054E-03,+46.295539705E-03
+90.068000E-06,-8.504208457E-03,-109.312185081E-03,+46.265310434E-03
+90.070000E-06,-8.376656637E-03,-110.862907425E-03,+46.247251389E-03
+90.072000E-06,-8.251931450E-03,-110.489948885E-03,+46.270021489E-03
+90.074000E-06,-8.117666376E-03,-109.174779301E-03,+46.295539705E-03
+90.076000E-06,-7.980751334E-03,-108.860708953E-03,+46.282191715E-03
+90.078000E-06,-7.841186322E-03,-109.115891112E-03,+46.246858801E-03
+90.080000E-06,-7.709924546E-03,-108.605526795E-03,+46.236651515E-03
+90.082000E-06,-7.579899422E-03,-107.152951433E-03,+46.260599379E-03
+90.084000E-06,-7.437507778E-03,-106.544440133E-03,+46.288865710E-03
+90.086000E-06,-7.290876184E-03,-108.271827052E-03,+46.284154655E-03
+90.088000E-06,-7.148837869E-03,-110.175878539E-03,+46.266488198E-03
+90.090000E-06,-7.005032908E-03,-109.174779301E-03,+46.264132670E-03
+90.092000E-06,-6.858401314E-03,-107.624056955E-03,+46.277873248E-03
+90.094000E-06,-6.707706435E-03,-108.664414987E-03,+46.274339957E-03
+90.096000E-06,-6.557718214E-03,-111.451789330E-03,+46.259814203E-03
+90.098000E-06,-6.406670006E-03,-111.137718978E-03,+46.257851263E-03
+90.100000E-06,-6.251735177E-03,-107.604427557E-03,+46.274339957E-03
+90.102000E-06,-6.095033703E-03,-105.739634865E-03,+46.287687946E-03
+90.104000E-06,-5.930735652E-03,-106.642587119E-03,+46.270021489E-03
+90.106000E-06,-5.771560874E-03,-108.860708955E-03,+46.250784681E-03
+90.108000E-06,-5.623162634E-03,-110.116990348E-03,+46.270414077E-03
+90.110000E-06,-5.473704407E-03,-109.842178792E-03,+46.295539705E-03
+90.112000E-06,-5.322656199E-03,-109.371073269E-03,+46.298680409E-03
+90.114000E-06,-5.160301458E-03,-109.724402412E-03,+46.254710560E-03
+90.116000E-06,-4.996356736E-03,-109.920696379E-03,+46.218199882E-03
+90.118000E-06,-4.836121970E-03,-109.253296888E-03,+46.255103148E-03
+90.120000E-06,-4.686310414E-03,-108.193309462E-03,+46.315954278E-03
+90.122000E-06,-4.534202218E-03,-107.231469020E-03,+46.321057921E-03
+90.124000E-06,-4.379090725E-03,-106.838881085E-03,+46.271199253E-03
+90.126000E-06,-4.222389251E-03,-107.761462735E-03,+46.225659053E-03
+90.128000E-06,-4.060564504E-03,-109.135520509E-03,+46.255888324E-03
+90.130000E-06,-3.907926314E-03,-109.861808189E-03,+46.304961816E-03
+90.132000E-06,-3.762884702E-03,-109.665514221E-03,+46.313991338E-03
+90.134000E-06,-3.617489760E-03,-109.351443872E-03,+46.262169731E-03
+90.136000E-06,-3.464498241E-03,-108.212938859E-03,+46.218985058E-03
+90.138000E-06,-3.309210083E-03,-106.819251688E-03,+46.244110686E-03
+90.140000E-06,-3.156218565E-03,-107.604427561E-03,+46.295147117E-03
+90.142000E-06,-3.007290332E-03,-109.940325778E-03,+46.307317343E-03
+90.144000E-06,-2.860128744E-03,-109.979584569E-03,+46.272377017E-03
+90.146000E-06,-2.709433865E-03,-108.291456445E-03,+46.220555409E-03
+90.148000E-06,-2.556972340E-03,-108.468121018E-03,+46.235866339E-03
+90.150000E-06,-2.410517411E-03,-110.725501649E-03,+46.282976891E-03
+90.152000E-06,-2.257525892E-03,-110.764760440E-03,+46.308495107E-03
+90.154000E-06,-2.102237734E-03,-109.901066981E-03,+46.289258298E-03
+90.156000E-06,-1.955429476E-03,-108.821450159E-03,+46.233903399E-03
+90.158000E-06,-1.813567825E-03,-109.233667492E-03,+46.231940460E-03
+90.160000E-06,-1.654923041E-03,-109.724402412E-03,+46.262954907E-03
+90.162000E-06,-1.490094996E-03,-108.271827049E-03,+46.292006414E-03
+90.164000E-06,-1.334630174E-03,-107.094063243E-03,+46.303784052E-03
+90.166000E-06,-1.187998580E-03,-107.643686354E-03,+46.269236313E-03
+90.168000E-06,-1.046136929E-03,-110.077731555E-03,+46.250392093E-03
+90.170000E-06,-893.675404E-06,-110.823648631E-03,+46.262169731E-03
+90.172000E-06,-730.967335E-06,-108.958855935E-03,+46.288865710E-03
+90.174000E-06,-565.785961E-06,-107.859609717E-03,+46.295147117E-03
+90.176000E-06,-407.847834E-06,-109.665514223E-03,+46.276302896E-03
+90.178000E-06,-259.626259E-06,-111.176977774E-03,+46.251569856E-03
+90.180000E-06,-100.274816E-06,-109.567367235E-03,+46.248429153E-03
+90.182000E-06,+75.683097E-06,-106.976286861E-03,+46.270414077E-03
+90.184000E-06,+259.944244E-06,-106.642587118E-03,+46.295539705E-03
+90.186000E-06,+426.538934E-06,-109.390702669E-03,+46.279443600E-03
+90.188000E-06,+578.117136E-06,-112.256594598E-03,+46.257458675E-03
+90.190000E-06,+731.638649E-06,-109.586996631E-03,+46.260206791E-03
+90.192000E-06,+906.713238E-06,-106.407034354E-03,+46.285725007E-03
+90.194000E-06,+1.088501082E-03,-107.938127307E-03,+46.294754529E-03
+90.196000E-06,+1.258452399E-03,-111.373271744E-03,+46.276302896E-03
+90.198000E-06,+1.411797247E-03,-111.137718978E-03,+46.254317972E-03
+90.200000E-06,+1.572915336E-03,-108.291456444E-03,+46.254317972E-03
+90.202000E-06,+1.746576609E-03,-105.975187625E-03,+46.276695484E-03
+90.204000E-06,+1.930484427E-03,-107.211839626E-03,+46.293576766E-03
+90.206000E-06,+2.108208986E-03,-109.626255430E-03,+46.276302896E-03
+90.208000E-06,+2.266323777E-03,-110.627354664E-03,+46.251569856E-03
+90.210000E-06,+2.423025251E-03,-110.313284314E-03,+46.267665962E-03
+90.212000E-06,+2.586086650E-03,-109.979584569E-03,+46.300643348E-03
+90.214000E-06,+2.757451284E-03,-109.940325776E-03,+46.302213700E-03
+90.216000E-06,+2.928639253E-03,-110.215137331E-03,+46.260599379E-03
+90.218000E-06,+3.095940602E-03,-109.155149904E-03,+46.232725635E-03
+90.220000E-06,+3.255292045E-03,-108.173680065E-03,+46.254317972E-03
+90.222000E-06,+3.412346848E-03,-108.193309463E-03,+46.299072997E-03
+90.224000E-06,+3.574171595E-03,-107.663315749E-03,+46.307709931E-03
+90.226000E-06,+3.736703001E-03,-108.134421273E-03,+46.266880786E-03
+90.228000E-06,+3.902944362E-03,-109.724402413E-03,+46.230762696E-03
+90.230000E-06,+4.069715717E-03,-110.764760441E-03,+46.248429153E-03
+90.232000E-06,+4.230303812E-03,-110.470319488E-03,+46.306532167E-03
+90.234000E-06,+4.396191844E-03,-109.861808188E-03,+46.306139579E-03
+90.236000E-06,+4.569146459E-03,-108.958855936E-03,+46.266488198E-03
+90.238000E-06,+4.741747745E-03,-107.329616003E-03,+46.236258927E-03
+90.240000E-06,+4.907989106E-03,-107.800721528E-03,+46.246466213E-03
+90.242000E-06,+5.072110493E-03,-110.372172507E-03,+46.286902771E-03
+90.244000E-06,+5.234818563E-03,-110.862907424E-03,+46.311635811E-03
+90.246000E-06,+5.399823272E-03,-108.546638602E-03,+46.273162193E-03
+90.248000E-06,+5.560234702E-03,-108.075533082E-03,+46.228799756E-03
+90.250000E-06,+5.724886083E-03,-110.529207682E-03,+46.239792218E-03
+90.252000E-06,+5.882824209E-03,-112.668811929E-03,+46.288865710E-03
+90.254000E-06,+6.033519088E-03,-111.962153643E-03,+46.303784052E-03
+90.256000E-06,+6.187040600E-03,-109.763661203E-03,+46.277480660E-03
+90.258000E-06,+6.344802062E-03,-108.644785588E-03,+46.251569856E-03
+90.260000E-06,+6.509276778E-03,-109.214038096E-03,+46.234688575E-03
+90.262000E-06,+6.675871468E-03,-108.762561969E-03,+46.251962444E-03
+90.264000E-06,+6.837696215E-03,-107.722203939E-03,+46.276695484E-03
+90.266000E-06,+6.993867696E-03,-107.997015496E-03,+46.285332419E-03
+90.268000E-06,+7.145622562E-03,-110.254396127E-03,+46.269628901E-03
+90.270000E-06,+7.295610783E-03,-111.530306916E-03,+46.242540334E-03
+90.272000E-06,+7.454078903E-03,-110.293654916E-03,+46.252747620E-03
+90.274000E-06,+7.618730283E-03,-109.272926285E-03,+46.271199253E-03
+90.276000E-06,+7.786561626E-03,-108.880338350E-03,+46.287295359E-03
+90.278000E-06,+7.931249909E-03,-108.978485334E-03,+46.283762067E-03
+90.280000E-06,+8.067634958E-03,-108.998114731E-03,+46.252747620E-03
+90.282000E-06,+8.216916521E-03,-108.036274288E-03,+46.237436691E-03
+90.284000E-06,+8.382981217E-03,-107.211839623E-03,+46.263347494E-03
+90.286000E-06,+8.548692585E-03,-108.625156194E-03,+46.294754529E-03
+90.288000E-06,+8.694264191E-03,-111.176977775E-03,+46.309672871E-03
+90.290000E-06,+8.830825905E-03,-110.136619742E-03,+46.289258298E-03
+90.292000E-06,+8.980107467E-03,-107.604427557E-03,+46.244895861E-03
+90.294000E-06,+9.141225556E-03,-107.682945147E-03,+46.241755158E-03
+90.296000E-06,+9.304993613E-03,-110.627354666E-03,+46.286117595E-03
+90.298000E-06,+9.466465031E-03,-110.764760440E-03,+46.325376388E-03
+90.300000E-06,+9.621399860E-03,-108.114791873E-03,+46.288865710E-03
+90.302000E-06,+9.772978062E-03,-106.092964006E-03,+46.233510811E-03
+90.304000E-06,+9.936569455E-03,-107.231469022E-03,+46.245681037E-03
+90.306000E-06,+10.108110753E-03,-109.488849652E-03,+46.303391464E-03
+90.308000E-06,+10.263222246E-03,-110.470319490E-03,+46.327731916E-03
+90.310000E-06,+10.410913828E-03,-109.744031807E-03,+46.277873248E-03
+90.312000E-06,+10.559135403E-03,-109.488849650E-03,+46.223696113E-03
+90.314000E-06,+10.714953554E-03,-110.018843364E-03,+46.233510811E-03
+90.316000E-06,+10.871831693E-03,-110.097360950E-03,+46.288080534E-03
+90.318000E-06,+11.033656440E-03,-109.685143617E-03,+46.325768976E-03
+90.320000E-06,+11.194951194E-03,-108.801820762E-03,+46.272377017E-03
+90.322000E-06,+11.347412718E-03,-107.859609717E-03,+46.206422244E-03
+90.324000E-06,+11.494927635E-03,-107.467021782E-03,+46.228407168E-03
+90.326000E-06,+11.648095818E-03,-107.839980321E-03,+46.320665333E-03
+90.328000E-06,+11.810803888E-03,-110.509578285E-03,+46.349716840E-03
+90.330000E-06,+11.980931870E-03,-111.019942599E-03,+46.266880786E-03
+90.332000E-06,+12.137103351E-03,-108.703673776E-03,+46.197000133E-03
+90.334000E-06,+12.282498292E-03,-107.408133591E-03,+46.227229404E-03
+90.336000E-06,+12.424183278E-03,-108.232568258E-03,+46.328909680E-03
+90.338000E-06,+12.582828063E-03,-107.545539368E-03,+46.356390835E-03
+90.340000E-06,+12.748892760E-03,-106.603328323E-03,+46.275910308E-03
+90.342000E-06,+12.900824291E-03,-107.859609719E-03,+46.189933550E-03
+90.344000E-06,+13.038269327E-03,-109.017744129E-03,+46.217807294E-03
+90.346000E-06,+13.176421022E-03,-109.155149905E-03,+46.316739454E-03
+90.348000E-06,+13.318636001E-03,-109.429961460E-03,+46.357568599E-03
+90.350000E-06,+13.470037539E-03,-109.881437586E-03,+46.284547243E-03
+90.352000E-06,+13.614019164E-03,-110.902166219E-03,+46.191111314E-03
+90.354000E-06,+13.734504401E-03,-110.627354662E-03,+46.209562947E-03
+90.356000E-06,+13.848099720E-03,-109.744031807E-03,+46.304569228E-03
+90.358000E-06,+13.979714826E-03,-109.076632317E-03,+46.353250132E-03
+90.360000E-06,+14.127583072E-03,-108.723303175E-03,+46.284154655E-03
+90.362000E-06,+14.269974716E-03,-108.546638605E-03,+46.180118852E-03
+90.364000E-06,+14.390283289E-03,-107.427762987E-03,+46.194252018E-03
+90.366000E-06,+14.507588564E-03,-106.995916259E-03,+46.299858173E-03
+90.368000E-06,+14.636023707E-03,-108.880338352E-03,+46.366598122E-03
+90.370000E-06,+14.774705395E-03,-110.666613458E-03,+46.319094981E-03
+90.372000E-06,+14.903493867E-03,-110.470319488E-03,+46.226051640E-03
+90.374000E-06,+15.017089186E-03,-109.312185078E-03,+46.194644606E-03
+90.376000E-06,+15.133687803E-03,-109.017744127E-03,+46.263347495E-03
+90.378000E-06,+15.259649642E-03,-109.135520508E-03,+46.339509554E-03
+90.380000E-06,+15.391794742E-03,-109.292555682E-03,+46.307709931E-03
+90.382000E-06,+15.518463239E-03,-108.487750413E-03,+46.235866339E-03
+90.384000E-06,+15.631881893E-03,-107.270727813E-03,+46.215451766E-03
+90.386000E-06,+15.747243858E-03,-108.899967749E-03,+46.263347495E-03
+90.388000E-06,+15.870555729E-03,-111.216236569E-03,+46.317132042E-03
+90.390000E-06,+16.002347499E-03,-109.999213964E-03,+46.315561690E-03
+90.392000E-06,+16.120359432E-03,-107.309986605E-03,+46.264917846E-03
+90.394000E-06,+16.228831479E-03,-108.055903687E-03,+46.227621992E-03
+90.396000E-06,+16.336243538E-03,-110.686242856E-03,+46.242540334E-03
+90.398000E-06,+16.460968725E-03,-110.627354662E-03,+46.292006414E-03
+90.400000E-06,+16.594350476E-03,-107.682945143E-03,+46.301428524E-03
+90.402000E-06,+16.703882510E-03,-105.484452706E-03,+46.271591841E-03
+90.404000E-06,+16.807407949E-03,-106.465922548E-03,+46.264525258E-03
+90.406000E-06,+16.915526666E-03,-108.566268004E-03,+46.269628901E-03
+90.408000E-06,+17.034245258E-03,-108.841079556E-03,+46.289650886E-03
+90.410000E-06,+17.154377166E-03,-108.703673779E-03,+46.292399002E-03
+90.412000E-06,+17.257195946E-03,-109.508479048E-03,+46.281406539E-03
+90.414000E-06,+17.351358163E-03,-110.725501648E-03,+46.263347494E-03
+90.416000E-06,+17.448347012E-03,-110.470319488E-03,+46.252747620E-03
+90.418000E-06,+17.559469027E-03,-109.312185078E-03,+46.276302896E-03
+90.420000E-06,+17.682427569E-03,-108.193309462E-03,+46.277088072E-03
+90.422000E-06,+17.798142863E-03,-108.193309463E-03,+46.260206791E-03
+90.424000E-06,+17.895308377E-03,-107.800721527E-03,+46.279836188E-03
+90.426000E-06,+17.997420499E-03,-108.291456447E-03,+46.288473122E-03
+90.428000E-06,+18.109249172E-03,-109.606626032E-03,+46.278265836E-03
+90.430000E-06,+18.224787802E-03,-110.607725267E-03,+46.257458675E-03
+90.432000E-06,+18.339443108E-03,-110.175878536E-03,+46.246466213E-03
+90.434000E-06,+18.450211794E-03,-109.272926284E-03,+46.264525258E-03
+90.436000E-06,+18.556740530E-03,-107.643686351E-03,+46.286510183E-03
+90.438000E-06,+18.666449229E-03,-107.015545656E-03,+46.281013952E-03
+90.440000E-06,+18.771741313E-03,-108.055903687E-03,+46.255103148E-03
+90.442000E-06,+18.873853435E-03,-109.724402413E-03,+46.240577394E-03
+90.444000E-06,+18.979322184E-03,-109.665514221E-03,+46.282976891E-03
+90.446000E-06,+19.086557579E-03,-108.114791874E-03,+46.311243223E-03
+90.448000E-06,+19.179129814E-03,-108.036274289E-03,+46.286902771E-03
+90.450000E-06,+19.269582074E-03,-110.391801905E-03,+46.247251389E-03
+90.452000E-06,+19.363744291E-03,-111.275124757E-03,+46.236651515E-03
+90.454000E-06,+19.459673153E-03,-109.567367235E-03,+46.277088072E-03
+90.456000E-06,+19.563198591E-03,-108.075533081E-03,+46.315954278E-03
+90.458000E-06,+19.666547365E-03,-108.173680066E-03,+46.298680409E-03
+90.460000E-06,+19.756116303E-03,-109.037373525E-03,+46.235081163E-03
+90.462000E-06,+19.844978582E-03,-108.055903684E-03,+46.212703651E-03
+90.464000E-06,+19.952567306E-03,-106.937028068E-03,+46.276695484E-03
+90.466000E-06,+20.068989258E-03,-107.624056958E-03,+46.332835559E-03
+90.468000E-06,+20.176401317E-03,-109.390702668E-03,+46.292791590E-03
+90.470000E-06,+20.265086932E-03,-110.588095871E-03,+46.222910937E-03
+90.472000E-06,+20.346352634E-03,-109.351443871E-03,+46.208385183E-03
+90.474000E-06,+20.446698111E-03,-108.605526794E-03,+46.279051012E-03
+90.476000E-06,+20.567183348E-03,-108.527009208E-03,+46.330480031E-03
+90.478000E-06,+20.679012022E-03,-109.076632318E-03,+46.300643348E-03
+90.480000E-06,+20.768227630E-03,-109.292555682E-03,+46.218592470E-03
+90.482000E-06,+20.843310073E-03,-107.938127303E-03,+46.215844354E-03
+90.484000E-06,+20.934115662E-03,-107.329616004E-03,+46.304961816E-03
+90.486000E-06,+21.048417639E-03,-109.057002923E-03,+46.347753901E-03
+90.488000E-06,+21.160776307E-03,-111.785489076E-03,+46.288865710E-03
+90.490000E-06,+21.257588491E-03,-110.352543106E-03,+46.205637068E-03
+90.492000E-06,+21.332494270E-03,-105.700376066E-03,+46.214274003E-03
+90.494000E-06,+21.411993327E-03,-106.858510485E-03,+46.299465585E-03
+90.496000E-06,+21.495025675E-03,-111.648083301E-03,+46.346968725E-03
+90.498000E-06,+21.587067916E-03,-112.158447611E-03,+46.283369479E-03
+90.500000E-06,+21.685293418E-03,-108.291456441E-03,+46.193859430E-03
+90.502000E-06,+21.764439146E-03,-105.131123562E-03,+46.204459304E-03
+90.504000E-06,+21.828391720E-03,-106.544440136E-03,+46.312028399E-03
+90.506000E-06,+21.897997561E-03,-109.685143622E-03,+46.365420358E-03
+90.508000E-06,+21.971136694E-03,-111.059201393E-03,+46.293969353E-03
+90.510000E-06,+22.052049067E-03,-109.410332060E-03,+46.186792847E-03
+90.512000E-06,+22.125364864E-03,-108.468121017E-03,+46.206029656E-03
+90.514000E-06,+22.185077489E-03,-109.606626032E-03,+46.317917218E-03
+90.516000E-06,+22.243023468E-03,-110.470319490E-03,+46.355213071E-03
+90.518000E-06,+22.312099316E-03,-109.194408696E-03,+46.286902770E-03
+90.520000E-06,+22.391421708E-03,-108.173680065E-03,+46.180511440E-03
+90.522000E-06,+22.468270796E-03,-107.918497908E-03,+46.202496365E-03
+90.524000E-06,+22.526040111E-03,-108.173680066E-03,+46.320272745E-03
+90.526000E-06,+22.578686153E-03,-108.899967748E-03,+46.361101890E-03
+90.528000E-06,+22.648291994E-03,-109.547737841E-03,+46.287687946E-03
+90.530000E-06,+22.725317747E-03,-110.588095871E-03,+46.202496364E-03
+90.532000E-06,+22.799340202E-03,-110.862907424E-03,+46.216629530E-03
+90.534000E-06,+22.862939448E-03,-109.920696378E-03,+46.308102519E-03
+90.536000E-06,+22.921415421E-03,-107.997015493E-03,+46.348146489E-03
+90.538000E-06,+22.985544660E-03,-107.054804449E-03,+46.280621364E-03
+90.540000E-06,+23.055503830E-03,-108.055903687E-03,+46.196214957E-03
+90.542000E-06,+23.118749747E-03,-110.686242857E-03,+46.213096239E-03
+90.544000E-06,+23.178462372E-03,-110.352543107E-03,+46.313206162E-03
+90.546000E-06,+23.246478231E-03,-108.742932570E-03,+46.343435433E-03
+90.548000E-06,+23.312020787E-03,-109.351443874E-03,+46.277088072E-03
+90.550000E-06,+23.365903481E-03,-110.843278029E-03,+46.212311063E-03
+90.552000E-06,+23.409539630E-03,-111.726600883E-03,+46.234688575E-03
+90.554000E-06,+23.453175779E-03,-110.313284312E-03,+46.307709931E-03
+90.556000E-06,+23.514301721E-03,-108.585897396E-03,+46.320272745E-03
+90.558000E-06,+23.580374271E-03,-108.369974034E-03,+46.260206791E-03
+90.560000E-06,+23.639380237E-03,-109.194408700E-03,+46.210348123E-03
+90.562000E-06,+23.677539785E-03,-108.487750413E-03,+46.231940460E-03
+90.564000E-06,+23.716582655E-03,-106.995916258E-03,+46.299072997E-03
+90.566000E-06,+23.767285387E-03,-106.937028069E-03,+46.310850635E-03
+90.568000E-06,+23.835654576E-03,-108.742932575E-03,+46.259029027E-03
+90.570000E-06,+23.885297320E-03,-110.372172507E-03,+46.226836816E-03
+90.572000E-06,+23.913386987E-03,-110.843278028E-03,+46.267273374E-03
+90.574000E-06,+23.948719901E-03,-109.920696378E-03,+46.317524630E-03
+90.576000E-06,+24.006489216E-03,-109.783290602E-03,+46.304569228E-03
+90.578000E-06,+24.082101652E-03,-109.508479046E-03,+46.244110686E-03
+90.580000E-06,+24.146230891E-03,-108.507379810E-03,+46.219377646E-03
+90.582000E-06,+24.183683780E-03,-107.408133590E-03,+46.258243851E-03
+90.584000E-06,+24.215130074E-03,-107.133322037E-03,+46.313598750E-03
+90.586000E-06,+24.268482775E-03,-108.899967749E-03,+46.306924755E-03
+90.588000E-06,+24.339855261E-03,-111.491048124E-03,+46.252747620E-03
+90.590000E-06,+24.417057679E-03,-110.450690090E-03,+46.226051641E-03
+90.592000E-06,+24.462637138E-03,-107.368874794E-03,+46.267273374E-03
+90.594000E-06,+24.490020146E-03,-108.055903687E-03,+46.303784052E-03
+90.596000E-06,+24.527826365E-03,-111.235865967E-03,+46.294361941E-03
+90.598000E-06,+24.585949009E-03,-111.255495359E-03,+46.256673500E-03
+90.600000E-06,+24.654141533E-03,-107.761462729E-03,+46.229584932E-03
+90.602000E-06,+24.702370961E-03,-105.621858483E-03,+46.264917846E-03
+90.604000E-06,+24.746360439E-03,-106.897769278E-03,+46.303391464E-03
+90.606000E-06,+24.786463297E-03,-109.174779305E-03,+46.291613826E-03
+90.608000E-06,+24.824799509E-03,-110.018843364E-03,+46.253532796E-03
+90.610000E-06,+24.867905664E-03,-109.547737839E-03,+46.248429153E-03
+90.612000E-06,+24.912955129E-03,-109.744031808E-03,+46.275910308E-03
+90.614000E-06,+24.948288044E-03,-110.332913712E-03,+46.293576766E-03
+90.616000E-06,+24.977261033E-03,-110.274025521E-03,+46.276302896E-03
+90.618000E-06,+25.008000669E-03,-109.292555681E-03,+46.254317972E-03
+90.620000E-06,+25.036620329E-03,-108.468121017E-03,+46.259814203E-03
+90.622000E-06,+25.079726484E-03,-108.095162479E-03,+46.285725007E-03
+90.624000E-06,+25.127425919E-03,-107.643686353E-03,+46.308495107E-03
+90.626000E-06,+25.163112162E-03,-108.409232829E-03,+46.275517720E-03
+90.628000E-06,+25.193321804E-03,-109.763661207E-03,+46.245681037E-03
+90.630000E-06,+25.216818191E-03,-110.764760442E-03,+46.253140208E-03
+90.632000E-06,+25.241904561E-03,-110.195507933E-03,+46.298680409E-03
+90.634000E-06,+25.284657387E-03,-109.547737839E-03,+46.310458047E-03
+90.636000E-06,+25.329883517E-03,-108.095162477E-03,+46.264525258E-03
+90.638000E-06,+25.354086563E-03,-106.387404957E-03,+46.227621992E-03
+90.640000E-06,+25.361683140E-03,-106.995916261E-03,+46.239792218E-03
+90.642000E-06,+25.375992970E-03,-109.174779305E-03,+46.305354404E-03
+90.644000E-06,+25.410089232E-03,-109.606626031E-03,+46.336368850E-03
+90.646000E-06,+25.455492027E-03,-107.702574541E-03,+46.287295358E-03
+90.648000E-06,+25.483581694E-03,-108.801820765E-03,+46.224873877E-03
+90.650000E-06,+25.484288352E-03,-110.509578285E-03,+46.244503274E-03
+90.652000E-06,+25.476515111E-03,-110.450690092E-03,+46.314383926E-03
+90.654000E-06,+25.494004903E-03,-109.312185077E-03,+46.337546614E-03
+90.656000E-06,+25.527571172E-03,-109.704773015E-03,+46.284547243E-03
+90.658000E-06,+25.556720826E-03,-110.332913712E-03,+46.213488827E-03
+90.660000E-06,+25.571383985E-03,-109.312185077E-03,+46.207207420E-03
+90.662000E-06,+25.575447271E-03,-107.506280573E-03,+46.284547243E-03
+90.664000E-06,+25.594350380E-03,-107.270727814E-03,+46.347753901E-03
+90.666000E-06,+25.629153300E-03,-108.369974036E-03,+46.294754529E-03
+90.668000E-06,+25.658479619E-03,-110.450690095E-03,+46.214666590E-03
+90.670000E-06,+25.675616082E-03,-110.450690092E-03,+46.207207420E-03
+90.672000E-06,+25.681269349E-03,-109.861808188E-03,+46.290043474E-03
+90.674000E-06,+25.689219254E-03,-109.371073269E-03,+46.343042845E-03
+90.676000E-06,+25.710065674E-03,-109.312185079E-03,+46.299465584E-03
+90.678000E-06,+25.728968783E-03,-109.037373524E-03,+46.209955535E-03
+90.680000E-06,+25.753525158E-03,-108.448491620E-03,+46.198177897E-03
+90.682000E-06,+25.770308292E-03,-107.408133590E-03,+46.280621364E-03
+90.684000E-06,+25.782144819E-03,-106.721104704E-03,+46.350109428E-03
+90.686000E-06,+25.786031439E-03,-108.428862227E-03,+46.306139579E-03
+90.688000E-06,+25.793804680E-03,-110.882536825E-03,+46.218985058E-03
+90.690000E-06,+25.812177796E-03,-110.097360948E-03,+46.210348123E-03
+90.692000E-06,+25.838147488E-03,-107.467021778E-03,+46.282191715E-03
+90.694000E-06,+25.847687374E-03,-108.075533084E-03,+46.339116966E-03
+90.696000E-06,+25.848570697E-03,-110.686242857E-03,+46.301821112E-03
+90.698000E-06,+25.851044001E-03,-110.764760440E-03,+46.235081163E-03
+90.700000E-06,+25.868710458E-03,-107.702574539E-03,+46.223696113E-03
+90.702000E-06,+25.892206846E-03,-105.759264260E-03,+46.286510183E-03
+90.704000E-06,+25.916233228E-03,-106.642587119E-03,+46.334013323E-03
+90.706000E-06,+25.922946482E-03,-108.585897401E-03,+46.301035936E-03
+90.708000E-06,+25.908636651E-03,-109.940325778E-03,+46.229584932E-03
+90.710000E-06,+25.908989981E-03,-109.959955172E-03,+46.228407168E-03
+90.712000E-06,+25.926656438E-03,-109.390702665E-03,+46.298287821E-03
+90.714000E-06,+25.941496262E-03,-109.449590857E-03,+46.321843097E-03
+90.716000E-06,+25.944499559E-03,-109.606626031E-03,+46.277088072E-03
+90.718000E-06,+25.934783008E-03,-108.939226539E-03,+46.226444228E-03
+90.720000E-06,+25.925949779E-03,-108.154050668E-03,+46.231155284E-03
+90.722000E-06,+25.931073052E-03,-106.956657464E-03,+46.290436062E-03
+90.724000E-06,+25.946796199E-03,-106.937028070E-03,+46.328909680E-03
+90.726000E-06,+25.955099434E-03,-107.918497910E-03,+46.286510183E-03
+90.728000E-06,+25.952272800E-03,-109.017744129E-03,+46.238614454E-03
+90.730000E-06,+25.945559547E-03,-110.391801904E-03,+46.238221867E-03
+90.732000E-06,+25.933546356E-03,-110.843278028E-03,+46.282976891E-03
+90.734000E-06,+25.931956375E-03,-110.058102155E-03,+46.308495107E-03
+90.736000E-06,+25.941849591E-03,-108.291456444E-03,+46.278265836E-03
+90.738000E-06,+25.946972863E-03,-107.094063242E-03,+46.243325510E-03
+90.740000E-06,+25.936372989E-03,-108.055903687E-03,+46.241755158E-03
+90.742000E-06,+25.916233228E-03,-109.999213969E-03,+46.286117595E-03
+90.744000E-06,+25.898743435E-03,-109.979584569E-03,+46.314383926E-03
+90.746000E-06,+25.894150157E-03,-108.841079555E-03,+46.284547243E-03
+90.748000E-06,+25.895033479E-03,-108.821450160E-03,+46.238614454E-03
+90.750000E-06,+25.885316928E-03,-110.352543111E-03,+46.235473751E-03
+90.752000E-06,+25.850514007E-03,-111.118089583E-03,+46.274339957E-03
+90.754000E-06,+25.807407852E-03,-110.372172503E-03,+46.299072997E-03
+90.756000E-06,+25.785854775E-03,-109.429961458E-03,+46.285332419E-03
+90.758000E-06,+25.792214699E-03,-109.037373524E-03,+46.263740082E-03
+90.760000E-06,+25.792214699E-03,-109.547737841E-03,+46.249999505E-03
+90.762000E-06,+25.769778299E-03,-109.076632317E-03,+46.256673500E-03
+90.764000E-06,+25.730735428E-03,-108.036274287E-03,+46.279836188E-03
+90.766000E-06,+25.697169160E-03,-108.585897400E-03,+46.285725007E-03
+90.768000E-06,+25.686922615E-03,-110.470319492E-03,+46.269628901E-03
+90.770000E-06,+25.689749248E-03,-111.549936313E-03,+46.259029027E-03
+90.772000E-06,+25.672966114E-03,-110.293654915E-03,+46.257851263E-03
+90.774000E-06,+25.633393250E-03,-108.998114729E-03,+46.266095610E-03
+90.776000E-06,+25.597177013E-03,-109.528108445E-03,+46.275517720E-03
+90.778000E-06,+25.577920574E-03,-110.038472760E-03,+46.284939831E-03
+90.780000E-06,+25.568380688E-03,-109.822549395E-03,+46.266880786E-03
+90.782000E-06,+25.550007572E-03,-108.409232825E-03,+46.253140208E-03
+90.784000E-06,+25.517854620E-03,-107.388504194E-03,+46.257066088E-03
+90.786000E-06,+25.478988415E-03,-108.919597146E-03,+46.274339957E-03
+90.788000E-06,+25.449308767E-03,-111.353642347E-03,+46.284939831E-03
+90.790000E-06,+25.423515739E-03,-110.431060693E-03,+46.275125133E-03
+90.792000E-06,+25.403022649E-03,-107.643686349E-03,+46.248821741E-03
+90.794000E-06,+25.368396393E-03,-107.820350925E-03,+46.239792218E-03
+90.796000E-06,+25.313100383E-03,-110.784389842E-03,+46.277480660E-03
+90.798000E-06,+25.265047619E-03,-111.608824502E-03,+46.302213700E-03
+90.800000E-06,+25.224591433E-03,-108.644785583E-03,+46.285725007E-03
+90.802000E-06,+25.199858393E-03,-106.151852195E-03,+46.249999505E-03
+90.804000E-06,+25.173535372E-03,-106.681845913E-03,+46.242540334E-03
+90.806000E-06,+25.130605881E-03,-109.135520512E-03,+46.264132670E-03
+90.808000E-06,+25.068066623E-03,-111.255495363E-03,+46.286510183E-03
+90.810000E-06,+25.010473972E-03,-110.823648629E-03,+46.281013952E-03
+90.812000E-06,+24.965071178E-03,-108.801820759E-03,+46.266095610E-03
+90.814000E-06,+24.929914928E-03,-108.664414986E-03,+46.244895861E-03
+90.816000E-06,+24.894758679E-03,-110.882536825E-03,+46.258636439E-03
+90.818000E-06,+24.844585940E-03,-111.334012947E-03,+46.282976891E-03
+90.820000E-06,+24.793529879E-03,-109.155149901E-03,+46.286117595E-03
+90.822000E-06,+24.742650483E-03,-107.192210224E-03,+46.258636439E-03
+90.824000E-06,+24.702900954E-03,-107.368874799E-03,+46.254710560E-03
+90.826000E-06,+24.672161319E-03,-109.214038098E-03,+46.262954907E-03
+90.828000E-06,+24.626405195E-03,-110.705872252E-03,+46.277873248E-03
+90.830000E-06,+24.567222564E-03,-110.195507933E-03,+46.279836188E-03
+90.832000E-06,+24.512633211E-03,-109.547737839E-03,+46.257851263E-03
+90.834000E-06,+24.462637138E-03,-109.331814476E-03,+46.251962444E-03
+90.836000E-06,+24.424300926E-03,-108.350344635E-03,+46.270806665E-03
+90.838000E-06,+24.387554695E-03,-107.113692638E-03,+46.287295359E-03
+90.840000E-06,+24.339678596E-03,-107.231469021E-03,+46.281013952E-03
+90.842000E-06,+24.277845997E-03,-109.469220257E-03,+46.255103148E-03
+90.844000E-06,+24.225376619E-03,-109.920696379E-03,+46.257066088E-03
+90.846000E-06,+24.185627091E-03,-108.291456444E-03,+46.266095610E-03
+90.848000E-06,+24.154887455E-03,-108.193309463E-03,+46.278265836E-03
+90.850000E-06,+24.114077939E-03,-110.548837080E-03,+46.282584303E-03
+90.852000E-06,+24.053128662E-03,-112.119188820E-03,+46.263740082E-03
+90.854000E-06,+23.985819461E-03,-111.196607167E-03,+46.249999505E-03
+90.856000E-06,+23.927873482E-03,-109.665514218E-03,+46.262169731E-03
+90.858000E-06,+23.879997383E-03,-109.331814476E-03,+46.291613826E-03
+90.860000E-06,+23.843251152E-03,-109.586996634E-03,+46.290043474E-03
+90.862000E-06,+23.798025022E-03,-108.801820761E-03,+46.261777143E-03
+90.864000E-06,+23.740255707E-03,-107.172580828E-03,+46.241362570E-03
+90.866000E-06,+23.678423107E-03,-107.506280577E-03,+46.252747620E-03
+90.868000E-06,+23.627367046E-03,-109.783290606E-03,+46.282191715E-03
+90.870000E-06,+23.584084226E-03,-111.334012949E-03,+46.299858172E-03
+90.872000E-06,+23.533028165E-03,-110.686242852E-03,+46.285332419E-03
+90.874000E-06,+23.468368932E-03,-109.744031807E-03,+46.249999505E-03
+90.876000E-06,+23.400706402E-03,-109.763661205E-03,+46.245288449E-03
+90.878000E-06,+23.337813814E-03,-110.195507935E-03,+46.278265836E-03
+90.880000E-06,+23.286757753E-03,-109.429961458E-03,+46.299465585E-03
+90.882000E-06,+23.242238282E-03,-108.075533080E-03,+46.285332419E-03
+90.884000E-06,+23.182348992E-03,-106.937028068E-03,+46.260991967E-03
+90.886000E-06,+23.109033195E-03,-108.173680069E-03,+46.246858801E-03
+90.888000E-06,+23.034127417E-03,-110.293654921E-03,+46.283762067E-03
+90.890000E-06,+22.974061463E-03,-109.744031807E-03,+46.308495107E-03
+90.892000E-06,+22.922298744E-03,-108.389603428E-03,+46.294754529E-03
+90.894000E-06,+22.866472739E-03,-109.586996636E-03,+46.245681037E-03
+90.896000E-06,+22.791390296E-03,-111.981783045E-03,+46.222518349E-03
+90.898000E-06,+22.709947929E-03,-111.334012945E-03,+46.269628902E-03
+90.900000E-06,+22.645288696E-03,-108.173680060E-03,+46.298680409E-03
+90.902000E-06,+22.594232635E-03,-105.955558227E-03,+46.290828650E-03
+90.904000E-06,+22.543529903E-03,-106.524810739E-03,+46.267273374E-03
+90.906000E-06,+22.479047335E-03,-108.978485338E-03,+46.250392093E-03
+90.908000E-06,+22.402728240E-03,-109.724402412E-03,+46.270414077E-03
+90.910000E-06,+22.336125697E-03,-109.233667491E-03,+46.287295359E-03
+90.912000E-06,+22.277296395E-03,-108.880338349E-03,+46.281013952E-03
+90.914000E-06,+22.218113764E-03,-109.390702667E-03,+46.260599379E-03
+90.916000E-06,+22.163701076E-03,-109.606626031E-03,+46.246858801E-03
+90.918000E-06,+22.103811786E-03,-109.626255427E-03,+46.272769605E-03
+90.920000E-06,+22.045512478E-03,-108.389603428E-03,+46.282191715E-03
+90.922000E-06,+21.978909935E-03,-107.251098416E-03,+46.274732545E-03
+90.924000E-06,+21.917253999E-03,-107.525909973E-03,+46.268058550E-03
+90.926000E-06,+21.854008083E-03,-108.271827051E-03,+46.261777143E-03
+90.928000E-06,+21.794118793E-03,-109.606626033E-03,+46.277480660E-03
+90.930000E-06,+21.740942757E-03,-110.745131045E-03,+46.277088072E-03
+90.932000E-06,+21.673810220E-03,-110.607725266E-03,+46.265703022E-03
+90.934000E-06,+21.598374449E-03,-109.881437584E-03,+46.266880786E-03
+90.936000E-06,+21.525765310E-03,-108.821450158E-03,+46.281013952E-03
+90.938000E-06,+21.461106077E-03,-107.035175050E-03,+46.288473122E-03
+90.940000E-06,+21.404926743E-03,-107.898868513E-03,+46.275517720E-03
+90.942000E-06,+21.338677529E-03,-110.254396128E-03,+46.251569856E-03
+90.944000E-06,+21.259708466E-03,-110.293654917E-03,+46.267665962E-03
+90.946000E-06,+21.182859378E-03,-108.468121014E-03,+46.289650886E-03
+90.948000E-06,+21.112723543E-03,-108.625156193E-03,+46.292399002E-03
+90.950000E-06,+21.052127595E-03,-110.332913715E-03,+46.267665962E-03
+90.952000E-06,+20.986585039E-03,-110.980683806E-03,+46.255888324E-03
+90.954000E-06,+20.895426121E-03,-109.940325774E-03,+46.268451138E-03
+90.956000E-06,+20.801970563E-03,-108.546638602E-03,+46.289650886E-03
+90.958000E-06,+20.721058189E-03,-108.782191367E-03,+46.292399002E-03
+90.960000E-06,+20.655515633E-03,-109.115891112E-03,+46.259421615E-03
+90.962000E-06,+20.590679736E-03,-108.330715239E-03,+46.243718098E-03
+90.964000E-06,+20.508354046E-03,-107.251098416E-03,+46.283369479E-03
+90.966000E-06,+20.419845096E-03,-107.663315751E-03,+46.305746992E-03
+90.968000E-06,+20.339462716E-03,-110.764760446E-03,+46.288865710E-03
+90.970000E-06,+20.262790292E-03,-111.608824502E-03,+46.255888324E-03
+90.972000E-06,+20.191417805E-03,-109.331814471E-03,+46.254317972E-03
+90.974000E-06,+20.110858761E-03,-108.448491620E-03,+46.284939831E-03
+90.976000E-06,+20.021466488E-03,-110.293654922E-03,+46.300250760E-03
+90.978000E-06,+19.929777576E-03,-110.705872250E-03,+46.274339957E-03
+90.980000E-06,+19.844095259E-03,-108.801820759E-03,+46.237436691E-03
+90.982000E-06,+19.763006221E-03,-106.740734098E-03,+46.254710560E-03
+90.984000E-06,+19.684920480E-03,-106.485551943E-03,+46.296324881E-03
+90.986000E-06,+19.607188069E-03,-109.233667497E-03,+46.304569228E-03
+90.988000E-06,+19.514615834E-03,-111.137718982E-03,+46.269236313E-03
+90.990000E-06,+19.424870232E-03,-109.155149900E-03,+46.239399630E-03
+90.992000E-06,+19.342014548E-03,-106.230369780E-03,+46.252355032E-03
+90.994000E-06,+19.263752143E-03,-108.055903690E-03,+46.293184178E-03
+90.996000E-06,+19.179836472E-03,-111.392901143E-03,+46.306924755E-03
+90.998000E-06,+19.091327522E-03,-111.549936311E-03,+46.280621364E-03
+91.000000E-06,+19.007235186E-03,-108.075533075E-03,+46.235473751E-03
+91.002000E-06,+18.922612857E-03,-106.073334608E-03,+46.254317972E-03
+91.004000E-06,+18.847707079E-03,-107.368874801E-03,+46.315561690E-03
+91.006000E-06,+18.776687921E-03,-109.783290606E-03,+46.329302268E-03
+91.008000E-06,+18.701075485E-03,-110.784389839E-03,+46.280621364E-03
+91.010000E-06,+18.618573130E-03,-110.332913710E-03,+46.237829279E-03
+91.012000E-06,+18.532714149E-03,-109.979584569E-03,+46.251962444E-03
+91.014000E-06,+18.448975142E-03,-110.077731554E-03,+46.290436062E-03
+91.016000E-06,+18.377955984E-03,-110.372172505E-03,+46.303784052E-03
+91.018000E-06,+18.312413429E-03,-109.724402410E-03,+46.271984429E-03
+91.020000E-06,+18.239980954E-03,-108.664414984E-03,+46.245288449E-03
+91.022000E-06,+18.156595277E-03,-107.977386097E-03,+46.255888324E-03
+91.024000E-06,+18.077979543E-03,-108.173680067E-03,+46.304569228E-03
+91.026000E-06,+18.005193740E-03,-108.762561970E-03,+46.311243223E-03
+91.028000E-06,+17.938061203E-03,-109.665514223E-03,+46.261777143E-03
+91.030000E-06,+17.867925368E-03,-110.607725268E-03,+46.224481289E-03
+91.032000E-06,+17.779946412E-03,-110.588095869E-03,+46.244895862E-03
+91.034000E-06,+17.689494151E-03,-109.331814473E-03,+46.289650886E-03
+91.036000E-06,+17.608935107E-03,-108.330715239E-03,+46.295539705E-03
+91.038000E-06,+17.526079423E-03,-107.251098416E-03,+46.276302896E-03
+91.040000E-06,+17.440220442E-03,-108.212938862E-03,+46.243325510E-03
+91.042000E-06,+17.350298175E-03,-110.293654922E-03,+46.266488198E-03
+91.044000E-06,+17.259845915E-03,-110.293654917E-03,+46.306139580E-03
+91.046000E-06,+17.178050218E-03,-108.055903681E-03,+46.297502645E-03
+91.048000E-06,+17.091307914E-03,-107.879239115E-03,+46.262562319E-03
+91.050000E-06,+16.998735679E-03,-109.959955177E-03,+46.238614454E-03
+91.052000E-06,+16.904220133E-03,-111.903265457E-03,+46.260599379E-03
+91.054000E-06,+16.808291271E-03,-111.451789326E-03,+46.291613826E-03
+91.056000E-06,+16.718369005E-03,-110.254396122E-03,+46.284547243E-03
+91.058000E-06,+16.624383453E-03,-109.135520506E-03,+46.252747620E-03
+91.060000E-06,+16.522271331E-03,-109.135520508E-03,+46.237436691E-03
+91.062000E-06,+16.426519133E-03,-108.742932572E-03,+46.255103148E-03
+91.064000E-06,+16.341720139E-03,-107.309986605E-03,+46.293576766E-03
+91.066000E-06,+16.262044418E-03,-107.800721529E-03,+46.304176640E-03
+91.068000E-06,+16.164348910E-03,-109.959955177E-03,+46.263740082E-03
+91.070000E-06,+16.047926958E-03,-110.804019235E-03,+46.238614454E-03
+91.072000E-06,+15.935391626E-03,-110.332913710E-03,+46.255103148E-03
+91.074000E-06,+15.838579441E-03,-109.155149903E-03,+46.290828650E-03
+91.076000E-06,+15.757490403E-03,-108.998114731E-03,+46.301035936E-03
+91.078000E-06,+15.656084939E-03,-109.547737841E-03,+46.271591841E-03
+91.080000E-06,+15.532949733E-03,-109.214038094E-03,+46.226051641E-03
+91.082000E-06,+15.419531079E-03,-107.643686350E-03,+46.239399630E-03
+91.084000E-06,+15.330138806E-03,-106.465922545E-03,+46.297110057E-03
+91.086000E-06,+15.238979887E-03,-107.839980324E-03,+46.315954278E-03
+91.088000E-06,+15.128564530E-03,-110.941425017E-03,+46.287295358E-03
+91.090000E-06,+15.005605989E-03,-110.666613455E-03,+46.249999505E-03
+91.092000E-06,+14.894837303E-03,-107.682945141E-03,+46.248036565E-03
+91.094000E-06,+14.795905143E-03,-108.095162481E-03,+46.264917846E-03
+91.096000E-06,+14.700859604E-03,-110.411431303E-03,+46.292006414E-03
+91.098000E-06,+14.596274178E-03,-111.137718980E-03,+46.298287821E-03
+91.100000E-06,+14.485328828E-03,-108.585897393E-03,+46.257458675E-03
+91.102000E-06,+14.372440167E-03,-106.701475305E-03,+46.235081163E-03
+91.104000E-06,+14.274214665E-03,-107.035175054E-03,+46.260206791E-03
+91.106000E-06,+14.176872487E-03,-109.174779306E-03,+46.291613826E-03
+91.108000E-06,+14.069460427E-03,-110.293654920E-03,+46.301035936E-03
+91.110000E-06,+13.955688444E-03,-109.861808188E-03,+46.274339957E-03
+91.112000E-06,+13.835026542E-03,-109.508479046E-03,+46.237436691E-03
+91.114000E-06,+13.718427925E-03,-110.018843364E-03,+46.235473751E-03
+91.116000E-06,+13.608719226E-03,-109.822549395E-03,+46.263347495E-03
+91.118000E-06,+13.493710591E-03,-109.096261713E-03,+46.294754529E-03
+91.120000E-06,+13.384001892E-03,-108.173680064E-03,+46.287687946E-03
+91.122000E-06,+13.280123124E-03,-107.781092130E-03,+46.255888324E-03
+91.124000E-06,+13.164584495E-03,-107.879239115E-03,+46.248821741E-03
+91.126000E-06,+13.038622656E-03,-108.173680067E-03,+46.259421615E-03
+91.128000E-06,+12.916370773E-03,-110.136619748E-03,+46.299465585E-03
+91.130000E-06,+12.807192068E-03,-110.961054409E-03,+46.310458047E-03
+91.132000E-06,+12.699780009E-03,-108.978485329E-03,+46.278265836E-03
+91.134000E-06,+12.584948038E-03,-108.271827049E-03,+46.240577394E-03
+91.136000E-06,+12.456689559E-03,-109.174779304E-03,+46.235866339E-03
+91.138000E-06,+12.324191131E-03,-108.487750413E-03,+46.274339957E-03
+91.140000E-06,+12.213599109E-03,-107.545539368E-03,+46.307317343E-03
+91.142000E-06,+12.103713746E-03,-108.389603433E-03,+46.311243223E-03
+91.144000E-06,+11.989765098E-03,-109.076632319E-03,+46.275517720E-03
+91.146000E-06,+11.865393240E-03,-108.742932572E-03,+46.231940460E-03
+91.148000E-06,+11.737134761E-03,-108.684044382E-03,+46.248429153E-03
+91.150000E-06,+11.623362778E-03,-109.508479049E-03,+46.301035936E-03
+91.152000E-06,+11.519130681E-03,-110.313284316E-03,+46.324591212E-03
+91.154000E-06,+11.406065355E-03,-110.274025521E-03,+46.280228776E-03
+91.156000E-06,+11.274273585E-03,-109.704773013E-03,+46.215844354E-03
+91.158000E-06,+11.138771860E-03,-109.488849650E-03,+46.224088701E-03
+91.160000E-06,+11.029063161E-03,-108.782191365E-03,+46.281406540E-03
+91.162000E-06,+10.939140894E-03,-107.997015494E-03,+46.316739454E-03
+91.164000E-06,+10.840385399E-03,-107.624056956E-03,+46.284939831E-03
+91.166000E-06,+10.720253491E-03,-107.859609718E-03,+46.224873877E-03
+91.168000E-06,+10.587401734E-03,-109.272926289E-03,+46.211525887E-03
+91.170000E-06,+10.466739832E-03,-110.980683808E-03,+46.284939831E-03
+91.172000E-06,+10.360387760E-03,-110.509578281E-03,+46.336761438E-03
+91.174000E-06,+10.253329030E-03,-109.312185077E-03,+46.295932293E-03
+91.176000E-06,+10.132313799E-03,-108.742932572E-03,+46.217807294E-03
+91.178000E-06,+10.004408649E-03,-108.546638605E-03,+46.202103777E-03
+91.180000E-06,+9.881980102E-03,-108.664414986E-03,+46.267273374E-03
+91.182000E-06,+9.774038049E-03,-108.134421271E-03,+46.323413449E-03
+91.184000E-06,+9.665566002E-03,-107.094063241E-03,+46.302606288E-03
+91.186000E-06,+9.546847411E-03,-108.605526799E-03,+46.224481289E-03
+91.188000E-06,+9.415585634E-03,-111.314383556E-03,+46.211133299E-03
+91.190000E-06,+9.287680485E-03,-110.156249137E-03,+46.284939831E-03
+91.192000E-06,+9.171611862E-03,-107.467021777E-03,+46.339509554E-03
+91.194000E-06,+9.055896568E-03,-108.487750418E-03,+46.304569228E-03
+91.196000E-06,+8.928874741E-03,-111.294754159E-03,+46.218985058E-03
+91.198000E-06,+8.799026282E-03,-110.980683803E-03,+46.207600008E-03
+91.200000E-06,+8.683840981E-03,-107.447392378E-03,+46.279051012E-03
+91.202000E-06,+8.572012308E-03,-105.994817022E-03,+46.335976263E-03
+91.204000E-06,+8.460360299E-03,-106.956657469E-03,+46.298680409E-03
+91.206000E-06,+8.337578422E-03,-108.625156195E-03,+46.223696113E-03
+91.208000E-06,+8.208259956E-03,-109.253296890E-03,+46.216629530E-03
+91.210000E-06,+8.088128048E-03,-109.174779301E-03,+46.296717469E-03
+91.212000E-06,+7.976829368E-03,-109.704773016E-03,+46.352072368E-03
+91.214000E-06,+7.870300632E-03,-111.294754157E-03,+46.300643348E-03
+91.216000E-06,+7.758118629E-03,-110.961054407E-03,+46.207207419E-03
+91.218000E-06,+7.633923436E-03,-109.645884821E-03,+46.217022118E-03
+91.220000E-06,+7.520504782E-03,-108.644785587E-03,+46.294361942E-03
+91.222000E-06,+7.412562729E-03,-108.252197653E-03,+46.337939202E-03
+91.224000E-06,+7.306387321E-03,-107.251098415E-03,+46.293184177E-03
+91.226000E-06,+7.184312103E-03,-108.075533084E-03,+46.214666590E-03
+91.228000E-06,+7.059940245E-03,-109.724402415E-03,+46.209955535E-03
+91.230000E-06,+6.941751647E-03,-110.902166220E-03,+46.284939831E-03
+91.232000E-06,+6.828156328E-03,-110.215137329E-03,+46.334013323E-03
+91.234000E-06,+6.710144394E-03,-109.547737839E-03,+46.287295358E-03
+91.236000E-06,+6.587715847E-03,-108.369974031E-03,+46.227621992E-03
+91.238000E-06,+6.454864089E-03,-106.838881082E-03,+46.220162822E-03
+91.240000E-06,+6.326782275E-03,-107.879239117E-03,+46.272377017E-03
+91.242000E-06,+6.203293740E-03,-110.254396129E-03,+46.312813574E-03
+91.244000E-06,+6.088991763E-03,-110.156249139E-03,+46.290043474E-03
+91.246000E-06,+5.972216481E-03,-108.448491617E-03,+46.244895861E-03
+91.248000E-06,+5.841308034E-03,-108.350344637E-03,+46.233510811E-03
+91.250000E-06,+5.709692929E-03,-110.431060700E-03,+46.276695484E-03
+91.252000E-06,+5.583201096E-03,-111.962153646E-03,+46.307709931E-03
+91.254000E-06,+5.466072486E-03,-110.489948882E-03,+46.286510183E-03
+91.256000E-06,+5.348943875E-03,-108.880338347E-03,+46.258243851E-03
+91.258000E-06,+5.224218688E-03,-108.684044382E-03,+46.268451138E-03
+91.260000E-06,+5.099670165E-03,-109.096261715E-03,+46.278658424E-03
+91.262000E-06,+4.977771611E-03,-108.330715238E-03,+46.279836188E-03
+91.264000E-06,+4.867356255E-03,-106.701475304E-03,+46.277088072E-03
+91.266000E-06,+4.754820923E-03,-106.897769277E-03,+46.290436062E-03
+91.268000E-06,+4.634335686E-03,-109.292555688E-03,+46.297895233E-03
+91.270000E-06,+4.512790461E-03,-110.450690094E-03,+46.276695484E-03
+91.272000E-06,+4.393718540E-03,-109.606626028E-03,+46.259814203E-03
+91.274000E-06,+4.281183208E-03,-108.782191365E-03,+46.260599379E-03
+91.276000E-06,+4.168294547E-03,-108.546638604E-03,+46.282976891E-03
+91.278000E-06,+4.056465874E-03,-108.801820764E-03,+46.308102519E-03
+91.280000E-06,+3.941103909E-03,-108.566268001E-03,+46.286510183E-03
+91.282000E-06,+3.825211950E-03,-107.702574542E-03,+46.255495736E-03
+91.284000E-06,+3.710556644E-03,-107.447392385E-03,+46.257066088E-03
+91.286000E-06,+3.597314654E-03,-109.763661210E-03,+46.290828650E-03
+91.288000E-06,+3.481776024E-03,-112.708070727E-03,+46.320272745E-03
+91.290000E-06,+3.365884066E-03,-110.470319483E-03,+46.296324881E-03
+91.292000E-06,+3.245045499E-03,-106.387404951E-03,+46.248429153E-03
+91.294000E-06,+3.125973579E-03,-107.231469024E-03,+46.228407168E-03
+91.296000E-06,+3.007254987E-03,-112.099559432E-03,+46.275910309E-03
+91.298000E-06,+2.892246351E-03,-112.904364689E-03,+46.318702393E-03
+91.300000E-06,+2.785187621E-03,-107.977386087E-03,+46.288080534E-03
+91.302000E-06,+2.677952227E-03,-104.934829593E-03,+46.239007042E-03
+91.304000E-06,+2.571776819E-03,-106.662216519E-03,+46.229977520E-03
+91.306000E-06,+2.458358165E-03,-110.529207688E-03,+46.276302896E-03
+91.308000E-06,+2.340169567E-03,-111.314383551E-03,+46.313206162E-03
+91.310000E-06,+2.221450975E-03,-109.429961455E-03,+46.290043474E-03
+91.312000E-06,+2.106442339E-03,-108.742932572E-03,+46.242147746E-03
+91.314000E-06,+2.001856913E-03,-109.920696382E-03,+46.227621992E-03
+91.316000E-06,+1.882608328E-03,-110.234766728E-03,+46.259421615E-03
+91.318000E-06,+1.756116495E-03,-109.567367235E-03,+46.299858173E-03
+91.320000E-06,+1.636337916E-03,-107.957756698E-03,+46.280228776E-03
+91.322000E-06,+1.525039236E-03,-107.329616004E-03,+46.240969982E-03
+91.324000E-06,+1.418510500E-03,-107.820350925E-03,+46.238614455E-03
+91.326000E-06,+1.302618542E-03,-108.448491622E-03,+46.274732545E-03
+91.328000E-06,+1.190259874E-03,-109.488849652E-03,+46.307317343E-03
+91.330000E-06,+1.081081170E-03,-110.313284316E-03,+46.283762067E-03
+91.332000E-06,+966.072534E-06,-110.411431298E-03,+46.241362570E-03
+91.334000E-06,+846.470619E-06,-110.136619743E-03,+46.241362570E-03
+91.336000E-06,+734.995275E-06,-108.585897395E-03,+46.283369479E-03
+91.338000E-06,+617.336671E-06,-106.721104701E-03,+46.302998876E-03
+91.340000E-06,+494.908123E-06,-107.447392388E-03,+46.266488198E-03
+91.342000E-06,+378.132842E-06,-109.371073274E-03,+46.236258927E-03
+91.344000E-06,+270.897447E-06,-109.351443872E-03,+46.257458675E-03
+91.346000E-06,+157.478792E-06,-107.800721524E-03,+46.293969354E-03
+91.348000E-06,+33.106935E-06,-107.997015496E-03,+46.304176640E-03
+91.350000E-06,-87.731632E-06,-110.391801907E-03,+46.280228776E-03
+91.352000E-06,-201.680280E-06,-111.549936313E-03,+46.251962444E-03
+91.354000E-06,-318.455562E-06,-110.293654914E-03,+46.245681037E-03
+91.356000E-06,-436.997489E-06,-108.448491617E-03,+46.272769605E-03
+91.358000E-06,-554.479429E-06,-108.625156193E-03,+46.295932293E-03
+91.360000E-06,-668.074748E-06,-109.096261716E-03,+46.276695484E-03
+91.362000E-06,-789.796637E-06,-108.880338349E-03,+46.235081163E-03
+91.364000E-06,-910.281874E-06,-107.329616001E-03,+46.243325510E-03
+91.366000E-06,-1.032887087E-03,-107.388504196E-03,+46.281013952E-03
+91.368000E-06,-1.152135672E-03,-109.076632322E-03,+46.305354404E-03
+91.370000E-06,-1.274564220E-03,-110.823648634E-03,+46.297110057E-03
+91.372000E-06,-1.406179325E-03,-111.726600884E-03,+46.262562319E-03
+91.374000E-06,-1.536557779E-03,-111.549936311E-03,+46.238614454E-03
+91.376000E-06,-1.665346251E-03,-110.274025518E-03,+46.255103148E-03
+91.378000E-06,-1.796431362E-03,-109.547737839E-03,+46.299072997E-03
+91.380000E-06,-1.926633151E-03,-109.331814475E-03,+46.304961816E-03
+91.382000E-06,-2.057894928E-03,-108.075533079E-03,+46.258243851E-03
+91.384000E-06,-2.194279976E-03,-106.937028067E-03,+46.232333048E-03
+91.386000E-06,-2.328898379E-03,-108.448491625E-03,+46.251569856E-03
+91.388000E-06,-2.463163453E-03,-111.294754160E-03,+46.304176640E-03
+91.390000E-06,-2.587535311E-03,-110.568466470E-03,+46.324983800E-03
+91.392000E-06,-2.715440461E-03,-108.075533076E-03,+46.285725007E-03
+91.394000E-06,-2.845288920E-03,-108.428862226E-03,+46.219377646E-03
+91.396000E-06,-2.977787349E-03,-111.275124763E-03,+46.221733173E-03
+91.398000E-06,-3.103219194E-03,-111.530306914E-03,+46.286510183E-03
+91.400000E-06,-3.218934488E-03,-108.350344629E-03,+46.320272745E-03
+91.402000E-06,-3.328466522E-03,-105.975187623E-03,+46.282584303E-03
+91.404000E-06,-3.447185114E-03,-107.074433850E-03,+46.221733173E-03
+91.406000E-06,-3.569790326E-03,-109.194408703E-03,+46.216629530E-03
+91.408000E-06,-3.687802259E-03,-110.018843364E-03,+46.285725007E-03
+91.410000E-06,-3.805107534E-03,-109.959955172E-03,+46.331265207E-03
+91.412000E-06,-3.923649462E-03,-109.665514220E-03,+46.303391464E-03
+91.414000E-06,-4.042368053E-03,-110.313284316E-03,+46.227229404E-03
+91.416000E-06,-4.163559949E-03,-110.274025521E-03,+46.200533425E-03
+91.418000E-06,-4.287578478E-03,-109.429961458E-03,+46.266880786E-03
+91.420000E-06,-4.403293772E-03,-108.625156190E-03,+46.315169102E-03
+91.422000E-06,-4.517772414E-03,-108.114791875E-03,+46.287687946E-03
+91.424000E-06,-4.638434316E-03,-107.918497908E-03,+46.230762696E-03
+91.426000E-06,-4.762452845E-03,-108.036274289E-03,+46.223303525E-03
+91.428000E-06,-4.888061355E-03,-109.292555685E-03,+46.283762067E-03
+91.430000E-06,-5.007663269E-03,-110.431060698E-03,+46.314383926E-03
+91.432000E-06,-5.128855165E-03,-110.293654917E-03,+46.284547243E-03
+91.434000E-06,-5.251637042E-03,-109.842178791E-03,+46.227621992E-03
+91.436000E-06,-5.373358931E-03,-108.271827046E-03,+46.225659053E-03
+91.438000E-06,-5.502324068E-03,-106.956657463E-03,+46.278658424E-03
+91.440000E-06,-5.629875888E-03,-107.761462736E-03,+46.302606288E-03
+91.442000E-06,-5.753364423E-03,-110.097360956E-03,+46.277480660E-03
+91.444000E-06,-5.867666401E-03,-110.548837076E-03,+46.243325510E-03
+91.446000E-06,-5.978258422E-03,-109.331814473E-03,+46.233510811E-03
+91.448000E-06,-6.100863634E-03,-109.567367238E-03,+46.273947369E-03
+91.450000E-06,-6.223998840E-03,-111.137718983E-03,+46.312813574E-03
+91.452000E-06,-6.342010774E-03,-110.391801899E-03,+46.290043474E-03
+91.454000E-06,-6.458079397E-03,-109.704773013E-03,+46.247643977E-03
+91.456000E-06,-6.566551443E-03,-110.313284316E-03,+46.244895861E-03
+91.458000E-06,-6.676436806E-03,-110.686242854E-03,+46.275517721E-03
+91.460000E-06,-6.790385455E-03,-109.351443869E-03,+46.290828650E-03
+91.462000E-06,-6.904864097E-03,-107.094063238E-03,+46.273162193E-03
+91.464000E-06,-7.016869435E-03,-107.074433847E-03,+46.259421615E-03
+91.466000E-06,-7.126048140E-03,-108.762561974E-03,+46.266095610E-03
+91.468000E-06,-7.243530079E-03,-110.372172508E-03,+46.300250760E-03
+91.470000E-06,-7.373378539E-03,-110.293654917E-03,+46.307709931E-03
+91.472000E-06,-7.504816980E-03,-109.292555680E-03,+46.280621364E-03
+91.474000E-06,-7.617705641E-03,-108.330715238E-03,+46.246466213E-03
+91.476000E-06,-7.722997725E-03,-109.037373526E-03,+46.231155284E-03
+91.478000E-06,-7.837476367E-03,-109.429961460E-03,+46.262562319E-03
+91.480000E-06,-7.970681453E-03,-108.507379809E-03,+46.286510183E-03
+91.482000E-06,-8.103886540E-03,-107.957756701E-03,+46.292006414E-03
+91.484000E-06,-8.226845081E-03,-107.211839622E-03,+46.273162193E-03
+91.486000E-06,-8.339733742E-03,-108.487750418E-03,+46.253925384E-03
+91.488000E-06,-8.448912447E-03,-111.294754160E-03,+46.259814203E-03
+91.490000E-06,-8.575050951E-03,-110.431060692E-03,+46.293969354E-03
+91.492000E-06,-8.707372714E-03,-107.506280569E-03,+46.304176640E-03
+91.494000E-06,-8.832804560E-03,-108.487750418E-03,+46.269236313E-03
+91.496000E-06,-8.944809898E-03,-111.432159938E-03,+46.236651515E-03
+91.498000E-06,-9.051338634E-03,-111.687342088E-03,+46.246466213E-03
+91.500000E-06,-9.168467245E-03,-108.369974025E-03,+46.281406540E-03
+91.502000E-06,-9.290895792E-03,-106.112593400E-03,+46.308102519E-03
+91.504000E-06,-9.406434422E-03,-106.681845913E-03,+46.297502645E-03
+91.506000E-06,-9.513493152E-03,-109.135520514E-03,+46.254317972E-03
+91.508000E-06,-9.624438502E-03,-110.018843364E-03,+46.237436691E-03
+91.510000E-06,-9.744747075E-03,-109.685143617E-03,+46.268843726E-03
+91.512000E-06,-9.867528952E-03,-109.214038094E-03,+46.312028399E-03
+91.514000E-06,-9.984304233E-03,-109.842178794E-03,+46.303784052E-03
+91.516000E-06,-10.096486236E-03,-110.077731554E-03,+46.249606917E-03
+91.518000E-06,-10.208138245E-03,-109.135520506E-03,+46.242147746E-03
+91.520000E-06,-10.313606994E-03,-108.723303175E-03,+46.277873248E-03
+91.522000E-06,-10.425612332E-03,-108.134421271E-03,+46.315954278E-03
+91.524000E-06,-10.541150961E-03,-107.231469019E-03,+46.304176640E-03
+91.526000E-06,-10.653332964E-03,-107.525909974E-03,+46.255103148E-03
+91.528000E-06,-10.760038364E-03,-108.546638607E-03,+46.229192344E-03
+91.530000E-06,-10.870983715E-03,-109.920696382E-03,+46.264917846E-03
+91.532000E-06,-10.985109028E-03,-111.196607172E-03,+46.308887695E-03
+91.534000E-06,-11.100824322E-03,-110.804019232E-03,+46.295147117E-03
+91.536000E-06,-11.217952932E-03,-109.076632313E-03,+46.248429153E-03
+91.538000E-06,-11.338968164E-03,-107.054804445E-03,+46.231155284E-03
+91.540000E-06,-11.461750040E-03,-107.349245403E-03,+46.268058550E-03
+91.542000E-06,-11.582235278E-03,-109.626255433E-03,+46.312028399E-03
+91.544000E-06,-11.699893882E-03,-109.802919998E-03,+46.312028398E-03
+91.546000E-06,-11.809779245E-03,-108.271827046E-03,+46.253532796E-03
+91.548000E-06,-11.928497837E-03,-108.605526797E-03,+46.220555409E-03
+91.550000E-06,-12.056049657E-03,-110.195507938E-03,+46.258243851E-03
+91.552000E-06,-12.177241553E-03,-111.098460187E-03,+46.316346866E-03
+91.554000E-06,-12.286243593E-03,-109.959955169E-03,+46.315561690E-03
+91.556000E-06,-12.389945696E-03,-108.546638601E-03,+46.251177268E-03
+91.558000E-06,-12.503011022E-03,-108.644785589E-03,+46.225659053E-03
+91.560000E-06,-12.618726316E-03,-108.958855938E-03,+46.267273374E-03
+91.562000E-06,-12.727198362E-03,-108.723303175E-03,+46.312028399E-03
+91.564000E-06,-12.823480553E-03,-107.722203938E-03,+46.312028398E-03
+91.566000E-06,-12.921882719E-03,-107.722203941E-03,+46.259029027E-03
+91.568000E-06,-13.033181399E-03,-109.802920004E-03,+46.226836816E-03
+91.570000E-06,-13.151193333E-03,-111.059201395E-03,+46.259029027E-03
+91.572000E-06,-13.267438620E-03,-110.372172503E-03,+46.310850635E-03
+91.574000E-06,-13.367254103E-03,-109.292555680E-03,+46.309280283E-03
+91.576000E-06,-13.454879730E-03,-109.017744127E-03,+46.250392092E-03
+91.578000E-06,-13.555931865E-03,-109.685143620E-03,+46.233903399E-03
+91.580000E-06,-13.675180450E-03,-109.508479046E-03,+46.260206791E-03
+91.582000E-06,-13.784359155E-03,-108.369974031E-03,+46.308102519E-03
+91.584000E-06,-13.874458086E-03,-107.388504193E-03,+46.311635811E-03
+91.586000E-06,-13.960847061E-03,-108.782191370E-03,+46.259029027E-03
+91.588000E-06,-14.056952588E-03,-111.334012953E-03,+46.235081163E-03
+91.590000E-06,-14.160654691E-03,-110.156249136E-03,+46.260206791E-03
+91.592000E-06,-14.260293509E-03,-107.467021775E-03,+46.302606288E-03
+91.594000E-06,-14.357989017E-03,-108.075533085E-03,+46.310850635E-03
+91.596000E-06,-14.454271208E-03,-111.098460193E-03,+46.267273374E-03
+91.598000E-06,-14.554086691E-03,-111.098460184E-03,+46.239007042E-03
+91.600000E-06,-14.653195515E-03,-107.741833328E-03,+46.260599379E-03
+91.602000E-06,-14.748417719E-03,-105.621858481E-03,+46.302606288E-03
+91.604000E-06,-14.836926669E-03,-106.622957724E-03,+46.316346866E-03
+91.606000E-06,-14.928262252E-03,-108.860708959E-03,+46.276302896E-03
+91.608000E-06,-15.028784393E-03,-110.529207683E-03,+46.237436691E-03
+91.610000E-06,-15.133016490E-03,-110.038472758E-03,+46.254710560E-03
+91.612000E-06,-15.232655308E-03,-108.154050664E-03,+46.288080534E-03
+91.614000E-06,-15.330350815E-03,-108.585897400E-03,+46.295147117E-03
+91.616000E-06,-15.430342963E-03,-111.019942605E-03,+46.259814203E-03
+91.618000E-06,-15.531925091E-03,-111.628453899E-03,+46.235473751E-03
+91.620000E-06,-15.626263972E-03,-109.057002914E-03,+46.251962444E-03
+91.622000E-06,-15.720779517E-03,-107.035175049E-03,+46.290436062E-03
+91.624000E-06,-15.814235075E-03,-107.624056959E-03,+46.303784052E-03
+91.626000E-06,-15.912460577E-03,-109.115891115E-03,+46.274732545E-03
+91.628000E-06,-16.017575997E-03,-110.136619746E-03,+46.248429153E-03
+91.630000E-06,-16.118628131E-03,-109.979584569E-03,+46.250784681E-03
+91.632000E-06,-16.212790347E-03,-109.665514220E-03,+46.276302896E-03
+91.634000E-06,-16.309779197E-03,-110.038472761E-03,+46.285332419E-03
+91.636000E-06,-16.411007996E-03,-109.272926283E-03,+46.261384555E-03
+91.638000E-06,-16.522660005E-03,-107.231469016E-03,+46.246858801E-03
+91.640000E-06,-16.636961982E-03,-107.231469022E-03,+46.259029027E-03
+91.642000E-06,-16.740310756E-03,-109.469220259E-03,+46.285725007E-03
+91.644000E-06,-16.838359593E-03,-109.920696379E-03,+46.294754529E-03
+91.646000E-06,-16.943298348E-03,-108.566267998E-03,+46.254317972E-03
+91.648000E-06,-17.061663611E-03,-108.782191367E-03,+46.237436691E-03
+91.650000E-06,-17.183032171E-03,-111.039572001E-03,+46.263347495E-03
+91.652000E-06,-17.298394136E-03,-112.178077010E-03,+46.308495107E-03
+91.654000E-06,-17.411636126E-03,-111.334012944E-03,+46.289650886E-03
+91.656000E-06,-17.520991496E-03,-109.547737836E-03,+46.244895861E-03
+91.658000E-06,-17.639710087E-03,-109.449590857E-03,+46.241755158E-03
+91.660000E-06,-17.753658736E-03,-110.293654920E-03,+46.264132670E-03
+91.662000E-06,-17.863014105E-03,-109.449590854E-03,+46.294754529E-03
+91.664000E-06,-17.965656221E-03,-107.388504190E-03,+46.295932293E-03
+91.666000E-06,-18.068651666E-03,-107.525909974E-03,+46.265310434E-03
+91.668000E-06,-18.176770383E-03,-109.645884830E-03,+46.252747620E-03
+91.670000E-06,-18.288069063E-03,-111.176977776E-03,+46.276302896E-03
+91.672000E-06,-18.402194376E-03,-110.391801899E-03,+46.307317343E-03
+91.674000E-06,-18.510489758E-03,-109.429961457E-03,+46.286510183E-03
+91.676000E-06,-18.608008601E-03,-109.586996635E-03,+46.241755158E-03
+91.678000E-06,-18.704114127E-03,-109.901066983E-03,+46.244110686E-03
+91.680000E-06,-18.807639566E-03,-109.253296887E-03,+46.286510183E-03
+91.682000E-06,-18.914698296E-03,-108.330715238E-03,+46.308887695E-03
+91.684000E-06,-19.018400399E-03,-107.800721526E-03,+46.289258298E-03
+91.686000E-06,-19.111679293E-03,-108.841079560E-03,+46.242147746E-03
+91.688000E-06,-19.201071565E-03,-110.646984064E-03,+46.257851263E-03
+91.690000E-06,-19.290110509E-03,-110.058102154E-03,+46.302213700E-03
+91.692000E-06,-19.386569365E-03,-108.016644886E-03,+46.313598750E-03
+91.694000E-06,-19.477904948E-03,-109.390702671E-03,+46.262169731E-03
+91.696000E-06,-19.569593861E-03,-112.649182539E-03,+46.229977520E-03
+91.698000E-06,-19.656512829E-03,-111.844377259E-03,+46.262169731E-03
+91.700000E-06,-19.736541880E-03,-108.369974024E-03,+46.300250760E-03
+91.702000E-06,-19.816924260E-03,-106.387404955E-03,+46.304961816E-03
+91.704000E-06,-19.901193260E-03,-107.133322040E-03,+46.266488198E-03
+91.706000E-06,-19.981045646E-03,-109.057002926E-03,+46.244503274E-03
+91.708000E-06,-20.072557894E-03,-110.136619746E-03,+46.269628902E-03
+91.710000E-06,-20.159653528E-03,-109.979584569E-03,+46.317524630E-03
+91.712000E-06,-20.238445926E-03,-109.390702665E-03,+46.310065459E-03
+91.714000E-06,-20.312468381E-03,-109.861808190E-03,+46.242147746E-03
+91.716000E-06,-20.389670799E-03,-110.077731554E-03,+46.216236942E-03
+91.718000E-06,-20.473586470E-03,-109.685143617E-03,+46.271591841E-03
+91.720000E-06,-20.557148812E-03,-108.527009205E-03,+46.329302268E-03
+91.722000E-06,-20.626931318E-03,-108.095162478E-03,+46.311635810E-03
+91.724000E-06,-20.689823905E-03,-107.643686352E-03,+46.253140208E-03
+91.726000E-06,-20.764376354E-03,-108.684044385E-03,+46.223303525E-03
+91.728000E-06,-20.850588665E-03,-110.215137335E-03,+46.275125133E-03
+91.730000E-06,-20.929557728E-03,-111.235865965E-03,+46.318702393E-03
+91.732000E-06,-21.006053487E-03,-110.666613454E-03,+46.296324881E-03
+91.734000E-06,-21.071242714E-03,-110.156249139E-03,+46.223696113E-03
+91.736000E-06,-21.142261871E-03,-108.311085838E-03,+46.191896490E-03
+91.738000E-06,-21.229180840E-03,-106.819251685E-03,+46.260206791E-03
+91.740000E-06,-21.315746480E-03,-107.604427562E-03,+46.333620735E-03
+91.742000E-06,-21.389592271E-03,-110.077731560E-03,+46.312420986E-03
+91.744000E-06,-21.454251504E-03,-110.136619743E-03,+46.244895861E-03
+91.746000E-06,-21.524034009E-03,-108.448491616E-03,+46.205637068E-03
+91.748000E-06,-21.607066358E-03,-108.762561971E-03,+46.253532796E-03
+91.750000E-06,-21.691865352E-03,-110.627354668E-03,+46.321450509E-03
+91.752000E-06,-21.775427694E-03,-111.844377266E-03,+46.321843097E-03
+91.754000E-06,-21.846446851E-03,-110.882536818E-03,+46.249214329E-03
+91.756000E-06,-21.918172667E-03,-109.351443869E-03,+46.192289078E-03
+91.758000E-06,-21.993961768E-03,-109.704773016E-03,+46.235081163E-03
+91.760000E-06,-22.070280863E-03,-110.058102157E-03,+46.310850635E-03
+91.762000E-06,-22.136706741E-03,-108.860708950E-03,+46.326161564E-03
+91.764000E-06,-22.202955955E-03,-107.584798160E-03,+46.280228776E-03
+91.766000E-06,-22.271855138E-03,-107.839980322E-03,+46.226836816E-03
+91.768000E-06,-22.343580954E-03,-110.372172512E-03,+46.236651515E-03
+91.770000E-06,-22.416896751E-03,-111.824747869E-03,+46.304961816E-03
+91.772000E-06,-22.486679256E-03,-109.783290595E-03,+46.341865082E-03
+91.774000E-06,-22.548511856E-03,-108.507379808E-03,+46.293576765E-03
+91.776000E-06,-22.617941033E-03,-110.156249146E-03,+46.231155284E-03
+91.778000E-06,-22.698500077E-03,-111.373271743E-03,+46.228799756E-03
+91.780000E-06,-22.774289178E-03,-109.724402406E-03,+46.279051012E-03
+91.782000E-06,-22.835591784E-03,-107.270727808E-03,+46.324591213E-03
+91.784000E-06,-22.899897688E-03,-107.094063244E-03,+46.310850635E-03
+91.786000E-06,-22.972330162E-03,-109.861808197E-03,+46.250392092E-03
+91.788000E-06,-23.047059276E-03,-112.040671236E-03,+46.225659053E-03
+91.790000E-06,-23.119491750E-03,-109.685143610E-03,+46.267273374E-03
+91.792000E-06,-23.179204375E-03,-107.113692634E-03,+46.314776514E-03
+91.794000E-06,-23.237150354E-03,-109.135520515E-03,+46.304176640E-03
+91.796000E-06,-23.308699505E-03,-112.079930032E-03,+46.263347494E-03
+91.798000E-06,-23.388375227E-03,-111.353642340E-03,+46.238614454E-03
+91.800000E-06,-23.454094447E-03,-107.624056946E-03,+46.246858801E-03
+91.802000E-06,-23.505327173E-03,-105.464823306E-03,+46.284154655E-03
+91.804000E-06,-23.552319948E-03,-106.465922550E-03,+46.311243223E-03
+91.806000E-06,-23.613799219E-03,-108.841079563E-03,+46.284154655E-03
+91.808000E-06,-23.694711593E-03,-109.979584572E-03,+46.260599379E-03
+91.810000E-06,-23.770677358E-03,-109.685143617E-03,+46.260599379E-03
+91.812000E-06,-23.828270008E-03,-109.626255427E-03,+46.285725007E-03
+91.814000E-06,-23.880916050E-03,-109.901066983E-03,+46.289258298E-03
+91.816000E-06,-23.940628675E-03,-110.352543109E-03,+46.278265836E-03
+91.818000E-06,-24.008821200E-03,-109.724402409E-03,+46.262954906E-03
+91.820000E-06,-24.080547016E-03,-108.527009205E-03,+46.255495736E-03
+91.822000E-06,-24.143969597E-03,-108.232568256E-03,+46.262954907E-03
+91.824000E-06,-24.195025658E-03,-108.075533082E-03,+46.269628901E-03
+91.826000E-06,-24.239545129E-03,-108.330715241E-03,+46.275910308E-03
+91.828000E-06,-24.294487811E-03,-109.744031812E-03,+46.287687946E-03
+91.830000E-06,-24.359677038E-03,-110.627354665E-03,+46.270021489E-03
+91.832000E-06,-24.423629612E-03,-110.175878535E-03,+46.261777143E-03
+91.834000E-06,-24.477335642E-03,-109.822549394E-03,+46.252747620E-03
+91.836000E-06,-24.522208443E-03,-108.546638601E-03,+46.262562319E-03
+91.838000E-06,-24.563547953E-03,-106.721104700E-03,+46.283369479E-03
+91.840000E-06,-24.619373957E-03,-107.584798166E-03,+46.280621364E-03
+91.842000E-06,-24.693396412E-03,-109.802920005E-03,+46.260599379E-03
+91.844000E-06,-24.756112335E-03,-110.097360950E-03,+46.252355032E-03
+91.846000E-06,-24.795861863E-03,-108.585897394E-03,+46.265310434E-03
+91.848000E-06,-24.830134790E-03,-108.507379812E-03,+46.302998876E-03
+91.850000E-06,-24.877657560E-03,-110.450690098E-03,+46.302606288E-03
+91.852000E-06,-24.954329984E-03,-112.236965203E-03,+46.268843725E-03
+91.854000E-06,-25.029942420E-03,-111.903265452E-03,+46.231155284E-03
+91.856000E-06,-25.078878506E-03,-110.175878532E-03,+46.231940460E-03
+91.858000E-06,-25.112974768E-03,-109.115891109E-03,+46.290436062E-03
+91.860000E-06,-25.146717701E-03,-109.410332064E-03,+46.315169102E-03
+91.862000E-06,-25.209080295E-03,-109.331814475E-03,+46.268058550E-03
+91.864000E-06,-25.284162738E-03,-108.075533078E-03,+46.233510811E-03
+91.866000E-06,-25.346878660E-03,-107.898868511E-03,+46.254317972E-03
+91.868000E-06,-25.384154885E-03,-110.097360957E-03,+46.296324881E-03
+91.870000E-06,-25.424257742E-03,-111.235865966E-03,+46.307317343E-03
+91.872000E-06,-25.483793703E-03,-110.391801899E-03,+46.258636439E-03
+91.874000E-06,-25.563292760E-03,-109.017744124E-03,+46.221340585E-03
+91.876000E-06,-25.629188645E-03,-108.841079556E-03,+46.244503274E-03
+91.878000E-06,-25.675474762E-03,-109.253296890E-03,+46.308887695E-03
+91.880000E-06,-25.716814272E-03,-109.174779301E-03,+46.320272745E-03
+91.882000E-06,-25.768930320E-03,-107.781092126E-03,+46.268451137E-03
+91.884000E-06,-25.827582958E-03,-107.035175051E-03,+46.233510811E-03
+91.886000E-06,-25.899308774E-03,-109.017744134E-03,+46.257066088E-03
+91.888000E-06,-25.959198063E-03,-111.648083302E-03,+46.304961816E-03
+91.890000E-06,-25.996120959E-03,-110.607725262E-03,+46.313991338E-03
+91.892000E-06,-26.033750512E-03,-107.938127297E-03,+46.267665962E-03
+91.894000E-06,-26.084276580E-03,-108.409232830E-03,+46.214274002E-03
+91.896000E-06,-26.146462509E-03,-111.137718987E-03,+46.237829279E-03
+91.898000E-06,-26.202641842E-03,-111.098460184E-03,+46.310850635E-03
+91.900000E-06,-26.233028148E-03,-107.741833327E-03,+46.317917217E-03
+91.902000E-06,-26.257407859E-03,-105.621858480E-03,+46.259814203E-03
+91.904000E-06,-26.291327457E-03,-106.897769280E-03,+46.229584932E-03
+91.906000E-06,-26.331606979E-03,-109.449590864E-03,+46.259421615E-03
+91.908000E-06,-26.376303115E-03,-110.470319491E-03,+46.316346866E-03
+91.910000E-06,-26.411636030E-03,-110.018843361E-03,+46.318309805E-03
+91.912000E-06,-26.431952455E-03,-109.528108442E-03,+46.265310434E-03
+91.914000E-06,-26.452798875E-03,-109.744031809E-03,+46.219377646E-03
+91.916000E-06,-26.482655187E-03,-109.645884824E-03,+46.241362570E-03
+91.918000E-06,-26.513748152E-03,-109.351443872E-03,+46.311243223E-03
+91.920000E-06,-26.542367812E-03,-108.899967745E-03,+46.317917217E-03
+91.922000E-06,-26.561977579E-03,-108.154050667E-03,+46.270806665E-03
+91.924000E-06,-26.582823999E-03,-108.055903685E-03,+46.231155284E-03
+91.926000E-06,-26.611443659E-03,-108.468121019E-03,+46.245681037E-03
+91.928000E-06,-26.638650003E-03,-110.862907432E-03,+46.286902771E-03
+91.930000E-06,-26.658083106E-03,-111.608824503E-03,+46.303391464E-03
+91.932000E-06,-26.686349437E-03,-109.469220246E-03,+46.269236313E-03
+91.934000E-06,-26.711082477E-03,-108.468121016E-03,+46.236651515E-03
+91.936000E-06,-26.732635555E-03,-109.331814479E-03,+46.246466213E-03
+91.938000E-06,-26.757545260E-03,-108.507379808E-03,+46.281406540E-03
+91.940000E-06,-26.780511654E-03,-107.408133589E-03,+46.294361941E-03
+91.942000E-06,-26.810544631E-03,-108.782191371E-03,+46.284547243E-03
+91.944000E-06,-26.837927639E-03,-109.685143620E-03,+46.266488198E-03
+91.946000E-06,-26.859834046E-03,-109.096261712E-03,+46.255888324E-03
+91.948000E-06,-26.881033795E-03,-109.135520509E-03,+46.265703022E-03
+91.950000E-06,-26.903470195E-03,-109.979584572E-03,+46.281013952E-03
+91.952000E-06,-26.929793216E-03,-110.784389839E-03,+46.288473122E-03
+91.954000E-06,-26.970249403E-03,-110.470319487E-03,+46.281013952E-03
+91.956000E-06,-27.003992336E-03,-109.586996631E-03,+46.249606917E-03
+91.958000E-06,-27.022895445E-03,-109.194408698E-03,+46.250784681E-03
+91.960000E-06,-27.033671984E-03,-109.429961461E-03,+46.265310434E-03
+91.962000E-06,-27.043565200E-03,-108.369974030E-03,+46.278265836E-03
+91.964000E-06,-27.062114980E-03,-107.800721526E-03,+46.285332419E-03
+91.966000E-06,-27.097977888E-03,-108.016644893E-03,+46.272377017E-03
+91.968000E-06,-27.120060959E-03,-109.979584576E-03,+46.256673500E-03
+91.970000E-06,-27.131190827E-03,-111.078830791E-03,+46.257458675E-03
+91.972000E-06,-27.141084043E-03,-111.059201392E-03,+46.290828650E-03
+91.974000E-06,-27.154687215E-03,-109.665514217E-03,+46.301035936E-03
+91.976000E-06,-27.178713597E-03,-108.782191364E-03,+46.271591841E-03
+91.978000E-06,-27.195496731E-03,-109.096261716E-03,+46.245288449E-03
+91.980000E-06,-27.208569909E-03,-109.567367238E-03,+46.253140208E-03
+91.982000E-06,-27.217579802E-03,-108.389603427E-03,+46.284939831E-03
+91.984000E-06,-27.222349746E-03,-106.976286859E-03,+46.305746992E-03
+91.986000E-06,-27.232772955E-03,-108.585897404E-03,+46.277873248E-03
+91.988000E-06,-27.255209356E-03,-111.314383558E-03,+46.243325510E-03
+91.990000E-06,-27.268105870E-03,-110.843278025E-03,+46.247251389E-03
+91.992000E-06,-27.271992490E-03,-108.114791867E-03,+46.278658424E-03
+91.994000E-06,-27.273582471E-03,-107.879239115E-03,+46.288473122E-03
+91.996000E-06,-27.284889004E-03,-111.334012958E-03,+46.261777143E-03
+91.998000E-06,-27.303792113E-03,-111.412530533E-03,+46.241362570E-03
+92.000000E-06,-27.317395285E-03,-108.055903675E-03,+46.252747620E-03
+92.002000E-06,-27.322695222E-03,-106.073334606E-03,+46.293184178E-03
+92.004000E-06,-27.310858696E-03,-106.956657470E-03,+46.306924755E-03
+92.006000E-06,-27.307855398E-03,-109.174779308E-03,+46.277873248E-03
+92.008000E-06,-27.322518557E-03,-109.744031809E-03,+46.248821741E-03
+92.010000E-06,-27.343188312E-03,-109.096261712E-03,+46.264525258E-03
+92.012000E-06,-27.359441453E-03,-109.822549398E-03,+46.308495107E-03
+92.014000E-06,-27.361384763E-03,-110.764760443E-03,+46.306139579E-03
+92.016000E-06,-27.355201503E-03,-111.019942599E-03,+46.249999504E-03
+92.018000E-06,-27.365448048E-03,-110.077731550E-03,+46.231155284E-03
+92.020000E-06,-27.383114505E-03,-109.115891109E-03,+46.259814203E-03
+92.022000E-06,-27.397777665E-03,-108.860708953E-03,+46.308102519E-03
+92.024000E-06,-27.399544310E-03,-108.291456445E-03,+46.325376388E-03
+92.026000E-06,-27.392124398E-03,-108.899967749E-03,+46.274732544E-03
+92.028000E-06,-27.389827759E-03,-110.234766732E-03,+46.220555409E-03
+92.030000E-06,-27.399544310E-03,-111.235865966E-03,+46.238614455E-03
+92.032000E-06,-27.417034103E-03,-110.804019232E-03,+46.299858173E-03
+92.034000E-06,-27.429223958E-03,-109.626255424E-03,+46.321843097E-03
+92.036000E-06,-27.423217363E-03,-108.782191364E-03,+46.271591841E-03
+92.038000E-06,-27.415974115E-03,-107.997015493E-03,+46.217414706E-03
+92.040000E-06,-27.417564097E-03,-108.723303179E-03,+46.224481289E-03
+92.042000E-06,-27.429047294E-03,-110.489948891E-03,+46.300643349E-03
+92.044000E-06,-27.439293839E-03,-110.313284313E-03,+46.335976263E-03
+92.046000E-06,-27.438057187E-03,-108.468121012E-03,+46.290043474E-03
+92.048000E-06,-27.433993902E-03,-108.350344638E-03,+46.217022118E-03
+92.050000E-06,-27.435937212E-03,-110.431060702E-03,+46.215844354E-03
+92.052000E-06,-27.441237149E-03,-111.824747870E-03,+46.291221238E-03
+92.054000E-06,-27.449363719E-03,-111.019942595E-03,+46.329302268E-03
+92.056000E-06,-27.450423707E-03,-109.783290598E-03,+46.292006414E-03
+92.058000E-06,-27.446713751E-03,-109.901066983E-03,+46.228407168E-03
+92.060000E-06,-27.443710453E-03,-110.352543109E-03,+46.206422244E-03
+92.062000E-06,-27.433463908E-03,-109.449590853E-03,+46.267665962E-03
+92.064000E-06,-27.424630679E-03,-107.663315744E-03,+46.345398373E-03
+92.066000E-06,-27.414914128E-03,-107.839980322E-03,+46.330480031E-03
+92.068000E-06,-27.412440824E-03,-110.234766735E-03,+46.239007042E-03
+92.070000E-06,-27.408554203E-03,-111.667712696E-03,+46.196214957E-03
+92.072000E-06,-27.394421038E-03,-110.862907421E-03,+46.257851264E-03
+92.074000E-06,-27.368981339E-03,-109.488849646E-03,+46.333228147E-03
+92.076000E-06,-27.344601629E-03,-109.037373523E-03,+46.323413449E-03
+92.078000E-06,-27.334178419E-03,-109.410332064E-03,+46.246466213E-03
+92.080000E-06,-27.325698520E-03,-109.331814475E-03,+46.197392721E-03
+92.082000E-06,-27.299905492E-03,-107.938127300E-03,+46.244110686E-03
+92.084000E-06,-27.254326033E-03,-107.192210226E-03,+46.334013323E-03
+92.086000E-06,-27.211219878E-03,-109.037373531E-03,+46.340294730E-03
+92.088000E-06,-27.192316769E-03,-112.060300637E-03,+46.265310434E-03
+92.090000E-06,-27.181716894E-03,-110.529207673E-03,+46.213488827E-03
+92.092000E-06,-27.159457158E-03,-106.269628566E-03,+46.240577394E-03
+92.094000E-06,-27.116880997E-03,-107.349245407E-03,+46.305746992E-03
+92.096000E-06,-27.074128170E-03,-112.119188833E-03,+46.319880157E-03
+92.098000E-06,-27.047805149E-03,-112.904364689E-03,+46.268451137E-03
+92.100000E-06,-27.032435332E-03,-108.527009193E-03,+46.211525887E-03
+92.102000E-06,-27.009645602E-03,-105.425564509E-03,+46.240184806E-03
+92.104000E-06,-26.964596136E-03,-106.583698932E-03,+46.302998876E-03
+92.106000E-06,-26.904176853E-03,-110.784389851E-03,+46.319487569E-03
+92.108000E-06,-26.858067400E-03,-112.040671233E-03,+46.276695484E-03
+92.110000E-06,-26.832804367E-03,-109.940325768E-03,+46.242932922E-03
+92.112000E-06,-26.811427954E-03,-109.214038094E-03,+46.260991967E-03
+92.114000E-06,-26.774151729E-03,-111.078830795E-03,+46.297110057E-03
+92.116000E-06,-26.716029085E-03,-111.491048121E-03,+46.296324881E-03
+92.118000E-06,-26.658966429E-03,-110.274025517E-03,+46.265310434E-03
+92.120000E-06,-26.609853678E-03,-109.135520505E-03,+46.241755158E-03
+92.122000E-06,-26.580350695E-03,-107.761462730E-03,+46.263740082E-03
+92.124000E-06,-26.552261028E-03,-107.859609719E-03,+46.300250761E-03
+92.126000E-06,-26.511628177E-03,-108.585897401E-03,+46.291221238E-03
+92.128000E-06,-26.448205595E-03,-109.645884827E-03,+46.264525258E-03
+92.130000E-06,-26.387962977E-03,-110.332913713E-03,+46.252747620E-03
+92.132000E-06,-26.353336721E-03,-110.548837076E-03,+46.273554781E-03
+92.134000E-06,-26.325953712E-03,-110.018843361E-03,+46.290436062E-03
+92.136000E-06,-26.285497526E-03,-108.841079553E-03,+46.273162193E-03
+92.138000E-06,-26.222074945E-03,-107.172580825E-03,+46.251177268E-03
+92.140000E-06,-26.150702458E-03,-107.781092133E-03,+46.245681037E-03
+92.142000E-06,-26.093463137E-03,-110.097360958E-03,+46.281013952E-03
+92.144000E-06,-26.054420267E-03,-110.274025521E-03,+46.305354404E-03
+92.146000E-06,-26.007780820E-03,-108.468121012E-03,+46.275125132E-03
+92.148000E-06,-25.946124885E-03,-108.350344638E-03,+46.242932922E-03
+92.150000E-06,-25.868922467E-03,-110.018843369E-03,+46.258243851E-03
+92.152000E-06,-25.803379911E-03,-111.078830792E-03,+46.299465585E-03
+92.154000E-06,-25.759567098E-03,-110.372172502E-03,+46.296717469E-03
+92.156000E-06,-25.714870961E-03,-109.155149901E-03,+46.257066087E-03
+92.158000E-06,-25.656041659E-03,-109.135520509E-03,+46.232333047E-03
+92.160000E-06,-25.581665875E-03,-109.704773016E-03,+46.259814203E-03
+92.162000E-06,-25.496690216E-03,-109.645884824E-03,+46.297110057E-03
+92.164000E-06,-25.422844426E-03,-107.702574537E-03,+46.310065459E-03
+92.166000E-06,-25.373025017E-03,-107.015545655E-03,+46.264525258E-03
+92.168000E-06,-25.320202310E-03,-109.017744135E-03,+46.230370108E-03
+92.170000E-06,-25.250419804E-03,-110.961054414E-03,+46.267665962E-03
+92.172000E-06,-25.173394051E-03,-111.059201392E-03,+46.323020861E-03
+92.174000E-06,-25.095661640E-03,-110.489948884E-03,+46.319094981E-03
+92.176000E-06,-25.022875837E-03,-109.999213965E-03,+46.240577394E-03
+92.178000E-06,-24.963163212E-03,-110.077731554E-03,+46.210348123E-03
+92.180000E-06,-24.897797321E-03,-108.998114727E-03,+46.248821741E-03
+92.182000E-06,-24.814058314E-03,-108.016644889E-03,+46.326161564E-03
+92.184000E-06,-24.719189439E-03,-107.349245400E-03,+46.330872619E-03
+92.186000E-06,-24.631740477E-03,-109.194408705E-03,+46.255888323E-03
+92.188000E-06,-24.557894686E-03,-111.392901144E-03,+46.212311063E-03
+92.190000E-06,-24.485815541E-03,-110.293654913E-03,+46.259814203E-03
+92.192000E-06,-24.398896572E-03,-107.761462726E-03,+46.335976263E-03
+92.194000E-06,-24.299964412E-03,-109.214038101E-03,+46.326554152E-03
+92.196000E-06,-24.208275500E-03,-112.079930033E-03,+46.257851263E-03
+92.198000E-06,-24.126479804E-03,-111.903265451E-03,+46.212703651E-03
+92.200000E-06,-24.053340671E-03,-108.801820752E-03,+46.248821741E-03
+92.202000E-06,-23.966421702E-03,-106.583698921E-03,+46.323413449E-03
+92.204000E-06,-23.862542935E-03,-107.290357215E-03,+46.327731916E-03
+92.206000E-06,-23.760254148E-03,-109.763661213E-03,+46.258243851E-03
+92.208000E-06,-23.677045135E-03,-111.059201395E-03,+46.204459304E-03
+92.210000E-06,-23.596486091E-03,-109.959955168E-03,+46.253140208E-03
+92.212000E-06,-23.507270482E-03,-109.508479046E-03,+46.335191087E-03
+92.214000E-06,-23.410634962E-03,-109.881437587E-03,+46.329302268E-03
+92.216000E-06,-23.306932859E-03,-109.802919998E-03,+46.249999504E-03
+92.218000E-06,-23.209767345E-03,-109.096261712E-03,+46.208777771E-03
+92.220000E-06,-23.118608426E-03,-108.173680063E-03,+46.251177269E-03
+92.222000E-06,-23.021972906E-03,-107.643686352E-03,+46.310065459E-03
+92.224000E-06,-22.919507455E-03,-107.584798163E-03,+46.328517092E-03
+92.226000E-06,-22.818808649E-03,-108.134421274E-03,+46.272377017E-03
+92.228000E-06,-22.733302997E-03,-109.724402417E-03,+46.228407168E-03
+92.230000E-06,-22.643734060E-03,-110.902166221E-03,+46.256280912E-03
+92.232000E-06,-22.545861887E-03,-110.489948884E-03,+46.321450509E-03
+92.234000E-06,-22.446929727E-03,-109.586996631E-03,+46.321843097E-03
+92.236000E-06,-22.355417480E-03,-108.644785586E-03,+46.257458675E-03
+92.238000E-06,-22.277331739E-03,-107.427762985E-03,+46.220947997E-03
+92.240000E-06,-22.192356081E-03,-107.682945148E-03,+46.247251389E-03
+92.242000E-06,-22.096250554E-03,-109.528108450E-03,+46.309280283E-03
+92.244000E-06,-21.991311799E-03,-110.195507935E-03,+46.328517092E-03
+92.246000E-06,-21.901389532E-03,-108.330715233E-03,+46.266880786E-03
+92.248000E-06,-21.827367077E-03,-108.880338353E-03,+46.224873877E-03
+92.250000E-06,-21.741684760E-03,-110.784389844E-03,+46.266880786E-03
+92.252000E-06,-21.642929265E-03,-110.215137328E-03,+46.328517092E-03
+92.254000E-06,-21.538873833E-03,-109.135520505E-03,+46.314383926E-03
+92.256000E-06,-21.442944971E-03,-109.685143620E-03,+46.245288449E-03
+92.258000E-06,-21.358145977E-03,-110.607725269E-03,+46.211133299E-03
+92.260000E-06,-21.263630431E-03,-110.175878535E-03,+46.254317972E-03
+92.262000E-06,-21.155158384E-03,-108.036274281E-03,+46.318702394E-03
+92.264000E-06,-21.035026476E-03,-107.054804447E-03,+46.321450509E-03
+92.266000E-06,-20.927084423E-03,-108.468121023E-03,+46.265703022E-03
+92.268000E-06,-20.840872113E-03,-110.470319495E-03,+46.230370108E-03
+92.270000E-06,-20.753776479E-03,-110.588095869E-03,+46.267665962E-03
+92.272000E-06,-20.645127768E-03,-109.331814471E-03,+46.325768976E-03
+92.274000E-06,-20.514925979E-03,-109.017744127E-03,+46.313991338E-03
+92.276000E-06,-20.393204090E-03,-109.410332064E-03,+46.248036565E-03
+92.278000E-06,-20.300278526E-03,-109.606626031E-03,+46.203281540E-03
+92.280000E-06,-20.208766278E-03,-108.939226538E-03,+46.250392093E-03
+92.282000E-06,-20.098350921E-03,-108.016644889E-03,+46.321057921E-03
+92.284000E-06,-19.982812291E-03,-107.349245400E-03,+46.338331790E-03
+92.286000E-06,-19.871866941E-03,-108.507379816E-03,+46.270806665E-03
+92.288000E-06,-19.773994769E-03,-111.019942607E-03,+46.211525887E-03
+92.290000E-06,-19.677889242E-03,-110.254396120E-03,+46.251177269E-03
+92.292000E-06,-19.566943891E-03,-107.761462725E-03,+46.318309806E-03
+92.294000E-06,-19.450168610E-03,-108.389603434E-03,+46.318702393E-03
+92.296000E-06,-19.341519899E-03,-111.412530544E-03,+46.254317972E-03
+92.298000E-06,-19.232871188E-03,-111.412530532E-03,+46.217807294E-03
+92.300000E-06,-19.116625900E-03,-108.468121007E-03,+46.249606917E-03
+92.302000E-06,-18.998083973E-03,-106.407034350E-03,+46.309672871E-03
+92.304000E-06,-18.874418773E-03,-106.995916263E-03,+46.323020861E-03
+92.306000E-06,-18.753756871E-03,-109.312185087E-03,+46.268843725E-03
+92.308000E-06,-18.638571571E-03,-110.175878539E-03,+46.222518349E-03
+92.310000E-06,-18.520382973E-03,-109.842178790E-03,+46.244503274E-03
+92.312000E-06,-18.394244469E-03,-109.645884824E-03,+46.311635811E-03
+92.314000E-06,-18.271992586E-03,-109.901066983E-03,+46.320665333E-03
+92.316000E-06,-18.162813881E-03,-110.215137332E-03,+46.265703022E-03
+92.318000E-06,-18.050455214E-03,-109.292555679E-03,+46.235866339E-03
+92.320000E-06,-17.926260021E-03,-108.605526793E-03,+46.254710560E-03
+92.322000E-06,-17.796764890E-03,-108.389603430E-03,+46.299072997E-03
+92.324000E-06,-17.681579590E-03,-107.270727810E-03,+46.313206162E-03
+92.326000E-06,-17.578407481E-03,-107.663315752E-03,+46.278658424E-03
+92.328000E-06,-17.464282168E-03,-108.566268005E-03,+46.240577394E-03
+92.330000E-06,-17.336023689E-03,-110.332913717E-03,+46.257851263E-03
+92.332000E-06,-17.213418477E-03,-110.980683806E-03,+46.293969354E-03
+92.334000E-06,-17.096819860E-03,-110.352543106E-03,+46.284939831E-03
+92.336000E-06,-16.983401205E-03,-109.155149901E-03,+46.252747620E-03
+92.338000E-06,-16.875282488E-03,-107.349245395E-03,+46.231940460E-03
+92.340000E-06,-16.765397125E-03,-107.663315752E-03,+46.254317972E-03
+92.342000E-06,-16.642791913E-03,-109.665514228E-03,+46.296324881E-03
+92.344000E-06,-16.518420055E-03,-110.215137332E-03,+46.307317343E-03
+92.346000E-06,-16.395284849E-03,-108.742932567E-03,+46.272377017E-03
+92.348000E-06,-16.283456175E-03,-108.527009208E-03,+46.239792218E-03
+92.350000E-06,-16.170744179E-03,-110.588095877E-03,+46.249606917E-03
+92.352000E-06,-16.052732246E-03,-111.844377267E-03,+46.295539705E-03
+92.354000E-06,-15.922883786E-03,-110.745131039E-03,+46.304569228E-03
+92.356000E-06,-15.791445345E-03,-109.469220249E-03,+46.255495736E-03
+92.358000E-06,-15.663716860E-03,-109.037373523E-03,+46.226444228E-03
+92.360000E-06,-15.546411585E-03,-109.272926287E-03,+46.237044103E-03
+92.362000E-06,-15.421863063E-03,-108.625156189E-03,+46.288473123E-03
+92.364000E-06,-15.282474716E-03,-107.290357207E-03,+46.306532167E-03
+92.366000E-06,-15.134959799E-03,-107.525909974E-03,+46.277873248E-03
+92.368000E-06,-15.005111340E-03,-109.508479054E-03,+46.237829279E-03
+92.370000E-06,-14.877912849E-03,-111.019942603E-03,+46.238221867E-03
+92.372000E-06,-14.750714357E-03,-110.234766724E-03,+46.293969354E-03
+92.374000E-06,-14.616095954E-03,-108.998114727E-03,+46.323806037E-03
+92.376000E-06,-14.468051044E-03,-108.841079556E-03,+46.285725007E-03
+92.378000E-06,-14.324422748E-03,-109.802920002E-03,+46.244110685E-03
+92.380000E-06,-14.191570990E-03,-109.802919998E-03,+46.233510811E-03
+92.382000E-06,-14.058895898E-03,-108.684044378E-03,+46.273947369E-03
+92.384000E-06,-13.917387576E-03,-107.290357207E-03,+46.315561690E-03
+92.386000E-06,-13.767222691E-03,-108.899967753E-03,+46.293184177E-03
+92.388000E-06,-13.622181078E-03,-111.765859686E-03,+46.253532796E-03
+92.390000E-06,-13.485442700E-03,-110.902166213E-03,+46.237436691E-03
+92.392000E-06,-13.357184222E-03,-107.427762976E-03,+46.271591841E-03
+92.394000E-06,-13.220092515E-03,-107.918497912E-03,+46.298680409E-03
+92.396000E-06,-13.085297447E-03,-111.216236578E-03,+46.296324881E-03
+92.398000E-06,-12.948559069E-03,-111.530306914E-03,+46.270806665E-03
+92.400000E-06,-12.807757406E-03,-108.487750403E-03,+46.237044103E-03
+92.402000E-06,-12.659005837E-03,-106.132222794E-03,+46.249214329E-03
+92.404000E-06,-12.514140889E-03,-107.368874804E-03,+46.284547243E-03
+92.406000E-06,-12.376165859E-03,-109.508479054E-03,+46.297502645E-03
+92.408000E-06,-12.241547456E-03,-110.882536825E-03,+46.279443600E-03
+92.410000E-06,-12.106045730E-03,-110.627354661E-03,+46.249214329E-03
+92.412000E-06,-11.960474123E-03,-109.194408693E-03,+46.248036565E-03
+92.414000E-06,-11.807305940E-03,-109.135520509E-03,+46.270414077E-03
+92.416000E-06,-11.668094259E-03,-110.941425018E-03,+46.301035936E-03
+92.418000E-06,-11.540895767E-03,-111.334012947E-03,+46.299465585E-03
+92.420000E-06,-11.408927333E-03,-108.742932563E-03,+46.268451138E-03
+92.422000E-06,-11.259999100E-03,-107.133322032E-03,+46.247643977E-03
+92.424000E-06,-11.107537575E-03,-106.956657466E-03,+46.259029027E-03
+92.426000E-06,-10.967265905E-03,-108.880338357E-03,+46.280228776E-03
+92.428000E-06,-10.846074010E-03,-111.078830796E-03,+46.296717469E-03
+92.430000E-06,-10.723645462E-03,-110.804019232E-03,+46.284939831E-03
+92.432000E-06,-10.579663837E-03,-109.901066979E-03,+46.255495736E-03
+92.434000E-06,-10.420312394E-03,-109.783290602E-03,+46.246073625E-03
+92.436000E-06,-10.276507433E-03,-109.645884824E-03,+46.270021489E-03
+92.438000E-06,-10.161145468E-03,-108.252197648E-03,+46.301035936E-03
+92.440000E-06,-10.042073547E-03,-108.193309463E-03,+46.293969353E-03
+92.442000E-06,-9.902155207E-03,-110.411431307E-03,+46.256673499E-03
+92.444000E-06,-9.744570410E-03,-110.450690091E-03,+46.243325510E-03
+92.446000E-06,-9.587338942E-03,-108.487750407E-03,+46.250392093E-03
+92.448000E-06,-9.457667147E-03,-108.212938860E-03,+46.301035936E-03
+92.450000E-06,-9.331881972E-03,-110.274025529E-03,+46.313598750E-03
+92.452000E-06,-9.206096798E-03,-111.805118474E-03,+46.270414077E-03
+92.454000E-06,-9.066708451E-03,-110.470319483E-03,+46.228407168E-03
+92.456000E-06,-8.914246926E-03,-109.017744123E-03,+46.245288450E-03
+92.458000E-06,-8.766378680E-03,-108.841079556E-03,+46.306139580E-03
+92.460000E-06,-8.631760277E-03,-109.253296890E-03,+46.319880157E-03
+92.462000E-06,-8.497671868E-03,-108.899967745E-03,+46.268451137E-03
+92.464000E-06,-8.349803622E-03,-106.642587109E-03,+46.230762696E-03
+92.466000E-06,-8.195045458E-03,-107.152951437E-03,+46.256673500E-03
+92.468000E-06,-8.038343983E-03,-109.606626040E-03,+46.321450509E-03
+92.470000E-06,-7.886412452E-03,-110.902166221E-03,+46.330087443E-03
+92.472000E-06,-7.746317448E-03,-110.077731550E-03,+46.277873248E-03
+92.474000E-06,-7.605339120E-03,-108.703673774E-03,+46.220947997E-03
+92.476000E-06,-7.460297507E-03,-108.801820764E-03,+46.230370108E-03
+92.478000E-06,-7.311015945E-03,-109.802920002E-03,+46.301428524E-03
+92.480000E-06,-7.155021128E-03,-109.390702664E-03,+46.338724378E-03
+92.482000E-06,-6.999379641E-03,-107.663315744E-03,+46.284939831E-03
+92.484000E-06,-6.855044687E-03,-106.603328321E-03,+46.213488826E-03
+92.486000E-06,-6.718482974E-03,-108.134421279E-03,+46.218199882E-03
+92.488000E-06,-6.579094627E-03,-110.431060703E-03,+46.297110057E-03
+92.490000E-06,-6.416916551E-03,-109.351443867E-03,+46.352072368E-03
+92.492000E-06,-6.252795164E-03,-107.781092125E-03,+46.303391464E-03
+92.494000E-06,-6.111110179E-03,-109.371073276E-03,+46.213096238E-03
+92.496000E-06,-5.983735023E-03,-111.549936319E-03,+46.204066716E-03
+92.498000E-06,-5.844346676E-03,-110.450690087E-03,+46.292399002E-03
+92.500000E-06,-5.675808676E-03,-107.781092121E-03,+46.351679780E-03
+92.502000E-06,-5.498437446E-03,-106.191110987E-03,+46.303391464E-03
+92.504000E-06,-5.337672687E-03,-107.251098422E-03,+46.224088701E-03
+92.506000E-06,-5.206587575E-03,-109.076632324E-03,+46.200140837E-03
+92.508000E-06,-5.073205824E-03,-110.136619747E-03,+46.272377017E-03
+92.510000E-06,-4.917917666E-03,-109.842178790E-03,+46.343435434E-03
+92.512000E-06,-4.738603127E-03,-109.233667490E-03,+46.327339328E-03
+92.514000E-06,-4.568651809E-03,-109.429961461E-03,+46.238614454E-03
+92.516000E-06,-4.436330046E-03,-109.057002919E-03,+46.196214957E-03
+92.518000E-06,-4.311604859E-03,-108.723303175E-03,+46.260599379E-03
+92.520000E-06,-4.151370093E-03,-108.271827048E-03,+46.339116966E-03
+92.522000E-06,-3.966225622E-03,-107.800721526E-03,+46.332442971E-03
+92.524000E-06,-3.795567647E-03,-107.879239115E-03,+46.250392092E-03
+92.526000E-06,-3.655825971E-03,-108.585897401E-03,+46.197785309E-03
+92.528000E-06,-3.526330841E-03,-109.371073272E-03,+46.249606917E-03
+92.530000E-06,-3.374222645E-03,-110.431060699E-03,+46.326554152E-03
+92.532000E-06,-3.196498087E-03,-110.156249139E-03,+46.339116966E-03
+92.534000E-06,-3.011883610E-03,-109.547737838E-03,+46.268058549E-03
+92.536000E-06,-2.852708832E-03,-108.369974030E-03,+46.208385183E-03
+92.538000E-06,-2.705900573E-03,-107.388504192E-03,+46.234295987E-03
+92.540000E-06,-2.551672403E-03,-108.095162482E-03,+46.299465585E-03
+92.542000E-06,-2.382604408E-03,-110.411431307E-03,+46.330087444E-03
+92.544000E-06,-2.206646495E-03,-110.450690091E-03,+46.289258298E-03
+92.546000E-06,-2.041111792E-03,-108.350344629E-03,+46.230762696E-03
+92.548000E-06,-1.888296939E-03,-108.055903685E-03,+46.234295987E-03
+92.550000E-06,-1.733362110E-03,-109.704773021E-03,+46.290828650E-03
+92.552000E-06,-1.570477375E-03,-110.627354666E-03,+46.331657795E-03
+92.554000E-06,-1.395402785E-03,-109.351443867E-03,+46.303391464E-03
+92.556000E-06,-1.222448171E-03,-108.468121015E-03,+46.235473751E-03
+92.558000E-06,-1.052496853E-03,-108.782191368E-03,+46.231940460E-03
+92.560000E-06,-887.845473E-06,-109.115891112E-03,+46.279443600E-03
+92.562000E-06,-717.717491E-06,-107.918497903E-03,+46.313598750E-03
+92.564000E-06,-547.942839E-06,-106.779992891E-03,+46.301035936E-03
+92.566000E-06,-383.291458E-06,-107.329616008E-03,+46.246466213E-03
+92.568000E-06,-216.873433E-06,-110.175878548E-03,+46.230762696E-03
+92.570000E-06,-52.575382E-06,-110.431060695E-03,+46.265310434E-03
+92.572000E-06,+108.896036E-06,-108.075533073E-03,+46.303391464E-03
+92.574000E-06,+268.777473E-06,-107.192210225E-03,+46.291613826E-03
+92.576000E-06,+433.428853E-06,-109.174779310E-03,+46.256280911E-03
+92.578000E-06,+597.550240E-06,-110.156249143E-03,+46.243325510E-03
+92.580000E-06,+750.365093E-06,-108.742932567E-03,+46.272377017E-03
+92.582000E-06,+901.589966E-06,-106.328516761E-03,+46.295932293E-03
+92.584000E-06,+1.058998099E-03,-106.289257977E-03,+46.301428524E-03
+92.586000E-06,+1.219762859E-03,-109.076632329E-03,+46.255103148E-03
+92.588000E-06,+1.370987731E-03,-111.805118479E-03,+46.240184806E-03
+92.590000E-06,+1.526982547E-03,-109.528108433E-03,+46.263740082E-03
+92.592000E-06,+1.691280599E-03,-106.544440123E-03,+46.297502645E-03
+92.594000E-06,+1.851692029E-03,-107.957756709E-03,+46.293576765E-03
+92.596000E-06,+2.002740237E-03,-111.235865975E-03,+46.267665962E-03
+92.598000E-06,+2.148841837E-03,-110.843278024E-03,+46.253140208E-03
+92.600000E-06,+2.301833356E-03,-107.427762975E-03,+46.259814203E-03
+92.602000E-06,+2.467014730E-03,-105.582599686E-03,+46.277480660E-03
+92.604000E-06,+2.637496041E-03,-106.897769282E-03,+46.296324881E-03
+92.606000E-06,+2.797377477E-03,-109.312185088E-03,+46.279443600E-03
+92.608000E-06,+2.944539065E-03,-110.175878539E-03,+46.246466213E-03
+92.610000E-06,+3.088874019E-03,-109.567367234E-03,+46.242147746E-03
+92.612000E-06,+3.233032309E-03,-108.919597141E-03,+46.275125133E-03
+92.614000E-06,+3.400686987E-03,-109.390702668E-03,+46.288080534E-03
+92.616000E-06,+3.570461640E-03,-109.469220253E-03,+46.278265836E-03
+92.618000E-06,+3.721509848E-03,-109.194408697E-03,+46.257458675E-03
+92.620000E-06,+3.864961480E-03,-108.605526793E-03,+46.229977520E-03
+92.622000E-06,+4.012653061E-03,-107.977386096E-03,+46.251177269E-03
+92.624000E-06,+4.177127777E-03,-107.486651177E-03,+46.306924756E-03
+92.626000E-06,+4.343899132E-03,-108.114791879E-03,+46.311635811E-03
+92.628000E-06,+4.495830663E-03,-109.724402417E-03,+46.267273374E-03
+92.630000E-06,+4.636985655E-03,-110.489948888E-03,+46.228014580E-03
+92.632000E-06,+4.776903995E-03,-110.431060695E-03,+46.242540334E-03
+92.634000E-06,+4.935372115E-03,-109.999213964E-03,+46.302998876E-03
+92.636000E-06,+5.102673464E-03,-108.291456440E-03,+46.319487569E-03
+92.638000E-06,+5.262201572E-03,-107.231469018E-03,+46.271199253E-03
+92.640000E-06,+5.405653203E-03,-108.350344642E-03,+46.222910937E-03
+92.642000E-06,+5.554404772E-03,-109.763661210E-03,+46.233510811E-03
+92.644000E-06,+5.712872892E-03,-109.665514220E-03,+46.290828650E-03
+92.646000E-06,+5.876287620E-03,-108.114791870E-03,+46.323413449E-03
+92.648000E-06,+6.038995690E-03,-108.173680067E-03,+46.291221238E-03
+92.650000E-06,+6.191633879E-03,-110.274025529E-03,+46.236651515E-03
+92.652000E-06,+6.335438840E-03,-112.492147364E-03,+46.229584932E-03
+92.654000E-06,+6.473237205E-03,-111.942524243E-03,+46.273554781E-03
+92.656000E-06,+6.622695433E-03,-109.901066974E-03,+46.315561690E-03
+92.658000E-06,+6.780103565E-03,-109.214038093E-03,+46.298680409E-03
+92.660000E-06,+6.940868325E-03,-109.017744127E-03,+46.243325510E-03
+92.662000E-06,+7.098276458E-03,-108.311085841E-03,+46.213881414E-03
+92.664000E-06,+7.248971337E-03,-107.251098414E-03,+46.268451138E-03
+92.666000E-06,+7.392599633E-03,-107.663315752E-03,+46.323413449E-03
+92.668000E-06,+7.540291214E-03,-109.528108451E-03,+46.316346866E-03
+92.670000E-06,+7.689926106E-03,-110.745131048E-03,+46.262169730E-03
+92.672000E-06,+7.839737662E-03,-110.745131043E-03,+46.238221867E-03
+92.674000E-06,+7.989549218E-03,-109.488849645E-03,+46.266095610E-03
+92.676000E-06,+8.135650818E-03,-108.625156189E-03,+46.300643348E-03
+92.678000E-06,+8.283695729E-03,-109.351443876E-03,+46.307709931E-03
+92.680000E-06,+8.433330620E-03,-108.919597141E-03,+46.269628901E-03
+92.682000E-06,+8.593035393E-03,-107.467021777E-03,+46.250392093E-03
+92.684000E-06,+8.751680177E-03,-106.858510481E-03,+46.273162193E-03
+92.686000E-06,+8.892658505E-03,-108.311085850E-03,+46.298680409E-03
+92.688000E-06,+9.033636833E-03,-110.862907434E-03,+46.301821112E-03
+92.690000E-06,+9.186098357E-03,-109.822549390E-03,+46.274339957E-03
+92.692000E-06,+9.335203255E-03,-107.290357202E-03,+46.262169731E-03
+92.694000E-06,+9.484838147E-03,-108.055903690E-03,+46.260991967E-03
+92.696000E-06,+9.625993139E-03,-111.373271753E-03,+46.274732545E-03
+92.698000E-06,+9.764674827E-03,-111.275124754E-03,+46.295932293E-03
+92.700000E-06,+9.909363111E-03,-108.036274276E-03,+46.282191715E-03
+92.702000E-06,+10.063591281E-03,-106.210740383E-03,+46.255103148E-03
+92.704000E-06,+10.212872844E-03,-107.525909979E-03,+46.254317972E-03
+92.706000E-06,+10.351377867E-03,-109.940325785E-03,+46.273947369E-03
+92.708000E-06,+10.481049663E-03,-110.804019236E-03,+46.301428524E-03
+92.710000E-06,+10.607188166E-03,-110.195507931E-03,+46.293969353E-03
+92.712000E-06,+10.740393253E-03,-109.959955172E-03,+46.256673499E-03
+92.714000E-06,+10.872185023E-03,-109.802919998E-03,+46.240577394E-03
+92.716000E-06,+11.004860115E-03,-109.920696380E-03,+46.266488198E-03
+92.718000E-06,+11.141421829E-03,-109.665514220E-03,+46.306139580E-03
+92.720000E-06,+11.284696796E-03,-108.389603425E-03,+46.297502645E-03
+92.722000E-06,+11.420198522E-03,-107.800721526E-03,+46.246073625E-03
+92.724000E-06,+11.550753640E-03,-107.329616003E-03,+46.241755158E-03
+92.726000E-06,+11.680778764E-03,-108.232568260E-03,+46.275125133E-03
+92.728000E-06,+11.810803888E-03,-110.018843370E-03,+46.323806037E-03
+92.730000E-06,+11.949485577E-03,-110.941425014E-03,+46.316346866E-03
+92.732000E-06,+12.078274049E-03,-108.978485325E-03,+46.251177268E-03
+92.734000E-06,+12.190632716E-03,-108.134421270E-03,+46.211918475E-03
+92.736000E-06,+12.305818016E-03,-108.605526797E-03,+46.257066088E-03
+92.738000E-06,+12.437786451E-03,-108.271827048E-03,+46.332835559E-03
+92.740000E-06,+12.574524829E-03,-108.487750416E-03,+46.320665333E-03
+92.742000E-06,+12.694303408E-03,-109.214038098E-03,+46.237829278E-03
+92.744000E-06,+12.805425423E-03,-109.724402413E-03,+46.198963073E-03
+92.746000E-06,+12.916900767E-03,-109.233667490E-03,+46.247251389E-03
+92.748000E-06,+13.043392600E-03,-109.292555683E-03,+46.337154027E-03
+92.750000E-06,+13.176951016E-03,-110.411431303E-03,+46.359924127E-03
+92.752000E-06,+13.305032830E-03,-110.980683807E-03,+46.287295358E-03
+92.754000E-06,+13.416154845E-03,-110.902166217E-03,+46.205244480E-03
+92.756000E-06,+13.521270264E-03,-109.645884819E-03,+46.217022118E-03
+92.758000E-06,+13.635748906E-03,-109.331814475E-03,+46.316346866E-03
+92.760000E-06,+13.775137253E-03,-109.174779301E-03,+46.349324252E-03
+92.762000E-06,+13.919118878E-03,-108.330715237E-03,+46.277873248E-03
+92.764000E-06,+14.039780780E-03,-107.525909970E-03,+46.201318600E-03
+92.766000E-06,+14.144719535E-03,-107.977386101E-03,+46.219377646E-03
+92.768000E-06,+14.254074905E-03,-109.704773021E-03,+46.311243223E-03
+92.770000E-06,+14.390283289E-03,-111.176977778E-03,+46.356783423E-03
+92.772000E-06,+14.533911585E-03,-110.254396120E-03,+46.298287820E-03
+92.774000E-06,+14.660756747E-03,-108.723303170E-03,+46.204066716E-03
+92.776000E-06,+14.776472041E-03,-108.389603430E-03,+46.191896490E-03
+92.778000E-06,+14.881057467E-03,-109.057002924E-03,+46.274339957E-03
+92.780000E-06,+15.002779357E-03,-109.567367239E-03,+46.338331790E-03
+92.782000E-06,+15.141991039E-03,-108.664414981E-03,+46.307317343E-03
+92.784000E-06,+15.273429479E-03,-107.427762984E-03,+46.235866339E-03
+92.786000E-06,+15.382431520E-03,-108.644785595E-03,+46.215451766E-03
+92.788000E-06,+15.478537046E-03,-111.589195117E-03,+46.271591841E-03
+92.790000E-06,+15.594252340E-03,-110.745131038E-03,+46.326554152E-03
+92.792000E-06,+15.727810756E-03,-107.820350912E-03,+46.308495107E-03
+92.794000E-06,+15.849885974E-03,-107.839980323E-03,+46.249999504E-03
+92.796000E-06,+15.948994799E-03,-110.784389849E-03,+46.228407168E-03
+92.798000E-06,+16.043863673E-03,-110.509578279E-03,+46.275910309E-03
+92.800000E-06,+16.149685751E-03,-107.525909960E-03,+46.310458047E-03
+92.802000E-06,+16.278120894E-03,-105.464823304E-03,+46.292399002E-03
+92.804000E-06,+16.412032639E-03,-106.328516774E-03,+46.250784680E-03
+92.806000E-06,+16.527747933E-03,-108.271827058E-03,+46.245288449E-03
+92.808000E-06,+16.630920043E-03,-109.488849654E-03,+46.281013952E-03
+92.810000E-06,+16.735152139E-03,-109.351443871E-03,+46.305354404E-03
+92.812000E-06,+16.849630781E-03,-109.861808191E-03,+46.297110057E-03
+92.814000E-06,+16.977889260E-03,-111.451789334E-03,+46.248821741E-03
+92.816000E-06,+17.100494472E-03,-110.568466468E-03,+46.236651515E-03
+92.818000E-06,+17.203489917E-03,-108.762561962E-03,+46.279836188E-03
+92.820000E-06,+17.305072045E-03,-107.565168762E-03,+46.297110057E-03
+92.822000E-06,+17.421670662E-03,-107.290357211E-03,+46.276695484E-03
+92.824000E-06,+17.540389254E-03,-106.995916258E-03,+46.248821741E-03
+92.826000E-06,+17.651687934E-03,-107.918497912E-03,+46.264525258E-03
+92.828000E-06,+17.755743366E-03,-109.704773022E-03,+46.294754529E-03
+92.830000E-06,+17.860152127E-03,-110.215137332E-03,+46.295932293E-03
+92.832000E-06,+17.958554293E-03,-109.979584568E-03,+46.268058550E-03
+92.834000E-06,+18.061019745E-03,-109.802919998E-03,+46.236651515E-03
+92.836000E-06,+18.170375114E-03,-108.684044378E-03,+46.243718098E-03
+92.838000E-06,+18.273193894E-03,-107.290357206E-03,+46.294754530E-03
+92.840000E-06,+18.365059471E-03,-107.800721530E-03,+46.312813574E-03
+92.842000E-06,+18.461694992E-03,-109.685143625E-03,+46.270414077E-03
+92.844000E-06,+18.566633747E-03,-109.802919998E-03,+46.231155284E-03
+92.846000E-06,+18.678815749E-03,-107.997015487E-03,+46.245681037E-03
+92.848000E-06,+18.779514555E-03,-108.291456449E-03,+46.292399002E-03
+92.850000E-06,+18.874736758E-03,-110.568466482E-03,+46.320665333E-03
+92.852000E-06,+18.960772404E-03,-111.569565711E-03,+46.290828650E-03
+92.854000E-06,+19.049281355E-03,-109.881437578E-03,+46.233903399E-03
+92.856000E-06,+19.153160122E-03,-108.114791869E-03,+46.231940460E-03
+92.858000E-06,+19.262868821E-03,-108.585897401E-03,+46.290436062E-03
+92.860000E-06,+19.369397557E-03,-109.233667494E-03,+46.320665333E-03
+92.862000E-06,+19.470449692E-03,-109.037373523E-03,+46.279836188E-03
+92.864000E-06,+19.575741776E-03,-107.486651172E-03,+46.237829278E-03
+92.866000E-06,+19.684213823E-03,-107.820350927E-03,+46.243718098E-03
+92.868000E-06,+19.794275850E-03,-109.822549404E-03,+46.294754530E-03
+92.870000E-06,+19.904514543E-03,-111.196607174E-03,+46.323806037E-03
+92.872000E-06,+20.003623367E-03,-110.254396119E-03,+46.288473122E-03
+92.874000E-06,+20.099905558E-03,-108.998114726E-03,+46.233510811E-03
+92.876000E-06,+20.203430997E-03,-108.978485334E-03,+46.231940460E-03
+92.878000E-06,+20.311726379E-03,-109.410332065E-03,+46.290436062E-03
+92.880000E-06,+20.416841799E-03,-108.782191363E-03,+46.315169102E-03
+92.882000E-06,+20.522663877E-03,-107.584798158E-03,+46.276302896E-03
+92.884000E-06,+20.629899271E-03,-106.191110986E-03,+46.248429153E-03
+92.886000E-06,+20.734838026E-03,-107.938127313E-03,+46.259029027E-03
+92.888000E-06,+20.834476844E-03,-111.373271754E-03,+46.299465585E-03
+92.890000E-06,+20.938355612E-03,-110.175878530E-03,+46.315954278E-03
+92.892000E-06,+21.044177690E-03,-106.092963991E-03,+46.273554781E-03
+92.894000E-06,+21.151413085E-03,-107.054804457E-03,+46.231547872E-03
+92.896000E-06,+21.248931928E-03,-112.079930045E-03,+46.259421615E-03
+92.898000E-06,+21.352457366E-03,-112.492147355E-03,+46.310850635E-03
+92.900000E-06,+21.454569488E-03,-107.918497888E-03,+46.303784052E-03
+92.902000E-06,+21.562511541E-03,-104.934829588E-03,+46.246858801E-03
+92.904000E-06,+21.666390309E-03,-106.387404967E-03,+46.225266465E-03
+92.906000E-06,+21.760905854E-03,-109.940325790E-03,+46.275517721E-03
+92.908000E-06,+21.845528184E-03,-110.411431298E-03,+46.329694856E-03
+92.910000E-06,+21.933860469E-03,-108.762561962E-03,+46.317132042E-03
+92.912000E-06,+22.029082673E-03,-108.252197652E-03,+46.256673499E-03
+92.914000E-06,+22.125188200E-03,-109.861808196E-03,+46.220947997E-03
+92.916000E-06,+22.213873814E-03,-110.097360950E-03,+46.249999505E-03
+92.918000E-06,+22.295316182E-03,-108.860708948E-03,+46.317917218E-03
+92.920000E-06,+22.379585182E-03,-107.584798158E-03,+46.310458047E-03
+92.922000E-06,+22.468094132E-03,-107.152951433E-03,+46.244895861E-03
+92.924000E-06,+22.557133076E-03,-107.251098418E-03,+46.224873877E-03
+92.926000E-06,+22.641225412E-03,-107.408133592E-03,+46.261777143E-03
+92.928000E-06,+22.722137785E-03,-108.252197657E-03,+46.316739454E-03
+92.930000E-06,+22.805170133E-03,-109.194408702E-03,+46.310065459E-03
+92.932000E-06,+22.887319159E-03,-109.724402413E-03,+46.244895861E-03
+92.934000E-06,+22.969291520E-03,-109.096261711E-03,+46.213881414E-03
+92.936000E-06,+23.046317273E-03,-107.624056950E-03,+46.251962445E-03
+92.938000E-06,+23.125109671E-03,-107.015545655E-03,+46.310065459E-03
+92.940000E-06,+23.201782095E-03,-108.055903690E-03,+46.309280283E-03
+92.942000E-06,+23.279337842E-03,-109.449590862E-03,+46.258636439E-03
+92.944000E-06,+23.363253513E-03,-109.076632315E-03,+46.235081163E-03
+92.946000E-06,+23.449289159E-03,-107.761462728E-03,+46.257458676E-03
+92.948000E-06,+23.529318210E-03,-107.997015497E-03,+46.293969354E-03
+92.950000E-06,+23.608463938E-03,-109.979584578E-03,+46.306924755E-03
+92.952000E-06,+23.680189753E-03,-110.529207680E-03,+46.277873248E-03
+92.954000E-06,+23.743435670E-03,-109.606626026E-03,+46.257066087E-03
+92.956000E-06,+23.814278163E-03,-108.507379807E-03,+46.257458675E-03
+92.958000E-06,+23.899960480E-03,-108.644785590E-03,+46.285332419E-03
+92.960000E-06,+23.990059411E-03,-108.821450160E-03,+46.289258298E-03
+92.962000E-06,+24.069381803E-03,-107.741833332E-03,+46.270021489E-03
+92.964000E-06,+24.137220998E-03,-106.485551939E-03,+46.261777143E-03
+92.966000E-06,+24.197463617E-03,-106.603328325E-03,+46.266488198E-03
+92.968000E-06,+24.269189433E-03,-108.428862232E-03,+46.286510183E-03
+92.970000E-06,+24.345155199E-03,-109.920696385E-03,+46.294754529E-03
+92.972000E-06,+24.407871121E-03,-110.509578284E-03,+46.281799127E-03
+92.974000E-06,+24.461223822E-03,-110.018843360E-03,+46.260599379E-03
+92.976000E-06,+24.518463143E-03,-109.115891108E-03,+46.260599379E-03
+92.978000E-06,+24.593722250E-03,-108.448491618E-03,+46.280228776E-03
+92.980000E-06,+24.671454661E-03,-108.369974034E-03,+46.285725007E-03
+92.982000E-06,+24.740530508E-03,-107.133322031E-03,+46.275125132E-03
+92.984000E-06,+24.796003184E-03,-106.681845910E-03,+46.268058550E-03
+92.986000E-06,+24.853419169E-03,-108.566268010E-03,+46.278265836E-03
+92.988000E-06,+24.920021712E-03,-111.176977783E-03,+46.290828650E-03
+92.990000E-06,+24.995280820E-03,-111.098460184E-03,+46.297895233E-03
+92.992000E-06,+25.061706698E-03,-108.016644878E-03,+46.282191715E-03
+92.994000E-06,+25.111879436E-03,-107.447392385E-03,+46.252355032E-03
+92.996000E-06,+25.154985592E-03,-110.588095884E-03,+46.251177268E-03
+92.998000E-06,+25.207278305E-03,-110.352543105E-03,+46.281799128E-03
+93.000000E-06,+25.277060810E-03,-107.918497898E-03,+46.305354404E-03
+93.002000E-06,+25.340483391E-03,-106.073334604E-03,+46.283369479E-03
+93.004000E-06,+25.385356192E-03,-107.094063249E-03,+46.246858801E-03
+93.006000E-06,+25.417862473E-03,-109.744031819E-03,+46.244895862E-03
+93.008000E-06,+25.456375350E-03,-110.097360950E-03,+46.281013952E-03
+93.010000E-06,+25.500894822E-03,-109.410332060E-03,+46.321843097E-03
+93.012000E-06,+25.538701040E-03,-109.449590857E-03,+46.304961816E-03
+93.014000E-06,+25.571737315E-03,-109.331814475E-03,+46.244110685E-03
+93.016000E-06,+25.600533640E-03,-109.449590857E-03,+46.213881414E-03
+93.018000E-06,+25.631273275E-03,-108.919597141E-03,+46.271199253E-03
+93.020000E-06,+25.662366240E-03,-108.016644888E-03,+46.329302268E-03
+93.022000E-06,+25.694695856E-03,-107.761462733E-03,+46.300643348E-03
+93.024000E-06,+25.719782225E-03,-107.604427559E-03,+46.237829278E-03
+93.026000E-06,+25.747518563E-03,-108.409232831E-03,+46.221340585E-03
+93.028000E-06,+25.779494850E-03,-109.763661210E-03,+46.277873248E-03
+93.030000E-06,+25.804581219E-03,-110.352543110E-03,+46.319094981E-03
+93.032000E-06,+25.818714385E-03,-110.136619742E-03,+46.304569228E-03
+93.034000E-06,+25.841327450E-03,-109.547737838E-03,+46.246858801E-03
+93.036000E-06,+25.867827136E-03,-108.232568251E-03,+46.230762696E-03
+93.038000E-06,+25.894680150E-03,-106.681845905E-03,+46.270806665E-03
+93.040000E-06,+25.917823209E-03,-107.172580834E-03,+46.320665333E-03
+93.042000E-06,+25.933016362E-03,-109.469220263E-03,+46.307709931E-03
+93.044000E-06,+25.952096136E-03,-109.508479046E-03,+46.263740082E-03
+93.046000E-06,+25.978065828E-03,-107.545539361E-03,+46.241362570E-03
+93.048000E-06,+26.001208887E-03,-108.507379817E-03,+46.258243851E-03
+93.050000E-06,+26.018875344E-03,-110.332913719E-03,+46.302213700E-03
+93.052000E-06,+26.028415231E-03,-109.606626026E-03,+46.299858172E-03
+93.054000E-06,+26.033185174E-03,-108.507379807E-03,+46.265703022E-03
+93.056000E-06,+26.046081688E-03,-109.331814480E-03,+46.249999505E-03
+93.058000E-06,+26.065161461E-03,-110.018843365E-03,+46.267665962E-03
+93.060000E-06,+26.083711241E-03,-108.585897391E-03,+46.273162193E-03
+93.062000E-06,+26.097137749E-03,-106.583698919E-03,+46.273554781E-03
+93.064000E-06,+26.109857598E-03,-106.053705213E-03,+46.268058550E-03
+93.066000E-06,+26.118867491E-03,-108.350344648E-03,+46.270021489E-03
+93.068000E-06,+26.124874086E-03,-110.470319497E-03,+46.281406540E-03
+93.070000E-06,+26.134237309E-03,-110.725501647E-03,+46.282976891E-03
+93.072000E-06,+26.141657221E-03,-109.763661200E-03,+46.277480660E-03
+93.074000E-06,+26.152433759E-03,-109.351443871E-03,+46.260206791E-03
+93.076000E-06,+26.158793684E-03,-109.312185079E-03,+46.257851263E-03
+93.078000E-06,+26.160736994E-03,-109.861808191E-03,+46.271591841E-03
+93.080000E-06,+26.167096919E-03,-108.978485329E-03,+46.273554781E-03
+93.082000E-06,+26.187766674E-03,-108.154050666E-03,+46.273554781E-03
+93.084000E-06,+26.206669783E-03,-107.918497907E-03,+46.270806665E-03
+93.086000E-06,+26.215149682E-03,-109.135520514E-03,+46.259421615E-03
+93.088000E-06,+26.217269657E-03,-111.098460194E-03,+46.274339957E-03
+93.090000E-06,+26.218682973E-03,-109.979584563E-03,+46.290436062E-03
+93.092000E-06,+26.227516202E-03,-107.309986597E-03,+46.284154655E-03
+93.094000E-06,+26.239882722E-03,-107.368874800E-03,+46.263740082E-03
+93.096000E-06,+26.248892615E-03,-110.588095884E-03,+46.252747620E-03
+93.098000E-06,+26.245005994E-03,-111.314383551E-03,+46.265310434E-03
+93.100000E-06,+26.243062684E-03,-108.055903670E-03,+46.278265836E-03
+93.102000E-06,+26.252779236E-03,-105.661117270E-03,+46.282584303E-03
+93.104000E-06,+26.266559072E-03,-106.485551949E-03,+46.271984429E-03
+93.106000E-06,+26.273272326E-03,-108.428862232E-03,+46.248429153E-03
+93.108000E-06,+26.260375812E-03,-109.783290607E-03,+46.245288449E-03
+93.110000E-06,+26.241119374E-03,-109.390702664E-03,+46.272769605E-03
+93.112000E-06,+26.233699462E-03,-108.762561967E-03,+46.317917218E-03
+93.114000E-06,+26.232992804E-03,-109.508479051E-03,+46.304569228E-03
+93.116000E-06,+26.229282848E-03,-110.038472762E-03,+46.244110685E-03
+93.118000E-06,+26.210203074E-03,-109.685143616E-03,+46.216629530E-03
+93.120000E-06,+26.190239977E-03,-108.664414981E-03,+46.255103148E-03
+93.122000E-06,+26.179110109E-03,-107.427762984E-03,+46.318702394E-03
+93.124000E-06,+26.179110110E-03,-107.270727814E-03,+46.337939202E-03
+93.126000E-06,+26.176813470E-03,-107.408133593E-03,+46.268058549E-03
+93.128000E-06,+26.165330273E-03,-108.389603435E-03,+46.211133299E-03
+93.130000E-06,+26.148900468E-03,-109.763661211E-03,+46.229192344E-03
+93.132000E-06,+26.133177321E-03,-111.176977778E-03,+46.312420987E-03
+93.134000E-06,+26.118867491E-03,-110.529207675E-03,+46.348539077E-03
+93.136000E-06,+26.112154237E-03,-108.487750405E-03,+46.283369479E-03
+93.138000E-06,+26.106500971E-03,-107.113692635E-03,+46.207600007E-03
+93.140000E-06,+26.092191141E-03,-107.781092134E-03,+46.220162822E-03
+93.142000E-06,+26.066751442E-03,-110.234766738E-03,+46.316739454E-03
+93.144000E-06,+26.048554992E-03,-109.881437582E-03,+46.363064830E-03
+93.146000E-06,+26.037778453E-03,-107.997015487E-03,+46.288080534E-03
+93.148000E-06,+26.025411933E-03,-108.016644893E-03,+46.199748249E-03
+93.150000E-06,+26.002798868E-03,-110.116990356E-03,+46.210740711E-03
+93.152000E-06,+25.975062530E-03,-111.510677523E-03,+46.307317344E-03
+93.154000E-06,+25.945559547E-03,-110.018843355E-03,+46.359138951E-03
+93.156000E-06,+25.920826507E-03,-108.821450155E-03,+46.293184177E-03
+93.158000E-06,+25.898036777E-03,-108.546638604E-03,+46.208777771E-03
+93.160000E-06,+25.872950408E-03,-109.076632320E-03,+46.209170359E-03
+93.162000E-06,+25.849984014E-03,-108.468121014E-03,+46.295932294E-03
+93.164000E-06,+25.827370949E-03,-106.858510475E-03,+46.352072368E-03
+93.166000E-06,+25.798574624E-03,-107.467021786E-03,+46.295147117E-03
+93.168000E-06,+25.759001760E-03,-109.783290612E-03,+46.220162821E-03
+93.170000E-06,+25.725435491E-03,-111.196607175E-03,+46.221733173E-03
+93.172000E-06,+25.690455906E-03,-110.254396119E-03,+46.297502645E-03
+93.174000E-06,+25.653886340E-03,-108.860708947E-03,+46.330087444E-03
+93.176000E-06,+25.622086717E-03,-108.546638604E-03,+46.286510182E-03
+93.178000E-06,+25.582337189E-03,-108.801820764E-03,+46.235866339E-03
+93.180000E-06,+25.540114356E-03,-108.978485335E-03,+46.246073625E-03
+93.182000E-06,+25.505134771E-03,-107.761462728E-03,+46.300643349E-03
+93.184000E-06,+25.478635086E-03,-106.485551938E-03,+46.316346866E-03
+93.186000E-06,+25.448248779E-03,-108.252197662E-03,+46.279051012E-03
+93.188000E-06,+25.408499251E-03,-110.862907435E-03,+46.237829278E-03
+93.190000E-06,+25.363803114E-03,-109.547737833E-03,+46.254710560E-03
+93.192000E-06,+25.328470200E-03,-106.426663739E-03,+46.301821112E-03
+93.194000E-06,+25.305680471E-03,-107.525909980E-03,+46.299858172E-03
+93.196000E-06,+25.273350854E-03,-110.627354677E-03,+46.260206791E-03
+93.198000E-06,+25.232011344E-03,-110.627354661E-03,+46.240969982E-03
+93.200000E-06,+25.184665239E-03,-107.820350911E-03,+46.258243851E-03
+93.202000E-06,+25.145269040E-03,-105.366676318E-03,+46.293969354E-03
+93.204000E-06,+25.117002709E-03,-106.171481600E-03,+46.287687946E-03
+93.206000E-06,+25.088913042E-03,-109.076632331E-03,+46.244895861E-03
+93.208000E-06,+25.042096931E-03,-110.156249144E-03,+46.236258927E-03
+93.210000E-06,+24.990157547E-03,-109.704773012E-03,+46.268843726E-03
+93.212000E-06,+24.939101486E-03,-108.114791869E-03,+46.317524630E-03
+93.214000E-06,+24.899351957E-03,-108.723303180E-03,+46.296324881E-03
+93.216000E-06,+24.859955758E-03,-110.489948893E-03,+46.245681037E-03
+93.218000E-06,+24.820382894E-03,-110.450690091E-03,+46.244503274E-03
+93.220000E-06,+24.777100074E-03,-108.487750405E-03,+46.272769605E-03
+93.222000E-06,+24.733287261E-03,-106.976286857E-03,+46.301428524E-03
+93.224000E-06,+24.689474447E-03,-107.349245404E-03,+46.293969353E-03
+93.226000E-06,+24.654318197E-03,-109.076632326E-03,+46.248429153E-03
+93.228000E-06,+24.614215340E-03,-110.274025526E-03,+46.247643977E-03
+93.230000E-06,+24.571992507E-03,-109.861808186E-03,+46.286902771E-03
+93.232000E-06,+24.530829662E-03,-109.233667489E-03,+46.306139579E-03
+93.234000E-06,+24.484896874E-03,-109.292555683E-03,+46.280621363E-03
+93.236000E-06,+24.437020775E-03,-108.487750411E-03,+46.238221866E-03
+93.238000E-06,+24.386494708E-03,-106.583698919E-03,+46.246466213E-03
+93.240000E-06,+24.346745179E-03,-106.740734104E-03,+46.275910309E-03
+93.242000E-06,+24.311058936E-03,-109.135520519E-03,+46.293576766E-03
+93.244000E-06,+24.269542762E-03,-109.469220253E-03,+46.281799127E-03
+93.246000E-06,+24.218486701E-03,-107.957756694E-03,+46.249606917E-03
+93.248000E-06,+24.163720684E-03,-107.741833337E-03,+46.250784681E-03
+93.250000E-06,+24.117257902E-03,-109.528108452E-03,+46.279051012E-03
+93.252000E-06,+24.072031771E-03,-110.882536826E-03,+46.299465585E-03
+93.254000E-06,+24.023095685E-03,-109.940325771E-03,+46.271591841E-03
+93.256000E-06,+23.964973041E-03,-108.684044377E-03,+46.234295987E-03
+93.258000E-06,+23.914270309E-03,-108.801820764E-03,+46.254317972E-03
+93.260000E-06,+23.867277534E-03,-109.253296891E-03,+46.285332419E-03
+93.262000E-06,+23.831767955E-03,-108.350344632E-03,+46.294754529E-03
+93.264000E-06,+23.795375053E-03,-106.838881079E-03,+46.270806665E-03
+93.266000E-06,+23.746262302E-03,-107.329616008E-03,+46.234295987E-03
+93.268000E-06,+23.680543082E-03,-109.351443882E-03,+46.251569857E-03
+93.270000E-06,+23.625070407E-03,-110.588095874E-03,+46.304176640E-03
+93.272000E-06,+23.572601029E-03,-110.175878534E-03,+46.322235685E-03
+93.274000E-06,+23.515361708E-03,-108.860708947E-03,+46.274339956E-03
+93.276000E-06,+23.456179077E-03,-108.684044382E-03,+46.217807294E-03
+93.278000E-06,+23.384453261E-03,-109.096261717E-03,+46.232725636E-03
+93.280000E-06,+23.312197451E-03,-108.880338349E-03,+46.301821112E-03
+93.282000E-06,+23.245064915E-03,-107.879239110E-03,+46.330480032E-03
+93.284000E-06,+23.199662120E-03,-107.741833337E-03,+46.289258298E-03
+93.286000E-06,+23.142422799E-03,-108.978485340E-03,+46.225266464E-03
+93.288000E-06,+23.068223679E-03,-110.254396130E-03,+46.230762696E-03
+93.290000E-06,+22.991904584E-03,-109.861808186E-03,+46.309672871E-03
+93.292000E-06,+22.926715358E-03,-108.134421265E-03,+46.337154026E-03
+93.294000E-06,+22.871772676E-03,-109.135520514E-03,+46.279051012E-03
+93.296000E-06,+22.813120039E-03,-111.648083307E-03,+46.207207419E-03
+93.298000E-06,+22.743867527E-03,-110.882536816E-03,+46.220162822E-03
+93.300000E-06,+22.678148306E-03,-107.565168751E-03,+46.294754530E-03
+93.302000E-06,+22.621792308E-03,-105.739634859E-03,+46.340687318E-03
+93.304000E-06,+22.571619570E-03,-107.192210235E-03,+46.299072996E-03
+93.306000E-06,+22.517206882E-03,-109.214038104E-03,+46.229192344E-03
+93.308000E-06,+22.457140928E-03,-110.293654922E-03,+46.214666590E-03
+93.310000E-06,+22.387711752E-03,-109.724402408E-03,+46.288080535E-03
+93.312000E-06,+22.315809271E-03,-108.939226537E-03,+46.337154027E-03
+93.314000E-06,+22.253623342E-03,-109.390702669E-03,+46.290436062E-03
+93.316000E-06,+22.189140774E-03,-109.744031809E-03,+46.214274002E-03
+93.318000E-06,+22.121654908E-03,-109.233667489E-03,+46.212703651E-03
+93.320000E-06,+22.055052364E-03,-108.468121014E-03,+46.282584304E-03
+93.322000E-06,+21.999756354E-03,-107.682945143E-03,+46.330872620E-03
+93.324000E-06,+21.938630412E-03,-107.859609719E-03,+46.297895233E-03
+93.326000E-06,+21.865314615E-03,-108.036274289E-03,+46.231940459E-03
+93.328000E-06,+21.791645489E-03,-109.704773023E-03,+46.234295987E-03
+93.330000E-06,+21.725572940E-03,-111.176977779E-03,+46.290828650E-03
+93.332000E-06,+21.669216942E-03,-110.804019231E-03,+46.317917218E-03
+93.334000E-06,+21.604204379E-03,-109.626255422E-03,+46.271199253E-03
+93.336000E-06,+21.530358589E-03,-108.507379807E-03,+46.222910937E-03
+93.338000E-06,+21.452979507E-03,-107.133322031E-03,+46.239007043E-03
+93.340000E-06,+21.380193703E-03,-108.330715247E-03,+46.302606288E-03
+93.342000E-06,+21.326664338E-03,-110.588095880E-03,+46.319487569E-03
+93.344000E-06,+21.272074986E-03,-110.058102152E-03,+46.276695484E-03
+93.346000E-06,+21.198405860E-03,-108.566267995E-03,+46.223696113E-03
+93.348000E-06,+21.110956897E-03,-108.644785590E-03,+46.236258927E-03
+93.350000E-06,+21.035521125E-03,-110.470319498E-03,+46.296717469E-03
+93.352000E-06,+20.975631836E-03,-111.549936315E-03,+46.321450509E-03
+93.354000E-06,+20.911502597E-03,-110.293654911E-03,+46.268843725E-03
+93.356000E-06,+20.840306774E-03,-108.860708947E-03,+46.219770233E-03
+93.358000E-06,+20.758334413E-03,-109.096261717E-03,+46.255103148E-03
+93.360000E-06,+20.678658692E-03,-109.567367239E-03,+46.304961816E-03
+93.362000E-06,+20.614352788E-03,-108.801820759E-03,+46.313991338E-03
+93.364000E-06,+20.553403511E-03,-107.447392379E-03,+46.270414077E-03
+93.366000E-06,+20.481501031E-03,-108.095162483E-03,+46.228407168E-03
+93.368000E-06,+20.398115353E-03,-110.411431309E-03,+46.250784681E-03
+93.370000E-06,+20.309606403E-03,-110.862907425E-03,+46.306924756E-03
+93.372000E-06,+20.236643935E-03,-108.684044371E-03,+46.319880157E-03
+93.374000E-06,+20.167214759E-03,-107.682945143E-03,+46.265703022E-03
+93.376000E-06,+20.088069031E-03,-109.645884834E-03,+46.224873877E-03
+93.378000E-06,+19.996380119E-03,-110.352543110E-03,+46.247643977E-03
+93.380000E-06,+19.908047833E-03,-109.037373517E-03,+46.301035937E-03
+93.382000E-06,+19.834025378E-03,-106.779992885E-03,+46.324591212E-03
+93.384000E-06,+19.763182885E-03,-106.622957722E-03,+46.291221238E-03
+93.386000E-06,+19.677677233E-03,-108.978485346E-03,+46.244895861E-03
+93.388000E-06,+19.590051606E-03,-112.060300641E-03,+46.249999505E-03
+93.390000E-06,+19.502425978E-03,-109.979584557E-03,+46.284547243E-03
+93.392000E-06,+19.420983611E-03,-106.603328309E-03,+46.300250760E-03
+93.394000E-06,+19.335477959E-03,-108.232568267E-03,+46.279836188E-03
+93.396000E-06,+19.245555692E-03,-111.962153661E-03,+46.251962444E-03
+93.398000E-06,+19.152630128E-03,-110.941425004E-03,+46.262169731E-03
+93.400000E-06,+19.075427710E-03,-106.603328303E-03,+46.280621364E-03
+93.402000E-06,+19.006705192E-03,-104.915200196E-03,+46.285725007E-03
+93.404000E-06,+18.924026173E-03,-106.132222808E-03,+46.283369479E-03
+93.406000E-06,+18.824387355E-03,-108.939226553E-03,+46.271984429E-03
+93.408000E-06,+18.718918606E-03,-109.724402413E-03,+46.270414077E-03
+93.410000E-06,+18.630232992E-03,-108.821450155E-03,+46.270414077E-03
+93.412000E-06,+18.557623853E-03,-108.409232826E-03,+46.275910308E-03
+93.414000E-06,+18.474591504E-03,-108.507379812E-03,+46.282191715E-03
+93.416000E-06,+18.373716034E-03,-108.664414986E-03,+46.285725007E-03
+93.418000E-06,+18.264360665E-03,-108.134421270E-03,+46.286117595E-03
+93.420000E-06,+18.171435101E-03,-107.781092129E-03,+46.261384555E-03
+93.422000E-06,+18.089639404E-03,-107.604427559E-03,+46.252355032E-03
+93.424000E-06,+18.000423796E-03,-107.447392385E-03,+46.281799128E-03
+93.426000E-06,+17.893895060E-03,-107.702574545E-03,+46.305354404E-03
+93.428000E-06,+17.780123076E-03,-109.115891118E-03,+46.291613826E-03
+93.430000E-06,+17.681720910E-03,-110.274025526E-03,+46.250784680E-03
+93.432000E-06,+17.595508599E-03,-110.136619742E-03,+46.231547872E-03
+93.434000E-06,+17.506999649E-03,-109.272926281E-03,+46.257066088E-03
+93.436000E-06,+17.409304141E-03,-108.468121014E-03,+46.304961816E-03
+93.438000E-06,+17.294295506E-03,-106.858510475E-03,+46.313991338E-03
+93.440000E-06,+17.181936839E-03,-107.467021786E-03,+46.267665962E-03
+93.442000E-06,+17.092544566E-03,-109.371073278E-03,+46.225266465E-03
+93.444000E-06,+17.008805559E-03,-109.488849649E-03,+46.250392093E-03
+93.446000E-06,+16.910580058E-03,-108.095162472E-03,+46.306924756E-03
+93.448000E-06,+16.799104713E-03,-107.624056955E-03,+46.319880157E-03
+93.450000E-06,+16.678619476E-03,-109.096261722E-03,+46.271199253E-03
+93.452000E-06,+16.571914075E-03,-110.961054416E-03,+46.222910937E-03
+93.454000E-06,+16.471038605E-03,-111.196607169E-03,+46.233510811E-03
+93.456000E-06,+16.370693129E-03,-109.685143610E-03,+46.293576766E-03
+93.458000E-06,+16.266637696E-03,-108.919597141E-03,+46.337546614E-03
+93.460000E-06,+16.152159054E-03,-109.115891113E-03,+46.290436062E-03
+93.462000E-06,+16.041213704E-03,-109.017744127E-03,+46.217022118E-03
+93.464000E-06,+15.939631576E-03,-107.349245393E-03,+46.226836817E-03
+93.466000E-06,+15.845469359E-03,-108.075533087E-03,+46.298287821E-03
+93.468000E-06,+15.747243858E-03,-110.961054422E-03,+46.346576137E-03
+93.470000E-06,+15.632235222E-03,-112.452888569E-03,+46.299858172E-03
+93.472000E-06,+15.506273383E-03,-110.961054400E-03,+46.218199881E-03
+93.474000E-06,+15.391441412E-03,-109.214038087E-03,+46.199355661E-03
+93.476000E-06,+15.295689214E-03,-108.860708953E-03,+46.277873248E-03
+93.478000E-06,+15.197463713E-03,-108.978485335E-03,+46.355213072E-03
+93.480000E-06,+15.086165033E-03,-108.723303174E-03,+46.323413448E-03
+93.482000E-06,+14.964443144E-03,-107.859609713E-03,+46.224088700E-03
+93.484000E-06,+14.846431210E-03,-107.329616003E-03,+46.188755787E-03
+93.486000E-06,+14.736545847E-03,-108.644785596E-03,+46.257066088E-03
+93.488000E-06,+14.631430427E-03,-111.039572006E-03,+46.346968725E-03
+93.490000E-06,+14.531791609E-03,-110.391801897E-03,+46.336368850E-03
+93.492000E-06,+14.413073018E-03,-107.781092118E-03,+46.242540333E-03
+93.494000E-06,+14.289054489E-03,-107.977386101E-03,+46.174622621E-03
+93.496000E-06,+14.173339195E-03,-111.078830804E-03,+46.240969983E-03
+93.498000E-06,+14.067517117E-03,-111.098460183E-03,+46.350502017E-03
+93.500000E-06,+13.971588255E-03,-108.566267989E-03,+46.348146488E-03
+93.502000E-06,+13.865766177E-03,-106.289257966E-03,+46.246858801E-03
+93.504000E-06,+13.749697554E-03,-106.976286868E-03,+46.188755786E-03
+93.506000E-06,+13.628682323E-03,-109.312185090E-03,+46.237436691E-03
+93.508000E-06,+13.508373750E-03,-110.725501652E-03,+46.341472494E-03
+93.510000E-06,+13.403081665E-03,-109.920696374E-03,+46.349716840E-03
+93.512000E-06,+13.301146208E-03,-109.233667489E-03,+46.258243851E-03
+93.514000E-06,+13.187020895E-03,-109.292555683E-03,+46.187578023E-03
+93.516000E-06,+13.055052461E-03,-109.724402413E-03,+46.223303525E-03
+93.518000E-06,+12.922024039E-03,-109.096261711E-03,+46.323020861E-03
+93.520000E-06,+12.811432017E-03,-108.585897396E-03,+46.350109428E-03
+93.522000E-06,+12.717623130E-03,-108.114791874E-03,+46.272377017E-03
+93.524000E-06,+12.615864337E-03,-107.781092129E-03,+46.206029656E-03
+93.526000E-06,+12.489195840E-03,-108.291456450E-03,+46.236651515E-03
+93.528000E-06,+12.361644019E-03,-110.018843371E-03,+46.316346866E-03
+93.530000E-06,+12.251758656E-03,-110.529207680E-03,+46.340687318E-03
+93.532000E-06,+12.154239813E-03,-109.057002913E-03,+46.273947368E-03
+93.534000E-06,+12.051951027E-03,-108.428862222E-03,+46.211918475E-03
+93.536000E-06,+11.932702441E-03,-108.919597146E-03,+46.237436691E-03
+93.538000E-06,+11.797554044E-03,-108.998114731E-03,+46.313598751E-03
+93.540000E-06,+11.677775465E-03,-108.173680062E-03,+46.326554152E-03
+93.542000E-06,+11.575310014E-03,-108.880338354E-03,+46.277480660E-03
+93.544000E-06,+11.479911146E-03,-109.685143621E-03,+46.240184806E-03
+93.546000E-06,+11.371615764E-03,-109.371073267E-03,+46.255103148E-03
+93.548000E-06,+11.251483856E-03,-109.586996635E-03,+46.293576766E-03
+93.550000E-06,+11.128701979E-03,-110.175878540E-03,+46.301428524E-03
+93.552000E-06,+11.018109957E-03,-110.666613459E-03,+46.263347494E-03
+93.554000E-06,+10.917941146E-03,-110.450690091E-03,+46.241362570E-03
+93.556000E-06,+10.807879118E-03,-109.861808186E-03,+46.263740083E-03
+93.558000E-06,+10.688807197E-03,-109.645884823E-03,+46.297502645E-03
+93.560000E-06,+10.577331853E-03,-109.351443871E-03,+46.290828650E-03
+93.562000E-06,+10.472039768E-03,-108.350344632E-03,+46.264525258E-03
+93.564000E-06,+10.364981038E-03,-107.251098413E-03,+46.260991967E-03
+93.566000E-06,+10.257568979E-03,-108.350344644E-03,+46.293969354E-03
+93.568000E-06,+10.150156920E-03,-110.450690102E-03,+46.304176640E-03
+93.570000E-06,+10.046454817E-03,-111.824747872E-03,+46.274732544E-03
+93.572000E-06,+9.939572752E-03,-110.607725259E-03,+46.240184806E-03
+93.574000E-06,+9.833397344E-03,-109.312185073E-03,+46.252355032E-03
+93.576000E-06,+9.726161950E-03,-109.429961461E-03,+46.284939831E-03
+93.578000E-06,+9.618749891E-03,-109.744031810E-03,+46.289258298E-03
+93.580000E-06,+9.521231048E-03,-109.233667489E-03,+46.261777143E-03
+93.582000E-06,+9.422652217E-03,-108.330715236E-03,+46.252355032E-03
+93.584000E-06,+9.316300145E-03,-107.251098413E-03,+46.273554781E-03
+93.586000E-06,+9.198994870E-03,-108.762561978E-03,+46.295932293E-03
+93.588000E-06,+9.097589406E-03,-111.196607181E-03,+46.287687946E-03
+93.590000E-06,+9.011023767E-03,-109.999213958E-03,+46.258636439E-03
+93.592000E-06,+8.917568209E-03,-107.309986595E-03,+46.249214329E-03
+93.594000E-06,+8.805562870E-03,-108.468121026E-03,+46.262169731E-03
+93.596000E-06,+8.679954360E-03,-111.157348389E-03,+46.294361942E-03
+93.598000E-06,+8.566359041E-03,-111.648083296E-03,+46.295932293E-03
+93.600000E-06,+8.484386681E-03,-108.507379795E-03,+46.257066087E-03
+93.602000E-06,+8.391814445E-03,-105.857411235E-03,+46.243325510E-03
+93.604000E-06,+8.283519063E-03,-106.917398680E-03,+46.277873248E-03
+93.606000E-06,+8.158440547E-03,-109.174779312E-03,+46.307709931E-03
+93.608000E-06,+8.037425316E-03,-109.331814475E-03,+46.294754529E-03
+93.610000E-06,+7.937079840E-03,-108.762561966E-03,+46.264917846E-03
+93.612000E-06,+7.838324344E-03,-109.645884829E-03,+46.258243851E-03
+93.614000E-06,+7.727025665E-03,-110.745131049E-03,+46.271591841E-03
+93.616000E-06,+7.605303775E-03,-110.195507930E-03,+46.287295359E-03
+93.618000E-06,+7.482345234E-03,-108.448491612E-03,+46.283762067E-03
+93.620000E-06,+7.370516560E-03,-107.388504191E-03,+46.255495736E-03
+93.622000E-06,+7.265224476E-03,-107.682945149E-03,+46.248821741E-03
+93.624000E-06,+7.156929094E-03,-107.604427559E-03,+46.281406540E-03
+93.626000E-06,+7.035737198E-03,-107.722203941E-03,+46.310850635E-03
+93.628000E-06,+6.915251961E-03,-109.528108453E-03,+46.286902770E-03
+93.630000E-06,+6.805013269E-03,-111.157348383E-03,+46.244503273E-03
+93.632000E-06,+6.691241285E-03,-110.391801897E-03,+46.239007042E-03
+93.634000E-06,+6.576762643E-03,-109.155149899E-03,+46.274732545E-03
+93.636000E-06,+6.470940565E-03,-107.898868505E-03,+46.299072997E-03
+93.638000E-06,+6.357698575E-03,-106.367775556E-03,+46.290828650E-03
+93.640000E-06,+6.241983281E-03,-106.995916264E-03,+46.245288449E-03
+93.642000E-06,+6.133511235E-03,-109.312185091E-03,+46.233510811E-03
+93.644000E-06,+6.024862523E-03,-109.076632315E-03,+46.287687947E-03
+93.646000E-06,+5.919747104E-03,-107.349245393E-03,+46.309280283E-03
+93.648000E-06,+5.813925026E-03,-107.800721531E-03,+46.281013951E-03
+93.650000E-06,+5.699269719E-03,-110.234766740E-03,+46.238221866E-03
+93.652000E-06,+5.582141108E-03,-111.118089585E-03,+46.243718098E-03
+93.654000E-06,+5.462362529E-03,-110.097360944E-03,+46.286510183E-03
+93.656000E-06,+5.349650533E-03,-108.978485329E-03,+46.311635811E-03
+93.658000E-06,+5.245418436E-03,-108.841079556E-03,+46.281406539E-03
+93.660000E-06,+5.142246327E-03,-109.390702669E-03,+46.227229404E-03
+93.662000E-06,+5.025471045E-03,-108.507379806E-03,+46.225659053E-03
+93.664000E-06,+4.904279150E-03,-107.408133587E-03,+46.292399002E-03
+93.666000E-06,+4.790153837E-03,-107.957756705E-03,+46.340294730E-03
+93.668000E-06,+4.683271771E-03,-109.567367245E-03,+46.301821112E-03
+93.670000E-06,+4.574799725E-03,-110.882536827E-03,+46.243325509E-03
+93.672000E-06,+4.453607829E-03,-110.352543104E-03,+46.233118223E-03
+93.674000E-06,+4.334359244E-03,-109.429961455E-03,+46.295932293E-03
+93.676000E-06,+4.215640652E-03,-109.174779301E-03,+46.332442971E-03
+93.678000E-06,+4.100632016E-03,-109.292555683E-03,+46.292399001E-03
+93.680000E-06,+3.988626678E-03,-108.899967745E-03,+46.214666590E-03
+93.682000E-06,+3.876974669E-03,-107.467021775E-03,+46.209955535E-03
+93.684000E-06,+3.765322661E-03,-106.858510480E-03,+46.293184178E-03
+93.686000E-06,+3.648724044E-03,-108.723303186E-03,+46.343435434E-03
+93.688000E-06,+3.528945465E-03,-111.883636072E-03,+46.296717469E-03
+93.690000E-06,+3.407576904E-03,-110.372172495E-03,+46.212311062E-03
+93.692000E-06,+3.295924896E-03,-105.837781827E-03,+46.209562947E-03
+93.694000E-06,+3.190632811E-03,-106.740734110E-03,+46.284939831E-03
+93.696000E-06,+3.071207561E-03,-111.491048145E-03,+46.350502016E-03
+93.698000E-06,+2.943479076E-03,-112.138818215E-03,+46.303391464E-03
+93.700000E-06,+2.827233789E-03,-107.879239092E-03,+46.207600007E-03
+93.702000E-06,+2.723885015E-03,-104.660018029E-03,+46.189540963E-03
+93.704000E-06,+2.630782786E-03,-106.210740399E-03,+46.284939831E-03
+93.706000E-06,+2.527787341E-03,-109.920696398E-03,+46.361887067E-03
+93.708000E-06,+2.400942179E-03,-110.548837077E-03,+46.326946740E-03
+93.710000E-06,+2.272153707E-03,-108.507379800E-03,+46.227229404E-03
+93.712000E-06,+2.159618375E-03,-108.212938860E-03,+46.200140837E-03
+93.714000E-06,+2.066692811E-03,-109.449590863E-03,+46.277873249E-03
+93.716000E-06,+1.963874030E-03,-110.175878540E-03,+46.352464956E-03
+93.718000E-06,+1.838265520E-03,-109.017744121E-03,+46.328517092E-03
+93.720000E-06,+1.710890365E-03,-107.467021775E-03,+46.230370107E-03
+93.722000E-06,+1.599768350E-03,-106.995916258E-03,+46.186792847E-03
+93.724000E-06,+1.502072842E-03,-107.231469022E-03,+46.273162193E-03
+93.726000E-06,+1.403494011E-03,-108.369974040E-03,+46.360316715E-03
+93.728000E-06,+1.281065464E-03,-109.214038099E-03,+46.337939202E-03
+93.730000E-06,+1.154043637E-03,-110.274025526E-03,+46.228799756E-03
+93.732000E-06,+1.023135190E-03,-110.274025520E-03,+46.180904028E-03
+93.734000E-06,+902.826617E-06,-109.155149899E-03,+46.242147746E-03
+93.736000E-06,+800.184501E-06,-107.898868505E-03,+46.336761439E-03
+93.738000E-06,+686.235853E-06,-106.642587112E-03,+46.335191087E-03
+93.740000E-06,+550.557462E-06,-107.584798169E-03,+46.242540333E-03
+93.742000E-06,+412.052439E-06,-110.077731566E-03,+46.196607545E-03
+93.744000E-06,+293.333847E-06,-110.136619742E-03,+46.252355033E-03
+93.746000E-06,+192.281713E-06,-108.448491612E-03,+46.337939203E-03
+93.748000E-06,+84.692989E-06,-109.037373529E-03,+46.332442971E-03
+93.750000E-06,-42.682167E-06,-110.804019243E-03,+46.247643977E-03
+93.752000E-06,-182.600507E-06,-111.864006664E-03,+46.205637068E-03
+93.754000E-06,-326.405468E-06,-110.470319480E-03,+46.250784681E-03
+93.756000E-06,-445.830718E-06,-108.880338342E-03,+46.315561690E-03
+93.758000E-06,-549.356156E-06,-108.546638604E-03,+46.329302268E-03
+93.760000E-06,-664.718121E-06,-109.076632321E-03,+46.264132670E-03
+93.762000E-06,-794.389916E-06,-108.880338348E-03,+46.202496364E-03
+93.764000E-06,-932.011617E-06,-107.192210218E-03,+46.239007043E-03
+93.766000E-06,-1.053203513E-03,-107.231469022E-03,+46.322235685E-03
+93.768000E-06,-1.168212148E-03,-108.644785596E-03,+46.338724378E-03
+93.770000E-06,-1.283927442E-03,-110.352543116E-03,+46.279051012E-03
+93.772000E-06,-1.414659225E-03,-110.843278029E-03,+46.215451766E-03
+93.774000E-06,-1.561114154E-03,-110.470319486E-03,+46.229584932E-03
+93.776000E-06,-1.698382526E-03,-109.999213964E-03,+46.282191716E-03
+93.778000E-06,-1.820457744E-03,-109.390702663E-03,+46.324983801E-03
+93.780000E-06,-1.935643045E-03,-108.899967745E-03,+46.286117594E-03
+93.782000E-06,-2.057541599E-03,-108.016644887E-03,+46.227621992E-03
+93.784000E-06,-2.199049920E-03,-107.624056955E-03,+46.244895862E-03
+93.786000E-06,-2.339498254E-03,-109.233667501E-03,+46.300643349E-03
+93.788000E-06,-2.458393510E-03,-111.118089591E-03,+46.341079906E-03
+93.790000E-06,-2.571812165E-03,-110.254396118E-03,+46.296324881E-03
+93.792000E-06,-2.688587446E-03,-108.036274277E-03,+46.228799756E-03
+93.794000E-06,-2.819495893E-03,-108.841079562E-03,+46.211918475E-03
+93.796000E-06,-2.947401043E-03,-111.059201403E-03,+46.265703022E-03
+93.798000E-06,-3.069652926E-03,-110.666613453E-03,+46.334013323E-03
+93.800000E-06,-3.176358327E-03,-107.545539353E-03,+46.309672871E-03
+93.802000E-06,-3.279707101E-03,-106.014446415E-03,+46.233510811E-03
+93.804000E-06,-3.389062470E-03,-107.094063250E-03,+46.217807294E-03
+93.806000E-06,-3.510431030E-03,-109.606626044E-03,+46.277480660E-03
+93.808000E-06,-3.630916268E-03,-110.077731554E-03,+46.335583675E-03
+93.810000E-06,-3.742391612E-03,-109.272926281E-03,+46.320665333E-03
+93.812000E-06,-3.846447044E-03,-108.880338348E-03,+46.248821740E-03
+93.814000E-06,-3.958275718E-03,-109.115891113E-03,+46.203281540E-03
+93.816000E-06,-4.083707563E-03,-109.429961461E-03,+46.253140208E-03
+93.818000E-06,-4.199776186E-03,-109.331814475E-03,+46.337939203E-03
+93.820000E-06,-4.308071568E-03,-108.625156188E-03,+46.332442971E-03
+93.822000E-06,-4.409300367E-03,-108.114791873E-03,+46.244895861E-03
+93.824000E-06,-4.520775712E-03,-107.643686351E-03,+46.199748249E-03
+93.826000E-06,-4.640024297E-03,-108.134421276E-03,+46.249999505E-03
+93.828000E-06,-4.755209597E-03,-109.586996642E-03,+46.337546615E-03
+93.830000E-06,-4.865978283E-03,-110.607725271E-03,+46.337939202E-03
+93.832000E-06,-4.981163584E-03,-110.588095869E-03,+46.248429152E-03
+93.834000E-06,-5.093345586E-03,-109.331814469E-03,+46.194644606E-03
+93.836000E-06,-5.211180855E-03,-108.193309458E-03,+46.240969982E-03
+93.838000E-06,-5.324952839E-03,-107.368874795E-03,+46.330872620E-03
+93.840000E-06,-5.428124948E-03,-108.232568262E-03,+46.337154026E-03
+93.842000E-06,-5.533593697E-03,-110.018843372E-03,+46.248429152E-03
+93.844000E-06,-5.658142220E-03,-109.567367233E-03,+46.200140837E-03
+93.846000E-06,-5.790287319E-03,-108.644785584E-03,+46.239007043E-03
+93.848000E-06,-5.914482512E-03,-109.351443877E-03,+46.324983801E-03
+93.850000E-06,-6.032494446E-03,-110.293654922E-03,+46.347361313E-03
+93.852000E-06,-6.155982981E-03,-109.724402407E-03,+46.271984429E-03
+93.854000E-06,-6.295194663E-03,-108.527009202E-03,+46.206029656E-03
+93.856000E-06,-6.438999623E-03,-110.018843372E-03,+46.242147746E-03
+93.858000E-06,-6.565844785E-03,-110.941425015E-03,+46.328124504E-03
+93.860000E-06,-6.682796731E-03,-109.802919991E-03,+46.328517092E-03
+93.862000E-06,-6.799925342E-03,-107.702574533E-03,+46.258243851E-03
+93.864000E-06,-6.933307093E-03,-107.427762989E-03,+46.209955535E-03
+93.866000E-06,-7.076405396E-03,-108.939226549E-03,+46.242932922E-03
+93.868000E-06,-7.211907121E-03,-110.391801909E-03,+46.317132042E-03
+93.870000E-06,-7.331332371E-03,-111.255495364E-03,+46.326946740E-03
+93.872000E-06,-7.449874298E-03,-109.842178783E-03,+46.269236313E-03
+93.874000E-06,-7.582196062E-03,-109.351443871E-03,+46.214274002E-03
+93.876000E-06,-7.726354352E-03,-109.861808192E-03,+46.246073626E-03
+93.878000E-06,-7.866979351E-03,-110.077731554E-03,+46.320272745E-03
+93.880000E-06,-7.994531171E-03,-108.998114724E-03,+46.319094981E-03
+93.882000E-06,-8.103003217E-03,-107.604427553E-03,+46.259814203E-03
+93.884000E-06,-8.216421872E-03,-106.740734098E-03,+46.224088701E-03
+93.886000E-06,-8.348213642E-03,-108.291456456E-03,+46.255888324E-03
+93.888000E-06,-8.484952020E-03,-110.862907437E-03,+46.313206163E-03
+93.890000E-06,-8.613387163E-03,-110.097360944E-03,+46.306924755E-03
+93.892000E-06,-8.729455786E-03,-107.741833325E-03,+46.252747620E-03
+93.894000E-06,-8.853827644E-03,-108.389603436E-03,+46.217807294E-03
+93.896000E-06,-8.988269383E-03,-111.412530550E-03,+46.268843726E-03
+93.898000E-06,-9.127657729E-03,-111.412530532E-03,+46.326161564E-03
+93.900000E-06,-9.256446201E-03,-108.468121001E-03,+46.311243222E-03
+93.902000E-06,-9.371278172E-03,-106.407034347E-03,+46.236651514E-03
+93.904000E-06,-9.486816802E-03,-106.721104708E-03,+46.209955535E-03
+93.906000E-06,-9.612601976E-03,-109.135520521E-03,+46.265310434E-03
+93.908000E-06,-9.752166987E-03,-110.156249144E-03,+46.323020861E-03
+93.910000E-06,-9.888552036E-03,-109.979584568E-03,+46.305354403E-03
+93.912000E-06,-10.013100559E-03,-109.528108441E-03,+46.246858801E-03
+93.914000E-06,-10.133585796E-03,-109.744031810E-03,+46.217022118E-03
+93.916000E-06,-10.252481052E-03,-109.371073267E-03,+46.260599379E-03
+93.918000E-06,-10.377382904E-03,-108.625156188E-03,+46.308495107E-03
+93.920000E-06,-10.506878035E-03,-107.977386095E-03,+46.297895233E-03
+93.922000E-06,-10.627009943E-03,-107.486651177E-03,+46.240577394E-03
+93.924000E-06,-10.746965187E-03,-107.152951432E-03,+46.229977520E-03
+93.926000E-06,-10.868333747E-03,-107.525909975E-03,+46.276302897E-03
+93.928000E-06,-10.984932364E-03,-109.096261723E-03,+46.318702394E-03
+93.930000E-06,-11.105770930E-03,-110.136619748E-03,+46.307317343E-03
+93.932000E-06,-11.231026111E-03,-110.254396124E-03,+46.247251389E-03
+93.934000E-06,-11.348154722E-03,-109.979584568E-03,+46.222518349E-03
+93.936000E-06,-11.457863420E-03,-108.841079550E-03,+46.258636439E-03
+93.938000E-06,-11.572872056E-03,-106.897769266E-03,+46.302606288E-03
+93.940000E-06,-11.687527362E-03,-107.329616009E-03,+46.291613826E-03
+93.942000E-06,-11.813135872E-03,-110.038472775E-03,+46.253532796E-03
+93.944000E-06,-11.937861059E-03,-109.724402407E-03,+46.240184806E-03
+93.946000E-06,-12.047393093E-03,-108.114791867E-03,+46.263740083E-03
+93.948000E-06,-12.148621893E-03,-107.898868511E-03,+46.286510183E-03
+93.950000E-06,-12.261333889E-03,-109.685143628E-03,+46.278265836E-03
+93.952000E-06,-12.385705747E-03,-110.627354667E-03,+46.254710560E-03
+93.954000E-06,-12.512727573E-03,-109.763661199E-03,+46.251569856E-03
+93.956000E-06,-12.633742805E-03,-108.801820758E-03,+46.276302896E-03
+93.958000E-06,-12.741508193E-03,-108.958855939E-03,+46.285332419E-03
+93.960000E-06,-12.838850371E-03,-108.998114731E-03,+46.264132670E-03
+93.962000E-06,-12.942375810E-03,-108.173680061E-03,+46.241755158E-03
+93.964000E-06,-13.056854452E-03,-106.819251682E-03,+46.266488198E-03
+93.966000E-06,-13.169036455E-03,-106.779992896E-03,+46.289650886E-03
+93.968000E-06,-13.279451811E-03,-108.998114743E-03,+46.286902771E-03
+93.970000E-06,-13.385980548E-03,-111.235865974E-03,+46.255888324E-03
+93.972000E-06,-13.498162550E-03,-110.548837070E-03,+46.243325510E-03
+93.974000E-06,-13.609991224E-03,-109.724402407E-03,+46.255888324E-03
+93.976000E-06,-13.719169929E-03,-109.901066984E-03,+46.290828650E-03
+93.978000E-06,-13.830468608E-03,-109.665514219E-03,+46.298287821E-03
+93.980000E-06,-13.944593921E-03,-109.351443871E-03,+46.268451137E-03
+93.982000E-06,-14.059072563E-03,-107.525909962E-03,+46.247643977E-03
+93.984000E-06,-14.164894641E-03,-106.721104702E-03,+46.275517721E-03
+93.986000E-06,-14.271953371E-03,-108.703673791E-03,+46.301821112E-03
+93.988000E-06,-14.383075386E-03,-111.471418738E-03,+46.296717469E-03
+93.990000E-06,-14.497200699E-03,-110.175878528E-03,+46.262562318E-03
+93.992000E-06,-14.611679341E-03,-107.329615990E-03,+46.235866339E-03
+93.994000E-06,-14.723684679E-03,-108.055903692E-03,+46.251962444E-03
+93.996000E-06,-14.829153428E-03,-111.235865980E-03,+46.304176640E-03
+93.998000E-06,-14.937448810E-03,-111.530306914E-03,+46.316739454E-03
+94.000000E-06,-15.048747490E-03,-108.487750397E-03,+46.270806665E-03
+94.002000E-06,-15.160399499E-03,-106.132222790E-03,+46.222910937E-03
+94.004000E-06,-15.259684987E-03,-107.368874807E-03,+46.252747620E-03
+94.006000E-06,-15.352257223E-03,-110.332913727E-03,+46.310065459E-03
+94.008000E-06,-15.447832755E-03,-111.549936316E-03,+46.331265207E-03
+94.010000E-06,-15.555068150E-03,-110.568466466E-03,+46.275517720E-03
+94.012000E-06,-15.667603482E-03,-108.350344625E-03,+46.223303525E-03
+94.014000E-06,-15.772012243E-03,-108.468121020E-03,+46.228014580E-03
+94.016000E-06,-15.866527789E-03,-110.725501660E-03,+46.290043474E-03
+94.018000E-06,-15.958570030E-03,-110.764760439E-03,+46.331657795E-03
+94.020000E-06,-16.051672259E-03,-108.801820752E-03,+46.284154655E-03
+94.022000E-06,-16.148661108E-03,-107.290357204E-03,+46.221733173E-03
+94.024000E-06,-16.248653256E-03,-106.976286862E-03,+46.233118224E-03
+94.026000E-06,-16.340342168E-03,-108.880338361E-03,+46.296324881E-03
+94.028000E-06,-16.425847820E-03,-110.254396131E-03,+46.329694856E-03
+94.030000E-06,-16.510646814E-03,-109.999213964E-03,+46.286510182E-03
+94.032000E-06,-16.605339024E-03,-108.978485328E-03,+46.219377645E-03
+94.034000E-06,-16.706391159E-03,-108.978485335E-03,+46.221733173E-03
+94.036000E-06,-16.801966692E-03,-108.723303174E-03,+46.289258299E-03
+94.038000E-06,-16.892948946E-03,-107.447392378E-03,+46.339902142E-03
+94.040000E-06,-16.978454598E-03,-108.095162484E-03,+46.293576765E-03
+94.042000E-06,-17.066963548E-03,-109.999213977E-03,+46.217414706E-03
+94.044000E-06,-17.168369012E-03,-110.116990346E-03,+46.224088701E-03
+94.046000E-06,-17.269067818E-03,-108.998114724E-03,+46.289650887E-03
+94.048000E-06,-17.365703338E-03,-108.978485335E-03,+46.342650258E-03
+94.050000E-06,-17.448205692E-03,-110.372172513E-03,+46.313206162E-03
+94.052000E-06,-17.528764737E-03,-111.255495364E-03,+46.233903399E-03
+94.054000E-06,-17.632820169E-03,-109.842178783E-03,+46.212311063E-03
+94.056000E-06,-17.743942184E-03,-108.389603423E-03,+46.276695485E-03
+94.058000E-06,-17.833334457E-03,-108.899967751E-03,+46.338331790E-03
+94.060000E-06,-17.909653552E-03,-109.822549400E-03,+46.299072996E-03
+94.062000E-06,-17.983322678E-03,-109.115891106E-03,+46.229192344E-03
+94.064000E-06,-18.067945007E-03,-107.761462727E-03,+46.225659053E-03
+94.066000E-06,-18.156630622E-03,-107.584798163E-03,+46.300643349E-03
+94.068000E-06,-18.251852826E-03,-109.783290614E-03,+46.349716840E-03
+94.070000E-06,-18.331881876E-03,-111.196607176E-03,+46.305746991E-03
+94.072000E-06,-18.399721072E-03,-110.391801896E-03,+46.227229404E-03
+94.074000E-06,-18.472330210E-03,-109.429961455E-03,+46.217022118E-03
+94.076000E-06,-18.555715888E-03,-109.174779301E-03,+46.282976892E-03
+94.078000E-06,-18.641751534E-03,-109.429961461E-03,+46.347361313E-03
+94.080000E-06,-18.723017237E-03,-109.606626031E-03,+46.313991338E-03
+94.082000E-06,-18.789973109E-03,-107.977386089E-03,+46.239399630E-03
+94.084000E-06,-18.854985671E-03,-106.505181333E-03,+46.218592470E-03
+94.086000E-06,-18.934838057E-03,-107.977386108E-03,+46.280228776E-03
+94.088000E-06,-19.020520374E-03,-110.411431311E-03,+46.335976263E-03
+94.090000E-06,-19.101786077E-03,-109.901066977E-03,+46.309672871E-03
+94.092000E-06,-19.179871817E-03,-108.409232819E-03,+46.239007042E-03
+94.094000E-06,-19.261314184E-03,-109.174779307E-03,+46.199355661E-03
+94.096000E-06,-19.349469805E-03,-110.961054418E-03,+46.260991967E-03
+94.098000E-06,-19.429852185E-03,-110.646984056E-03,+46.341865082E-03
+94.100000E-06,-19.504051305E-03,-107.408133573E-03,+46.316346866E-03
+94.102000E-06,-19.583727026E-03,-105.307788127E-03,+46.231547871E-03
+94.104000E-06,-19.677889243E-03,-106.858510493E-03,+46.203674128E-03
+94.106000E-06,-19.770284813E-03,-109.312185092E-03,+46.256280912E-03
+94.108000E-06,-19.858440434E-03,-109.901066984E-03,+46.330087444E-03
+94.110000E-06,-19.944829409E-03,-109.528108441E-03,+46.328517092E-03
+94.112000E-06,-20.039698284E-03,-109.331814475E-03,+46.263740082E-03
+94.114000E-06,-20.144460375E-03,-109.724402414E-03,+46.213488826E-03
+94.116000E-06,-20.239329249E-03,-109.645884823E-03,+46.235081163E-03
+94.118000E-06,-20.327661535E-03,-109.351443871E-03,+46.315954278E-03
+94.120000E-06,-20.410340554E-03,-108.899967744E-03,+46.335191087E-03
+94.122000E-06,-20.498496175E-03,-107.741833331E-03,+46.275910308E-03
+94.124000E-06,-20.599901639E-03,-107.584798163E-03,+46.220555409E-03
+94.126000E-06,-20.704310400E-03,-108.134421276E-03,+46.233118224E-03
+94.128000E-06,-20.794056002E-03,-109.586996642E-03,+46.299072997E-03
+94.130000E-06,-20.865605153E-03,-111.294754162E-03,+46.335583675E-03
+94.132000E-06,-20.948460837E-03,-110.274025514E-03,+46.284547243E-03
+94.134000E-06,-21.044389699E-03,-108.860708946E-03,+46.213488826E-03
+94.136000E-06,-21.146855150E-03,-107.859609713E-03,+46.212703651E-03
+94.138000E-06,-21.238897392E-03,-106.505181333E-03,+46.288080535E-03
+94.140000E-06,-21.314509828E-03,-107.290357217E-03,+46.331657795E-03
+94.142000E-06,-21.391712246E-03,-109.763661219E-03,+46.300643348E-03
+94.144000E-06,-21.476864569E-03,-110.372172507E-03,+46.240577394E-03
+94.146000E-06,-21.569260140E-03,-108.762561960E-03,+46.221733173E-03
+94.148000E-06,-21.665012337E-03,-108.664414986E-03,+46.266880786E-03
+94.150000E-06,-21.745041388E-03,-110.195507943E-03,+46.323020861E-03
+94.152000E-06,-21.822773799E-03,-111.235865968E-03,+46.305354403E-03
+94.154000E-06,-21.912872730E-03,-110.116990339E-03,+46.244110685E-03
+94.156000E-06,-22.012158219E-03,-108.428862215E-03,+46.230370108E-03
+94.158000E-06,-22.105083783E-03,-108.075533081E-03,+46.265310434E-03
+94.160000E-06,-22.185819492E-03,-109.155149911E-03,+46.300643349E-03
+94.162000E-06,-22.262491916E-03,-108.625156188E-03,+46.291221238E-03
+94.164000E-06,-22.341284315E-03,-107.427762982E-03,+46.253532796E-03
+94.166000E-06,-22.426613303E-03,-107.133322036E-03,+46.234688575E-03
+94.168000E-06,-22.522718829E-03,-110.136619762E-03,+46.257458676E-03
+94.170000E-06,-22.611581108E-03,-111.530306920E-03,+46.288473122E-03
+94.172000E-06,-22.690550171E-03,-109.194408684E-03,+46.284154655E-03
+94.174000E-06,-22.757152715E-03,-108.016644887E-03,+46.255495736E-03
+94.176000E-06,-22.825875233E-03,-110.097360963E-03,+46.254317972E-03
+94.178000E-06,-22.903784309E-03,-110.686242855E-03,+46.273947369E-03
+94.180000E-06,-22.987876644E-03,-108.939226530E-03,+46.290436062E-03
+94.182000E-06,-23.066492379E-03,-107.035175043E-03,+46.278658424E-03
+94.184000E-06,-23.129384966E-03,-106.662216514E-03,+46.262954906E-03
+94.186000E-06,-23.192630882E-03,-109.665514239E-03,+46.263740082E-03
+94.188000E-06,-23.262413388E-03,-112.158447624E-03,+46.286117595E-03
+94.190000E-06,-23.340499128E-03,-109.979584555E-03,+46.300250760E-03
+94.192000E-06,-23.412224944E-03,-107.152951419E-03,+46.274339956E-03
+94.194000E-06,-23.466814296E-03,-108.585897409E-03,+46.242932922E-03
+94.196000E-06,-23.525290269E-03,-111.726600900E-03,+46.263740083E-03
+94.198000E-06,-23.595779433E-03,-111.314383545E-03,+46.308495107E-03
+94.200000E-06,-23.672805186E-03,-107.761462713E-03,+46.308887695E-03
+94.202000E-06,-23.731987817E-03,-105.759264254E-03,+46.264132670E-03
+94.204000E-06,-23.783573872E-03,-107.054804459E-03,+46.235866339E-03
+94.206000E-06,-23.841873180E-03,-109.194408710E-03,+46.254710560E-03
+94.208000E-06,-23.914835648E-03,-110.293654923E-03,+46.312813575E-03
+94.210000E-06,-23.990978078E-03,-109.724402407E-03,+46.320665333E-03
+94.212000E-06,-24.053694001E-03,-109.214038093E-03,+46.271199253E-03
+94.214000E-06,-24.113229961E-03,-109.429961461E-03,+46.225659052E-03
+94.216000E-06,-24.186192429E-03,-109.606626031E-03,+46.244895862E-03
+94.218000E-06,-24.258624903E-03,-108.939226536E-03,+46.314383926E-03
+94.220000E-06,-24.319574180E-03,-107.741833330E-03,+46.329302268E-03
+94.222000E-06,-24.372750216E-03,-107.584798163E-03,+46.272377017E-03
+94.224000E-06,-24.429989537E-03,-107.722203941E-03,+46.225659052E-03
+94.226000E-06,-24.507721949E-03,-108.566268007E-03,+46.239399631E-03
+94.228000E-06,-24.585807689E-03,-109.920696387E-03,+46.299858173E-03
+94.230000E-06,-24.646226972E-03,-110.784389841E-03,+46.327339328E-03
+94.232000E-06,-24.696753039E-03,-110.332913708E-03,+46.286117594E-03
+94.234000E-06,-24.752402379E-03,-109.567367233E-03,+46.222125761E-03
+94.236000E-06,-24.826248170E-03,-108.369974027E-03,+46.224873877E-03
+94.238000E-06,-24.903803917E-03,-106.838881077E-03,+46.289650887E-03
+94.240000E-06,-24.964223200E-03,-107.604427565E-03,+46.326161564E-03
+94.242000E-06,-25.012275963E-03,-109.665514233E-03,+46.299858172E-03
+94.244000E-06,-25.066335322E-03,-109.940325776E-03,+46.243325509E-03
+94.246000E-06,-25.136294492E-03,-107.879239102E-03,+46.227621992E-03
+94.248000E-06,-25.205900333E-03,-107.584798163E-03,+46.278658424E-03
+94.250000E-06,-25.260313021E-03,-110.332913728E-03,+46.338331790E-03
+94.252000E-06,-25.308895778E-03,-112.099559429E-03,+46.315561690E-03
+94.254000E-06,-25.363131801E-03,-111.196607163E-03,+46.239792218E-03
+94.256000E-06,-25.434327623E-03,-109.528108434E-03,+46.213096239E-03
+94.258000E-06,-25.505346781E-03,-108.625156188E-03,+46.276695485E-03
+94.260000E-06,-25.558699481E-03,-109.076632321E-03,+46.324591213E-03
+94.262000E-06,-25.597212357E-03,-108.605526792E-03,+46.308102519E-03
+94.264000E-06,-25.643851804E-03,-107.015545647E-03,+46.247251389E-03
+94.266000E-06,-25.706744392E-03,-107.486651183E-03,+46.214274002E-03
+94.268000E-06,-25.771756954E-03,-110.195507950E-03,+46.262954907E-03
+94.270000E-06,-25.824402996E-03,-111.392901142E-03,+46.325376389E-03
+94.272000E-06,-25.866625828E-03,-110.411431292E-03,+46.316739454E-03
+94.274000E-06,-25.913795269E-03,-109.292555676E-03,+46.242932921E-03
+94.276000E-06,-25.963084684E-03,-108.880338348E-03,+46.202496364E-03
+94.278000E-06,-26.017497372E-03,-109.253296891E-03,+46.261384555E-03
+94.280000E-06,-26.067670110E-03,-108.625156188E-03,+46.330872620E-03
+94.282000E-06,-26.108479626E-03,-107.565168760E-03,+46.320272745E-03
+94.284000E-06,-26.155472402E-03,-107.427762989E-03,+46.246073625E-03
+94.286000E-06,-26.213418381E-03,-108.939226550E-03,+46.205637068E-03
+94.288000E-06,-26.260411157E-03,-111.628453914E-03,+46.256280912E-03
+94.290000E-06,-26.292034115E-03,-110.882536814E-03,+46.343828022E-03
+94.292000E-06,-26.322950415E-03,-108.252197638E-03,+46.327731916E-03
+94.294000E-06,-26.372593160E-03,-108.311085846E-03,+46.230370107E-03
+94.296000E-06,-26.427359177E-03,-111.667712712E-03,+46.186792847E-03
+94.298000E-06,-26.465165395E-03,-111.451789323E-03,+46.267665962E-03
+94.300000E-06,-26.486895137E-03,-108.055903665E-03,+46.351287192E-03
+94.302000E-06,-26.510391525E-03,-106.210740380E-03,+46.320272745E-03
+94.304000E-06,-26.557914295E-03,-106.976286869E-03,+46.215451766E-03
+94.306000E-06,-26.612503647E-03,-109.037373536E-03,+46.184829907E-03
+94.308000E-06,-26.656493125E-03,-109.999213970E-03,+46.273162193E-03
+94.310000E-06,-26.688999406E-03,-109.272926280E-03,+46.354820484E-03
+94.312000E-06,-26.723802327E-03,-109.292555683E-03,+46.326161564E-03
+94.314000E-06,-26.770265109E-03,-109.724402414E-03,+46.218985057E-03
+94.316000E-06,-26.824501132E-03,-109.508479045E-03,+46.182474380E-03
+94.318000E-06,-26.870963914E-03,-108.782191362E-03,+46.272769605E-03
+94.320000E-06,-26.901350220E-03,-108.271827047E-03,+46.354820484E-03
+94.322000E-06,-26.932089856E-03,-107.938127303E-03,+46.312420986E-03
+94.324000E-06,-26.974312688E-03,-107.624056955E-03,+46.211525886E-03
+94.326000E-06,-27.018125502E-03,-108.546638611E-03,+46.189933550E-03
+94.328000E-06,-27.055755055E-03,-110.607725278E-03,+46.284939832E-03
+94.330000E-06,-27.083844722E-03,-111.432159934E-03,+46.359138951E-03
+94.332000E-06,-27.111934389E-03,-109.312185065E-03,+46.310065458E-03
+94.334000E-06,-27.148857284E-03,-108.173680061E-03,+46.208385183E-03
+94.336000E-06,-27.188253484E-03,-109.017744133E-03,+46.206029656E-03
+94.338000E-06,-27.222879740E-03,-108.193309457E-03,+46.298287821E-03
+94.340000E-06,-27.248142773E-03,-107.781092129E-03,+46.346968725E-03
+94.342000E-06,-27.273405807E-03,-108.703673785E-03,+46.283369479E-03
+94.344000E-06,-27.291425593E-03,-109.115891113E-03,+46.213096238E-03
+94.346000E-06,-27.307148740E-03,-109.155149905E-03,+46.220947998E-03
+94.348000E-06,-27.330115134E-03,-109.429961461E-03,+46.305746992E-03
+94.350000E-06,-27.349194908E-03,-110.156249145E-03,+46.353250132E-03
+94.352000E-06,-27.363858067E-03,-110.804019237E-03,+46.292399001E-03
+94.354000E-06,-27.380464537E-03,-110.332913708E-03,+46.211525887E-03
+94.356000E-06,-27.390004424E-03,-109.155149898E-03,+46.228799756E-03
+94.358000E-06,-27.392301063E-03,-108.723303174E-03,+46.323413449E-03
+94.360000E-06,-27.390004424E-03,-108.821450161E-03,+46.344613197E-03
+94.362000E-06,-27.389651094E-03,-108.016644887E-03,+46.255103147E-03
+94.364000E-06,-27.397071006E-03,-107.349245398E-03,+46.200926012E-03
+94.366000E-06,-27.398130994E-03,-107.820350928E-03,+46.244503274E-03
+94.368000E-06,-27.393184386E-03,-109.547737851E-03,+46.328517092E-03
+94.370000E-06,-27.390004424E-03,-111.019942606E-03,+46.339509554E-03
+94.372000E-06,-27.394597702E-03,-110.921795613E-03,+46.262562318E-03
+94.374000E-06,-27.401487621E-03,-109.645884816E-03,+46.199355661E-03
+94.376000E-06,-27.407317552E-03,-108.919597140E-03,+46.244110686E-03
+94.378000E-06,-27.406787558E-03,-109.390702670E-03,+46.328517092E-03
+94.380000E-06,-27.410320849E-03,-109.194408697E-03,+46.325768976E-03
+94.382000E-06,-27.417034103E-03,-107.918497900E-03,+46.252355032E-03
+94.384000E-06,-27.432757250E-03,-107.192210224E-03,+46.211918475E-03
+94.386000E-06,-27.449717049E-03,-109.174779314E-03,+46.251569857E-03
+94.388000E-06,-27.456783631E-03,-111.530306927E-03,+46.329302268E-03
+94.390000E-06,-27.452543682E-03,-110.450690083E-03,+46.342257670E-03
+94.392000E-06,-27.458020283E-03,-107.368874780E-03,+46.273947368E-03
+94.394000E-06,-27.477453386E-03,-108.055903692E-03,+46.203674128E-03
+94.396000E-06,-27.502363091E-03,-111.235865982E-03,+46.230762696E-03
+94.398000E-06,-27.508016357E-03,-111.392901135E-03,+46.312813575E-03
+94.400000E-06,-27.497239818E-03,-108.193309443E-03,+46.332050383E-03
+94.402000E-06,-27.485756621E-03,-105.818152441E-03,+46.272769605E-03
+94.404000E-06,-27.491763216E-03,-106.779992903E-03,+46.220162821E-03
+94.406000E-06,-27.511372984E-03,-109.017744140E-03,+46.244110686E-03
+94.408000E-06,-27.523916168E-03,-109.586996636E-03,+46.311635811E-03
+94.410000E-06,-27.514199617E-03,-109.214038093E-03,+46.337154026E-03
+94.412000E-06,-27.500243116E-03,-110.666613466E-03,+46.295539705E-03
+94.414000E-06,-27.503423078E-03,-111.569565712E-03,+46.226051640E-03
+94.416000E-06,-27.526389472E-03,-111.118089579E-03,+46.228014580E-03
+94.418000E-06,-27.544409259E-03,-110.077731547E-03,+46.292791590E-03
+94.420000E-06,-27.531689409E-03,-108.703673771E-03,+46.326554152E-03
+94.422000E-06,-27.509783003E-03,-108.389603430E-03,+46.291613826E-03
+94.424000E-06,-27.508193022E-03,-108.232568256E-03,+46.233903399E-03
+94.426000E-06,-27.523209510E-03,-108.625156195E-03,+46.240184806E-03
+94.428000E-06,-27.531512745E-03,-109.645884830E-03,+46.286117595E-03
+94.430000E-06,-27.511372984E-03,-111.019942606E-03,+46.314383926E-03
+94.432000E-06,-27.484873298E-03,-111.059201391E-03,+46.298287821E-03
+94.434000E-06,-27.471623455E-03,-109.940325769E-03,+46.243325509E-03
+94.436000E-06,-27.468973487E-03,-108.958855932E-03,+46.235866339E-03
+94.438000E-06,-27.466323518E-03,-107.604427552E-03,+46.277088072E-03
+94.440000E-06,-27.451130365E-03,-108.252197658E-03,+46.307709931E-03
+94.442000E-06,-27.426750654E-03,-110.293654930E-03,+46.289258298E-03
+94.444000E-06,-27.405020912E-03,-110.156249138E-03,+46.258636439E-03
+94.446000E-06,-27.402370943E-03,-108.723303167E-03,+46.238221866E-03
+94.448000E-06,-27.409790856E-03,-108.801820765E-03,+46.274339957E-03
+94.450000E-06,-27.399720975E-03,-110.902166231E-03,+46.315561690E-03
+94.452000E-06,-27.383291170E-03,-111.883636061E-03,+46.301428524E-03
+94.454000E-06,-27.373751283E-03,-110.882536814E-03,+46.246466213E-03
+94.456000E-06,-27.365271384E-03,-109.763661199E-03,+46.225266465E-03
+94.458000E-06,-27.340715008E-03,-109.626255427E-03,+46.281013952E-03
+94.460000E-06,-27.302732125E-03,-109.351443871E-03,+46.322235685E-03
+94.462000E-06,-27.266869217E-03,-108.762561966E-03,+46.285725007E-03
+94.464000E-06,-27.238956215E-03,-107.584798156E-03,+46.235866339E-03
+94.466000E-06,-27.218286460E-03,-107.977386102E-03,+46.232333048E-03
+94.468000E-06,-27.194790072E-03,-110.254396138E-03,+46.287687947E-03
+94.470000E-06,-27.163343779E-03,-111.805118477E-03,+46.323020861E-03
+94.472000E-06,-27.127127542E-03,-110.882536814E-03,+46.302213700E-03
+94.474000E-06,-27.097801223E-03,-108.801820751E-03,+46.240969982E-03
+94.476000E-06,-27.072008196E-03,-108.801820765E-03,+46.224481289E-03
+94.478000E-06,-27.049041801E-03,-109.253296891E-03,+46.275517721E-03
+94.480000E-06,-27.020245476E-03,-109.174779301E-03,+46.321450509E-03
+94.482000E-06,-26.978199308E-03,-108.055903678E-03,+46.302213700E-03
+94.484000E-06,-26.941806407E-03,-107.349245398E-03,+46.246466213E-03
+94.486000E-06,-26.920076665E-03,-108.369974041E-03,+46.222518349E-03
+94.488000E-06,-26.897816929E-03,-111.824747887E-03,+46.275125133E-03
+94.490000E-06,-26.862837344E-03,-109.959955158E-03,+46.340687318E-03
+94.492000E-06,-26.821144505E-03,-105.916299413E-03,+46.324198624E-03
+94.494000E-06,-26.789874876E-03,-106.622957729E-03,+46.240969982E-03
+94.496000E-06,-26.775035052E-03,-111.059201419E-03,+46.218592470E-03
+94.498000E-06,-26.753658639E-03,-112.079930027E-03,+46.271984429E-03
+94.500000E-06,-26.712495794E-03,-107.467021752E-03,+46.315561690E-03
+94.502000E-06,-26.666209676E-03,-104.738535617E-03,+46.304176640E-03
+94.504000E-06,-26.631936749E-03,-106.367775575E-03,+46.246858801E-03
+94.506000E-06,-26.605613728E-03,-110.077731575E-03,+46.228014580E-03
+94.508000E-06,-26.580174030E-03,-110.568466473E-03,+46.273162193E-03
+94.510000E-06,-26.542367812E-03,-108.782191355E-03,+46.315561690E-03
+94.512000E-06,-26.495375036E-03,-108.114791873E-03,+46.306924755E-03
+94.514000E-06,-26.452268881E-03,-109.429961468E-03,+46.258243851E-03
+94.516000E-06,-26.419762600E-03,-110.588095876E-03,+46.235081163E-03
+94.518000E-06,-26.392379591E-03,-109.901066977E-03,+46.265703022E-03
+94.520000E-06,-26.348213448E-03,-107.859609705E-03,+46.295147117E-03
+94.522000E-06,-26.295390741E-03,-106.760363493E-03,+46.287687946E-03
+94.524000E-06,-26.254051232E-03,-107.467021788E-03,+46.261384555E-03
+94.526000E-06,-26.225608236E-03,-107.584798163E-03,+46.257851263E-03
+94.528000E-06,-26.192571961E-03,-109.508479059E-03,+46.277088072E-03
+94.530000E-06,-26.147522496E-03,-110.470319493E-03,+46.288080534E-03
+94.532000E-06,-26.102119701E-03,-109.881437581E-03,+46.281013952E-03
+94.534000E-06,-26.056893571E-03,-109.371073267E-03,+46.263347494E-03
+94.536000E-06,-26.016614049E-03,-107.800721518E-03,+46.260991967E-03
+94.538000E-06,-25.978277837E-03,-106.073334601E-03,+46.277480660E-03
+94.540000E-06,-25.933935029E-03,-107.231469030E-03,+46.274339957E-03
+94.542000E-06,-25.882525639E-03,-109.763661220E-03,+46.270806665E-03
+94.544000E-06,-25.833942882E-03,-109.959955172E-03,+46.275910308E-03
+94.546000E-06,-25.787126771E-03,-108.428862214E-03,+46.271199253E-03
+94.548000E-06,-25.738014020E-03,-108.625156195E-03,+46.273162193E-03
+94.550000E-06,-25.679891376E-03,-110.882536835E-03,+46.276302896E-03
+94.552000E-06,-25.631661948E-03,-112.021041839E-03,+46.282191715E-03
+94.554000E-06,-25.585022502E-03,-110.627354653E-03,+46.271984429E-03
+94.556000E-06,-25.540856359E-03,-108.899967737E-03,+46.259421615E-03
+94.558000E-06,-25.492096937E-03,-109.371073274E-03,+46.268843726E-03
+94.560000E-06,-25.430264337E-03,-109.606626032E-03,+46.270414077E-03
+94.562000E-06,-25.370375048E-03,-108.664414979E-03,+46.275910308E-03
+94.564000E-06,-25.313489056E-03,-107.290357203E-03,+46.284939831E-03
+94.566000E-06,-25.261903001E-03,-107.251098419E-03,+46.280621364E-03
+94.568000E-06,-25.202367041E-03,-109.057002933E-03,+46.260599379E-03
+94.570000E-06,-25.131701212E-03,-110.823648640E-03,+46.252355032E-03
+94.572000E-06,-25.070751935E-03,-111.176977774E-03,+46.279051012E-03
+94.574000E-06,-25.013865944E-03,-110.646984056E-03,+46.291221238E-03
+94.576000E-06,-24.951150021E-03,-109.744031803E-03,+46.262169730E-03
+94.578000E-06,-24.878894211E-03,-109.214038092E-03,+46.241362570E-03
+94.580000E-06,-24.806638402E-03,-109.017744127E-03,+46.263740083E-03
+94.582000E-06,-24.739505865E-03,-107.898868504E-03,+46.297502645E-03
+94.584000E-06,-24.675553290E-03,-106.779992889E-03,+46.310065459E-03
+94.586000E-06,-24.607007437E-03,-108.428862236E-03,+46.270021489E-03
+94.588000E-06,-24.525388405E-03,-111.432159949E-03,+46.231155284E-03
+94.590000E-06,-24.443239379E-03,-110.313284305E-03,+46.253925384E-03
+94.592000E-06,-24.369923582E-03,-107.349245384E-03,+46.299072997E-03
+94.594000E-06,-24.304027697E-03,-108.330715249E-03,+46.315954278E-03
+94.596000E-06,-24.236541831E-03,-110.862907439E-03,+46.276302896E-03
+94.598000E-06,-24.146442900E-03,-110.921795613E-03,+46.242932922E-03
+94.600000E-06,-24.046980746E-03,-107.859609698E-03,+46.258243851E-03
+94.602000E-06,-23.946635270E-03,-105.778893649E-03,+46.299465585E-03
+94.604000E-06,-23.856183010E-03,-106.642587125E-03,+46.318702393E-03
+94.606000E-06,-23.772090674E-03,-108.860708967E-03,+46.282191715E-03
+94.608000E-06,-23.681285085E-03,-109.704773018E-03,+46.246466213E-03
+94.610000E-06,-23.589419508E-03,-109.371073267E-03,+46.250392093E-03
+94.612000E-06,-23.498790583E-03,-109.312185079E-03,+46.290043474E-03
+94.614000E-06,-23.410811626E-03,-109.861808192E-03,+46.303784052E-03
+94.616000E-06,-23.315766087E-03,-110.077731554E-03,+46.271984429E-03
+94.618000E-06,-23.217187257E-03,-109.135520502E-03,+46.253532796E-03
+94.620000E-06,-23.110835185E-03,-108.173680061E-03,+46.254317972E-03
+94.622000E-06,-23.013316342E-03,-106.819251681E-03,+46.276695484E-03
+94.624000E-06,-22.920920771E-03,-106.779992896E-03,+46.299072997E-03
+94.626000E-06,-22.822871934E-03,-107.898868518E-03,+46.279836188E-03
+94.628000E-06,-22.718993166E-03,-109.704773025E-03,+46.260206791E-03
+94.630000E-06,-22.609461132E-03,-110.764760446E-03,+46.266095610E-03
+94.632000E-06,-22.507879004E-03,-110.745131043E-03,+46.283762067E-03
+94.634000E-06,-22.410006832E-03,-109.351443864E-03,+46.288865710E-03
+94.636000E-06,-22.308778033E-03,-107.781092122E-03,+46.278265836E-03
+94.638000E-06,-22.203309284E-03,-106.760363493E-03,+46.268451138E-03
+94.640000E-06,-22.099783845E-03,-107.741833344E-03,+46.256280912E-03
+94.642000E-06,-21.996611736E-03,-109.272926295E-03,+46.271199253E-03
+94.644000E-06,-21.892202974E-03,-109.881437588E-03,+46.295539705E-03
+94.646000E-06,-21.790090852E-03,-108.016644879E-03,+46.287687946E-03
+94.648000E-06,-21.680912147E-03,-108.703673785E-03,+46.264132670E-03
+94.650000E-06,-21.566963499E-03,-110.489948896E-03,+46.269236314E-03
+94.652000E-06,-21.461141421E-03,-110.038472755E-03,+46.289650886E-03
+94.654000E-06,-21.359029299E-03,-108.841079549E-03,+46.292399002E-03
+94.656000E-06,-21.256033854E-03,-109.371073274E-03,+46.273162193E-03
+94.658000E-06,-21.139258573E-03,-110.018843367E-03,+46.256673499E-03
+94.660000E-06,-21.016830025E-03,-109.272926280E-03,+46.251962444E-03
+94.662000E-06,-20.903764700E-03,-107.094063230E-03,+46.276302896E-03
+94.664000E-06,-20.798295951E-03,-106.524810735E-03,+46.301821112E-03
+94.666000E-06,-20.697420481E-03,-107.859609727E-03,+46.285725007E-03
+94.668000E-06,-20.590891744E-03,-110.116990360E-03,+46.249999504E-03
+94.670000E-06,-20.478533077E-03,-110.274025520E-03,+46.234295987E-03
+94.672000E-06,-20.372887664E-03,-109.292555676E-03,+46.279443600E-03
+94.674000E-06,-20.270775542E-03,-109.155149905E-03,+46.313598750E-03
+94.676000E-06,-20.173963357E-03,-109.704773018E-03,+46.290043474E-03
+94.678000E-06,-20.075384526E-03,-109.508479045E-03,+46.239399630E-03
+94.680000E-06,-19.964085847E-03,-108.507379805E-03,+46.224481289E-03
+94.682000E-06,-19.846073913E-03,-106.858510472E-03,+46.275517721E-03
+94.684000E-06,-19.740958494E-03,-106.367775561E-03,+46.337939203E-03
+94.686000E-06,-19.640259688E-03,-107.702574553E-03,+46.312813574E-03
+94.688000E-06,-19.542387516E-03,-110.097360965E-03,+46.236651514E-03
+94.690000E-06,-19.422608937E-03,-109.449590850E-03,+46.209955535E-03
+94.692000E-06,-19.295940439E-03,-107.113692626E-03,+46.268058550E-03
+94.694000E-06,-19.181108468E-03,-107.761462740E-03,+46.345398373E-03
+94.696000E-06,-19.085356271E-03,-110.784389856E-03,+46.335976262E-03
+94.698000E-06,-18.989604073E-03,-110.646984056E-03,+46.250784680E-03
+94.700000E-06,-18.867528855E-03,-107.545539349E-03,+46.197785309E-03
+94.702000E-06,-18.733087116E-03,-105.602229079E-03,+46.252355033E-03
+94.704000E-06,-18.601118681E-03,-106.622957729E-03,+46.351679781E-03
+94.706000E-06,-18.493176629E-03,-108.998114745E-03,+46.342650257E-03
+94.708000E-06,-18.394774463E-03,-110.823648641E-03,+46.243325509E-03
+94.710000E-06,-18.282415796E-03,-109.940325769E-03,+46.196607545E-03
+94.712000E-06,-18.159280590E-03,-108.958855932E-03,+46.257851264E-03
+94.714000E-06,-18.032435428E-03,-109.665514226E-03,+46.344220610E-03
+94.716000E-06,-17.916366804E-03,-109.920696380E-03,+46.335976262E-03
+94.718000E-06,-17.813018031E-03,-109.253296884E-03,+46.250784680E-03
+94.720000E-06,-17.698892718E-03,-108.193309456E-03,+46.192289078E-03
+94.722000E-06,-17.568160935E-03,-107.781092129E-03,+46.237829279E-03
+94.724000E-06,-17.440255786E-03,-107.192210224E-03,+46.330480032E-03
+94.726000E-06,-17.318003903E-03,-107.251098419E-03,+46.334405911E-03
+94.728000E-06,-17.208825198E-03,-108.782191376E-03,+46.253532796E-03
+94.730000E-06,-17.090283271E-03,-110.509578292E-03,+46.206422244E-03
+94.732000E-06,-16.963968102E-03,-111.137718982E-03,+46.259029028E-03
+94.734000E-06,-16.829349699E-03,-110.509578278E-03,+46.316739454E-03
+94.736000E-06,-16.696144613E-03,-109.037373515E-03,+46.301821112E-03
+94.738000E-06,-16.571949419E-03,-107.329615995E-03,+46.251962444E-03
+94.740000E-06,-16.447754226E-03,-107.525909975E-03,+46.226051640E-03
+94.742000E-06,-16.323382368E-03,-109.508479060E-03,+46.275517721E-03
+94.744000E-06,-16.187880642E-03,-109.645884823E-03,+46.324198625E-03
+94.746000E-06,-16.045842327E-03,-108.252197644E-03,+46.291613826E-03
+94.748000E-06,-15.911753918E-03,-108.193309464E-03,+46.228407168E-03
+94.750000E-06,-15.783848768E-03,-109.861808200E-03,+46.231155284E-03
+94.752000E-06,-15.660360233E-03,-111.059201398E-03,+46.298680409E-03
+94.754000E-06,-15.536165040E-03,-110.646984056E-03,+46.335583675E-03
+94.756000E-06,-15.401899966E-03,-109.331814468E-03,+46.287295358E-03
+94.758000E-06,-15.256328359E-03,-108.742932570E-03,+46.219377645E-03
+94.760000E-06,-15.120473304E-03,-109.233667496E-03,+46.224481289E-03
+94.762000E-06,-14.992391490E-03,-108.350344631E-03,+46.289650887E-03
+94.764000E-06,-14.860246391E-03,-107.251098411E-03,+46.328909680E-03
+94.766000E-06,-14.719974722E-03,-107.388504197E-03,+46.283762067E-03
+94.768000E-06,-14.571223153E-03,-109.214038107E-03,+46.229977520E-03
+94.770000E-06,-14.433778117E-03,-110.431060702E-03,+46.245288450E-03
+94.772000E-06,-14.309229594E-03,-110.293654916E-03,+46.308887695E-03
+94.774000E-06,-14.176377837E-03,-109.429961454E-03,+46.325768976E-03
+94.776000E-06,-14.030982895E-03,-109.037373522E-03,+46.277480660E-03
+94.778000E-06,-13.882761320E-03,-109.547737844E-03,+46.231940459E-03
+94.780000E-06,-13.743019644E-03,-109.351443871E-03,+46.229192344E-03
+94.782000E-06,-13.611934533E-03,-108.487750409E-03,+46.292791590E-03
+94.784000E-06,-13.480672756E-03,-107.820350920E-03,+46.318309806E-03
+94.786000E-06,-13.341814404E-03,-108.841079564E-03,+46.284939831E-03
+94.788000E-06,-13.210552627E-03,-110.921795628E-03,+46.246858801E-03
+94.790000E-06,-13.078054199E-03,-110.097360943E-03,+46.247643977E-03
+94.792000E-06,-12.937782530E-03,-107.467021766E-03,+46.284154655E-03
+94.794000E-06,-12.800160829E-03,-108.075533089E-03,+46.308495107E-03
+94.796000E-06,-12.665542426E-03,-111.098460205E-03,+46.289258298E-03
+94.798000E-06,-12.537460612E-03,-111.373271739E-03,+46.266880786E-03
+94.800000E-06,-12.405315513E-03,-108.468120998E-03,+46.261384555E-03
+94.802000E-06,-12.262570539E-03,-106.132222789E-03,+46.269236314E-03
+94.804000E-06,-12.107282382E-03,-107.094063252E-03,+46.289650886E-03
+94.806000E-06,-11.967717371E-03,-109.606626046E-03,+46.284154655E-03
+94.808000E-06,-11.842992184E-03,-110.764760446E-03,+46.274732545E-03
+94.810000E-06,-11.721270294E-03,-109.920696373E-03,+46.268058550E-03
+94.812000E-06,-11.586121897E-03,-107.997015483E-03,+46.261777143E-03
+94.814000E-06,-11.432953714E-03,-108.841079564E-03,+46.266488198E-03
+94.816000E-06,-11.288618760E-03,-110.784389849E-03,+46.281013952E-03
+94.818000E-06,-11.159476958E-03,-110.764760438E-03,+46.291221238E-03
+94.820000E-06,-11.029805163E-03,-108.389603415E-03,+46.267665962E-03
+94.822000E-06,-10.889886823E-03,-107.094063237E-03,+46.244895861E-03
+94.824000E-06,-10.732478690E-03,-107.368874801E-03,+46.253140208E-03
+94.826000E-06,-10.577720526E-03,-109.214038107E-03,+46.284939831E-03
+94.828000E-06,-10.439745496E-03,-110.431060702E-03,+46.305746992E-03
+94.830000E-06,-10.306540410E-03,-110.431060694E-03,+46.288865710E-03
+94.832000E-06,-10.172452000E-03,-109.724402407E-03,+46.253140208E-03
+94.834000E-06,-10.025820406E-03,-109.076632314E-03,+46.248429153E-03
+94.836000E-06,-9.873712211E-03,-108.448491617E-03,+46.275910309E-03
+94.838000E-06,-9.728493933E-03,-106.583698915E-03,+46.299072997E-03
+94.840000E-06,-9.589282252E-03,-107.152951439E-03,+46.277088072E-03
+94.842000E-06,-9.452013880E-03,-109.469220268E-03,+46.246073625E-03
+94.844000E-06,-9.306265609E-03,-109.783290602E-03,+46.255888324E-03
+94.846000E-06,-9.145677514E-03,-108.134421261E-03,+46.285332419E-03
+94.848000E-06,-8.997985932E-03,-108.585897403E-03,+46.300250760E-03
+94.850000E-06,-8.854887630E-03,-110.745131058E-03,+46.288080534E-03
+94.852000E-06,-8.720799221E-03,-111.726600887E-03,+46.255888323E-03
+94.854000E-06,-8.579290899E-03,-110.313284304E-03,+46.254317972E-03
+94.856000E-06,-8.429126014E-03,-108.998114723E-03,+46.265703022E-03
+94.858000E-06,-8.279137793E-03,-108.978485335E-03,+46.283762067E-03
+94.860000E-06,-8.123142977E-03,-109.685143622E-03,+46.275125132E-03
+94.862000E-06,-7.972448098E-03,-109.233667488E-03,+46.257066087E-03
+94.864000E-06,-7.820163238E-03,-107.368874786E-03,+46.268451138E-03
+94.866000E-06,-7.676181612E-03,-107.525909975E-03,+46.286902771E-03
+94.868000E-06,-7.526016727E-03,-109.920696395E-03,+46.286510183E-03
+94.870000E-06,-7.366135290E-03,-111.353642351E-03,+46.269628901E-03
+94.872000E-06,-7.214910418E-03,-110.548837069E-03,+46.261777143E-03
+94.874000E-06,-7.070045469E-03,-109.312185071E-03,+46.269236314E-03
+94.876000E-06,-6.928360484E-03,-109.155149905E-03,+46.273162193E-03
+94.878000E-06,-6.782082219E-03,-109.567367240E-03,+46.279051012E-03
+94.880000E-06,-6.622730776E-03,-109.214038092E-03,+46.271591841E-03
+94.882000E-06,-6.461612687E-03,-107.781092121E-03,+46.270414077E-03
+94.884000E-06,-6.307914510E-03,-106.897769271E-03,+46.275910308E-03
+94.886000E-06,-6.167642841E-03,-108.311085854E-03,+46.268451138E-03
+94.888000E-06,-6.031611121E-03,-109.901066992E-03,+46.270021489E-03
+94.890000E-06,-5.881092907E-03,-109.272926280E-03,+46.284154655E-03
+94.892000E-06,-5.721034805E-03,-107.781092121E-03,+46.294361941E-03
+94.894000E-06,-5.572283237E-03,-108.958855947E-03,+46.276302896E-03
+94.896000E-06,-5.435191530E-03,-111.491048137E-03,+46.259814203E-03
+94.898000E-06,-5.292093227E-03,-110.862907418E-03,+46.268843726E-03
+94.900000E-06,-5.136805069E-03,-107.565168744E-03,+46.284154655E-03
+94.902000E-06,-4.979926930E-03,-105.877040635E-03,+46.297110057E-03
+94.904000E-06,-4.824285443E-03,-107.211839635E-03,+46.284939831E-03
+94.906000E-06,-4.677477185E-03,-109.351443886E-03,+46.252747620E-03
+94.908000E-06,-4.540562142E-03,-110.313284319E-03,+46.256673500E-03
+94.910000E-06,-4.399937144E-03,-109.861808185E-03,+46.285332419E-03
+94.912000E-06,-4.242529011E-03,-109.508479045E-03,+46.311243223E-03
+94.914000E-06,-4.080350935E-03,-109.881437588E-03,+46.286902770E-03
+94.916000E-06,-3.920292833E-03,-109.390702662E-03,+46.233510811E-03
+94.918000E-06,-3.775427885E-03,-108.212938852E-03,+46.231940460E-03
+94.920000E-06,-3.628972956E-03,-107.368874794E-03,+46.279443600E-03
+94.922000E-06,-3.464674905E-03,-107.133322036E-03,+46.308102519E-03
+94.924000E-06,-3.305323462E-03,-107.113692640E-03,+46.302998876E-03
+94.926000E-06,-3.150741962E-03,-107.525909975E-03,+46.246858801E-03
+94.928000E-06,-2.990507196E-03,-109.233667503E-03,+46.228014580E-03
+94.930000E-06,-2.830625760E-03,-110.705872259E-03,+46.270414078E-03
+94.932000E-06,-2.679577552E-03,-110.332913708E-03,+46.309672871E-03
+94.934000E-06,-2.522346083E-03,-109.429961454E-03,+46.300643348E-03
+94.936000E-06,-2.360344672E-03,-107.663315739E-03,+46.249214328E-03
+94.938000E-06,-2.194103310E-03,-106.465922540E-03,+46.236651515E-03
+94.940000E-06,-2.037225171E-03,-107.565168775E-03,+46.263347495E-03
+94.942000E-06,-1.881760349E-03,-109.665514234E-03,+46.297502645E-03
+94.944000E-06,-1.728768831E-03,-109.253296884E-03,+46.307317343E-03
+94.946000E-06,-1.569947381E-03,-107.781092121E-03,+46.269628901E-03
+94.948000E-06,-1.415189217E-03,-107.722203941E-03,+46.239399630E-03
+94.950000E-06,-1.263611015E-03,-109.940325791E-03,+46.263347495E-03
+94.952000E-06,-1.125989315E-03,-110.666613459E-03,+46.311243223E-03
+94.954000E-06,-990.310924E-06,-109.488849641E-03,+46.317524630E-03
+94.956000E-06,-844.739317E-06,-108.487750409E-03,+46.279051012E-03
+94.958000E-06,-687.861178E-06,-108.232568255E-03,+46.243325510E-03
+94.960000E-06,-530.806375E-06,-109.174779308E-03,+46.249999505E-03
+94.962000E-06,-381.348148E-06,-107.800721517E-03,+46.279051012E-03
+94.964000E-06,-235.423212E-06,-106.897769271E-03,+46.310458047E-03
+94.966000E-06,-92.324910E-06,-107.486651184E-03,+46.292399002E-03
+94.968000E-06,+47.946760E-06,-110.058102174E-03,+46.259029027E-03
+94.970000E-06,+195.285012E-06,-110.961054412E-03,+46.251962444E-03
+94.972000E-06,+344.919903E-06,-108.703673763E-03,+46.279051012E-03
+94.974000E-06,+498.441416E-06,-107.408133585E-03,+46.293969354E-03
+94.976000E-06,+641.363054E-06,-109.469220269E-03,+46.287295358E-03
+94.978000E-06,+782.694710E-06,-110.470319494E-03,+46.264132670E-03
+94.980000E-06,+927.736323E-06,-108.644785575E-03,+46.249999505E-03
+94.982000E-06,+1.085674450E-03,-106.583698915E-03,+46.267665962E-03
+94.984000E-06,+1.255272438E-03,-106.328516769E-03,+46.306139580E-03
+94.986000E-06,+1.411443918E-03,-108.801820780E-03,+46.289258298E-03
+94.988000E-06,+1.544472340E-03,-111.078830802E-03,+46.266880786E-03
+94.990000E-06,+1.680680725E-03,-109.704773003E-03,+46.255888324E-03
+94.992000E-06,+1.837558864E-03,-106.995916242E-03,+46.282191716E-03
+94.994000E-06,+2.008393504E-03,-108.428862237E-03,+46.299858173E-03
+94.996000E-06,+2.172161561E-03,-111.844377285E-03,+46.277088072E-03
+94.998000E-06,+2.326036402E-03,-111.471418718E-03,+46.251569856E-03
+95.000000E-06,+2.478674592E-03,-107.643686327E-03,+46.248429153E-03
+95.002000E-06,+2.636259389E-03,-105.602229078E-03,+46.289650886E-03
+95.004000E-06,+2.820520537E-03,-106.897769286E-03,+46.323020861E-03
+95.006000E-06,+2.996125120E-03,-109.586996651E-03,+46.293969353E-03
+95.008000E-06,+3.142756714E-03,-110.215137333E-03,+46.242540334E-03
+95.010000E-06,+3.278081775E-03,-109.567367232E-03,+46.238614455E-03
+95.012000E-06,+3.425950021E-03,-109.331814475E-03,+46.296717469E-03
+95.014000E-06,+3.595548009E-03,-109.724402414E-03,+46.335191087E-03
+95.016000E-06,+3.770445935E-03,-109.783290602E-03,+46.287295358E-03
+95.018000E-06,+3.924674105E-03,-109.096261710E-03,+46.224873876E-03
+95.020000E-06,+4.074662326E-03,-107.898868504E-03,+46.225266465E-03
+95.022000E-06,+4.228183838E-03,-107.329616002E-03,+46.289650887E-03
+95.024000E-06,+4.393365212E-03,-107.133322036E-03,+46.350894604E-03
+95.026000E-06,+4.566319827E-03,-108.212938867E-03,+46.308887695E-03
+95.028000E-06,+4.733974505E-03,-109.606626039E-03,+46.230370107E-03
+95.030000E-06,+4.885906036E-03,-111.157348386E-03,+46.217414706E-03
+95.032000E-06,+5.039427548E-03,-110.529207673E-03,+46.296717470E-03
+95.034000E-06,+5.203372270E-03,-109.586996628E-03,+46.352072368E-03
+95.036000E-06,+5.371203612E-03,-108.232568248E-03,+46.306139579E-03
+95.038000E-06,+5.536914980E-03,-106.956657458E-03,+46.221733173E-03
+95.040000E-06,+5.697326410E-03,-107.624056962E-03,+46.199748249E-03
+95.042000E-06,+5.853321226E-03,-110.077731570E-03,+46.280621364E-03
+95.044000E-06,+6.017442613E-03,-110.548837077E-03,+46.358353775E-03
+95.046000E-06,+6.188983911E-03,-108.232568240E-03,+46.312813574E-03
+95.048000E-06,+6.356461925E-03,-107.624056954E-03,+46.214274002E-03
+95.050000E-06,+6.518286672E-03,-109.783290617E-03,+46.201318601E-03
+95.052000E-06,+6.675694804E-03,-111.746230291E-03,+46.283762068E-03
+95.054000E-06,+6.832572943E-03,-111.432159927E-03,+46.350502017E-03
+95.056000E-06,+6.995634342E-03,-109.429961446E-03,+46.308887695E-03
+95.058000E-06,+7.155869108E-03,-108.742932570E-03,+46.224873876E-03
+95.060000E-06,+7.310627272E-03,-108.684044382E-03,+46.211133299E-03
+95.062000E-06,+7.472098690E-03,-107.997015490E-03,+46.276695485E-03
+95.064000E-06,+7.630920140E-03,-107.074433841E-03,+46.343828022E-03
+95.066000E-06,+7.784264987E-03,-107.643686358E-03,+46.319094981E-03
+95.068000E-06,+7.928246612E-03,-109.665514235E-03,+46.237436690E-03
+95.070000E-06,+8.066044978E-03,-111.039572003E-03,+46.215451766E-03
+95.072000E-06,+8.210556597E-03,-110.234766721E-03,+46.274339957E-03
+95.074000E-06,+8.369731375E-03,-109.135520501E-03,+46.337939203E-03
+95.076000E-06,+8.530849464E-03,-108.311085839E-03,+46.315561690E-03
+95.078000E-06,+8.667234513E-03,-109.037373530E-03,+46.253532796E-03
+95.080000E-06,+8.795139662E-03,-109.429961462E-03,+46.226051640E-03
+95.082000E-06,+8.940887933E-03,-107.545539356E-03,+46.270021490E-03
+95.084000E-06,+9.105362649E-03,-106.446293144E-03,+46.323413449E-03
+95.086000E-06,+9.275843960E-03,-108.252197667E-03,+46.302606288E-03
+95.088000E-06,+9.420885573E-03,-110.450690106E-03,+46.260206791E-03
+95.090000E-06,+9.544904101E-03,-110.038472755E-03,+46.243718098E-03
+95.092000E-06,+9.676342542E-03,-107.054804429E-03,+46.272377017E-03
+95.094000E-06,+9.828980732E-03,-106.917398674E-03,+46.304176640E-03
+95.096000E-06,+9.990628814E-03,-110.116990369E-03,+46.305354404E-03
+95.098000E-06,+10.143267003E-03,-110.705872251E-03,+46.280228776E-03
+95.100000E-06,+10.275942096E-03,-108.252197636E-03,+46.249214329E-03
+95.102000E-06,+10.412150480E-03,-105.975187614E-03,+46.253532796E-03
+95.104000E-06,+10.569028619E-03,-106.799622300E-03,+46.293184178E-03
+95.106000E-06,+10.739863260E-03,-109.292555699E-03,+46.312420986E-03
+95.108000E-06,+10.890028145E-03,-110.588095876E-03,+46.284154655E-03
+95.110000E-06,+11.013516680E-03,-109.626255420E-03,+46.244110685E-03
+95.112000E-06,+11.136121892E-03,-109.331814475E-03,+46.252747620E-03
+95.114000E-06,+11.275156909E-03,-109.724402414E-03,+46.284939831E-03
+95.116000E-06,+11.435038346E-03,-110.058102158E-03,+46.305746992E-03
+95.118000E-06,+11.591386492E-03,-109.410332058E-03,+46.297110057E-03
+95.120000E-06,+11.734484794E-03,-108.075533073E-03,+46.254317972E-03
+95.122000E-06,+11.870869843E-03,-107.486651176E-03,+46.234688575E-03
+95.124000E-06,+12.010258189E-03,-107.427762989E-03,+46.273947369E-03
+95.126000E-06,+12.163779702E-03,-107.977386102E-03,+46.321057921E-03
+95.128000E-06,+12.321717828E-03,-109.842178805E-03,+46.315954278E-03
+95.130000E-06,+12.477535980E-03,-110.646984064E-03,+46.256673499E-03
+95.132000E-06,+12.616924326E-03,-108.939226527E-03,+46.223696113E-03
+95.134000E-06,+12.749069425E-03,-108.546638604E-03,+46.255888324E-03
+95.136000E-06,+12.894111038E-03,-108.801820765E-03,+46.310458047E-03
+95.138000E-06,+13.044805917E-03,-108.016644886E-03,+46.309280283E-03
+95.140000E-06,+13.192320834E-03,-107.898868511E-03,+46.255888323E-03
+95.142000E-06,+13.336832453E-03,-109.135520517E-03,+46.223696113E-03
+95.144000E-06,+13.466150919E-03,-109.312185079E-03,+46.261384555E-03
+95.146000E-06,+13.592112758E-03,-108.762561965E-03,+46.305746992E-03
+95.148000E-06,+13.720371236E-03,-109.233667496E-03,+46.308495107E-03
+95.150000E-06,+13.852693000E-03,-109.999213971E-03,+46.269628901E-03
+95.152000E-06,+13.994201321E-03,-110.234766728E-03,+46.244895861E-03
+95.154000E-06,+14.123343123E-03,-109.567367232E-03,+46.255888324E-03
+95.156000E-06,+14.238175094E-03,-109.057002918E-03,+46.296324881E-03
+95.158000E-06,+14.357423679E-03,-108.723303174E-03,+46.301821112E-03
+95.160000E-06,+14.489922107E-03,-108.958855939E-03,+46.266095610E-03
+95.162000E-06,+14.627897137E-03,-108.448491617E-03,+46.239007042E-03
+95.164000E-06,+14.760218901E-03,-107.408133585E-03,+46.268843726E-03
+95.166000E-06,+14.879290822E-03,-107.545539371E-03,+46.301035936E-03
+95.168000E-06,+14.994122793E-03,-109.233667504E-03,+46.299465584E-03
+95.170000E-06,+15.119731303E-03,-110.431060702E-03,+46.276695484E-03
+95.172000E-06,+15.246929794E-03,-110.018843359E-03,+46.251569856E-03
+95.174000E-06,+15.381548197E-03,-108.978485327E-03,+46.270414077E-03
+95.176000E-06,+15.501150112E-03,-109.253296892E-03,+46.287295359E-03
+95.178000E-06,+15.611035475E-03,-109.312185079E-03,+46.272769605E-03
+95.180000E-06,+15.726044110E-03,-108.899967744E-03,+46.262169731E-03
+95.182000E-06,+15.856775893E-03,-107.741833329E-03,+46.274732545E-03
+95.184000E-06,+15.992100954E-03,-107.172580828E-03,+46.304176640E-03
+95.186000E-06,+16.116649477E-03,-108.762561981E-03,+46.299858172E-03
+95.188000E-06,+16.233424758E-03,-111.059201407E-03,+46.271199253E-03
+95.190000E-06,+16.356736629E-03,-110.254396116E-03,+46.256280912E-03
+95.192000E-06,+16.484818443E-03,-107.211839603E-03,+46.279443600E-03
+95.194000E-06,+16.617140206E-03,-107.898868519E-03,+46.299465585E-03
+95.196000E-06,+16.748755312E-03,-111.216236589E-03,+46.285332419E-03
+95.198000E-06,+16.876483797E-03,-111.255495357E-03,+46.255495736E-03
+95.200000E-06,+17.009865548E-03,-107.761462709E-03,+46.248821741E-03
+95.202000E-06,+17.146603926E-03,-105.759264252E-03,+46.273162193E-03
+95.204000E-06,+17.283695633E-03,-106.642587126E-03,+46.304176640E-03
+95.206000E-06,+17.414604080E-03,-108.448491633E-03,+46.305354404E-03
+95.208000E-06,+17.544629204E-03,-109.233667496E-03,+46.271984429E-03
+95.210000E-06,+17.677127632E-03,-109.724402414E-03,+46.256280912E-03
+95.212000E-06,+17.807506086E-03,-110.195507937E-03,+46.273947369E-03
+95.214000E-06,+17.931347950E-03,-111.216236573E-03,+46.290436062E-03
+95.216000E-06,+18.056779795E-03,-110.666613451E-03,+46.278658424E-03
+95.218000E-06,+18.187511578E-03,-109.331814467E-03,+46.268451138E-03
+95.220000E-06,+18.311530107E-03,-108.055903677E-03,+46.267273374E-03
+95.222000E-06,+18.433251996E-03,-107.211839619E-03,+46.272769605E-03
+95.224000E-06,+18.552323917E-03,-107.388504197E-03,+46.292791590E-03
+95.226000E-06,+18.673515813E-03,-107.702574546E-03,+46.287295358E-03
+95.228000E-06,+18.803717601E-03,-109.390702678E-03,+46.266880786E-03
+95.230000E-06,+18.925262826E-03,-110.175878541E-03,+46.253140208E-03
+95.232000E-06,+19.036738170E-03,-109.979584567E-03,+46.262562319E-03
+95.234000E-06,+19.149450167E-03,-109.390702662E-03,+46.277873248E-03
+95.236000E-06,+19.267462100E-03,-107.525909959E-03,+46.271591841E-03
+95.238000E-06,+19.383707388E-03,-105.896670030E-03,+46.273162193E-03
+95.240000E-06,+19.494652738E-03,-107.349245414E-03,+46.268058550E-03
+95.242000E-06,+19.599944823E-03,-110.058102175E-03,+46.272769605E-03
+95.244000E-06,+19.709476857E-03,-109.861808185E-03,+46.279051012E-03
+95.246000E-06,+19.825898809E-03,-107.447392368E-03,+46.260599379E-03
+95.248000E-06,+19.935784172E-03,-107.800721532E-03,+46.263347494E-03
+95.250000E-06,+20.024823116E-03,-110.097360966E-03,+46.277873248E-03
+95.252000E-06,+20.102378862E-03,-111.098460191E-03,+46.296324881E-03
+95.254000E-06,+20.181171261E-03,-109.547737828E-03,+46.287687946E-03
+95.256000E-06,+20.280103421E-03,-108.075533073E-03,+46.269628901E-03
+95.258000E-06,+20.373205650E-03,-108.311085847E-03,+46.259029027E-03
+95.260000E-06,+20.450231403E-03,-109.057002926E-03,+46.263347495E-03
+95.262000E-06,+20.520190573E-03,-108.468121013E-03,+46.269628901E-03
+95.264000E-06,+20.603046256E-03,-107.270727806E-03,+46.284154655E-03
+95.266000E-06,+20.700211771E-03,-107.525909976E-03,+46.286117595E-03
+95.268000E-06,+20.796670626E-03,-109.508479061E-03,+46.269628901E-03
+95.270000E-06,+20.872989721E-03,-111.019942608E-03,+46.275517721E-03
+95.272000E-06,+20.939062270E-03,-110.234766720E-03,+46.293184178E-03
+95.274000E-06,+21.027571221E-03,-108.585897387E-03,+46.295539705E-03
+95.276000E-06,+21.125620058E-03,-108.919597148E-03,+46.268058549E-03
+95.278000E-06,+21.214659001E-03,-109.685143623E-03,+46.250392092E-03
+95.280000E-06,+21.291154760E-03,-108.958855931E-03,+46.253925384E-03
+95.282000E-06,+21.357403974E-03,-107.467021772E-03,+46.282191716E-03
+95.284000E-06,+21.438493013E-03,-106.995916258E-03,+46.319094982E-03
+95.286000E-06,+21.525588646E-03,-108.605526807E-03,+46.290828650E-03
+95.288000E-06,+21.605794361E-03,-112.001412460E-03,+46.264132670E-03
+95.290000E-06,+21.677520177E-03,-110.666613443E-03,+46.252747620E-03
+95.292000E-06,+21.745712701E-03,-106.426663724E-03,+46.270806665E-03
+95.294000E-06,+21.823445113E-03,-107.231469031E-03,+46.303784052E-03
+95.296000E-06,+21.893934276E-03,-111.412530563E-03,+46.299858172E-03
+95.298000E-06,+21.963186788E-03,-111.844377262E-03,+46.268451137E-03
+95.300000E-06,+22.039859212E-03,-107.152951399E-03,+46.242147746E-03
+95.302000E-06,+22.113881667E-03,-104.149653710E-03,+46.274732545E-03
+95.304000E-06,+22.184900825E-03,-106.426663772E-03,+46.315561690E-03
+95.306000E-06,+22.255566653E-03,-110.097360974E-03,+46.309672871E-03
+95.308000E-06,+22.318812570E-03,-110.018843359E-03,+46.253140208E-03
+95.310000E-06,+22.383471803E-03,-108.566267991E-03,+46.231547872E-03
+95.312000E-06,+22.457140929E-03,-108.095162477E-03,+46.276302897E-03
+95.314000E-06,+22.530810055E-03,-109.017744135E-03,+46.315954278E-03
+95.316000E-06,+22.594409300E-03,-109.842178797E-03,+46.298680408E-03
+95.318000E-06,+22.651648621E-03,-109.390702662E-03,+46.251569856E-03
+95.320000E-06,+22.720547804E-03,-107.800721516E-03,+46.215059178E-03
+95.322000E-06,+22.796160240E-03,-107.035175049E-03,+46.260206791E-03
+95.324000E-06,+22.873715987E-03,-106.956657466E-03,+46.324983801E-03
+95.326000E-06,+22.932898618E-03,-107.368874801E-03,+46.322235685E-03
+95.328000E-06,+22.982011369E-03,-109.076632330E-03,+46.254710559E-03
+95.330000E-06,+23.035010740E-03,-110.274025528E-03,+46.209562947E-03
+95.332000E-06,+23.106029898E-03,-110.274025520E-03,+46.251177269E-03
+95.334000E-06,+23.175812403E-03,-109.155149897E-03,+46.315561690E-03
+95.336000E-06,+23.232698395E-03,-107.898868503E-03,+46.318309805E-03
+95.338000E-06,+23.281634481E-03,-106.230369774E-03,+46.254317971E-03
+95.340000E-06,+23.329687245E-03,-107.251098427E-03,+46.195822369E-03
+95.342000E-06,+23.386396572E-03,-109.351443887E-03,+46.249214329E-03
+95.344000E-06,+23.450525811E-03,-109.626255427E-03,+46.340294730E-03
+95.346000E-06,+23.521721633E-03,-107.977386086E-03,+46.343828021E-03
+95.348000E-06,+23.580197606E-03,-108.016644894E-03,+46.257458675E-03
+95.350000E-06,+23.628073705E-03,-110.116990362E-03,+46.204066716E-03
+95.352000E-06,+23.679659760E-03,-110.274025520E-03,+46.261384555E-03
+95.354000E-06,+23.733189125E-03,-109.155149897E-03,+46.344613198E-03
+95.356000E-06,+23.800498326E-03,-108.173680060E-03,+46.344220609E-03
+95.358000E-06,+23.872224142E-03,-108.468121021E-03,+46.260206790E-03
+95.360000E-06,+23.933173419E-03,-109.214038100E-03,+46.204459304E-03
+95.362000E-06,+23.982639499E-03,-108.212938851E-03,+46.244895862E-03
+95.364000E-06,+24.033165566E-03,-106.544440123E-03,+46.325768977E-03
+95.366000E-06,+24.097648135E-03,-106.878139883E-03,+46.347361313E-03
+95.368000E-06,+24.167783969E-03,-109.017744143E-03,+46.274732544E-03
+95.370000E-06,+24.216190062E-03,-110.823648642E-03,+46.211918475E-03
+95.372000E-06,+24.244103064E-03,-110.352543103E-03,+46.234688575E-03
+95.374000E-06,+24.281909282E-03,-109.704773010E-03,+46.307709932E-03
+95.376000E-06,+24.340031926E-03,-108.939226535E-03,+46.331265207E-03
+95.378000E-06,+24.395857930E-03,-108.841079556E-03,+46.281013951E-03
+95.380000E-06,+24.448503973E-03,-108.291456443E-03,+46.213096238E-03
+95.382000E-06,+24.484720210E-03,-107.113692632E-03,+46.223696113E-03
+95.384000E-06,+24.516166503E-03,-106.681845909E-03,+46.297895233E-03
+95.386000E-06,+24.559625988E-03,-108.154050681E-03,+46.332835559E-03
+95.388000E-06,+24.617218638E-03,-111.255495381E-03,+46.297895232E-03
+95.390000E-06,+24.671631326E-03,-110.293654907E-03,+46.240184806E-03
+95.392000E-06,+24.698131011E-03,-107.624056938E-03,+46.243718098E-03
+95.394000E-06,+24.717034120E-03,-108.507379821E-03,+46.286510183E-03
+95.396000E-06,+24.750247060E-03,-111.157348394E-03,+46.322628273E-03
+95.398000E-06,+24.810313014E-03,-110.961054404E-03,+46.307709931E-03
+95.400000E-06,+24.872675608E-03,-108.134421252E-03,+46.247251389E-03
+95.402000E-06,+24.911365148E-03,-105.955558217E-03,+46.222518349E-03
+95.404000E-06,+24.936804847E-03,-107.074433857E-03,+46.266880786E-03
+95.406000E-06,+24.970724444E-03,-108.782191377E-03,+46.323020861E-03
+95.408000E-06,+25.013477271E-03,-109.272926288E-03,+46.316346866E-03
+95.410000E-06,+25.059763388E-03,-109.037373522E-03,+46.264917846E-03
+95.412000E-06,+25.095272967E-03,-108.998114731E-03,+46.241362570E-03
+95.414000E-06,+25.123009304E-03,-109.685143623E-03,+46.260991967E-03
+95.416000E-06,+25.156045579E-03,-109.920696380E-03,+46.299858173E-03
+95.418000E-06,+25.194911785E-03,-109.253296884E-03,+46.302213700E-03
+95.420000E-06,+25.232011345E-03,-108.605526791E-03,+46.260599379E-03
+95.422000E-06,+25.266284272E-03,-107.427762980E-03,+46.229977520E-03
+95.424000E-06,+25.296493913E-03,-107.133322036E-03,+46.267665962E-03
+95.426000E-06,+25.332356821E-03,-108.075533089E-03,+46.320272745E-03
+95.428000E-06,+25.376522964E-03,-109.586996644E-03,+46.307709931E-03
+95.430000E-06,+25.416802486E-03,-110.745131051E-03,+46.249999504E-03
+95.432000E-06,+25.451428742E-03,-110.058102150E-03,+46.225659053E-03
+95.434000E-06,+25.484111688E-03,-109.115891105E-03,+46.259029027E-03
+95.436000E-06,+25.524037881E-03,-107.624056946E-03,+46.310850635E-03
+95.438000E-06,+25.565024061E-03,-106.603328318E-03,+46.309280283E-03
+95.440000E-06,+25.598590330E-03,-107.309986614E-03,+46.247643977E-03
+95.442000E-06,+25.619966743E-03,-109.214038109E-03,+46.214274002E-03
+95.444000E-06,+25.642226478E-03,-108.782191361E-03,+46.265703022E-03
+95.446000E-06,+25.683389324E-03,-107.447392376E-03,+46.312028399E-03
+95.448000E-06,+25.729675441E-03,-108.095162485E-03,+46.303784052E-03
+95.450000E-06,+25.756528456E-03,-109.861808201E-03,+46.257851263E-03
+95.452000E-06,+25.766951666E-03,-108.860708944E-03,+46.229584932E-03
+95.454000E-06,+25.771721609E-03,-108.271827047E-03,+46.253925384E-03
+95.456000E-06,+25.799457947E-03,-108.899967752E-03,+46.315561690E-03
+95.458000E-06,+25.845390735E-03,-109.547737845E-03,+46.307317343E-03
+95.460000E-06,+25.879840327E-03,-108.801820757E-03,+46.249999504E-03
+95.462000E-06,+25.888850219E-03,-107.035175041E-03,+46.214666590E-03
+95.464000E-06,+25.896976790E-03,-106.524810735E-03,+46.262954907E-03
+95.466000E-06,+25.916586557E-03,-108.546638620E-03,+46.328124504E-03
+95.468000E-06,+25.950152826E-03,-110.627354677E-03,+46.328124504E-03
+95.470000E-06,+25.968172612E-03,-110.882536821E-03,+46.269236313E-03
+95.472000E-06,+25.967642618E-03,-109.233667479E-03,+46.225266464E-03
+95.474000E-06,+25.963579333E-03,-108.448491617E-03,+46.255888324E-03
+95.476000E-06,+25.974179207E-03,-109.194408705E-03,+46.299465585E-03
+95.478000E-06,+25.995555620E-03,-109.312185079E-03,+46.307709931E-03
+95.480000E-06,+26.008275469E-03,-108.487750408E-03,+46.261384554E-03
+95.482000E-06,+26.004742178E-03,-107.957756698E-03,+46.235473751E-03
+95.484000E-06,+25.991669000E-03,-107.349245397E-03,+46.262954907E-03
+95.486000E-06,+25.986192398E-03,-108.782191378E-03,+46.297502645E-03
+95.488000E-06,+25.993082316E-03,-111.334012965E-03,+46.312813574E-03
+95.490000E-06,+26.006508824E-03,-110.293654907E-03,+46.286902770E-03
+95.492000E-06,+26.007038817E-03,-107.761462716E-03,+46.247251389E-03
+95.494000E-06,+25.990785677E-03,-108.664414995E-03,+46.247643977E-03
+95.496000E-06,+25.974885865E-03,-111.451789347E-03,+46.275910309E-03
+95.498000E-06,+25.967995947E-03,-111.275124752E-03,+46.285332419E-03
+95.500000E-06,+25.977182505E-03,-108.173680043E-03,+46.269628901E-03
+95.502000E-06,+25.978595821E-03,-105.818152438E-03,+46.256280912E-03
+95.504000E-06,+25.969939257E-03,-106.642587126E-03,+46.273947369E-03
+95.506000E-06,+25.957572737E-03,-109.410332083E-03,+46.282191715E-03
+95.508000E-06,+25.942379584E-03,-110.058102159E-03,+46.280228776E-03
+95.510000E-06,+25.931779710E-03,-109.410332058E-03,+46.274339957E-03
+95.512000E-06,+25.920649842E-03,-109.037373522E-03,+46.281799127E-03
+95.514000E-06,+25.904396702E-03,-109.135520509E-03,+46.288473122E-03
+95.516000E-06,+25.886200251E-03,-109.017744126E-03,+46.275517720E-03
+95.518000E-06,+25.866590483E-03,-108.723303174E-03,+46.268058550E-03
+95.520000E-06,+25.852987311E-03,-108.134421268E-03,+46.261777143E-03
+95.522000E-06,+25.843977418E-03,-107.368874793E-03,+46.269236314E-03
+95.524000E-06,+25.828077607E-03,-106.995916258E-03,+46.295147117E-03
+95.526000E-06,+25.809881156E-03,-107.231469023E-03,+46.284939831E-03
+95.528000E-06,+25.787798085E-03,-108.095162485E-03,+46.260991967E-03
+95.530000E-06,+25.766421672E-03,-109.724402423E-03,+46.252355032E-03
+95.532000E-06,+25.750168531E-03,-110.215137333E-03,+46.273554781E-03
+95.534000E-06,+25.730912093E-03,-109.979584567E-03,+46.298680409E-03
+95.536000E-06,+25.711125661E-03,-108.016644877E-03,+46.288080534E-03
+95.538000E-06,+25.687629273E-03,-106.642587109E-03,+46.261384555E-03
+95.540000E-06,+25.667312847E-03,-107.309986614E-03,+46.246858801E-03
+95.542000E-06,+25.648763067E-03,-109.626255444E-03,+46.267273374E-03
+95.544000E-06,+25.626679996E-03,-109.390702662E-03,+46.295147117E-03
+95.546000E-06,+25.612723495E-03,-107.800721516E-03,+46.298680409E-03
+95.548000E-06,+25.598766994E-03,-107.722203941E-03,+46.262954906E-03
+95.550000E-06,+25.580923872E-03,-109.528108457E-03,+46.244110686E-03
+95.552000E-06,+25.547710933E-03,-110.332913716E-03,+46.261384555E-03
+95.554000E-06,+25.509904714E-03,-109.449590849E-03,+46.286117595E-03
+95.556000E-06,+25.490294947E-03,-108.350344630E-03,+46.281013951E-03
+95.558000E-06,+25.480755060E-03,-108.487750417E-03,+46.268843725E-03
+95.560000E-06,+25.469801857E-03,-109.214038100E-03,+46.261777143E-03
+95.562000E-06,+25.453548716E-03,-108.350344630E-03,+46.263740082E-03
+95.564000E-06,+25.427932354E-03,-106.564069518E-03,+46.286117595E-03
+95.566000E-06,+25.406025947E-03,-107.152951440E-03,+46.292006414E-03
+95.568000E-06,+25.391009458E-03,-109.469220270E-03,+46.267665962E-03
+95.570000E-06,+25.378112945E-03,-110.607725273E-03,+46.255888324E-03
+95.572000E-06,+25.354263227E-03,-109.626255419E-03,+46.260206791E-03
+95.574000E-06,+25.321403617E-03,-108.507379804E-03,+46.274732545E-03
+95.576000E-06,+25.297377236E-03,-108.507379812E-03,+46.273947369E-03
+95.578000E-06,+25.274764171E-03,-109.626255436E-03,+46.268058550E-03
+95.580000E-06,+25.259571018E-03,-109.783290602E-03,+46.264525258E-03
+95.582000E-06,+25.236781288E-03,-107.997015481E-03,+46.266880786E-03
+95.584000E-06,+25.202861690E-03,-106.779992888E-03,+46.278265836E-03
+95.586000E-06,+25.161345516E-03,-108.428862238E-03,+46.274339957E-03
+95.588000E-06,+25.125129279E-03,-110.882536838E-03,+46.265310434E-03
+95.590000E-06,+25.104636189E-03,-110.234766720E-03,+46.272377017E-03
+95.592000E-06,+25.080079813E-03,-107.211839602E-03,+46.292791590E-03
+95.594000E-06,+25.039800291E-03,-107.761462741E-03,+46.284547243E-03
+95.596000E-06,+24.993690838E-03,-111.196607195E-03,+46.271984429E-03
+95.598000E-06,+24.951997999E-03,-111.255495357E-03,+46.256673499E-03
+95.600000E-06,+24.918431731E-03,-108.311085821E-03,+46.246466213E-03
+95.602000E-06,+24.884688798E-03,-106.249999169E-03,+46.264525258E-03
+95.604000E-06,+24.840875984E-03,-107.113692649E-03,+46.294754530E-03
+95.606000E-06,+24.791939898E-03,-109.606626049E-03,+46.293184178E-03
+95.608000E-06,+24.740000514E-03,-111.039572004E-03,+46.267665962E-03
+95.610000E-06,+24.696364365E-03,-109.822549384E-03,+46.253140208E-03
+95.612000E-06,+24.662621432E-03,-107.702574529E-03,+46.276302897E-03
+95.614000E-06,+24.627641847E-03,-108.664414995E-03,+46.299072997E-03
+95.616000E-06,+24.587362325E-03,-110.627354677E-03,+46.293576765E-03
+95.618000E-06,+24.541429536E-03,-110.332913707E-03,+46.262169730E-03
+95.620000E-06,+24.512103218E-03,-107.781092111E-03,+46.238614454E-03
+95.622000E-06,+24.482776899E-03,-106.191110982E-03,+46.260599379E-03
+95.624000E-06,+24.450623947E-03,-107.113692649E-03,+46.319094982E-03
+95.626000E-06,+24.408224450E-03,-109.057002935E-03,+46.324198624E-03
+95.628000E-06,+24.368121592E-03,-109.861808193E-03,+46.279836187E-03
+95.630000E-06,+24.331022032E-03,-110.215137333E-03,+46.221340585E-03
+95.632000E-06,+24.294275802E-03,-109.704773010E-03,+46.235866339E-03
+95.634000E-06,+24.251346311E-03,-109.214038092E-03,+46.299465585E-03
+95.636000E-06,+24.206296845E-03,-108.330715234E-03,+46.324591213E-03
+95.638000E-06,+24.162307367E-03,-106.838881075E-03,+46.282976891E-03
+95.640000E-06,+24.118494553E-03,-107.192210232E-03,+46.210740711E-03
+95.642000E-06,+24.073445088E-03,-109.331814492E-03,+46.215059179E-03
+95.644000E-06,+24.024509002E-03,-110.038472763E-03,+46.299465585E-03
+95.646000E-06,+23.983699486E-03,-108.585897387E-03,+46.349716841E-03
+95.648000E-06,+23.940416666E-03,-108.507379812E-03,+46.300250760E-03
+95.650000E-06,+23.899077156E-03,-110.313284329E-03,+46.220947997E-03
+95.652000E-06,+23.849434412E-03,-111.530306922E-03,+46.221733173E-03
+95.654000E-06,+23.793608407E-03,-110.293654907E-03,+46.292006414E-03
+95.656000E-06,+23.738312397E-03,-108.860708944E-03,+46.337546615E-03
+95.658000E-06,+23.689376310E-03,-108.271827047E-03,+46.295932293E-03
+95.660000E-06,+23.646270155E-03,-108.899967752E-03,+46.217807293E-03
+95.662000E-06,+23.597687398E-03,-108.448491617E-03,+46.215844354E-03
+95.664000E-06,+23.537091450E-03,-107.408133584E-03,+46.304961816E-03
+95.666000E-06,+23.484798737E-03,-107.682945150E-03,+46.366990710E-03
+95.668000E-06,+23.435155993E-03,-109.390702679E-03,+46.316346865E-03
+95.670000E-06,+23.379506653E-03,-110.725501655E-03,+46.220162821E-03
+95.672000E-06,+23.313080774E-03,-109.783290593E-03,+46.210348123E-03
+95.674000E-06,+23.248951535E-03,-109.214038092E-03,+46.293184178E-03
+95.676000E-06,+23.187825593E-03,-108.880338348E-03,+46.351679780E-03
+95.678000E-06,+23.134472893E-03,-109.115891113E-03,+46.306139579E-03
+95.680000E-06,+23.078470224E-03,-109.155149905E-03,+46.216236942E-03
+95.682000E-06,+23.025647517E-03,-107.506280563E-03,+46.207207420E-03
+95.684000E-06,+22.960988284E-03,-106.583698922E-03,+46.292791590E-03
+95.686000E-06,+22.894562406E-03,-108.134421286E-03,+46.362672243E-03
+95.688000E-06,+22.838029743E-03,-110.156249154E-03,+46.321450509E-03
+95.690000E-06,+22.775490485E-03,-109.586996627E-03,+46.220947997E-03
+95.692000E-06,+22.708181283E-03,-108.369974025E-03,+46.188363199E-03
+95.694000E-06,+22.637868784E-03,-109.449590866E-03,+46.265310435E-03
+95.696000E-06,+22.570912912E-03,-111.687342105E-03,+46.359138951E-03
+95.698000E-06,+22.515616901E-03,-111.157348369E-03,+46.332442971E-03
+95.700000E-06,+22.464384175E-03,-107.879239090E-03,+46.217022117E-03
+95.702000E-06,+22.401138259E-03,-105.366676311E-03,+46.179333676E-03
+95.704000E-06,+22.338599001E-03,-106.034075825E-03,+46.269628902E-03
+95.706000E-06,+22.273939768E-03,-108.644785608E-03,+46.370916589E-03
+95.708000E-06,+22.213873814E-03,-109.959955180E-03,+46.350502016E-03
+95.710000E-06,+22.148331258E-03,-109.822549393E-03,+46.227621991E-03
+95.712000E-06,+22.070775511E-03,-109.233667488E-03,+46.172267093E-03
+95.714000E-06,+21.994103087E-03,-109.842178797E-03,+46.246466214E-03
+95.716000E-06,+21.926440557E-03,-110.215137333E-03,+46.351287193E-03
+95.718000E-06,+21.860014678E-03,-109.429961453E-03,+46.359138951E-03
+95.720000E-06,+21.786168887E-03,-108.762561965E-03,+46.245681036E-03
+95.722000E-06,+21.702606545E-03,-108.134421268E-03,+46.174622621E-03
+95.724000E-06,+21.616570899E-03,-107.506280571E-03,+46.235473752E-03
+95.726000E-06,+21.545198412E-03,-107.702574546E-03,+46.352464957E-03
+95.728000E-06,+21.482129161E-03,-109.115891122E-03,+46.365027770E-03
+95.730000E-06,+21.410050016E-03,-110.548837086E-03,+46.271199252E-03
+95.732000E-06,+21.321717730E-03,-110.175878533E-03,+46.191896490E-03
+95.734000E-06,+21.231265470E-03,-109.135520500E-03,+46.212703651E-03
+95.736000E-06,+21.160599641E-03,-108.311085838E-03,+46.318702394E-03
+95.738000E-06,+21.107600270E-03,-107.113692632E-03,+46.360709303E-03
+95.740000E-06,+21.044354354E-03,-108.330715251E-03,+46.284939830E-03
+95.742000E-06,+20.957082056E-03,-110.175878550E-03,+46.202103776E-03
+95.744000E-06,+20.864156491E-03,-109.586996627E-03,+46.222125761E-03
+95.746000E-06,+20.791900682E-03,-108.095162468E-03,+46.303391464E-03
+95.748000E-06,+20.737487994E-03,-108.311085847E-03,+46.352857544E-03
+95.750000E-06,+20.671592109E-03,-110.018843376E-03,+46.295147117E-03
+95.752000E-06,+20.580256526E-03,-111.353642352E-03,+46.222910937E-03
+95.754000E-06,+20.480617708E-03,-109.999213954E-03,+46.211133299E-03
+95.756000E-06,+20.391402099E-03,-108.271827038E-03,+46.282191716E-03
+95.758000E-06,+20.329746164E-03,-108.193309464E-03,+46.344613198E-03
+95.760000E-06,+20.270563533E-03,-109.174779309E-03,+46.316346865E-03
+95.762000E-06,+20.186471197E-03,-108.350344629E-03,+46.242540333E-03
+95.764000E-06,+20.087715702E-03,-107.663315746E-03,+46.243718098E-03
+95.766000E-06,+19.993553485E-03,-107.859609720E-03,+46.283762067E-03
+95.768000E-06,+19.918824372E-03,-109.959955189E-03,+46.313991338E-03
+95.770000E-06,+19.851691835E-03,-110.941425017E-03,+46.295539705E-03
+95.772000E-06,+19.764242872E-03,-108.841079539E-03,+46.251177268E-03
+95.774000E-06,+19.662660744E-03,-107.977386094E-03,+46.245288449E-03
+95.776000E-06,+19.559488634E-03,-109.822549411E-03,+46.281013952E-03
+95.778000E-06,+19.472393001E-03,-111.196607178E-03,+46.316346866E-03
+95.780000E-06,+19.398723875E-03,-109.017744109E-03,+46.295932293E-03
+95.782000E-06,+19.324171426E-03,-106.760363483E-03,+46.259421615E-03
+95.784000E-06,+19.231952520E-03,-106.210740386E-03,+46.254710560E-03
+95.786000E-06,+19.126130442E-03,-108.782191387E-03,+46.279443600E-03
+95.788000E-06,+19.031084903E-03,-111.216236583E-03,+46.293969354E-03
+95.790000E-06,+18.961302397E-03,-109.037373504E-03,+46.290043474E-03
+95.792000E-06,+18.887456607E-03,-106.348146147E-03,+46.264525258E-03
+95.794000E-06,+18.798947657E-03,-107.663315763E-03,+46.255495736E-03
+95.796000E-06,+18.689945616E-03,-111.196607196E-03,+46.271199253E-03
+95.798000E-06,+18.584476867E-03,-110.568466464E-03,+46.295539705E-03
+95.800000E-06,+18.508334437E-03,-106.976286835E-03,+46.290436062E-03
+95.802000E-06,+18.446148509E-03,-105.111494158E-03,+46.256280911E-03
+95.804000E-06,+18.375482680E-03,-106.976286879E-03,+46.257066088E-03
+95.806000E-06,+18.282380451E-03,-109.331814492E-03,+46.296324881E-03
+95.808000E-06,+18.176381708E-03,-110.450690099E-03,+46.312813574E-03
+95.810000E-06,+18.088756081E-03,-109.606626023E-03,+46.278658424E-03
+95.812000E-06,+18.023743519E-03,-109.331814475E-03,+46.246073625E-03
+95.814000E-06,+17.956610982E-03,-109.861808193E-03,+46.244895862E-03
+95.816000E-06,+17.873931963E-03,-109.802919997E-03,+46.275517721E-03
+95.818000E-06,+17.769346537E-03,-108.958855930E-03,+46.310065459E-03
+95.820000E-06,+17.675537650E-03,-108.291456442E-03,+46.289650886E-03
+95.822000E-06,+17.605931809E-03,-107.663315746E-03,+46.244895861E-03
+95.824000E-06,+17.538269278E-03,-106.897769270E-03,+46.244503274E-03
+95.826000E-06,+17.456826911E-03,-107.624056963E-03,+46.278265836E-03
+95.828000E-06,+17.362311365E-03,-109.115891122E-03,+46.313206163E-03
+95.830000E-06,+17.271152447E-03,-110.274025529E-03,+46.298287821E-03
+95.832000E-06,+17.188120098E-03,-110.136619741E-03,+46.248821740E-03
+95.834000E-06,+17.114804302E-03,-109.135520500E-03,+46.228407168E-03
+95.836000E-06,+17.030358637E-03,-107.211839610E-03,+46.267665962E-03
+95.838000E-06,+16.934253110E-03,-105.994817016E-03,+46.314776514E-03
+95.840000E-06,+16.842917527E-03,-106.956657475E-03,+46.304176640E-03
+95.842000E-06,+16.762358482E-03,-109.312185097E-03,+46.255103147E-03
+95.844000E-06,+16.690632667E-03,-109.488849649E-03,+46.231940459E-03
+95.846000E-06,+16.616256882E-03,-107.270727797E-03,+46.254317972E-03
+95.848000E-06,+16.536404496E-03,-106.819251688E-03,+46.296324881E-03
+95.850000E-06,+16.450898844E-03,-109.547737863E-03,+46.304569228E-03
+95.852000E-06,+16.363449881E-03,-111.451789340E-03,+46.269236313E-03
+95.854000E-06,+16.269640994E-03,-110.568466464E-03,+46.220162821E-03
+95.856000E-06,+16.172475480E-03,-108.625156177E-03,+46.249606917E-03
+95.858000E-06,+16.081139897E-03,-108.232568255E-03,+46.301428525E-03
+95.860000E-06,+15.993160940E-03,-108.350344638E-03,+46.297110057E-03
+95.862000E-06,+15.899352053E-03,-107.820350920E-03,+46.254317972E-03
+95.864000E-06,+15.794766627E-03,-107.192210223E-03,+46.237436691E-03
+95.866000E-06,+15.692477840E-03,-107.800721533E-03,+46.263347495E-03
+95.868000E-06,+15.596902308E-03,-109.547737854E-03,+46.311243223E-03
+95.870000E-06,+15.505920054E-03,-110.882536830E-03,+46.314776514E-03
+95.872000E-06,+15.405574577E-03,-110.352543103E-03,+46.270414077E-03
+95.874000E-06,+15.296395872E-03,-109.155149896E-03,+46.236651515E-03
+95.876000E-06,+15.187393832E-03,-108.860708952E-03,+46.246466213E-03
+95.878000E-06,+15.087225020E-03,-108.978485335E-03,+46.297895233E-03
+95.880000E-06,+14.995712773E-03,-108.448491616E-03,+46.310458047E-03
+95.882000E-06,+14.901550556E-03,-107.682945141E-03,+46.272769605E-03
+95.884000E-06,+14.801911738E-03,-107.035175049E-03,+46.239792218E-03
+95.886000E-06,+14.690436394E-03,-108.330715251E-03,+46.246858801E-03
+95.888000E-06,+14.584790980E-03,-111.000313222E-03,+46.303391464E-03
+95.890000E-06,+14.492572074E-03,-110.116990337E-03,+46.316739454E-03
+95.892000E-06,+14.399646510E-03,-106.917398648E-03,+46.273554780E-03
+95.894000E-06,+14.290291141E-03,-107.859609729E-03,+46.220555409E-03
+95.896000E-06,+14.172455872E-03,-110.804019256E-03,+46.246858801E-03
+95.898000E-06,+14.064867148E-03,-110.784389834E-03,+46.309280283E-03
+95.900000E-06,+13.969998274E-03,-107.565168740E-03,+46.317524630E-03
+95.902000E-06,+13.874246076E-03,-105.327417519E-03,+46.265310434E-03
+95.904000E-06,+13.762064073E-03,-106.721104718E-03,+46.222125761E-03
+95.906000E-06,+13.638928867E-03,-109.292555701E-03,+46.252747620E-03
+95.908000E-06,+13.508373749E-03,-109.763661206E-03,+46.307317344E-03
+95.910000E-06,+13.386828525E-03,-108.821450152E-03,+46.328124504E-03
+95.912000E-06,+13.270406572E-03,-108.684044382E-03,+46.280621363E-03
+95.914000E-06,+13.144621398E-03,-109.508479054E-03,+46.221340585E-03
+95.916000E-06,+13.022369515E-03,-109.763661206E-03,+46.230370108E-03
+95.918000E-06,+12.904534246E-03,-109.096261709E-03,+46.298680409E-03
+95.920000E-06,+12.788465623E-03,-108.311085838E-03,+46.332835559E-03
+95.922000E-06,+12.678756924E-03,-107.938127303E-03,+46.286902770E-03
+95.924000E-06,+12.563748288E-03,-107.761462733E-03,+46.233118223E-03
+95.926000E-06,+12.449092982E-03,-107.879239116E-03,+46.226444229E-03
+95.928000E-06,+12.343270904E-03,-109.547737854E-03,+46.289650887E-03
+95.930000E-06,+12.236212174E-03,-110.470319494E-03,+46.320665333E-03
+95.932000E-06,+12.118906899E-03,-109.194408687E-03,+46.290828650E-03
+95.934000E-06,+11.994005047E-03,-108.723303174E-03,+46.244895861E-03
+95.936000E-06,+11.875639784E-03,-109.096261718E-03,+46.252747620E-03
+95.938000E-06,+11.765754421E-03,-108.468121012E-03,+46.293184178E-03
+95.940000E-06,+11.645799178E-03,-108.232568255E-03,+46.309672871E-03
+95.942000E-06,+11.511887433E-03,-108.487750417E-03,+46.283762067E-03
+95.944000E-06,+11.379918998E-03,-109.214038101E-03,+46.255103148E-03
+95.946000E-06,+11.265793686E-03,-109.037373522E-03,+46.246073625E-03
+95.948000E-06,+11.160324937E-03,-109.272926288E-03,+46.270021490E-03
+95.950000E-06,+11.044609643E-03,-109.999213972E-03,+46.298287821E-03
+95.952000E-06,+10.912464543E-03,-110.646984064E-03,+46.290828650E-03
+95.954000E-06,+10.780672774E-03,-110.038472754E-03,+46.267273374E-03
+95.956000E-06,+10.661600853E-03,-109.253296883E-03,+46.255888324E-03
+95.958000E-06,+10.551715490E-03,-109.292555683E-03,+46.271199253E-03
+95.960000E-06,+10.447836722E-03,-109.037373522E-03,+46.281799127E-03
+95.962000E-06,+10.339718005E-03,-108.173680059E-03,+46.269236313E-03
+95.964000E-06,+10.220999413E-03,-107.368874793E-03,+46.267273374E-03
+95.966000E-06,+10.100867504E-03,-107.270727814E-03,+46.267273374E-03
+95.968000E-06,+9.991865464E-03,-109.057002936E-03,+46.267273374E-03
+95.970000E-06,+9.886926709E-03,-111.098460200E-03,+46.270021489E-03
+95.972000E-06,+9.772448067E-03,-110.529207672E-03,+46.273162193E-03
+95.974000E-06,+9.655319457E-03,-109.174779291E-03,+46.276302896E-03
+95.976000E-06,+9.536777529E-03,-109.547737845E-03,+46.279443600E-03
+95.978000E-06,+9.420532242E-03,-109.488849649E-03,+46.271591841E-03
+95.980000E-06,+9.307113587E-03,-109.194408696E-03,+46.251177268E-03
+95.982000E-06,+9.187865002E-03,-107.781092119E-03,+46.267665962E-03
+95.984000E-06,+9.068969745E-03,-107.309986606E-03,+46.284154655E-03
+95.986000E-06,+8.955197762E-03,-108.782191379E-03,+46.286117595E-03
+95.988000E-06,+8.843369088E-03,-111.334012966E-03,+46.277873248E-03
+95.990000E-06,+8.721823863E-03,-110.293654906E-03,+46.254710560E-03
+95.992000E-06,+8.606285234E-03,-107.074433822E-03,+46.262562319E-03
+95.994000E-06,+8.489333288E-03,-108.428862239E-03,+46.283369479E-03
+95.996000E-06,+8.368318057E-03,-111.294754175E-03,+46.288865710E-03
+95.998000E-06,+8.250482788E-03,-111.118089578E-03,+46.275517720E-03
+96.000000E-06,+8.136887469E-03,-108.291456424E-03,+46.259814203E-03
+96.002000E-06,+8.031242056E-03,-106.387404947E-03,+46.266095610E-03
+96.004000E-06,+7.926656630E-03,-106.995916266E-03,+46.286510183E-03
+96.006000E-06,+7.810941336E-03,-108.487750426E-03,+46.289258298E-03
+96.008000E-06,+7.691162756E-03,-108.684044382E-03,+46.281013951E-03
+96.010000E-06,+7.573504152E-03,-108.409232825E-03,+46.266095610E-03
+96.012000E-06,+7.457435529E-03,-109.331814484E-03,+46.280621364E-03
+96.014000E-06,+7.346490179E-03,-110.156249146E-03,+46.285725007E-03
+96.016000E-06,+7.228831574E-03,-109.979584567E-03,+46.269628901E-03
+96.018000E-06,+7.116296243E-03,-108.841079547E-03,+46.256280912E-03
+96.020000E-06,+7.012064146E-03,-107.997015489E-03,+46.249214329E-03
+96.022000E-06,+6.906418732E-03,-107.761462733E-03,+46.275910309E-03
+96.024000E-06,+6.797946686E-03,-107.741833337E-03,+46.290828650E-03
+96.026000E-06,+6.686648006E-03,-108.291456451E-03,+46.267665962E-03
+96.028000E-06,+6.578705953E-03,-109.469220262E-03,+46.242147746E-03
+96.030000E-06,+6.479950458E-03,-110.450690099E-03,+46.244503274E-03
+96.032000E-06,+6.372538399E-03,-110.431060694E-03,+46.275517721E-03
+96.034000E-06,+6.261239719E-03,-109.449590848E-03,+46.299072997E-03
+96.036000E-06,+6.145877754E-03,-108.075533072E-03,+46.266095610E-03
+96.038000E-06,+6.034932404E-03,-107.211839618E-03,+46.241755158E-03
+96.040000E-06,+5.934586927E-03,-107.938127312E-03,+46.236258927E-03
+96.042000E-06,+5.839364724E-03,-109.979584585E-03,+46.277088073E-03
+96.044000E-06,+5.738489254E-03,-109.567367231E-03,+46.313206163E-03
+96.046000E-06,+5.629310549E-03,-107.545539353E-03,+46.287295358E-03
+96.048000E-06,+5.512888596E-03,-108.095162486E-03,+46.233510811E-03
+96.050000E-06,+5.412896449E-03,-110.136619760E-03,+46.237436691E-03
+96.052000E-06,+5.316614258E-03,-111.098460191E-03,+46.288473123E-03
+96.054000E-06,+5.203195603E-03,-109.685143605E-03,+46.317524630E-03
+96.056000E-06,+5.078647081E-03,-108.369974025E-03,+46.279443599E-03
+96.058000E-06,+4.965228426E-03,-108.899967752E-03,+46.232333047E-03
+96.060000E-06,+4.868416242E-03,-109.685143623E-03,+46.226444229E-03
+96.062000E-06,+4.772487380E-03,-108.271827037E-03,+46.264917847E-03
+96.064000E-06,+4.670198593E-03,-106.819251678E-03,+46.311635811E-03
+96.066000E-06,+4.552186659E-03,-107.604427568E-03,+46.292791589E-03
+96.068000E-06,+4.438238011E-03,-109.940325794E-03,+46.242540333E-03
+96.070000E-06,+4.335065902E-03,-111.491048131E-03,+46.233118223E-03
+96.072000E-06,+4.232070457E-03,-110.568466463E-03,+46.273947369E-03
+96.074000E-06,+4.122715087E-03,-108.762561956E-03,+46.310065459E-03
+96.076000E-06,+4.001346527E-03,-108.527009208E-03,+46.297895233E-03
+96.078000E-06,+3.869731422E-03,-109.214038101E-03,+46.254317972E-03
+96.080000E-06,+3.749246184E-03,-109.037373522E-03,+46.229192344E-03
+96.082000E-06,+3.645367417E-03,-107.761462723E-03,+46.256673500E-03
+96.084000E-06,+3.541135320E-03,-107.172580827E-03,+46.299465585E-03
+96.086000E-06,+3.421710070E-03,-108.762561983E-03,+46.307709931E-03
+96.088000E-06,+3.290271629E-03,-111.883636081E-03,+46.275125132E-03
+96.090000E-06,+3.162366479E-03,-110.234766710E-03,+46.251177268E-03
+96.092000E-06,+3.047534508E-03,-106.505181311E-03,+46.259421615E-03
+96.094000E-06,+2.933232531E-03,-107.113692649E-03,+46.285725007E-03
+96.096000E-06,+2.813807281E-03,-111.805118507E-03,+46.311243223E-03
+96.098000E-06,+2.693675373E-03,-112.315482784E-03,+46.289650886E-03
+96.100000E-06,+2.579726725E-03,-107.624056917E-03,+46.236651514E-03
+96.102000E-06,+2.461714791E-03,-104.895570787E-03,+46.237829279E-03
+96.104000E-06,+2.349179459E-03,-107.074433867E-03,+46.277480660E-03
+96.106000E-06,+2.235054147E-03,-110.175878560E-03,+46.313206163E-03
+96.108000E-06,+2.111918940E-03,-111.118089587E-03,+46.303784052E-03
+96.110000E-06,+1.988783735E-03,-108.860708934E-03,+46.257851263E-03
+96.112000E-06,+1.859641933E-03,-107.977386094E-03,+46.240577394E-03
+96.114000E-06,+1.732090113E-03,-109.685143633E-03,+46.258243851E-03
+96.116000E-06,+1.612311534E-03,-110.489948890E-03,+46.304961816E-03
+96.118000E-06,+1.488646334E-03,-109.194408687E-03,+46.316739454E-03
+96.120000E-06,+1.366747780E-03,-107.486651166E-03,+46.268058549E-03
+96.122000E-06,+1.242729251E-03,-107.270727814E-03,+46.230762696E-03
+96.124000E-06,+1.120830697E-03,-107.957756707E-03,+46.262169731E-03
+96.126000E-06,+1.000522125E-03,-108.330715243E-03,+46.305746992E-03
+96.128000E-06,+880.390216E-06,-109.469220262E-03,+46.313991338E-03
+96.130000E-06,+771.388176E-06,-110.450690099E-03,+46.256673499E-03
+96.132000E-06,+654.082901E-06,-110.156249137E-03,+46.223696113E-03
+96.134000E-06,+529.181049E-06,-109.272926279E-03,+46.258636440E-03
+96.136000E-06,+410.815787E-06,-108.193309455E-03,+46.313598751E-03
+96.138000E-06,+302.167076E-06,-107.231469014E-03,+46.320665333E-03
+96.140000E-06,+198.464972E-06,-107.663315755E-03,+46.251962444E-03
+96.142000E-06,+86.636299E-06,-109.665514237E-03,+46.217414706E-03
+96.144000E-06,-25.192374E-06,-109.665514219E-03,+46.255103148E-03
+96.146000E-06,-141.790991E-06,-108.801820756E-03,+46.315954278E-03
+96.148000E-06,-255.386310E-06,-109.233667497E-03,+46.304569228E-03
+96.150000E-06,-359.795072E-06,-110.686242865E-03,+46.244110685E-03
+96.152000E-06,-476.570353E-06,-111.019942600E-03,+46.222125761E-03
+96.154000E-06,-600.235553E-06,-109.802919988E-03,+46.272377017E-03
+96.156000E-06,-719.660803E-06,-108.389603420E-03,+46.323806037E-03
+96.158000E-06,-832.196135E-06,-108.625156195E-03,+46.313598750E-03
+96.160000E-06,-942.611492E-06,-109.096261718E-03,+46.239792218E-03
+96.162000E-06,-1.054086836E-03,-108.193309455E-03,+46.202103776E-03
+96.164000E-06,-1.165738845E-03,-106.819251678E-03,+46.261384555E-03
+96.166000E-06,-1.281100810E-03,-106.917398675E-03,+46.330872620E-03
+96.168000E-06,-1.396992768E-03,-108.605526809E-03,+46.320272745E-03
+96.170000E-06,-1.510411423E-03,-110.627354678E-03,+46.254317971E-03
+96.172000E-06,-1.621003444E-03,-111.432159935E-03,+46.226051640E-03
+96.174000E-06,-1.734952092E-03,-110.411431289E-03,+46.270021490E-03
+96.176000E-06,-1.849430734E-03,-109.842178788E-03,+46.326161565E-03
+96.178000E-06,-1.971329288E-03,-108.821450152E-03,+46.319487569E-03
+96.180000E-06,-2.097997786E-03,-108.134421268E-03,+46.248821740E-03
+96.182000E-06,-2.228906233E-03,-107.368874793E-03,+46.214274002E-03
+96.184000E-06,-2.355398066E-03,-106.995916257E-03,+46.265703023E-03
+96.186000E-06,-2.474999980E-03,-108.880338366E-03,+46.331265208E-03
+96.188000E-06,-2.603611788E-03,-111.078830805E-03,+46.317524629E-03
+96.190000E-06,-2.738583520E-03,-110.254396115E-03,+46.262169730E-03
+96.192000E-06,-2.870551955E-03,-107.349245378E-03,+46.221733173E-03
+96.194000E-06,-3.001990396E-03,-107.506280580E-03,+46.247251389E-03
+96.196000E-06,-3.126008924E-03,-110.470319513E-03,+46.303784052E-03
+96.198000E-06,-3.240310902E-03,-110.607725264E-03,+46.319487569E-03
+96.200000E-06,-3.359559487E-03,-108.095162458E-03,+46.265703022E-03
+96.202000E-06,-3.478454743E-03,-106.092963994E-03,+46.227621992E-03
+96.204000E-06,-3.603356595E-03,-107.643686368E-03,+46.256280912E-03
+96.206000E-06,-3.722958510E-03,-109.822549412E-03,+46.304961816E-03
+96.208000E-06,-3.844150405E-03,-110.234766729E-03,+46.308495107E-03
+96.210000E-06,-3.964458978E-03,-109.842178788E-03,+46.272377017E-03
+96.212000E-06,-4.084590886E-03,-109.920696380E-03,+46.248036565E-03
+96.214000E-06,-4.208432751E-03,-110.352543112E-03,+46.253532796E-03
+96.216000E-06,-4.332804609E-03,-109.312185070E-03,+46.273947369E-03
+96.218000E-06,-4.453466511E-03,-108.742932569E-03,+46.287687947E-03
+96.220000E-06,-4.564941855E-03,-108.271827046E-03,+46.270021489E-03
+96.222000E-06,-4.678890503E-03,-107.938127302E-03,+46.250784680E-03
+96.224000E-06,-4.805735665E-03,-107.761462733E-03,+46.253925384E-03
+96.226000E-06,-4.931874169E-03,-108.016644894E-03,+46.282191716E-03
+96.228000E-06,-5.051476083E-03,-109.292555693E-03,+46.288865710E-03
+96.230000E-06,-5.162774763E-03,-110.018843368E-03,+46.278265836E-03
+96.232000E-06,-5.268066847E-03,-109.272926278E-03,+46.265703022E-03
+96.234000E-06,-5.385018793E-03,-108.742932569E-03,+46.264132670E-03
+96.236000E-06,-5.514867253E-03,-107.997015489E-03,+46.266880786E-03
+96.238000E-06,-5.646305694E-03,-106.937028061E-03,+46.275517721E-03
+96.240000E-06,-5.762904311E-03,-107.761462742E-03,+46.276695484E-03
+96.242000E-06,-5.877382953E-03,-110.234766747E-03,+46.282191715E-03
+96.244000E-06,-5.989388291E-03,-110.018843358E-03,+46.288473122E-03
+96.246000E-06,-6.113406819E-03,-108.566267990E-03,+46.281013951E-03
+96.248000E-06,-6.244138602E-03,-109.194408705E-03,+46.271591841E-03
+96.250000E-06,-6.368157131E-03,-110.548837086E-03,+46.270414077E-03
+96.252000E-06,-6.488642368E-03,-109.763661197E-03,+46.286902771E-03
+96.254000E-06,-6.610010928E-03,-108.114791863E-03,+46.286510183E-03
+96.256000E-06,-6.734029457E-03,-108.585897404E-03,+46.286117595E-03
+96.258000E-06,-6.863347923E-03,-109.096261718E-03,+46.261384555E-03
+96.260000E-06,-6.988426439E-03,-108.742932569E-03,+46.249606917E-03
+96.262000E-06,-7.107851689E-03,-107.035175039E-03,+46.264917846E-03
+96.264000E-06,-7.220387021E-03,-106.937028070E-03,+46.283762067E-03
+96.266000E-06,-7.341932246E-03,-108.742932588E-03,+46.294361941E-03
+96.268000E-06,-7.474784003E-03,-110.646984074E-03,+46.268058549E-03
+96.270000E-06,-7.609049077E-03,-110.607725264E-03,+46.247643977E-03
+96.272000E-06,-7.735894239E-03,-109.331814465E-03,+46.267273374E-03
+96.274000E-06,-7.846839590E-03,-109.155149905E-03,+46.286902771E-03
+96.276000E-06,-7.951955009E-03,-109.704773019E-03,+46.283762067E-03
+96.278000E-06,-8.075090216E-03,-109.645884823E-03,+46.263740082E-03
+96.280000E-06,-8.207058650E-03,-108.801820756E-03,+46.241755158E-03
+96.282000E-06,-8.333727147E-03,-107.309986596E-03,+46.263740083E-03
+96.284000E-06,-8.439725890E-03,-107.388504197E-03,+46.302998876E-03
+96.286000E-06,-8.547844607E-03,-109.214038111E-03,+46.297110057E-03
+96.288000E-06,-8.662853243E-03,-110.705872261E-03,+46.265310434E-03
+96.290000E-06,-8.786165114E-03,-109.783290592E-03,+46.247251389E-03
+96.292000E-06,-8.914246928E-03,-107.565168748E-03,+46.256280912E-03
+96.294000E-06,-9.040385431E-03,-107.820350929E-03,+46.282584304E-03
+96.296000E-06,-9.157514042E-03,-110.372172526E-03,+46.286117595E-03
+96.298000E-06,-9.267222740E-03,-111.000313204E-03,+46.266880786E-03
+96.300000E-06,-9.380994724E-03,-108.428862202E-03,+46.242147746E-03
+96.302000E-06,-9.502893278E-03,-106.407034342E-03,+46.258243851E-03
+96.304000E-06,-9.628325124E-03,-107.682945160E-03,+46.293969354E-03
+96.306000E-06,-9.747927038E-03,-109.547737855E-03,+46.295932293E-03
+96.308000E-06,-9.870355586E-03,-110.745131052E-03,+46.259814203E-03
+96.310000E-06,-9.994550779E-03,-110.332913707E-03,+46.243718098E-03
+96.312000E-06,-10.122632593E-03,-109.155149895E-03,+46.272377017E-03
+96.314000E-06,-10.253717705E-03,-109.547737845E-03,+46.301428524E-03
+96.316000E-06,-10.382682842E-03,-110.038472763E-03,+46.288473122E-03
+96.318000E-06,-10.505111389E-03,-109.547737836E-03,+46.264132670E-03
+96.320000E-06,-10.626656614E-03,-108.644785582E-03,+46.247251389E-03
+96.322000E-06,-10.745728535E-03,-107.565168758E-03,+46.264525258E-03
+96.324000E-06,-10.869393735E-03,-107.427762989E-03,+46.311243223E-03
+96.326000E-06,-10.998712201E-03,-107.977386103E-03,+46.309280283E-03
+96.328000E-06,-11.107714241E-03,-108.605526800E-03,+46.264132670E-03
+96.330000E-06,-11.206293071E-03,-110.470319504E-03,+46.241362570E-03
+96.332000E-06,-11.316178434E-03,-111.137718983E-03,+46.266488198E-03
+96.334000E-06,-11.426593791E-03,-111.059201391E-03,+46.300643349E-03
+96.336000E-06,-11.534359180E-03,-108.978485316E-03,+46.288473122E-03
+96.338000E-06,-11.639297935E-03,-107.447392375E-03,+46.253140208E-03
+96.340000E-06,-11.741410057E-03,-107.820350929E-03,+46.237436691E-03
+96.342000E-06,-11.844405502E-03,-109.547737855E-03,+46.274339957E-03
+96.344000E-06,-11.946340959E-03,-109.783290602E-03,+46.315561690E-03
+96.346000E-06,-12.048099752E-03,-108.409232815E-03,+46.298680408E-03
+96.348000E-06,-12.157278457E-03,-108.487750417E-03,+46.251569856E-03
+96.350000E-06,-12.268753801E-03,-110.313284330E-03,+46.242540334E-03
+96.352000E-06,-12.386589070E-03,-110.705872251E-03,+46.272377017E-03
+96.354000E-06,-12.504071010E-03,-110.175878532E-03,+46.304176640E-03
+96.356000E-06,-12.605299809E-03,-108.998114721E-03,+46.291613826E-03
+96.358000E-06,-12.709178577E-03,-108.841079556E-03,+46.264525258E-03
+96.360000E-06,-12.826130523E-03,-109.115891114E-03,+46.247251389E-03
+96.362000E-06,-12.947322418E-03,-108.055903676E-03,+46.259029027E-03
+96.364000E-06,-13.056501123E-03,-106.937028061E-03,+46.282976891E-03
+96.366000E-06,-13.158966574E-03,-107.761462742E-03,+46.297110057E-03
+96.368000E-06,-13.271855235E-03,-109.547737855E-03,+46.279443600E-03
+96.370000E-06,-13.397463745E-03,-110.745131052E-03,+46.254710560E-03
+96.372000E-06,-13.529608844E-03,-109.920696371E-03,+46.268058550E-03
+96.374000E-06,-13.645147474E-03,-108.684044373E-03,+46.281406540E-03
+96.376000E-06,-13.745846279E-03,-108.664414987E-03,+46.280228776E-03
+96.378000E-06,-13.848488395E-03,-109.096261718E-03,+46.279836188E-03
+96.380000E-06,-13.967736980E-03,-108.880338348E-03,+46.271591841E-03
+96.382000E-06,-14.090518857E-03,-107.741833327E-03,+46.270414077E-03
+96.384000E-06,-14.198637574E-03,-107.035175048E-03,+46.273162193E-03
+96.386000E-06,-14.300926361E-03,-108.742932588E-03,+46.276302896E-03
+96.388000E-06,-14.403921806E-03,-111.746230303E-03,+46.287687947E-03
+96.390000E-06,-14.515750479E-03,-110.352543092E-03,+46.283762067E-03
+96.392000E-06,-14.634999065E-03,-107.074433820E-03,+46.280228776E-03
+96.394000E-06,-14.748947713E-03,-108.154050683E-03,+46.257851263E-03
+96.396000E-06,-14.859539734E-03,-111.255495385E-03,+46.273947369E-03
+96.398000E-06,-14.963595167E-03,-110.705872242E-03,+46.298680409E-03
+96.400000E-06,-15.068003928E-03,-107.270727786E-03,+46.293576765E-03
+96.402000E-06,-15.167642746E-03,-105.975187620E-03,+46.262169730E-03
+96.404000E-06,-15.270284862E-03,-106.681845918E-03,+46.249606917E-03
+96.406000E-06,-15.374693623E-03,-109.135520529E-03,+46.259421615E-03
+96.408000E-06,-15.481752353E-03,-110.431060704E-03,+46.293969354E-03
+96.410000E-06,-15.589164413E-03,-109.057002908E-03,+46.301428524E-03
+96.412000E-06,-15.686683256E-03,-108.016644885E-03,+46.285332419E-03
+96.414000E-06,-15.779078826E-03,-108.860708962E-03,+46.249999504E-03
+96.416000E-06,-15.879600967E-03,-110.646984074E-03,+46.253532796E-03
+96.418000E-06,-15.980123108E-03,-110.470319485E-03,+46.287687947E-03
+96.420000E-06,-16.070575368E-03,-108.487750398E-03,+46.284154655E-03
+96.422000E-06,-16.155904356E-03,-106.701475295E-03,+46.260991967E-03
+96.424000E-06,-16.233283438E-03,-107.035175058E-03,+46.257851263E-03
+96.426000E-06,-16.320732401E-03,-109.174779320E-03,+46.279836188E-03
+96.428000E-06,-16.419664561E-03,-110.843278040E-03,+46.304961816E-03
+96.430000E-06,-16.513826777E-03,-110.077731545E-03,+46.288865710E-03
+96.432000E-06,-16.591029194E-03,-109.390702661E-03,+46.250392092E-03
+96.434000E-06,-16.663461668E-03,-109.449590858E-03,+46.237044103E-03
+96.436000E-06,-16.751617289E-03,-108.369974024E-03,+46.263347495E-03
+96.438000E-06,-16.854436070E-03,-106.838881073E-03,+46.302998876E-03
+96.440000E-06,-16.951601584E-03,-107.879239125E-03,+46.286117595E-03
+96.442000E-06,-17.037813894E-03,-109.704773029E-03,+46.244503273E-03
+96.444000E-06,-17.120139584E-03,-109.528108440E-03,+46.244503274E-03
+96.446000E-06,-17.204585249E-03,-108.369974024E-03,+46.286510183E-03
+96.448000E-06,-17.312880632E-03,-109.037373531E-03,+46.306139580E-03
+96.450000E-06,-17.428242596E-03,-110.529207691E-03,+46.286117595E-03
+96.452000E-06,-17.533004687E-03,-111.137718983E-03,+46.244503273E-03
+96.454000E-06,-17.625046928E-03,-110.097360940E-03,+46.244503274E-03
+96.456000E-06,-17.715499189E-03,-108.703673768E-03,+46.283762067E-03
+96.458000E-06,-17.814608013E-03,-108.801820765E-03,+46.319487570E-03
+96.460000E-06,-17.919900097E-03,-109.528108450E-03,+46.290828650E-03
+96.462000E-06,-18.017242276E-03,-108.939226534E-03,+46.239399630E-03
+96.464000E-06,-18.108401194E-03,-107.879239106E-03,+46.238221867E-03
+96.466000E-06,-18.200090107E-03,-108.016644894E-03,+46.280228776E-03
+96.468000E-06,-18.291955684E-03,-109.842178808E-03,+46.316346866E-03
+96.470000E-06,-18.391241173E-03,-111.059201401E-03,+46.301428524E-03
+96.472000E-06,-18.495296605E-03,-110.097360940E-03,+46.249214328E-03
+96.474000E-06,-18.586278859E-03,-108.978485325E-03,+46.233903399E-03
+96.476000E-06,-18.674081151E-03,-109.253296892E-03,+46.268451138E-03
+96.478000E-06,-18.767890038E-03,-109.312185079E-03,+46.306532168E-03
+96.480000E-06,-18.856398988E-03,-108.625156186E-03,+46.308495107E-03
+96.482000E-06,-18.953917831E-03,-107.702574536E-03,+46.264132670E-03
+96.484000E-06,-19.051613339E-03,-106.897769270E-03,+46.235866339E-03
+96.486000E-06,-19.146658878E-03,-108.036274300E-03,+46.257458676E-03
+96.488000E-06,-19.243824392E-03,-110.686242875E-03,+46.302213700E-03
+96.490000E-06,-19.341343235E-03,-109.802919987E-03,+46.321843097E-03
+96.492000E-06,-19.443808687E-03,-108.114791862E-03,+46.282584303E-03
+96.494000E-06,-19.554400708E-03,-109.272926298E-03,+46.221733173E-03
+96.496000E-06,-19.669762673E-03,-111.530306933E-03,+46.235866339E-03
+96.498000E-06,-19.772051459E-03,-110.862907416E-03,+46.299465585E-03
+96.500000E-06,-19.866213676E-03,-108.389603410E-03,+46.319094981E-03
+96.502000E-06,-19.966912481E-03,-105.994817006E-03,+46.287687946E-03
+96.504000E-06,-20.069907926E-03,-107.074433859E-03,+46.239007042E-03
+96.506000E-06,-20.175553340E-03,-109.881437609E-03,+46.240969982E-03
+96.508000E-06,-20.279078778E-03,-110.941425017E-03,+46.286117595E-03
+96.510000E-06,-20.379777584E-03,-110.077731545E-03,+46.330872620E-03
+96.512000E-06,-20.477649756E-03,-108.978485325E-03,+46.300643348E-03
+96.514000E-06,-20.576405251E-03,-109.253296892E-03,+46.232333047E-03
+96.516000E-06,-20.674100759E-03,-109.724402415E-03,+46.223303525E-03
+96.518000E-06,-20.771619602E-03,-109.233667487E-03,+46.286510183E-03
+96.520000E-06,-20.867901793E-03,-108.880338348E-03,+46.336761439E-03
+96.522000E-06,-20.956587408E-03,-108.291456442E-03,+46.312420986E-03
+96.524000E-06,-21.045449687E-03,-108.075533081E-03,+46.250392092E-03
+96.526000E-06,-21.141908543E-03,-108.193309464E-03,+46.225659053E-03
+96.528000E-06,-21.238190734E-03,-109.449590868E-03,+46.267273374E-03
+96.530000E-06,-21.326876348E-03,-111.275124771E-03,+46.314776514E-03
+96.532000E-06,-21.418211932E-03,-110.823648625E-03,+46.304176640E-03
+96.534000E-06,-21.505130901E-03,-110.038472754E-03,+46.230370107E-03
+96.536000E-06,-21.582686647E-03,-107.467021760E-03,+46.203674128E-03
+96.538000E-06,-21.672608914E-03,-106.838881083E-03,+46.275517721E-03
+96.540000E-06,-21.774367707E-03,-108.036274300E-03,+46.338331791E-03
+96.542000E-06,-21.871356556E-03,-109.999213982E-03,+46.323806036E-03
+96.544000E-06,-21.950148955E-03,-109.567367231E-03,+46.249214328E-03
+96.546000E-06,-22.016574833E-03,-108.232568245E-03,+46.208777771E-03
+96.548000E-06,-22.095190568E-03,-108.468121021E-03,+46.253925384E-03
+96.550000E-06,-22.186879480E-03,-110.038472773E-03,+46.326946741E-03
+96.552000E-06,-22.281395025E-03,-111.216236575E-03,+46.322628273E-03
+96.554000E-06,-22.366194019E-03,-109.842178778E-03,+46.249214328E-03
+96.556000E-06,-22.435976525E-03,-108.389603420E-03,+46.203281540E-03
+96.558000E-06,-22.501342416E-03,-108.487750417E-03,+46.255888324E-03
+96.560000E-06,-22.578721498E-03,-108.389603429E-03,+46.332835560E-03
+96.562000E-06,-22.665287138E-03,-107.408133583E-03,+46.326161564E-03
+96.564000E-06,-22.741782897E-03,-106.721104700E-03,+46.246858800E-03
+96.566000E-06,-22.806795459E-03,-107.467021790E-03,+46.211133299E-03
+96.568000E-06,-22.875341313E-03,-109.783290621E-03,+46.259814204E-03
+96.570000E-06,-22.945830477E-03,-110.646984065E-03,+46.335976263E-03
+96.572000E-06,-23.025152869E-03,-108.664414967E-03,+46.329302267E-03
+96.574000E-06,-23.102001957E-03,-107.957756698E-03,+46.255495735E-03
+96.576000E-06,-23.167191184E-03,-109.822549412E-03,+46.206814831E-03
+96.578000E-06,-23.227080474E-03,-110.646984065E-03,+46.248036565E-03
+96.580000E-06,-23.291386377E-03,-109.076632303E-03,+46.312420987E-03
+96.582000E-06,-23.358872244E-03,-106.230369762E-03,+46.317917217E-03
+96.584000E-06,-23.427948091E-03,-106.407034361E-03,+46.268058549E-03
+96.586000E-06,-23.491017343E-03,-109.371073295E-03,+46.228014580E-03
+96.588000E-06,-23.555676576E-03,-111.569565724E-03,+46.256280912E-03
+96.590000E-06,-23.615742530E-03,-109.076632293E-03,+46.315954278E-03
+96.592000E-06,-23.676338478E-03,-106.210740366E-03,+46.318309805E-03
+96.594000E-06,-23.742057698E-03,-107.918497927E-03,+46.265310434E-03
+96.596000E-06,-23.819613445E-03,-111.373271769E-03,+46.227621992E-03
+96.598000E-06,-23.893812565E-03,-111.000313194E-03,+46.259029027E-03
+96.600000E-06,-23.956175158E-03,-107.309986576E-03,+46.310850635E-03
+96.602000E-06,-24.005817902E-03,-105.150752948E-03,+46.306532167E-03
+96.604000E-06,-24.067473838E-03,-106.701475324E-03,+46.266488198E-03
+96.606000E-06,-24.143439603E-03,-109.155149925E-03,+46.233510811E-03
+96.608000E-06,-24.221172015E-03,-109.606626032E-03,+46.270806666E-03
+96.610000E-06,-24.290247862E-03,-109.214038091E-03,+46.312420987E-03
+96.612000E-06,-24.344483885E-03,-108.742932569E-03,+46.309280283E-03
+96.614000E-06,-24.405433162E-03,-109.508479054E-03,+46.264132670E-03
+96.616000E-06,-24.473802351E-03,-109.901066985E-03,+46.233118223E-03
+96.618000E-06,-24.548001471E-03,-109.115891104E-03,+46.265310434E-03
+96.620000E-06,-24.609304077E-03,-108.448491616E-03,+46.306139580E-03
+96.622000E-06,-24.660006809E-03,-108.507379813E-03,+46.294754529E-03
+96.624000E-06,-24.706999585E-03,-108.114791872E-03,+46.259421615E-03
+96.626000E-06,-24.762295595E-03,-108.468121021E-03,+46.240969982E-03
+96.628000E-06,-24.822538214E-03,-109.763661216E-03,+46.271984429E-03
+96.630000E-06,-24.874654262E-03,-110.764760448E-03,+46.315169102E-03
+96.632000E-06,-24.923060355E-03,-110.470319485E-03,+46.306924755E-03
+96.634000E-06,-24.974823074E-03,-108.899967733E-03,+46.263740082E-03
+96.636000E-06,-25.019695875E-03,-107.722203932E-03,+46.238614454E-03
+96.638000E-06,-25.069691949E-03,-106.622957712E-03,+46.263347495E-03
+96.640000E-06,-25.111914781E-03,-107.447392394E-03,+46.302998876E-03
+96.642000E-06,-25.151664310E-03,-109.783290622E-03,+46.302606288E-03
+96.644000E-06,-25.199893738E-03,-109.959955171E-03,+46.263347494E-03
+96.646000E-06,-25.248123165E-03,-107.741833317E-03,+46.233118223E-03
+96.648000E-06,-25.304832493E-03,-107.290357210E-03,+46.254317972E-03
+96.650000E-06,-25.350411952E-03,-109.469220273E-03,+46.310065459E-03
+96.652000E-06,-25.400408026E-03,-111.019942610E-03,+46.328517092E-03
+96.654000E-06,-25.456234030E-03,-110.921795612E-03,+46.277873248E-03
+96.656000E-06,-25.516476649E-03,-109.783290592E-03,+46.231940459E-03
+96.658000E-06,-25.569829349E-03,-108.801820755E-03,+46.253925384E-03
+96.660000E-06,-25.613465498E-03,-108.684044382E-03,+46.299072997E-03
+96.662000E-06,-25.653391691E-03,-107.997015489E-03,+46.318702393E-03
+96.664000E-06,-25.705331075E-03,-106.524810725E-03,+46.282191715E-03
+96.666000E-06,-25.775113581E-03,-107.427762999E-03,+46.246466213E-03
+96.668000E-06,-25.828642946E-03,-109.645884843E-03,+46.255888324E-03
+96.670000E-06,-25.874575734E-03,-110.902166227E-03,+46.290828650E-03
+96.672000E-06,-25.918565212E-03,-110.489948881E-03,+46.323020861E-03
+96.674000E-06,-25.968561286E-03,-109.174779290E-03,+46.299465584E-03
+96.676000E-06,-26.028097246E-03,-109.410332067E-03,+46.257066087E-03
+96.678000E-06,-26.092579815E-03,-109.744031811E-03,+46.259814203E-03
+96.680000E-06,-26.145225857E-03,-109.371073266E-03,+46.277480660E-03
+96.682000E-06,-26.182502081E-03,-108.075533071E-03,+46.299072997E-03
+96.684000E-06,-26.219071647E-03,-107.349245397E-03,+46.293576765E-03
+96.686000E-06,-26.271894354E-03,-109.194408716E-03,+46.262169730E-03
+96.688000E-06,-26.333196960E-03,-111.392901155E-03,+46.257851263E-03
+96.690000E-06,-26.386726325E-03,-110.431060684E-03,+46.279836188E-03
+96.692000E-06,-26.420469258E-03,-107.781092108E-03,+46.293969354E-03
+96.694000E-06,-26.450325571E-03,-108.664414997E-03,+46.287295358E-03
+96.696000E-06,-26.497318347E-03,-111.864006687E-03,+46.272377017E-03
+96.698000E-06,-26.549257731E-03,-111.608824495E-03,+46.278658424E-03
+96.700000E-06,-26.595367184E-03,-108.212938829E-03,+46.271591841E-03
+96.702000E-06,-26.622043534E-03,-106.230369772E-03,+46.270414077E-03
+96.704000E-06,-26.633703395E-03,-107.525909986E-03,+46.275910308E-03
+96.706000E-06,-26.660909739E-03,-109.940325796E-03,+46.276695484E-03
+96.708000E-06,-26.710375819E-03,-110.529207682E-03,+46.284939831E-03
+96.710000E-06,-26.770088444E-03,-109.881437579E-03,+46.280621364E-03
+96.712000E-06,-26.817257885E-03,-109.645884823E-03,+46.274339957E-03
+96.714000E-06,-26.842697583E-03,-109.763661206E-03,+46.273554781E-03
+96.716000E-06,-26.866547300E-03,-110.058102159E-03,+46.270806665E-03
+96.718000E-06,-26.910360114E-03,-109.272926278E-03,+46.284154655E-03
+96.720000E-06,-26.968129429E-03,-108.193309454E-03,+46.283369479E-03
+96.722000E-06,-27.012648900E-03,-107.643686349E-03,+46.260991967E-03
+96.724000E-06,-27.031552009E-03,-107.172580827E-03,+46.266095610E-03
+96.726000E-06,-27.050808447E-03,-108.350344648E-03,+46.275517721E-03
+96.728000E-06,-27.084198051E-03,-110.862907446E-03,+46.293184178E-03
+96.730000E-06,-27.133134138E-03,-110.646984055E-03,+46.292791590E-03
+96.732000E-06,-27.186486838E-03,-108.507379792E-03,+46.267665962E-03
+96.734000E-06,-27.220406436E-03,-108.075533081E-03,+46.250392092E-03
+96.736000E-06,-27.237896228E-03,-109.155149915E-03,+46.264917846E-03
+96.738000E-06,-27.259625970E-03,-108.487750407E-03,+46.294754530E-03
+96.740000E-06,-27.298315512E-03,-108.095162476E-03,+46.295932293E-03
+96.742000E-06,-27.341774996E-03,-109.155149915E-03,+46.265310434E-03
+96.744000E-06,-27.370747986E-03,-109.174779300E-03,+46.244503273E-03
+96.746000E-06,-27.385234480E-03,-108.880338347E-03,+46.255888324E-03
+96.748000E-06,-27.406610893E-03,-109.253296893E-03,+46.293576766E-03
+96.750000E-06,-27.435407219E-03,-110.411431309E-03,+46.306924755E-03
+96.752000E-06,-27.473743430E-03,-110.980683809E-03,+46.283369479E-03
+96.754000E-06,-27.510842990E-03,-110.627354659E-03,+46.249606916E-03
+96.756000E-06,-27.533986049E-03,-109.606626022E-03,+46.242540334E-03
+96.758000E-06,-27.540345973E-03,-108.919597138E-03,+46.277873248E-03
+96.760000E-06,-27.554479139E-03,-108.566267999E-03,+46.299465585E-03
+96.762000E-06,-27.577445534E-03,-107.702574536E-03,+46.277088072E-03
+96.764000E-06,-27.601471915E-03,-107.447392384E-03,+46.243325509E-03
+96.766000E-06,-27.620551689E-03,-107.839980325E-03,+46.236258927E-03
+96.768000E-06,-27.625321632E-03,-110.097360970E-03,+46.285332419E-03
+96.770000E-06,-27.629384917E-03,-111.235865971E-03,+46.322628273E-03
+96.772000E-06,-27.643518083E-03,-110.804019229E-03,+46.299465584E-03
+96.774000E-06,-27.666484477E-03,-109.763661196E-03,+46.243325509E-03
+96.776000E-06,-27.683090947E-03,-109.214038091E-03,+46.230370108E-03
+96.778000E-06,-27.691217517E-03,-109.704773020E-03,+46.276302897E-03
+96.780000E-06,-27.695810796E-03,-109.783290602E-03,+46.315954278E-03
+96.782000E-06,-27.697577442E-03,-108.684044372E-03,+46.301428524E-03
+96.784000E-06,-27.696517454E-03,-107.839980315E-03,+46.243718097E-03
+96.786000E-06,-27.701287398E-03,-108.978485345E-03,+46.219377646E-03
+96.788000E-06,-27.709413968E-03,-111.765859700E-03,+46.269236314E-03
+96.790000E-06,-27.708000651E-03,-110.627354649E-03,+46.334405911E-03
+96.792000E-06,-27.701464062E-03,-107.663315725E-03,+46.328909680E-03
+96.794000E-06,-27.696870783E-03,-108.232568265E-03,+46.236258926E-03
+96.796000E-06,-27.693867486E-03,-111.255495386E-03,+46.204066716E-03
+96.798000E-06,-27.689804200E-03,-111.118089577E-03,+46.259029028E-03
+96.800000E-06,-27.683090947E-03,-107.741833306E-03,+46.333228148E-03
+96.802000E-06,-27.668604452E-03,-105.621858470E-03,+46.331657795E-03
+96.804000E-06,-27.654294622E-03,-106.760363511E-03,+46.244895861E-03
+96.806000E-06,-27.651291324E-03,-109.155149925E-03,+46.202496364E-03
+96.808000E-06,-27.656061267E-03,-109.469220253E-03,+46.250392093E-03
+96.810000E-06,-27.662951186E-03,-109.194408696E-03,+46.337546615E-03
+96.812000E-06,-27.655177944E-03,-110.529207692E-03,+46.346183549E-03
+96.814000E-06,-27.637864816E-03,-111.549936319E-03,+46.244110685E-03
+96.816000E-06,-27.621965005E-03,-110.431060684E-03,+46.182866967E-03
+96.818000E-06,-27.613838435E-03,-109.017744116E-03,+46.250392093E-03
+96.820000E-06,-27.608008504E-03,-108.566267999E-03,+46.346183550E-03
+96.822000E-06,-27.602355238E-03,-107.839980315E-03,+46.347361313E-03
+96.824000E-06,-27.589282059E-03,-107.604427558E-03,+46.255103147E-03
+96.826000E-06,-27.570202286E-03,-108.958855950E-03,+46.195429781E-03
+96.828000E-06,-27.549179202E-03,-110.116990356E-03,+46.238221867E-03
+96.830000E-06,-27.532926061E-03,-110.941425018E-03,+46.338724379E-03
+96.832000E-06,-27.514906275E-03,-110.764760438E-03,+46.346576137E-03
+96.834000E-06,-27.497769812E-03,-109.626255417E-03,+46.249606916E-03
+96.836000E-06,-27.475863405E-03,-108.369974024E-03,+46.186400259E-03
+96.838000E-06,-27.452013688E-03,-107.113692630E-03,+46.237044103E-03
+96.840000E-06,-27.434170566E-03,-107.918497917E-03,+46.330480032E-03
+96.842000E-06,-27.423394027E-03,-110.254396145E-03,+46.342650257E-03
+96.844000E-06,-27.406080899E-03,-110.018843358E-03,+46.273947368E-03
+96.846000E-06,-27.380287872E-03,-107.604427538E-03,+46.200926012E-03
+96.848000E-06,-27.359618117E-03,-108.369974044E-03,+46.222125762E-03
+96.850000E-06,-27.333648425E-03,-110.725501667E-03,+46.319880158E-03
+96.852000E-06,-27.316688626E-03,-111.589195110E-03,+46.357961187E-03
+96.854000E-06,-27.306088752E-03,-110.293654905E-03,+46.281799127E-03
+96.856000E-06,-27.287538972E-03,-108.585897384E-03,+46.196214957E-03
+96.858000E-06,-27.262805932E-03,-108.644785591E-03,+46.226836817E-03
+96.860000E-06,-27.232419626E-03,-109.233667497E-03,+46.306924756E-03
+96.862000E-06,-27.197616705E-03,-108.350344628E-03,+46.325768976E-03
+96.864000E-06,-27.173413659E-03,-107.388504187E-03,+46.277480660E-03
+96.866000E-06,-27.159457158E-03,-108.095162487E-03,+46.223696113E-03
+96.868000E-06,-27.140554049E-03,-109.724402425E-03,+46.247251389E-03
+96.870000E-06,-27.105927793E-03,-111.176977784E-03,+46.317524630E-03
+96.872000E-06,-27.067944910E-03,-110.529207671E-03,+46.332442971E-03
+96.874000E-06,-27.033495319E-03,-109.724402405E-03,+46.270021489E-03
+96.876000E-06,-27.006995633E-03,-109.901066985E-03,+46.211525887E-03
+96.878000E-06,-26.993922455E-03,-109.802919997E-03,+46.240184807E-03
+96.880000E-06,-26.966539447E-03,-109.233667487E-03,+46.316739454E-03
+96.882000E-06,-26.919546671E-03,-108.055903675E-03,+46.337939202E-03
+96.884000E-06,-26.871317243E-03,-106.662216503E-03,+46.284547242E-03
+96.886000E-06,-26.840577608E-03,-108.684044403E-03,+46.224481288E-03
+96.888000E-06,-26.814784580E-03,-111.883636084E-03,+46.249999505E-03
+96.890000E-06,-26.776978362E-03,-110.372172487E-03,+46.323413449E-03
+96.892000E-06,-26.727512282E-03,-105.975187589E-03,+46.333228147E-03
+96.894000E-06,-26.671686277E-03,-107.172580847E-03,+46.270021489E-03
+96.896000E-06,-26.633703395E-03,-111.687342129E-03,+46.225266464E-03
+96.898000E-06,-26.605790393E-03,-112.295853389E-03,+46.250392093E-03
+96.900000E-06,-26.561624250E-03,-107.486651134E-03,+46.309672871E-03
+96.902000E-06,-26.497671675E-03,-104.463724054E-03,+46.331265207E-03
+96.904000E-06,-26.437429056E-03,-106.191111011E-03,+46.278265835E-03
+96.906000E-06,-26.392909585E-03,-110.195507969E-03,+46.223696113E-03
+96.908000E-06,-26.366586564E-03,-111.000313204E-03,+46.247251389E-03
+96.910000E-06,-26.327720358E-03,-109.115891093E-03,+46.309280283E-03
+96.912000E-06,-26.275604309E-03,-108.154050663E-03,+46.334013323E-03
+96.914000E-06,-26.216951672E-03,-109.704773030E-03,+46.273162192E-03
+96.916000E-06,-26.162538984E-03,-110.627354669E-03,+46.214666590E-03
+96.918000E-06,-26.116252866E-03,-109.488849638E-03,+46.243325510E-03
+96.920000E-06,-26.061133520E-03,-107.800721513E-03,+46.317132042E-03
+96.922000E-06,-25.999654249E-03,-107.172580827E-03,+46.337939202E-03
+96.924000E-06,-25.946124885E-03,-107.251098419E-03,+46.270806665E-03
+96.926000E-06,-25.896305476E-03,-107.957756708E-03,+46.217022118E-03
+96.928000E-06,-25.840656136E-03,-108.880338358E-03,+46.243718098E-03
+96.930000E-06,-25.774230257E-03,-110.097360960E-03,+46.306139580E-03
+96.932000E-06,-25.715047626E-03,-110.391801903E-03,+46.328124504E-03
+96.934000E-06,-25.659574950E-03,-109.449590847E-03,+46.272377016E-03
+96.936000E-06,-25.613112168E-03,-107.938127292E-03,+46.217414706E-03
+96.938000E-06,-25.559229474E-03,-107.329616001E-03,+46.227229405E-03
+96.940000E-06,-25.486797000E-03,-108.507379823E-03,+46.306532168E-03
+96.942000E-06,-25.416837830E-03,-110.195507948E-03,+46.334013323E-03
+96.944000E-06,-25.358715186E-03,-109.861808184E-03,+46.284154655E-03
+96.946000E-06,-25.305892479E-03,-107.997015478E-03,+46.213488826E-03
+96.948000E-06,-25.251126462E-03,-108.154050673E-03,+46.223696113E-03
+96.950000E-06,-25.178693988E-03,-110.411431319E-03,+46.306139580E-03
+96.952000E-06,-25.111208122E-03,-111.687342098E-03,+46.342257670E-03
+96.954000E-06,-25.062095371E-03,-110.588095858E-03,+46.293576765E-03
+96.956000E-06,-25.022875837E-03,-109.312185069E-03,+46.217414705E-03
+96.958000E-06,-24.964929857E-03,-109.429961462E-03,+46.226836817E-03
+96.960000E-06,-24.894264029E-03,-110.018843368E-03,+46.290043475E-03
+96.962000E-06,-24.820948232E-03,-108.448491605E-03,+46.331657796E-03
+96.964000E-06,-24.764768898E-03,-106.838881072E-03,+46.297895232E-03
+96.966000E-06,-24.714772825E-03,-106.917398675E-03,+46.237436690E-03
+96.968000E-06,-24.660360137E-03,-108.742932590E-03,+46.235081163E-03
+96.970000E-06,-24.592874271E-03,-110.234766739E-03,+46.290828650E-03
+96.972000E-06,-24.524858411E-03,-110.961054413E-03,+46.342650258E-03
+96.974000E-06,-24.453309260E-03,-110.215137323E-03,+46.304961815E-03
+96.976000E-06,-24.387413375E-03,-109.685143614E-03,+46.224481288E-03
+96.978000E-06,-24.332294029E-03,-109.351443870E-03,+46.219377646E-03
+96.980000E-06,-24.268694783E-03,-108.350344628E-03,+46.269628902E-03
+96.982000E-06,-24.198735613E-03,-107.938127302E-03,+46.323413449E-03
+96.984000E-06,-24.123123176E-03,-107.486651175E-03,+46.324591212E-03
+96.986000E-06,-24.049277386E-03,-109.351443891E-03,+46.257851263E-03
+96.988000E-06,-23.988151444E-03,-112.099559445E-03,+46.229192344E-03
+96.990000E-06,-23.930028801E-03,-111.078830776E-03,+46.264917847E-03
+96.992000E-06,-23.858479649E-03,-108.134421246E-03,+46.319880158E-03
+96.994000E-06,-23.776330624E-03,-108.841079567E-03,+46.324198624E-03
+96.996000E-06,-23.691708294E-03,-111.334012969E-03,+46.268843725E-03
+96.998000E-06,-23.613092560E-03,-111.255495356E-03,+46.228014580E-03
+97.000000E-06,-23.545253365E-03,-108.173680037E-03,+46.242540334E-03
+97.002000E-06,-23.475117530E-03,-106.642587107E-03,+46.294754530E-03
+97.004000E-06,-23.390848530E-03,-107.309986616E-03,+46.323806037E-03
+97.006000E-06,-23.298452959E-03,-109.076632333E-03,+46.282976891E-03
+97.008000E-06,-23.215067282E-03,-109.586996636E-03,+46.235473751E-03
+97.010000E-06,-23.140514833E-03,-109.901066985E-03,+46.251569857E-03
+97.012000E-06,-23.074442283E-03,-109.390702661E-03,+46.312420987E-03
+97.014000E-06,-22.988406637E-03,-109.724402415E-03,+46.331657795E-03
+97.016000E-06,-22.885764521E-03,-109.783290602E-03,+46.278265835E-03
+97.018000E-06,-22.792308963E-03,-108.821450150E-03,+46.242932922E-03
+97.020000E-06,-22.709099950E-03,-108.684044382E-03,+46.241755158E-03
+97.022000E-06,-22.633310849E-03,-108.134421267E-03,+46.288865711E-03
+97.024000E-06,-22.555931767E-03,-107.506280571E-03,+46.331265208E-03
+97.026000E-06,-22.457176272E-03,-107.839980325E-03,+46.303391464E-03
+97.028000E-06,-22.352944175E-03,-109.822549414E-03,+46.246466213E-03
+97.030000E-06,-22.258251965E-03,-110.646984065E-03,+46.239007042E-03
+97.032000E-06,-22.177339592E-03,-109.763661196E-03,+46.280228776E-03
+97.034000E-06,-22.099430516E-03,-108.664414976E-03,+46.324591213E-03
+97.036000E-06,-22.003148325E-03,-107.702574536E-03,+46.291613825E-03
+97.038000E-06,-21.904216165E-03,-106.622957712E-03,+46.244895861E-03
+97.040000E-06,-21.810230613E-03,-107.309986616E-03,+46.233510811E-03
+97.042000E-06,-21.729318240E-03,-109.763661227E-03,+46.284939831E-03
+97.044000E-06,-21.645225904E-03,-109.272926278E-03,+46.328124504E-03
+97.046000E-06,-21.546823738E-03,-107.781092117E-03,+46.292006413E-03
+97.048000E-06,-21.441531653E-03,-108.684044393E-03,+46.231155283E-03
+97.050000E-06,-21.340479519E-03,-109.940325786E-03,+46.231547872E-03
+97.052000E-06,-21.254973867E-03,-109.135520499E-03,+46.301428525E-03
+97.054000E-06,-21.176534797E-03,-108.311085837E-03,+46.338724378E-03
+97.056000E-06,-21.086435866E-03,-109.174779311E-03,+46.293184177E-03
+97.058000E-06,-20.985913725E-03,-109.999213973E-03,+46.217414705E-03
+97.060000E-06,-20.886628236E-03,-108.998114720E-03,+46.213096239E-03
+97.062000E-06,-20.792642684E-03,-107.329615990E-03,+46.290828651E-03
+97.064000E-06,-20.695653835E-03,-107.113692640E-03,+46.340294730E-03
+97.066000E-06,-20.599371644E-03,-108.899967764E-03,+46.288080534E-03
+97.068000E-06,-20.502029465E-03,-110.529207692E-03,+46.208385183E-03
+97.070000E-06,-20.394617406E-03,-110.175878532E-03,+46.209170359E-03
+97.072000E-06,-20.296921898E-03,-108.585897384E-03,+46.293184178E-03
+97.074000E-06,-20.199579720E-03,-108.644785591E-03,+46.340687318E-03
+97.076000E-06,-20.093404312E-03,-109.233667497E-03,+46.296324881E-03
+97.078000E-06,-19.987228905E-03,-109.861808194E-03,+46.209562947E-03
+97.080000E-06,-19.875046903E-03,-109.665514218E-03,+46.198177897E-03
+97.082000E-06,-19.763218229E-03,-108.252197640E-03,+46.286117596E-03
+97.084000E-06,-19.650329568E-03,-107.781092128E-03,+46.350894605E-03
+97.086000E-06,-19.534790939E-03,-109.253296903E-03,+46.292399001E-03
+97.088000E-06,-19.428792196E-03,-111.118089598E-03,+46.222518349E-03
+97.090000E-06,-19.320496814E-03,-109.979584556E-03,+46.216629530E-03
+97.092000E-06,-19.209198135E-03,-107.584798142E-03,+46.293969354E-03
+97.094000E-06,-19.100019430E-03,-108.369974044E-03,+46.346183549E-03
+97.096000E-06,-18.998613966E-03,-110.862907447E-03,+46.299858172E-03
+97.098000E-06,-18.893321882E-03,-110.921795612E-03,+46.223696112E-03
+97.100000E-06,-18.783613183E-03,-107.722203910E-03,+46.202888952E-03
+97.102000E-06,-18.675847795E-03,-106.308887363E-03,+46.278265837E-03
+97.104000E-06,-18.561015824E-03,-107.545539383E-03,+46.346968725E-03
+97.106000E-06,-18.451307125E-03,-109.940325797E-03,+46.316739453E-03
+97.108000E-06,-18.352374965E-03,-110.804019239E-03,+46.237044102E-03
+97.110000E-06,-18.242489602E-03,-110.470319485E-03,+46.215451766E-03
+97.112000E-06,-18.128364289E-03,-109.724402405E-03,+46.282584304E-03
+97.114000E-06,-18.011412343E-03,-109.901066985E-03,+46.328124504E-03
+97.116000E-06,-17.904000284E-03,-109.940325776E-03,+46.289258298E-03
+97.118000E-06,-17.794291586E-03,-109.253296882E-03,+46.233510811E-03
+97.120000E-06,-17.677869633E-03,-108.742932569E-03,+46.218199882E-03
+97.122000E-06,-17.546961186E-03,-107.997015488E-03,+46.271984430E-03
+97.124000E-06,-17.420292689E-03,-107.074433839E-03,+46.329302268E-03
+97.126000E-06,-17.300690774E-03,-107.231469024E-03,+46.306139579E-03
+97.128000E-06,-17.186918791E-03,-108.232568266E-03,+46.255103147E-03
+97.130000E-06,-17.057776989E-03,-109.881437600E-03,+46.234688575E-03
+97.132000E-06,-16.918918636E-03,-110.784389844E-03,+46.276695485E-03
+97.134000E-06,-16.787656860E-03,-110.607725264E-03,+46.313206163E-03
+97.136000E-06,-16.658868388E-03,-108.919597128E-03,+46.292791589E-03
+97.138000E-06,-16.537676492E-03,-106.897769258E-03,+46.248036565E-03
+97.140000E-06,-16.406414716E-03,-107.054804454E-03,+46.231155284E-03
+97.142000E-06,-16.264906394E-03,-109.586996658E-03,+46.268058550E-03
+97.144000E-06,-16.125871377E-03,-109.528108440E-03,+46.320272746E-03
+97.146000E-06,-15.992312962E-03,-107.957756687E-03,+46.313206162E-03
+97.148000E-06,-15.866881116E-03,-108.016644895E-03,+46.259029027E-03
+97.150000E-06,-15.740035954E-03,-109.842178809E-03,+46.235081163E-03
+97.152000E-06,-15.609127507E-03,-111.746230295E-03,+46.268451138E-03
+97.154000E-06,-15.473979110E-03,-110.470319474E-03,+46.317524630E-03
+97.156000E-06,-15.342010676E-03,-108.742932558E-03,+46.301821112E-03
+97.158000E-06,-15.219228799E-03,-108.664414987E-03,+46.251962444E-03
+97.160000E-06,-15.096446922E-03,-108.821450161E-03,+46.234295987E-03
+97.162000E-06,-14.963595165E-03,-108.291456441E-03,+46.268451138E-03
+97.164000E-06,-14.829330091E-03,-106.701475293E-03,+46.317524630E-03
+97.166000E-06,-14.695065017E-03,-107.172580837E-03,+46.312813574E-03
+97.168000E-06,-14.573166463E-03,-110.293654947E-03,+46.267273373E-03
+97.170000E-06,-14.454271207E-03,-111.687342098E-03,+46.244503273E-03
+97.172000E-06,-14.328132703E-03,-110.450690079E-03,+46.266880786E-03
+97.174000E-06,-14.192277648E-03,-109.292555673E-03,+46.303391464E-03
+97.176000E-06,-14.055185941E-03,-109.017744126E-03,+46.302606288E-03
+97.178000E-06,-13.924277494E-03,-109.135520509E-03,+46.277088072E-03
+97.180000E-06,-13.799198978E-03,-108.880338347E-03,+46.246073625E-03
+97.182000E-06,-13.663697252E-03,-108.154050663E-03,+46.255888324E-03
+97.184000E-06,-13.524132240E-03,-107.368874792E-03,+46.299072997E-03
+97.186000E-06,-13.381740596E-03,-108.644785602E-03,+46.310458047E-03
+97.188000E-06,-13.250125491E-03,-111.451789353E-03,+46.283762067E-03
+97.190000E-06,-13.117627063E-03,-110.038472742E-03,+46.260599379E-03
+97.192000E-06,-12.982302001E-03,-106.622957690E-03,+46.271591841E-03
+97.194000E-06,-12.839203699E-03,-107.408133604E-03,+46.287295359E-03
+97.196000E-06,-12.699992017E-03,-110.470319517E-03,+46.294754529E-03
+97.198000E-06,-12.561486993E-03,-110.470319485E-03,+46.292791590E-03
+97.200000E-06,-12.419272014E-03,-107.525909944E-03,+46.267665962E-03
+97.202000E-06,-12.271580432E-03,-105.052605959E-03,+46.261384555E-03
+97.204000E-06,-12.121945541E-03,-106.407034373E-03,+46.274732545E-03
+97.206000E-06,-11.969660680E-03,-108.978485357E-03,+46.282191715E-03
+97.208000E-06,-11.825679055E-03,-110.411431309E-03,+46.282976891E-03
+97.210000E-06,-11.682934082E-03,-109.469220242E-03,+46.291221238E-03
+97.212000E-06,-11.541425760E-03,-107.663315734E-03,+46.286902771E-03
+97.214000E-06,-11.390200888E-03,-108.527009219E-03,+46.269628901E-03
+97.216000E-06,-11.240036002E-03,-110.745131064E-03,+46.261777143E-03
+97.218000E-06,-11.095171054E-03,-110.489948880E-03,+46.260991967E-03
+97.220000E-06,-10.946066156E-03,-108.487750396E-03,+46.280228776E-03
+97.222000E-06,-10.795017948E-03,-106.701475293E-03,+46.291221238E-03
+97.224000E-06,-10.649976335E-03,-107.035175059E-03,+46.273162193E-03
+97.226000E-06,-10.499634785E-03,-108.899967764E-03,+46.253925384E-03
+97.228000E-06,-10.343463304E-03,-109.979584577E-03,+46.270806665E-03
+97.230000E-06,-10.189058469E-03,-110.097360950E-03,+46.301035937E-03
+97.232000E-06,-10.044900180E-03,-109.822549392E-03,+46.307709931E-03
+97.234000E-06,-9.895971946E-03,-109.783290602E-03,+46.277873248E-03
+97.236000E-06,-9.736267174E-03,-109.096261708E-03,+46.235081163E-03
+97.238000E-06,-9.575149085E-03,-107.624056943E-03,+46.248821741E-03
+97.240000E-06,-9.426397517E-03,-107.565168767E-03,+46.290043474E-03
+97.242000E-06,-9.276939290E-03,-109.233667508E-03,+46.317524630E-03
+97.244000E-06,-9.117234517E-03,-109.469220253E-03,+46.301428524E-03
+97.246000E-06,-8.952406473E-03,-107.408133572E-03,+46.246466213E-03
+97.248000E-06,-8.793231694E-03,-107.663315755E-03,+46.236258927E-03
+97.250000E-06,-8.637413543E-03,-110.352543134E-03,+46.288080535E-03
+97.252000E-06,-8.485658676E-03,-111.275124762E-03,+46.328517092E-03
+97.254000E-06,-8.336907107E-03,-109.979584556E-03,+46.302998876E-03
+97.256000E-06,-8.184798912E-03,-108.271827035E-03,+46.232725635E-03
+97.258000E-06,-8.025977462E-03,-108.880338358E-03,+46.217807294E-03
+97.260000E-06,-7.871219298E-03,-108.723303173E-03,+46.266488198E-03
+97.262000E-06,-7.724587704E-03,-108.684044382E-03,+46.317524630E-03
+97.264000E-06,-7.566649578E-03,-107.309986594E-03,+46.315561690E-03
+97.266000E-06,-7.406944806E-03,-107.663315755E-03,+46.259421615E-03
+97.268000E-06,-7.258369902E-03,-109.528108461E-03,+46.221340585E-03
+97.270000E-06,-7.113858283E-03,-110.470319496E-03,+46.260991967E-03
+97.272000E-06,-6.967226689E-03,-110.018843358E-03,+46.322235685E-03
+97.274000E-06,-6.811585202E-03,-109.115891103E-03,+46.313598750E-03
+97.276000E-06,-6.663363627E-03,-108.998114731E-03,+46.245288449E-03
+97.278000E-06,-6.522561964E-03,-109.410332067E-03,+46.219377646E-03
+97.280000E-06,-6.380170319E-03,-109.331814474E-03,+46.263740083E-03
+97.282000E-06,-6.236188694E-03,-107.938127291E-03,+46.328124504E-03
+97.284000E-06,-6.084610492E-03,-107.192210222E-03,+46.322628273E-03
+97.286000E-06,-5.930735651E-03,-108.762561986E-03,+46.254710559E-03
+97.288000E-06,-5.795233925E-03,-111.059201412E-03,+46.220555409E-03
+97.290000E-06,-5.659908864E-03,-109.704772998E-03,+46.263740083E-03
+97.292000E-06,-5.519283865E-03,-107.820350908E-03,+46.325376389E-03
+97.294000E-06,-5.368058992E-03,-108.958855951E-03,+46.316739454E-03
+97.296000E-06,-5.229023975E-03,-111.491048144E-03,+46.256673499E-03
+97.298000E-06,-5.099352180E-03,-110.725501636E-03,+46.218199882E-03
+97.300000E-06,-4.965793764E-03,-107.133322003E-03,+46.255103148E-03
+97.302000E-06,-4.816688866E-03,-105.680746666E-03,+46.315954278E-03
+97.304000E-06,-4.660517385E-03,-107.192210244E-03,+46.332050383E-03
+97.306000E-06,-4.511059158E-03,-108.939226555E-03,+46.256280911E-03
+97.308000E-06,-4.372554135E-03,-109.842178799E-03,+46.209562947E-03
+97.310000E-06,-4.234225776E-03,-109.253296882E-03,+46.248429153E-03
+97.312000E-06,-4.075934320E-03,-108.880338347E-03,+46.312420987E-03
+97.314000E-06,-3.912342927E-03,-109.665514229E-03,+46.320665333E-03
+97.316000E-06,-3.754581466E-03,-110.058102159E-03,+46.257458675E-03
+97.318000E-06,-3.608833195E-03,-109.135520499E-03,+46.207207419E-03
+97.320000E-06,-3.469621513E-03,-108.448491615E-03,+46.239792219E-03
+97.322000E-06,-3.303910145E-03,-107.270727804E-03,+46.308495108E-03
+97.324000E-06,-3.129365549E-03,-107.113692640E-03,+46.345005785E-03
+97.326000E-06,-2.964007510E-03,-107.938127313E-03,+46.285725006E-03
+97.328000E-06,-2.813665961E-03,-108.880338358E-03,+46.218985057E-03
+97.330000E-06,-2.666504373E-03,-110.509578297E-03,+46.232725636E-03
+97.332000E-06,-2.508389582E-03,-110.175878532E-03,+46.301821113E-03
+97.334000E-06,-2.340028246E-03,-109.547737835E-03,+46.330480032E-03
+97.336000E-06,-2.167956953E-03,-108.369974023E-03,+46.278265835E-03
+97.338000E-06,-2.009135504E-03,-106.976286851E-03,+46.226444228E-03
+97.340000E-06,-1.859677277E-03,-107.761462743E-03,+46.225659053E-03
+97.342000E-06,-1.702622474E-03,-109.410332078E-03,+46.300643349E-03
+97.344000E-06,-1.533201150E-03,-109.076632312E-03,+46.344220609E-03
+97.346000E-06,-1.360953193E-03,-107.898868500E-03,+46.299465584E-03
+97.348000E-06,-1.205841700E-03,-108.154050673E-03,+46.231940459E-03
+97.350000E-06,-1.059386771E-03,-109.999213984E-03,+46.231547872E-03
+97.352000E-06,-912.578512E-06,-110.529207682E-03,+46.293184178E-03
+97.354000E-06,-756.937025E-06,-109.606626021E-03,+46.315561690E-03
+97.356000E-06,-592.638974E-06,-108.095162465E-03,+46.279051011E-03
+97.358000E-06,-434.700848E-06,-108.311085848E-03,+46.246073625E-03
+97.360000E-06,-282.769317E-06,-108.369974034E-03,+46.250392093E-03
+97.362000E-06,-130.307792E-06,-107.682945140E-03,+46.295539706E-03
+97.364000E-06,+26.040353E-06,-106.485551933E-03,+46.315561690E-03
+97.366000E-06,+190.338404E-06,-107.015545663E-03,+46.287295358E-03
+97.368000E-06,+349.513183E-06,-109.724402437E-03,+46.255495735E-03
+97.370000E-06,+499.148074E-06,-110.509578286E-03,+46.270806665E-03
+97.372000E-06,+646.309662E-06,-108.369974012E-03,+46.306532168E-03
+97.374000E-06,+794.531237E-06,-107.094063234E-03,+46.294754529E-03
+97.376000E-06,+946.639433E-06,-109.155149927E-03,+46.259421615E-03
+97.378000E-06,+1.100514274E-03,-110.431060705E-03,+46.249214329E-03
+97.380000E-06,+1.255802432E-03,-108.644785569E-03,+46.275910309E-03
+97.382000E-06,+1.412503906E-03,-106.583698909E-03,+46.307317344E-03
+97.384000E-06,+1.566908741E-03,-106.740734106E-03,+46.300250760E-03
+97.386000E-06,+1.719723595E-03,-109.685143647E-03,+46.249214328E-03
+97.388000E-06,+1.872361785E-03,-111.608824517E-03,+46.244895862E-03
+97.390000E-06,+2.024999974E-03,-108.939226511E-03,+46.286510183E-03
+97.392000E-06,+2.177638163E-03,-106.053705190E-03,+46.322628273E-03
+97.394000E-06,+2.335222961E-03,-107.761462754E-03,+46.293969353E-03
+97.396000E-06,+2.483621200E-03,-111.628453934E-03,+46.242540333E-03
+97.398000E-06,+2.640499339E-03,-110.902166205E-03,+46.241362570E-03
+97.400000E-06,+2.816103923E-03,-106.603328283E-03,+46.277873248E-03
+97.402000E-06,+2.991708506E-03,-105.190011748E-03,+46.313206163E-03
+97.404000E-06,+3.158303197E-03,-106.858510500E-03,+46.301035936E-03
+97.406000E-06,+3.319951279E-03,-109.586996659E-03,+46.249214328E-03
+97.408000E-06,+3.477359412E-03,-110.489948891E-03,+46.247643977E-03
+97.410000E-06,+3.640420811E-03,-109.744031800E-03,+46.275910309E-03
+97.412000E-06,+3.808075489E-03,-109.214038091E-03,+46.304569228E-03
+97.414000E-06,+3.973786856E-03,-109.979584578E-03,+46.283369479E-03
+97.416000E-06,+4.132961635E-03,-109.822549392E-03,+46.260599379E-03
+97.418000E-06,+4.285069830E-03,-108.684044371E-03,+46.263347495E-03
+97.420000E-06,+4.442477963E-03,-107.977386093E-03,+46.269628901E-03
+97.422000E-06,+4.613135939E-03,-107.349245396E-03,+46.273162193E-03
+97.424000E-06,+4.778140648E-03,-106.995916257E-03,+46.270806665E-03
+97.426000E-06,+4.932192154E-03,-107.918497918E-03,+46.275910308E-03
+97.428000E-06,+5.081120387E-03,-109.567367252E-03,+46.279443600E-03
+97.430000E-06,+5.238175191E-03,-110.058102159E-03,+46.266095610E-03
+97.432000E-06,+5.403886558E-03,-109.822549392E-03,+46.255888324E-03
+97.434000E-06,+5.560764697E-03,-108.958855929E-03,+46.262954907E-03
+97.436000E-06,+5.710046260E-03,-107.192210211E-03,+46.297110057E-03
+97.438000E-06,+5.858444499E-03,-106.269628572E-03,+46.304569228E-03
+97.440000E-06,+6.009316043E-03,-107.408133604E-03,+46.266488198E-03
+97.442000E-06,+6.167960828E-03,-109.645884845E-03,+46.236258927E-03
+97.444000E-06,+6.330138904E-03,-109.390702661E-03,+46.249214329E-03
+97.446000E-06,+6.488960353E-03,-107.663315733E-03,+46.292791590E-03
+97.448000E-06,+6.643541853E-03,-107.839980325E-03,+46.320665333E-03
+97.450000E-06,+6.796356707E-03,-109.822549415E-03,+46.288080534E-03
+97.452000E-06,+6.944048288E-03,-112.021041853E-03,+46.239007042E-03
+97.454000E-06,+7.094743167E-03,-111.334012937E-03,+46.240969982E-03
+97.456000E-06,+7.244731388E-03,-109.410332045E-03,+46.294361942E-03
+97.458000E-06,+7.400726204E-03,-108.330715232E-03,+46.337546615E-03
+97.460000E-06,+7.556367691E-03,-108.350344638E-03,+46.298680408E-03
+97.462000E-06,+7.715542469E-03,-107.545539361E-03,+46.223696112E-03
+97.464000E-06,+7.871537286E-03,-106.465922537E-03,+46.230370108E-03
+97.466000E-06,+8.024528804E-03,-107.015545663E-03,+46.301428525E-03
+97.468000E-06,+8.172220385E-03,-109.312185101E-03,+46.341472494E-03
+97.470000E-06,+8.311785396E-03,-110.588095879E-03,+46.299072996E-03
+97.472000E-06,+8.450290420E-03,-109.763661195E-03,+46.234688575E-03
+97.474000E-06,+8.596215356E-03,-108.252197639E-03,+46.226444229E-03
+97.476000E-06,+8.739490323E-03,-108.468121022E-03,+46.275910309E-03
+97.478000E-06,+8.874815384E-03,-108.939226544E-03,+46.326946740E-03
+97.480000E-06,+9.010317110E-03,-108.723303173E-03,+46.308495107E-03
+97.482000E-06,+9.153415412E-03,-107.584798152E-03,+46.252747620E-03
+97.484000E-06,+9.296337050E-03,-107.015545652E-03,+46.239792218E-03
+97.486000E-06,+9.437845372E-03,-108.605526812E-03,+46.271984429E-03
+97.488000E-06,+9.577940377E-03,-111.176977796E-03,+46.301428524E-03
+97.490000E-06,+9.725278629E-03,-110.274025508E-03,+46.299465584E-03
+97.492000E-06,+9.867493608E-03,-107.898868489E-03,+46.262954906E-03
+97.494000E-06,+9.996458745E-03,-108.546638615E-03,+46.241362570E-03
+97.496000E-06,+10.126130540E-03,-111.294754180E-03,+46.266488198E-03
+97.498000E-06,+10.259865620E-03,-111.118089577E-03,+46.306139580E-03
+97.500000E-06,+10.396603998E-03,-107.879239082E-03,+46.308495107E-03
+97.502000E-06,+10.534932357E-03,-106.053705200E-03,+46.283369479E-03
+97.504000E-06,+10.674674033E-03,-107.368874814E-03,+46.263347494E-03
+97.506000E-06,+10.804699157E-03,-109.783290624E-03,+46.277480660E-03
+97.508000E-06,+10.930837661E-03,-110.784389844E-03,+46.288080534E-03
+97.510000E-06,+11.066516051E-03,-110.058102148E-03,+46.294754529E-03
+97.512000E-06,+11.206081063E-03,-109.253296882E-03,+46.292791590E-03
+97.514000E-06,+11.339816143E-03,-109.429961462E-03,+46.270414077E-03
+97.516000E-06,+11.467721292E-03,-109.606626032E-03,+46.242540334E-03
+97.518000E-06,+11.591209827E-03,-109.214038091E-03,+46.260991967E-03
+97.520000E-06,+11.724061585E-03,-108.605526790E-03,+46.294361942E-03
+97.522000E-06,+11.866983223E-03,-107.152951420E-03,+46.306924755E-03
+97.524000E-06,+12.003721600E-03,-106.956657466E-03,+46.280621363E-03
+97.526000E-06,+12.130743427E-03,-107.918497918E-03,+46.254710560E-03
+97.528000E-06,+12.255291949E-03,-109.842178810E-03,+46.268058550E-03
+97.530000E-06,+12.385847067E-03,-110.646984065E-03,+46.300643349E-03
+97.532000E-06,+12.518522160E-03,-108.664414964E-03,+46.296717469E-03
+97.534000E-06,+12.655083874E-03,-108.369974034E-03,+46.257066087E-03
+97.536000E-06,+12.792175581E-03,-109.331814486E-03,+46.229584932E-03
+97.538000E-06,+12.924320680E-03,-108.369974023E-03,+46.251177269E-03
+97.540000E-06,+13.059469077E-03,-107.525909966E-03,+46.301428525E-03
+97.542000E-06,+13.192674163E-03,-108.389603440E-03,+46.313598750E-03
+97.544000E-06,+13.332945833E-03,-109.351443881E-03,+46.270414077E-03
+97.546000E-06,+13.473040837E-03,-109.194408696E-03,+46.222910937E-03
+97.548000E-06,+13.608012569E-03,-109.292555684E-03,+46.241755158E-03
+97.550000E-06,+13.732384427E-03,-109.861808194E-03,+46.305746992E-03
+97.552000E-06,+13.856579621E-03,-110.489948891E-03,+46.330872620E-03
+97.554000E-06,+13.984661435E-03,-109.881437578E-03,+46.278265835E-03
+97.556000E-06,+14.116983198E-03,-109.233667486E-03,+46.212703650E-03
+97.558000E-06,+14.236231784E-03,-108.880338347E-03,+46.231940460E-03
+97.560000E-06,+14.346117147E-03,-108.291456441E-03,+46.296324882E-03
+97.562000E-06,+14.469782347E-03,-107.525909966E-03,+46.332442971E-03
+97.564000E-06,+14.609170693E-03,-106.878139873E-03,+46.297895232E-03
+97.566000E-06,+14.744319090E-03,-107.349245407E-03,+46.237436690E-03
+97.568000E-06,+14.868690948E-03,-109.214038113E-03,+46.229584932E-03
+97.570000E-06,+14.981756273E-03,-110.431060705E-03,+46.287295359E-03
+97.572000E-06,+15.090934978E-03,-109.606626021E-03,+46.342257670E-03
+97.574000E-06,+15.220783438E-03,-108.782191359E-03,+46.302213700E-03
+97.576000E-06,+15.361055107E-03,-109.096261719E-03,+46.226836816E-03
+97.578000E-06,+15.483836984E-03,-109.704773020E-03,+46.211525887E-03
+97.580000E-06,+15.597785632E-03,-109.096261707E-03,+46.271199254E-03
+97.582000E-06,+15.717034218E-03,-107.761462721E-03,+46.340294730E-03
+97.584000E-06,+15.852005950E-03,-107.035175048E-03,+46.329694855E-03
+97.586000E-06,+15.985387701E-03,-108.605526812E-03,+46.258243851E-03
+97.588000E-06,+16.109582894E-03,-111.176977797E-03,+46.223696113E-03
+97.590000E-06,+16.231304784E-03,-110.548837066E-03,+46.266880786E-03
+97.592000E-06,+16.360269921E-03,-107.800721501E-03,+46.328517092E-03
+97.594000E-06,+16.496478305E-03,-108.389603440E-03,+46.322628273E-03
+97.596000E-06,+16.626150100E-03,-111.137719006E-03,+46.260206790E-03
+97.598000E-06,+16.741158735E-03,-111.235865960E-03,+46.229584932E-03
+97.600000E-06,+16.861643973E-03,-108.448491593E-03,+46.248429153E-03
+97.602000E-06,+16.996792370E-03,-106.132222782E-03,+46.306532168E-03
+97.604000E-06,+17.136357381E-03,-106.956657477E-03,+46.339116966E-03
+97.606000E-06,+17.266382505E-03,-108.625156207E-03,+46.301428524E-03
+97.608000E-06,+17.376444533E-03,-108.841079556E-03,+46.237829278E-03
+97.610000E-06,+17.490039852E-03,-108.703673778E-03,+46.235081163E-03
+97.612000E-06,+17.610701754E-03,-109.508479055E-03,+46.288080535E-03
+97.614000E-06,+17.734720283E-03,-110.175878543E-03,+46.325768977E-03
+97.616000E-06,+17.849198925E-03,-110.254396124E-03,+46.297110057E-03
+97.618000E-06,+17.948661078E-03,-109.017744115E-03,+46.245681037E-03
+97.620000E-06,+18.058546441E-03,-107.741833326E-03,+46.225266465E-03
+97.622000E-06,+18.183801622E-03,-106.897769269E-03,+46.261777143E-03
+97.624000E-06,+18.311000113E-03,-106.937028071E-03,+46.330480032E-03
+97.626000E-06,+18.429542040E-03,-107.643686360E-03,+46.325768976E-03
+97.628000E-06,+18.532007491E-03,-108.841079568E-03,+46.260599378E-03
+97.630000E-06,+18.633589620E-03,-109.685143625E-03,+46.213096238E-03
+97.632000E-06,+18.750188237E-03,-109.233667486E-03,+46.243325510E-03
+97.634000E-06,+18.878800044E-03,-108.605526789E-03,+46.300643349E-03
+97.636000E-06,+18.993985345E-03,-107.977386093E-03,+46.299858172E-03
+97.638000E-06,+19.094684150E-03,-106.662216502E-03,+46.257458675E-03
+97.640000E-06,+19.197326266E-03,-107.447392395E-03,+46.224088701E-03
+97.642000E-06,+19.310391591E-03,-109.371073288E-03,+46.255888324E-03
+97.644000E-06,+19.428580189E-03,-109.214038091E-03,+46.318702394E-03
+97.646000E-06,+19.539878869E-03,-107.231469001E-03,+46.313206162E-03
+97.648000E-06,+19.640224345E-03,-107.368874803E-03,+46.256280911E-03
+97.650000E-06,+19.739156505E-03,-109.488849671E-03,+46.215451766E-03
+97.652000E-06,+19.830668752E-03,-110.470319496E-03,+46.257458676E-03
+97.654000E-06,+19.928540925E-03,-109.469220242E-03,+46.305354404E-03
+97.656000E-06,+20.026236433E-03,-108.487750406E-03,+46.294754529E-03
+97.658000E-06,+20.133648492E-03,-108.095162476E-03,+46.251177268E-03
+97.660000E-06,+20.241237216E-03,-108.468121022E-03,+46.226051640E-03
+97.662000E-06,+20.337519407E-03,-108.114791872E-03,+46.259029028E-03
+97.664000E-06,+20.429738313E-03,-106.681845897E-03,+46.316346866E-03
+97.666000E-06,+20.517893934E-03,-107.035175059E-03,+46.318309805E-03
+97.668000E-06,+20.601809605E-03,-109.449590881E-03,+46.262562318E-03
+97.670000E-06,+20.688905238E-03,-111.019942611E-03,+46.232725635E-03
+97.672000E-06,+20.764164345E-03,-109.547737823E-03,+46.259814203E-03
+97.674000E-06,+20.826526939E-03,-107.938127291E-03,+46.308102520E-03
+97.676000E-06,+20.899666071E-03,-108.291456452E-03,+46.306139579E-03
+97.678000E-06,+20.980755109E-03,-108.919597149E-03,+46.263740082E-03
+97.680000E-06,+21.068910730E-03,-108.311085836E-03,+46.224873876E-03
+97.682000E-06,+21.156713022E-03,-107.388504187E-03,+46.261384555E-03
+97.684000E-06,+21.234445433E-03,-107.133322036E-03,+46.313991339E-03
+97.686000E-06,+21.309527876E-03,-108.899967765E-03,+46.317917217E-03
+97.688000E-06,+21.396800174E-03,-111.628453924E-03,+46.279051011E-03
+97.690000E-06,+21.492022378E-03,-110.058102136E-03,+46.248821741E-03
+97.692000E-06,+21.583181297E-03,-105.798523015E-03,+46.253532796E-03
+97.694000E-06,+21.656320429E-03,-106.465922560E-03,+46.279443600E-03
+97.696000E-06,+21.718329693E-03,-112.001412493E-03,+46.304961816E-03
+97.698000E-06,+21.800125390E-03,-112.217335796E-03,+46.291613826E-03
+97.700000E-06,+21.896054252E-03,-107.741833291E-03,+46.253532796E-03
+97.702000E-06,+21.988626487E-03,-104.365577063E-03,+46.248429153E-03
+97.704000E-06,+22.069362196E-03,-106.034075839E-03,+46.270414078E-03
+97.706000E-06,+22.146034619E-03,-110.175878577E-03,+46.287295359E-03
+97.708000E-06,+22.218643758E-03,-111.000313205E-03,+46.292006414E-03
+97.710000E-06,+22.296906163E-03,-108.703673755E-03,+46.267665961E-03
+97.712000E-06,+22.379761847E-03,-107.682945140E-03,+46.253140208E-03
+97.714000E-06,+22.463147524E-03,-108.821450173E-03,+46.259814203E-03
+97.716000E-06,+22.540349942E-03,-109.685143625E-03,+46.293969354E-03
+97.718000E-06,+22.609249125E-03,-109.096261707E-03,+46.317917218E-03
+97.720000E-06,+22.679561624E-03,-107.624056942E-03,+46.290436062E-03
+97.722000E-06,+22.761357320E-03,-107.152951431E-03,+46.236651514E-03
+97.724000E-06,+22.847216302E-03,-107.113692640E-03,+46.248821741E-03
+97.726000E-06,+22.930955308E-03,-107.663315756E-03,+46.295539706E-03
+97.728000E-06,+23.006921074E-03,-109.115891126E-03,+46.323806037E-03
+97.730000E-06,+23.080590200E-03,-110.136619752E-03,+46.296717469E-03
+97.732000E-06,+23.150372705E-03,-110.116990345E-03,+46.245681037E-03
+97.734000E-06,+23.239411649E-03,-109.135520498E-03,+46.228014580E-03
+97.736000E-06,+23.332513878E-03,-108.036274279E-03,+46.275910309E-03
+97.738000E-06,+23.408479644E-03,-107.074433838E-03,+46.318702394E-03
+97.740000E-06,+23.475788845E-03,-107.643686360E-03,+46.282584303E-03
+97.742000E-06,+23.548397984E-03,-109.665514241E-03,+46.235473751E-03
+97.744000E-06,+23.635493617E-03,-109.253296882E-03,+46.240577394E-03
+97.746000E-06,+23.727005865E-03,-107.368874780E-03,+46.286117595E-03
+97.748000E-06,+23.802794966E-03,-107.525909977E-03,+46.311635811E-03
+97.750000E-06,+23.865157559E-03,-109.371073288E-03,+46.284154655E-03
+97.752000E-06,+23.924693520E-03,-110.313284322E-03,+46.238614454E-03
+97.754000E-06,+23.988999424E-03,-109.174779289E-03,+46.246466213E-03
+97.756000E-06,+24.057721942E-03,-108.173680057E-03,+46.292399002E-03
+97.758000E-06,+24.126974454E-03,-108.605526801E-03,+46.306924755E-03
+97.760000E-06,+24.190043706E-03,-108.684044382E-03,+46.280621363E-03
+97.762000E-06,+24.253466287E-03,-107.859609709E-03,+46.232725635E-03
+97.764000E-06,+24.318302184E-03,-106.505181327E-03,+46.245681038E-03
+97.766000E-06,+24.382078094E-03,-106.053705212E-03,+46.300643349E-03
+97.768000E-06,+24.448150644E-03,-107.938127325E-03,+46.316346866E-03
+97.770000E-06,+24.510866566E-03,-109.999213985E-03,+46.279051011E-03
+97.772000E-06,+24.568105887E-03,-110.941425019E-03,+46.248821741E-03
+97.774000E-06,+24.624638550E-03,-109.940325764E-03,+46.259029027E-03
+97.776000E-06,+24.676224605E-03,-109.233667486E-03,+46.288473123E-03
+97.778000E-06,+24.719684089E-03,-108.880338347E-03,+46.295147117E-03
+97.780000E-06,+24.773213454E-03,-108.703673778E-03,+46.270806665E-03
+97.782000E-06,+24.825859496E-03,-107.859609709E-03,+46.242540334E-03
+97.784000E-06,+24.874442253E-03,-107.054804443E-03,+46.260991967E-03
+97.786000E-06,+24.906418541E-03,-108.605526812E-03,+46.302606288E-03
+97.788000E-06,+24.936098188E-03,-110.902166239E-03,+46.297110057E-03
+97.790000E-06,+24.976907704E-03,-109.822549381E-03,+46.276302896E-03
+97.792000E-06,+25.027963766E-03,-107.565168744E-03,+46.257066087E-03
+97.794000E-06,+25.081493131E-03,-108.095162488E-03,+46.262954907E-03
+97.796000E-06,+25.112939424E-03,-110.961054437E-03,+46.288865711E-03
+97.798000E-06,+25.130075887E-03,-110.941425007E-03,+46.292399002E-03
+97.800000E-06,+25.170355410E-03,-107.447392349E-03,+46.270414077E-03
+97.802000E-06,+25.238901263E-03,-105.445193899E-03,+46.259029027E-03
+97.804000E-06,+25.308507104E-03,-106.191111002E-03,+46.274339957E-03
+97.806000E-06,+25.354263228E-03,-109.076632347E-03,+46.290436062E-03
+97.808000E-06,+25.379349597E-03,-110.018843369E-03,+46.292399002E-03
+97.810000E-06,+25.415565834E-03,-109.135520498E-03,+46.284154655E-03
+97.812000E-06,+25.466091902E-03,-108.998114731E-03,+46.280228776E-03
+97.814000E-06,+25.524567875E-03,-109.685143625E-03,+46.266095610E-03
+97.816000E-06,+25.565377390E-03,-109.783290602E-03,+46.264132670E-03
+97.818000E-06,+25.587460462E-03,-109.096261707E-03,+46.286117595E-03
+97.820000E-06,+25.608483545E-03,-108.173680057E-03,+46.286510183E-03
+97.822000E-06,+25.648233074E-03,-107.506280570E-03,+46.280621364E-03
+97.824000E-06,+25.699289135E-03,-106.878139873E-03,+46.271591841E-03
+97.826000E-06,+25.745398588E-03,-107.486651186E-03,+46.264917846E-03
+97.828000E-06,+25.775784894E-03,-109.783290625E-03,+46.275125133E-03
+97.830000E-06,+25.796631314E-03,-110.646984066E-03,+46.290436062E-03
+97.832000E-06,+25.817654398E-03,-110.725501647E-03,+46.286902771E-03
+97.834000E-06,+25.846274058E-03,-109.763661195E-03,+46.275125132E-03
+97.836000E-06,+25.880900314E-03,-108.252197639E-03,+46.257066087E-03
+97.838000E-06,+25.911286620E-03,-107.094063233E-03,+46.273947369E-03
+97.840000E-06,+25.929836400E-03,-108.055903697E-03,+46.298680409E-03
+97.842000E-06,+25.946796199E-03,-109.861808206E-03,+46.293576765E-03
+97.844000E-06,+25.963755998E-03,-109.822549392E-03,+46.262169730E-03
+97.846000E-06,+25.995555621E-03,-108.546638592E-03,+46.246858801E-03
+97.848000E-06,+26.025765262E-03,-109.194408707E-03,+46.275517721E-03
+97.850000E-06,+26.046788346E-03,-110.686242868E-03,+46.312813575E-03
+97.852000E-06,+26.056681562E-03,-109.920696369E-03,+46.303784052E-03
+97.854000E-06,+26.060214853E-03,-108.821450149E-03,+46.238614454E-03
+97.856000E-06,+26.074171355E-03,-109.233667498E-03,+46.226836816E-03
+97.858000E-06,+26.105794313E-03,-109.724402416E-03,+46.270414078E-03
+97.860000E-06,+26.137240606E-03,-108.684044371E-03,+46.306924756E-03
+97.862000E-06,+26.151020443E-03,-107.290357198E-03,+46.283762067E-03
+97.864000E-06,+26.151197107E-03,-106.701475304E-03,+46.238614454E-03
+97.866000E-06,+26.157203703E-03,-107.879239128E-03,+46.229977520E-03
+97.868000E-06,+26.169216894E-03,-110.254396148E-03,+46.276302897E-03
+97.870000E-06,+26.188120003E-03,-110.705872251E-03,+46.321450509E-03
+97.872000E-06,+26.200486523E-03,-109.626255416E-03,+46.293969353E-03
+97.874000E-06,+26.199426535E-03,-108.919597138E-03,+46.234295987E-03
+97.876000E-06,+26.199073206E-03,-108.978485335E-03,+46.223696113E-03
+97.878000E-06,+26.202783162E-03,-109.272926288E-03,+46.281013952E-03
+97.880000E-06,+26.214443024E-03,-108.762561964E-03,+46.319487570E-03
+97.882000E-06,+26.223452917E-03,-107.447392372E-03,+46.282584303E-03
+97.884000E-06,+26.223276252E-03,-106.995916257E-03,+46.235473751E-03
+97.886000E-06,+26.215679676E-03,-108.742932592E-03,+46.232333048E-03
+97.888000E-06,+26.204726472E-03,-111.196607193E-03,+46.298680409E-03
+97.890000E-06,+26.209496416E-03,-109.861808171E-03,+46.330087444E-03
+97.892000E-06,+26.219036303E-03,-107.152951408E-03,+46.292006413E-03
+97.894000E-06,+26.221509607E-03,-108.723303196E-03,+46.236651514E-03
+97.896000E-06,+26.217976315E-03,-111.196607193E-03,+46.251569857E-03
+97.898000E-06,+26.210026409E-03,-110.823648623E-03,+46.304176640E-03
+97.900000E-06,+26.207729770E-03,-107.977386069E-03,+46.324983800E-03
+97.902000E-06,+26.206316453E-03,-106.073334595E-03,+46.277480660E-03
+97.904000E-06,+26.204903137E-03,-107.094063257E-03,+46.240184806E-03
+97.906000E-06,+26.197306560E-03,-109.194408719E-03,+46.255103148E-03
+97.908000E-06,+26.186353357E-03,-109.881437590E-03,+46.307317344E-03
+97.910000E-06,+26.173810172E-03,-108.428862208E-03,+46.311635810E-03
+97.912000E-06,+26.163563627E-03,-107.800721523E-03,+46.270021489E-03
+97.914000E-06,+26.154907063E-03,-108.978485347E-03,+46.242147746E-03
+97.916000E-06,+26.155083728E-03,-109.429961463E-03,+46.255495736E-03
+97.918000E-06,+26.147840480E-03,-109.057002917E-03,+46.299072997E-03
+97.920000E-06,+26.138123929E-03,-108.448491615E-03,+46.293969353E-03
+97.922000E-06,+26.123284105E-03,-107.545539361E-03,+46.259421615E-03
+97.924000E-06,+26.102791015E-03,-106.878139873E-03,+46.254710560E-03
+97.926000E-06,+26.090247830E-03,-107.486651186E-03,+46.276695485E-03
+97.928000E-06,+26.086361210E-03,-108.546638615E-03,+46.307317344E-03
+97.930000E-06,+26.079824621E-03,-110.058102171E-03,+46.302998876E-03
+97.932000E-06,+26.057918214E-03,-110.529207682E-03,+46.268843725E-03
+97.934000E-06,+26.022761964E-03,-110.018843357E-03,+46.258636439E-03
+97.936000E-06,+26.002092209E-03,-108.154050650E-03,+46.279836188E-03
+97.938000E-06,+25.988665702E-03,-106.387404943E-03,+46.296717469E-03
+97.940000E-06,+25.984602417E-03,-107.682945163E-03,+46.268451137E-03
+97.942000E-06,+25.963226004E-03,-109.685143637E-03,+46.247643977E-03
+97.944000E-06,+25.929306406E-03,-109.802919997E-03,+46.267273374E-03
+97.946000E-06,+25.903866708E-03,-108.409232813E-03,+46.295147117E-03
+97.948000E-06,+25.889733542E-03,-108.487750417E-03,+46.287687946E-03
+97.950000E-06,+25.873303737E-03,-110.725501670E-03,+46.255888323E-03
+97.952000E-06,+25.846450722E-03,-111.726600890E-03,+46.251569856E-03
+97.954000E-06,+25.808291175E-03,-110.313284298E-03,+46.276302897E-03
+97.956000E-06,+25.777374875E-03,-108.998114719E-03,+46.290828650E-03
+97.958000E-06,+25.756351791E-03,-108.978485335E-03,+46.281406539E-03
+97.960000E-06,+25.745221923E-03,-108.998114731E-03,+46.252355032E-03
+97.962000E-06,+25.727908795E-03,-107.349245384E-03,+46.245681037E-03
+97.964000E-06,+25.697169160E-03,-106.426663746E-03,+46.286510183E-03
+97.966000E-06,+25.665899531E-03,-107.290357222E-03,+46.308887695E-03
+97.968000E-06,+25.634806566E-03,-109.214038114E-03,+46.283762067E-03
+97.970000E-06,+25.606186906E-03,-110.843278042E-03,+46.249606916E-03
+97.972000E-06,+25.582867182E-03,-109.802919985E-03,+46.264525258E-03
+97.974000E-06,+25.554070857E-03,-108.527009196E-03,+46.297502645E-03
+97.976000E-06,+25.519444601E-03,-108.507379813E-03,+46.296324881E-03
+97.978000E-06,+25.479165079E-03,-108.939226545E-03,+46.270806665E-03
+97.980000E-06,+25.436942246E-03,-108.860708952E-03,+46.242540334E-03
+97.982000E-06,+25.408145922E-03,-107.879239104E-03,+46.258243852E-03
+97.984000E-06,+25.389949471E-03,-106.505181327E-03,+46.299465585E-03
+97.986000E-06,+25.364333108E-03,-108.939226568E-03,+46.302213700E-03
+97.988000E-06,+25.326350225E-03,-111.235865984E-03,+46.268843725E-03
+97.990000E-06,+25.280594101E-03,-110.136619729E-03,+46.250392092E-03
+97.992000E-06,+25.243847870E-03,-107.192210198E-03,+46.264917846E-03
+97.994000E-06,+25.219644824E-03,-108.173680081E-03,+46.297502645E-03
+97.996000E-06,+25.200741715E-03,-111.255495391E-03,+46.304569228E-03
+97.998000E-06,+25.171238732E-03,-111.118089576E-03,+46.277480660E-03
+98.000000E-06,+25.127779247E-03,-107.879239080E-03,+46.240577394E-03
+98.002000E-06,+25.089973029E-03,-106.053705200E-03,+46.260599379E-03
+98.004000E-06,+25.073013231E-03,-106.819251699E-03,+46.302606288E-03
+98.006000E-06,+25.053933457E-03,-109.017744150E-03,+46.299858172E-03
+98.008000E-06,+25.021780505E-03,-110.548837089E-03,+46.262954906E-03
+98.010000E-06,+24.976731039E-03,-109.488849637E-03,+46.244110685E-03
+98.012000E-06,+24.925144984E-03,-108.075533069E-03,+46.269628902E-03
+98.014000E-06,+24.895112007E-03,-108.448491627E-03,+46.292791590E-03
+98.016000E-06,+24.874442253E-03,-110.313284334E-03,+46.295539705E-03
+98.018000E-06,+24.847235909E-03,-110.156249136E-03,+46.273554781E-03
+98.020000E-06,+24.805366405E-03,-107.898868488E-03,+46.245681037E-03
+98.022000E-06,+24.759080288E-03,-106.210740374E-03,+46.253140208E-03
+98.024000E-06,+24.714914145E-03,-106.701475315E-03,+46.290436062E-03
+98.026000E-06,+24.680994547E-03,-108.585897418E-03,+46.298287821E-03
+98.028000E-06,+24.648488266E-03,-110.352543124E-03,+46.276695484E-03
+98.030000E-06,+24.615981985E-03,-110.293654915E-03,+46.257066087E-03
+98.032000E-06,+24.566162576E-03,-109.017744114E-03,+46.265703022E-03
+98.034000E-06,+24.502739995E-03,-108.703673778E-03,+46.292006414E-03
+98.036000E-06,+24.457513865E-03,-107.997015488E-03,+46.292791590E-03
+98.038000E-06,+24.417587672E-03,-106.662216501E-03,+46.267665961E-03
+98.040000E-06,+24.371831548E-03,-107.584798175E-03,+46.242147746E-03
+98.042000E-06,+24.319008841E-03,-109.802920021E-03,+46.258243852E-03
+98.044000E-06,+24.249226336E-03,-109.685143613E-03,+46.296717469E-03
+98.046000E-06,+24.183330451E-03,-107.702574523E-03,+46.304569228E-03
+98.048000E-06,+24.122027845E-03,-107.427762989E-03,+46.277480660E-03
+98.050000E-06,+24.071148448E-03,-109.763661230E-03,+46.248821741E-03
+98.052000E-06,+24.013025804E-03,-111.196607181E-03,+46.259029027E-03
+98.054000E-06,+23.946246596E-03,-110.116990333E-03,+46.296717469E-03
+98.056000E-06,+23.875934097E-03,-108.428862208E-03,+46.296324881E-03
+98.058000E-06,+23.810214877E-03,-108.350344639E-03,+46.262562318E-03
+98.060000E-06,+23.764988747E-03,-108.369974034E-03,+46.230370108E-03
+98.062000E-06,+23.708986078E-03,-107.545539360E-03,+46.256673500E-03
+98.064000E-06,+23.642383534E-03,-106.328516757E-03,+46.313206163E-03
+98.066000E-06,+23.572071035E-03,-107.133322047E-03,+46.323413449E-03
+98.068000E-06,+23.505115163E-03,-109.469220277E-03,+46.277088072E-03
+98.070000E-06,+23.439925936E-03,-110.745131054E-03,+46.237436690E-03
+98.072000E-06,+23.373676722E-03,-110.195507926E-03,+46.260206791E-03
+98.074000E-06,+23.303540887E-03,-109.135520498E-03,+46.316346866E-03
+98.076000E-06,+23.231638407E-03,-108.998114731E-03,+46.318309805E-03
+98.078000E-06,+23.160795914E-03,-109.135520510E-03,+46.273554780E-03
+98.080000E-06,+23.093840041E-03,-108.330715231E-03,+46.226051640E-03
+98.082000E-06,+23.032360771E-03,-106.976286849E-03,+46.247643977E-03
+98.084000E-06,+22.966641550E-03,-106.662216513E-03,+46.306532168E-03
+98.086000E-06,+22.898979020E-03,-108.566268023E-03,+46.330872620E-03
+98.088000E-06,+22.832376476E-03,-110.489948903E-03,+46.283762067E-03
+98.090000E-06,+22.761003990E-03,-109.488849637E-03,+46.235473751E-03
+98.092000E-06,+22.687688193E-03,-107.938127290E-03,+46.248821741E-03
+98.094000E-06,+22.610485775E-03,-109.115891126E-03,+46.292791590E-03
+98.096000E-06,+22.538936624E-03,-111.648083321E-03,+46.309672871E-03
+98.098000E-06,+22.479400664E-03,-110.882536809E-03,+46.272769604E-03
+98.100000E-06,+22.418981380E-03,-107.839980289E-03,+46.226051640E-03
+98.102000E-06,+22.350788856E-03,-106.053705199E-03,+46.236651515E-03
+98.104000E-06,+22.282772996E-03,-106.956657478E-03,+46.293969354E-03
+98.106000E-06,+22.219880409E-03,-108.899967766E-03,+46.318309806E-03
+98.108000E-06,+22.157694480E-03,-109.704773021E-03,+46.284939831E-03
+98.110000E-06,+22.091798595E-03,-109.233667486E-03,+46.249606916E-03
+98.112000E-06,+22.015479500E-03,-109.017744126E-03,+46.267273374E-03
+98.114000E-06,+21.934037133E-03,-109.272926288E-03,+46.297895233E-03
+98.116000E-06,+21.859484684E-03,-109.724402416E-03,+46.290828650E-03
+98.118000E-06,+21.799595395E-03,-109.233667486E-03,+46.270021489E-03
+98.120000E-06,+21.732992851E-03,-108.468121010E-03,+46.253532796E-03
+98.122000E-06,+21.660207048E-03,-107.682945139E-03,+46.265310434E-03
+98.124000E-06,+21.574348066E-03,-107.172580826E-03,+46.292006414E-03
+98.126000E-06,+21.489195743E-03,-108.075533093E-03,+46.290043474E-03
+98.128000E-06,+21.414289965E-03,-109.724402428E-03,+46.261777142E-03
+98.130000E-06,+21.348217416E-03,-109.802919997E-03,+46.260599379E-03
+98.132000E-06,+21.274548289E-03,-109.371073265E-03,+46.280228776E-03
+98.134000E-06,+21.182329383E-03,-108.625156184E-03,+46.280228776E-03
+98.136000E-06,+21.090110477E-03,-107.839980313E-03,+46.266095610E-03
+98.138000E-06,+21.015558028E-03,-106.230369769E-03,+46.261384555E-03
+98.140000E-06,+20.948425492E-03,-106.701475316E-03,+46.263740082E-03
+98.142000E-06,+20.877053005E-03,-108.723303197E-03,+46.280621364E-03
+98.144000E-06,+20.797553948E-03,-109.135520510E-03,+46.299465585E-03
+98.146000E-06,+20.715758251E-03,-107.781092116E-03,+46.268843725E-03
+98.148000E-06,+20.633785890E-03,-108.134421279E-03,+46.255888324E-03
+98.150000E-06,+20.559233442E-03,-110.411431323E-03,+46.273947369E-03
+98.152000E-06,+20.482031024E-03,-111.275124763E-03,+46.295932293E-03
+98.154000E-06,+20.403061961E-03,-109.842178775E-03,+46.287687946E-03
+98.156000E-06,+20.321442929E-03,-108.527009196E-03,+46.261384555E-03
+98.158000E-06,+20.235760612E-03,-108.369974034E-03,+46.257851263E-03
+98.160000E-06,+20.150784953E-03,-108.919597150E-03,+46.266095610E-03
+98.162000E-06,+20.079589131E-03,-108.036274278E-03,+46.278265836E-03
+98.164000E-06,+20.009099968E-03,-106.662216501E-03,+46.288080534E-03
+98.166000E-06,+19.938434139E-03,-107.447392396E-03,+46.281013951E-03
+98.168000E-06,+19.849218531E-03,-109.783290626E-03,+46.274339957E-03
+98.170000E-06,+19.756116302E-03,-110.921795624E-03,+46.287295359E-03
+98.172000E-06,+19.667784016E-03,-108.703673753E-03,+46.286510183E-03
+98.174000E-06,+19.594998213E-03,-107.545539360E-03,+46.266880786E-03
+98.176000E-06,+19.521859081E-03,-109.351443894E-03,+46.264132670E-03
+98.178000E-06,+19.426106883E-03,-109.901066985E-03,+46.275125133E-03
+98.180000E-06,+19.317281507E-03,-107.741833313E-03,+46.279443600E-03
+98.182000E-06,+19.226829247E-03,-105.916299420E-03,+46.271591841E-03
+98.184000E-06,+19.157753400E-03,-106.387404967E-03,+46.259421615E-03
+98.186000E-06,+19.072777741E-03,-109.508479080E-03,+46.268843726E-03
+98.188000E-06,+18.967838986E-03,-112.276224018E-03,+46.292399002E-03
+98.190000E-06,+18.859190275E-03,-110.274025495E-03,+46.309280283E-03
+98.192000E-06,+18.752838203E-03,-106.505181302E-03,+46.283762067E-03
+98.194000E-06,+18.661679285E-03,-107.663315768E-03,+46.249606916E-03
+98.196000E-06,+18.572640341E-03,-111.059201427E-03,+46.250784681E-03
+98.198000E-06,+18.468761573E-03,-110.548837065E-03,+46.292791590E-03
+98.200000E-06,+18.361526178E-03,-107.251098383E-03,+46.304176640E-03
+98.202000E-06,+18.262770683E-03,-105.013347166E-03,+46.271984429E-03
+98.204000E-06,+18.175145056E-03,-106.407034375E-03,+46.248036565E-03
+98.206000E-06,+18.085222790E-03,-108.566268023E-03,+46.264525258E-03
+98.208000E-06,+17.983640661E-03,-109.115891114E-03,+46.305746992E-03
+98.210000E-06,+17.876758596E-03,-108.880338347E-03,+46.316739454E-03
+98.212000E-06,+17.780476405E-03,-108.703673778E-03,+46.290043474E-03
+98.214000E-06,+17.691967455E-03,-109.920696393E-03,+46.244895861E-03
+98.216000E-06,+17.595685263E-03,-109.685143613E-03,+46.244503274E-03
+98.218000E-06,+17.487036552E-03,-108.664414975E-03,+46.297502645E-03
+98.220000E-06,+17.379271164E-03,-107.977386092E-03,+46.313206162E-03
+98.222000E-06,+17.286698929E-03,-107.349245395E-03,+46.273162192E-03
+98.224000E-06,+17.195010016E-03,-107.270727814E-03,+46.250784680E-03
+98.226000E-06,+17.094487875E-03,-107.820350930E-03,+46.264917846E-03
+98.228000E-06,+16.991492431E-03,-109.822549416E-03,+46.297502645E-03
+98.230000E-06,+16.900686841E-03,-110.646984066E-03,+46.301821112E-03
+98.232000E-06,+16.811647897E-03,-110.588095868E-03,+46.279836188E-03
+98.234000E-06,+16.723845606E-03,-109.744031799E-03,+46.254710560E-03
+98.236000E-06,+16.623853458E-03,-107.977386080E-03,+46.248821741E-03
+98.238000E-06,+16.510964797E-03,-106.779992884E-03,+46.273162193E-03
+98.240000E-06,+16.416272588E-03,-107.467021791E-03,+46.287687947E-03
+98.242000E-06,+16.340483487E-03,-110.058102184E-03,+46.278265836E-03
+98.244000E-06,+16.262044417E-03,-109.861808183E-03,+46.265703022E-03
+98.246000E-06,+16.160638953E-03,-107.722203917E-03,+46.266880786E-03
+98.248000E-06,+16.052343571E-03,-107.839980326E-03,+46.278265836E-03
+98.250000E-06,+15.954648064E-03,-109.822549417E-03,+46.288080534E-03
+98.252000E-06,+15.863489145E-03,-111.883636076E-03,+46.283762067E-03
+98.254000E-06,+15.765616973E-03,-111.039571983E-03,+46.271984429E-03
+98.256000E-06,+15.660501553E-03,-109.233667474E-03,+46.251177268E-03
+98.258000E-06,+15.550792854E-03,-108.860708952E-03,+46.267665962E-03
+98.260000E-06,+15.452920682E-03,-109.253296893E-03,+46.275910308E-03
+98.262000E-06,+15.360525111E-03,-108.350344626E-03,+46.271199253E-03
+98.264000E-06,+15.269896187E-03,-106.701475291E-03,+46.281406540E-03
+98.266000E-06,+15.165840754E-03,-106.897769280E-03,+46.280228776E-03
+98.268000E-06,+15.056132055E-03,-109.155149929E-03,+46.282584303E-03
+98.270000E-06,+14.955786579E-03,-110.843278043E-03,+46.285725007E-03
+98.272000E-06,+14.859327724E-03,-109.802919985E-03,+46.277873248E-03
+98.274000E-06,+14.761985545E-03,-108.527009196E-03,+46.260206791E-03
+98.276000E-06,+14.663230050E-03,-108.644785592E-03,+46.255103148E-03
+98.278000E-06,+14.559351282E-03,-108.958855940E-03,+46.273947369E-03
+98.280000E-06,+14.465895724E-03,-108.311085836E-03,+46.293184178E-03
+98.282000E-06,+14.367846887E-03,-106.976286849E-03,+46.290043474E-03
+98.284000E-06,+14.260258163E-03,-105.975187618E-03,+46.272769605E-03
+98.286000E-06,+14.148959484E-03,-107.918497931E-03,+46.256673499E-03
+98.288000E-06,+14.044727387E-03,-110.548837102E-03,+46.268451138E-03
+98.290000E-06,+13.945265233E-03,-109.645884810E-03,+46.300643349E-03
+98.292000E-06,+13.833966553E-03,-106.995916232E-03,+46.304961816E-03
+98.294000E-06,+13.711008012E-03,-107.604427570E-03,+46.266488198E-03
+98.296000E-06,+13.590346110E-03,-110.627354695E-03,+46.244503273E-03
+98.298000E-06,+13.491237286E-03,-110.764760437E-03,+46.272377017E-03
+98.300000E-06,+13.391421803E-03,-107.839980289E-03,+46.304176640E-03
+98.302000E-06,+13.278709807E-03,-106.053705199E-03,+46.294361941E-03
+98.304000E-06,+13.150627993E-03,-106.544440141E-03,+46.251177268E-03
+98.306000E-06,+13.029259433E-03,-108.428862244E-03,+46.228799756E-03
+98.308000E-06,+12.923967348E-03,-109.783290614E-03,+46.256673500E-03
+98.310000E-06,+12.826978499E-03,-109.253296881E-03,+46.315954278E-03
+98.312000E-06,+12.717269800E-03,-108.880338347E-03,+46.329302268E-03
+98.314000E-06,+12.592014619E-03,-108.978485335E-03,+46.266880785E-03
+98.316000E-06,+12.466052780E-03,-108.860708952E-03,+46.222125761E-03
+98.318000E-06,+12.363763994E-03,-108.291456441E-03,+46.258243852E-03
+98.320000E-06,+12.282144962E-03,-107.800721523E-03,+46.313598751E-03
+98.322000E-06,+12.194342670E-03,-107.192210221E-03,+46.323413449E-03
+98.324000E-06,+12.087990599E-03,-107.113692640E-03,+46.277088072E-03
+98.326000E-06,+11.982875179E-03,-108.075533093E-03,+46.218199881E-03
+98.328000E-06,+11.891892925E-03,-109.861808207E-03,+46.243718098E-03
+98.330000E-06,+11.809037241E-03,-110.646984066E-03,+46.303391464E-03
+98.332000E-06,+11.723354924E-03,-108.939226520E-03,+46.316739454E-03
+98.334000E-06,+11.621066138E-03,-108.271827045E-03,+46.268058549E-03
+98.336000E-06,+11.517717364E-03,-108.625156197E-03,+46.233510811E-03
+98.338000E-06,+11.415781906E-03,-107.584798151E-03,+46.257066088E-03
+98.340000E-06,+11.327626285E-03,-107.565168768E-03,+46.299465585E-03
+98.342000E-06,+11.232757411E-03,-108.546638616E-03,+46.310458047E-03
+98.344000E-06,+11.142835144E-03,-109.371073277E-03,+46.272769604E-03
+98.346000E-06,+11.051322896E-03,-109.057002916E-03,+46.239792218E-03
+98.348000E-06,+10.948327451E-03,-109.135520510E-03,+46.249606917E-03
+98.350000E-06,+10.848688633E-03,-109.979584579E-03,+46.290043475E-03
+98.352000E-06,+10.755939734E-03,-110.509578287E-03,+46.303784052E-03
+98.354000E-06,+10.655417593E-03,-109.744031799E-03,+46.274732544E-03
+98.356000E-06,+10.548712192E-03,-109.214038091E-03,+46.245681037E-03
+98.358000E-06,+10.447483393E-03,-109.292555684E-03,+46.264132671E-03
+98.360000E-06,+10.353321176E-03,-109.037373521E-03,+46.283762067E-03
+98.362000E-06,+10.256332327E-03,-107.624056941E-03,+46.280621364E-03
+98.364000E-06,+10.150156920E-03,-107.015545652E-03,+46.268843725E-03
+98.366000E-06,+10.048928120E-03,-107.781092140E-03,+46.272769605E-03
+98.368000E-06,+9.952292600E-03,-110.097360975E-03,+46.281799128E-03
+98.370000E-06,+9.846293858E-03,-111.922894867E-03,+46.291221238E-03
+98.372000E-06,+9.726515278E-03,-110.764760425E-03,+46.292399002E-03
+98.374000E-06,+9.611153313E-03,-109.606626020E-03,+46.278658424E-03
+98.376000E-06,+9.502857932E-03,-109.194408695E-03,+46.273947369E-03
+98.378000E-06,+9.392972568E-03,-109.842178800E-03,+46.273554781E-03
+98.380000E-06,+9.279023920E-03,-109.940325776E-03,+46.273554781E-03
+98.382000E-06,+9.168255234E-03,-108.566267986E-03,+46.268058550E-03
+98.384000E-06,+9.055543238E-03,-107.408133581E-03,+46.270021489E-03
+98.386000E-06,+8.937531304E-03,-109.469220278E-03,+46.278658424E-03
+98.388000E-06,+8.811392801E-03,-111.569565728E-03,+46.285332419E-03
+98.390000E-06,+8.696560830E-03,-110.038472740E-03,+46.288865710E-03
+98.392000E-06,+8.585968808E-03,-107.309986580E-03,+46.272769605E-03
+98.394000E-06,+8.464600248E-03,-107.918497919E-03,+46.264917846E-03
+98.396000E-06,+8.332985142E-03,-110.941425044E-03,+46.277873248E-03
+98.398000E-06,+8.212499905E-03,-110.804019228E-03,+46.290828650E-03
+98.400000E-06,+8.111094442E-03,-107.839980288E-03,+46.275910308E-03
+98.402000E-06,+8.015872238E-03,-106.053705199E-03,+46.268058550E-03
+98.404000E-06,+7.901393596E-03,-106.819251699E-03,+46.267273374E-03
+98.406000E-06,+7.774195104E-03,-108.880338372E-03,+46.281013952E-03
+98.408000E-06,+7.651766557E-03,-109.292555684E-03,+46.285725007E-03
+98.410000E-06,+7.543824504E-03,-109.174779300E-03,+46.277873248E-03
+98.412000E-06,+7.442772370E-03,-109.842178800E-03,+46.268451138E-03
+98.414000E-06,+7.333770329E-03,-110.489948892E-03,+46.270021489E-03
+98.416000E-06,+7.206218509E-03,-109.331814462E-03,+46.278658424E-03
+98.418000E-06,+7.074956732E-03,-108.742932568E-03,+46.282584303E-03
+98.420000E-06,+6.968251332E-03,-107.309986592E-03,+46.263740082E-03
+98.422000E-06,+6.873735786E-03,-106.564069524E-03,+46.258243851E-03
+98.424000E-06,+6.768090373E-03,-106.622957722E-03,+46.282584304E-03
+98.426000E-06,+6.637181926E-03,-107.192210234E-03,+46.299858173E-03
+98.428000E-06,+6.509100112E-03,-108.919597162E-03,+46.288080534E-03
+98.430000E-06,+6.399214749E-03,-109.429961463E-03,+46.258636439E-03
+98.432000E-06,+6.296749298E-03,-109.469220253E-03,+46.249214329E-03
+98.434000E-06,+6.192517201E-03,-108.644785579E-03,+46.270414078E-03
+98.436000E-06,+6.065672038E-03,-107.702574534E-03,+46.298287821E-03
+98.438000E-06,+5.928227002E-03,-106.760363489E-03,+46.296324881E-03
+98.440000E-06,+5.800851847E-03,-107.467021792E-03,+46.262562318E-03
+98.442000E-06,+5.687433192E-03,-109.508479069E-03,+46.249606917E-03
+98.444000E-06,+5.578254487E-03,-109.096261707E-03,+46.278658424E-03
+98.446000E-06,+5.454589288E-03,-107.761462720E-03,+46.302213700E-03
+98.448000E-06,+5.322620853E-03,-107.584798163E-03,+46.299465584E-03
+98.450000E-06,+5.193479052E-03,-109.371073290E-03,+46.268451137E-03
+98.452000E-06,+5.068577200E-03,-110.725501659E-03,+46.250392092E-03
+98.454000E-06,+4.946678646E-03,-109.096261694E-03,+46.262169731E-03
+98.456000E-06,+4.822660117E-03,-107.604427546E-03,+46.299858173E-03
+98.458000E-06,+4.703234867E-03,-108.252197663E-03,+46.318702394E-03
+98.460000E-06,+4.589462884E-03,-108.919597150E-03,+46.271199253E-03
+98.462000E-06,+4.468977646E-03,-108.173680057E-03,+46.228407168E-03
+98.464000E-06,+4.353615681E-03,-106.819251675E-03,+46.250784681E-03
+98.466000E-06,+4.234190431E-03,-107.329616013E-03,+46.317917218E-03
+98.468000E-06,+4.119005131E-03,-109.626255452E-03,+46.329694856E-03
+98.470000E-06,+3.998343229E-03,-110.627354671E-03,+46.283369479E-03
+98.472000E-06,+3.873088048E-03,-110.038472752E-03,+46.240969982E-03
+98.474000E-06,+3.747302874E-03,-108.703673765E-03,+46.244110686E-03
+98.476000E-06,+3.630174263E-03,-108.527009208E-03,+46.289258299E-03
+98.478000E-06,+3.511809001E-03,-108.664414987E-03,+46.325768977E-03
+98.480000E-06,+3.395563713E-03,-108.546638603E-03,+46.283369479E-03
+98.482000E-06,+3.272251842E-03,-107.565168755E-03,+46.227229404E-03
+98.484000E-06,+3.140460072E-03,-107.015545652E-03,+46.236651515E-03
+98.486000E-06,+3.008844967E-03,-109.567367267E-03,+46.296717470E-03
+98.488000E-06,+2.879879830E-03,-112.001412461E-03,+46.340687318E-03
+98.490000E-06,+2.761161239E-03,-110.234766704E-03,+46.304569227E-03
+98.492000E-06,+2.636436051E-03,-106.642587080E-03,+46.232725635E-03
+98.494000E-06,+2.503230965E-03,-107.682945164E-03,+46.215059178E-03
+98.496000E-06,+2.367729239E-03,-112.158447660E-03,+46.290828651E-03
+98.498000E-06,+2.238234108E-03,-113.041770469E-03,+46.351287193E-03
+98.500000E-06,+2.123225473E-03,-108.134421216E-03,+46.303391463E-03
+98.502000E-06,+2.000266931E-03,-105.229270525E-03,+46.226836816E-03
+98.504000E-06,+1.868475161E-03,-107.251098444E-03,+46.222518349E-03
+98.506000E-06,+1.733150100E-03,-110.745131080E-03,+46.286510183E-03
+98.508000E-06,+1.594998405E-03,-111.196607169E-03,+46.345005786E-03
+98.510000E-06,+1.470096554E-03,-109.547737822E-03,+46.313598750E-03
+98.512000E-06,+1.349611316E-03,-109.312185079E-03,+46.242147745E-03
+98.514000E-06,+1.222059496E-03,-109.999213974E-03,+46.213488826E-03
+98.516000E-06,+1.087264428E-03,-110.646984066E-03,+46.268451138E-03
+98.518000E-06,+946.639430E-06,-109.351443857E-03,+46.337154027E-03
+98.520000E-06,+822.620901E-06,-107.506280557E-03,+46.315561690E-03
+98.522000E-06,+707.258936E-06,-106.995916256E-03,+46.239792218E-03
+98.524000E-06,+587.833686E-06,-107.368874803E-03,+46.229584932E-03
+98.526000E-06,+456.571910E-06,-108.252197663E-03,+46.279051012E-03
+98.528000E-06,+323.720153E-06,-109.331814487E-03,+46.338331791E-03
+98.530000E-06,+198.288307E-06,-110.431060706E-03,+46.315561690E-03
+98.532000E-06,+76.389753E-06,-110.293654915E-03,+46.237044102E-03
+98.534000E-06,-52.575383E-06,-109.429961450E-03,+46.212703651E-03
+98.536000E-06,-183.837160E-06,-107.800721510E-03,+46.265703023E-03
+98.538000E-06,-318.985557E-06,-106.622957710E-03,+46.323020861E-03
+98.540000E-06,-453.427295E-06,-107.447392396E-03,+46.310850634E-03
+98.542000E-06,-575.325849E-06,-109.508479069E-03,+46.258636439E-03
+98.544000E-06,-701.641017E-06,-109.645884823E-03,+46.235081163E-03
+98.546000E-06,-822.656248E-06,-108.389603416E-03,+46.268451138E-03
+98.548000E-06,-941.551504E-06,-108.762561976E-03,+46.303784052E-03
+98.550000E-06,-1.066453356E-03,-110.489948904E-03,+46.302606288E-03
+98.552000E-06,-1.198421791E-03,-111.000313205E-03,+46.268843725E-03
+98.554000E-06,-1.332510200E-03,-109.802919984E-03,+46.239399630E-03
+98.556000E-06,-1.458118710E-03,-108.801820753E-03,+46.252355032E-03
+98.558000E-06,-1.566414092E-03,-108.684044382E-03,+46.290436062E-03
+98.560000E-06,-1.671176182E-03,-109.233667498E-03,+46.301035936E-03
+98.562000E-06,-1.786891477E-03,-108.212938847E-03,+46.268843725E-03
+98.564000E-06,-1.907906708E-03,-106.819251674E-03,+46.261384555E-03
+98.566000E-06,-2.025741977E-03,-107.054804455E-03,+46.277480660E-03
+98.568000E-06,-2.144283904E-03,-108.899967767E-03,+46.285332419E-03
+98.570000E-06,-2.250635975E-03,-110.529207695E-03,+46.283369479E-03
+98.572000E-06,-2.362641313E-03,-110.725501647E-03,+46.285725007E-03
+98.574000E-06,-2.494256419E-03,-110.038472752E-03,+46.264132670E-03
+98.576000E-06,-2.623574885E-03,-109.253296881E-03,+46.252747620E-03
+98.578000E-06,-2.743530128E-03,-109.292555684E-03,+46.265310434E-03
+98.580000E-06,-2.851118852E-03,-109.174779300E-03,+46.278265836E-03
+98.582000E-06,-2.959590899E-03,-107.781092115E-03,+46.293576766E-03
+98.584000E-06,-3.079546142E-03,-107.035175047E-03,+46.301035936E-03
+98.586000E-06,-3.213457887E-03,-108.330715256E-03,+46.279836187E-03
+98.588000E-06,-3.340479714E-03,-110.725501672E-03,+46.265703022E-03
+98.590000E-06,-3.448951760E-03,-109.802919984E-03,+46.275125133E-03
+98.592000E-06,-3.556187155E-03,-107.702574521E-03,+46.298680409E-03
+98.594000E-06,-3.679675690E-03,-108.252197663E-03,+46.288080534E-03
+98.596000E-06,-3.822773993E-03,-111.255495393E-03,+46.275125132E-03
+98.598000E-06,-3.959689035E-03,-111.255495355E-03,+46.265310434E-03
+98.600000E-06,-4.076817645E-03,-107.486651136E-03,+46.269628901E-03
+98.602000E-06,-4.185113027E-03,-105.720005455E-03,+46.292399002E-03
+98.604000E-06,-4.303654955E-03,-106.917398688E-03,+46.312028399E-03
+98.606000E-06,-4.438626687E-03,-109.174779325E-03,+46.295147117E-03
+98.608000E-06,-4.585611610E-03,-110.156249148E-03,+46.267665961E-03
+98.610000E-06,-4.716696722E-03,-109.567367229E-03,+46.266880786E-03
+98.612000E-06,-4.829232053E-03,-109.469220253E-03,+46.286510183E-03
+98.614000E-06,-4.943180702E-03,-109.881437590E-03,+46.294754529E-03
+98.616000E-06,-5.074972472E-03,-109.802919997E-03,+46.279051012E-03
+98.618000E-06,-5.217894110E-03,-109.508479044E-03,+46.265703022E-03
+98.620000E-06,-5.358342444E-03,-109.194408695E-03,+46.266880786E-03
+98.622000E-06,-5.477237700E-03,-108.193309452E-03,+46.281013952E-03
+98.624000E-06,-5.585709746E-03,-107.643686348E-03,+46.310458047E-03
+98.626000E-06,-5.706724977E-03,-108.271827058E-03,+46.306139579E-03
+98.628000E-06,-5.840813387E-03,-109.881437603E-03,+46.282976891E-03
+98.630000E-06,-5.972781821E-03,-111.059201403E-03,+46.255103148E-03
+98.632000E-06,-6.095563698E-03,-110.234766716E-03,+46.268058550E-03
+98.634000E-06,-6.208452359E-03,-109.410332055E-03,+46.286902771E-03
+98.636000E-06,-6.325050976E-03,-108.350344626E-03,+46.292006414E-03
+98.638000E-06,-6.453486119E-03,-107.251098407E-03,+46.284154655E-03
+98.640000E-06,-6.593404459E-03,-108.075533093E-03,+46.263740082E-03
+98.642000E-06,-6.718659640E-03,-110.548837103E-03,+46.274732545E-03
+98.644000E-06,-6.830488313E-03,-110.332913705E-03,+46.304176640E-03
+98.646000E-06,-6.938253701E-03,-108.605526776E-03,+46.297110057E-03
+98.648000E-06,-7.055558977E-03,-109.057002929E-03,+46.270806665E-03
+98.650000E-06,-7.189117393E-03,-110.666613474E-03,+46.248036565E-03
+98.652000E-06,-7.317375871E-03,-110.058102147E-03,+46.256280912E-03
+98.654000E-06,-7.430971190E-03,-109.253296881E-03,+46.293576766E-03
+98.656000E-06,-7.541386547E-03,-109.979584579E-03,+46.312420987E-03
+98.658000E-06,-7.647915283E-03,-109.959955171E-03,+46.281406539E-03
+98.660000E-06,-7.757623982E-03,-108.703673765E-03,+46.232725635E-03
+98.662000E-06,-7.876519238E-03,-107.290357197E-03,+46.229192344E-03
+98.664000E-06,-7.989231234E-03,-106.701475303E-03,+46.292791590E-03
+98.666000E-06,-8.094699983E-03,-108.566268024E-03,+46.332050384E-03
+98.668000E-06,-8.204232017E-03,-110.352543126E-03,+46.297895232E-03
+98.670000E-06,-8.319417317E-03,-110.293654915E-03,+46.231940459E-03
+98.672000E-06,-8.426652712E-03,-109.292555671E-03,+46.226051641E-03
+98.674000E-06,-8.528941498E-03,-108.880338347E-03,+46.278658425E-03
+98.676000E-06,-8.640593507E-03,-109.390702673E-03,+46.316346866E-03
+98.678000E-06,-8.756132137E-03,-109.469220253E-03,+46.293184177E-03
+98.680000E-06,-8.869550791E-03,-109.057002916E-03,+46.237044102E-03
+98.682000E-06,-8.972722901E-03,-107.898868498E-03,+46.232333048E-03
+98.684000E-06,-9.072008390E-03,-107.329616000E-03,+46.284939832E-03
+98.686000E-06,-9.183307069E-03,-108.644785605E-03,+46.336368851E-03
+98.688000E-06,-9.305028959E-03,-110.764760463E-03,+46.315169102E-03
+98.690000E-06,-9.423040892E-03,-109.665514205E-03,+46.245288449E-03
+98.692000E-06,-9.524269691E-03,-107.270727789E-03,+46.219377645E-03
+98.694000E-06,-9.624438503E-03,-107.781092140E-03,+46.263740083E-03
+98.696000E-06,-9.742097107E-03,-110.646984092E-03,+46.333620736E-03
+98.698000E-06,-9.864702320E-03,-110.627354658E-03,+46.331657795E-03
+98.700000E-06,-9.979004297E-03,-107.682945113E-03,+46.247643976E-03
+98.702000E-06,-10.077229798E-03,-105.896670024E-03,+46.211133299E-03
+98.704000E-06,-10.177045281E-03,-106.937028084E-03,+46.265310435E-03
+98.706000E-06,-10.289757277E-03,-109.449590884E-03,+46.336761439E-03
+98.708000E-06,-10.421549048E-03,-110.470319497E-03,+46.337546614E-03
+98.710000E-06,-10.548394209E-03,-110.156249136E-03,+46.256673499E-03
+98.712000E-06,-10.648209692E-03,-109.685143613E-03,+46.206814831E-03
+98.714000E-06,-10.748025174E-03,-109.488849648E-03,+46.242540334E-03
+98.716000E-06,-10.857027215E-03,-109.881437590E-03,+46.314383927E-03
+98.718000E-06,-10.978395775E-03,-109.665514218E-03,+46.340294730E-03
+98.720000E-06,-11.096407709E-03,-108.527009195E-03,+46.276695483E-03
+98.722000E-06,-11.202583116E-03,-107.545539360E-03,+46.215059178E-03
+98.724000E-06,-11.300985282E-03,-107.152951431E-03,+46.240577395E-03
+98.726000E-06,-11.409633993E-03,-107.800721535E-03,+46.319487570E-03
+98.728000E-06,-11.519872685E-03,-108.585897406E-03,+46.352072368E-03
+98.730000E-06,-11.627638073E-03,-109.645884835E-03,+46.283762066E-03
+98.732000E-06,-11.730103524E-03,-110.607725276E-03,+46.210348122E-03
+98.734000E-06,-11.829389013E-03,-110.588095868E-03,+46.215059179E-03
+98.736000E-06,-11.927084521E-03,-108.644785566E-03,+46.299465585E-03
+98.738000E-06,-12.029549972E-03,-106.308887348E-03,+46.349716841E-03
+98.740000E-06,-12.127775474E-03,-107.251098432E-03,+46.302998875E-03
+98.742000E-06,-12.229004273E-03,-109.763661232E-03,+46.229584931E-03
+98.744000E-06,-12.335709674E-03,-110.097360950E-03,+46.228407168E-03
+98.746000E-06,-12.438175125E-03,-108.723303160E-03,+46.295539706E-03
+98.748000E-06,-12.531277354E-03,-108.664414987E-03,+46.335191087E-03
+98.750000E-06,-12.626852887E-03,-110.470319510E-03,+46.298287820E-03
+98.752000E-06,-12.736561585E-03,-111.412530542E-03,+46.231940459E-03
+98.754000E-06,-12.848213594E-03,-110.411431286E-03,+46.217807294E-03
+98.756000E-06,-12.956155647E-03,-109.704773008E-03,+46.282976892E-03
+98.758000E-06,-13.057384446E-03,-109.488849648E-03,+46.344613198E-03
+98.760000E-06,-13.152783314E-03,-109.331814474E-03,+46.313598750E-03
+98.762000E-06,-13.248712176E-03,-108.212938847E-03,+46.233903398E-03
+98.764000E-06,-13.360894179E-03,-107.094063232E-03,+46.223303525E-03
+98.766000E-06,-13.477846125E-03,-108.055903698E-03,+46.286510183E-03
+98.768000E-06,-13.580311576E-03,-110.274025545E-03,+46.345005786E-03
+98.770000E-06,-13.674473792E-03,-111.118089589E-03,+46.324591212E-03
+98.772000E-06,-13.772699294E-03,-110.097360937E-03,+46.251962444E-03
+98.774000E-06,-13.882761322E-03,-109.115891102E-03,+46.209170359E-03
+98.776000E-06,-13.993176679E-03,-109.135520510E-03,+46.262169731E-03
+98.778000E-06,-14.102178719E-03,-109.567367242E-03,+46.339116967E-03
+98.780000E-06,-14.199874227E-03,-109.351443869E-03,+46.324198624E-03
+98.782000E-06,-14.294743101E-03,-107.938127289E-03,+46.254710559E-03
+98.784000E-06,-14.404275135E-03,-107.467021779E-03,+46.223303525E-03
+98.786000E-06,-14.524583708E-03,-108.801820779E-03,+46.253140209E-03
+98.788000E-06,-14.641182325E-03,-111.334012974E-03,+46.323806037E-03
+98.790000E-06,-14.743471112E-03,-110.293654902E-03,+46.319487569E-03
+98.792000E-06,-14.845053240E-03,-107.624056927E-03,+46.243325509E-03
+98.794000E-06,-14.952995293E-03,-108.095162489E-03,+46.202496364E-03
+98.796000E-06,-15.069240581E-03,-111.235865999E-03,+46.255888324E-03
+98.798000E-06,-15.181599248E-03,-111.255495355E-03,+46.335583675E-03
+98.800000E-06,-15.290777952E-03,-107.761462693E-03,+46.332050383E-03
+98.802000E-06,-15.395893372E-03,-105.896670024E-03,+46.253140207E-03
+98.804000E-06,-15.494295538E-03,-106.937028084E-03,+46.206422243E-03
+98.806000E-06,-15.601707597E-03,-109.174779326E-03,+46.250784681E-03
+98.808000E-06,-15.711769625E-03,-111.118089602E-03,+46.329302268E-03
+98.810000E-06,-15.822008317E-03,-109.567367216E-03,+46.336761438E-03
+98.812000E-06,-15.929773706E-03,-107.525909951E-03,+46.262169730E-03
+98.814000E-06,-16.031002505E-03,-108.369974047E-03,+46.196607545E-03
+98.816000E-06,-16.133821285E-03,-110.725501673E-03,+46.238221867E-03
+98.818000E-06,-16.246886611E-03,-110.902166216E-03,+46.335976264E-03
+98.820000E-06,-16.362601905E-03,-108.546638577E-03,+46.340687318E-03
+98.822000E-06,-16.467363995E-03,-106.838881069E-03,+46.254317971E-03
+98.824000E-06,-16.559406236E-03,-107.329616013E-03,+46.198177897E-03
+98.826000E-06,-16.651095149E-03,-108.801820779E-03,+46.244110686E-03
+98.828000E-06,-16.747907334E-03,-109.822549405E-03,+46.334013324E-03
+98.830000E-06,-16.849136133E-03,-109.528108439E-03,+46.343042845E-03
+98.832000E-06,-16.954604882E-03,-109.194408695E-03,+46.262954906E-03
+98.834000E-06,-17.050710408E-03,-109.017744126E-03,+46.193859429E-03
+98.836000E-06,-17.141692662E-03,-107.898868498E-03,+46.226836817E-03
+98.838000E-06,-17.229671619E-03,-106.367775547E-03,+46.323413450E-03
+98.840000E-06,-17.321007202E-03,-106.995916269E-03,+46.350109428E-03
+98.842000E-06,-17.422765995E-03,-108.899967768E-03,+46.280621363E-03
+98.844000E-06,-17.519754844E-03,-109.155149905E-03,+46.212703650E-03
+98.846000E-06,-17.610913763E-03,-107.918497893E-03,+46.226444229E-03
+98.848000E-06,-17.702602675E-03,-107.604427558E-03,+46.317524631E-03
+98.850000E-06,-17.799414860E-03,-109.371073291E-03,+46.352072368E-03
+98.852000E-06,-17.893223747E-03,-110.450690102E-03,+46.286510182E-03
+98.854000E-06,-17.987739293E-03,-109.469220240E-03,+46.205244479E-03
+98.856000E-06,-18.081194851E-03,-108.350344626E-03,+46.219770234E-03
+98.858000E-06,-18.167053832E-03,-108.762561976E-03,+46.305746992E-03
+98.860000E-06,-18.255562782E-03,-109.390702673E-03,+46.345005785E-03
+98.862000E-06,-18.340891770E-03,-108.644785579E-03,+46.282976890E-03
+98.864000E-06,-18.436820632E-03,-107.290357197E-03,+46.218592469E-03
+98.866000E-06,-18.531866171E-03,-107.251098419E-03,+46.221733173E-03
+98.868000E-06,-18.624085077E-03,-109.606626058E-03,+46.300250761E-03
+98.870000E-06,-18.715950654E-03,-110.627354671E-03,+46.349716841E-03
+98.872000E-06,-18.806579579E-03,-110.313284310E-03,+46.300250760E-03
+98.874000E-06,-18.899505144E-03,-109.017744113E-03,+46.223696112E-03
+98.876000E-06,-18.998967297E-03,-108.566267998E-03,+46.216629530E-03
+98.878000E-06,-19.100549425E-03,-108.939226545E-03,+46.288473123E-03
+98.880000E-06,-19.194888306E-03,-108.860708952E-03,+46.334405911E-03
+98.882000E-06,-19.286930548E-03,-107.741833324E-03,+46.298287820E-03
+98.884000E-06,-19.376322821E-03,-106.622957709E-03,+46.231940459E-03
+98.886000E-06,-19.471545024E-03,-107.722203955E-03,+46.217807294E-03
+98.888000E-06,-19.575070463E-03,-109.547737860E-03,+46.280228776E-03
+98.890000E-06,-19.669762673E-03,-109.096261706E-03,+46.327731916E-03
+98.892000E-06,-19.756858306E-03,-108.036274277E-03,+46.302998876E-03
+98.894000E-06,-19.846780573E-03,-109.272926302E-03,+46.229977519E-03
+98.896000E-06,-19.944652746E-03,-111.667712718E-03,+46.217414706E-03
+98.898000E-06,-20.047294861E-03,-111.432159924E-03,+46.282976892E-03
+98.900000E-06,-20.133153843E-03,-108.055903646E-03,+46.339116967E-03
+98.902000E-06,-20.207882956E-03,-106.210740372E-03,+46.310065458E-03
+98.904000E-06,-20.290031982E-03,-106.976286874E-03,+46.239007042E-03
+98.906000E-06,-20.385784179E-03,-109.724402442E-03,+46.218592470E-03
+98.908000E-06,-20.484539674E-03,-111.059201403E-03,+46.269236314E-03
+98.910000E-06,-20.568632010E-03,-110.784389832E-03,+46.323413449E-03
+98.912000E-06,-20.644421111E-03,-110.038472752E-03,+46.316346866E-03
+98.914000E-06,-20.730456757E-03,-109.940325776E-03,+46.245681037E-03
+98.916000E-06,-20.834158860E-03,-109.665514218E-03,+46.216629530E-03
+98.918000E-06,-20.942630907E-03,-108.801820753E-03,+46.277088073E-03
+98.920000E-06,-21.040326415E-03,-108.134421266E-03,+46.330087444E-03
+98.922000E-06,-21.126538725E-03,-107.506280569E-03,+46.306139579E-03
+98.924000E-06,-21.217520979E-03,-107.152951431E-03,+46.246858801E-03
+98.926000E-06,-21.315569816E-03,-107.663315757E-03,+46.222518349E-03
+98.928000E-06,-21.404608760E-03,-109.390702686E-03,+46.269628902E-03
+98.930000E-06,-21.479867867E-03,-110.450690102E-03,+46.320665334E-03
+98.932000E-06,-21.557070285E-03,-110.293654914E-03,+46.310458047E-03
+98.934000E-06,-21.639749304E-03,-108.742932555E-03,+46.247643976E-03
+98.936000E-06,-21.728081589E-03,-107.977386092E-03,+46.222518349E-03
+98.938000E-06,-21.823303793E-03,-106.799622279E-03,+46.261384555E-03
+98.940000E-06,-21.897149584E-03,-107.741833350E-03,+46.305746992E-03
+98.942000E-06,-21.965342108E-03,-109.685143639E-03,+46.311243223E-03
+98.944000E-06,-22.038127911E-03,-109.665514218E-03,+46.264525258E-03
+98.946000E-06,-22.117803633E-03,-107.565168741E-03,+46.233118223E-03
+98.948000E-06,-22.200835981E-03,-107.957756710E-03,+46.257066088E-03
+98.950000E-06,-22.278038399E-03,-110.254396151E-03,+46.310458047E-03
+98.952000E-06,-22.351884189E-03,-110.568466473E-03,+46.328517092E-03
+98.954000E-06,-22.425376651E-03,-109.469220240E-03,+46.283369479E-03
+98.956000E-06,-22.505052372E-03,-108.350344626E-03,+46.240969982E-03
+98.958000E-06,-22.579428157E-03,-108.899967755E-03,+46.255103148E-03
+98.960000E-06,-22.647974010E-03,-109.410332068E-03,+46.301821113E-03
+98.962000E-06,-22.718286509E-03,-108.232568242E-03,+46.313598750E-03
+98.964000E-06,-22.784005730E-03,-106.544440116E-03,+46.284154655E-03
+98.966000E-06,-22.852728248E-03,-107.015545665E-03,+46.252355032E-03
+98.968000E-06,-22.926927368E-03,-110.274025559E-03,+46.262169731E-03
+98.970000E-06,-22.999359842E-03,-111.275124763E-03,+46.291613826E-03
+98.972000E-06,-23.072675639E-03,-109.155149878E-03,+46.295539705E-03
+98.974000E-06,-23.144931448E-03,-108.428862219E-03,+46.273554781E-03
+98.976000E-06,-23.215773941E-03,-110.293654941E-03,+46.256673499E-03
+98.978000E-06,-23.297569638E-03,-111.118089589E-03,+46.262954907E-03
+98.980000E-06,-23.382191967E-03,-109.272926262E-03,+46.283369479E-03
+98.982000E-06,-23.463281005E-03,-106.662216486E-03,+46.291613826E-03
+98.984000E-06,-23.531473530E-03,-106.328516769E-03,+46.292399002E-03
+98.986000E-06,-23.594189452E-03,-109.351443909E-03,+46.275910308E-03
+98.988000E-06,-23.663795293E-03,-111.844377288E-03,+46.270806665E-03
+98.990000E-06,-23.739407730E-03,-109.802919970E-03,+46.275910308E-03
+98.992000E-06,-23.820673432E-03,-107.408133567E-03,+46.276695484E-03
+98.994000E-06,-23.891515925E-03,-108.625156210E-03,+46.257458675E-03
+98.996000E-06,-23.957058481E-03,-111.864006696E-03,+46.262954907E-03
+98.998000E-06,-24.022071043E-03,-111.059201377E-03,+46.286117595E-03
+99.000000E-06,-24.098213473E-03,-107.172580786E-03,+46.278265836E-03
+99.002000E-06,-24.182129145E-03,-105.955558222E-03,+46.268451138E-03
+99.004000E-06,-24.253324967E-03,-107.506280596E-03,+46.278265836E-03
+99.006000E-06,-24.312684262E-03,-109.253296907E-03,+46.285332419E-03
+99.008000E-06,-24.379286806E-03,-109.469220253E-03,+46.286117595E-03
+99.010000E-06,-24.453309261E-03,-109.057002916E-03,+46.269628901E-03
+99.012000E-06,-24.533161647E-03,-109.410332068E-03,+46.259029027E-03
+99.014000E-06,-24.614957344E-03,-110.018843370E-03,+46.263347495E-03
+99.016000E-06,-24.680853228E-03,-110.234766729E-03,+46.272377017E-03
+99.018000E-06,-24.737032562E-03,-109.429961450E-03,+46.281799128E-03
+99.020000E-06,-24.795861864E-03,-108.350344625E-03,+46.271984429E-03
+99.022000E-06,-24.868824332E-03,-107.938127301E-03,+46.267665962E-03
+99.024000E-06,-24.942493458E-03,-107.486651174E-03,+46.283762067E-03
+99.026000E-06,-25.008566008E-03,-108.252197663E-03,+46.294361941E-03
+99.028000E-06,-25.057502093E-03,-109.469220266E-03,+46.287295358E-03
+99.030000E-06,-25.105378192E-03,-110.175878544E-03,+46.255888323E-03
+99.032000E-06,-25.173217388E-03,-110.254396124E-03,+46.248821741E-03
+99.034000E-06,-25.243883216E-03,-109.842178787E-03,+46.270414078E-03
+99.036000E-06,-25.300945872E-03,-108.409232811E-03,+46.287295359E-03
+99.038000E-06,-25.347408654E-03,-107.113692627E-03,+46.286510183E-03
+99.040000E-06,-25.398818045E-03,-108.330715257E-03,+46.255888323E-03
+99.042000E-06,-25.454820714E-03,-110.038472778E-03,+46.246073625E-03
+99.044000E-06,-25.510116724E-03,-110.116990345E-03,+46.275517721E-03
+99.046000E-06,-25.559052810E-03,-108.311085822E-03,+46.307317344E-03
+99.048000E-06,-25.600922314E-03,-107.643686348E-03,+46.294754529E-03
+99.050000E-06,-25.640671842E-03,-109.371073291E-03,+46.256673499E-03
+99.052000E-06,-25.693847878E-03,-111.549936335E-03,+46.254317972E-03
+99.054000E-06,-25.753913832E-03,-111.137718971E-03,+46.279443600E-03
+99.056000E-06,-25.810976489E-03,-109.390702646E-03,+46.302213700E-03
+99.058000E-06,-25.852669327E-03,-108.880338347E-03,+46.291221238E-03
+99.060000E-06,-25.884822279E-03,-108.978485336E-03,+46.253532796E-03
+99.062000E-06,-25.924571808E-03,-108.585897393E-03,+46.237436691E-03
+99.064000E-06,-25.970504596E-03,-107.839980313E-03,+46.282584304E-03
+99.066000E-06,-26.017144043E-03,-108.016644895E-03,+46.322235685E-03
+99.068000E-06,-26.060073534E-03,-109.842178814E-03,+46.296717469E-03
+99.070000E-06,-26.092579815E-03,-111.059201404E-03,+46.242932921E-03
+99.072000E-06,-26.121199475E-03,-110.234766716E-03,+46.235866339E-03
+99.074000E-06,-26.153175762E-03,-108.998114717E-03,+46.274339957E-03
+99.076000E-06,-26.189392000E-03,-109.390702673E-03,+46.312813575E-03
+99.078000E-06,-26.228611534E-03,-110.018843370E-03,+46.301035936E-03
+99.080000E-06,-26.266947746E-03,-109.410332055E-03,+46.249214328E-03
+99.082000E-06,-26.292740773E-03,-107.800721509E-03,+46.236651515E-03
+99.084000E-06,-26.313057199E-03,-107.172580826E-03,+46.277088073E-03
+99.086000E-06,-26.345210151E-03,-108.762561989E-03,+46.304961816E-03
+99.088000E-06,-26.385313009E-03,-111.196607196E-03,+46.297110057E-03
+99.090000E-06,-26.412696017E-03,-110.411431285E-03,+46.257066087E-03
+99.092000E-06,-26.443082323E-03,-107.231468984E-03,+46.243325510E-03
+99.094000E-06,-26.472938636E-03,-107.486651187E-03,+46.264132671E-03
+99.096000E-06,-26.513748152E-03,-110.470319524E-03,+46.302998876E-03
+99.098000E-06,-26.553674345E-03,-110.745131042E-03,+46.313598750E-03
+99.100000E-06,-26.587063949E-03,-107.839980286E-03,+46.264917846E-03
+99.102000E-06,-26.612150318E-03,-106.053705198E-03,+46.235866339E-03
+99.104000E-06,-26.636176699E-03,-107.231469038E-03,+46.260206791E-03
+99.106000E-06,-26.671332949E-03,-109.488849675E-03,+46.308102520E-03
+99.108000E-06,-26.714262440E-03,-110.607725276E-03,+46.311635810E-03
+99.110000E-06,-26.750655342E-03,-109.901066972E-03,+46.270021489E-03
+99.112000E-06,-26.779804996E-03,-109.096261706E-03,+46.244895861E-03
+99.114000E-06,-26.814254587E-03,-109.959955184E-03,+46.247643977E-03
+99.116000E-06,-26.842167589E-03,-109.822549392E-03,+46.275910309E-03
+99.118000E-06,-26.866547300E-03,-109.371073264E-03,+46.318309806E-03
+99.120000E-06,-26.891810334E-03,-108.762561963E-03,+46.293576765E-03
+99.122000E-06,-26.918486684E-03,-107.722203929E-03,+46.242540333E-03
+99.124000E-06,-26.951522959E-03,-107.309986605E-03,+46.246858801E-03
+99.126000E-06,-26.981732600E-03,-107.957756710E-03,+46.281406540E-03
+99.128000E-06,-27.002755684E-03,-109.842178814E-03,+46.310850635E-03
+99.130000E-06,-27.012648900E-03,-111.059201404E-03,+46.292399001E-03
+99.132000E-06,-27.028548711E-03,-109.135520483E-03,+46.242540333E-03
+99.134000E-06,-27.050455118E-03,-108.016644882E-03,+46.227621992E-03
+99.136000E-06,-27.070594879E-03,-108.448491628E-03,+46.278658425E-03
+99.138000E-06,-27.090381311E-03,-107.977386092E-03,+46.330087444E-03
+99.140000E-06,-27.106457787E-03,-107.486651174E-03,+46.308887695E-03
+99.142000E-06,-27.120767618E-03,-108.801820780E-03,+46.249999504E-03
+99.144000E-06,-27.129954175E-03,-109.547737847E-03,+46.228407168E-03
+99.146000E-06,-27.140907379E-03,-109.214038090E-03,+46.273162193E-03
+99.148000E-06,-27.153450563E-03,-109.567367242E-03,+46.329302268E-03
+99.150000E-06,-27.167407064E-03,-110.175878544E-03,+46.319880157E-03
+99.152000E-06,-27.175356970E-03,-110.391801903E-03,+46.254317971E-03
+99.154000E-06,-27.189843465E-03,-110.274025519E-03,+46.209562947E-03
+99.156000E-06,-27.199206687E-03,-109.567367229E-03,+46.253925385E-03
+99.158000E-06,-27.208923238E-03,-109.331814474E-03,+46.335191088E-03
+99.160000E-06,-27.212633194E-03,-109.174779300E-03,+46.334798499E-03
+99.162000E-06,-27.214223175E-03,-108.055903672E-03,+46.248036564E-03
+99.164000E-06,-27.214399840E-03,-106.937028058E-03,+46.205637068E-03
+99.166000E-06,-27.219346448E-03,-107.761462746E-03,+46.253532797E-03
+99.168000E-06,-27.228709670E-03,-109.685143640E-03,+46.343435434E-03
+99.170000E-06,-27.239839538E-03,-110.627354671E-03,+46.346968725E-03
+99.172000E-06,-27.251146071E-03,-109.626255414E-03,+46.263347493E-03
+99.174000E-06,-27.253796039E-03,-108.644785579E-03,+46.191111314E-03
+99.176000E-06,-27.258919312E-03,-108.527009208E-03,+46.240184807E-03
+99.178000E-06,-27.267045882E-03,-109.076632324E-03,+46.330872620E-03
+99.180000E-06,-27.276762434E-03,-108.742932568E-03,+46.345398373E-03
+99.182000E-06,-27.284182346E-03,-107.447392370E-03,+46.266095609E-03
+99.184000E-06,-27.285065668E-03,-106.721104698E-03,+46.199748248E-03
+99.186000E-06,-27.282592364E-03,-108.566268025E-03,+46.235866340E-03
+99.188000E-06,-27.288422295E-03,-111.176977801E-03,+46.324591213E-03
+99.190000E-06,-27.295488878E-03,-109.999213948E-03,+46.358353775E-03
+99.192000E-06,-27.296372201E-03,-107.035175019E-03,+46.292791589E-03
+99.194000E-06,-27.296372201E-03,-108.016644909E-03,+46.214274002E-03
+99.196000E-06,-27.298845505E-03,-111.235866000E-03,+46.226444229E-03
+99.198000E-06,-27.305382094E-03,-111.392901134E-03,+46.309280284E-03
+99.200000E-06,-27.306265417E-03,-108.055903645E-03,+46.345398373E-03
+99.202000E-06,-27.296372201E-03,-105.935928814E-03,+46.291221237E-03
+99.204000E-06,-27.287538972E-03,-107.074433864E-03,+46.225266464E-03
+99.206000E-06,-27.279059073E-03,-108.782191385E-03,+46.230762696E-03
+99.208000E-06,-27.277999086E-03,-108.723303172E-03,+46.306924756E-03
+99.210000E-06,-27.273052477E-03,-108.684044382E-03,+46.350502017E-03
+99.212000E-06,-27.259979299E-03,-109.920696394E-03,+46.311243222E-03
+99.214000E-06,-27.243372829E-03,-110.646984066E-03,+46.239007042E-03
+99.216000E-06,-27.237542899E-03,-109.626255414E-03,+46.226836816E-03
+99.218000E-06,-27.232066297E-03,-108.507379799E-03,+46.284154656E-03
+99.220000E-06,-27.214046511E-03,-107.820350917E-03,+46.325376389E-03
+99.222000E-06,-27.184366863E-03,-107.329616000E-03,+46.302606288E-03
+99.224000E-06,-27.171823678E-03,-106.858510477E-03,+46.257458675E-03
+99.226000E-06,-27.174296982E-03,-107.761462746E-03,+46.248821741E-03
+99.228000E-06,-27.167407064E-03,-109.272926302E-03,+46.281406540E-03
+99.230000E-06,-27.141614036E-03,-110.568466486E-03,+46.310850635E-03
+99.232000E-06,-27.115821009E-03,-110.175878530E-03,+46.295147117E-03
+99.234000E-06,-27.095327919E-03,-109.272926275E-03,+46.259421615E-03
+99.236000E-06,-27.084198051E-03,-107.506280555E-03,+46.249214329E-03
+99.238000E-06,-27.075541487E-03,-106.171481582E-03,+46.289650887E-03
+99.240000E-06,-27.044801851E-03,-107.800721549E-03,+46.309280283E-03
+99.242000E-06,-27.002225690E-03,-109.704773035E-03,+46.300250760E-03
+99.244000E-06,-26.970779396E-03,-109.390702659E-03,+46.268451137E-03
+99.246000E-06,-26.953466268E-03,-107.663315730E-03,+46.253140208E-03
+99.248000E-06,-26.934209830E-03,-108.389603442E-03,+46.265310434E-03
+99.250000E-06,-26.902056878E-03,-110.588095895E-03,+46.305746992E-03
+99.252000E-06,-26.864427324E-03,-111.019942600E-03,+46.305746991E-03
+99.254000E-06,-26.831214385E-03,-109.802919983E-03,+46.260991966E-03
+99.256000E-06,-26.807364668E-03,-109.214038090E-03,+46.240969982E-03
+99.258000E-06,-26.778568343E-03,-109.017744126E-03,+46.266488198E-03
+99.260000E-06,-26.741468783E-03,-109.272926289E-03,+46.295147118E-03
+99.262000E-06,-26.702072584E-03,-108.762561963E-03,+46.295932293E-03
+99.264000E-06,-26.662499720E-03,-107.584798149E-03,+46.279051012E-03
+99.266000E-06,-26.626636812E-03,-108.114791884E-03,+46.262954906E-03
+99.268000E-06,-26.598723810E-03,-109.724402430E-03,+46.269236314E-03
+99.270000E-06,-26.558267623E-03,-110.215137334E-03,+46.295147118E-03
+99.272000E-06,-26.513394822E-03,-109.155149891E-03,+46.293184177E-03
+99.274000E-06,-26.468168692E-03,-108.585897393E-03,+46.267665961E-03
+99.276000E-06,-26.431599126E-03,-108.939226545E-03,+46.244895861E-03
+99.278000E-06,-26.396266211E-03,-109.410332068E-03,+46.261384555E-03
+99.280000E-06,-26.360933297E-03,-108.919597137E-03,+46.294361942E-03
+99.282000E-06,-26.315707167E-03,-107.741833323E-03,+46.301428524E-03
+99.284000E-06,-26.264121112E-03,-107.722203942E-03,+46.282584303E-03
+99.286000E-06,-26.216775007E-03,-109.390702687E-03,+46.246858801E-03
+99.288000E-06,-26.181265429E-03,-112.236965231E-03,+46.258636439E-03
+99.290000E-06,-26.147345831E-03,-110.823648609E-03,+46.291221238E-03
+99.292000E-06,-26.107242973E-03,-106.995916215E-03,+46.298287821E-03
+99.294000E-06,-26.065020141E-03,-107.584798176E-03,+46.276695484E-03
+99.296000E-06,-26.025093948E-03,-112.551035606E-03,+46.254317972E-03
+99.298000E-06,-25.983047780E-03,-113.238064434E-03,+46.270806665E-03
+99.300000E-06,-25.946831543E-03,-108.291456385E-03,+46.284547243E-03
+99.302000E-06,-25.912735281E-03,-105.111494139E-03,+46.291613826E-03
+99.304000E-06,-25.871395771E-03,-107.231469052E-03,+46.281406539E-03
+99.306000E-06,-25.825286318E-03,-110.470319525E-03,+46.263347494E-03
+99.308000E-06,-25.792250043E-03,-111.157348379E-03,+46.280228776E-03
+99.310000E-06,-25.757447123E-03,-109.547737820E-03,+46.299465585E-03
+99.312000E-06,-25.718404253E-03,-108.762561963E-03,+46.293576765E-03
+99.314000E-06,-25.678831389E-03,-109.783290615E-03,+46.270414077E-03
+99.316000E-06,-25.629365309E-03,-110.902166230E-03,+46.261777143E-03
+99.318000E-06,-25.584669172E-03,-109.802919983E-03,+46.285725007E-03
+99.320000E-06,-25.535909751E-03,-108.252197636E-03,+46.292006414E-03
+99.322000E-06,-25.485207019E-03,-107.918497906E-03,+46.275910308E-03
+99.324000E-06,-25.438037578E-03,-107.898868511E-03,+46.279051012E-03
+99.326000E-06,-25.395108088E-03,-109.135520523E-03,+46.282584303E-03
+99.328000E-06,-25.342815375E-03,-109.999213975E-03,+46.293969354E-03
+99.330000E-06,-25.289109345E-03,-110.509578287E-03,+46.292791590E-03
+99.332000E-06,-25.240349923E-03,-110.431060693E-03,+46.267665961E-03
+99.334000E-06,-25.197243768E-03,-109.724402403E-03,+46.250392092E-03
+99.336000E-06,-25.153607619E-03,-108.527009194E-03,+46.267665962E-03
+99.338000E-06,-25.101138241E-03,-107.408133580E-03,+46.292399002E-03
+99.340000E-06,-25.040012300E-03,-108.782191385E-03,+46.292791590E-03
+99.342000E-06,-24.985246283E-03,-111.059201418E-03,+46.267665961E-03
+99.344000E-06,-24.927830297E-03,-110.666613448E-03,+46.258636439E-03
+99.346000E-06,-24.871120970E-03,-108.919597123E-03,+46.277088072E-03
+99.348000E-06,-24.820771567E-03,-109.233667499E-03,+46.296324881E-03
+99.350000E-06,-24.767595531E-03,-110.961054429E-03,+46.293184177E-03
+99.352000E-06,-24.716362806E-03,-111.471418728E-03,+46.275910308E-03
+99.354000E-06,-24.667956713E-03,-110.411431285E-03,+46.259814203E-03
+99.356000E-06,-24.612484038E-03,-109.017744112E-03,+46.263347495E-03
+99.358000E-06,-24.555951375E-03,-108.978485336E-03,+46.288865711E-03
+99.360000E-06,-24.491998801E-03,-109.547737847E-03,+46.295147117E-03
+99.362000E-06,-24.433169499E-03,-108.527009194E-03,+46.273554781E-03
+99.364000E-06,-24.371513563E-03,-107.133322022E-03,+46.262169731E-03
+99.366000E-06,-24.311800938E-03,-106.819251687E-03,+46.277480660E-03
+99.368000E-06,-24.253678294E-03,-108.585897421E-03,+46.296324881E-03
+99.370000E-06,-24.192022359E-03,-110.215137348E-03,+46.301428524E-03
+99.372000E-06,-24.129836430E-03,-110.961054415E-03,+46.282584303E-03
+99.374000E-06,-24.068887153E-03,-110.352543100E-03,+46.255103148E-03
+99.376000E-06,-24.011824497E-03,-109.567367229E-03,+46.251569856E-03
+99.378000E-06,-23.949108574E-03,-109.606626032E-03,+46.279051012E-03
+99.380000E-06,-23.878089416E-03,-108.664414973E-03,+46.291221238E-03
+99.382000E-06,-23.808483575E-03,-107.839980312E-03,+46.292399002E-03
+99.384000E-06,-23.752834236E-03,-106.917398662E-03,+46.286902771E-03
+99.386000E-06,-23.699128206E-03,-108.998114758E-03,+46.264132670E-03
+99.388000E-06,-23.640475569E-03,-111.510677545E-03,+46.274732545E-03
+99.390000E-06,-23.571223057E-03,-110.038472737E-03,+46.287687947E-03
+99.392000E-06,-23.493137316E-03,-107.722203914E-03,+46.294754529E-03
+99.394000E-06,-23.431304717E-03,-108.801820780E-03,+46.273554781E-03
+99.396000E-06,-23.375655377E-03,-111.746230314E-03,+46.262169731E-03
+99.398000E-06,-23.316826075E-03,-111.039571981E-03,+46.269236314E-03
+99.400000E-06,-23.237680346E-03,-107.447392342E-03,+46.284154655E-03
+99.402000E-06,-23.151998030E-03,-106.132222791E-03,+46.286117595E-03
+99.404000E-06,-23.079388891E-03,-107.938127329E-03,+46.277873248E-03
+99.406000E-06,-23.016142975E-03,-109.861808209E-03,+46.271199253E-03
+99.408000E-06,-22.953957046E-03,-109.822549392E-03,+46.284154655E-03
+99.410000E-06,-22.874457989E-03,-109.233667485E-03,+46.297110057E-03
+99.412000E-06,-22.786302368E-03,-109.704773021E-03,+46.298680409E-03
+99.414000E-06,-22.709629944E-03,-109.920696381E-03,+46.262954906E-03
+99.416000E-06,-22.649563990E-03,-109.802919997E-03,+46.246858801E-03
+99.418000E-06,-22.580488143E-03,-108.958855927E-03,+46.281013952E-03
+99.420000E-06,-22.490035882E-03,-108.566267998E-03,+46.297110057E-03
+99.422000E-06,-22.397993641E-03,-107.977386091E-03,+46.279443600E-03
+99.424000E-06,-22.309838020E-03,-107.624056953E-03,+46.260206791E-03
+99.426000E-06,-22.235815565E-03,-107.997015500E-03,+46.266095610E-03
+99.428000E-06,-22.158789812E-03,-109.429961477E-03,+46.297502645E-03
+99.430000E-06,-22.064980924E-03,-110.450690102E-03,+46.307317343E-03
+99.432000E-06,-21.963928790E-03,-110.568466473E-03,+46.266880785E-03
+99.434000E-06,-21.879483125E-03,-109.469220239E-03,+46.230762695E-03
+99.436000E-06,-21.799984068E-03,-107.800721508E-03,+46.251177269E-03
+99.438000E-06,-21.720838340E-03,-106.897769267E-03,+46.306924756E-03
+99.440000E-06,-21.628089440E-03,-107.898868525E-03,+46.314383926E-03
+99.442000E-06,-21.527213970E-03,-109.979584594E-03,+46.267665961E-03
+99.444000E-06,-21.427928481E-03,-109.704773008E-03,+46.225266464E-03
+99.446000E-06,-21.338889538E-03,-108.389603415E-03,+46.247643977E-03
+99.448000E-06,-21.246317302E-03,-108.625156197E-03,+46.317524630E-03
+99.450000E-06,-21.144381845E-03,-109.645884836E-03,+46.348931665E-03
+99.452000E-06,-21.046156343E-03,-109.371073264E-03,+46.286117594E-03
+99.454000E-06,-20.953584108E-03,-108.212938846E-03,+46.213488826E-03
+99.456000E-06,-20.866665139E-03,-109.017744140E-03,+46.226444229E-03
+99.458000E-06,-20.775506221E-03,-110.116990359E-03,+46.320272746E-03
+99.460000E-06,-20.668800820E-03,-109.155149891E-03,+46.338724378E-03
+99.462000E-06,-20.561212096E-03,-107.211839602E-03,+46.268058549E-03
+99.464000E-06,-20.462456601E-03,-106.819251687E-03,+46.208385183E-03
+99.466000E-06,-20.368647714E-03,-108.585897421E-03,+46.237044103E-03
+99.468000E-06,-20.275368820E-03,-109.940325790E-03,+46.324591213E-03
+99.470000E-06,-20.164776799E-03,-109.822549392E-03,+46.358353775E-03
+99.472000E-06,-20.055421429E-03,-109.096261706E-03,+46.284547242E-03
+99.474000E-06,-19.952779314E-03,-109.272926289E-03,+46.191111313E-03
+99.476000E-06,-19.851020521E-03,-109.449590858E-03,+46.206814832E-03
+99.478000E-06,-19.750498380E-03,-109.057002916E-03,+46.312420988E-03
+99.480000E-06,-19.646442948E-03,-108.448491614E-03,+46.354427896E-03
+99.482000E-06,-19.525781045E-03,-107.545539359E-03,+46.289650885E-03
+99.484000E-06,-19.415189024E-03,-106.603328314E-03,+46.213881414E-03
+99.486000E-06,-19.317493516E-03,-108.409232852E-03,+46.223696113E-03
+99.488000E-06,-19.215204730E-03,-111.019942628E-03,+46.319880158E-03
+99.490000E-06,-19.095956144E-03,-110.254396110E-03,+46.363457418E-03
+99.492000E-06,-18.973174267E-03,-107.761462704E-03,+46.285332418E-03
+99.494000E-06,-18.872475462E-03,-108.252197664E-03,+46.196607544E-03
+99.496000E-06,-18.779903227E-03,-110.980683838E-03,+46.215844355E-03
+99.498000E-06,-18.675671130E-03,-110.941425006E-03,+46.310850636E-03
+99.500000E-06,-18.553595911E-03,-108.134421238E-03,+46.345790961E-03
+99.502000E-06,-18.430460705E-03,-105.955558208E-03,+46.280228775E-03
+99.504000E-06,-18.318632032E-03,-106.387404968E-03,+46.215451766E-03
+99.506000E-06,-18.208393340E-03,-108.821450189E-03,+46.235081163E-03
+99.508000E-06,-18.103101255E-03,-110.116990359E-03,+46.313206163E-03
+99.510000E-06,-17.984912657E-03,-109.704773008E-03,+46.340294730E-03
+99.512000E-06,-17.861070793E-03,-108.801820752E-03,+46.298680408E-03
+99.514000E-06,-17.745355499E-03,-109.371073278E-03,+46.223696112E-03
+99.516000E-06,-17.639533421E-03,-109.606626032E-03,+46.216629530E-03
+99.518000E-06,-17.536184647E-03,-109.076632311E-03,+46.291221239E-03
+99.520000E-06,-17.414462758E-03,-108.448491614E-03,+46.337546615E-03
+99.522000E-06,-17.282670988E-03,-107.957756696E-03,+46.295932293E-03
+99.524000E-06,-17.158475794E-03,-107.624056953E-03,+46.239792218E-03
+99.526000E-06,-17.037990557E-03,-108.134421280E-03,+46.235473751E-03
+99.528000E-06,-16.920331953E-03,-109.312185093E-03,+46.277088073E-03
+99.530000E-06,-16.795606765E-03,-110.431060707E-03,+46.324198625E-03
+99.532000E-06,-16.664874983E-03,-111.118089589E-03,+46.310850634E-03
+99.534000E-06,-16.539619802E-03,-110.509578274E-03,+46.255888323E-03
+99.536000E-06,-16.415247944E-03,-108.212938832E-03,+46.229192344E-03
+99.538000E-06,-16.294586042E-03,-106.112593382E-03,+46.264917847E-03
+99.540000E-06,-16.169507526E-03,-107.094063259E-03,+46.308887695E-03
+99.542000E-06,-16.038775743E-03,-109.469220281E-03,+46.311635810E-03
+99.544000E-06,-15.904863999E-03,-109.371073264E-03,+46.283762067E-03
+99.546000E-06,-15.769362273E-03,-107.938127287E-03,+46.244110685E-03
+99.548000E-06,-15.643577098E-03,-108.566268012E-03,+46.249999505E-03
+99.550000E-06,-15.516731936E-03,-110.745131070E-03,+46.281799128E-03
+99.552000E-06,-15.385823489E-03,-111.726600891E-03,+46.305354404E-03
+99.554000E-06,-15.250675092E-03,-110.450690074E-03,+46.288865710E-03
+99.556000E-06,-15.108813442E-03,-108.880338333E-03,+46.247643977E-03
+99.558000E-06,-14.974725032E-03,-108.684044382E-03,+46.242147746E-03
+99.560000E-06,-14.844346579E-03,-109.096261720E-03,+46.280621364E-03
+99.562000E-06,-14.711848151E-03,-107.918497892E-03,+46.310850635E-03
+99.564000E-06,-14.574049785E-03,-106.642587104E-03,+46.308887695E-03
+99.566000E-06,-14.435544762E-03,-107.309986619E-03,+46.266880785E-03
+99.568000E-06,-14.305696302E-03,-109.351443897E-03,+46.241755158E-03
+99.570000E-06,-14.177084495E-03,-111.000313219E-03,+46.271984429E-03
+99.572000E-06,-14.052182643E-03,-109.685143598E-03,+46.317917218E-03
+99.574000E-06,-13.922864177E-03,-108.369974020E-03,+46.312813574E-03
+99.576000E-06,-13.784182489E-03,-108.212938860E-03,+46.261777142E-03
+99.578000E-06,-13.654157364E-03,-108.899967756E-03,+46.232725635E-03
+99.580000E-06,-13.525545557E-03,-108.723303172E-03,+46.254317972E-03
+99.582000E-06,-13.385803881E-03,-107.447392370E-03,+46.310065459E-03
+99.584000E-06,-13.244472224E-03,-106.583698919E-03,+46.325768976E-03
+99.586000E-06,-13.099430611E-03,-107.997015514E-03,+46.274732544E-03
+99.588000E-06,-12.961278917E-03,-110.823648664E-03,+46.228799756E-03
+99.590000E-06,-12.827897166E-03,-109.685143598E-03,+46.250784681E-03
+99.592000E-06,-12.678968932E-03,-107.133322007E-03,+46.306924756E-03
+99.594000E-06,-12.527744060E-03,-107.898868525E-03,+46.317132042E-03
+99.596000E-06,-12.381465795E-03,-110.941425048E-03,+46.276302896E-03
+99.598000E-06,-12.243314101E-03,-110.941425006E-03,+46.237436690E-03
+99.600000E-06,-12.101275785E-03,-107.859609679E-03,+46.249214329E-03
+99.602000E-06,-11.951110900E-03,-105.916299418E-03,+46.298287821E-03
+99.604000E-06,-11.793702767E-03,-107.074433864E-03,+46.315954278E-03
+99.606000E-06,-11.646541180E-03,-110.018843398E-03,+46.279051011E-03
+99.608000E-06,-11.513336093E-03,-111.235865973E-03,+46.240577394E-03
+99.610000E-06,-11.375714392E-03,-109.979584552E-03,+46.249606917E-03
+99.612000E-06,-11.227316153E-03,-107.997015472E-03,+46.292791590E-03
+99.614000E-06,-11.072557989E-03,-108.291456454E-03,+46.306924755E-03
+99.616000E-06,-10.924513078E-03,-110.431060722E-03,+46.272377017E-03
+99.618000E-06,-10.783711415E-03,-110.450690088E-03,+46.250784680E-03
+99.620000E-06,-10.636373163E-03,-108.625156169E-03,+46.253925384E-03
+99.622000E-06,-10.489211575E-03,-106.995916242E-03,+46.279443600E-03
+99.624000E-06,-10.333570088E-03,-107.624056967E-03,+46.299465585E-03
+99.626000E-06,-10.179165253E-03,-109.665514246E-03,+46.288080534E-03
+99.628000E-06,-10.026350399E-03,-110.902166230E-03,+46.269628901E-03
+99.630000E-06,-9.884842078E-03,-110.627354658E-03,+46.259029027E-03
+99.632000E-06,-9.744923738E-03,-110.156249135E-03,+46.282584304E-03
+99.634000E-06,-9.600058790E-03,-109.822549392E-03,+46.297110057E-03
+99.636000E-06,-9.453250531E-03,-108.958855927E-03,+46.276695484E-03
+99.638000E-06,-9.306265608E-03,-107.467021765E-03,+46.257066087E-03
+99.640000E-06,-9.161753989E-03,-107.820350931E-03,+46.246466213E-03
+99.642000E-06,-9.021305655E-03,-110.234766757E-03,+46.272769605E-03
+99.644000E-06,-8.878914011E-03,-110.293654914E-03,+46.298680409E-03
+99.646000E-06,-8.733695734E-03,-108.605526774E-03,+46.285332419E-03
+99.648000E-06,-8.583177519E-03,-108.507379813E-03,+46.269236313E-03
+99.650000E-06,-8.428242690E-03,-110.175878558E-03,+46.261777143E-03
+99.652000E-06,-8.286381040E-03,-111.098460194E-03,+46.282976892E-03
+99.654000E-06,-8.160065872E-03,-109.959955157E-03,+46.302606288E-03
+99.656000E-06,-8.023327494E-03,-109.233667485E-03,+46.291221238E-03
+99.658000E-06,-7.862562734E-03,-108.468121009E-03,+46.267273374E-03
+99.660000E-06,-7.693671404E-03,-108.644785592E-03,+46.250392092E-03
+99.662000E-06,-7.536439936E-03,-107.997015486E-03,+46.267665962E-03
+99.664000E-06,-7.394578286E-03,-106.937028057E-03,+46.295147118E-03
+99.666000E-06,-7.255896597E-03,-107.349245409E-03,+46.304176640E-03
+99.668000E-06,-7.100078446E-03,-109.626255456E-03,+46.277480660E-03
+99.670000E-06,-6.934367078E-03,-111.314383568E-03,+46.257066087E-03
+99.672000E-06,-6.772542331E-03,-110.411431284E-03,+46.279443600E-03
+99.674000E-06,-6.620080806E-03,-108.742932553E-03,+46.304961816E-03
+99.676000E-06,-6.475039194E-03,-108.389603429E-03,+46.294361941E-03
+99.678000E-06,-6.316041080E-03,-108.919597151E-03,+46.259421615E-03
+99.680000E-06,-6.146266427E-03,-108.998114731E-03,+46.238221866E-03
+99.682000E-06,-5.975255122E-03,-107.761462718E-03,+46.268843726E-03
+99.684000E-06,-5.819083642E-03,-107.584798163E-03,+46.309280283E-03
+99.686000E-06,-5.673688700E-03,-108.821450176E-03,+46.308887695E-03
+99.688000E-06,-5.522110498E-03,-110.372172523E-03,+46.266880785E-03
+99.690000E-06,-5.349685876E-03,-109.469220239E-03,+46.260991967E-03
+99.692000E-06,-5.176907926E-03,-107.800721508E-03,+46.285725007E-03
+99.694000E-06,-5.015613173E-03,-109.096261734E-03,+46.297502645E-03
+99.696000E-06,-4.870748225E-03,-111.785489105E-03,+46.282191715E-03
+99.698000E-06,-4.719346687E-03,-111.451789319E-03,+46.257851263E-03
+99.700000E-06,-4.549395370E-03,-108.055903643E-03,+46.243718098E-03
+99.702000E-06,-4.373260792E-03,-106.073334592E-03,+46.269628902E-03
+99.704000E-06,-4.202779482E-03,-106.819251701E-03,+46.306532168E-03
+99.706000E-06,-4.046784666E-03,-109.429961492E-03,+46.297502645E-03
+99.708000E-06,-3.902626376E-03,-110.745131056E-03,+46.265310434E-03
+99.710000E-06,-3.745041578E-03,-109.920696367E-03,+46.258243851E-03
+99.712000E-06,-3.577916894E-03,-109.371073264E-03,+46.282584304E-03
+99.714000E-06,-3.408495570E-03,-109.861808196E-03,+46.299858173E-03
+99.716000E-06,-3.245080842E-03,-109.802919997E-03,+46.277088072E-03
+99.718000E-06,-3.091206001E-03,-108.958855926E-03,+46.251569856E-03
+99.720000E-06,-2.934857856E-03,-107.741833323E-03,+46.251177268E-03
+99.722000E-06,-2.773033109E-03,-107.309986604E-03,+46.273554781E-03
+99.724000E-06,-2.598135183E-03,-107.408133594E-03,+46.298680409E-03
+99.726000E-06,-2.422707264E-03,-107.427762989E-03,+46.285332419E-03
+99.728000E-06,-2.261059182E-03,-108.801820781E-03,+46.266488198E-03
+99.730000E-06,-2.108774322E-03,-109.959955185E-03,+46.266880786E-03
+99.732000E-06,-1.947656233E-03,-110.372172508E-03,+46.289258298E-03
+99.734000E-06,-1.773994960E-03,-109.449590844E-03,+46.281406539E-03
+99.736000E-06,-1.595033749E-03,-108.350344625E-03,+46.263347494E-03
+99.738000E-06,-1.425435761E-03,-107.388504184E-03,+46.258243851E-03
+99.740000E-06,-1.264671002E-03,-108.369974048E-03,+46.268843726E-03
+99.742000E-06,-1.107439534E-03,-109.901067000E-03,+46.289650886E-03
+99.744000E-06,-939.431526E-06,-109.959955171E-03,+46.286902771E-03
+99.746000E-06,-759.940322E-06,-108.428862205E-03,+46.266880786E-03
+99.748000E-06,-590.165670E-06,-108.487750418E-03,+46.258636439E-03
+99.750000E-06,-435.584170E-06,-110.450690117E-03,+46.274339957E-03
+99.752000E-06,-287.892589E-06,-111.412530543E-03,+46.295932293E-03
+99.754000E-06,-123.594538E-06,-109.999213947E-03,+46.279443600E-03
+99.756000E-06,+51.833381E-06,-109.233667485E-03,+46.251962444E-03
+99.758000E-06,+222.314692E-06,-109.567367242E-03,+46.251177268E-03
+99.760000E-06,+385.729420E-06,-109.626255427E-03,+46.273554781E-03
+99.762000E-06,+540.840914E-06,-108.389603415E-03,+46.284939831E-03
+99.764000E-06,+697.365723E-06,-106.838881068E-03,+46.286117595E-03
+99.766000E-06,+861.663775E-06,-107.467021793E-03,+46.269628901E-03
+99.768000E-06,+1.022075205E-03,-110.195507968E-03,+46.261777143E-03
+99.770000E-06,+1.173123413E-03,-110.568466473E-03,+46.282976892E-03
+99.772000E-06,+1.321698317E-03,-108.095162447E-03,+46.297110057E-03
+99.774000E-06,+1.478753121E-03,-107.604427558E-03,+46.276695484E-03
+99.776000E-06,+1.644464489E-03,-109.645884851E-03,+46.251569856E-03
+99.778000E-06,+1.793922715E-03,-111.039572009E-03,+46.256673500E-03
+99.780000E-06,+1.933487726E-03,-109.135520481E-03,+46.285332419E-03
+99.782000E-06,+2.080649314E-03,-106.642587089E-03,+46.313991338E-03
+99.784000E-06,+2.248833986E-03,-106.740734107E-03,+46.303784052E-03
+99.786000E-06,+2.405005466E-03,-109.685143655E-03,+46.268843725E-03
+99.788000E-06,+2.541743844E-03,-111.334012963E-03,+46.255888324E-03
+99.790000E-06,+2.676008918E-03,-108.762561934E-03,+46.271199253E-03
+99.792000E-06,+2.833770380E-03,-106.446293125E-03,+46.298287821E-03
+99.794000E-06,+2.994888469E-03,-108.095162504E-03,+46.282584303E-03
+99.796000E-06,+3.151059950E-03,-111.392901177E-03,+46.255103147E-03
+99.798000E-06,+3.286738340E-03,-110.862907412E-03,+46.259814203E-03
+99.800000E-06,+3.427010009E-03,-107.015545608E-03,+46.271984429E-03
+99.802000E-06,+3.588128098E-03,-104.836682593E-03,+46.292791590E-03
+99.804000E-06,+3.766912644E-03,-106.524810762E-03,+46.298287821E-03
+99.806000E-06,+3.935450645E-03,-108.723303201E-03,+46.276695484E-03
+99.808000E-06,+4.079962264E-03,-109.410332068E-03,+46.265310434E-03
+99.810000E-06,+4.210164052E-03,-108.919597136E-03,+46.277873248E-03
+99.812000E-06,+4.357325640E-03,-108.566267998E-03,+46.296324881E-03
+99.814000E-06,+4.526923629E-03,-109.488849663E-03,+46.290436062E-03
+99.816000E-06,+4.694401642E-03,-109.901066986E-03,+46.264525258E-03
+99.818000E-06,+4.835203305E-03,-109.253296880E-03,+46.252747620E-03
+99.820000E-06,+4.968585056E-03,-108.193309450E-03,+46.273554781E-03
+99.822000E-06,+5.122459897E-03,-107.094063231E-03,+46.293184178E-03
+99.824000E-06,+5.290467904E-03,-106.819251687E-03,+46.298287821E-03
+99.826000E-06,+5.457592588E-03,-108.036274305E-03,+46.262954906E-03
+99.828000E-06,+5.614470727E-03,-110.274025548E-03,+46.255103148E-03
+99.830000E-06,+5.761278986E-03,-110.568466473E-03,+46.279443600E-03
+99.832000E-06,+5.906850592E-03,-109.881437577E-03,+46.302213700E-03
+99.834000E-06,+6.061078763E-03,-109.371073264E-03,+46.288473122E-03
+99.836000E-06,+6.226436801E-03,-107.938127287E-03,+46.250392092E-03
+99.838000E-06,+6.385788244E-03,-106.230369766E-03,+46.245288449E-03
+99.840000E-06,+6.537896440E-03,-107.525909992E-03,+46.275517721E-03
+99.842000E-06,+6.682938052E-03,-109.528108467E-03,+46.307317344E-03
+99.844000E-06,+6.838226210E-03,-110.058102160E-03,+46.289258298E-03
+99.846000E-06,+6.995104349E-03,-108.036274262E-03,+46.244895861E-03
+99.848000E-06,+7.156929097E-03,-107.192210220E-03,+46.239007042E-03
+99.850000E-06,+7.318223850E-03,-109.312185108E-03,+46.288473123E-03
+99.852000E-06,+7.455845550E-03,-111.137718999E-03,+46.325768977E-03
+99.854000E-06,+7.591347276E-03,-110.666613447E-03,+46.291613825E-03
+99.856000E-06,+7.733208927E-03,-108.507379784E-03,+46.228407167E-03
+99.858000E-06,+7.895740332E-03,-108.350344639E-03,+46.228407168E-03
+99.860000E-06,+8.067281631E-03,-109.194408709E-03,+46.287295359E-03
+99.862000E-06,+8.218683168E-03,-108.350344624E-03,+46.323020861E-03
+99.864000E-06,+8.353478235E-03,-106.976286847E-03,+46.285725006E-03
+99.866000E-06,+8.488803297E-03,-107.486651188E-03,+46.227621992E-03
+99.868000E-06,+8.640558163E-03,-108.958855955E-03,+46.233903399E-03
+99.870000E-06,+8.800792929E-03,-110.254396139E-03,+46.301821113E-03
+99.872000E-06,+8.945834542E-03,-109.861808182E-03,+46.352464956E-03
+99.874000E-06,+9.077449647E-03,-108.409232809E-03,+46.289650885E-03
+99.876000E-06,+9.206238119E-03,-108.487750418E-03,+46.202888951E-03
+99.878000E-06,+9.347216447E-03,-109.076632325E-03,+46.216629530E-03
+99.880000E-06,+9.503564593E-03,-108.605526788E-03,+46.305354405E-03
+99.882000E-06,+9.660619396E-03,-107.427762974E-03,+46.353250132E-03
+99.884000E-06,+9.796474451E-03,-106.583698918E-03,+46.300643348E-03
+99.886000E-06,+9.926852904E-03,-108.134421294E-03,+46.215451765E-03
+99.888000E-06,+10.066771245E-03,-110.843278060E-03,+46.226444229E-03
+99.890000E-06,+10.221706074E-03,-109.547737819E-03,+46.320272746E-03
+99.892000E-06,+10.371164301E-03,-107.388504170E-03,+46.357961187E-03
+99.894000E-06,+10.507196020E-03,-108.350344653E-03,+46.287295358E-03
+99.896000E-06,+10.635277834E-03,-111.000313234E-03,+46.207992595E-03
+99.898000E-06,+10.774842845E-03,-111.078830785E-03,+46.228407169E-03
+99.900000E-06,+10.922357762E-03,-108.291456411E-03,+46.323413450E-03
+99.902000E-06,+11.071992654E-03,-106.387404940E-03,+46.355605660E-03
+99.904000E-06,+11.220567558E-03,-107.408133608E-03,+46.289650885E-03
+99.906000E-06,+11.360309233E-03,-109.645884851E-03,+46.211133298E-03
+99.908000E-06,+11.491394345E-03,-110.352543114E-03,+46.226051641E-03
+99.910000E-06,+11.622656121E-03,-109.586996623E-03,+46.320272746E-03
+99.912000E-06,+11.760277822E-03,-109.057002916E-03,+46.366205534E-03
+99.914000E-06,+11.902492802E-03,-110.234766744E-03,+46.282976890E-03
+99.916000E-06,+12.040291167E-03,-110.548837078E-03,+46.190718725E-03
+99.918000E-06,+12.172436266E-03,-109.331814460E-03,+46.220555410E-03
+99.920000E-06,+12.306348011E-03,-108.193309450E-03,+46.308887696E-03
+99.922000E-06,+12.440613085E-03,-107.506280569E-03,+46.350894604E-03
+99.924000E-06,+12.578588115E-03,-107.290357209E-03,+46.294754529E-03
+99.926000E-06,+12.710909878E-03,-107.957756711E-03,+46.220162821E-03
+99.928000E-06,+12.838638363E-03,-109.704773036E-03,+46.229977520E-03
+99.930000E-06,+12.976966722E-03,-110.627354672E-03,+46.304176641E-03
+99.932000E-06,+13.115648411E-03,-108.939226517E-03,+46.336368851E-03
+99.934000E-06,+13.251680130E-03,-108.546638603E-03,+46.281799127E-03
+99.936000E-06,+13.384885217E-03,-108.939226546E-03,+46.215844354E-03
+99.938000E-06,+13.518973626E-03,-107.761462718E-03,+46.229584932E-03
+99.940000E-06,+13.653238700E-03,-107.309986604E-03,+46.295932294E-03
+99.942000E-06,+13.792450382E-03,-108.232568269E-03,+46.346183549E-03
+99.944000E-06,+13.928658766E-03,-109.057002930E-03,+46.310850634E-03
+99.946000E-06,+14.061863853E-03,-108.468121009E-03,+46.233510810E-03
+99.948000E-06,+14.194715610E-03,-108.507379813E-03,+46.220555409E-03
+99.950000E-06,+14.327567367E-03,-109.488849663E-03,+46.275125133E-03
+99.952000E-06,+14.451762561E-03,-109.763661207E-03,+46.335191087E-03
+99.954000E-06,+14.579667710E-03,-109.783290602E-03,+46.315169102E-03
+99.956000E-06,+14.704569562E-03,-108.821450147E-03,+46.242540333E-03
+99.958000E-06,+14.822758160E-03,-108.271827045E-03,+46.218985058E-03
+99.960000E-06,+14.949956651E-03,-108.350344639E-03,+46.263740083E-03
+99.962000E-06,+15.088461675E-03,-107.545539358E-03,+46.322628273E-03
+99.964000E-06,+15.222196755E-03,-107.152951430E-03,+46.338331790E-03
+99.966000E-06,+15.338972036E-03,-107.113692640E-03,+46.276302895E-03
+99.968000E-06,+15.448504070E-03,-109.037373550E-03,+46.223303524E-03
+99.970000E-06,+15.562276054E-03,-110.411431313E-03,+46.239007043E-03
+99.972000E-06,+15.691594520E-03,-109.744031797E-03,+46.302606289E-03
+99.974000E-06,+15.827979569E-03,-108.801820752E-03,+46.324983801E-03
+99.976000E-06,+15.952704756E-03,-108.821450161E-03,+46.277480659E-03
+99.978000E-06,+16.054640213E-03,-109.253296894E-03,+46.220947997E-03
+99.980000E-06,+16.157282329E-03,-108.899967741E-03,+46.224873877E-03
+99.982000E-06,+16.287660782E-03,-108.154050660E-03,+46.295147118E-03
+99.984000E-06,+16.428109116E-03,-107.368874789E-03,+46.340687318E-03
+99.986000E-06,+16.549654341E-03,-108.644785607E-03,+46.299072996E-03
+99.988000E-06,+16.652296456E-03,-111.864006700E-03,+46.229192343E-03
+99.990000E-06,+16.758825193E-03,-110.646984038E-03,+46.228407168E-03
+99.992000E-06,+16.884787032E-03,-108.212938830E-03,+46.298287822E-03
+99.994000E-06,+17.018345448E-03,-108.860708966E-03,+46.327339328E-03
+99.996000E-06,+17.136534046E-03,-111.471418757E-03,+46.297110056E-03
+99.998000E-06,+17.238822832E-03,-111.000313191E-03,+46.237436690E-03
+100.000000E-06,+17.349061524E-03,-107.997015457E-03,+46.221340585E-03
+100.002000E-06,+17.470606749E-03,-105.661117253E-03,+46.280621364E-03
+100.004000E-06,+17.604695159E-03,-106.485551958E-03,+46.335976263E-03
+100.006000E-06,+17.726770377E-03,-108.841079586E-03,+46.309672870E-03
+100.008000E-06,+17.835772417E-03,-109.292555684E-03,+46.244503273E-03
+100.010000E-06,+17.937001217E-03,-109.174779300E-03,+46.227621992E-03
+100.012000E-06,+18.044766605E-03,-109.842178801E-03,+46.284154656E-03
+100.014000E-06,+18.154828633E-03,-110.627354672E-03,+46.336368851E-03
+100.016000E-06,+18.268777281E-03,-110.175878530E-03,+46.301428524E-03
+100.018000E-06,+18.374599359E-03,-109.135520495E-03,+46.248821740E-03
+100.020000E-06,+18.484131393E-03,-108.448491614E-03,+46.231155284E-03
+100.022000E-06,+18.585713521E-03,-107.682945138E-03,+46.279051013E-03
+100.024000E-06,+18.686058997E-03,-107.447392384E-03,+46.330087444E-03
+100.026000E-06,+18.795061038E-03,-107.977386106E-03,+46.308887695E-03
+100.028000E-06,+18.906536382E-03,-109.429961478E-03,+46.252747620E-03
+100.030000E-06,+19.015715087E-03,-110.588095882E-03,+46.231547872E-03
+100.032000E-06,+19.110937291E-03,-110.038472751E-03,+46.265310435E-03
+100.034000E-06,+19.205452836E-03,-108.841079542E-03,+46.317132042E-03
+100.036000E-06,+19.310038262E-03,-107.997015486E-03,+46.315561690E-03
+100.038000E-06,+19.419746961E-03,-106.937028056E-03,+46.259421614E-03
+100.040000E-06,+19.526275697E-03,-107.624056967E-03,+46.229584932E-03
+100.042000E-06,+19.627327832E-03,-109.390702688E-03,+46.270414078E-03
+100.044000E-06,+19.719016744E-03,-109.076632310E-03,+46.326161565E-03
+100.046000E-06,+19.818125568E-03,-107.349245380E-03,+46.311243222E-03
+100.048000E-06,+19.920944349E-03,-107.938127316E-03,+46.250392092E-03
+100.050000E-06,+20.017933198E-03,-110.529207712E-03,+46.228407168E-03
+100.052000E-06,+20.111565421E-03,-111.157348380E-03,+46.273162193E-03
+100.054000E-06,+20.187531186E-03,-109.685143598E-03,+46.323806037E-03
+100.056000E-06,+20.269680211E-03,-108.369974019E-03,+46.316346866E-03
+100.058000E-06,+20.362959105E-03,-108.212938860E-03,+46.264917846E-03
+100.060000E-06,+20.461361271E-03,-109.037373535E-03,+46.222125761E-03
+100.062000E-06,+20.551636867E-03,-108.193309450E-03,+46.244503274E-03
+100.064000E-06,+20.628309290E-03,-106.407034334E-03,+46.319880158E-03
+100.066000E-06,+20.709398329E-03,-106.995916271E-03,+46.341079906E-03
+100.068000E-06,+20.797553950E-03,-109.174779329E-03,+46.276695483E-03
+100.070000E-06,+20.889066197E-03,-110.156249150E-03,+46.217807293E-03
+100.072000E-06,+20.966091950E-03,-109.704773007E-03,+46.243718098E-03
+100.074000E-06,+21.034814468E-03,-108.939226531E-03,+46.308887696E-03
+100.076000E-06,+21.112546880E-03,-108.978485336E-03,+46.336761439E-03
+100.078000E-06,+21.196639215E-03,-108.860708951E-03,+46.284547242E-03
+100.080000E-06,+21.278964905E-03,-107.879239102E-03,+46.216236941E-03
+100.082000E-06,+21.368357178E-03,-106.642587103E-03,+46.232333048E-03
+100.084000E-06,+21.450152875E-03,-106.485551943E-03,+46.321057922E-03
+100.086000E-06,+21.531948571E-03,-108.409232853E-03,+46.349716840E-03
+100.088000E-06,+21.622577496E-03,-111.294754188E-03,+46.286117594E-03
+100.090000E-06,+21.711969769E-03,-109.331814445E-03,+46.213488826E-03
+100.092000E-06,+21.793588801E-03,-105.562970249E-03,+46.226444229E-03
+100.094000E-06,+21.874147845E-03,-107.133322065E-03,+46.303784053E-03
+100.096000E-06,+21.955943541E-03,-111.687342146E-03,+46.352857544E-03
+100.098000E-06,+22.041625858E-03,-111.883636051E-03,+46.306139579E-03
+100.100000E-06,+22.130311473E-03,-107.565168709E-03,+46.216236941E-03
+100.102000E-06,+22.213167157E-03,-104.208541881E-03,+46.220947998E-03
+100.104000E-06,+22.290192910E-03,-106.151852230E-03,+46.305746993E-03
+100.106000E-06,+22.368985308E-03,-109.783290646E-03,+46.353250132E-03
+100.108000E-06,+22.446894384E-03,-109.704773007E-03,+46.308887694E-03
+100.110000E-06,+22.520916839E-03,-108.527009193E-03,+46.219377645E-03
+100.112000E-06,+22.589462693E-03,-108.369974034E-03,+46.224088701E-03
+100.114000E-06,+22.661011844E-03,-109.331814489E-03,+46.308887696E-03
+100.116000E-06,+22.734327641E-03,-109.744031812E-03,+46.361887067E-03
+100.118000E-06,+22.807820103E-03,-108.409232809E-03,+46.301821111E-03
+100.120000E-06,+22.880075912E-03,-107.525909963E-03,+46.207207419E-03
+100.122000E-06,+22.952155057E-03,-107.702574547E-03,+46.211525887E-03
+100.124000E-06,+23.016814290E-03,-107.741833337E-03,+46.307317344E-03
+100.126000E-06,+23.081650187E-03,-107.741833337E-03,+46.353642720E-03
+100.128000E-06,+23.150372706E-03,-108.428862233E-03,+46.292399001E-03
+100.130000E-06,+23.222098521E-03,-109.214038104E-03,+46.211525886E-03
+100.132000E-06,+23.286757754E-03,-109.449590858E-03,+46.220555410E-03
+100.134000E-06,+23.344173740E-03,-108.782191357E-03,+46.308495108E-03
+100.136000E-06,+23.406889663E-03,-107.172580810E-03,+46.361887067E-03
+100.138000E-06,+23.472962212E-03,-105.445193894E-03,+46.299072996E-03
+100.140000E-06,+23.539388091E-03,-106.465922563E-03,+46.206814831E-03
+100.142000E-06,+23.600867361E-03,-109.253296924E-03,+46.214274003E-03
+100.144000E-06,+23.659166670E-03,-109.351443869E-03,+46.310458048E-03
+100.146000E-06,+23.723295909E-03,-107.525909948E-03,+46.354035308E-03
+100.148000E-06,+23.790781775E-03,-108.232568269E-03,+46.286902770E-03
+100.150000E-06,+23.843781146E-03,-110.293654944E-03,+46.199748248E-03
+100.152000E-06,+23.888477283E-03,-110.980683810E-03,+46.221733174E-03
+100.154000E-06,+23.936000052E-03,-109.940325761E-03,+46.306139581E-03
+100.156000E-06,+23.991472728E-03,-109.371073264E-03,+46.350502017E-03
+100.158000E-06,+24.057898607E-03,-109.312185079E-03,+46.294754528E-03
+100.160000E-06,+24.114607934E-03,-109.312185079E-03,+46.206422243E-03
+100.162000E-06,+24.158597412E-03,-107.938127286E-03,+46.214274003E-03
+100.164000E-06,+24.203470213E-03,-106.642587103E-03,+46.310458048E-03
+100.166000E-06,+24.259826211E-03,-107.172580840E-03,+46.359531539E-03
+100.168000E-06,+24.315298886E-03,-109.057002945E-03,+46.301428523E-03
+100.170000E-06,+24.360525016E-03,-110.411431313E-03,+46.229192343E-03
+100.172000E-06,+24.395681266E-03,-110.843278031E-03,+46.217414706E-03
+100.174000E-06,+24.439494080E-03,-110.332913704E-03,+46.280228777E-03
+100.176000E-06,+24.489666818E-03,-109.704773007E-03,+46.335976263E-03
+100.178000E-06,+24.534362954E-03,-109.351443869E-03,+46.306924755E-03
+100.180000E-06,+24.578175768E-03,-109.037373520E-03,+46.230370107E-03
+100.182000E-06,+24.615805321E-03,-108.036274276E-03,+46.211918475E-03
+100.184000E-06,+24.656261508E-03,-107.486651173E-03,+46.279443601E-03
+100.186000E-06,+24.704667601E-03,-109.351443899E-03,+46.333228148E-03
+100.188000E-06,+24.755370333E-03,-111.687342117E-03,+46.314776514E-03
+100.190000E-06,+24.798829817E-03,-110.470319468E-03,+46.245288449E-03
+100.192000E-06,+24.832572750E-03,-107.231468980E-03,+46.216629530E-03
+100.194000E-06,+24.870025639E-03,-108.173680085E-03,+46.252355033E-03
+100.196000E-06,+24.913131794E-03,-110.843278061E-03,+46.312813575E-03
+100.198000E-06,+24.953234652E-03,-110.646984052E-03,+46.323413449E-03
+100.200000E-06,+24.991570864E-03,-107.545539328E-03,+46.257851262E-03
+100.202000E-06,+25.030967063E-03,-105.052605951E-03,+46.220947997E-03
+100.204000E-06,+25.077959839E-03,-105.994817041E-03,+46.255495736E-03
+100.206000E-06,+25.123539299E-03,-108.644785622E-03,+46.315954279E-03
+100.208000E-06,+25.161345517E-03,-109.547737848E-03,+46.315561690E-03
+100.210000E-06,+25.201801703E-03,-108.664414972E-03,+46.275910308E-03
+100.212000E-06,+25.234131320E-03,-108.527009208E-03,+46.242932921E-03
+100.214000E-06,+25.270170892E-03,-109.488849663E-03,+46.244503274E-03
+100.216000E-06,+25.305680471E-03,-109.901066986E-03,+46.283762068E-03
+100.218000E-06,+25.341013385E-03,-109.115891100E-03,+46.316739454E-03
+100.220000E-06,+25.381292907E-03,-108.311085834E-03,+46.282191715E-03
+100.222000E-06,+25.418569132E-03,-107.663315743E-03,+46.238221866E-03
+100.224000E-06,+25.450368755E-03,-107.172580825E-03,+46.257458676E-03
+100.226000E-06,+25.480225067E-03,-107.388504199E-03,+46.296717469E-03
+100.228000E-06,+25.504958107E-03,-108.801820782E-03,+46.310065459E-03
+100.230000E-06,+25.526511185E-03,-109.685143627E-03,+46.286510182E-03
+100.232000E-06,+25.547710933E-03,-109.371073264E-03,+46.252747620E-03
+100.234000E-06,+25.582513854E-03,-108.899967741E-03,+46.259421615E-03
+100.236000E-06,+25.609366868E-03,-107.604427543E-03,+46.293969354E-03
+100.238000E-06,+25.628623307E-03,-105.916299416E-03,+46.312420987E-03
+100.240000E-06,+25.649469726E-03,-106.799622307E-03,+46.273162192E-03
+100.242000E-06,+25.678089387E-03,-109.017744155E-03,+46.248036565E-03
+100.244000E-06,+25.711478991E-03,-108.899967741E-03,+46.267273374E-03
+100.246000E-06,+25.734268720E-03,-107.467021764E-03,+46.284154655E-03
+100.248000E-06,+25.750521861E-03,-108.369974049E-03,+46.283369479E-03
+100.250000E-06,+25.777198211E-03,-109.488849663E-03,+46.269236313E-03
+100.252000E-06,+25.801754586E-03,-108.939226531E-03,+46.259029027E-03
+100.254000E-06,+25.823307664E-03,-108.016644881E-03,+46.274339957E-03
+100.256000E-06,+25.843270760E-03,-108.998114746E-03,+46.293184178E-03
+100.258000E-06,+25.858110584E-03,-109.429961463E-03,+46.279051012E-03
+100.260000E-06,+25.871007098E-03,-108.507379798E-03,+46.254710560E-03
+100.262000E-06,+25.889910207E-03,-106.721104682E-03,+46.262562319E-03
+100.264000E-06,+25.912169943E-03,-106.760363502E-03,+46.294361942E-03
+100.266000E-06,+25.926126444E-03,-108.036274306E-03,+46.293184177E-03
+100.268000E-06,+25.930189729E-03,-109.724402432E-03,+46.267665961E-03
+100.270000E-06,+25.933016362E-03,-109.528108438E-03,+46.255888324E-03
+100.272000E-06,+25.939552951E-03,-109.057002915E-03,+46.282191716E-03
+100.274000E-06,+25.947856186E-03,-109.135520510E-03,+46.302606288E-03
+100.276000E-06,+25.946442870E-03,-109.155149905E-03,+46.285725007E-03
+100.278000E-06,+25.934959672E-03,-108.742932567E-03,+46.258243851E-03
+100.280000E-06,+25.922239823E-03,-107.859609706E-03,+46.251962444E-03
+100.282000E-06,+25.911993278E-03,-107.054804441E-03,+46.284547243E-03
+100.284000E-06,+25.903336714E-03,-106.819251687E-03,+46.313991338E-03
+100.286000E-06,+25.893620163E-03,-108.311085864E-03,+46.290043474E-03
+100.288000E-06,+25.872597079E-03,-110.725501677E-03,+46.250392092E-03
+100.290000E-06,+25.857403926E-03,-109.665514202E-03,+46.261777143E-03
+100.292000E-06,+25.840797456E-03,-107.270727784E-03,+46.299858173E-03
+100.294000E-06,+25.815181093E-03,-108.605526818E-03,+46.310458047E-03
+100.296000E-06,+25.788328078E-03,-110.902166246E-03,+46.270021489E-03
+100.298000E-06,+25.773841584E-03,-110.372172494E-03,+46.233903399E-03
+100.300000E-06,+25.768541647E-03,-107.094063200E-03,+46.251569857E-03
+100.302000E-06,+25.758118437E-03,-105.405935104E-03,+46.309672872E-03
+100.304000E-06,+25.745575252E-03,-105.641487888E-03,+46.325768976E-03
+100.306000E-06,+25.727908795E-03,-108.448491658E-03,+46.263740082E-03
+100.308000E-06,+25.712008984E-03,-109.390702674E-03,+46.221733173E-03
+100.310000E-06,+25.705119066E-03,-109.057002915E-03,+46.249999505E-03
+100.312000E-06,+25.704412407E-03,-108.585897393E-03,+46.334405912E-03
+100.314000E-06,+25.692045887E-03,-108.252197649E-03,+46.337546614E-03
+100.316000E-06,+25.674202765E-03,-108.762561977E-03,+46.256673498E-03
+100.318000E-06,+25.663249562E-03,-108.841079556E-03,+46.204066716E-03
+100.320000E-06,+25.663249562E-03,-107.604427543E-03,+46.242147747E-03
+100.322000E-06,+25.659716271E-03,-106.465922534E-03,+46.322628274E-03
+100.324000E-06,+25.649293061E-03,-106.465922549E-03,+46.344220609E-03
+100.326000E-06,+25.637986529E-03,-106.897769281E-03,+46.266095609E-03
+100.328000E-06,+25.625443344E-03,-108.193309480E-03,+46.207992595E-03
+100.330000E-06,+25.610250191E-03,-109.744031827E-03,+46.248036566E-03
+100.332000E-06,+25.595940361E-03,-110.489948893E-03,+46.320665334E-03
+100.334000E-06,+25.585517151E-03,-110.156249135E-03,+46.332835559E-03
+100.336000E-06,+25.573150631E-03,-108.173680040E-03,+46.264525257E-03
+100.338000E-06,+25.555484174E-03,-105.837781822E-03,+46.216236942E-03
+100.340000E-06,+25.533401102E-03,-106.642587133E-03,+46.243718098E-03
+100.342000E-06,+25.508314733E-03,-108.998114761E-03,+46.297895233E-03
+100.344000E-06,+25.502661467E-03,-109.586996638E-03,+46.326946740E-03
+100.346000E-06,+25.498598182E-03,-108.389603414E-03,+46.272377016E-03
+100.348000E-06,+25.475808452E-03,-108.625156198E-03,+46.228407168E-03
+100.350000E-06,+25.442948842E-03,-110.058102175E-03,+46.259029028E-03
+100.352000E-06,+25.407792592E-03,-110.804019241E-03,+46.316346866E-03
+100.354000E-06,+25.388536154E-03,-109.920696366E-03,+46.329302268E-03
+100.356000E-06,+25.378996267E-03,-108.821450146E-03,+46.275125132E-03
+100.358000E-06,+25.358149848E-03,-108.409232824E-03,+46.231547871E-03
+100.360000E-06,+25.319460307E-03,-108.369974034E-03,+46.240184806E-03
+100.362000E-06,+25.277237474E-03,-107.545539358E-03,+46.283369480E-03
+100.364000E-06,+25.253387757E-03,-106.603328313E-03,+46.311243223E-03
+100.366000E-06,+25.237134617E-03,-107.722203957E-03,+46.284154655E-03
+100.368000E-06,+25.209221615E-03,-109.547737863E-03,+46.249606916E-03
+100.370000E-06,+25.169648750E-03,-110.607725277E-03,+46.256280912E-03
+100.372000E-06,+25.121242658E-03,-110.038472750E-03,+46.288080535E-03
+100.374000E-06,+25.084143098E-03,-108.978485321E-03,+46.308887695E-03
+100.376000E-06,+25.061176704E-03,-108.841079556E-03,+46.283762067E-03
+100.378000E-06,+25.027610436E-03,-109.253296894E-03,+46.252355032E-03
+100.380000E-06,+24.978674349E-03,-109.174779300E-03,+46.251177268E-03
+100.382000E-06,+24.929031605E-03,-107.918497891E-03,+46.270806665E-03
+100.384000E-06,+24.891932045E-03,-107.467021778E-03,+46.303784052E-03
+100.386000E-06,+24.857835783E-03,-109.214038120E-03,+46.299858172E-03
+100.388000E-06,+24.825152837E-03,-110.843278046E-03,+46.271199253E-03
+100.390000E-06,+24.783989992E-03,-109.253296864E-03,+46.256280911E-03
+100.392000E-06,+24.746537103E-03,-106.937028041E-03,+46.273947369E-03
+100.394000E-06,+24.717210784E-03,-107.879239132E-03,+46.301428525E-03
+100.396000E-06,+24.679051237E-03,-110.254396155E-03,+46.304961816E-03
+100.398000E-06,+24.639478373E-03,-110.568466473E-03,+46.280228775E-03
+100.400000E-06,+24.608562073E-03,-107.408133548E-03,+46.238221866E-03
+100.402000E-06,+24.581355729E-03,-104.895570776E-03,+46.238221867E-03
+100.404000E-06,+24.555739367E-03,-106.112593426E-03,+46.299465585E-03
+100.406000E-06,+24.524116408E-03,-108.939226576E-03,+46.316346866E-03
+100.408000E-06,+24.480480259E-03,-110.686242872E-03,+46.292791589E-03
+100.410000E-06,+24.434017477E-03,-109.508479028E-03,+46.248036564E-03
+100.412000E-06,+24.392324638E-03,-107.525909948E-03,+46.244895862E-03
+100.414000E-06,+24.357521718E-03,-108.095162490E-03,+46.289258299E-03
+100.416000E-06,+24.316182208E-03,-109.999213991E-03,+46.317524630E-03
+100.418000E-06,+24.267599451E-03,-109.704773007E-03,+46.295932293E-03
+100.420000E-06,+24.219370023E-03,-107.702574517E-03,+46.229192343E-03
+100.422000E-06,+24.184920432E-03,-106.328516754E-03,+46.211918475E-03
+100.424000E-06,+24.153650803E-03,-106.583698933E-03,+46.271199254E-03
+100.426000E-06,+24.105244710E-03,-108.154050690E-03,+46.332050384E-03
+100.428000E-06,+24.050655358E-03,-109.744031827E-03,+46.323020860E-03
+100.430000E-06,+24.002955924E-03,-109.528108438E-03,+46.260206790E-03
+100.432000E-06,+23.961263085E-03,-109.057002915E-03,+46.221340585E-03
+100.434000E-06,+23.930170121E-03,-108.998114731E-03,+46.266488199E-03
+100.436000E-06,+23.895543865E-03,-107.898868496E-03,+46.328517093E-03
+100.438000E-06,+23.847844430E-03,-106.642587102E-03,+46.322628273E-03
+100.440000E-06,+23.793431742E-03,-107.447392399E-03,+46.257458675E-03
+100.442000E-06,+23.749442264E-03,-109.371073294E-03,+46.218199881E-03
+100.444000E-06,+23.711989375E-03,-109.214038089E-03,+46.255103148E-03
+100.446000E-06,+23.676479797E-03,-107.506280553E-03,+46.321450510E-03
+100.448000E-06,+23.633726970E-03,-107.682945152E-03,+46.335583675E-03
+100.450000E-06,+23.577547637E-03,-109.528108468E-03,+46.275910308E-03
+100.452000E-06,+23.519601657E-03,-110.470319498E-03,+46.226051640E-03
+100.454000E-06,+23.467838938E-03,-109.469220238E-03,+46.239399631E-03
+100.456000E-06,+23.429326062E-03,-108.212938844E-03,+46.302606289E-03
+100.458000E-06,+23.392579831E-03,-107.918497906E-03,+46.338724378E-03
+100.460000E-06,+23.348413688E-03,-109.135520525E-03,+46.298680408E-03
+100.462000E-06,+23.297004298E-03,-108.350344624E-03,+46.226444228E-03
+100.464000E-06,+23.247184889E-03,-106.564069508E-03,+46.219770234E-03
+100.466000E-06,+23.202665417E-03,-106.603328328E-03,+46.277873249E-03
+100.468000E-06,+23.163799212E-03,-108.978485366E-03,+46.332835560E-03
+100.470000E-06,+23.116983100E-03,-110.274025534E-03,+46.320272745E-03
+100.472000E-06,+23.051617209E-03,-109.174779284E-03,+46.254317971E-03
+100.474000E-06,+22.981304709E-03,-107.898868496E-03,+46.206814831E-03
+100.476000E-06,+22.929188661E-03,-107.879239116E-03,+46.248036566E-03
+100.478000E-06,+22.887142494E-03,-108.585897408E-03,+46.323413450E-03
+100.480000E-06,+22.844919661E-03,-108.271827044E-03,+46.330480031E-03
+100.482000E-06,+22.785207036E-03,-107.113692625E-03,+46.266880785E-03
+100.484000E-06,+22.714364543E-03,-105.994817011E-03,+46.216629530E-03
+100.486000E-06,+22.645995354E-03,-107.368874819E-03,+46.240969983E-03
+100.488000E-06,+22.595469287E-03,-109.371073294E-03,+46.333228148E-03
+100.490000E-06,+22.556073088E-03,-108.664414972E-03,+46.362279654E-03
+100.492000E-06,+22.503073716E-03,-107.015545635E-03,+46.282191714E-03
+100.494000E-06,+22.424457982E-03,-108.585897423E-03,+46.198963072E-03
+100.496000E-06,+22.347432229E-03,-111.176977805E-03,+46.210740711E-03
+100.498000E-06,+22.292136218E-03,-110.411431283E-03,+46.321057922E-03
+100.500000E-06,+22.254683330E-03,-107.094063200E-03,+46.358353775E-03
+100.502000E-06,+22.203273939E-03,-105.131123545E-03,+46.290043473E-03
+100.504000E-06,+22.131018129E-03,-106.838881112E-03,+46.211133298E-03
+100.506000E-06,+22.049929091E-03,-109.312185110E-03,+46.220555410E-03
+100.508000E-06,+21.980323250E-03,-109.901066986E-03,+46.311243224E-03
+100.510000E-06,+21.927323879E-03,-109.253296879E-03,+46.362279655E-03
+100.512000E-06,+21.877681135E-03,-109.017744126E-03,+46.312813574E-03
+100.514000E-06,+21.803482015E-03,-109.547737848E-03,+46.214274001E-03
+100.516000E-06,+21.713383083E-03,-109.351443869E-03,+46.204066716E-03
+100.518000E-06,+21.632647375E-03,-108.350344624E-03,+46.300643350E-03
+100.520000E-06,+21.574524731E-03,-107.938127301E-03,+46.352857544E-03
+100.522000E-06,+21.518168733E-03,-107.349245394E-03,+46.308887694E-03
+100.524000E-06,+21.450506202E-03,-106.995916256E-03,+46.230370107E-03
+100.526000E-06,+21.365177214E-03,-107.643686363E-03,+46.231155284E-03
+100.528000E-06,+21.283734847E-03,-109.115891130E-03,+46.298680410E-03
+100.530000E-06,+21.220488931E-03,-110.411431314E-03,+46.346576137E-03
+100.532000E-06,+21.157243014E-03,-109.881437576E-03,+46.299858172E-03
+100.534000E-06,+21.083750553E-03,-108.958855926E-03,+46.229192343E-03
+100.536000E-06,+21.002661514E-03,-107.192210204E-03,+46.222910937E-03
+100.538000E-06,+20.920689154E-03,-105.994817011E-03,+46.286510184E-03
+100.540000E-06,+20.844900053E-03,-107.506280599E-03,+46.328517092E-03
+100.542000E-06,+20.772467579E-03,-109.802920027E-03,+46.297502644E-03
+100.544000E-06,+20.696678478E-03,-109.547737833E-03,+46.259421615E-03
+100.546000E-06,+20.612939471E-03,-108.095162460E-03,+46.243718098E-03
+100.548000E-06,+20.521957217E-03,-108.448491629E-03,+46.280621364E-03
+100.550000E-06,+20.441221508E-03,-110.862907457E-03,+46.308102519E-03
+100.552000E-06,+20.355892520E-03,-111.471418728E-03,+46.294754529E-03
+100.554000E-06,+20.267206905E-03,-109.724402386E-03,+46.262169730E-03
+100.556000E-06,+20.175694658E-03,-108.232568239E-03,+46.249606917E-03
+100.558000E-06,+20.091248993E-03,-108.468121023E-03,+46.264917846E-03
+100.560000E-06,+20.012809923E-03,-109.488849663E-03,+46.283762067E-03
+100.562000E-06,+19.926420948E-03,-108.114791855E-03,+46.280621364E-03
+100.564000E-06,+19.841268625E-03,-106.937028056E-03,+46.282584303E-03
+100.566000E-06,+19.758942935E-03,-107.486651189E-03,+46.263740082E-03
+100.568000E-06,+19.667077358E-03,-109.920696412E-03,+46.255495736E-03
+100.570000E-06,+19.577508420E-03,-110.254396124E-03,+46.262954907E-03
+100.572000E-06,+19.489706129E-03,-108.193309434E-03,+46.283369479E-03
+100.574000E-06,+19.398370545E-03,-107.624056953E-03,+46.294361941E-03
+100.576000E-06,+19.305268316E-03,-109.371073294E-03,+46.276302896E-03
+100.578000E-06,+19.218172683E-03,-110.313284324E-03,+46.246073625E-03
+100.580000E-06,+19.130723720E-03,-108.625156167E-03,+46.242147746E-03
+100.582000E-06,+19.031968225E-03,-106.446293123E-03,+46.286117595E-03
+100.584000E-06,+18.930386097E-03,-106.583698933E-03,+46.328124504E-03
+100.586000E-06,+18.832337260E-03,-109.390702705E-03,+46.313991338E-03
+100.588000E-06,+18.737291721E-03,-111.432159954E-03,+46.267273373E-03
+100.590000E-06,+18.645072815E-03,-108.782191326E-03,+46.236258927E-03
+100.592000E-06,+18.548260630E-03,-105.621858447E-03,+46.271199254E-03
+100.594000E-06,+18.450741787E-03,-107.427763019E-03,+46.315169102E-03
+100.596000E-06,+18.349512987E-03,-111.039572041E-03,+46.315169102E-03
+100.598000E-06,+18.251464151E-03,-110.548837062E-03,+46.256673499E-03
+100.600000E-06,+18.155181959E-03,-106.838881035E-03,+46.215451766E-03
+100.602000E-06,+18.059076433E-03,-104.679647417E-03,+46.260206792E-03
+100.604000E-06,+17.974100774E-03,-106.367775590E-03,+46.333228148E-03
+100.606000E-06,+17.883295185E-03,-108.841079587E-03,+46.337154026E-03
+100.608000E-06,+17.777826436E-03,-109.567367243E-03,+46.262169730E-03
+100.610000E-06,+17.671651028E-03,-108.939226531E-03,+46.207600007E-03
+100.612000E-06,+17.566888938E-03,-108.154050660E-03,+46.248036566E-03
+100.614000E-06,+17.478379988E-03,-108.742932582E-03,+46.323413450E-03
+100.616000E-06,+17.393404329E-03,-108.978485336E-03,+46.333228147E-03
+100.618000E-06,+17.299948771E-03,-108.173680055E-03,+46.270021488E-03
+100.620000E-06,+17.199073301E-03,-107.094063230E-03,+46.211525886E-03
+100.622000E-06,+17.101024464E-03,-106.681845907E-03,+46.251177269E-03
+100.624000E-06,+17.012162185E-03,-106.779992897E-03,+46.329302269E-03
+100.626000E-06,+16.928246514E-03,-107.624056968E-03,+46.345005785E-03
+100.628000E-06,+16.836204273E-03,-109.390702689E-03,+46.277088071E-03
+100.630000E-06,+16.731795511E-03,-110.038472765E-03,+46.215059178E-03
+100.632000E-06,+16.627033420E-03,-109.685143612E-03,+46.240577395E-03
+100.634000E-06,+16.534814514E-03,-108.801820751E-03,+46.311243224E-03
+100.636000E-06,+16.455492122E-03,-108.271827044E-03,+46.328909680E-03
+100.638000E-06,+16.362919887E-03,-106.701475287E-03,+46.277873247E-03
+100.640000E-06,+16.252151201E-03,-107.309986620E-03,+46.215451766E-03
+100.642000E-06,+16.136612571E-03,-109.076632341E-03,+46.237829279E-03
+100.644000E-06,+16.033087133E-03,-109.037373520E-03,+46.316346867E-03
+100.646000E-06,+15.947404816E-03,-107.486651158E-03,+46.337939202E-03
+100.648000E-06,+15.851652618E-03,-107.133322035E-03,+46.284547242E-03
+100.650000E-06,+15.740530603E-03,-109.449590889E-03,+46.229977519E-03
+100.652000E-06,+15.622518670E-03,-111.432159954E-03,+46.239792219E-03
+100.654000E-06,+15.513693294E-03,-110.980683795E-03,+46.291613827E-03
+100.656000E-06,+15.416174451E-03,-109.233667469E-03,+46.312420987E-03
+100.658000E-06,+15.320068924E-03,-108.311085834E-03,+46.281406539E-03
+100.660000E-06,+15.212833530E-03,-108.487750418E-03,+46.229977519E-03
+100.662000E-06,+15.101534850E-03,-107.702574532E-03,+46.239792219E-03
+100.664000E-06,+14.992356145E-03,-106.073334590E-03,+46.313598751E-03
+100.666000E-06,+14.895897290E-03,-106.819251702E-03,+46.348539077E-03
+100.668000E-06,+14.801205079E-03,-109.567367274E-03,+46.297110056E-03
+100.670000E-06,+14.702802913E-03,-110.764760452E-03,+46.226051640E-03
+100.672000E-06,+14.590267581E-03,-109.783290586E-03,+46.233510812E-03
+100.674000E-06,+14.481972200E-03,-108.527009193E-03,+46.301821113E-03
+100.676000E-06,+14.394346573E-03,-108.782191372E-03,+46.327731916E-03
+100.678000E-06,+14.298417710E-03,-109.115891115E-03,+46.283369479E-03
+100.680000E-06,+14.200898867E-03,-108.605526787E-03,+46.229977519E-03
+100.682000E-06,+14.100906720E-03,-107.152951414E-03,+46.234295987E-03
+100.684000E-06,+13.995614636E-03,-106.819251687E-03,+46.315561691E-03
+100.686000E-06,+13.897035805E-03,-108.448491644E-03,+46.351679780E-03
+100.688000E-06,+13.799516962E-03,-110.882536852E-03,+46.286510182E-03
+100.690000E-06,+13.701998119E-03,-109.959955155E-03,+46.213488826E-03
+100.692000E-06,+13.604479276E-03,-107.447392352E-03,+46.226444229E-03
+100.694000E-06,+13.503250476E-03,-108.075533096E-03,+46.301035937E-03
+100.696000E-06,+13.395308423E-03,-110.823648668E-03,+46.352464956E-03
+100.698000E-06,+13.287719700E-03,-111.196607169E-03,+46.303391463E-03
+100.700000E-06,+13.186490901E-03,-108.036274244E-03,+46.204851891E-03
+100.702000E-06,+13.088618728E-03,-105.523711472E-03,+46.205637068E-03
+100.704000E-06,+12.994809841E-03,-106.740734123E-03,+46.298287822E-03
+100.706000E-06,+12.889164428E-03,-109.155149936E-03,+46.363457419E-03
+100.708000E-06,+12.779279064E-03,-110.293654929E-03,+46.304961815E-03
+100.710000E-06,+12.670277024E-03,-109.586996622E-03,+46.215844353E-03
+100.712000E-06,+12.563924953E-03,-109.057002915E-03,+46.212703651E-03
+100.714000E-06,+12.460399514E-03,-109.410332069E-03,+46.290828651E-03
+100.716000E-06,+12.352280796E-03,-110.156249150E-03,+46.337546615E-03
+100.718000E-06,+12.239745465E-03,-110.116990345E-03,+46.301428524E-03
+100.720000E-06,+12.126680139E-03,-109.135520494E-03,+46.215844353E-03
+100.722000E-06,+12.021034726E-03,-107.486651158E-03,+46.201711189E-03
+100.724000E-06,+11.909029388E-03,-106.858510476E-03,+46.294754531E-03
+100.726000E-06,+11.793490758E-03,-108.173680086E-03,+46.360316715E-03
+100.728000E-06,+11.683782060E-03,-110.431060724E-03,+46.321057920E-03
+100.730000E-06,+11.573720032E-03,-111.137718985E-03,+46.234688574E-03
+100.732000E-06,+11.454824776E-03,-108.998114699E-03,+46.217807294E-03
+100.734000E-06,+11.340876128E-03,-108.134421265E-03,+46.285725008E-03
+100.736000E-06,+11.229047454E-03,-108.605526803E-03,+46.339509555E-03
+100.738000E-06,+11.122342053E-03,-107.722203927E-03,+46.304569227E-03
+100.740000E-06,+11.017579963E-03,-107.309986604E-03,+46.224481288E-03
+100.742000E-06,+10.896918061E-03,-108.919597167E-03,+46.222125761E-03
+100.744000E-06,+10.776432823E-03,-109.567367243E-03,+46.289258299E-03
+100.746000E-06,+10.669904087E-03,-109.214038089E-03,+46.337154027E-03
+100.748000E-06,+10.570265269E-03,-109.017744125E-03,+46.306924755E-03
+100.750000E-06,+10.470096457E-03,-109.410332069E-03,+46.255103147E-03
+100.752000E-06,+10.357384461E-03,-110.018843371E-03,+46.245681037E-03
+100.754000E-06,+10.235485907E-03,-110.234766729E-03,+46.278265836E-03
+100.756000E-06,+10.116237322E-03,-109.567367227E-03,+46.296717469E-03
+100.758000E-06,+10.016068510E-03,-109.057002915E-03,+46.290436062E-03
+100.760000E-06,+9.919786319E-03,-108.998114731E-03,+46.248036564E-03
+100.762000E-06,+9.818734184E-03,-107.761462716E-03,+46.239399630E-03
+100.764000E-06,+9.703372219E-03,-106.760363487E-03,+46.277480661E-03
+100.766000E-06,+9.588540248E-03,-107.467021794E-03,+46.304961816E-03
+100.768000E-06,+9.479008214E-03,-108.958855957E-03,+46.294361941E-03
+100.770000E-06,+9.371419490E-03,-110.116990360E-03,+46.259421615E-03
+100.772000E-06,+9.255350867E-03,-109.704773007E-03,+46.260206791E-03
+100.774000E-06,+9.139282244E-03,-108.527009192E-03,+46.271984429E-03
+100.776000E-06,+9.028336894E-03,-108.644785593E-03,+46.284547243E-03
+100.778000E-06,+8.919334853E-03,-108.958855941E-03,+46.283369479E-03
+100.780000E-06,+8.812982782E-03,-108.311085834E-03,+46.263740082E-03
+100.782000E-06,+8.703274083E-03,-107.800721522E-03,+46.258243851E-03
+100.784000E-06,+8.584378827E-03,-107.467021778E-03,+46.271591841E-03
+100.786000E-06,+8.472903482E-03,-108.939226562E-03,+46.281799128E-03
+100.788000E-06,+8.362664790E-03,-111.216236596E-03,+46.291221238E-03
+100.790000E-06,+8.246242838E-03,-109.999213945E-03,+46.286902771E-03
+100.792000E-06,+8.131410867E-03,-107.172580793E-03,+46.269628901E-03
+100.794000E-06,+8.016932225E-03,-108.036274306E-03,+46.256280911E-03
+100.796000E-06,+7.908636843E-03,-110.823648668E-03,+46.273947369E-03
+100.798000E-06,+7.799988132E-03,-110.646984052E-03,+46.290436062E-03
+100.800000E-06,+7.692399408E-03,-107.408133547E-03,+46.292399002E-03
+100.802000E-06,+7.580040741E-03,-105.307788113E-03,+46.270414077E-03
+100.804000E-06,+7.479341935E-03,-106.034075831E-03,+46.261777143E-03
+100.806000E-06,+7.382883080E-03,-108.507379845E-03,+46.266488198E-03
+100.808000E-06,+7.276884337E-03,-108.841079556E-03,+46.292006414E-03
+100.810000E-06,+7.159579062E-03,-108.291456439E-03,+46.303784052E-03
+100.812000E-06,+7.039623818E-03,-108.625156198E-03,+46.282976891E-03
+100.814000E-06,+6.935568386E-03,-109.783290617E-03,+46.255103147E-03
+100.816000E-06,+6.846176113E-03,-109.802919996E-03,+46.259814203E-03
+100.818000E-06,+6.742474010E-03,-108.546638587E-03,+46.296717469E-03
+100.820000E-06,+6.624108747E-03,-107.270727799E-03,+46.307317343E-03
+100.822000E-06,+6.495320275E-03,-106.564069523E-03,+46.277873248E-03
+100.824000E-06,+6.366531803E-03,-106.622957723E-03,+46.262562318E-03
+100.826000E-06,+6.247813211E-03,-107.467021794E-03,+46.263740082E-03
+100.828000E-06,+6.134217892E-03,-109.508479074E-03,+46.286117595E-03
+100.830000E-06,+6.011259350E-03,-110.882536837E-03,+46.297502645E-03
+100.832000E-06,+5.874520972E-03,-110.215137319E-03,+46.284939831E-03
+100.834000E-06,+5.745909165E-03,-109.272926274E-03,+46.263740082E-03
+100.836000E-06,+5.633550498E-03,-107.506280552E-03,+46.266488198E-03
+100.838000E-06,+5.522075153E-03,-106.171481579E-03,+46.292006414E-03
+100.840000E-06,+5.405476537E-03,-107.525909994E-03,+46.290043474E-03
+100.842000E-06,+5.288171261E-03,-109.253296910E-03,+46.275517720E-03
+100.844000E-06,+5.168392682E-03,-109.331814474E-03,+46.268058550E-03
+100.846000E-06,+5.056917338E-03,-108.212938844E-03,+46.259029027E-03
+100.848000E-06,+4.949151950E-03,-108.330715244E-03,+46.279836188E-03
+100.850000E-06,+4.839266587E-03,-110.293654945E-03,+46.299465585E-03
+100.852000E-06,+4.717898026E-03,-110.980683811E-03,+46.293576765E-03
+100.854000E-06,+4.592466181E-03,-109.940325760E-03,+46.278658424E-03
+100.856000E-06,+4.471627614E-03,-108.684044366E-03,+46.271199253E-03
+100.858000E-06,+4.358915618E-03,-108.664414987E-03,+46.278658424E-03
+100.860000E-06,+4.254683521E-03,-109.508479059E-03,+46.274339957E-03
+100.862000E-06,+4.151511412E-03,-108.527009192E-03,+46.265310434E-03
+100.864000E-06,+4.039682738E-03,-106.995916240E-03,+46.277873248E-03
+100.866000E-06,+3.914250893E-03,-107.349245409E-03,+46.293576766E-03
+100.868000E-06,+3.784579098E-03,-109.351443900E-03,+46.290043474E-03
+100.870000E-06,+3.673103754E-03,-110.588095883E-03,+46.272769605E-03
+100.872000E-06,+3.563041726E-03,-109.763661191E-03,+46.273162193E-03
+100.874000E-06,+3.447856426E-03,-109.076632310E-03,+46.287295359E-03
+100.876000E-06,+3.320834599E-03,-108.723303172E-03,+46.297502645E-03
+100.878000E-06,+3.190986139E-03,-109.096261720E-03,+46.287687946E-03
+100.880000E-06,+3.073327535E-03,-109.017744125E-03,+46.266880786E-03
+100.882000E-06,+2.972275401E-03,-107.761462716E-03,+46.266880786E-03
+100.884000E-06,+2.857266765E-03,-107.035175045E-03,+46.289258299E-03
+100.886000E-06,+2.723885014E-03,-109.292555716E-03,+46.297895233E-03
+100.888000E-06,+2.590679927E-03,-112.511776795E-03,+46.282191715E-03
+100.890000E-06,+2.478851254E-03,-110.588095836E-03,+46.282584303E-03
+100.892000E-06,+2.371262530E-03,-105.582599625E-03,+46.277480660E-03
+100.894000E-06,+2.255193907E-03,-106.701475334E-03,+46.265703022E-03
+100.896000E-06,+2.124285460E-03,-111.628453966E-03,+46.280621364E-03
+100.898000E-06,+1.997616962E-03,-112.021041830E-03,+46.285725007E-03
+100.900000E-06,+1.889144916E-03,-108.134421217E-03,+46.272377017E-03
+100.902000E-06,+1.784382826E-03,-104.974088354E-03,+46.270414077E-03
+100.904000E-06,+1.667430879E-03,-106.799622324E-03,+46.267665962E-03
+100.906000E-06,+1.537582420E-03,-110.548837125E-03,+46.272769605E-03
+100.908000E-06,+1.403670675E-03,-111.039571995E-03,+46.279051012E-03
+100.910000E-06,+1.274352209E-03,-109.115891084E-03,+46.290828650E-03
+100.912000E-06,+1.155633617E-03,-108.428862218E-03,+46.284154655E-03
+100.914000E-06,+1.019778562E-03,-109.606626048E-03,+46.263740082E-03
+100.916000E-06,+866.433714E-06,-110.195507940E-03,+46.244503273E-03
+100.918000E-06,+720.862108E-06,-109.567367227E-03,+46.272377017E-03
+100.920000E-06,+597.726902E-06,-108.507379797E-03,+46.287687947E-03
+100.922000E-06,+480.068298E-06,-107.682945137E-03,+46.281013951E-03
+100.924000E-06,+342.976590E-06,-107.309986604E-03,+46.268843725E-03
+100.926000E-06,+198.111642E-06,-107.820350932E-03,+46.253532796E-03
+100.928000E-06,+62.433252E-06,-109.135520526E-03,+46.276302897E-03
+100.930000E-06,-56.991998E-06,-110.274025535E-03,+46.299072997E-03
+100.932000E-06,-181.717185E-06,-110.274025519E-03,+46.296324881E-03
+100.934000E-06,-321.105532E-06,-108.880338330E-03,+46.276302896E-03
+100.936000E-06,-467.383797E-06,-107.309986588E-03,+46.259814203E-03
+100.938000E-06,-600.765548E-06,-106.289257964E-03,+46.271591841E-03
+100.940000E-06,-718.600816E-06,-107.270727830E-03,+46.281799128E-03
+100.942000E-06,-833.256123E-06,-109.626255459E-03,+46.291221238E-03
+100.944000E-06,-958.864633E-06,-109.528108438E-03,+46.286902771E-03
+100.946000E-06,-1.091009732E-03,-108.232568239E-03,+46.261384554E-03
+100.948000E-06,-1.212731621E-03,-108.605526803E-03,+46.266095610E-03
+100.950000E-06,-1.330390225E-03,-110.058102176E-03,+46.283762067E-03
+100.952000E-06,-1.455115413E-03,-110.529207683E-03,+46.283369479E-03
+100.954000E-06,-1.583373891E-03,-109.744031796E-03,+46.277480660E-03
+100.956000E-06,-1.719405611E-03,-108.252197633E-03,+46.273947369E-03
+100.958000E-06,-1.845367450E-03,-108.468121024E-03,+46.281799128E-03
+100.960000E-06,-1.952426180E-03,-108.664414987E-03,+46.277480660E-03
+100.962000E-06,-2.057011606E-03,-107.997015485E-03,+46.257458675E-03
+100.964000E-06,-2.177673508E-03,-106.799622276E-03,+46.273947369E-03
+100.966000E-06,-2.303105353E-03,-106.642587118E-03,+46.293184178E-03
+100.968000E-06,-2.423943920E-03,-108.428862250E-03,+46.298287821E-03
+100.970000E-06,-2.529236004E-03,-109.920696397E-03,+46.276695484E-03
+100.972000E-06,-2.626224853E-03,-110.784389847E-03,+46.243325509E-03
+100.974000E-06,-2.733460248E-03,-109.920696365E-03,+46.252747620E-03
+100.976000E-06,-2.847232232E-03,-109.371073263E-03,+46.290436063E-03
+100.978000E-06,-2.962947526E-03,-109.037373520E-03,+46.317524630E-03
+100.980000E-06,-3.068946268E-03,-108.173680054E-03,+46.271199252E-03
+100.982000E-06,-3.173531694E-03,-107.094063230E-03,+46.220162821E-03
+100.984000E-06,-3.281827076E-03,-106.544440128E-03,+46.246858802E-03
+100.986000E-06,-3.391889104E-03,-108.409232855E-03,+46.312028399E-03
+100.988000E-06,-3.502127796E-03,-110.745131074E-03,+46.331657795E-03
+100.990000E-06,-3.609893185E-03,-109.253296863E-03,+46.270021488E-03
+100.992000E-06,-3.724725156E-03,-106.387404922E-03,+46.203281539E-03
+100.994000E-06,-3.848037026E-03,-108.212938892E-03,+46.222518350E-03
+100.996000E-06,-3.964988972E-03,-110.862907458E-03,+46.314383927E-03
+100.998000E-06,-4.078407627E-03,-110.509578272E-03,+46.354427896E-03
+101.000000E-06,-4.197656212E-03,-107.251098372E-03,+46.284154654E-03
+101.002000E-06,-4.321498077E-03,-105.562970277E-03,+46.202103775E-03
+101.004000E-06,-4.450816543E-03,-106.897769298E-03,+46.230370108E-03
+101.006000E-06,-4.572185103E-03,-109.449590890E-03,+46.329302269E-03
+101.008000E-06,-4.692317011E-03,-109.920696381E-03,+46.353642720E-03
+101.010000E-06,-4.817395527E-03,-109.390702658E-03,+46.272769604E-03
+101.012000E-06,-4.948127310E-03,-109.586996638E-03,+46.206029655E-03
+101.014000E-06,-5.084512359E-03,-109.901066986E-03,+46.233903400E-03
+101.016000E-06,-5.214184154E-03,-109.940325776E-03,+46.324198626E-03
+101.018000E-06,-5.332902745E-03,-109.253296879E-03,+46.358353775E-03
+101.020000E-06,-5.442788108E-03,-108.605526787E-03,+46.270806664E-03
+101.022000E-06,-5.563980004E-03,-108.114791870E-03,+46.197392720E-03
+101.024000E-06,-5.700541718E-03,-107.506280568E-03,+46.246466214E-03
+101.026000E-06,-5.835336785E-03,-107.977386106E-03,+46.342650259E-03
+101.028000E-06,-5.949815427E-03,-109.429961480E-03,+46.360709303E-03
+101.030000E-06,-6.057757480E-03,-110.175878545E-03,+46.273554780E-03
+101.032000E-06,-6.180009363E-03,-109.704773007E-03,+46.211525886E-03
+101.034000E-06,-6.317984393E-03,-108.801820751E-03,+46.248429154E-03
+101.036000E-06,-6.448009518E-03,-107.584798147E-03,+46.331657796E-03
+101.038000E-06,-6.561781501E-03,-107.015545650E-03,+46.339902142E-03
+101.040000E-06,-6.661066990E-03,-107.918497922E-03,+46.248821740E-03
+101.042000E-06,-6.777135613E-03,-110.116990377E-03,+46.197392721E-03
+101.044000E-06,-6.913167333E-03,-110.411431298E-03,+46.274339958E-03
+101.046000E-06,-7.046725749E-03,-108.625156166E-03,+46.341079906E-03
+101.048000E-06,-7.168447638E-03,-109.331814490E-03,+46.326946740E-03
+101.050000E-06,-7.276213026E-03,-110.568466489E-03,+46.249606916E-03
+101.052000E-06,-7.387158377E-03,-109.488849632E-03,+46.203281540E-03
+101.054000E-06,-7.521070122E-03,-108.899967741E-03,+46.266880787E-03
+101.056000E-06,-7.659398481E-03,-110.077731571E-03,+46.337154027E-03
+101.058000E-06,-7.778117072E-03,-110.391801904E-03,+46.318309805E-03
+101.060000E-06,-7.882879163E-03,-109.174779284E-03,+46.220947996E-03
+101.062000E-06,-7.995944488E-03,-107.349245377E-03,+46.188363198E-03
+101.064000E-06,-8.127736258E-03,-106.564069523E-03,+46.268058551E-03
+101.066000E-06,-8.258291376E-03,-108.684044414E-03,+46.354035309E-03
+101.068000E-06,-8.379659936E-03,-110.234766746E-03,+46.334405910E-03
+101.070000E-06,-8.493608585E-03,-109.999213960E-03,+46.233903398E-03
+101.072000E-06,-8.604200606E-03,-109.665514217E-03,+46.195429781E-03
+101.074000E-06,-8.726805818E-03,-109.488849648E-03,+46.257851264E-03
+101.076000E-06,-8.864780849E-03,-109.881437592E-03,+46.341472495E-03
+101.078000E-06,-9.009645797E-03,-109.528108438E-03,+46.332835559E-03
+101.080000E-06,-9.142850883E-03,-108.782191356E-03,+46.239399629E-03
+101.082000E-06,-9.266869412E-03,-107.309986588E-03,+46.193466841E-03
+101.084000E-06,-9.403431125E-03,-106.976286861E-03,+46.257458676E-03
+101.086000E-06,-9.540699497E-03,-108.468121040E-03,+46.341472495E-03
+101.088000E-06,-9.671607944E-03,-110.470319515E-03,+46.335583674E-03
+101.090000E-06,-9.796686460E-03,-109.488849632E-03,+46.256280910E-03
+101.092000E-06,-9.914875058E-03,-107.525909946E-03,+46.206814831E-03
+101.094000E-06,-10.039600245E-03,-108.782191388E-03,+46.250784681E-03
+101.096000E-06,-10.165385420E-03,-111.608824540E-03,+46.334798500E-03
+101.098000E-06,-10.282514030E-03,-110.882536805E-03,+46.345790961E-03
+101.100000E-06,-10.392222729E-03,-107.565168720E-03,+46.263347493E-03
+101.102000E-06,-10.505994713E-03,-105.602229066E-03,+46.193859429E-03
+101.104000E-06,-10.622946659E-03,-106.760363518E-03,+46.235081164E-03
+101.106000E-06,-10.734068674E-03,-109.155149937E-03,+46.319094982E-03
+101.108000E-06,-10.844307366E-03,-110.156249150E-03,+46.332835559E-03
+101.110000E-06,-10.958256014E-03,-109.704773006E-03,+46.272769604E-03
+101.112000E-06,-11.075207960E-03,-109.351443869E-03,+46.220162821E-03
+101.114000E-06,-11.194986539E-03,-109.037373520E-03,+46.246858802E-03
+101.116000E-06,-11.317591752E-03,-109.685143628E-03,+46.314776515E-03
+101.118000E-06,-11.428183773E-03,-108.958855925E-03,+46.337546614E-03
+101.120000E-06,-11.535772497E-03,-108.154050659E-03,+46.276302895E-03
+101.122000E-06,-11.650604468E-03,-107.781092127E-03,+46.206814831E-03
+101.124000E-06,-11.771443035E-03,-107.054804440E-03,+46.233903400E-03
+101.126000E-06,-11.886804999E-03,-106.819251687E-03,+46.315954279E-03
+101.128000E-06,-11.997573685E-03,-108.585897425E-03,+46.351679780E-03
+101.130000E-06,-12.109049030E-03,-110.215137351E-03,+46.283762066E-03
+101.132000E-06,-12.223174342E-03,-110.686242857E-03,+46.204851891E-03
+101.134000E-06,-12.346309549E-03,-109.763661191E-03,+46.225266465E-03
+101.136000E-06,-12.465734798E-03,-108.114791854E-03,+46.314776515E-03
+101.138000E-06,-12.585690042E-03,-106.662216496E-03,+46.346183549E-03
+101.140000E-06,-12.697165386E-03,-107.859609738E-03,+46.266488197E-03
+101.142000E-06,-12.808640731E-03,-109.704773039E-03,+46.191503901E-03
+101.144000E-06,-12.920292739E-03,-109.665514217E-03,+46.234688576E-03
+101.146000E-06,-13.036891356E-03,-108.252197633E-03,+46.330087445E-03
+101.148000E-06,-13.154196632E-03,-108.742932583E-03,+46.345398373E-03
+101.150000E-06,-13.267791951E-03,-110.215137351E-03,+46.268843724E-03
+101.152000E-06,-13.385803884E-03,-110.686242857E-03,+46.194644605E-03
+101.154000E-06,-13.504522476E-03,-109.901066970E-03,+46.232333048E-03
+101.156000E-06,-13.620767763E-03,-109.233667484E-03,+46.326946741E-03
+101.158000E-06,-13.729239810E-03,-109.155149905E-03,+46.347753901E-03
+101.160000E-06,-13.839125173E-03,-109.155149905E-03,+46.266488197E-03
+101.162000E-06,-13.951837169E-03,-108.330715228E-03,+46.183259555E-03
+101.164000E-06,-14.062429191E-03,-106.976286845E-03,+46.239007043E-03
+101.166000E-06,-14.178851143E-03,-107.486651189E-03,+46.341865083E-03
+101.168000E-06,-14.291209810E-03,-110.058102193E-03,+46.352464956E-03
+101.170000E-06,-14.397915211E-03,-110.961054416E-03,+46.266880785E-03
+101.172000E-06,-14.503913954E-03,-109.802919980E-03,+46.197000133E-03
+101.174000E-06,-14.609912696E-03,-108.939226530E-03,+46.232725636E-03
+101.176000E-06,-14.713438135E-03,-108.978485336E-03,+46.324198626E-03
+101.178000E-06,-14.827740112E-03,-109.685143628E-03,+46.347361313E-03
+101.180000E-06,-14.934975507E-03,-109.371073263E-03,+46.266488197E-03
+101.182000E-06,-15.039737597E-03,-108.075533064E-03,+46.199748248E-03
+101.184000E-06,-15.139376415E-03,-107.486651173E-03,+46.241362571E-03
+101.186000E-06,-15.239545227E-03,-109.488849680E-03,+46.325376389E-03
+101.188000E-06,-15.348547267E-03,-111.569565735E-03,+46.344613197E-03
+101.190000E-06,-15.450129396E-03,-110.175878513E-03,+46.271591840E-03
+101.192000E-06,-15.551711524E-03,-107.467021746E-03,+46.206029655E-03
+101.194000E-06,-15.662126881E-03,-108.487750435E-03,+46.225659053E-03
+101.196000E-06,-15.772542238E-03,-111.569565751E-03,+46.306532169E-03
+101.198000E-06,-15.875361018E-03,-111.157348364E-03,+46.334013323E-03
+101.200000E-06,-15.968463247E-03,-107.879239068E-03,+46.267665961E-03
+101.202000E-06,-16.060328824E-03,-105.916299415E-03,+46.208385183E-03
+101.204000E-06,-16.155904357E-03,-106.937028088E-03,+46.239792219E-03
+101.206000E-06,-16.254483187E-03,-109.449590891E-03,+46.311243224E-03
+101.208000E-06,-16.359598607E-03,-111.157348396E-03,+46.331657795E-03
+101.210000E-06,-16.459414090E-03,-109.567367211E-03,+46.275517720E-03
+101.212000E-06,-16.549689685E-03,-107.525909946E-03,+46.234295987E-03
+101.214000E-06,-16.639965281E-03,-108.507379830E-03,+46.232333048E-03
+101.216000E-06,-16.737837453E-03,-110.332913736E-03,+46.282191716E-03
+101.218000E-06,-16.840479569E-03,-110.018843355E-03,+46.322235685E-03
+101.220000E-06,-16.931285159E-03,-107.879239084E-03,+46.288473122E-03
+101.222000E-06,-17.010430886E-03,-106.622957707E-03,+46.233510811E-03
+101.224000E-06,-17.096819862E-03,-107.172580841E-03,+46.231940460E-03
+101.226000E-06,-17.188155445E-03,-109.057002947E-03,+46.279443601E-03
+101.228000E-06,-17.278784370E-03,-110.411431315E-03,+46.330087444E-03
+101.230000E-06,-17.354396806E-03,-109.881437575E-03,+46.303391463E-03
+101.232000E-06,-17.436545831E-03,-108.821450145E-03,+46.243718097E-03
+101.234000E-06,-17.518694857E-03,-108.684044382E-03,+46.224873877E-03
+101.236000E-06,-17.604377174E-03,-107.997015485E-03,+46.264525259E-03
+101.238000E-06,-17.696772745E-03,-106.799622276E-03,+46.314383927E-03
+101.240000E-06,-17.778921770E-03,-107.192210236E-03,+46.295932293E-03
+101.242000E-06,-17.860717466E-03,-109.469220286E-03,+46.251177268E-03
+101.244000E-06,-17.936506567E-03,-110.058102161E-03,+46.237044103E-03
+101.246000E-06,-18.017595605E-03,-108.448491596E-03,+46.266095610E-03
+101.248000E-06,-18.100804618E-03,-108.625156198E-03,+46.308887696E-03
+101.250000E-06,-18.185426948E-03,-110.195507956E-03,+46.311635810E-03
+101.252000E-06,-18.273935898E-03,-111.235865975E-03,+46.264525258E-03
+101.254000E-06,-18.361738190E-03,-110.116990328E-03,+46.230370107E-03
+101.256000E-06,-18.444417209E-03,-108.841079540E-03,+46.245681038E-03
+101.258000E-06,-18.527626222E-03,-108.684044382E-03,+46.303391465E-03
+101.260000E-06,-18.611011899E-03,-108.821450162E-03,+46.319487569E-03
+101.262000E-06,-18.693160925E-03,-109.115891115E-03,+46.273947368E-03
+101.264000E-06,-18.770186678E-03,-107.918497890E-03,+46.234295987E-03
+101.266000E-06,-18.847742424E-03,-107.741833337E-03,+46.243325510E-03
+101.268000E-06,-18.934131400E-03,-110.215137367E-03,+46.292006414E-03
+101.270000E-06,-19.019283723E-03,-111.118089590E-03,+46.320665333E-03
+101.272000E-06,-19.109029325E-03,-110.097360934E-03,+46.282584303E-03
+101.274000E-06,-19.188351717E-03,-109.115891099E-03,+46.232725635E-03
+101.276000E-06,-19.262374172E-03,-109.272926290E-03,+46.237436691E-03
+101.278000E-06,-19.339576590E-03,-109.174779300E-03,+46.296717470E-03
+101.280000E-06,-19.427202217E-03,-108.468121007E-03,+46.324198625E-03
+101.282000E-06,-19.521187769E-03,-107.682945137E-03,+46.285725006E-03
+101.284000E-06,-19.602276807E-03,-107.172580824E-03,+46.244110685E-03
+101.286000E-06,-19.674002623E-03,-108.350344655E-03,+46.249999505E-03
+101.288000E-06,-19.748378407E-03,-110.450690121E-03,+46.295539706E-03
+101.290000E-06,-19.831940749E-03,-109.351443852E-03,+46.323806037E-03
+101.292000E-06,-19.916739743E-03,-108.193309449E-03,+46.291221237E-03
+101.294000E-06,-19.999065433E-03,-109.979584598E-03,+46.231155283E-03
+101.296000E-06,-20.076091186E-03,-111.903265478E-03,+46.228799756E-03
+101.298000E-06,-20.154883585E-03,-110.627354640E-03,+46.287295359E-03
+101.300000E-06,-20.230319357E-03,-107.525909930E-03,+46.314776514E-03
+101.302000E-06,-20.312645047E-03,-106.151852184E-03,+46.292791589E-03
+101.304000E-06,-20.391084116E-03,-107.113692657E-03,+46.248036564E-03
+101.306000E-06,-20.466343224E-03,-108.782191389E-03,+46.236651515E-03
+101.308000E-06,-20.541249002E-03,-109.547737849E-03,+46.274339957E-03
+101.310000E-06,-20.619864736E-03,-109.488849648E-03,+46.301821112E-03
+101.312000E-06,-20.702720420E-03,-109.331814474E-03,+46.299465584E-03
+101.314000E-06,-20.784869445E-03,-109.999213976E-03,+46.265703022E-03
+101.316000E-06,-20.864368502E-03,-109.959955171E-03,+46.241755158E-03
+101.318000E-06,-20.947224186E-03,-109.115891099E-03,+46.271984430E-03
+101.320000E-06,-21.024426603E-03,-108.311085833E-03,+46.298680409E-03
+101.322000E-06,-21.095799090E-03,-107.388504183E-03,+46.299072997E-03
+101.324000E-06,-21.175121482E-03,-106.995916256E-03,+46.276695484E-03
+101.326000E-06,-21.254443875E-03,-107.918497922E-03,+46.248821740E-03
+101.328000E-06,-21.331116298E-03,-109.429961480E-03,+46.261777143E-03
+101.330000E-06,-21.402488785E-03,-110.588095884E-03,+46.291613826E-03
+101.332000E-06,-21.475627917E-03,-110.450690088E-03,+46.295539705E-03
+101.334000E-06,-21.552830335E-03,-109.449590842E-03,+46.265310434E-03
+101.336000E-06,-21.631799398E-03,-108.212938843E-03,+46.239007042E-03
+101.338000E-06,-21.712181778E-03,-106.681845891E-03,+46.246858801E-03
+101.340000E-06,-21.793977474E-03,-107.447392400E-03,+46.284154656E-03
+101.342000E-06,-21.869766575E-03,-109.645884855E-03,+46.302998876E-03
+101.344000E-06,-21.944672353E-03,-109.665514217E-03,+46.285725006E-03
+101.346000E-06,-22.023288088E-03,-107.977386074E-03,+46.252747620E-03
+101.348000E-06,-22.112327031E-03,-108.154050675E-03,+46.245681037E-03
+101.350000E-06,-22.194122728E-03,-110.274025552E-03,+46.283762068E-03
+101.352000E-06,-22.273445120E-03,-110.980683811E-03,+46.322235685E-03
+101.354000E-06,-22.362484064E-03,-109.940325759E-03,+46.293969353E-03
+101.356000E-06,-22.451699672E-03,-108.684044366E-03,+46.234295986E-03
+101.358000E-06,-22.538265312E-03,-108.939226546E-03,+46.234688575E-03
+101.360000E-06,-22.615821059E-03,-109.410332069E-03,+46.277088073E-03
+101.362000E-06,-22.688430197E-03,-108.507379797E-03,+46.315954278E-03
+101.364000E-06,-22.764219298E-03,-106.858510460E-03,+46.304176640E-03
+101.366000E-06,-22.844248349E-03,-107.329616015E-03,+46.249606916E-03
+101.368000E-06,-22.930990653E-03,-110.450690137E-03,+46.231155284E-03
+101.370000E-06,-23.007486412E-03,-111.294754159E-03,+46.281799128E-03
+101.372000E-06,-23.078682234E-03,-108.742932533E-03,+46.319487570E-03
+101.374000E-06,-23.153058019E-03,-108.369974034E-03,+46.299072996E-03
+101.376000E-06,-23.237857013E-03,-110.156249167E-03,+46.246073625E-03
+101.378000E-06,-23.331489236E-03,-110.823648637E-03,+46.233510811E-03
+101.380000E-06,-23.405158362E-03,-108.546638570E-03,+46.276695485E-03
+101.382000E-06,-23.458511062E-03,-106.014446388E-03,+46.329694856E-03
+101.384000E-06,-23.519283674E-03,-106.112593411E-03,+46.311635810E-03
+101.386000E-06,-23.595072775E-03,-109.331814523E-03,+46.250392092E-03
+101.388000E-06,-23.681461751E-03,-111.706971514E-03,+46.239399630E-03
+101.390000E-06,-23.751774250E-03,-109.371073230E-03,+46.291221239E-03
+101.392000E-06,-23.804773621E-03,-106.249999141E-03,+46.334405911E-03
+101.394000E-06,-23.859362973E-03,-108.193309498E-03,+46.301035936E-03
+101.396000E-06,-23.934268752E-03,-112.099559475E-03,+46.240577393E-03
+101.398000E-06,-24.018184423E-03,-111.510677501E-03,+46.235473751E-03
+101.400000E-06,-24.086906941E-03,-107.781092077E-03,+46.288080535E-03
+101.402000E-06,-24.129836431E-03,-105.896670020E-03,+46.320272745E-03
+101.404000E-06,-24.176829207E-03,-107.486651206E-03,+46.288080534E-03
+101.406000E-06,-24.247141707E-03,-109.802920029E-03,+46.249999504E-03
+101.408000E-06,-24.333000689E-03,-109.685143612E-03,+46.256280912E-03
+101.410000E-06,-24.408259796E-03,-108.801820750E-03,+46.290828650E-03
+101.412000E-06,-24.463202477E-03,-108.821450162E-03,+46.314776514E-03
+101.414000E-06,-24.510548582E-03,-109.115891115E-03,+46.279051011E-03
+101.416000E-06,-24.570791201E-03,-108.742932566E-03,+46.240577394E-03
+101.418000E-06,-24.652763562E-03,-108.409232823E-03,+46.263347495E-03
+101.420000E-06,-24.717776124E-03,-108.369974034E-03,+46.300250761E-03
+101.422000E-06,-24.758938969E-03,-107.820350916E-03,+46.304961816E-03
+101.424000E-06,-24.797098516E-03,-107.604427558E-03,+46.263740082E-03
+101.426000E-06,-24.856281147E-03,-108.134421281E-03,+46.235866339E-03
+101.428000E-06,-24.920940380E-03,-109.174779316E-03,+46.268451138E-03
+101.430000E-06,-24.973586422E-03,-109.586996638E-03,+46.306532168E-03
+101.432000E-06,-25.012099299E-03,-110.038472766E-03,+46.294754529E-03
+101.434000E-06,-25.047608877E-03,-109.547737832E-03,+46.237436690E-03
+101.436000E-06,-25.087888400E-03,-108.095162458E-03,+46.232333048E-03
+101.438000E-06,-25.146187708E-03,-106.524810716E-03,+46.287687947E-03
+101.440000E-06,-25.208196973E-03,-107.565168785E-03,+46.320272745E-03
+101.442000E-06,-25.250596470E-03,-109.665514250E-03,+46.285332418E-03
+101.444000E-06,-25.277802813E-03,-108.703673760E-03,+46.244110685E-03
+101.446000E-06,-25.309425772E-03,-107.290357193E-03,+46.249999505E-03
+101.448000E-06,-25.361718485E-03,-107.388504199E-03,+46.306532168E-03
+101.450000E-06,-25.416837831E-03,-109.763661240E-03,+46.336368851E-03
+101.452000E-06,-25.471957177E-03,-111.059201407E-03,+46.281799127E-03
+101.454000E-06,-25.520893263E-03,-109.959955154E-03,+46.221340585E-03
+101.456000E-06,-25.557816158E-03,-108.684044366E-03,+46.233118224E-03
+101.458000E-06,-25.598095681E-03,-107.977386090E-03,+46.321057922E-03
+101.460000E-06,-25.647738425E-03,-108.448491629E-03,+46.344220609E-03
+101.462000E-06,-25.692434562E-03,-107.565168752E-03,+46.277088071E-03
+101.464000E-06,-25.733774071E-03,-106.603328312E-03,+46.217807293E-03
+101.466000E-06,-25.779706860E-03,-107.035175061E-03,+46.235473751E-03
+101.468000E-06,-25.817689742E-03,-109.312185112E-03,+46.315954279E-03
+101.470000E-06,-25.854435973E-03,-110.862907443E-03,+46.343435434E-03
+101.472000E-06,-25.907258680E-03,-109.940325759E-03,+46.277088071E-03
+101.474000E-06,-25.958668070E-03,-109.371073263E-03,+46.212311062E-03
+101.476000E-06,-26.004600859E-03,-109.586996638E-03,+46.229192344E-03
+101.478000E-06,-26.042407077E-03,-109.901066986E-03,+46.320665334E-03
+101.480000E-06,-26.081626611E-03,-109.253296878E-03,+46.344220609E-03
+101.482000E-06,-26.126146083E-03,-107.918497889E-03,+46.279836187E-03
+101.484000E-06,-26.175082170E-03,-106.917398660E-03,+46.215451765E-03
+101.486000E-06,-26.215891685E-03,-108.860708984E-03,+46.221340586E-03
+101.488000E-06,-26.254227897E-03,-111.491048156E-03,+46.308495108E-03
+101.490000E-06,-26.289914141E-03,-110.038472733E-03,+46.353642720E-03
+101.492000E-06,-26.331430315E-03,-106.897769232E-03,+46.295147116E-03
+101.494000E-06,-26.373829812E-03,-107.997015518E-03,+46.206422243E-03
+101.496000E-06,-26.417465961E-03,-110.961054450E-03,+46.214274003E-03
+101.498000E-06,-26.452622210E-03,-110.941425005E-03,+46.310458048E-03
+101.500000E-06,-26.480358548E-03,-108.134421231E-03,+46.351287192E-03
+101.502000E-06,-26.510921519E-03,-106.367775542E-03,+46.275517719E-03
+101.504000E-06,-26.543251135E-03,-106.858510493E-03,+46.206422243E-03
+101.506000E-06,-26.585650632E-03,-109.017744159E-03,+46.222910937E-03
+101.508000E-06,-26.626990142E-03,-110.136619756E-03,+46.319880159E-03
+101.510000E-06,-26.666739670E-03,-109.567367227E-03,+46.363457418E-03
+101.512000E-06,-26.703839230E-03,-109.331814474E-03,+46.304569227E-03
+101.514000E-06,-26.741822113E-03,-109.449590859E-03,+46.215844353E-03
+101.516000E-06,-26.770088444E-03,-109.194408694E-03,+46.209955535E-03
+101.518000E-06,-26.809307979E-03,-108.742932566E-03,+46.298680410E-03
+101.520000E-06,-26.852767464E-03,-108.409232823E-03,+46.346968725E-03
+101.522000E-06,-26.890397017E-03,-107.545539357E-03,+46.297110056E-03
+101.524000E-06,-26.922196640E-03,-107.152951430E-03,+46.228799755E-03
+101.526000E-06,-26.953289604E-03,-108.212938876E-03,+46.217414706E-03
+101.528000E-06,-26.983145917E-03,-110.156249167E-03,+46.293969355E-03
+101.530000E-06,-27.019008825E-03,-110.411431298E-03,+46.343435434E-03
+101.532000E-06,-27.049571796E-03,-108.487750385E-03,+46.304961815E-03
+101.534000E-06,-27.076778140E-03,-108.350344639E-03,+46.235473750E-03
+101.536000E-06,-27.099921198E-03,-109.194408711E-03,+46.223696113E-03
+101.538000E-06,-27.127480871E-03,-108.762561961E-03,+46.292006415E-03
+101.540000E-06,-27.153273899E-03,-108.134421264E-03,+46.343042846E-03
+101.542000E-06,-27.181186901E-03,-108.880338363E-03,+46.307709931E-03
+101.544000E-06,-27.194613408E-03,-108.998114731E-03,+46.235866338E-03
+101.546000E-06,-27.200973333E-03,-108.723303172E-03,+46.209955535E-03
+101.548000E-06,-27.214046511E-03,-108.821450162E-03,+46.273554782E-03
+101.550000E-06,-27.235599589E-03,-109.390702674E-03,+46.343435434E-03
+101.552000E-06,-27.260685958E-03,-110.018843371E-03,+46.330087443E-03
+101.554000E-06,-27.283652352E-03,-110.097360950E-03,+46.252747619E-03
+101.556000E-06,-27.296372201E-03,-109.547737832E-03,+46.209170359E-03
+101.558000E-06,-27.305205430E-03,-109.194408694E-03,+46.262169732E-03
+101.560000E-06,-27.308738721E-03,-109.017744125E-03,+46.319880158E-03
+101.562000E-06,-27.316511962E-03,-108.036274274E-03,+46.307709931E-03
+101.564000E-06,-27.328701818E-03,-106.799622275E-03,+46.252747619E-03
+101.566000E-06,-27.342658319E-03,-107.604427574E-03,+46.228799756E-03
+101.568000E-06,-27.353081528E-03,-109.940325809E-03,+46.264917847E-03
+101.570000E-06,-27.365448048E-03,-110.941425022E-03,+46.322628274E-03
+101.572000E-06,-27.369511333E-03,-110.489948877E-03,+46.319094981E-03
+101.574000E-06,-27.374811270E-03,-109.861808180E-03,+46.254317971E-03
+101.576000E-06,-27.384174493E-03,-109.096261704E-03,+46.217807294E-03
+101.578000E-06,-27.395304361E-03,-108.998114731E-03,+46.255103148E-03
+101.580000E-06,-27.401664285E-03,-108.585897392E-03,+46.310458047E-03
+101.582000E-06,-27.401134291E-03,-108.252197649E-03,+46.323020861E-03
+101.584000E-06,-27.407140887E-03,-107.525909962E-03,+46.277088071E-03
+101.586000E-06,-27.419154078E-03,-108.801820784E-03,+46.231940459E-03
+101.588000E-06,-27.433110579E-03,-111.471418762E-03,+46.251177269E-03
+101.590000E-06,-27.436113877E-03,-110.450690071E-03,+46.306924756E-03
+101.592000E-06,-27.427633977E-03,-107.368874754E-03,+46.325376388E-03
+101.594000E-06,-27.426397325E-03,-107.368874805E-03,+46.271984428E-03
+101.596000E-06,-27.437527193E-03,-110.450690138E-03,+46.222910936E-03
+101.598000E-06,-27.451483694E-03,-110.607725262E-03,+46.249999505E-03
+101.600000E-06,-27.460670252E-03,-107.682945103E-03,+46.301428525E-03
+101.602000E-06,-27.451837023E-03,-106.583698917E-03,+46.321843097E-03
+101.604000E-06,-27.441767143E-03,-107.309986621E-03,+46.277088071E-03
+101.606000E-06,-27.447950403E-03,-109.076632343E-03,+46.240184806E-03
+101.608000E-06,-27.461376910E-03,-109.586996638E-03,+46.263347495E-03
+101.610000E-06,-27.458196948E-03,-109.351443868E-03,+46.311243223E-03
+101.612000E-06,-27.450070378E-03,-110.274025536E-03,+46.325768976E-03
+101.614000E-06,-27.444063782E-03,-111.098460196E-03,+46.271984428E-03
+101.616000E-06,-27.444593776E-03,-110.784389831E-03,+46.225659052E-03
+101.618000E-06,-27.446007093E-03,-109.488849631E-03,+46.255888324E-03
+101.620000E-06,-27.438763845E-03,-108.487750402E-03,+46.310458047E-03
+101.622000E-06,-27.421627381E-03,-107.408133577E-03,+46.317524630E-03
+101.624000E-06,-27.410674178E-03,-107.545539374E-03,+46.276302896E-03
+101.626000E-06,-27.410674178E-03,-108.271827060E-03,+46.245681037E-03
+101.628000E-06,-27.408377539E-03,-109.881437609E-03,+46.269628902E-03
+101.630000E-06,-27.395657690E-03,-111.334012966E-03,+46.312028399E-03
+101.632000E-06,-27.381524524E-03,-110.686242841E-03,+46.312028398E-03
+101.634000E-06,-27.371101314E-03,-109.744031795E-03,+46.267273373E-03
+101.636000E-06,-27.361208098E-03,-108.114791853E-03,+46.236258927E-03
+101.638000E-06,-27.351314882E-03,-107.074433834E-03,+46.265703023E-03
+101.640000E-06,-27.338948362E-03,-108.055903702E-03,+46.303391464E-03
+101.642000E-06,-27.320045253E-03,-109.999213994E-03,+46.310850635E-03
+101.644000E-06,-27.301495473E-03,-109.842178786E-03,+46.278265836E-03
+101.646000E-06,-27.276939098E-03,-107.997015468E-03,+46.240577394E-03
+101.648000E-06,-27.260155964E-03,-108.154050676E-03,+46.252355033E-03
+101.650000E-06,-27.234716265E-03,-110.548837112E-03,+46.304176641E-03
+101.652000E-06,-27.216519815E-03,-111.569565719E-03,+46.330480032E-03
+101.654000E-06,-27.211926536E-03,-110.568466456E-03,+46.286510182E-03
+101.656000E-06,-27.197970035E-03,-108.899967724E-03,+46.241362569E-03
+101.658000E-06,-27.175003640E-03,-108.271827044E-03,+46.252355033E-03
+101.660000E-06,-27.139847391E-03,-108.762561978E-03,+46.298680409E-03
+101.662000E-06,-27.100627856E-03,-108.428862218E-03,+46.315954278E-03
+101.664000E-06,-27.069711556E-03,-106.721104679E-03,+46.298287820E-03
+101.666000E-06,-27.049925124E-03,-107.447392400E-03,+46.262562318E-03
+101.668000E-06,-27.025368749E-03,-109.920696415E-03,+46.246858801E-03
+101.670000E-06,-26.986325878E-03,-110.666613463E-03,+46.278265837E-03
+101.672000E-06,-26.947813002E-03,-109.626255411E-03,+46.315954278E-03
+101.674000E-06,-26.915836715E-03,-109.057002915E-03,+46.293184177E-03
+101.676000E-06,-26.885980402E-03,-108.998114731E-03,+46.245288449E-03
+101.678000E-06,-26.852590798E-03,-108.860708951E-03,+46.241755158E-03
+101.680000E-06,-26.813724592E-03,-108.566267997E-03,+46.264132671E-03
+101.682000E-06,-26.771678425E-03,-107.015545633E-03,+46.308495108E-03
+101.684000E-06,-26.734225536E-03,-107.074433851E-03,+46.314383926E-03
+101.686000E-06,-26.691296045E-03,-109.449590892E-03,+46.264917845E-03
+101.688000E-06,-26.658613099E-03,-111.569565736E-03,+46.233118223E-03
+101.690000E-06,-26.621336875E-03,-109.763661173E-03,+46.265310435E-03
+101.692000E-06,-26.567100851E-03,-105.759264206E-03,+46.311635811E-03
+101.694000E-06,-26.515514797E-03,-107.427763023E-03,+46.312028398E-03
+101.696000E-06,-26.477001920E-03,-112.688441400E-03,+46.278265836E-03
+101.698000E-06,-26.436545733E-03,-112.433259151E-03,+46.243325509E-03
+101.700000E-06,-26.381956381E-03,-107.898868443E-03,+46.249999505E-03
+101.702000E-06,-26.324187066E-03,-105.759264240E-03,+46.290043475E-03
+101.704000E-06,-26.257584523E-03,-107.054804473E-03,+46.312028399E-03
+101.706000E-06,-26.197165240E-03,-110.568466523E-03,+46.289650886E-03
+101.708000E-06,-26.147699160E-03,-111.451789334E-03,+46.258636439E-03
+101.710000E-06,-26.098409744E-03,-109.724402384E-03,+46.257458675E-03
+101.712000E-06,-26.037813796E-03,-108.782191356E-03,+46.285332419E-03
+101.714000E-06,-25.966971303E-03,-109.508479060E-03,+46.305746992E-03
+101.716000E-06,-25.896128810E-03,-110.313284325E-03,+46.283369479E-03
+101.718000E-06,-25.845249414E-03,-109.449590842E-03,+46.260599379E-03
+101.720000E-06,-25.803379911E-03,-108.487750402E-03,+46.257851263E-03
+101.722000E-06,-25.743843950E-03,-107.682945136E-03,+46.277088072E-03
+101.724000E-06,-25.670528153E-03,-107.172580824E-03,+46.293576766E-03
+101.726000E-06,-25.595622375E-03,-107.388504199E-03,+46.292791590E-03
+101.728000E-06,-25.536793073E-03,-108.801820784E-03,+46.270414077E-03
+101.730000E-06,-25.488916975E-03,-109.822549408E-03,+46.267273374E-03
+101.732000E-06,-25.443514180E-03,-109.940325776E-03,+46.270021489E-03
+101.734000E-06,-25.374791661E-03,-108.978485319E-03,+46.264917846E-03
+101.736000E-06,-25.291582648E-03,-107.604427541E-03,+46.272377017E-03
+101.738000E-06,-25.220386826E-03,-106.603328311E-03,+46.270806665E-03
+101.740000E-06,-25.167210791E-03,-107.859609739E-03,+46.273162193E-03
+101.742000E-06,-25.115094742E-03,-109.842178820E-03,+46.270806665E-03
+101.744000E-06,-25.039305641E-03,-109.959955170E-03,+46.275910308E-03
+101.746000E-06,-24.937900177E-03,-108.703673760E-03,+46.265703022E-03
+101.748000E-06,-24.859284443E-03,-109.076632326E-03,+46.269628902E-03
+101.750000E-06,-24.800455141E-03,-110.804019259E-03,+46.286902771E-03
+101.752000E-06,-24.737739219E-03,-111.451789334E-03,+46.283762067E-03
+101.754000E-06,-24.667956713E-03,-109.999213943E-03,+46.263740082E-03
+101.756000E-06,-24.584924364E-03,-108.546638586E-03,+46.255495736E-03
+101.758000E-06,-24.496415414E-03,-108.507379813E-03,+46.276695485E-03
+101.760000E-06,-24.423452947E-03,-109.763661224E-03,+46.290828650E-03
+101.762000E-06,-24.354023770E-03,-108.978485319E-03,+46.281406539E-03
+101.764000E-06,-24.274878042E-03,-107.467021761E-03,+46.263347494E-03
+101.766000E-06,-24.185662434E-03,-107.682945153E-03,+46.255495736E-03
+101.768000E-06,-24.093973522E-03,-109.115891133E-03,+46.276695485E-03
+101.770000E-06,-24.015711117E-03,-111.098460213E-03,+46.296324881E-03
+101.772000E-06,-23.941865326E-03,-111.078830784E-03,+46.290436062E-03
+101.774000E-06,-23.862189605E-03,-110.627354657E-03,+46.264525258E-03
+101.776000E-06,-23.779157256E-03,-109.881437575E-03,+46.252747620E-03
+101.778000E-06,-23.693298275E-03,-109.508479043E-03,+46.281799128E-03
+101.780000E-06,-23.614505876E-03,-108.644785576E-03,+46.299858173E-03
+101.782000E-06,-23.530590205E-03,-107.565168751E-03,+46.285332419E-03
+101.784000E-06,-23.448264515E-03,-107.152951430E-03,+46.274732544E-03
+101.786000E-06,-23.373712066E-03,-109.449590893E-03,+46.257066087E-03
+101.788000E-06,-23.302692909E-03,-111.844377295E-03,+46.271199253E-03
+101.790000E-06,-23.224607168E-03,-109.802919962E-03,+46.301035937E-03
+101.792000E-06,-23.146698092E-03,-106.995916221E-03,+46.293969353E-03
+101.794000E-06,-23.067729029E-03,-108.291456472E-03,+46.259421615E-03
+101.796000E-06,-22.994766561E-03,-111.137719020E-03,+46.246466213E-03
+101.798000E-06,-22.923924068E-03,-110.411431281E-03,+46.275517721E-03
+101.800000E-06,-22.844601676E-03,-107.094063194E-03,+46.299072997E-03
+101.802000E-06,-22.749202807E-03,-105.131123543E-03,+46.290828650E-03
+101.804000E-06,-22.652920616E-03,-106.564069556E-03,+46.267273373E-03
+101.806000E-06,-22.576601522E-03,-109.135520544E-03,+46.242147746E-03
+101.808000E-06,-22.514238928E-03,-110.018843371E-03,+46.266488198E-03
+101.810000E-06,-22.439863144E-03,-108.860708934E-03,+46.300643349E-03
+101.812000E-06,-22.352414181E-03,-108.409232823E-03,+46.315954278E-03
+101.814000E-06,-22.259665281E-03,-109.469220270E-03,+46.265310433E-03
+101.816000E-06,-22.184936168E-03,-109.488849648E-03,+46.224873876E-03
+101.818000E-06,-22.114093675E-03,-108.644785576E-03,+46.269628902E-03
+101.820000E-06,-22.034771283E-03,-107.977386090E-03,+46.317917218E-03
+101.822000E-06,-21.944319022E-03,-107.624056952E-03,+46.307317343E-03
+101.824000E-06,-21.852453445E-03,-107.172580824E-03,+46.266488197E-03
+101.826000E-06,-21.770481084E-03,-108.075533097E-03,+46.233510811E-03
+101.828000E-06,-21.691158692E-03,-109.724402435E-03,+46.257066088E-03
+101.830000E-06,-21.604593052E-03,-110.489948894E-03,+46.310458047E-03
+101.832000E-06,-21.512020817E-03,-110.293654913E-03,+46.325768976E-03
+101.834000E-06,-21.422451879E-03,-108.880338329E-03,+46.263740081E-03
+101.836000E-06,-21.340832848E-03,-107.859609705E-03,+46.210740710E-03
+101.838000E-06,-21.267693715E-03,-106.505181321E-03,+46.240184807E-03
+101.840000E-06,-21.180774746E-03,-107.290357226E-03,+46.313991339E-03
+101.842000E-06,-21.078132630E-03,-109.626255462E-03,+46.340294730E-03
+101.844000E-06,-20.979730464E-03,-109.665514217E-03,+46.290436061E-03
+101.846000E-06,-20.894578141E-03,-108.389603411E-03,+46.214274001E-03
+101.848000E-06,-20.811192464E-03,-108.899967757E-03,+46.229192344E-03
+101.850000E-06,-20.721623526E-03,-110.234766747E-03,+46.312420988E-03
+101.852000E-06,-20.626224658E-03,-109.449590841E-03,+46.356783424E-03
+101.854000E-06,-20.543722304E-03,-108.487750402E-03,+46.298287820E-03
+101.856000E-06,-20.466873215E-03,-109.194408711E-03,+46.201318599E-03
+101.858000E-06,-20.376950948E-03,-109.999213977E-03,+46.207992596E-03
+101.860000E-06,-20.270245547E-03,-108.998114713E-03,+46.304176641E-03
+101.862000E-06,-20.163893476E-03,-106.779992863E-03,+46.355998248E-03
+101.864000E-06,-20.070261253E-03,-106.485551943E-03,+46.309280282E-03
+101.866000E-06,-19.984578936E-03,-108.409232857E-03,+46.213881413E-03
+101.868000E-06,-19.898543290E-03,-110.332913737E-03,+46.201318601E-03
+101.870000E-06,-19.799964459E-03,-110.705872252E-03,+46.294754531E-03
+101.872000E-06,-19.693435723E-03,-109.626255410E-03,+46.371309178E-03
+101.874000E-06,-19.597153532E-03,-109.744031812E-03,+46.325376387E-03
+101.876000E-06,-19.502461322E-03,-109.508479042E-03,+46.213096237E-03
+101.878000E-06,-19.410242416E-03,-109.881437592E-03,+46.192681666E-03
+101.880000E-06,-19.308483623E-03,-109.390702658E-03,+46.277088074E-03
+101.882000E-06,-19.194181645E-03,-108.212938842E-03,+46.366205535E-03
+101.884000E-06,-19.079526339E-03,-107.643686347E-03,+46.338724377E-03
+101.886000E-06,-18.974940913E-03,-109.371073297E-03,+46.220555408E-03
+101.888000E-06,-18.871768804E-03,-111.137719003E-03,+46.198963073E-03
+101.890000E-06,-18.762413434E-03,-109.979584548E-03,+46.291613827E-03
+101.892000E-06,-18.641044874E-03,-107.584798128E-03,+46.368168474E-03
+101.894000E-06,-18.525506244E-03,-108.232568271E-03,+46.319487568E-03
+101.896000E-06,-18.418447514E-03,-110.980683846E-03,+46.220555408E-03
+101.898000E-06,-18.306265512E-03,-110.941425005E-03,+46.196607545E-03
+101.900000E-06,-18.188253578E-03,-107.997015450E-03,+46.277480661E-03
+101.902000E-06,-18.062115074E-03,-105.935928808E-03,+46.355213072E-03
+101.904000E-06,-17.931206627E-03,-106.937028089E-03,+46.323413448E-03
+101.906000E-06,-17.803478143E-03,-109.312185113E-03,+46.232333046E-03
+101.908000E-06,-17.689882824E-03,-110.038472766E-03,+46.203674128E-03
+101.910000E-06,-17.569574251E-03,-109.685143611E-03,+46.275517722E-03
+101.912000E-06,-17.446792374E-03,-109.214038089E-03,+46.354820485E-03
+101.914000E-06,-17.313940616E-03,-109.567367244E-03,+46.312420986E-03
+101.916000E-06,-17.178438890E-03,-110.038472766E-03,+46.222518348E-03
+101.918000E-06,-17.050180412E-03,-109.547737832E-03,+46.207992596E-03
+101.920000E-06,-16.927928529E-03,-108.507379796E-03,+46.276302897E-03
+101.922000E-06,-16.800200044E-03,-107.270727797E-03,+46.335583675E-03
+101.924000E-06,-16.669114932E-03,-106.838881081E-03,+46.312420986E-03
+101.926000E-06,-16.538913143E-03,-107.486651190E-03,+46.239399629E-03
+101.928000E-06,-16.408888019E-03,-109.096261738E-03,+46.237829279E-03
+101.930000E-06,-16.276389591E-03,-110.136619757E-03,+46.296717470E-03
+101.932000E-06,-16.150957746E-03,-110.391801904E-03,+46.337939203E-03
+101.934000E-06,-16.022875932E-03,-109.861808180E-03,+46.298680408E-03
+101.936000E-06,-15.891790820E-03,-108.134421247E-03,+46.234688574E-03
+101.938000E-06,-15.765298987E-03,-105.975187597E-03,+46.231940460E-03
+101.940000E-06,-15.640750465E-03,-107.211839648E-03,+46.290436063E-03
+101.942000E-06,-15.512668651E-03,-109.351443903E-03,+46.334405911E-03
+101.944000E-06,-15.381583539E-03,-109.351443868E-03,+46.301035936E-03
+101.946000E-06,-15.246435142E-03,-108.212938842E-03,+46.237829278E-03
+101.948000E-06,-15.115703360E-03,-108.468121024E-03,+46.224088701E-03
+101.950000E-06,-14.990624844E-03,-110.038472783E-03,+46.281013952E-03
+101.952000E-06,-14.866252986E-03,-111.078830802E-03,+46.338724379E-03
+101.954000E-06,-14.729514607E-03,-109.959955153E-03,+46.312813574E-03
+101.956000E-06,-14.592246236E-03,-108.546638585E-03,+46.242147745E-03
+101.958000E-06,-14.461337789E-03,-108.369974034E-03,+46.227229404E-03
+101.960000E-06,-14.328839361E-03,-108.369974034E-03,+46.267665962E-03
+101.962000E-06,-14.182384431E-03,-107.545539356E-03,+46.312028399E-03
+101.964000E-06,-14.036459495E-03,-106.465922532E-03,+46.312028398E-03
+101.966000E-06,-13.900781105E-03,-107.152951447E-03,+46.267273373E-03
+101.968000E-06,-13.770225987E-03,-109.606626067E-03,+46.236258927E-03
+101.970000E-06,-13.631544299E-03,-110.627354674E-03,+46.271199254E-03
+101.972000E-06,-13.491625959E-03,-109.626255410E-03,+46.315169103E-03
+101.974000E-06,-13.346761010E-03,-108.369974017E-03,+46.304176639E-03
+101.976000E-06,-13.207372664E-03,-108.350344639E-03,+46.257851263E-03
+101.978000E-06,-13.076287552E-03,-109.057002932E-03,+46.232333047E-03
+101.980000E-06,-12.945025776E-03,-108.742932566E-03,+46.246073626E-03
+101.982000E-06,-12.798747511E-03,-107.447392366E-03,+46.295147118E-03
+101.984000E-06,-12.649112620E-03,-106.721104696E-03,+46.307317343E-03
+101.986000E-06,-12.511667584E-03,-108.703673812E-03,+46.280621363E-03
+101.988000E-06,-12.387119061E-03,-111.196607204E-03,+46.254710560E-03
+101.990000E-06,-12.255503956E-03,-109.861808163E-03,+46.262562319E-03
+101.992000E-06,-12.109049026E-03,-106.878139836E-03,+46.297110057E-03
+101.994000E-06,-11.960650786E-03,-107.584798180E-03,+46.299072997E-03
+101.996000E-06,-11.824619067E-03,-110.902166268E-03,+46.279443600E-03
+101.998000E-06,-11.692827297E-03,-110.666613446E-03,+46.254710560E-03
+102.000000E-06,-11.550258988E-03,-107.408133542E-03,+46.246073625E-03
+102.002000E-06,-11.396207482E-03,-106.132222789E-03,+46.283762068E-03
+102.004000E-06,-11.241979312E-03,-107.251098437E-03,+46.319487570E-03
+102.006000E-06,-11.099057674E-03,-109.076632344E-03,+46.301821112E-03
+102.008000E-06,-10.971329189E-03,-110.274025536E-03,+46.260206790E-03
+102.010000E-06,-10.835650799E-03,-109.312185062E-03,+46.240969982E-03
+102.012000E-06,-10.684955919E-03,-107.643686329E-03,+46.269236314E-03
+102.014000E-06,-10.531081078E-03,-108.252197666E-03,+46.301035937E-03
+102.016000E-06,-10.386922788E-03,-110.156249169E-03,+46.291221238E-03
+102.018000E-06,-10.249124423E-03,-109.724402400E-03,+46.261777142E-03
+102.020000E-06,-10.103376152E-03,-107.152951395E-03,+46.252355032E-03
+102.022000E-06,-9.942788057E-03,-105.837781835E-03,+46.279051012E-03
+102.024000E-06,-9.782729955E-03,-106.112593411E-03,+46.307709932E-03
+102.026000E-06,-9.627971791E-03,-107.957756730E-03,+46.305746991E-03
+102.028000E-06,-9.476393589E-03,-109.449590876E-03,+46.280228775E-03
+102.030000E-06,-9.316512153E-03,-109.488849648E-03,+46.257458675E-03
+102.032000E-06,-9.156630716E-03,-108.919597135E-03,+46.271199253E-03
+102.034000E-06,-8.999399248E-03,-109.115891116E-03,+46.287295359E-03
+102.036000E-06,-8.846231065E-03,-107.643686329E-03,+46.292006414E-03
+102.038000E-06,-8.702249440E-03,-105.916299413E-03,+46.281406539E-03
+102.040000E-06,-8.554557858E-03,-106.524810750E-03,+46.268843725E-03
+102.042000E-06,-8.401213010E-03,-109.253296930E-03,+46.275517721E-03
+102.044000E-06,-8.248398157E-03,-109.351443868E-03,+46.301428525E-03
+102.046000E-06,-8.099469923E-03,-107.663315724E-03,+46.293969353E-03
+102.048000E-06,-7.949835032E-03,-107.839980327E-03,+46.270414077E-03
+102.050000E-06,-7.795076867E-03,-110.097360985E-03,+46.267273374E-03
+102.052000E-06,-7.644558653E-03,-110.961054417E-03,+46.278265836E-03
+102.054000E-06,-7.497220401E-03,-109.253296860E-03,+46.282584303E-03
+102.056000E-06,-7.346525522E-03,-107.624056935E-03,+46.280228776E-03
+102.058000E-06,-7.191590693E-03,-107.977386107E-03,+46.279836188E-03
+102.060000E-06,-7.029942610E-03,-108.880338363E-03,+46.279836188E-03
+102.062000E-06,-6.866174553E-03,-108.311085833E-03,+46.274339957E-03
+102.064000E-06,-6.710886395E-03,-106.976286843E-03,+46.281799128E-03
+102.066000E-06,-6.561781498E-03,-107.074433851E-03,+46.285725007E-03
+102.068000E-06,-6.415856562E-03,-108.625156216E-03,+46.275125132E-03
+102.070000E-06,-6.252971827E-03,-109.528108454E-03,+46.281799128E-03
+102.072000E-06,-6.087613789E-03,-109.076632309E-03,+46.280228776E-03
+102.074000E-06,-5.925965706E-03,-108.585897392E-03,+46.274339957E-03
+102.076000E-06,-5.769794226E-03,-108.801820767E-03,+46.273554781E-03
+102.078000E-06,-5.620512663E-03,-109.115891116E-03,+46.287295359E-03
+102.080000E-06,-5.467167816E-03,-108.742932566E-03,+46.297502645E-03
+102.082000E-06,-5.314352962E-03,-107.309986586E-03,+46.287687946E-03
+102.084000E-06,-5.154294860E-03,-106.426663742E-03,+46.280621364E-03
+102.086000E-06,-4.996886728E-03,-108.389603463E-03,+46.271591841E-03
+102.088000E-06,-4.847428501E-03,-110.607725297E-03,+46.284154655E-03
+102.090000E-06,-4.695320305E-03,-109.645884805E-03,+46.305354404E-03
+102.092000E-06,-4.541445464E-03,-108.095162457E-03,+46.294361941E-03
+102.094000E-06,-4.389867262E-03,-109.822549426E-03,+46.262169730E-03
+102.096000E-06,-4.243588997E-03,-112.158447644E-03,+46.263347495E-03
+102.098000E-06,-4.093070783E-03,-110.804019208E-03,+46.294361942E-03
+102.100000E-06,-3.935662650E-03,-107.545539321E-03,+46.301428524E-03
+102.102000E-06,-3.776134542E-03,-106.014446403E-03,+46.274339956E-03
+102.104000E-06,-3.618903074E-03,-107.231469043E-03,+46.253925384E-03
+102.106000E-06,-3.470681499E-03,-109.488849683E-03,+46.268058550E-03
+102.108000E-06,-3.322459924E-03,-110.332913720E-03,+46.297895233E-03
+102.110000E-06,-3.167878424E-03,-109.449590841E-03,+46.296324881E-03
+102.112000E-06,-3.012413602E-03,-108.350344622E-03,+46.281799127E-03
+102.114000E-06,-2.859422084E-03,-109.312185097E-03,+46.260599379E-03
+102.116000E-06,-2.706783894E-03,-109.744031812E-03,+46.268843726E-03
+102.118000E-06,-2.552909053E-03,-108.958855924E-03,+46.297895233E-03
+102.120000E-06,-2.391437635E-03,-108.154050658E-03,+46.296324881E-03
+102.122000E-06,-2.227669578E-03,-107.231469008E-03,+46.265310434E-03
+102.124000E-06,-2.064961508E-03,-106.564069522E-03,+46.252747620E-03
+102.126000E-06,-1.899956798E-03,-107.309986621E-03,+46.268058550E-03
+102.128000E-06,-1.732125456E-03,-108.801820785E-03,+46.297895233E-03
+102.130000E-06,-1.560230828E-03,-110.234766747E-03,+46.293576765E-03
+102.132000E-06,-1.391516163E-03,-109.999213960E-03,+46.262169730E-03
+102.134000E-06,-1.227041448E-03,-109.115891098E-03,+46.244110685E-03
+102.136000E-06,-1.069279986E-03,-108.036274273E-03,+46.272377017E-03
+102.138000E-06,-911.165195E-06,-107.074433834E-03,+46.312420987E-03
+102.140000E-06,-740.507219E-06,-107.781092144E-03,+46.298287820E-03
+102.142000E-06,-569.319250E-06,-109.410332087E-03,+46.259814202E-03
+102.144000E-06,-405.727857E-06,-109.214038089E-03,+46.251962444E-03
+102.146000E-06,-243.196452E-06,-108.193309448E-03,+46.276302897E-03
+102.148000E-06,-83.138351E-06,-108.330715245E-03,+46.304569228E-03
+102.150000E-06,+80.276378E-06,-110.293654948E-03,+46.297110057E-03
+102.152000E-06,+240.511143E-06,-111.118089591E-03,+46.257066087E-03
+102.154000E-06,+398.979263E-06,-109.822549373E-03,+46.240577394E-03
+102.156000E-06,+553.560763E-06,-108.389603411E-03,+46.274732545E-03
+102.158000E-06,+711.322225E-06,-108.212938860E-03,+46.307317344E-03
+102.160000E-06,+872.086985E-06,-108.899967758E-03,+46.286510182E-03
+102.162000E-06,+1.038151681E-03,-108.036274273E-03,+46.241755157E-03
+102.164000E-06,+1.199976428E-03,-106.662216495E-03,+46.238614455E-03
+102.166000E-06,+1.353674605E-03,-107.309986621E-03,+46.277480661E-03
+102.168000E-06,+1.506312794E-03,-110.313284361E-03,+46.307709932E-03
+102.170000E-06,+1.666370896E-03,-111.137718986E-03,+46.308495107E-03
+102.172000E-06,+1.828725636E-03,-108.860708916E-03,+46.269628901E-03
+102.174000E-06,+1.991257042E-03,-107.977386090E-03,+46.239399630E-03
+102.176000E-06,+2.156261751E-03,-109.959955206E-03,+46.263347495E-03
+102.178000E-06,+2.306779965E-03,-110.391801904E-03,+46.305746992E-03
+102.180000E-06,+2.453941553E-03,-108.762561943E-03,+46.300250760E-03
+102.182000E-06,+2.613292996E-03,-106.603328293E-03,+46.260206790E-03
+102.184000E-06,+2.774411085E-03,-106.878139888E-03,+46.240969982E-03
+102.186000E-06,+2.938002478E-03,-109.704773059E-03,+46.260991967E-03
+102.188000E-06,+3.095763939E-03,-111.608824526E-03,+46.302606289E-03
+102.190000E-06,+3.248932122E-03,-108.939226494E-03,+46.308102519E-03
+102.192000E-06,+3.397860356E-03,-106.603328293E-03,+46.277873248E-03
+102.194000E-06,+3.552441855E-03,-108.389603464E-03,+46.237829278E-03
+102.196000E-06,+3.707906678E-03,-111.294754195E-03,+46.251962445E-03
+102.198000E-06,+3.854714936E-03,-110.431060675E-03,+46.295932294E-03
+102.200000E-06,+3.999049891E-03,-106.956657413E-03,+46.304569228E-03
+102.202000E-06,+4.156811353E-03,-105.386305706E-03,+46.280228775E-03
+102.204000E-06,+4.320226081E-03,-107.290357244E-03,+46.249214328E-03
+102.206000E-06,+4.474277587E-03,-109.783290637E-03,+46.253532796E-03
+102.208000E-06,+4.609602648E-03,-110.784389848E-03,+46.287687947E-03
+102.210000E-06,+4.748637665E-03,-109.920696364E-03,+46.314383926E-03
+102.212000E-06,+4.892265961E-03,-109.645884822E-03,+46.309280283E-03
+102.214000E-06,+5.046317467E-03,-110.313284326E-03,+46.253140207E-03
+102.216000E-06,+5.198072334E-03,-109.724402400E-03,+46.223303525E-03
+102.218000E-06,+5.340640642E-03,-108.801820750E-03,+46.264132671E-03
+102.220000E-06,+5.483208951E-03,-108.546638603E-03,+46.303391464E-03
+102.222000E-06,+5.637083793E-03,-107.977386090E-03,+46.305354404E-03
+102.224000E-06,+5.786365355E-03,-107.624056952E-03,+46.260991966E-03
+102.226000E-06,+5.934763595E-03,-107.859609722E-03,+46.229977520E-03
+102.228000E-06,+6.078215226E-03,-109.410332087E-03,+46.264917847E-03
+102.230000E-06,+6.225906808E-03,-110.450690105E-03,+46.308887696E-03
+102.232000E-06,+6.374305047E-03,-110.293654913E-03,+46.322628273E-03
+102.234000E-06,+6.535069807E-03,-109.429961446E-03,+46.277088071E-03
+102.236000E-06,+6.695127908E-03,-108.075533062E-03,+46.231940459E-03
+102.238000E-06,+6.841229508E-03,-106.937028054E-03,+46.245681038E-03
+102.240000E-06,+6.979204538E-03,-107.898868529E-03,+46.289650887E-03
+102.242000E-06,+7.131136069E-03,-109.842178821E-03,+46.320272746E-03
+102.244000E-06,+7.297554096E-03,-109.685143611E-03,+46.296324881E-03
+102.246000E-06,+7.457082203E-03,-107.839980292E-03,+46.242932921E-03
+102.248000E-06,+7.603007138E-03,-107.859609722E-03,+46.252355033E-03
+102.250000E-06,+7.744692124E-03,-110.372172545E-03,+46.301428525E-03
+102.252000E-06,+7.894680345E-03,-112.099559443E-03,+46.332835559E-03
+102.254000E-06,+8.049615174E-03,-111.746230270E-03,+46.303391463E-03
+102.256000E-06,+8.198896736E-03,-109.606625997E-03,+46.240969981E-03
+102.258000E-06,+8.334928456E-03,-108.625156181E-03,+46.238221867E-03
+102.260000E-06,+8.467956878E-03,-108.527009208E-03,+46.277480661E-03
+102.262000E-06,+8.608228547E-03,-107.702574530E-03,+46.302213700E-03
+102.264000E-06,+8.754506812E-03,-106.485551926E-03,+46.304961816E-03
+102.266000E-06,+8.899018431E-03,-107.015545667E-03,+46.269236313E-03
+102.268000E-06,+9.033283505E-03,-109.174779335E-03,+46.244895861E-03
+102.270000E-06,+9.153768742E-03,-110.018843372E-03,+46.277873249E-03
+102.272000E-06,+9.271250682E-03,-109.685143611E-03,+46.321450510E-03
+102.274000E-06,+9.410815693E-03,-108.939226529E-03,+46.307709931E-03
+102.276000E-06,+9.552324014E-03,-108.703673777E-03,+46.263740082E-03
+102.278000E-06,+9.682525803E-03,-109.096261721E-03,+46.235866339E-03
+102.280000E-06,+9.798771091E-03,-108.880338346E-03,+46.262954907E-03
+102.282000E-06,+9.918196341E-03,-107.054804421E-03,+46.308495108E-03
+102.284000E-06,+10.053168073E-03,-106.112593394E-03,+46.308887695E-03
+102.286000E-06,+10.192733084E-03,-107.800721556E-03,+46.261384554E-03
+102.288000E-06,+10.327704816E-03,-110.391801939E-03,+46.229977520E-03
+102.290000E-06,+10.457023282E-03,-109.901066969E-03,+46.267665962E-03
+102.292000E-06,+10.585635090E-03,-107.172580788E-03,+46.331265208E-03
+102.294000E-06,+10.715483550E-03,-107.624056970E-03,+46.314776514E-03
+102.296000E-06,+10.851691934E-03,-109.940325811E-03,+46.264525258E-03
+102.298000E-06,+10.997440205E-03,-109.704773006E-03,+46.222125761E-03
+102.300000E-06,+11.140715172E-03,-107.015545614E-03,+46.258243852E-03
+102.302000E-06,+11.277276885E-03,-105.405935101E-03,+46.319094982E-03
+102.304000E-06,+11.409245320E-03,-106.328516787E-03,+46.329694856E-03
+102.306000E-06,+11.545630369E-03,-108.958855977E-03,+46.275125132E-03
+102.308000E-06,+11.686432032E-03,-109.861808198E-03,+46.220555409E-03
+102.310000E-06,+11.821580429E-03,-109.528108437E-03,+46.260599380E-03
+102.312000E-06,+11.948425590E-03,-109.057002914E-03,+46.341472495E-03
+102.314000E-06,+12.075447417E-03,-109.135520510E-03,+46.332835559E-03
+102.316000E-06,+12.210065820E-03,-109.429961464E-03,+46.250392091E-03
+102.318000E-06,+12.356874079E-03,-108.782191355E-03,+46.203281540E-03
+102.320000E-06,+12.504035666E-03,-107.997015484E-03,+46.239399631E-03
+102.322000E-06,+12.637417417E-03,-107.349245393E-03,+46.327731917E-03
+102.324000E-06,+12.758962642E-03,-107.408133594E-03,+46.355998248E-03
+102.326000E-06,+12.886514462E-03,-107.977386107E-03,+46.278658423E-03
+102.328000E-06,+13.032439398E-03,-110.254396160E-03,+46.198570484E-03
+102.330000E-06,+13.179600986E-03,-110.293654913E-03,+46.227229405E-03
+102.332000E-06,+13.315456041E-03,-108.330715209E-03,+46.323413450E-03
+102.334000E-06,+13.447247811E-03,-108.055903685E-03,+46.350109428E-03
+102.336000E-06,+13.586106163E-03,-108.742932584E-03,+46.283369478E-03
+102.338000E-06,+13.722314548E-03,-108.428862217E-03,+46.207600007E-03
+102.340000E-06,+13.859229590E-03,-107.820350915E-03,+46.220162822E-03
+102.342000E-06,+13.995084645E-03,-108.291456456E-03,+46.316739455E-03
+102.344000E-06,+14.128289732E-03,-108.782191373E-03,+46.360316715E-03
+102.346000E-06,+14.267324749E-03,-108.428862217E-03,+46.279443598E-03
+102.348000E-06,+14.406006437E-03,-108.095162475E-03,+46.195822368E-03
+102.350000E-06,+14.532144941E-03,-108.742932584E-03,+46.224088702E-03
+102.352000E-06,+14.651570191E-03,-109.390702675E-03,+46.325768978E-03
+102.354000E-06,+14.770288782E-03,-109.469220253E-03,+46.364242594E-03
+102.356000E-06,+14.895190634E-03,-108.919597135E-03,+46.290828649E-03
+102.358000E-06,+15.024685765E-03,-108.703673777E-03,+46.216629529E-03
+102.360000E-06,+15.153474237E-03,-108.134421264E-03,+46.226836817E-03
+102.362000E-06,+15.274666133E-03,-107.506280567E-03,+46.303784053E-03
+102.364000E-06,+15.387378129E-03,-107.427762989E-03,+46.339116966E-03
+102.366000E-06,+15.508923354E-03,-107.977386107E-03,+46.284939830E-03
+102.368000E-06,+15.630645243E-03,-109.429961482E-03,+46.224481288E-03
+102.370000E-06,+15.748480512E-03,-111.137719004E-03,+46.241755158E-03
+102.372000E-06,+15.857129223E-03,-110.804019225E-03,+46.322235686E-03
+102.374000E-06,+15.971961194E-03,-109.076632291E-03,+46.333228147E-03
+102.376000E-06,+16.095273065E-03,-108.703673777E-03,+46.286510182E-03
+102.378000E-06,+16.215934967E-03,-108.684044382E-03,+46.233118223E-03
+102.380000E-06,+16.332356919E-03,-108.684044382E-03,+46.253925384E-03
+102.382000E-06,+16.447012225E-03,-107.584798145E-03,+46.315561691E-03
+102.384000E-06,+16.566437475E-03,-107.015545650E-03,+46.329302268E-03
+102.386000E-06,+16.684096080E-03,-108.742932602E-03,+46.275125132E-03
+102.388000E-06,+16.800164703E-03,-111.196607205E-03,+46.239792218E-03
+102.390000E-06,+16.916056661E-03,-109.861808162E-03,+46.274339957E-03
+102.392000E-06,+17.030711968E-03,-107.565168733E-03,+46.326554153E-03
+102.394000E-06,+17.151373870E-03,-108.369974052E-03,+46.316739453E-03
+102.396000E-06,+17.266735835E-03,-111.275124801E-03,+46.248429152E-03
+102.398000E-06,+17.373794565E-03,-111.118089573E-03,+46.228014580E-03
+102.400000E-06,+17.487213219E-03,-107.604427504E-03,+46.273162194E-03
+102.402000E-06,+17.607875121E-03,-105.327417505E-03,+46.315561690E-03
+102.404000E-06,+17.728183694E-03,-106.721104732E-03,+46.306924755E-03
+102.406000E-06,+17.839659038E-03,-109.155149941E-03,+46.252747619E-03
+102.408000E-06,+17.937531210E-03,-109.194408694E-03,+46.234295987E-03
+102.410000E-06,+18.032400085E-03,-109.155149905E-03,+46.279443601E-03
+102.412000E-06,+18.141932119E-03,-109.704773023E-03,+46.324591213E-03
+102.414000E-06,+18.257294084E-03,-110.745131059E-03,+46.302606288E-03
+102.416000E-06,+18.363292827E-03,-110.470319482E-03,+46.243718097E-03
+102.418000E-06,+18.457985037E-03,-109.312185061E-03,+46.233118223E-03
+102.420000E-06,+18.557447190E-03,-107.643686329E-03,+46.279443601E-03
+102.422000E-06,+18.675105795E-03,-107.152951429E-03,+46.327339329E-03
+102.424000E-06,+18.792764399E-03,-107.113692640E-03,+46.316739453E-03
+102.426000E-06,+18.902649762E-03,-108.075533098E-03,+46.259421614E-03
+102.428000E-06,+18.999108617E-03,-109.724402436E-03,+46.232333047E-03
+102.430000E-06,+19.092564175E-03,-110.215137335E-03,+46.262562319E-03
+102.432000E-06,+19.194499633E-03,-110.116990345E-03,+46.311243223E-03
+102.434000E-06,+19.305091655E-03,-108.998114713E-03,+46.312028398E-03
+102.436000E-06,+19.413033707E-03,-107.604427539E-03,+46.253532795E-03
+102.438000E-06,+19.500659334E-03,-106.465922531E-03,+46.234295987E-03
+102.440000E-06,+19.575565112E-03,-107.702574566E-03,+46.271199254E-03
+102.442000E-06,+19.668844006E-03,-109.959955206E-03,+46.312420987E-03
+102.444000E-06,+19.783499313E-03,-109.567367226E-03,+46.317524630E-03
+102.446000E-06,+19.888438068E-03,-107.408133558E-03,+46.268058549E-03
+102.448000E-06,+19.970587093E-03,-108.075533098E-03,+46.233510811E-03
+102.450000E-06,+20.041076257E-03,-110.548837114E-03,+46.262562319E-03
+102.452000E-06,+20.122695289E-03,-111.019942601E-03,+46.324983801E-03
+102.454000E-06,+20.212264226E-03,-109.528108419E-03,+46.322235685E-03
+102.456000E-06,+20.306426443E-03,-108.625156181E-03,+46.271199252E-03
+102.458000E-06,+20.397408697E-03,-108.389603428E-03,+46.231155283E-03
+102.460000E-06,+20.481677697E-03,-109.331814492E-03,+46.256673500E-03
+102.462000E-06,+20.570009982E-03,-108.644785575E-03,+46.307709932E-03
+102.464000E-06,+20.656575622E-03,-107.152951411E-03,+46.314383926E-03
+102.466000E-06,+20.744024585E-03,-107.368874805E-03,+46.267665961E-03
+102.468000E-06,+20.830413560E-03,-109.488849684E-03,+46.236258927E-03
+102.470000E-06,+20.912915915E-03,-110.607725280E-03,+46.265703023E-03
+102.472000E-06,+20.996124928E-03,-109.626255409E-03,+46.328124505E-03
+102.474000E-06,+21.080747257E-03,-109.194408694E-03,+46.317132041E-03
+102.476000E-06,+21.159362991E-03,-109.155149905E-03,+46.245681036E-03
+102.478000E-06,+21.233385446E-03,-109.292555685E-03,+46.222125761E-03
+102.480000E-06,+21.314297820E-03,-108.487750401E-03,+46.275125133E-03
+102.482000E-06,+21.392560225E-03,-107.270727796E-03,+46.335191088E-03
+102.484000E-06,+21.476475896E-03,-106.976286861E-03,+46.326161564E-03
+102.486000E-06,+21.556328282E-03,-108.742932602E-03,+46.244110684E-03
+102.488000E-06,+21.628054098E-03,-111.746230324E-03,+46.213488826E-03
+102.490000E-06,+21.704903186E-03,-109.802919960E-03,+46.273947370E-03
+102.492000E-06,+21.786345553E-03,-105.759264202E-03,+46.340687319E-03
+102.494000E-06,+21.864607958E-03,-107.427763025E-03,+46.307709930E-03
+102.496000E-06,+21.929973849E-03,-112.551035626E-03,+46.230370107E-03
+102.498000E-06,+21.999756355E-03,-112.413629756E-03,+46.211918475E-03
+102.500000E-06,+22.086498660E-03,-107.486651100E-03,+46.273947370E-03
+102.502000E-06,+22.175537603E-03,-104.463724037E-03,+46.340687319E-03
+102.504000E-06,+22.257156635E-03,-106.465922585E-03,+46.321450508E-03
+102.506000E-06,+22.326585811E-03,-110.234766784E-03,+46.237829277E-03
+102.508000E-06,+22.391951703E-03,-110.450690087E-03,+46.218199882E-03
+102.510000E-06,+22.465620829E-03,-108.899967722E-03,+46.274732546E-03
+102.512000E-06,+22.550419823E-03,-108.409232823E-03,+46.348931665E-03
+102.514000E-06,+22.636632134E-03,-109.606626051E-03,+46.333620735E-03
+102.516000E-06,+22.714187880E-03,-110.607725280E-03,+46.233903398E-03
+102.518000E-06,+22.781850411E-03,-109.488849630E-03,+46.203674128E-03
+102.520000E-06,+22.855696201E-03,-108.075533062E-03,+46.267273375E-03
+102.522000E-06,+22.931838632E-03,-107.211839613E-03,+46.334405912E-03
+102.524000E-06,+23.006921074E-03,-107.388504200E-03,+46.315169101E-03
+102.526000E-06,+23.078116896E-03,-107.977386107E-03,+46.253532795E-03
+102.528000E-06,+23.150019377E-03,-109.017744143E-03,+46.215059178E-03
+102.530000E-06,+23.219625218E-03,-109.704773024E-03,+46.265703023E-03
+102.532000E-06,+23.280221165E-03,-109.645884822E-03,+46.317524630E-03
+102.534000E-06,+23.349473677E-03,-108.939226529E-03,+46.312813574E-03
+102.536000E-06,+23.425086114E-03,-107.604427539E-03,+46.245288448E-03
+102.538000E-06,+23.492748644E-03,-106.740734090E-03,+46.227621992E-03
+102.540000E-06,+23.554227915E-03,-107.741833355E-03,+46.264917847E-03
+102.542000E-06,+23.603870659E-03,-109.410332088E-03,+46.325376389E-03
+102.544000E-06,+23.664289943E-03,-109.214038088E-03,+46.327731916E-03
+102.546000E-06,+23.736369088E-03,-107.781092108E-03,+46.269236313E-03
+102.548000E-06,+23.804914941E-03,-107.997015502E-03,+46.230762695E-03
+102.550000E-06,+23.851731052E-03,-110.254396160E-03,+46.267665962E-03
+102.552000E-06,+23.879467390E-03,-110.705872252E-03,+46.309280284E-03
+102.554000E-06,+23.920983564E-03,-109.351443850E-03,+46.308887695E-03
+102.556000E-06,+23.982109506E-03,-108.193309447E-03,+46.266880785E-03
+102.558000E-06,+24.048182055E-03,-108.880338364E-03,+46.239007042E-03
+102.560000E-06,+24.092348198E-03,-109.410332070E-03,+46.252355033E-03
+102.562000E-06,+24.123441162E-03,-108.232568236E-03,+46.284939831E-03
+102.564000E-06,+24.164250678E-03,-106.956657448E-03,+46.305746992E-03
+102.566000E-06,+24.222726651E-03,-106.937028072E-03,+46.291613826E-03
+102.568000E-06,+24.284735916E-03,-108.193309483E-03,+46.261777142E-03
+102.570000E-06,+24.328372065E-03,-109.606626051E-03,+46.266095610E-03
+102.572000E-06,+24.354518421E-03,-110.058102161E-03,+46.281013952E-03
+102.574000E-06,+24.387201367E-03,-109.959955170E-03,+46.293969354E-03
+102.576000E-06,+24.435960788E-03,-108.978485318E-03,+46.281799127E-03
+102.578000E-06,+24.489313489E-03,-108.703673777E-03,+46.263347494E-03
+102.580000E-06,+24.529416346E-03,-108.546638603E-03,+46.244503273E-03
+102.582000E-06,+24.555209373E-03,-107.702574530E-03,+46.269628902E-03
+102.584000E-06,+24.584182363E-03,-107.172580824E-03,+46.309280284E-03
+102.586000E-06,+24.621281923E-03,-108.625156217E-03,+46.311635810E-03
+102.588000E-06,+24.664388079E-03,-110.627354692E-03,+46.275517720E-03
+102.590000E-06,+24.702017632E-03,-109.233667465E-03,+46.251177268E-03
+102.592000E-06,+24.732580603E-03,-107.074433815E-03,+46.267665962E-03
+102.594000E-06,+24.763496903E-03,-107.761462750E-03,+46.300643349E-03
+102.596000E-06,+24.799536475E-03,-110.372172546E-03,+46.307709931E-03
+102.598000E-06,+24.836282706E-03,-109.763661189E-03,+46.275125132E-03
+102.600000E-06,+24.877975545E-03,-107.015545613E-03,+46.231940459E-03
+102.602000E-06,+24.917901738E-03,-105.268529321E-03,+46.245681038E-03
+102.604000E-06,+24.959947906E-03,-106.171481613E-03,+46.303391465E-03
+102.606000E-06,+24.998637447E-03,-108.527009244E-03,+46.319487569E-03
+102.608000E-06,+25.034323690E-03,-109.802920014E-03,+46.279443599E-03
+102.610000E-06,+25.064709996E-03,-108.978485318E-03,+46.235081162E-03
+102.612000E-06,+25.096862948E-03,-108.703673777E-03,+46.254317972E-03
+102.614000E-06,+25.128132577E-03,-109.233667501E-03,+46.301821113E-03
+102.616000E-06,+25.166645454E-03,-109.037373520E-03,+46.305354404E-03
+102.618000E-06,+25.202508362E-03,-108.585897392E-03,+46.269236313E-03
+102.620000E-06,+25.234131320E-03,-108.114791869E-03,+46.222910936E-03
+102.622000E-06,+25.261514328E-03,-107.643686346E-03,+46.249999505E-03
+102.624000E-06,+25.288367343E-03,-107.035175044E-03,+46.312420987E-03
+102.626000E-06,+25.313983706E-03,-107.643686365E-03,+46.320665333E-03
+102.628000E-06,+25.335713448E-03,-109.253296914E-03,+46.276695484E-03
+102.630000E-06,+25.355676545E-03,-109.744031813E-03,+46.223696112E-03
+102.632000E-06,+25.369279716E-03,-109.371073263E-03,+46.244503274E-03
+102.634000E-06,+25.388182826E-03,-108.487750401E-03,+46.297895234E-03
+102.636000E-06,+25.415389170E-03,-107.133322017E-03,+46.302213700E-03
+102.638000E-06,+25.443655501E-03,-106.269628568E-03,+46.266095609E-03
+102.640000E-06,+25.459555312E-03,-107.270727833E-03,+46.217022117E-03
+102.642000E-06,+25.469978522E-03,-108.939226565E-03,+46.251962445E-03
+102.644000E-06,+25.482345042E-03,-108.605526786E-03,+46.318309806E-03
+102.646000E-06,+25.502484803E-03,-107.427762970E-03,+46.313206162E-03
+102.648000E-06,+25.528631160E-03,-108.507379832E-03,+46.264525257E-03
+102.650000E-06,+25.548064262E-03,-110.058102179E-03,+46.227621992E-03
+102.652000E-06,+25.557780814E-03,-109.017744107E-03,+46.245288450E-03
+102.654000E-06,+25.568734017E-03,-108.154050658E-03,+46.303391465E-03
+102.656000E-06,+25.581277202E-03,-108.880338364E-03,+46.308495107E-03
+102.658000E-06,+25.608836875E-03,-109.822549409E-03,+46.264132670E-03
+102.660000E-06,+25.647173087E-03,-108.978485318E-03,+46.219377645E-03
+102.662000E-06,+25.666959519E-03,-106.917398641E-03,+46.249606917E-03
+102.664000E-06,+25.670316145E-03,-106.505181338E-03,+46.320665334E-03
+102.666000E-06,+25.674202766E-03,-108.134421300E-03,+46.330087443E-03
+102.668000E-06,+25.700702452E-03,-110.018843390E-03,+46.269628900E-03
+102.670000E-06,+25.725435492E-03,-110.116990345E-03,+46.217022117E-03
+102.672000E-06,+25.738332005E-03,-109.135520492E-03,+46.246466214E-03
+102.674000E-06,+25.734798713E-03,-108.585897392E-03,+46.306532168E-03
+102.676000E-06,+25.735328707E-03,-109.214038107E-03,+46.322628273E-03
+102.678000E-06,+25.742925284E-03,-109.037373520E-03,+46.271591840E-03
+102.680000E-06,+25.758825095E-03,-108.036274273E-03,+46.211918474E-03
+102.682000E-06,+25.773311590E-03,-107.211839613E-03,+46.229192344E-03
+102.684000E-06,+25.773841584E-03,-107.251098420E-03,+46.309672872E-03
+102.686000E-06,+25.765008355E-03,-108.919597171E-03,+46.339902142E-03
+102.688000E-06,+25.758825095E-03,-111.078830821E-03,+46.293184177E-03
+102.690000E-06,+25.769248305E-03,-109.704772987E-03,+46.225659052E-03
+102.692000E-06,+25.783204806E-03,-107.270727778E-03,+46.219770234E-03
+102.694000E-06,+25.782498148E-03,-108.605526823E-03,+46.283369480E-03
+102.696000E-06,+25.767304994E-03,-111.039572032E-03,+46.333620736E-03
+102.698000E-06,+25.757765108E-03,-110.529207665E-03,+46.303784051E-03
+102.700000E-06,+25.764125032E-03,-107.525909924E-03,+46.224481288E-03
+102.702000E-06,+25.780024844E-03,-105.877040623E-03,+46.213881415E-03
+102.704000E-06,+25.789564731E-03,-107.349245429E-03,+46.285332420E-03
+102.706000E-06,+25.789388066E-03,-109.096261740E-03,+46.353250133E-03
+102.708000E-06,+25.776844881E-03,-109.724402418E-03,+46.325768976E-03
+102.710000E-06,+25.763948368E-03,-109.096261703E-03,+46.232725634E-03
+102.712000E-06,+25.764831691E-03,-109.135520510E-03,+46.209170359E-03
+102.714000E-06,+25.765185020E-03,-109.292555685E-03,+46.259814204E-03
+102.716000E-06,+25.762711716E-03,-109.037373520E-03,+46.333228148E-03
+102.718000E-06,+25.748755214E-03,-108.448491612E-03,+46.326161564E-03
+102.720000E-06,+25.723315516E-03,-107.545539356E-03,+46.238614453E-03
+102.722000E-06,+25.703882413E-03,-107.427762989E-03,+46.201711188E-03
+102.724000E-06,+25.686745950E-03,-106.878139870E-03,+46.266880787E-03
+102.726000E-06,+25.675969411E-03,-107.349245411E-03,+46.353642721E-03
+102.728000E-06,+25.659892935E-03,-108.389603447E-03,+46.342650257E-03
+102.730000E-06,+25.630566616E-03,-109.901067005E-03,+46.257066086E-03
+102.732000E-06,+25.600710304E-03,-109.959955170E-03,+46.204066716E-03
+102.734000E-06,+25.575977264E-03,-109.665514216E-03,+46.255888325E-03
+102.736000E-06,+25.566790706E-03,-107.839980291E-03,+46.341079907E-03
+102.738000E-06,+25.552304211E-03,-106.073334586E-03,+46.338331790E-03
+102.740000E-06,+25.524391209E-03,-108.055903722E-03,+46.240184805E-03
+102.742000E-06,+25.486054997E-03,-110.156249170E-03,+46.196214957E-03
+102.744000E-06,+25.455138697E-03,-109.174779281E-03,+46.260599380E-03
+102.746000E-06,+25.440298874E-03,-107.761462713E-03,+46.350109430E-03
+102.748000E-06,+25.426342372E-03,-108.684044401E-03,+46.336761438E-03
+102.750000E-06,+25.397369383E-03,-110.902166252E-03,+46.245288448E-03
+102.752000E-06,+25.353909898E-03,-111.059201390E-03,+46.210740711E-03
+102.754000E-06,+25.313630376E-03,-109.528108418E-03,+46.262562320E-03
+102.756000E-06,+25.290133988E-03,-108.350344621E-03,+46.328124505E-03
+102.758000E-06,+25.275117500E-03,-108.350344639E-03,+46.314383926E-03
+102.760000E-06,+25.252327770E-03,-108.919597153E-03,+46.226051639E-03
+102.762000E-06,+25.213461564E-03,-107.898868493E-03,+46.200140837E-03
+102.764000E-06,+25.167528775E-03,-106.917398659E-03,+46.272377018E-03
+102.766000E-06,+25.130782545E-03,-107.624056970E-03,+46.340687319E-03
+102.768000E-06,+25.110289455E-03,-109.665514253E-03,+46.332442971E-03
+102.770000E-06,+25.083259775E-03,-110.627354674E-03,+46.255888322E-03
+102.772000E-06,+25.041390272E-03,-110.175878528E-03,+46.217807293E-03
+102.774000E-06,+24.993867502E-03,-109.135520492E-03,+46.260599380E-03
+102.776000E-06,+24.954471303E-03,-108.998114731E-03,+46.319487570E-03
+102.778000E-06,+24.924968320E-03,-108.860708951E-03,+46.321450509E-03
+102.780000E-06,+24.897938640E-03,-108.566267997E-03,+46.251962443E-03
+102.782000E-06,+24.857482453E-03,-107.702574530E-03,+46.217414706E-03
+102.784000E-06,+24.816319608E-03,-106.897769264E-03,+46.271591842E-03
+102.786000E-06,+24.772860124E-03,-108.448491649E-03,+46.323806037E-03
+102.788000E-06,+24.735230570E-03,-110.607725298E-03,+46.316346866E-03
+102.790000E-06,+24.697247688E-03,-109.783290583E-03,+46.267665961E-03
+102.792000E-06,+24.647958272E-03,-107.427762952E-03,+46.233510811E-03
+102.794000E-06,+24.600788832E-03,-108.075533098E-03,+46.262562319E-03
+102.796000E-06,+24.557859341E-03,-110.961054454E-03,+46.308495108E-03
+102.798000E-06,+24.516696496E-03,-110.804019225E-03,+46.308887695E-03
+102.800000E-06,+24.469527056E-03,-107.702574493E-03,+46.255888323E-03
+102.802000E-06,+24.421474292E-03,-105.759264237E-03,+46.226444228E-03
+102.804000E-06,+24.379604789E-03,-106.642587136E-03,+46.264525259E-03
+102.806000E-06,+24.347275173E-03,-108.723303208E-03,+46.300643349E-03
+102.808000E-06,+24.305052340E-03,-109.959955189E-03,+46.304961816E-03
+102.810000E-06,+24.256292918E-03,-108.723303153E-03,+46.288473122E-03
+102.812000E-06,+24.195696970E-03,-106.603328292E-03,+46.266880786E-03
+102.814000E-06,+24.152060822E-03,-107.977386126E-03,+46.266880786E-03
+102.816000E-06,+24.119731205E-03,-110.411431335E-03,+46.278265836E-03
+102.818000E-06,+24.086164937E-03,-109.763661189E-03,+46.277088072E-03
+102.820000E-06,+24.033695559E-03,-107.565168731E-03,+46.265703022E-03
+102.822000E-06,+23.971156301E-03,-105.896670017E-03,+46.266880786E-03
+102.824000E-06,+23.917450271E-03,-106.387404971E-03,+46.272769605E-03
+102.826000E-06,+23.878760730E-03,-108.271827080E-03,+46.287295359E-03
+102.828000E-06,+23.843251152E-03,-109.626255446E-03,+46.292006414E-03
+102.830000E-06,+23.795551717E-03,-109.783290602E-03,+46.286902770E-03
+102.832000E-06,+23.733719117E-03,-108.821450143E-03,+46.277873248E-03
+102.834000E-06,+23.681249740E-03,-108.409232823E-03,+46.273947369E-03
+102.836000E-06,+23.645210168E-03,-107.957756695E-03,+46.270806665E-03
+102.838000E-06,+23.610053918E-03,-106.387404934E-03,+46.264917846E-03
+102.840000E-06,+23.561117832E-03,-106.721104714E-03,+46.261384555E-03
+102.842000E-06,+23.502818523E-03,-108.998114768E-03,+46.271984429E-03
+102.844000E-06,+23.453352443E-03,-109.586996639E-03,+46.290043474E-03
+102.846000E-06,+23.416429548E-03,-107.839980291E-03,+46.273162193E-03
+102.848000E-06,+23.381096634E-03,-107.309986603E-03,+46.253925384E-03
+102.850000E-06,+23.338343808E-03,-109.469220290E-03,+46.268058550E-03
+102.852000E-06,+23.272271258E-03,-110.882536840E-03,+46.289650886E-03
+102.854000E-06,+23.206728702E-03,-109.940325757E-03,+46.295147117E-03
+102.856000E-06,+23.150372704E-03,-108.134421245E-03,+46.284547243E-03
+102.858000E-06,+23.103909922E-03,-108.311085850E-03,+46.260991966E-03
+102.860000E-06,+23.054973836E-03,-108.782191373E-03,+46.263347495E-03
+102.862000E-06,+22.998087844E-03,-107.741833319E-03,+46.275125133E-03
+102.864000E-06,+22.937668560E-03,-106.622957705E-03,+46.306924756E-03
+102.866000E-06,+22.884315860E-03,-107.172580842E-03,+46.300250760E-03
+102.868000E-06,+22.823366583E-03,-109.606626070E-03,+46.260206790E-03
+102.870000E-06,+22.761180654E-03,-110.764760454E-03,+46.246466213E-03
+102.872000E-06,+22.703941333E-03,-109.645884803E-03,+46.294754530E-03
+102.874000E-06,+22.649881974E-03,-108.369974015E-03,+46.323806037E-03
+102.876000E-06,+22.592465989E-03,-108.487750419E-03,+46.299465584E-03
+102.878000E-06,+22.527100097E-03,-108.939226547E-03,+46.259814202E-03
+102.880000E-06,+22.459437567E-03,-108.448491612E-03,+46.238221866E-03
+102.882000E-06,+22.405201544E-03,-106.995916236E-03,+46.279836188E-03
+102.884000E-06,+22.351672179E-03,-106.799622292E-03,+46.321843097E-03
+102.886000E-06,+22.291782889E-03,-108.448491649E-03,+46.302213700E-03
+102.888000E-06,+22.224827016E-03,-110.058102180E-03,+46.257458675E-03
+102.890000E-06,+22.154514517E-03,-109.017744107E-03,+46.254317972E-03
+102.892000E-06,+22.090031949E-03,-107.467021759E-03,+46.298680409E-03
+102.894000E-06,+22.033852615E-03,-109.057002951E-03,+46.326946740E-03
+102.896000E-06,+21.972550009E-03,-111.648083335E-03,+46.297110056E-03
+102.898000E-06,+21.902944168E-03,-110.470319463E-03,+46.245681037E-03
+102.900000E-06,+21.835988296E-03,-107.506280529E-03,+46.228014580E-03
+102.902000E-06,+21.773272373E-03,-106.289257962E-03,+46.273162194E-03
+102.904000E-06,+21.714796400E-03,-107.270727833E-03,+46.315561690E-03
+102.906000E-06,+21.654377117E-03,-109.214038125E-03,+46.306924755E-03
+102.908000E-06,+21.577528028E-03,-109.881437592E-03,+46.266488197E-03
+102.910000E-06,+21.498382300E-03,-109.390702657E-03,+46.258243851E-03
+102.912000E-06,+21.425419833E-03,-109.174779299E-03,+46.304569228E-03
+102.914000E-06,+21.360760600E-03,-109.704773024E-03,+46.324983801E-03
+102.916000E-06,+21.293451398E-03,-109.371073262E-03,+46.285725006E-03
+102.918000E-06,+21.221902247E-03,-108.212938841E-03,+46.249606916E-03
+102.920000E-06,+21.153533058E-03,-107.506280566E-03,+46.248036565E-03
+102.922000E-06,+21.084457211E-03,-107.015545649E-03,+46.295147118E-03
+102.924000E-06,+21.006548135E-03,-106.819251686E-03,+46.334798499E-03
+102.926000E-06,+20.927402407E-03,-107.486651191E-03,+46.295539704E-03
+102.928000E-06,+20.853203287E-03,-108.958855960E-03,+46.248036564E-03
+102.930000E-06,+20.780947478E-03,-110.116990363E-03,+46.258636440E-03
+102.932000E-06,+20.698975117E-03,-109.429961446E-03,+46.302213701E-03
+102.934000E-06,+20.609406179E-03,-108.487750401E-03,+46.319094981E-03
+102.936000E-06,+20.520190571E-03,-107.545539355E-03,+46.282191715E-03
+102.938000E-06,+20.437334887E-03,-106.740734090E-03,+46.243718097E-03
+102.940000E-06,+20.364019090E-03,-107.879239135E-03,+46.252747620E-03
+102.942000E-06,+20.280810077E-03,-109.979584602E-03,+46.295932294E-03
+102.944000E-06,+20.188591171E-03,-109.567367225E-03,+46.318309806E-03
+102.946000E-06,+20.101495538E-03,-108.095162456E-03,+46.276695484E-03
+102.948000E-06,+20.014046575E-03,-108.723303190E-03,+46.253925384E-03
+102.950000E-06,+19.935077512E-03,-110.764760473E-03,+46.273554781E-03
+102.952000E-06,+19.848688537E-03,-111.314383555E-03,+46.312420987E-03
+102.954000E-06,+19.753642997E-03,-109.704772987E-03,+46.312028398E-03
+102.956000E-06,+19.658774123E-03,-108.507379795E-03,+46.264525257E-03
+102.958000E-06,+19.571501825E-03,-108.507379814E-03,+46.252355032E-03
+102.960000E-06,+19.487762818E-03,-109.351443887E-03,+46.273554781E-03
+102.962000E-06,+19.408087097E-03,-108.095162456E-03,+46.293184178E-03
+102.964000E-06,+19.320284805E-03,-106.799622273E-03,+46.303784052E-03
+102.966000E-06,+19.218879341E-03,-107.192210237E-03,+46.274732544E-03
+102.968000E-06,+19.120653839E-03,-110.018843410E-03,+46.264917846E-03
+102.970000E-06,+19.026844952E-03,-110.823648638E-03,+46.288865711E-03
+102.972000E-06,+18.938512667E-03,-108.409232785E-03,+46.300643348E-03
+102.974000E-06,+18.848413736E-03,-108.193309465E-03,+46.274339956E-03
+102.976000E-06,+18.754251519E-03,-110.274025556E-03,+46.253925384E-03
+102.978000E-06,+18.653376049E-03,-110.705872252E-03,+46.262562319E-03
+102.980000E-06,+18.557800516E-03,-108.527009171E-03,+46.302606289E-03
+102.982000E-06,+18.468054914E-03,-106.426663723E-03,+46.310850635E-03
+102.984000E-06,+18.386435883E-03,-106.858510494E-03,+46.283762067E-03
+102.986000E-06,+18.302166882E-03,-109.567367282E-03,+46.260599379E-03
+102.988000E-06,+18.198818108E-03,-112.001412472E-03,+46.274339957E-03
+102.990000E-06,+18.091582713E-03,-109.547737794E-03,+46.304176640E-03
+102.992000E-06,+17.999010478E-03,-106.407034310E-03,+46.302606288E-03
+102.994000E-06,+17.912268174E-03,-107.938127338E-03,+46.260599378E-03
+102.996000E-06,+17.821109255E-03,-111.235866014E-03,+46.243718097E-03
+102.998000E-06,+17.720587114E-03,-110.705872234E-03,+46.275125133E-03
+103.000000E-06,+17.626248234E-03,-106.995916199E-03,+46.296324881E-03
+103.002000E-06,+17.537915948E-03,-105.523711485E-03,+46.284939831E-03
+103.004000E-06,+17.454000277E-03,-106.760363522E-03,+46.263740082E-03
+103.006000E-06,+17.370614600E-03,-108.742932603E-03,+46.255495736E-03
+103.008000E-06,+17.276099054E-03,-109.272926290E-03,+46.284939831E-03
+103.010000E-06,+17.183703483E-03,-108.899967740E-03,+46.311243223E-03
+103.012000E-06,+17.095547863E-03,-108.703673777E-03,+46.300643348E-03
+103.014000E-06,+17.010395539E-03,-109.371073281E-03,+46.257458675E-03
+103.016000E-06,+16.923123241E-03,-109.469220253E-03,+46.251569856E-03
+103.018000E-06,+16.834260962E-03,-108.644785575E-03,+46.295539706E-03
+103.020000E-06,+16.747695322E-03,-107.565168750E-03,+46.307317343E-03
+103.022000E-06,+16.672612880E-03,-107.290357209E-03,+46.280621363E-03
+103.024000E-06,+16.591700506E-03,-107.270727814E-03,+46.260206791E-03
+103.026000E-06,+16.497361625E-03,-107.957756713E-03,+46.268843726E-03
+103.028000E-06,+16.404966055E-03,-109.704773043E-03,+46.297895233E-03
+103.030000E-06,+16.322993694E-03,-110.077731556E-03,+46.299072997E-03
+103.032000E-06,+16.246144605E-03,-109.685143611E-03,+46.268451137E-03
+103.034000E-06,+16.158695643E-03,-108.801820749E-03,+46.242147746E-03
+103.036000E-06,+16.056053527E-03,-107.309986585E-03,+46.252747620E-03
+103.038000E-06,+15.944048189E-03,-106.426663741E-03,+46.298680409E-03
+103.040000E-06,+15.849532643E-03,-107.015545668E-03,+46.302213700E-03
+103.042000E-06,+15.761377023E-03,-108.899967777E-03,+46.274339956E-03
+103.044000E-06,+15.667568135E-03,-109.429961464E-03,+46.262169731E-03
+103.046000E-06,+15.565456013E-03,-107.682945116E-03,+46.277480660E-03
+103.048000E-06,+15.459810600E-03,-107.839980328E-03,+46.296324881E-03
+103.050000E-06,+15.353811857E-03,-109.822549428E-03,+46.293184177E-03
+103.052000E-06,+15.257706331E-03,-111.334012968E-03,+46.270414077E-03
+103.054000E-06,+15.161777469E-03,-110.411431280E-03,+46.248036565E-03
+103.056000E-06,+15.055778726E-03,-108.605526767E-03,+46.264525259E-03
+103.058000E-06,+14.947130015E-03,-108.095162474E-03,+46.297502645E-03
+103.060000E-06,+14.846961203E-03,-109.017744144E-03,+46.285332419E-03
+103.062000E-06,+14.754212303E-03,-108.055903667E-03,+46.263740082E-03
+103.064000E-06,+14.661110074E-03,-106.662216493E-03,+46.271984429E-03
+103.066000E-06,+14.561647921E-03,-107.447392402E-03,+46.298287821E-03
+103.068000E-06,+14.448935924E-03,-110.058102199E-03,+46.321057921E-03
+103.070000E-06,+14.343113847E-03,-110.823648638E-03,+46.296324881E-03
+103.072000E-06,+14.241001725E-03,-110.058102142E-03,+46.256673499E-03
+103.074000E-06,+14.140479584E-03,-108.978485317E-03,+46.251569856E-03
+103.076000E-06,+14.037660803E-03,-108.978485336E-03,+46.281799128E-03
+103.078000E-06,+13.935725346E-03,-109.410332070E-03,+46.297110057E-03
+103.080000E-06,+13.827783293E-03,-108.782191354E-03,+46.279443599E-03
+103.082000E-06,+13.721431221E-03,-107.584798144E-03,+46.249214328E-03
+103.084000E-06,+13.615432479E-03,-106.740734090E-03,+46.245288449E-03
+103.086000E-06,+13.511907040E-03,-108.703673814E-03,+46.275517721E-03
+103.088000E-06,+13.409971583E-03,-111.059201427E-03,+46.304569228E-03
+103.090000E-06,+13.311922746E-03,-109.429961427E-03,+46.297110057E-03
+103.092000E-06,+13.208220643E-03,-106.819251649E-03,+46.246073624E-03
+103.094000E-06,+13.093742000E-03,-107.997015521E-03,+46.217022118E-03
+103.096000E-06,+12.990216562E-03,-110.823648675E-03,+46.274339958E-03
+103.098000E-06,+12.902060941E-03,-110.372172491E-03,+46.332442972E-03
+103.100000E-06,+12.819558587E-03,-106.956657409E-03,+46.306532167E-03
+103.102000E-06,+12.725219706E-03,-105.386305705E-03,+46.233118222E-03
+103.104000E-06,+12.621694267E-03,-106.465922568E-03,+46.204066716E-03
+103.106000E-06,+12.525765405E-03,-108.566268035E-03,+46.267273375E-03
+103.108000E-06,+12.436019803E-03,-109.390702676E-03,+46.345398374E-03
+103.110000E-06,+12.353164119E-03,-108.919597134E-03,+46.324983800E-03
+103.112000E-06,+12.248932022E-03,-108.703673777E-03,+46.238221865E-03
+103.114000E-06,+12.142756615E-03,-109.096261722E-03,+46.193466841E-03
+103.116000E-06,+12.036757872E-03,-109.429961464E-03,+46.260206792E-03
+103.118000E-06,+11.939415694E-03,-109.194408694E-03,+46.352857545E-03
+103.120000E-06,+11.854440036E-03,-108.193309446E-03,+46.348146488E-03
+103.122000E-06,+11.761161142E-03,-107.368874787E-03,+46.249606915E-03
+103.124000E-06,+11.656575716E-03,-106.995916255E-03,+46.191896489E-03
+103.126000E-06,+11.546867017E-03,-108.193309484E-03,+46.251569858E-03
+103.128000E-06,+11.447758193E-03,-110.293654951E-03,+46.351679782E-03
+103.130000E-06,+11.368789130E-03,-110.293654913E-03,+46.350894604E-03
+103.132000E-06,+11.281340167E-03,-108.055903648E-03,+46.247251387E-03
+103.134000E-06,+11.179934703E-03,-107.604427557E-03,+46.169518977E-03
+103.136000E-06,+11.070579334E-03,-108.546638621E-03,+46.242932923E-03
+103.138000E-06,+10.965287250E-03,-107.584798144E-03,+46.361887068E-03
+103.140000E-06,+10.869358388E-03,-106.878139870E-03,+46.366205533E-03
+103.142000E-06,+10.778376134E-03,-108.036274310E-03,+46.257458674E-03
+103.144000E-06,+10.679267309E-03,-109.037373538E-03,+46.181689203E-03
+103.146000E-06,+10.566555313E-03,-108.742932565E-03,+46.228014581E-03
+103.148000E-06,+10.449603367E-03,-108.409232823E-03,+46.340294732E-03
+103.150000E-06,+10.338481352E-03,-108.919597153E-03,+46.363457418E-03
+103.152000E-06,+10.234425919E-03,-109.822549409E-03,+46.268451136E-03
+103.154000E-06,+10.122597246E-03,-109.528108436E-03,+46.180511439E-03
+103.156000E-06,+9.999638704E-03,-109.194408694E-03,+46.227621993E-03
+103.158000E-06,+9.874030194E-03,-109.155149905E-03,+46.343042847E-03
+103.160000E-06,+9.765558148E-03,-108.742932565E-03,+46.352857544E-03
+103.162000E-06,+9.662032709E-03,-108.134421263E-03,+46.255888322E-03
+103.164000E-06,+9.557623948E-03,-107.506280566E-03,+46.189933550E-03
+103.166000E-06,+9.439435350E-03,-107.977386108E-03,+46.237436692E-03
+103.168000E-06,+9.315593485E-03,-109.704773043E-03,+46.333228148E-03
+103.170000E-06,+9.198641540E-03,-110.489948895E-03,+46.354035308E-03
+103.172000E-06,+9.081512929E-03,-109.606626014E-03,+46.261777141E-03
+103.174000E-06,+8.962971002E-03,-108.369974015E-03,+46.201711188E-03
+103.176000E-06,+8.845489062E-03,-108.625156199E-03,+46.244503274E-03
+103.178000E-06,+8.723237179E-03,-109.096261722E-03,+46.331265209E-03
+103.180000E-06,+8.607698550E-03,-108.605526786E-03,+46.337154026E-03
+103.182000E-06,+8.500639820E-03,-107.152951410E-03,+46.251177267E-03
+103.184000E-06,+8.389694469E-03,-106.544440127E-03,+46.211525886E-03
+103.186000E-06,+8.266912592E-03,-108.684044420E-03,+46.251569857E-03
+103.188000E-06,+8.145014038E-03,-111.746230327E-03,+46.326554153E-03
+103.190000E-06,+8.034598682E-03,-110.352543077E-03,+46.333620735E-03
+103.192000E-06,+7.929483262E-03,-107.486651134E-03,+46.264525257E-03
+103.194000E-06,+7.812531316E-03,-108.350344658E-03,+46.218985057E-03
+103.196000E-06,+7.681446204E-03,-111.000313244E-03,+46.255103149E-03
+103.198000E-06,+7.559724315E-03,-110.804019224E-03,+46.335191088E-03
+103.200000E-06,+7.455668883E-03,-107.977386051E-03,+46.323806036E-03
+103.202000E-06,+7.355146742E-03,-105.935928805E-03,+46.251962443E-03
+103.204000E-06,+7.242434745E-03,-106.799622311E-03,+46.222910937E-03
+103.206000E-06,+7.114352931E-03,-108.742932603E-03,+46.264132671E-03
+103.208000E-06,+6.985564459E-03,-109.135520510E-03,+46.317132042E-03
+103.210000E-06,+6.873029127E-03,-109.155149905E-03,+46.323806037E-03
+103.212000E-06,+6.771446999E-03,-110.254396143E-03,+46.277088071E-03
+103.214000E-06,+6.662444959E-03,-110.961054418E-03,+46.231940459E-03
+103.216000E-06,+6.531183182E-03,-110.215137316E-03,+46.242932922E-03
+103.218000E-06,+6.398154760E-03,-108.723303152E-03,+46.311243224E-03
+103.220000E-06,+6.288799391E-03,-107.702574529E-03,+46.326161564E-03
+103.222000E-06,+6.193930517E-03,-107.172580823E-03,+46.277480659E-03
+103.224000E-06,+6.083338495E-03,-107.251098420E-03,+46.237436690E-03
+103.226000E-06,+5.956669998E-03,-107.957756713E-03,+46.246466213E-03
+103.228000E-06,+5.829294842E-03,-109.429961483E-03,+46.295147118E-03
+103.230000E-06,+5.716936175E-03,-109.901066987E-03,+46.310065459E-03
+103.232000E-06,+5.612880743E-03,-109.390702657E-03,+46.286510182E-03
+103.234000E-06,+5.497342113E-03,-108.762561960E-03,+46.255495735E-03
+103.236000E-06,+5.377563534E-03,-107.584798144E-03,+46.259814203E-03
+103.238000E-06,+5.256194974E-03,-106.603328310E-03,+46.291221238E-03
+103.240000E-06,+5.134649749E-03,-107.447392402E-03,+46.303784052E-03
+103.242000E-06,+5.018051132E-03,-109.371073300E-03,+46.285725006E-03
+103.244000E-06,+4.912052390E-03,-109.076632308E-03,+46.271984429E-03
+103.246000E-06,+4.806230312E-03,-107.898868492E-03,+46.256673499E-03
+103.248000E-06,+4.686628397E-03,-108.566268016E-03,+46.265703022E-03
+103.250000E-06,+4.563846520E-03,-110.058102180E-03,+46.286510183E-03
+103.252000E-06,+4.435941371E-03,-111.078830803E-03,+46.294754529E-03
+103.254000E-06,+4.313512823E-03,-109.959955151E-03,+46.265310434E-03
+103.256000E-06,+4.194440902E-03,-108.821450143E-03,+46.249999504E-03
+103.258000E-06,+4.079432267E-03,-108.821450162E-03,+46.270414078E-03
+103.260000E-06,+3.961243669E-03,-108.703673777E-03,+46.290043474E-03
+103.262000E-06,+3.830158557E-03,-107.584798144E-03,+46.281406539E-03
+103.264000E-06,+3.703490059E-03,-106.328516750E-03,+46.274339957E-03
+103.266000E-06,+3.588834753E-03,-107.133322054E-03,+46.268058550E-03
+103.268000E-06,+3.484425992E-03,-109.606626071E-03,+46.267273374E-03
+103.270000E-06,+3.361467450E-03,-110.489948895E-03,+46.272769605E-03
+103.272000E-06,+3.223315755E-03,-109.331814454E-03,+46.287295359E-03
+103.274000E-06,+3.092053979E-03,-107.781092107E-03,+46.275517720E-03
+103.276000E-06,+2.978105331E-03,-107.997015502E-03,+46.268058550E-03
+103.278000E-06,+2.863980018E-03,-108.605526805E-03,+46.278265836E-03
+103.280000E-06,+2.734661552E-03,-108.684044382E-03,+46.279836188E-03
+103.282000E-06,+2.598276503E-03,-107.447392364E-03,+46.285332419E-03
+103.284000E-06,+2.459948144E-03,-106.721104695E-03,+46.288865710E-03
+103.286000E-06,+2.330099685E-03,-108.291456475E-03,+46.281013951E-03
+103.288000E-06,+2.205197833E-03,-111.275124804E-03,+46.274339957E-03
+103.290000E-06,+2.073406063E-03,-109.744031775E-03,+46.279051012E-03
+103.292000E-06,+1.938081002E-03,-105.896669978E-03,+46.279836188E-03
+103.294000E-06,+1.797456003E-03,-106.897769302E-03,+46.274339957E-03
+103.296000E-06,+1.661070954E-03,-111.922894934E-03,+46.287295359E-03
+103.298000E-06,+1.534049128E-03,-112.060300618E-03,+46.289258298E-03
+103.300000E-06,+1.414447213E-03,-107.722203866E-03,+46.275517720E-03
+103.302000E-06,+1.287072058E-03,-104.365577044E-03,+46.273554781E-03
+103.304000E-06,+1.159696902E-03,-106.171481633E-03,+46.287295359E-03
+103.306000E-06,+1.028788455E-03,-110.058102219E-03,+46.294754529E-03
+103.308000E-06,+893.640058E-06,-110.705872252E-03,+46.287295358E-03
+103.310000E-06,+761.671623E-06,-108.801820729E-03,+46.266880786E-03
+103.312000E-06,+635.179791E-06,-108.114791869E-03,+46.277873248E-03
+103.314000E-06,+508.157964E-06,-109.429961484E-03,+46.290828650E-03
+103.316000E-06,+374.776213E-06,-110.175878547E-03,+46.292399002E-03
+103.318000E-06,+246.694399E-06,-108.742932546E-03,+46.278658424E-03
+103.320000E-06,+125.679168E-06,-107.702574529E-03,+46.251962444E-03
+103.322000E-06,+15.440476E-06,-107.309986603E-03,+46.267665962E-03
+103.324000E-06,-99.568160E-06,-107.270727814E-03,+46.303391464E-03
+103.326000E-06,-222.880030E-06,-107.957756714E-03,+46.308102519E-03
+103.328000E-06,-346.015236E-06,-109.017744144E-03,+46.280621363E-03
+103.330000E-06,-461.553866E-06,-110.254396143E-03,+46.249214328E-03
+103.332000E-06,-576.032508E-06,-109.999213959E-03,+46.267273374E-03
+103.334000E-06,-679.381282E-06,-109.253296877E-03,+46.297895233E-03
+103.336000E-06,-788.559986E-06,-108.193309446E-03,+46.301821112E-03
+103.338000E-06,-907.455243E-06,-106.544440107E-03,+46.266095609E-03
+103.340000E-06,-1.022640543E-03,-107.427763008E-03,+46.244503273E-03
+103.342000E-06,-1.134645881E-03,-109.645884860E-03,+46.272377018E-03
+103.344000E-06,-1.236404674E-03,-109.253296877E-03,+46.317917218E-03
+103.346000E-06,-1.336750150E-03,-107.506280547E-03,+46.307317343E-03
+103.348000E-06,-1.456882059E-03,-107.820350934E-03,+46.249999504E-03
+103.350000E-06,-1.583550556E-03,-109.822549429E-03,+46.220162821E-03
+103.352000E-06,-1.704565787E-03,-110.921795629E-03,+46.269236314E-03
+103.354000E-06,-1.820987739E-03,-109.802919977E-03,+46.320665334E-03
+103.356000E-06,-1.935643046E-03,-108.252197629E-03,+46.315954278E-03
+103.358000E-06,-2.060014904E-03,-108.880338364E-03,+46.256673499E-03
+103.360000E-06,-2.178380166E-03,-108.860708951E-03,+46.223696113E-03
+103.362000E-06,-2.290738833E-03,-107.741833318E-03,+46.264132671E-03
+103.364000E-06,-2.402390842E-03,-106.622957704E-03,+46.328124505E-03
+103.366000E-06,-2.520226111E-03,-107.172580843E-03,+46.319880157E-03
+103.368000E-06,-2.640181355E-03,-109.194408732E-03,+46.251569855E-03
+103.370000E-06,-2.761549915E-03,-110.843278052E-03,+46.231155284E-03
+103.372000E-06,-2.881858488E-03,-110.902166215E-03,+46.281799128E-03
+103.374000E-06,-2.990860528E-03,-110.470319482E-03,+46.324983801E-03
+103.376000E-06,-3.100745891E-03,-109.586996619E-03,+46.302606288E-03
+103.378000E-06,-3.230771016E-03,-109.331814473E-03,+46.246466212E-03
+103.380000E-06,-3.345072993E-03,-108.762561960E-03,+46.228014580E-03
+103.382000E-06,-3.449305090E-03,-107.035175024E-03,+46.289650887E-03
+103.384000E-06,-3.557423807E-03,-105.975187613E-03,+46.328909680E-03
+103.386000E-06,-3.668722487E-03,-108.193309504E-03,+46.308495107E-03
+103.388000E-06,-3.782847800E-03,-110.862907465E-03,+46.252747619E-03
+103.390000E-06,-3.899799746E-03,-109.547737811E-03,+46.242540334E-03
+103.392000E-06,-4.012158413E-03,-107.251098382E-03,+46.283369480E-03
+103.394000E-06,-4.126283726E-03,-108.468121044E-03,+46.300250761E-03
+103.396000E-06,-4.254365540E-03,-111.432159979E-03,+46.290828650E-03
+103.398000E-06,-4.383154012E-03,-110.588095848E-03,+46.261777142E-03
+103.400000E-06,-4.499399300E-03,-106.976286803E-03,+46.249606917E-03
+103.402000E-06,-4.603984726E-03,-105.523711485E-03,+46.284154656E-03
+103.404000E-06,-4.710866791E-03,-106.897769302E-03,+46.300250761E-03
+103.406000E-06,-4.841775239E-03,-109.312185118E-03,+46.279836187E-03
+103.408000E-06,-4.982223573E-03,-109.763661207E-03,+46.257458675E-03
+103.410000E-06,-5.106242101E-03,-109.371073262E-03,+46.276695485E-03
+103.412000E-06,-5.224077370E-03,-109.037373519E-03,+46.293576766E-03
+103.414000E-06,-5.342619297E-03,-109.410332070E-03,+46.276302896E-03
+103.416000E-06,-5.471231105E-03,-109.744031813E-03,+46.262562318E-03
+103.418000E-06,-5.607439489E-03,-108.684044363E-03,+46.280228776E-03
+103.420000E-06,-5.732164676E-03,-107.702574529E-03,+46.285725007E-03
+103.422000E-06,-5.842756697E-03,-107.447392383E-03,+46.277873248E-03
+103.424000E-06,-5.956528681E-03,-107.015545649E-03,+46.268451137E-03
+103.426000E-06,-6.084610495E-03,-107.231469026E-03,+46.275517721E-03
+103.428000E-06,-6.213398968E-03,-108.782191393E-03,+46.287687947E-03
+103.430000E-06,-6.330880907E-03,-109.685143630E-03,+46.294754529E-03
+103.432000E-06,-6.443062910E-03,-109.508479042E-03,+46.279051012E-03
+103.434000E-06,-6.560898179E-03,-108.644785574E-03,+46.249214328E-03
+103.436000E-06,-6.682090074E-03,-107.152951410E-03,+46.264525259E-03
+103.438000E-06,-6.801161995E-03,-106.132222787E-03,+46.302998877E-03
+103.440000E-06,-6.919880587E-03,-106.976286880E-03,+46.305354404E-03
+103.442000E-06,-7.032415918E-03,-109.174779338E-03,+46.266488197E-03
+103.444000E-06,-7.139121319E-03,-109.469220253E-03,+46.241755158E-03
+103.446000E-06,-7.250066670E-03,-108.782191354E-03,+46.260991967E-03
+103.448000E-06,-7.372848547E-03,-109.645884841E-03,+46.308102520E-03
+103.450000E-06,-7.487327189E-03,-110.332913721E-03,+46.328124504E-03
+103.452000E-06,-7.597919210E-03,-109.586996619E-03,+46.275125132E-03
+103.454000E-06,-7.711867858E-03,-108.369974014E-03,+46.223303524E-03
+103.456000E-06,-7.827583152E-03,-108.762561979E-03,+46.247251390E-03
+103.458000E-06,-7.936055199E-03,-109.665514235E-03,+46.320272746E-03
+103.460000E-06,-8.038520650E-03,-108.821450143E-03,+46.327339328E-03
+103.462000E-06,-8.136569487E-03,-106.760363464E-03,+46.271984428E-03
+103.464000E-06,-8.231615026E-03,-106.485551943E-03,+46.225659052E-03
+103.466000E-06,-8.339910408E-03,-107.997015522E-03,+46.264132671E-03
+103.468000E-06,-8.464988925E-03,-109.861808218E-03,+46.325376389E-03
+103.470000E-06,-8.574874287E-03,-110.234766730E-03,+46.333228147E-03
+103.472000E-06,-8.674866435E-03,-109.017744106E-03,+46.270021488E-03
+103.474000E-06,-8.778745202E-03,-108.703673777E-03,+46.214274002E-03
+103.476000E-06,-8.890750540E-03,-109.233667502E-03,+46.243325510E-03
+103.478000E-06,-9.014945734E-03,-109.586996639E-03,+46.325376390E-03
+103.480000E-06,-9.132074344E-03,-108.664414969E-03,+46.333620735E-03
+103.482000E-06,-9.239309739E-03,-107.290357189E-03,+46.272769604E-03
+103.484000E-06,-9.350255090E-03,-107.113692640E-03,+46.231155283E-03
+103.486000E-06,-9.473036967E-03,-109.037373558E-03,+46.259421616E-03
+103.488000E-06,-9.596172173E-03,-111.373271777E-03,+46.321843098E-03
+103.490000E-06,-9.705527542E-03,-109.744031774E-03,+46.332835559E-03
+103.492000E-06,-9.807992993E-03,-107.408133555E-03,+46.278265835E-03
+103.494000E-06,-9.919645002E-03,-108.212938879E-03,+46.229192343E-03
+103.496000E-06,-10.043840195E-03,-110.843278071E-03,+46.256280912E-03
+103.498000E-06,-10.165915414E-03,-110.372172490E-03,+46.313206163E-03
+103.500000E-06,-10.271384162E-03,-107.231468968E-03,+46.312420986E-03
+103.502000E-06,-10.369609664E-03,-105.425564493E-03,+46.256280911E-03
+103.504000E-06,-10.475785071E-03,-106.328516789E-03,+46.231940459E-03
+103.506000E-06,-10.591853694E-03,-109.371073320E-03,+46.262562319E-03
+103.508000E-06,-10.706685666E-03,-110.745131061E-03,+46.313991339E-03
+103.510000E-06,-10.814981047E-03,-110.195507922E-03,+46.317917217E-03
+103.512000E-06,-10.918683151E-03,-109.410332051E-03,+46.276302896E-03
+103.514000E-06,-11.034221780E-03,-109.312185079E-03,+46.245681037E-03
+103.516000E-06,-11.156473663E-03,-109.449590859E-03,+46.253140208E-03
+103.518000E-06,-11.276958901E-03,-108.782191354E-03,+46.298680409E-03
+103.520000E-06,-11.383487637E-03,-108.271827043E-03,+46.304961816E-03
+103.522000E-06,-11.486836411E-03,-107.388504181E-03,+46.271984428E-03
+103.524000E-06,-11.597428432E-03,-106.995916255E-03,+46.264525258E-03
+103.526000E-06,-11.716500353E-03,-107.231469026E-03,+46.275125133E-03
+103.528000E-06,-11.834158958E-03,-107.820350934E-03,+46.304176640E-03
+103.530000E-06,-11.931677800E-03,-108.998114750E-03,+46.305354404E-03
+103.532000E-06,-12.030079966E-03,-109.979584584E-03,+46.277480660E-03
+103.534000E-06,-12.135195386E-03,-109.685143610E-03,+46.251569856E-03
+103.536000E-06,-12.248614041E-03,-108.252197629E-03,+46.256673500E-03
+103.538000E-06,-12.364329335E-03,-106.407034327E-03,+46.290828651E-03
+103.540000E-06,-12.464144817E-03,-106.858510494E-03,+46.301035936E-03
+103.542000E-06,-12.561663660E-03,-109.842178843E-03,+46.282584303E-03
+103.544000E-06,-12.666602416E-03,-109.704773005E-03,+46.255103147E-03
+103.546000E-06,-12.787440983E-03,-107.839980289E-03,+46.259814203E-03
+103.548000E-06,-12.906689568E-03,-108.684044402E-03,+46.293969354E-03
+103.550000E-06,-13.013041639E-03,-110.764760474E-03,+46.309672871E-03
+103.552000E-06,-13.120100369E-03,-111.864006674E-03,+46.294754529E-03
+103.554000E-06,-13.228749081E-03,-110.332913682E-03,+46.259421615E-03
+103.556000E-06,-13.341284412E-03,-109.135520491E-03,+46.249214329E-03
+103.558000E-06,-13.451876434E-03,-109.272926290E-03,+46.281406540E-03
+103.560000E-06,-13.557168518E-03,-108.899967739E-03,+46.305354404E-03
+103.562000E-06,-13.651860728E-03,-108.154050657E-03,+46.280621363E-03
+103.564000E-06,-13.742666317E-03,-106.819251667E-03,+46.257458675E-03
+103.566000E-06,-13.852905010E-03,-107.467021797E-03,+46.262954907E-03
+103.568000E-06,-13.961023727E-03,-108.958855961E-03,+46.291613826E-03
+103.570000E-06,-14.063489178E-03,-110.116990364E-03,+46.303784052E-03
+103.572000E-06,-14.165247971E-03,-109.155149885E-03,+46.293969353E-03
+103.574000E-06,-14.268243416E-03,-108.173680051E-03,+46.251177268E-03
+103.576000E-06,-14.371415526E-03,-108.330715245E-03,+46.250784681E-03
+103.578000E-06,-14.485717503E-03,-109.057002933E-03,+46.295539706E-03
+103.580000E-06,-14.596662854E-03,-108.468121006E-03,+46.301821112E-03
+103.582000E-06,-14.701954938E-03,-107.408133575E-03,+46.271591841E-03
+103.584000E-06,-14.804067060E-03,-106.858510475E-03,+46.250784680E-03
+103.586000E-06,-14.915719069E-03,-108.998114770E-03,+46.275910309E-03
+103.588000E-06,-15.028784394E-03,-111.235865997E-03,+46.301821113E-03
+103.590000E-06,-15.135666460E-03,-110.274025499E-03,+46.304961816E-03
+103.592000E-06,-15.235481942E-03,-107.486651133E-03,+46.269236313E-03
+103.594000E-06,-15.341834014E-03,-108.212938879E-03,+46.242147746E-03
+103.596000E-06,-15.451719377E-03,-111.392901191E-03,+46.271984430E-03
+103.598000E-06,-15.559484765E-03,-111.412530527E-03,+46.315169103E-03
+103.600000E-06,-15.658240260E-03,-108.055903627E-03,+46.295932293E-03
+103.602000E-06,-15.750812496E-03,-106.210740364E-03,+46.253925383E-03
+103.604000E-06,-15.838968116E-03,-107.388504220E-03,+46.248429153E-03
+103.606000E-06,-15.941433568E-03,-109.783290641E-03,+46.295147118E-03
+103.608000E-06,-16.050965602E-03,-111.059201409E-03,+46.326554153E-03
+103.610000E-06,-16.146364470E-03,-109.547737811E-03,+46.291613825E-03
+103.612000E-06,-16.234696755E-03,-107.663315721E-03,+46.244895861E-03
+103.614000E-06,-16.335925555E-03,-108.389603448E-03,+46.241755158E-03
+103.616000E-06,-16.446517576E-03,-110.175878566E-03,+46.302606289E-03
+103.618000E-06,-16.553222977E-03,-110.136619739E-03,+46.341472494E-03
+103.620000E-06,-16.648091852E-03,-108.173680032E-03,+46.288080533E-03
+103.622000E-06,-16.737660789E-03,-106.249999153E-03,+46.219377645E-03
+103.624000E-06,-16.837829601E-03,-106.426663761E-03,+46.235473751E-03
+103.626000E-06,-16.949481610E-03,-108.684044421E-03,+46.302213701E-03
+103.628000E-06,-17.063783587E-03,-109.959955190E-03,+46.335976263E-03
+103.630000E-06,-17.162185753E-03,-109.685143610E-03,+46.281799126E-03
+103.632000E-06,-17.257054628E-03,-109.626255427E-03,+46.224088700E-03
+103.634000E-06,-17.357930098E-03,-109.214038088E-03,+46.249999505E-03
+103.636000E-06,-17.468345455E-03,-108.468121005E-03,+46.323413450E-03
+103.638000E-06,-17.578760812E-03,-106.858510455E-03,+46.341472494E-03
+103.640000E-06,-17.687762852E-03,-107.054804457E-03,+46.268451136E-03
+103.642000E-06,-17.790404968E-03,-109.174779338E-03,+46.194644605E-03
+103.644000E-06,-17.897110369E-03,-109.057002914E-03,+46.240577395E-03
+103.646000E-06,-18.011942340E-03,-107.624056932E-03,+46.333620736E-03
+103.648000E-06,-18.129070950E-03,-107.839980328E-03,+46.343042845E-03
+103.650000E-06,-18.230299749E-03,-109.547737870E-03,+46.260206790E-03
+103.652000E-06,-18.326758605E-03,-110.882536841E-03,+46.196214957E-03
+103.654000E-06,-18.436467304E-03,-109.940325756E-03,+46.243718099E-03
+103.656000E-06,-18.544409357E-03,-108.821450142E-03,+46.334013324E-03
+103.658000E-06,-18.645638156E-03,-108.684044382E-03,+46.348539077E-03
+103.660000E-06,-18.728670504E-03,-108.821450162E-03,+46.258243850E-03
+103.662000E-06,-18.812939504E-03,-108.154050657E-03,+46.187578022E-03
+103.664000E-06,-18.908868366E-03,-107.231469006E-03,+46.253532797E-03
+103.666000E-06,-19.007623862E-03,-108.075533099E-03,+46.354820485E-03
+103.668000E-06,-19.102846065E-03,-110.274025558E-03,+46.348539076E-03
+103.670000E-06,-19.193828319E-03,-110.980683812E-03,+46.244110684E-03
+103.672000E-06,-19.295410448E-03,-109.940325756E-03,+46.191111314E-03
+103.674000E-06,-19.399819209E-03,-108.684044363E-03,+46.251569858E-03
+103.676000E-06,-19.500694679E-03,-108.664414988E-03,+46.346183550E-03
+103.678000E-06,-19.597330199E-03,-109.096261722E-03,+46.352857544E-03
+103.680000E-06,-19.693435726E-03,-108.468121005E-03,+46.244895860E-03
+103.682000E-06,-19.783357993E-03,-107.408133575E-03,+46.180118851E-03
+103.684000E-06,-19.877343544E-03,-107.133322035E-03,+46.241755159E-03
+103.686000E-06,-19.969562450E-03,-108.487750439E-03,+46.347753902E-03
+103.688000E-06,-20.056481419E-03,-109.783290621E-03,+46.358746363E-03
+103.690000E-06,-20.143930382E-03,-108.978485317E-03,+46.264917845E-03
+103.692000E-06,-20.236502617E-03,-107.879239097E-03,+46.188363198E-03
+103.694000E-06,-20.337201423E-03,-109.390702696E-03,+46.228799757E-03
+103.696000E-06,-20.427830347E-03,-111.549936346E-03,+46.334798500E-03
+103.698000E-06,-20.510686031E-03,-110.862907407E-03,+46.373664705E-03
+103.700000E-06,-20.588948436E-03,-107.702574489E-03,+46.283762065E-03
+103.702000E-06,-20.675337411E-03,-106.171481575E-03,+46.190718725E-03
+103.704000E-06,-20.771619603E-03,-107.388504220E-03,+46.220555410E-03
+103.706000E-06,-20.856771926E-03,-109.508479081E-03,+46.322628274E-03
+103.708000E-06,-20.940157603E-03,-109.920696382E-03,+46.374842469E-03
+103.710000E-06,-21.032199845E-03,-109.665514216E-03,+46.295147116E-03
+103.712000E-06,-21.127952042E-03,-109.488849648E-03,+46.200533423E-03
+103.714000E-06,-21.221584265E-03,-109.744031813E-03,+46.207992596E-03
+103.716000E-06,-21.301259986E-03,-109.783290602E-03,+46.315169104E-03
+103.718000E-06,-21.369099181E-03,-109.096261702E-03,+46.382301640E-03
+103.720000E-06,-21.447891580E-03,-107.624056932E-03,+46.312813573E-03
+103.722000E-06,-21.532160581E-03,-107.152951429E-03,+46.180904026E-03
+103.724000E-06,-21.614486271E-03,-107.663315760E-03,+46.174622621E-03
+103.726000E-06,-21.696458632E-03,-108.291456457E-03,+46.291613828E-03
+103.728000E-06,-21.764827820E-03,-109.606626053E-03,+46.390545987E-03
+103.730000E-06,-21.836200307E-03,-110.607725281E-03,+46.341865080E-03
+103.732000E-06,-21.919409320E-03,-109.901066967E-03,+46.209562945E-03
+103.734000E-06,-22.002971662E-03,-108.958855922E-03,+46.169911565E-03
+103.736000E-06,-22.078937428E-03,-108.291456437E-03,+46.276695486E-03
+103.738000E-06,-22.148896598E-03,-107.113692621E-03,+46.394079279E-03
+103.740000E-06,-22.225569022E-03,-107.918497925E-03,+46.348146487E-03
+103.742000E-06,-22.313194649E-03,-109.842178824E-03,+46.196607543E-03
+103.744000E-06,-22.397286985E-03,-109.272926271E-03,+46.162452395E-03
+103.746000E-06,-22.470779446E-03,-107.918497886E-03,+46.275910310E-03
+103.748000E-06,-22.536675331E-03,-108.566268016E-03,+46.396827394E-03
+103.750000E-06,-22.606634501E-03,-110.332913741E-03,+46.365027769E-03
+103.752000E-06,-22.694613458E-03,-110.843278032E-03,+46.218199879E-03
+103.754000E-06,-22.780119110E-03,-109.783290582E-03,+46.167948626E-03
+103.756000E-06,-22.861208148E-03,-108.664414968E-03,+46.265310436E-03
+103.758000E-06,-22.921980760E-03,-108.801820768E-03,+46.389760812E-03
+103.760000E-06,-22.978690087E-03,-109.528108456E-03,+46.355998246E-03
+103.762000E-06,-23.041406010E-03,-108.389603408E-03,+46.214274000E-03
+103.764000E-06,-23.111188516E-03,-106.976286841E-03,+46.170304153E-03
+103.766000E-06,-23.183090996E-03,-107.074433852E-03,+46.273947371E-03
+103.768000E-06,-23.256406793E-03,-109.861808238E-03,+46.379946113E-03
+103.770000E-06,-23.320006038E-03,-110.529207684E-03,+46.351679779E-03
+103.772000E-06,-23.380955315E-03,-108.095162434E-03,+46.227621990E-03
+103.774000E-06,-23.446674536E-03,-107.192210217E-03,+46.172267093E-03
+103.776000E-06,-23.520520327E-03,-109.312185119E-03,+46.257458677E-03
+103.778000E-06,-23.596662757E-03,-110.175878547E-03,+46.355605661E-03
+103.780000E-06,-23.659378679E-03,-108.468120986E-03,+46.334798498E-03
+103.782000E-06,-23.721387944E-03,-106.426663721E-03,+46.236651513E-03
+103.784000E-06,-23.777390613E-03,-106.995916274E-03,+46.201318600E-03
+103.786000E-06,-23.852296391E-03,-109.586996678E-03,+46.275125134E-03
+103.788000E-06,-23.939922018E-03,-111.589195135E-03,+46.360316716E-03
+103.790000E-06,-24.012884486E-03,-108.664414928E-03,+46.329694855E-03
+103.792000E-06,-24.062527230E-03,-106.151852161E-03,+46.249606915E-03
+103.794000E-06,-24.119059893E-03,-108.193309505E-03,+46.211525886E-03
+103.796000E-06,-24.186899088E-03,-111.412530586E-03,+46.270806666E-03
+103.798000E-06,-24.259861556E-03,-110.588095847E-03,+46.340294731E-03
+103.800000E-06,-24.313567585E-03,-107.251098361E-03,+46.318702393E-03
+103.802000E-06,-24.355790418E-03,-105.288158713E-03,+46.245681036E-03
+103.804000E-06,-24.398013250E-03,-106.446293175E-03,+46.235866339E-03
+103.806000E-06,-24.458962528E-03,-108.841079596E-03,+46.290828651E-03
+103.808000E-06,-24.528745033E-03,-109.704773024E-03,+46.337154027E-03
+103.810000E-06,-24.591990949E-03,-108.821450142E-03,+46.309672870E-03
+103.812000E-06,-24.640573706E-03,-108.134421263E-03,+46.266488197E-03
+103.814000E-06,-24.683503197E-03,-108.742932585E-03,+46.247251389E-03
+103.816000E-06,-24.740742518E-03,-109.115891116E-03,+46.272769605E-03
+103.818000E-06,-24.801338466E-03,-108.193309446E-03,+46.309672871E-03
+103.820000E-06,-24.860874426E-03,-107.781092126E-03,+46.289650886E-03
+103.822000E-06,-24.907867202E-03,-107.329615997E-03,+46.266880786E-03
+103.824000E-06,-24.959276592E-03,-107.545539374E-03,+46.269628902E-03
+103.826000E-06,-25.015279261E-03,-108.271827062E-03,+46.270414077E-03
+103.828000E-06,-25.073048576E-03,-109.881437613E-03,+46.284154655E-03
+103.830000E-06,-25.127284599E-03,-110.784389850E-03,+46.286117595E-03
+103.832000E-06,-25.182227281E-03,-110.332913701E-03,+46.272377017E-03
+103.834000E-06,-25.237346627E-03,-108.742932545E-03,+46.264917846E-03
+103.836000E-06,-25.288756017E-03,-107.152951409E-03,+46.264132670E-03
+103.838000E-06,-25.335925458E-03,-106.269628567E-03,+46.275125133E-03
+103.840000E-06,-25.387511512E-03,-107.408133614E-03,+46.271199253E-03
+103.842000E-06,-25.442277529E-03,-109.233667522E-03,+46.278658424E-03
+103.844000E-06,-25.497396876E-03,-108.919597134E-03,+46.277088072E-03
+103.846000E-06,-25.540149702E-03,-107.054804418E-03,+46.262954906E-03
+103.848000E-06,-25.581135882E-03,-106.662216512E-03,+46.263740082E-03
+103.850000E-06,-25.624595366E-03,-108.978485376E-03,+46.288865711E-03
+103.852000E-06,-25.679538048E-03,-110.961054438E-03,+46.297895233E-03
+103.854000E-06,-25.734834059E-03,-110.372172490E-03,+46.271199253E-03
+103.856000E-06,-25.787480101E-03,-108.742932545E-03,+46.248036565E-03
+103.858000E-06,-25.833589554E-03,-108.252197648E-03,+46.267273374E-03
+103.860000E-06,-25.873869076E-03,-108.350344640E-03,+46.297895233E-03
+103.862000E-06,-25.918388548E-03,-107.682945134E-03,+46.296324881E-03
+103.864000E-06,-25.968561286E-03,-106.760363483E-03,+46.270806665E-03
+103.866000E-06,-26.019440683E-03,-107.604427577E-03,+46.245288449E-03
+103.868000E-06,-26.065373471E-03,-109.528108476E-03,+46.258636440E-03
+103.870000E-06,-26.113072905E-03,-110.470319501E-03,+46.299465585E-03
+103.872000E-06,-26.161125669E-03,-109.881437573E-03,+46.302213700E-03
+103.874000E-06,-26.209178432E-03,-108.409232802E-03,+46.266095609E-03
+103.876000E-06,-26.257231195E-03,-108.625156199E-03,+46.228014580E-03
+103.878000E-06,-26.299100698E-03,-108.821450162E-03,+46.250784681E-03
+103.880000E-06,-26.338850227E-03,-108.291456437E-03,+46.306924756E-03
+103.882000E-06,-26.382133047E-03,-107.251098400E-03,+46.311635810E-03
+103.884000E-06,-26.422235904E-03,-106.564069521E-03,+46.264525257E-03
+103.886000E-06,-26.464282072E-03,-108.546638642E-03,+46.222125761E-03
+103.888000E-06,-26.504208265E-03,-111.039572035E-03,+46.266488199E-03
+103.890000E-06,-26.542544477E-03,-109.842178765E-03,+46.325768977E-03
+103.892000E-06,-26.578230720E-03,-107.565168729E-03,+46.313991338E-03
+103.894000E-06,-26.613563635E-03,-108.369974054E-03,+46.242540333E-03
+103.896000E-06,-26.645186593E-03,-111.275124806E-03,+46.207992595E-03
+103.898000E-06,-26.676279557E-03,-110.843278012E-03,+46.262169732E-03
+103.900000E-06,-26.708609174E-03,-107.977386048E-03,+46.325376389E-03
+103.902000E-06,-26.741115455E-03,-106.622957703E-03,+46.313991338E-03
+103.904000E-06,-26.767438476E-03,-107.859609743E-03,+46.253532795E-03
+103.906000E-06,-26.790404870E-03,-110.254396164E-03,+46.234295987E-03
+103.908000E-06,-26.825384455E-03,-110.843278032E-03,+46.284939832E-03
+103.910000E-06,-26.864603990E-03,-109.920696362E-03,+46.347361314E-03
+103.912000E-06,-26.897993594E-03,-109.233667482E-03,+46.319487569E-03
+103.914000E-06,-26.915660051E-03,-109.292555685E-03,+46.240184805E-03
+103.916000E-06,-26.934916489E-03,-109.586996639E-03,+46.207600007E-03
+103.918000E-06,-26.959649529E-03,-108.801820748E-03,+46.270414078E-03
+103.920000E-06,-26.987562531E-03,-107.997015483E-03,+46.337546615E-03
+103.922000E-06,-27.007172299E-03,-107.074433832E-03,+46.315561689E-03
+103.924000E-06,-27.031728674E-03,-106.819251686E-03,+46.250784679E-03
+103.926000E-06,-27.050985112E-03,-107.898868531E-03,+46.222910937E-03
+103.928000E-06,-27.070594880E-03,-109.704773045E-03,+46.272377018E-03
+103.930000E-06,-27.086671355E-03,-110.077731556E-03,+46.332050384E-03
+103.932000E-06,-27.107164446E-03,-108.311085811E-03,+46.312028398E-03
+103.934000E-06,-27.122180934E-03,-107.506280566E-03,+46.236651514E-03
+103.936000E-06,-27.136314100E-03,-108.389603448E-03,+46.218199882E-03
+103.938000E-06,-27.151683918E-03,-107.702574528E-03,+46.274732546E-03
+103.940000E-06,-27.158573836E-03,-107.309986603E-03,+46.321450510E-03
+103.942000E-06,-27.167937058E-03,-107.820350934E-03,+46.315954278E-03
+103.944000E-06,-27.176593622E-03,-108.311085851E-03,+46.267665961E-03
+103.946000E-06,-27.182600217E-03,-108.095162474E-03,+46.228014580E-03
+103.948000E-06,-27.191963440E-03,-108.468121025E-03,+46.259029028E-03
+103.950000E-06,-27.187016831E-03,-109.626255447E-03,+46.310850636E-03
+103.952000E-06,-27.189843465E-03,-109.783290602E-03,+46.320272745E-03
+103.954000E-06,-27.196556718E-03,-110.058102161E-03,+46.265703021E-03
+103.956000E-06,-27.209806561E-03,-109.547737830E-03,+46.219377645E-03
+103.958000E-06,-27.217756467E-03,-108.507379794E-03,+46.244110686E-03
+103.960000E-06,-27.206273269E-03,-108.507379814E-03,+46.297895234E-03
+103.962000E-06,-27.183483540E-03,-108.252197648E-03,+46.315954278E-03
+103.964000E-06,-27.176770286E-03,-107.251098400E-03,+46.292791589E-03
+103.966000E-06,-27.188606813E-03,-108.075533100E-03,+46.250784680E-03
+103.968000E-06,-27.203976631E-03,-109.586996659E-03,+46.248036565E-03
+103.970000E-06,-27.203446637E-03,-110.195507941E-03,+46.292399002E-03
+103.972000E-06,-27.193200091E-03,-109.842178784E-03,+46.323413449E-03
+103.974000E-06,-27.188076819E-03,-108.958855922E-03,+46.285725006E-03
+103.976000E-06,-27.206096605E-03,-108.703673777E-03,+46.233118223E-03
+103.978000E-06,-27.227296354E-03,-109.233667502E-03,+46.234688575E-03
+103.980000E-06,-27.232419626E-03,-109.724402419E-03,+46.288080535E-03
+103.982000E-06,-27.216696479E-03,-108.271827022E-03,+46.325768977E-03
+103.984000E-06,-27.202033320E-03,-107.506280566E-03,+46.310850634E-03
+103.986000E-06,-27.210159890E-03,-109.488849688E-03,+46.258636438E-03
+103.988000E-06,-27.228886335E-03,-111.569565741E-03,+46.240577394E-03
+103.990000E-06,-27.238779551E-03,-110.450690067E-03,+46.282976892E-03
+103.992000E-06,-27.224999714E-03,-107.368874746E-03,+46.327731917E-03
+103.994000E-06,-27.212986523E-03,-108.330715265E-03,+46.305746991E-03
+103.996000E-06,-27.217756467E-03,-111.412530587E-03,+46.252355031E-03
+103.998000E-06,-27.233479614E-03,-110.588095847E-03,+46.237044103E-03
+104.000000E-06,-27.238072893E-03,-107.525909920E-03,+46.279836189E-03
+104.002000E-06,-27.227296353E-03,-106.014446401E-03,+46.313598751E-03
+104.004000E-06,-27.207156592E-03,-107.368874826E-03,+46.292791589E-03
+104.006000E-06,-27.203269972E-03,-108.684044402E-03,+46.248036564E-03
+104.008000E-06,-27.217933132E-03,-109.253296896E-03,+46.255888324E-03
+104.010000E-06,-27.228709670E-03,-109.037373519E-03,+46.290828651E-03
+104.012000E-06,-27.226236366E-03,-109.822549410E-03,+46.317524630E-03
+104.014000E-06,-27.208393244E-03,-111.039572015E-03,+46.282191715E-03
+104.016000E-06,-27.202209985E-03,-110.234766710E-03,+46.232725635E-03
+104.018000E-06,-27.204153295E-03,-108.585897371E-03,+46.245681038E-03
+104.020000E-06,-27.205743276E-03,-107.957756694E-03,+46.297895234E-03
+104.022000E-06,-27.198500028E-03,-107.761462731E-03,+46.302213700E-03
+104.024000E-06,-27.182600217E-03,-107.879239117E-03,+46.274339956E-03
+104.026000E-06,-27.165640418E-03,-108.311085851E-03,+46.242932921E-03
+104.028000E-06,-27.152390575E-03,-109.881437613E-03,+46.260991967E-03
+104.030000E-06,-27.143380682E-03,-110.784389850E-03,+46.302606289E-03
+104.032000E-06,-27.128717523E-03,-110.745131041E-03,+46.308102519E-03
+104.034000E-06,-27.111934389E-03,-109.488849627E-03,+46.258636438E-03
+104.036000E-06,-27.091264634E-03,-107.938127280E-03,+46.232333047E-03
+104.038000E-06,-27.075011493E-03,-106.917398657E-03,+46.273554782E-03
+104.040000E-06,-27.059465011E-03,-108.036274311E-03,+46.312813575E-03
+104.042000E-06,-27.043918529E-03,-109.999213999E-03,+46.303784052E-03
+104.044000E-06,-27.020952134E-03,-110.116990344E-03,+46.257851263E-03
+104.046000E-06,-26.998162405E-03,-108.585897371E-03,+46.237829278E-03
+104.048000E-06,-26.971839384E-03,-108.782191374E-03,+46.274339957E-03
+104.050000E-06,-26.953642933E-03,-110.489948916E-03,+46.318309806E-03
+104.052000E-06,-26.932973178E-03,-111.412530547E-03,+46.307317343E-03
+104.054000E-06,-26.915483386E-03,-110.548837058E-03,+46.247251388E-03
+104.056000E-06,-26.891103675E-03,-109.312185059E-03,+46.233510811E-03
+104.058000E-06,-26.858244064E-03,-108.605526785E-03,+46.284939832E-03
+104.060000E-06,-26.823087815E-03,-109.076632328E-03,+46.314383926E-03
+104.062000E-06,-26.790228205E-03,-108.468121005E-03,+46.281799127E-03
+104.064000E-06,-26.760195228E-03,-106.721104674E-03,+46.235473750E-03
+104.066000E-06,-26.737935492E-03,-106.897769283E-03,+46.243325510E-03
+104.068000E-06,-26.706842527E-03,-109.292555725E-03,+46.289258299E-03
+104.070000E-06,-26.673099594E-03,-110.588095887E-03,+46.312028399E-03
+104.072000E-06,-26.642889952E-03,-110.175878527E-03,+46.275910308E-03
+104.074000E-06,-26.607027044E-03,-109.272926270E-03,+46.234688575E-03
+104.076000E-06,-26.583883986E-03,-109.155149905E-03,+46.243325510E-03
+104.078000E-06,-26.563920889E-03,-109.429961465E-03,+46.305746993E-03
+104.080000E-06,-26.534241241E-03,-108.782191353E-03,+46.317132042E-03
+104.082000E-06,-26.504384929E-03,-107.584798143E-03,+46.276302896E-03
+104.084000E-06,-26.470995325E-03,-107.015545649E-03,+46.245681037E-03
+104.086000E-06,-26.437075727E-03,-109.567367285E-03,+46.264132671E-03
+104.088000E-06,-26.404392782E-03,-112.413629815E-03,+46.316739455E-03
+104.090000E-06,-26.370649848E-03,-109.744031752E-03,+46.323806037E-03
+104.092000E-06,-26.334256947E-03,-105.602229020E-03,+46.268843725E-03
+104.094000E-06,-26.299984020E-03,-107.270727855E-03,+46.228014580E-03
+104.096000E-06,-26.262354466E-03,-112.394000461E-03,+46.267273375E-03
+104.098000E-06,-26.216775007E-03,-112.394000360E-03,+46.331265208E-03
+104.100000E-06,-26.173845516E-03,-108.036274210E-03,+46.314776514E-03
+104.102000E-06,-26.138865931E-03,-105.091864729E-03,+46.250784679E-03
+104.104000E-06,-26.103709682E-03,-106.681845947E-03,+46.220162821E-03
+104.106000E-06,-26.057246899E-03,-110.254396185E-03,+46.271984430E-03
+104.108000E-06,-26.012904092E-03,-111.000313207E-03,+46.337546615E-03
+104.110000E-06,-25.967854626E-03,-109.253296856E-03,+46.329302267E-03
+104.112000E-06,-25.923865148E-03,-108.860708951E-03,+46.255495734E-03
+104.114000E-06,-25.886235595E-03,-109.665514236E-03,+46.220555409E-03
+104.116000E-06,-25.839596148E-03,-110.058102162E-03,+46.255495736E-03
+104.118000E-06,-25.782886820E-03,-108.860708930E-03,+46.318702394E-03
+104.120000E-06,-25.718757581E-03,-107.309986583E-03,+46.315954278E-03
+104.122000E-06,-25.676004755E-03,-106.838881080E-03,+46.253925383E-03
+104.124000E-06,-25.633958587E-03,-107.349245412E-03,+46.223303525E-03
+104.126000E-06,-25.586612482E-03,-107.839980329E-03,+46.261384556E-03
+104.128000E-06,-25.518773287E-03,-108.723303191E-03,+46.327731917E-03
+104.130000E-06,-25.446870806E-03,-109.253296896E-03,+46.319880157E-03
+104.132000E-06,-25.404471310E-03,-109.586996639E-03,+46.257066086E-03
+104.134000E-06,-25.368785066E-03,-108.801820748E-03,+46.218199881E-03
+104.136000E-06,-25.319848980E-03,-107.722203923E-03,+46.255103149E-03
+104.138000E-06,-25.256603063E-03,-106.897769263E-03,+46.313206163E-03
+104.140000E-06,-25.184170589E-03,-108.036274312E-03,+46.309672871E-03
+104.142000E-06,-25.126754604E-03,-110.411431339E-03,+46.255888323E-03
+104.144000E-06,-25.086475082E-03,-110.175878527E-03,+46.229192344E-03
+104.146000E-06,-25.035949014E-03,-108.173680031E-03,+46.242932922E-03
+104.148000E-06,-24.972526433E-03,-108.585897411E-03,+46.300250761E-03
+104.150000E-06,-24.901330611E-03,-110.332913742E-03,+46.327339328E-03
+104.152000E-06,-24.842854638E-03,-110.843278033E-03,+46.288865710E-03
+104.154000E-06,-24.796215192E-03,-109.920696361E-03,+46.230762695E-03
+104.156000E-06,-24.743569149E-03,-108.958855922E-03,+46.237044103E-03
+104.158000E-06,-24.678733252E-03,-108.841079556E-03,+46.291221239E-03
+104.160000E-06,-24.601177505E-03,-109.253296896E-03,+46.317917218E-03
+104.162000E-06,-24.526978385E-03,-108.350344619E-03,+46.282191715E-03
+104.164000E-06,-24.469562400E-03,-107.113692620E-03,+46.238221866E-03
+104.166000E-06,-24.411969750E-03,-106.956657466E-03,+46.243718098E-03
+104.168000E-06,-24.347840510E-03,-108.880338386E-03,+46.292006415E-03
+104.170000E-06,-24.272934732E-03,-110.529207704E-03,+46.323413449E-03
+104.172000E-06,-24.196615637E-03,-110.588095867E-03,+46.299465584E-03
+104.174000E-06,-24.122769847E-03,-109.881437573E-03,+46.229584931E-03
+104.176000E-06,-24.052987341E-03,-109.233667482E-03,+46.214666590E-03
+104.178000E-06,-23.987444786E-03,-109.017744125E-03,+46.274339958E-03
+104.180000E-06,-23.907592399E-03,-108.311085831E-03,+46.329694856E-03
+104.182000E-06,-23.823146734E-03,-107.251098400E-03,+46.303391463E-03
+104.184000E-06,-23.735874436E-03,-106.838881080E-03,+46.243718097E-03
+104.186000E-06,-23.660615329E-03,-108.311085872E-03,+46.230370108E-03
+104.188000E-06,-23.593306128E-03,-110.862907468E-03,+46.290043475E-03
+104.190000E-06,-23.513277077E-03,-109.959955150E-03,+46.339902143E-03
+104.192000E-06,-23.421411500E-03,-107.035175002E-03,+46.312813574E-03
+104.194000E-06,-23.328132606E-03,-108.291456477E-03,+46.244895860E-03
+104.196000E-06,-23.238563669E-03,-111.275124807E-03,+46.235866339E-03
+104.198000E-06,-23.159417941E-03,-110.568466452E-03,+46.288080535E-03
+104.200000E-06,-23.077975574E-03,-107.388504139E-03,+46.328517092E-03
+104.202000E-06,-22.974980129E-03,-105.582599666E-03,+46.308495107E-03
+104.204000E-06,-22.859088170E-03,-106.485551964E-03,+46.247251388E-03
+104.206000E-06,-22.752912763E-03,-108.841079597E-03,+46.233510811E-03
+104.208000E-06,-22.669350421E-03,-109.979584585E-03,+46.276695485E-03
+104.210000E-06,-22.578898161E-03,-109.547737830E-03,+46.326946741E-03
+104.212000E-06,-22.475902716E-03,-108.919597133E-03,+46.322235685E-03
+104.214000E-06,-22.362660726E-03,-109.253296896E-03,+46.260206790E-03
+104.216000E-06,-22.253128692E-03,-109.861808199E-03,+46.232333047E-03
+104.218000E-06,-22.159143140E-03,-109.253296876E-03,+46.270806666E-03
+104.220000E-06,-22.064804259E-03,-108.742932565E-03,+46.304176640E-03
+104.222000E-06,-21.951562269E-03,-107.722203922E-03,+46.291613826E-03
+104.224000E-06,-21.831960354E-03,-107.172580823E-03,+46.259029027E-03
+104.226000E-06,-21.727904922E-03,-108.350344660E-03,+46.251962444E-03
+104.228000E-06,-21.639749302E-03,-109.901067008E-03,+46.276302897E-03
+104.230000E-06,-21.551063687E-03,-111.334012970E-03,+46.301821113E-03
+104.232000E-06,-21.449658223E-03,-110.686242838E-03,+46.293969353E-03
+104.234000E-06,-21.336592897E-03,-109.194408673E-03,+46.275910308E-03
+104.236000E-06,-21.225824211E-03,-107.898868491E-03,+46.265310434E-03
+104.238000E-06,-21.135371951E-03,-106.779992877E-03,+46.269628902E-03
+104.240000E-06,-21.042799716E-03,-108.154050697E-03,+46.281406540E-03
+104.242000E-06,-20.930971042E-03,-110.568466513E-03,+46.293969354E-03
+104.244000E-06,-20.811545792E-03,-110.058102141E-03,+46.295539705E-03
+104.246000E-06,-20.700070448E-03,-108.291456416E-03,+46.281799127E-03
+104.248000E-06,-20.613328144E-03,-109.567367265E-03,+46.266095610E-03
+104.250000E-06,-20.522522555E-03,-110.607725282E-03,+46.275125133E-03
+104.252000E-06,-20.414580501E-03,-109.901066967E-03,+46.301428525E-03
+104.254000E-06,-20.299395201E-03,-108.821450142E-03,+46.302213700E-03
+104.256000E-06,-20.183503243E-03,-109.371073282E-03,+46.299072997E-03
+104.258000E-06,-20.079977804E-03,-109.606626033E-03,+46.262954906E-03
+104.260000E-06,-19.970799099E-03,-108.664414968E-03,+46.246858801E-03
+104.262000E-06,-19.844483931E-03,-107.152951408E-03,+46.270021490E-03
+104.264000E-06,-19.713398819E-03,-106.956657466E-03,+46.303784052E-03
+104.266000E-06,-19.588143638E-03,-108.880338386E-03,+46.294361941E-03
+104.268000E-06,-19.473664996E-03,-110.529207705E-03,+46.259421614E-03
+104.270000E-06,-19.354416411E-03,-109.901066967E-03,+46.251962444E-03
+104.272000E-06,-19.229337895E-03,-109.233667482E-03,+46.281799128E-03
+104.274000E-06,-19.102316068E-03,-108.880338345E-03,+46.316346866E-03
+104.276000E-06,-18.977590881E-03,-109.528108456E-03,+46.287687946E-03
+104.278000E-06,-18.854455675E-03,-109.214038087E-03,+46.249999504E-03
+104.280000E-06,-18.731497134E-03,-108.468121005E-03,+46.237044103E-03
+104.282000E-06,-18.606065288E-03,-107.133322014E-03,+46.282584304E-03
+104.284000E-06,-18.480280114E-03,-106.819251686E-03,+46.330480032E-03
+104.286000E-06,-18.358204895E-03,-108.311085872E-03,+46.303391463E-03
+104.288000E-06,-18.230476410E-03,-110.313284348E-03,+46.251962443E-03
+104.290000E-06,-18.099391299E-03,-109.469220233E-03,+46.234295987E-03
+104.292000E-06,-17.980319378E-03,-107.525909939E-03,+46.276695485E-03
+104.294000E-06,-17.871670667E-03,-107.957756714E-03,+46.321450510E-03
+104.296000E-06,-17.753128740E-03,-110.666613505E-03,+46.293969353E-03
+104.298000E-06,-17.621866963E-03,-110.902166215E-03,+46.245288449E-03
+104.300000E-06,-17.489015206E-03,-107.997015441E-03,+46.241755158E-03
+104.302000E-06,-17.368529969E-03,-106.348146143E-03,+46.288865711E-03
+104.304000E-06,-17.253521333E-03,-107.270727835E-03,+46.331265208E-03
+104.306000E-06,-17.131622779E-03,-109.214038129E-03,+46.297895232E-03
+104.308000E-06,-16.996297717E-03,-110.018843373E-03,+46.242932921E-03
+104.310000E-06,-16.859206010E-03,-109.272926270E-03,+46.233118223E-03
+104.312000E-06,-16.739427431E-03,-108.880338345E-03,+46.287687947E-03
+104.314000E-06,-16.629542068E-03,-109.115891116E-03,+46.323020861E-03
+104.316000E-06,-16.512060129E-03,-109.567367245E-03,+46.282976890E-03
+104.318000E-06,-16.372318453E-03,-109.214038087E-03,+46.235473750E-03
+104.320000E-06,-16.229573479E-03,-108.742932565E-03,+46.229584932E-03
+104.322000E-06,-16.099195026E-03,-107.447392362E-03,+46.284547244E-03
+104.324000E-06,-15.984186391E-03,-106.583698915E-03,+46.333620736E-03
+104.326000E-06,-15.862464501E-03,-107.309986623E-03,+46.301035936E-03
+104.328000E-06,-15.729612743E-03,-108.664415009E-03,+46.248821740E-03
+104.330000E-06,-15.587927757E-03,-109.528108456E-03,+46.247643977E-03
+104.332000E-06,-15.460022608E-03,-110.038472767E-03,+46.300643349E-03
+104.334000E-06,-15.346603954E-03,-110.097360950E-03,+46.324591213E-03
+104.336000E-06,-15.225058729E-03,-107.898868470E-03,+46.293969353E-03
+104.338000E-06,-15.088497015E-03,-105.798523023E-03,+46.250784680E-03
+104.340000E-06,-14.948755340E-03,-106.779992918E-03,+46.239792218E-03
+104.342000E-06,-14.826150128E-03,-109.155149946E-03,+46.291221239E-03
+104.344000E-06,-14.708491524E-03,-109.331814473E-03,+46.323413449E-03
+104.346000E-06,-14.572636468E-03,-107.938127279E-03,+46.296717468E-03
+104.348000E-06,-14.439078053E-03,-108.428862237E-03,+46.251177268E-03
+104.350000E-06,-14.312409555E-03,-110.038472788E-03,+46.250784681E-03
+104.352000E-06,-14.200227553E-03,-110.116990344E-03,+46.292791590E-03
+104.354000E-06,-14.085042253E-03,-108.998114710E-03,+46.312420987E-03
+104.356000E-06,-13.953073818E-03,-108.291456436E-03,+46.286902770E-03
+104.358000E-06,-13.823755352E-03,-108.487750420E-03,+46.252747620E-03
+104.360000E-06,-13.703800108E-03,-108.527009208E-03,+46.240184806E-03
+104.362000E-06,-13.587554821E-03,-107.702574528E-03,+46.274732545E-03
+104.364000E-06,-13.464242950E-03,-106.485551923E-03,+46.310065459E-03
+104.366000E-06,-13.334924484E-03,-107.290357229E-03,+46.295147117E-03
+104.368000E-06,-13.202426056E-03,-109.488849689E-03,+46.262169730E-03
+104.370000E-06,-13.079467514E-03,-110.882536842E-03,+46.244110685E-03
+104.372000E-06,-12.965342202E-03,-110.489948875E-03,+46.283369480E-03
+104.374000E-06,-12.844856964E-03,-108.762561938E-03,+46.302998876E-03
+104.376000E-06,-12.708471915E-03,-108.114791868E-03,+46.291221238E-03
+104.378000E-06,-12.579860108E-03,-108.605526805E-03,+46.261777142E-03
+104.380000E-06,-12.461318181E-03,-108.409232822E-03,+46.249606917E-03
+104.382000E-06,-12.350196166E-03,-107.270727794E-03,+46.278658425E-03
+104.384000E-06,-12.225117649E-03,-106.289257960E-03,+46.315954278E-03
+104.386000E-06,-12.094209202E-03,-107.820350955E-03,+46.301428524E-03
+104.388000E-06,-11.961534109E-03,-110.529207726E-03,+46.262954906E-03
+104.390000E-06,-11.841048872E-03,-108.958855901E-03,+46.241362570E-03
+104.392000E-06,-11.712437064E-03,-106.485551902E-03,+46.263740083E-03
+104.394000E-06,-11.579938636E-03,-107.545539395E-03,+46.302998877E-03
+104.396000E-06,-11.450796835E-03,-110.627354717E-03,+46.305354404E-03
+104.398000E-06,-11.320948375E-03,-110.077731535E-03,+46.269236313E-03
+104.400000E-06,-11.187213295E-03,-107.467021736E-03,+46.222910936E-03
+104.402000E-06,-11.049238265E-03,-105.877040620E-03,+46.247251390E-03
+104.404000E-06,-10.899603373E-03,-106.937028093E-03,+46.317524631E-03
+104.406000E-06,-10.758271716E-03,-108.899967780E-03,+46.324198624E-03
+104.408000E-06,-10.630719896E-03,-110.391801925E-03,+46.277088071E-03
+104.410000E-06,-10.506171374E-03,-109.194408673E-03,+46.242932921E-03
+104.412000E-06,-10.365723039E-03,-107.349245371E-03,+46.255495736E-03
+104.414000E-06,-10.219268110E-03,-108.350344660E-03,+46.304569229E-03
+104.416000E-06,-10.075993143E-03,-110.313284348E-03,+46.322235685E-03
+104.418000E-06,-9.944378038E-03,-110.293654913E-03,+46.288080534E-03
+104.420000E-06,-9.811879610E-03,-108.742932544E-03,+46.228014579E-03
+104.422000E-06,-9.661714724E-03,-107.015545628E-03,+46.236651515E-03
+104.424000E-06,-9.500419970E-03,-107.624056972E-03,+46.302213701E-03
+104.426000E-06,-9.356438345E-03,-108.978485357E-03,+46.330480032E-03
+104.428000E-06,-9.226236557E-03,-110.391801925E-03,+46.292006413E-03
+104.430000E-06,-9.095151445E-03,-109.606626013E-03,+46.236651514E-03
+104.432000E-06,-8.943926572E-03,-108.919597133E-03,+46.237829279E-03
+104.434000E-06,-8.778745198E-03,-108.291456436E-03,+46.288473123E-03
+104.436000E-06,-8.628050319E-03,-107.663315740E-03,+46.317524630E-03
+104.438000E-06,-8.492018600E-03,-106.622957703E-03,+46.293184177E-03
+104.440000E-06,-8.357753526E-03,-107.035175064E-03,+46.248036564E-03
+104.442000E-06,-8.206175324E-03,-109.312185120E-03,+46.239399630E-03
+104.444000E-06,-8.044703906E-03,-109.076632307E-03,+46.288473123E-03
+104.446000E-06,-7.880935848E-03,-107.624056931E-03,+46.317524630E-03
+104.448000E-06,-7.733067603E-03,-107.977386109E-03,+46.304176639E-03
+104.450000E-06,-7.592442604E-03,-109.979584606E-03,+46.268843725E-03
+104.452000E-06,-7.450050960E-03,-110.804019244E-03,+46.264132670E-03
+104.454000E-06,-7.299886075E-03,-109.645884801E-03,+46.280621364E-03
+104.456000E-06,-7.143714594E-03,-107.957756673E-03,+46.296717469E-03
+104.458000E-06,-6.993019715E-03,-107.879239117E-03,+46.290436062E-03
+104.460000E-06,-6.837024899E-03,-108.448491631E-03,+46.261777142E-03
+104.462000E-06,-6.686330020E-03,-107.702574528E-03,+46.252355032E-03
+104.464000E-06,-6.537755116E-03,-106.485551923E-03,+46.270806666E-03
+104.466000E-06,-6.378227008E-03,-107.015545669E-03,+46.298287821E-03
+104.468000E-06,-6.217108919E-03,-109.174779341E-03,+46.296324881E-03
+104.470000E-06,-6.053517526E-03,-109.744031813E-03,+46.281799127E-03
+104.472000E-06,-5.894519412E-03,-108.958855922E-03,+46.271591841E-03
+104.474000E-06,-5.743647869E-03,-108.154050656E-03,+46.256673499E-03
+104.476000E-06,-5.590126357E-03,-108.605526806E-03,+46.257458675E-03
+104.478000E-06,-5.432364895E-03,-108.958855942E-03,+46.279836188E-03
+104.480000E-06,-5.267890179E-03,-108.311085831E-03,+46.291221238E-03
+104.482000E-06,-5.102532141E-03,-107.251098400E-03,+46.278658424E-03
+104.484000E-06,-4.949540622E-03,-106.564069520E-03,+46.251962444E-03
+104.486000E-06,-4.797079098E-03,-108.134421304E-03,+46.256673500E-03
+104.488000E-06,-4.635784344E-03,-110.156249174E-03,+46.296324882E-03
+104.490000E-06,-4.465833027E-03,-108.762561938E-03,+46.321057921E-03
+104.492000E-06,-4.301004982E-03,-107.152951408E-03,+46.293576765E-03
+104.494000E-06,-4.156846693E-03,-108.468121046E-03,+46.234295986E-03
+104.496000E-06,-4.025408252E-03,-110.745131083E-03,+46.237436691E-03
+104.498000E-06,-3.878069999E-03,-110.352543095E-03,+46.293969354E-03
+104.500000E-06,-3.703525403E-03,-106.681845844E-03,+46.323806037E-03
+104.502000E-06,-3.525447515E-03,-105.072235355E-03,+46.291221237E-03
+104.504000E-06,-3.364682756E-03,-106.976286902E-03,+46.228407167E-03
+104.506000E-06,-3.224941081E-03,-109.057002955E-03,+46.233903400E-03
+104.508000E-06,-3.090322678E-03,-109.449590859E-03,+46.301821113E-03
+104.510000E-06,-2.932561215E-03,-108.782191353E-03,+46.352464957E-03
+104.512000E-06,-2.770206475E-03,-108.409232822E-03,+46.314383925E-03
+104.514000E-06,-2.618804938E-03,-108.919597154E-03,+46.225659051E-03
+104.516000E-06,-2.475176642E-03,-109.410332071E-03,+46.211133299E-03
+104.518000E-06,-2.332431668E-03,-108.919597133E-03,+46.298680410E-03
+104.520000E-06,-2.172373567E-03,-107.879239096E-03,+46.355213072E-03
+104.522000E-06,-2.003658901E-03,-107.604427557E-03,+46.301035935E-03
+104.524000E-06,-1.845190781E-03,-107.447392383E-03,+46.218199880E-03
+104.526000E-06,-1.705625770E-03,-107.839980329E-03,+46.218592470E-03
+104.528000E-06,-1.571007367E-03,-109.547737872E-03,+46.305354405E-03
+104.530000E-06,-1.424375773E-03,-110.882536842E-03,+46.364242595E-03
+104.532000E-06,-1.269794274E-03,-110.352543095E-03,+46.313206161E-03
+104.534000E-06,-1.114329451E-03,-109.567367224E-03,+46.206029654E-03
+104.536000E-06,-956.391325E-06,-108.232568233E-03,+46.191896490E-03
+104.538000E-06,-812.939693E-06,-106.956657445E-03,+46.290828652E-03
+104.540000E-06,-670.371384E-06,-107.898868532E-03,+46.351679781E-03
+104.542000E-06,-523.916455E-06,-109.704773046E-03,+46.303391463E-03
+104.544000E-06,-367.038316E-06,-109.528108436E-03,+46.226836815E-03
+104.546000E-06,-200.090296E-06,-108.095162453E-03,+46.214274002E-03
+104.548000E-06,-38.088885E-06,-108.723303191E-03,+46.288080536E-03
+104.550000E-06,+110.662684E-06,-110.764760477E-03,+46.353642721E-03
+104.552000E-06,+248.991043E-06,-111.039571995E-03,+46.309280282E-03
+104.554000E-06,+391.029358E-06,-109.665514195E-03,+46.227621991E-03
+104.556000E-06,+552.324112E-06,-108.369974013E-03,+46.211525887E-03
+104.558000E-06,+719.978790E-06,-108.075533080E-03,+46.282191717E-03
+104.560000E-06,+878.270245E-06,-108.742932586E-03,+46.341865082E-03
+104.562000E-06,+1.027728472E-03,-108.291456436E-03,+46.310458046E-03
+104.564000E-06,+1.176126711E-03,-106.701475279E-03,+46.258243850E-03
+104.566000E-06,+1.333181515E-03,-107.172580844E-03,+46.237829278E-03
+104.568000E-06,+1.501366187E-03,-110.156249195E-03,+46.277088073E-03
+104.570000E-06,+1.663544263E-03,-110.843278033E-03,+46.326946741E-03
+104.572000E-06,+1.809822527E-03,-108.684044340E-03,+46.308495107E-03
+104.574000E-06,+1.947797557E-03,-107.957756694E-03,+46.258243850E-03
+104.576000E-06,+2.094782480E-03,-109.959955212E-03,+46.237829278E-03
+104.578000E-06,+2.254310588E-03,-110.804019244E-03,+46.268843726E-03
+104.580000E-06,+2.419138633E-03,-109.233667461E-03,+46.314776515E-03
+104.582000E-06,+2.577076759E-03,-106.799622250E-03,+46.312420986E-03
+104.584000E-06,+2.725298334E-03,-106.760363504E-03,+46.272769604E-03
+104.586000E-06,+2.867336649E-03,-109.272926333E-03,+46.250784680E-03
+104.588000E-06,+3.013614914E-03,-111.275124788E-03,+46.270414078E-03
+104.590000E-06,+3.172966357E-03,-109.037373477E-03,+46.306532168E-03
+104.592000E-06,+3.331611142E-03,-106.622957682E-03,+46.297502645E-03
+104.594000E-06,+3.480009381E-03,-108.114791910E-03,+46.265310434E-03
+104.596000E-06,+3.618337740E-03,-111.667712755E-03,+46.247251389E-03
+104.598000E-06,+3.760376056E-03,-110.902166194E-03,+46.267273374E-03
+104.600000E-06,+3.914250897E-03,-106.878139806E-03,+46.292399002E-03
+104.602000E-06,+4.078372284E-03,-105.229270529E-03,+46.303784052E-03
+104.604000E-06,+4.236310410E-03,-106.858510516E-03,+46.288473122E-03
+104.606000E-06,+4.380822029E-03,-108.899967781E-03,+46.255888323E-03
+104.608000E-06,+4.516147090E-03,-109.704773025E-03,+46.262562319E-03
+104.610000E-06,+4.656595424E-03,-109.371073262E-03,+46.291613826E-03
+104.612000E-06,+4.815240209E-03,-109.312185079E-03,+46.309280283E-03
+104.614000E-06,+4.976358298E-03,-109.586996639E-03,+46.283762067E-03
+104.616000E-06,+5.121399910E-03,-109.351443867E-03,+46.246858801E-03
+104.618000E-06,+5.262908232E-03,-108.212938839E-03,+46.247643977E-03
+104.620000E-06,+5.410423149E-03,-107.643686345E-03,+46.278658425E-03
+104.622000E-06,+5.569951256E-03,-106.897769263E-03,+46.302213700E-03
+104.624000E-06,+5.732305997E-03,-106.937028072E-03,+46.299465584E-03
+104.626000E-06,+5.882470882E-03,-107.918497926E-03,+46.268451137E-03
+104.628000E-06,+6.025922514E-03,-109.429961486E-03,+46.253140208E-03
+104.630000E-06,+6.173614095E-03,-110.175878548E-03,+46.276302897E-03
+104.632000E-06,+6.322012335E-03,-109.979584564E-03,+46.310065459E-03
+104.634000E-06,+6.472883878E-03,-109.115891096E-03,+46.303391464E-03
+104.636000E-06,+6.631528663E-03,-107.486651150E-03,+46.255103147E-03
+104.638000E-06,+6.777630263E-03,-105.896670014E-03,+46.240184806E-03
+104.640000E-06,+6.919315249E-03,-107.486651213E-03,+46.266488198E-03
+104.642000E-06,+7.061883558E-03,-109.528108478E-03,+46.311635811E-03
+104.644000E-06,+7.209575139E-03,-108.684044361E-03,+46.317524630E-03
+104.646000E-06,+7.360446683E-03,-107.015545628E-03,+46.270806664E-03
+104.648000E-06,+7.509198252E-03,-106.937028072E-03,+46.247643977E-03
+104.650000E-06,+7.651413231E-03,-109.704773067E-03,+46.267273374E-03
+104.652000E-06,+7.789034932E-03,-111.608824531E-03,+46.303391465E-03
+104.654000E-06,+7.926126639E-03,-110.175878506E-03,+46.297110057E-03
+104.656000E-06,+8.073111562E-03,-108.428862195E-03,+46.262562318E-03
+104.658000E-06,+8.217799846E-03,-107.663315739E-03,+46.252355032E-03
+104.660000E-06,+8.363194788E-03,-107.722203943E-03,+46.276302897E-03
+104.662000E-06,+8.512476350E-03,-107.604427557E-03,+46.290828650E-03
+104.664000E-06,+8.654867994E-03,-106.485551922E-03,+46.297895233E-03
+104.666000E-06,+8.793726347E-03,-107.427763010E-03,+46.284939831E-03
+104.668000E-06,+8.937177979E-03,-109.783290644E-03,+46.263740082E-03
+104.670000E-06,+9.086282877E-03,-110.921795630E-03,+46.269236314E-03
+104.672000E-06,+9.231147825E-03,-110.077731535E-03,+46.284154655E-03
+104.674000E-06,+9.380252723E-03,-108.841079535E-03,+46.288865710E-03
+104.676000E-06,+9.520171063E-03,-108.546638602E-03,+46.270021489E-03
+104.678000E-06,+9.652492826E-03,-108.389603428E-03,+46.272769605E-03
+104.680000E-06,+9.791351179E-03,-108.095162474E-03,+46.276302896E-03
+104.682000E-06,+9.939926084E-03,-107.368874785E-03,+46.276695484E-03
+104.684000E-06,+10.083554380E-03,-107.133322034E-03,+46.276695484E-03
+104.686000E-06,+10.218879441E-03,-108.762562001E-03,+46.276695484E-03
+104.688000E-06,+10.349434559E-03,-110.921795651E-03,+46.284939831E-03
+104.690000E-06,+10.481932987E-03,-109.685143589E-03,+46.294361942E-03
+104.692000E-06,+10.625914613E-03,-106.995916212E-03,+46.276302896E-03
+104.694000E-06,+10.776432827E-03,-107.604427578E-03,+46.254317972E-03
+104.696000E-06,+10.911581224E-03,-110.902166278E-03,+46.268058550E-03
+104.698000E-06,+11.044432981E-03,-110.666613443E-03,+46.306139580E-03
+104.700000E-06,+11.183467999E-03,-107.408133531E-03,+46.300250760E-03
+104.702000E-06,+11.327096295E-03,-105.720005446E-03,+46.262954906E-03
+104.704000E-06,+11.488567713E-03,-106.642587139E-03,+46.260599379E-03
+104.706000E-06,+11.645092523E-03,-108.860708993E-03,+46.285725007E-03
+104.708000E-06,+11.777060957E-03,-109.842178805E-03,+46.322235685E-03
+104.710000E-06,+11.911856025E-03,-109.253296876E-03,+46.313206162E-03
+104.712000E-06,+12.054954327E-03,-108.468121005E-03,+46.261777142E-03
+104.714000E-06,+12.207769181E-03,-108.782191374E-03,+46.240969982E-03
+104.716000E-06,+12.364293991E-03,-108.841079556E-03,+46.266488198E-03
+104.718000E-06,+12.510042262E-03,-108.566267996E-03,+46.328124505E-03
+104.720000E-06,+12.641834032E-03,-108.114791868E-03,+46.322628272E-03
+104.722000E-06,+12.785462328E-03,-107.094063225E-03,+46.257458674E-03
+104.724000E-06,+12.935980543E-03,-106.681845906E-03,+46.240184806E-03
+104.726000E-06,+13.092152024E-03,-107.879239138E-03,+46.280228776E-03
+104.728000E-06,+13.249030163E-03,-109.704773046E-03,+46.332835560E-03
+104.730000E-06,+13.399725042E-03,-110.077731556E-03,+46.328517092E-03
+104.732000E-06,+13.543353338E-03,-108.448491589E-03,+46.266488197E-03
+104.734000E-06,+13.693518223E-03,-108.075533080E-03,+46.222125761E-03
+104.736000E-06,+13.847216400E-03,-108.193309466E-03,+46.266488199E-03
+104.738000E-06,+14.006214514E-03,-107.251098399E-03,+46.328517093E-03
+104.740000E-06,+14.159736026E-03,-107.388504200E-03,+46.322628272E-03
+104.742000E-06,+14.296297739E-03,-108.664415009E-03,+46.265703021E-03
+104.744000E-06,+14.441692681E-03,-108.978485337E-03,+46.230370107E-03
+104.746000E-06,+14.594860864E-03,-108.311085830E-03,+46.259421616E-03
+104.748000E-06,+14.752622326E-03,-108.350344640E-03,+46.319094982E-03
+104.750000E-06,+14.914623738E-03,-109.469220274E-03,+46.329694856E-03
+104.752000E-06,+15.054895407E-03,-110.038472768E-03,+46.275125131E-03
+104.754000E-06,+15.184567202E-03,-109.959955170E-03,+46.217807293E-03
+104.756000E-06,+15.316888966E-03,-109.115891095E-03,+46.243718098E-03
+104.758000E-06,+15.467053851E-03,-108.585897390E-03,+46.319880159E-03
+104.760000E-06,+15.628348605E-03,-108.664414988E-03,+46.330087443E-03
+104.762000E-06,+15.772330230E-03,-108.271827042E-03,+46.286117594E-03
+104.764000E-06,+15.895112106E-03,-107.113692619E-03,+46.238614454E-03
+104.766000E-06,+16.017717318E-03,-107.506280586E-03,+46.254710560E-03
+104.768000E-06,+16.154279032E-03,-109.645884864E-03,+46.307317344E-03
+104.770000E-06,+16.305150576E-03,-110.902166236E-03,+46.336368851E-03
+104.772000E-06,+16.444185593E-03,-109.802919975E-03,+46.298287820E-03
+104.774000E-06,+16.561490868E-03,-108.664414967E-03,+46.237436690E-03
+104.776000E-06,+16.680916118E-03,-108.664414988E-03,+46.237829279E-03
+104.778000E-06,+16.812177894E-03,-108.821450162E-03,+46.296717470E-03
+104.780000E-06,+16.949976260E-03,-108.703673776E-03,+46.332442972E-03
+104.782000E-06,+17.082298023E-03,-107.584798142E-03,+46.314383926E-03
+104.784000E-06,+17.203843248E-03,-107.015545648E-03,+46.259029026E-03
+104.786000E-06,+17.310371984E-03,-108.742932607E-03,+46.237829278E-03
+104.788000E-06,+17.428560582E-03,-110.921795652E-03,+46.279836189E-03
+104.790000E-06,+17.553639098E-03,-109.685143589E-03,+46.332835560E-03
+104.792000E-06,+17.679424273E-03,-106.858510432E-03,+46.320272745E-03
+104.794000E-06,+17.782949711E-03,-107.722203964E-03,+46.248821740E-03
+104.796000E-06,+17.877111927E-03,-110.646984113E-03,+46.211525886E-03
+104.798000E-06,+17.982757341E-03,-110.627354655E-03,+46.251569857E-03
+104.800000E-06,+18.107482529E-03,-107.545539311E-03,+46.310065460E-03
+104.802000E-06,+18.224787803E-03,-105.464823279E-03,+46.320272745E-03
+104.804000E-06,+18.332023198E-03,-106.740734131E-03,+46.271199252E-03
+104.806000E-06,+18.434311984E-03,-108.742932607E-03,+46.242147746E-03
+104.808000E-06,+18.541017385E-03,-108.723303170E-03,+46.260991967E-03
+104.810000E-06,+18.650902749E-03,-108.409232822E-03,+46.319094982E-03
+104.812000E-06,+18.761141441E-03,-109.331814494E-03,+46.326946740E-03
+104.814000E-06,+18.868906829E-03,-110.568466494E-03,+46.269236312E-03
+104.816000E-06,+18.970135628E-03,-109.626255406E-03,+46.228014580E-03
+104.818000E-06,+19.076664365E-03,-108.369974013E-03,+46.256280912E-03
+104.820000E-06,+19.186549728E-03,-107.663315739E-03,+46.307709932E-03
+104.822000E-06,+19.294315116E-03,-106.760363482E-03,+46.319880157E-03
+104.824000E-06,+19.391833959E-03,-106.367775558E-03,+46.282191715E-03
+104.826000E-06,+19.481756225E-03,-107.977386130E-03,+46.246466213E-03
+104.828000E-06,+19.578215081E-03,-109.586996660E-03,+46.255888324E-03
+104.830000E-06,+19.681917185E-03,-110.195507942E-03,+46.288080535E-03
+104.832000E-06,+19.777846047E-03,-109.979584564E-03,+46.306139580E-03
+104.834000E-06,+19.863881692E-03,-109.665514216E-03,+46.280621363E-03
+104.836000E-06,+19.953627295E-03,-108.114791847E-03,+46.246466213E-03
+104.838000E-06,+20.037896295E-03,-106.112593370E-03,+46.253140208E-03
+104.840000E-06,+20.121281972E-03,-107.094063267E-03,+46.290436063E-03
+104.842000E-06,+20.213324214E-03,-109.331814516E-03,+46.309280283E-03
+104.844000E-06,+20.304129803E-03,-109.488849647E-03,+46.305746991E-03
+104.846000E-06,+20.388398804E-03,-107.820350892E-03,+46.263740082E-03
+104.848000E-06,+20.466837873E-03,-108.134421283E-03,+46.249606917E-03
+104.850000E-06,+20.542096980E-03,-109.999214001E-03,+46.284154656E-03
+104.852000E-06,+20.618239410E-03,-110.941425025E-03,+46.313991339E-03
+104.854000E-06,+20.689611897E-03,-109.665514194E-03,+46.298287820E-03
+104.856000E-06,+20.759041073E-03,-108.369974013E-03,+46.262562318E-03
+104.858000E-06,+20.834476845E-03,-107.938127299E-03,+46.255103148E-03
+104.860000E-06,+20.909559288E-03,-108.723303192E-03,+46.260206791E-03
+104.862000E-06,+20.985701718E-03,-108.428862216E-03,+46.285725007E-03
+104.864000E-06,+21.063257465E-03,-106.446293113E-03,+46.305746992E-03
+104.866000E-06,+21.134806616E-03,-106.721104715E-03,+46.283369479E-03
+104.868000E-06,+21.198052532E-03,-109.272926333E-03,+46.257851263E-03
+104.870000E-06,+21.265185069E-03,-110.450690108E-03,+46.260206791E-03
+104.872000E-06,+21.330550960E-03,-109.194408672E-03,+46.288473123E-03
+104.874000E-06,+21.395563522E-03,-108.585897390E-03,+46.306139580E-03
+104.876000E-06,+21.464286041E-03,-109.351443889E-03,+46.286117594E-03
+104.878000E-06,+21.523645336E-03,-109.469220253E-03,+46.249999504E-03
+104.880000E-06,+21.577881359E-03,-108.507379793E-03,+46.245288449E-03
+104.882000E-06,+21.642717257E-03,-106.858510453E-03,+46.286510183E-03
+104.884000E-06,+21.721509656E-03,-107.192210238E-03,+46.322628273E-03
+104.886000E-06,+21.789702180E-03,-109.469220296E-03,+46.291221237E-03
+104.888000E-06,+21.853654755E-03,-111.981783083E-03,+46.250392092E-03
+104.890000E-06,+21.919727305E-03,-109.959955127E-03,+46.253532796E-03
+104.892000E-06,+21.991099791E-03,-106.191110925E-03,+46.293184178E-03
+104.894000E-06,+22.064415588E-03,-107.486651214E-03,+46.317917218E-03
+104.896000E-06,+22.131724790E-03,-112.138818300E-03,+46.295932293E-03
+104.898000E-06,+22.193204060E-03,-111.942524231E-03,+46.251177268E-03
+104.900000E-06,+22.258923281E-03,-107.015545563E-03,+46.237044103E-03
+104.902000E-06,+22.327822464E-03,-104.130024288E-03,+46.277088073E-03
+104.904000E-06,+22.397074975E-03,-106.289258024E-03,+46.326946741E-03
+104.906000E-06,+22.458907575E-03,-110.077731620E-03,+46.300250760E-03
+104.908000E-06,+22.514733579E-03,-110.568466473E-03,+46.248821740E-03
+104.910000E-06,+22.574799534E-03,-108.507379771E-03,+46.236651515E-03
+104.912000E-06,+22.639282102E-03,-107.800721519E-03,+46.285332420E-03
+104.914000E-06,+22.703058012E-03,-109.390702698E-03,+46.330872620E-03
+104.916000E-06,+22.765420606E-03,-110.175878548E-03,+46.286902770E-03
+104.918000E-06,+22.815240014E-03,-109.292555664E-03,+46.230370107E-03
+104.920000E-06,+22.876895950E-03,-107.643686324E-03,+46.223303525E-03
+104.922000E-06,+22.945441804E-03,-107.152951428E-03,+46.294754531E-03
+104.924000E-06,+23.012221011E-03,-107.388504200E-03,+46.343435434E-03
+104.926000E-06,+23.063807066E-03,-107.839980329E-03,+46.299465584E-03
+104.928000E-06,+23.110799842E-03,-109.410332092E-03,+46.234688574E-03
+104.930000E-06,+23.163622549E-03,-110.450690108E-03,+46.234688575E-03
+104.932000E-06,+23.222275186E-03,-110.568466473E-03,+46.304569229E-03
+104.934000E-06,+23.284107786E-03,-110.018843352E-03,+46.339116966E-03
+104.936000E-06,+23.338873803E-03,-108.154050635E-03,+46.298680408E-03
+104.938000E-06,+23.381449964E-03,-107.074433831E-03,+46.226444227E-03
+104.940000E-06,+23.432329361E-03,-107.918497927E-03,+46.230762696E-03
+104.942000E-06,+23.489568682E-03,-110.116990387E-03,+46.312420988E-03
+104.944000E-06,+23.552461269E-03,-109.586996618E-03,+46.356783424E-03
+104.946000E-06,+23.601220691E-03,-107.820350892E-03,+46.281799126E-03
+104.948000E-06,+23.637966921E-03,-108.134421283E-03,+46.207207418E-03
+104.950000E-06,+23.684429704E-03,-109.724402441E-03,+46.222910938E-03
+104.952000E-06,+23.737429075E-03,-110.215137336E-03,+46.317132043E-03
+104.954000E-06,+23.784951845E-03,-108.880338323E-03,+46.357568600E-03
+104.956000E-06,+23.821698075E-03,-107.447392361E-03,+46.279051010E-03
+104.958000E-06,+23.857030989E-03,-107.682945155E-03,+46.204066715E-03
+104.960000E-06,+23.904730424E-03,-108.291456457E-03,+46.219770234E-03
+104.962000E-06,+23.955433156E-03,-107.820350913E-03,+46.305746993E-03
+104.964000E-06,+24.008785856E-03,-106.505181316E-03,+46.350502017E-03
+104.966000E-06,+24.053835321E-03,-106.603328329E-03,+46.292006413E-03
+104.968000E-06,+24.095174831E-03,-108.703673819E-03,+46.211525886E-03
+104.970000E-06,+24.142344272E-03,-110.097360971E-03,+46.226051641E-03
+104.972000E-06,+24.191633687E-03,-109.979584564E-03,+46.325768978E-03
+104.974000E-06,+24.248519679E-03,-109.115891095E-03,+46.361494479E-03
+104.976000E-06,+24.292862486E-03,-108.448491610E-03,+46.287687945E-03
+104.978000E-06,+24.335261983E-03,-108.507379814E-03,+46.207992594E-03
+104.980000E-06,+24.383844740E-03,-108.114791868E-03,+46.222910938E-03
+104.982000E-06,+24.430837516E-03,-106.544440104E-03,+46.306139581E-03
+104.984000E-06,+24.472530355E-03,-105.778893649E-03,+46.345005786E-03
+104.986000E-06,+24.512279883E-03,-107.898868554E-03,+46.291221237E-03
+104.988000E-06,+24.535776271E-03,-110.686242902E-03,+46.219770232E-03
+104.990000E-06,+24.559449323E-03,-109.253296854E-03,+46.232725636E-03
+104.992000E-06,+24.585949009E-03,-106.799622249E-03,+46.301821113E-03
+104.994000E-06,+24.615275328E-03,-107.997015525E-03,+46.327731916E-03
+104.996000E-06,+24.635061760E-03,-110.686242902E-03,+46.283369478E-03
+104.998000E-06,+24.663328091E-03,-110.077731534E-03,+46.224481288E-03
+105.000000E-06,+24.700427651E-03,-107.192210174E-03,+46.222518349E-03
+105.002000E-06,+24.744770459E-03,-105.425564491E-03,+46.289258299E-03
+105.004000E-06,+24.787523285E-03,-107.152951471E-03,+46.328909680E-03
+105.006000E-06,+24.824976174E-03,-109.076632350E-03,+46.292006413E-03
+105.008000E-06,+24.858012448E-03,-109.724402419E-03,+46.239399629E-03
+105.010000E-06,+24.889282077E-03,-108.958855921E-03,+46.238221867E-03
+105.012000E-06,+24.921611694E-03,-108.703673776E-03,+46.288473123E-03
+105.014000E-06,+24.959064583E-03,-108.958855942E-03,+46.309280283E-03
+105.016000E-06,+24.992277522E-03,-108.998114731E-03,+46.292006413E-03
+105.018000E-06,+25.019837195E-03,-108.448491610E-03,+46.259029027E-03
+105.020000E-06,+25.051636818E-03,-107.545539353E-03,+46.238221866E-03
+105.022000E-06,+25.086616403E-03,-106.878139868E-03,+46.271591842E-03
+105.024000E-06,+25.120712665E-03,-106.524810732E-03,+46.317917218E-03
+105.026000E-06,+25.149685655E-03,-107.584798184E-03,+46.312813574E-03
+105.028000E-06,+25.173005378E-03,-108.703673798E-03,+46.264525257E-03
+105.030000E-06,+25.199328399E-03,-109.253296897E-03,+46.235866339E-03
+105.032000E-06,+25.223708110E-03,-108.762561959E-03,+46.262954907E-03
+105.034000E-06,+25.251444448E-03,-108.271827042E-03,+46.313991339E-03
+105.036000E-06,+25.277237475E-03,-106.838881059E-03,+46.320665333E-03
+105.038000E-06,+25.295257261E-03,-106.230369777E-03,+46.284939830E-03
+105.040000E-06,+25.308507104E-03,-107.270727836E-03,+46.238614454E-03
+105.042000E-06,+25.322463605E-03,-109.488849690E-03,+46.251962445E-03
+105.044000E-06,+25.345253335E-03,-108.684044361E-03,+46.301428525E-03
+105.046000E-06,+25.374226325E-03,-107.565168747E-03,+46.321843097E-03
+105.048000E-06,+25.385356192E-03,-108.527009230E-03,+46.279836187E-03
+105.050000E-06,+25.385179528E-03,-110.058102183E-03,+46.237829278E-03
+105.052000E-06,+25.391186123E-03,-108.880338323E-03,+46.243718098E-03
+105.054000E-06,+25.395779402E-03,-107.997015482E-03,+46.300250761E-03
+105.056000E-06,+25.402492656E-03,-108.998114752E-03,+46.327339328E-03
+105.058000E-06,+25.412032543E-03,-109.704773025E-03,+46.288865709E-03
+105.060000E-06,+25.418215802E-03,-108.409232800E-03,+46.230762695E-03
+105.062000E-06,+25.422632417E-03,-106.564069498E-03,+46.228799756E-03
+105.064000E-06,+25.434292279E-03,-106.053705209E-03,+46.292791591E-03
+105.066000E-06,+25.445775476E-03,-108.075533123E-03,+46.345790962E-03
+105.068000E-06,+25.459555312E-03,-109.744031835E-03,+46.302606287E-03
+105.070000E-06,+25.466268566E-03,-109.940325776E-03,+46.229584931E-03
+105.072000E-06,+25.470685180E-03,-109.253296875E-03,+46.228407168E-03
+105.074000E-06,+25.479871738E-03,-109.155149905E-03,+46.281799128E-03
+105.076000E-06,+25.497184866E-03,-109.842178805E-03,+46.324983801E-03
+105.078000E-06,+25.510611373E-03,-109.665514216E-03,+46.305354403E-03
+105.080000E-06,+25.515911310E-03,-108.389603406E-03,+46.238614453E-03
+105.082000E-06,+25.521387912E-03,-106.976286839E-03,+46.232333048E-03
+105.084000E-06,+25.524567874E-03,-106.937028072E-03,+46.287687948E-03
+105.086000E-06,+25.527394507E-03,-108.330715267E-03,+46.325768977E-03
+105.088000E-06,+25.536404400E-03,-110.313284350E-03,+46.308102519E-03
+105.090000E-06,+25.543824312E-03,-109.194408671E-03,+46.266488197E-03
+105.092000E-06,+25.547180939E-03,-106.937028029E-03,+46.252747620E-03
+105.094000E-06,+25.543824312E-03,-108.428862259E-03,+46.279051012E-03
+105.096000E-06,+25.543294319E-03,-111.019942644E-03,+46.310458047E-03
+105.098000E-06,+25.548240927E-03,-110.254396103E-03,+46.308887695E-03
+105.100000E-06,+25.551420889E-03,-107.898868468E-03,+46.269628901E-03
+105.102000E-06,+25.550537566E-03,-106.210740362E-03,+46.255888324E-03
+105.104000E-06,+25.557780814E-03,-106.426663761E-03,+46.287687947E-03
+105.106000E-06,+25.553894193E-03,-108.546638645E-03,+46.300643348E-03
+105.108000E-06,+25.543294318E-03,-109.390702677E-03,+46.290828650E-03
+105.110000E-06,+25.544354306E-03,-108.782191353E-03,+46.267273373E-03
+105.112000E-06,+25.538524375E-03,-108.409232822E-03,+46.269628902E-03
+105.114000E-06,+25.520327924E-03,-109.606626055E-03,+46.286902771E-03
+105.116000E-06,+25.503014796E-03,-109.783290602E-03,+46.289258298E-03
+105.118000E-06,+25.486054997E-03,-109.096261701E-03,+46.286510183E-03
+105.120000E-06,+25.477751763E-03,-108.173680050E-03,+46.277873248E-03
+105.122000E-06,+25.474395136E-03,-107.506280565E-03,+46.282191715E-03
+105.124000E-06,+25.464148591E-03,-107.290357209E-03,+46.291221238E-03
+105.126000E-06,+25.445422146E-03,-107.682945155E-03,+46.292399002E-03
+105.128000E-06,+25.429345670E-03,-108.978485358E-03,+46.281406539E-03
+105.130000E-06,+25.412562536E-03,-109.842178805E-03,+46.268843725E-03
+105.132000E-06,+25.395602737E-03,-110.764760457E-03,+46.275517721E-03
+105.134000E-06,+25.382352894E-03,-110.058102140E-03,+46.279443600E-03
+105.136000E-06,+25.367159741E-03,-108.428862194E-03,+46.285332419E-03
+105.138000E-06,+25.345429999E-03,-106.289257938E-03,+46.283369479E-03
+105.140000E-06,+25.326526890E-03,-107.113692662E-03,+46.266488198E-03
+105.142000E-06,+25.304443818E-03,-109.469220297E-03,+46.261384555E-03
+105.144000E-06,+25.291723969E-03,-109.096261701E-03,+46.280228776E-03
+105.146000E-06,+25.285364045E-03,-107.898868490E-03,+46.288473122E-03
+105.148000E-06,+25.264870954E-03,-108.154050677E-03,+46.292006414E-03
+105.150000E-06,+25.229891369E-03,-109.999214001E-03,+46.281406539E-03
+105.152000E-06,+25.198091746E-03,-110.529207684E-03,+46.268843725E-03
+105.154000E-06,+25.174418694E-03,-109.469220232E-03,+46.261777143E-03
+105.156000E-06,+25.148095673E-03,-108.899967739E-03,+46.277480660E-03
+105.158000E-06,+25.118769354E-03,-108.703673776E-03,+46.299072997E-03
+105.160000E-06,+25.087853054E-03,-108.821450162E-03,+46.282584303E-03
+105.162000E-06,+25.060470046E-03,-107.879239095E-03,+46.238614454E-03
+105.164000E-06,+25.039800291E-03,-106.367775536E-03,+46.246466214E-03
+105.166000E-06,+25.016303903E-03,-106.995916276E-03,+46.286902771E-03
+105.168000E-06,+24.988567565E-03,-109.037373562E-03,+46.317132042E-03
+105.170000E-06,+24.947934714E-03,-110.274025540E-03,+46.295932293E-03
+105.172000E-06,+24.911718477E-03,-109.449590837E-03,+46.234688574E-03
+105.174000E-06,+24.882568823E-03,-108.350344618E-03,+46.218199882E-03
+105.176000E-06,+24.855539143E-03,-108.075533080E-03,+46.266488199E-03
+105.178000E-06,+24.822502868E-03,-108.742932586E-03,+46.336761440E-03
+105.180000E-06,+24.784873315E-03,-108.841079556E-03,+46.318309805E-03
+105.182000E-06,+24.745477115E-03,-107.329615975E-03,+46.245681036E-03
+105.184000E-06,+24.710850860E-03,-106.289257959E-03,+46.219377645E-03
+105.186000E-06,+24.681877870E-03,-108.507379857E-03,+46.271984430E-03
+105.188000E-06,+24.654848191E-03,-110.352543138E-03,+46.337546615E-03
+105.190000E-06,+24.620575264E-03,-109.469220231E-03,+46.337546614E-03
+105.192000E-06,+24.580295742E-03,-107.388504157E-03,+46.256673498E-03
+105.194000E-06,+24.538072909E-03,-108.075533101E-03,+46.212311062E-03
+105.196000E-06,+24.495673412E-03,-110.823648682E-03,+46.265310435E-03
+105.198000E-06,+24.460693827E-03,-110.097360928E-03,+46.350502018E-03
+105.200000E-06,+24.432957490E-03,-107.192210173E-03,+46.350502016E-03
+105.202000E-06,+24.391264651E-03,-105.425564490E-03,+46.269236312E-03
+105.204000E-06,+24.348688489E-03,-106.603328351E-03,+46.219377645E-03
+105.206000E-06,+24.307525644E-03,-108.860708994E-03,+46.260599380E-03
+105.208000E-06,+24.267776115E-03,-110.254396146E-03,+46.327731917E-03
+105.210000E-06,+24.226966600E-03,-109.449590837E-03,+46.333620735E-03
+105.212000E-06,+24.174850551E-03,-107.938127278E-03,+46.272769604E-03
+105.214000E-06,+24.121144521E-03,-108.428862238E-03,+46.225659052E-03
+105.216000E-06,+24.071148448E-03,-110.588095910E-03,+46.253140209E-03
+105.218000E-06,+24.027865628E-03,-110.332913700E-03,+46.312813575E-03
+105.220000E-06,+23.992886043E-03,-107.918497862E-03,+46.323413449E-03
+105.222000E-06,+23.947836577E-03,-106.485551922E-03,+46.277088071E-03
+105.224000E-06,+23.892540566E-03,-106.878139890E-03,+46.248429152E-03
+105.226000E-06,+23.842191164E-03,-108.880338388E-03,+46.261777143E-03
+105.228000E-06,+23.802618300E-03,-109.567367245E-03,+46.299858173E-03
+105.230000E-06,+23.768168709E-03,-109.214038087E-03,+46.296717469E-03
+105.232000E-06,+23.724355895E-03,-108.468121004E-03,+46.268058549E-03
+105.234000E-06,+23.675419809E-03,-108.507379814E-03,+46.253140208E-03
+105.236000E-06,+23.621007121E-03,-107.427762967E-03,+46.262562319E-03
+105.238000E-06,+23.569597731E-03,-106.583698914E-03,+46.294361942E-03
+105.240000E-06,+23.534794811E-03,-107.584798185E-03,+46.293184177E-03
+105.242000E-06,+23.493631965E-03,-109.528108479E-03,+46.278658424E-03
+105.244000E-06,+23.437629296E-03,-109.645884821E-03,+46.271199253E-03
+105.246000E-06,+23.380919969E-03,-108.114791846E-03,+46.267665962E-03
+105.248000E-06,+23.328097262E-03,-108.311085852E-03,+46.281013952E-03
+105.250000E-06,+23.283224461E-03,-110.431060736E-03,+46.288473122E-03
+105.252000E-06,+23.231991736E-03,-111.000313207E-03,+46.278265836E-03
+105.254000E-06,+23.173515763E-03,-109.253296853E-03,+46.271199253E-03
+105.256000E-06,+23.114156467E-03,-107.898868489E-03,+46.273162193E-03
+105.258000E-06,+23.062217083E-03,-108.428862238E-03,+46.276302896E-03
+105.260000E-06,+23.015047643E-03,-108.939226549E-03,+46.273947369E-03
+105.262000E-06,+22.967171544E-03,-108.311085830E-03,+46.276302896E-03
+105.264000E-06,+22.915408824E-03,-106.838881058E-03,+46.284939831E-03
+105.266000E-06,+22.860642807E-03,-107.192210238E-03,+46.283369479E-03
+105.268000E-06,+22.811706721E-03,-109.331814517E-03,+46.271984429E-03
+105.270000E-06,+22.766127262E-03,-110.038472768E-03,+46.273162193E-03
+105.272000E-06,+22.711007916E-03,-109.272926269E-03,+46.298287821E-03
+105.274000E-06,+22.653238601E-03,-108.742932564E-03,+46.288080534E-03
+105.276000E-06,+22.600239230E-03,-108.684044382E-03,+46.264132670E-03
+105.278000E-06,+22.550419821E-03,-109.096261723E-03,+46.258243851E-03
+105.280000E-06,+22.503427045E-03,-108.605526784E-03,+46.279836188E-03
+105.282000E-06,+22.453077642E-03,-107.702574527E-03,+46.310458047E-03
+105.284000E-06,+22.397251638E-03,-107.584798163E-03,+46.314383926E-03
+105.286000E-06,+22.343192279E-03,-108.821450184E-03,+46.270414076E-03
+105.288000E-06,+22.290722902E-03,-110.372172532E-03,+46.242147746E-03
+105.290000E-06,+22.240903493E-03,-109.606626012E-03,+46.260991967E-03
+105.292000E-06,+22.177834240E-03,-107.957756671E-03,+46.299858173E-03
+105.294000E-06,+22.111585026E-03,-109.528108479E-03,+46.304961816E-03
+105.296000E-06,+22.047632452E-03,-111.706971524E-03,+46.269236313E-03
+105.298000E-06,+21.992689770E-03,-110.607725239E-03,+46.242147746E-03
+105.300000E-06,+21.938983741E-03,-107.251098355E-03,+46.252747620E-03
+105.302000E-06,+21.876621147E-03,-105.562970270E-03,+46.301428525E-03
+105.304000E-06,+21.810548597E-03,-106.897769306E-03,+46.321843097E-03
+105.306000E-06,+21.757725891E-03,-109.312185123E-03,+46.290828649E-03
+105.308000E-06,+21.708083146E-03,-109.763661208E-03,+46.239399629E-03
+105.310000E-06,+21.645013894E-03,-109.096261701E-03,+46.232725635E-03
+105.312000E-06,+21.571344768E-03,-108.585897390E-03,+46.295932294E-03
+105.314000E-06,+21.503858902E-03,-108.939226549E-03,+46.332442972E-03
+105.316000E-06,+21.448562892E-03,-109.135520511E-03,+46.303391463E-03
+105.318000E-06,+21.394856862E-03,-108.468121004E-03,+46.249214328E-03
+105.320000E-06,+21.328784312E-03,-107.820350913E-03,+46.228407168E-03
+105.322000E-06,+21.255998509E-03,-107.192210216E-03,+46.273162194E-03
+105.324000E-06,+21.181269395E-03,-106.838881080E-03,+46.332050384E-03
+105.326000E-06,+21.119966790E-03,-107.486651193E-03,+46.317524629E-03
+105.328000E-06,+21.064317450E-03,-109.096261745E-03,+46.251177267E-03
+105.330000E-06,+20.999304887E-03,-110.136619760E-03,+46.214666590E-03
+105.332000E-06,+20.921749141E-03,-109.979584564E-03,+46.254710561E-03
+105.334000E-06,+20.841366761E-03,-109.253296875E-03,+46.324198626E-03
+105.336000E-06,+20.774410889E-03,-108.193309444E-03,+46.330480031E-03
+105.338000E-06,+20.715581587E-03,-107.094063224E-03,+46.272377016E-03
+105.340000E-06,+20.636612523E-03,-107.643686367E-03,+46.211918474E-03
+105.342000E-06,+20.550930206E-03,-109.253296919E-03,+46.245681038E-03
+105.344000E-06,+20.478321068E-03,-108.919597133E-03,+46.339509556E-03
+105.346000E-06,+20.415075151E-03,-107.741833315E-03,+46.354820483E-03
+105.348000E-06,+20.352889222E-03,-108.271827064E-03,+46.272769603E-03
+105.350000E-06,+20.274626817E-03,-110.156249176E-03,+46.206029655E-03
+105.352000E-06,+20.182937905E-03,-110.961054419E-03,+46.242147747E-03
+105.354000E-06,+20.095842271E-03,-109.802919974E-03,+46.336368852E-03
+105.356000E-06,+20.019523177E-03,-108.664414966E-03,+46.357176011E-03
+105.358000E-06,+19.950800659E-03,-108.801820768E-03,+46.278658422E-03
+105.360000E-06,+19.871831595E-03,-109.115891117E-03,+46.193074253E-03
+105.362000E-06,+19.786325943E-03,-108.468121004E-03,+46.220947998E-03
+105.364000E-06,+19.713716804E-03,-106.858510452E-03,+46.333620737E-03
+105.366000E-06,+19.645524280E-03,-107.467021799E-03,+46.370916589E-03
+105.368000E-06,+19.581395041E-03,-109.783290646E-03,+46.283369477E-03
+105.370000E-06,+19.512849187E-03,-110.372172510E-03,+46.196214956E-03
+105.372000E-06,+19.427520199E-03,-108.350344596E-03,+46.232333048E-03
+105.374000E-06,+19.349787788E-03,-107.643686345E-03,+46.346183551E-03
+105.376000E-06,+19.275941997E-03,-109.233667525E-03,+46.369738825E-03
+105.378000E-06,+19.199976232E-03,-110.568466495E-03,+46.266488196E-03
+105.380000E-06,+19.117473877E-03,-108.664414944E-03,+46.169126388E-03
+105.382000E-06,+19.029141592E-03,-106.171481551E-03,+46.228799758E-03
+105.384000E-06,+18.946285908E-03,-106.544440148E-03,+46.354427898E-03
+105.386000E-06,+18.871733459E-03,-109.390702721E-03,+46.373664704E-03
+105.388000E-06,+18.793294390E-03,-111.844377304E-03,+46.264132668E-03
+105.390000E-06,+18.711675358E-03,-109.115891051E-03,+46.176978147E-03
+105.392000E-06,+18.619809781E-03,-106.073334559E-03,+46.235473752E-03
+105.394000E-06,+18.530240843E-03,-108.448491676E-03,+46.352464958E-03
+105.396000E-06,+18.442438551E-03,-111.864006720E-03,+46.367775885E-03
+105.398000E-06,+18.363469488E-03,-110.784389807E-03,+46.260599377E-03
+105.400000E-06,+18.286973729E-03,-107.270727748E-03,+46.168341213E-03
+105.402000E-06,+18.201998070E-03,-105.562970270E-03,+46.231547873E-03
+105.404000E-06,+18.110839152E-03,-107.447392427E-03,+46.363064832E-03
+105.406000E-06,+18.018973575E-03,-110.077731600E-03,+46.383086815E-03
+105.408000E-06,+17.925871346E-03,-109.724402398E-03,+46.262562316E-03
+105.410000E-06,+17.831355800E-03,-109.076632307E-03,+46.173837444E-03
+105.412000E-06,+17.736663590E-03,-109.272926291E-03,+46.235081165E-03
+105.414000E-06,+17.632078164E-03,-109.861808200E-03,+46.346968727E-03
+105.416000E-06,+17.527316073E-03,-109.390702655E-03,+46.366990710E-03
+105.418000E-06,+17.428913908E-03,-108.625156178E-03,+46.263347492E-03
+105.420000E-06,+17.336341672E-03,-107.565168747E-03,+46.179726263E-03
+105.422000E-06,+17.235819531E-03,-107.152951428E-03,+46.222125762E-03
+105.424000E-06,+17.120457566E-03,-107.113692640E-03,+46.339509556E-03
+105.426000E-06,+17.003152291E-03,-107.938127321E-03,+46.363457418E-03
+105.428000E-06,+16.894503580E-03,-109.429961487E-03,+46.271199251E-03
+105.430000E-06,+16.795748085E-03,-110.313284328E-03,+46.197392720E-03
+105.432000E-06,+16.682152766E-03,-110.136619738E-03,+46.235473752E-03
+105.434000E-06,+16.555130939E-03,-109.135520489E-03,+46.330087445E-03
+105.436000E-06,+16.437649000E-03,-107.211839588E-03,+46.342650257E-03
+105.438000E-06,+16.327940301E-03,-106.132222785E-03,+46.271199252E-03
+105.440000E-06,+16.221588229E-03,-107.113692662E-03,+46.206029655E-03
+105.442000E-06,+16.109406227E-03,-109.194408737E-03,+46.242147747E-03
+105.444000E-06,+15.996340901E-03,-108.919597132E-03,+46.325376390E-03
+105.446000E-06,+15.884512228E-03,-107.192210194E-03,+46.328124504E-03
+105.448000E-06,+15.774096871E-03,-107.094063246E-03,+46.269236312E-03
+105.450000E-06,+15.663858179E-03,-109.586996684E-03,+46.236258926E-03
+105.452000E-06,+15.543726270E-03,-111.864006698E-03,+46.260206792E-03
+105.454000E-06,+15.412287829E-03,-110.902166193E-03,+46.305354404E-03
+105.456000E-06,+15.297985852E-03,-109.214038065E-03,+46.308495107E-03
+105.458000E-06,+15.193753756E-03,-108.585897390E-03,+46.272377016E-03
+105.460000E-06,+15.085635038E-03,-108.664414988E-03,+46.242540333E-03
+105.462000E-06,+14.961969838E-03,-107.722203921E-03,+46.252747620E-03
+105.464000E-06,+14.839894620E-03,-107.035175042E-03,+46.295932294E-03
+105.466000E-06,+14.725769307E-03,-107.506280587E-03,+46.304569228E-03
+105.468000E-06,+14.616413937E-03,-109.645884866E-03,+46.280228775E-03
+105.470000E-06,+14.505115258E-03,-111.176977798E-03,+46.260206791E-03
+105.472000E-06,+14.378623425E-03,-110.116990322E-03,+46.271591841E-03
+105.474000E-06,+14.256194877E-03,-108.841079534E-03,+46.292791590E-03
+105.476000E-06,+14.143306216E-03,-108.546638602E-03,+46.292791590E-03
+105.478000E-06,+14.031654208E-03,-109.351443889E-03,+46.278658424E-03
+105.480000E-06,+13.913818939E-03,-109.331814473E-03,+46.271199253E-03
+105.482000E-06,+13.797573651E-03,-107.251098376E-03,+46.281406540E-03
+105.484000E-06,+13.684154996E-03,-106.819251686E-03,+46.299465585E-03
+105.486000E-06,+13.574799627E-03,-108.860708995E-03,+46.290828650E-03
+105.488000E-06,+13.469684207E-03,-111.491048168E-03,+46.275517720E-03
+105.490000E-06,+13.360152173E-03,-110.175878504E-03,+46.273554781E-03
+105.492000E-06,+13.242493569E-03,-107.467021732E-03,+46.287295359E-03
+105.494000E-06,+13.126248281E-03,-108.075533102E-03,+46.286510183E-03
+105.496000E-06,+13.011592975E-03,-110.548837123E-03,+46.277873248E-03
+105.498000E-06,+12.902060941E-03,-110.332913700E-03,+46.282191715E-03
+105.500000E-06,+12.791998913E-03,-107.781092081E-03,+46.277480660E-03
+105.502000E-06,+12.675576961E-03,-105.504082066E-03,+46.279443600E-03
+105.504000E-06,+12.565691598E-03,-106.191111011E-03,+46.288080535E-03
+105.506000E-06,+12.453156266E-03,-108.527009252E-03,+46.289258298E-03
+105.508000E-06,+12.333907680E-03,-109.665514238E-03,+46.281013951E-03
+105.510000E-06,+12.212539120E-03,-109.233667481E-03,+46.277088072E-03
+105.512000E-06,+12.087283939E-03,-108.605526784E-03,+46.290436062E-03
+105.514000E-06,+11.973865285E-03,-108.389603428E-03,+46.289650886E-03
+105.516000E-06,+11.858503320E-03,-108.782191374E-03,+46.264525258E-03
+105.518000E-06,+11.730244841E-03,-108.566267996E-03,+46.252747620E-03
+105.520000E-06,+11.600219717E-03,-107.839980307E-03,+46.265310434E-03
+105.522000E-06,+11.486271069E-03,-107.192210216E-03,+46.283762067E-03
+105.524000E-06,+11.375855712E-03,-107.113692640E-03,+46.308102520E-03
+105.526000E-06,+11.248303892E-03,-108.350344662E-03,+46.289258298E-03
+105.528000E-06,+11.114568811E-03,-110.038472790E-03,+46.264132670E-03
+105.530000E-06,+10.980303737E-03,-110.116990344E-03,+46.258243851E-03
+105.532000E-06,+10.853458575E-03,-108.173680027E-03,+46.282584304E-03
+105.534000E-06,+10.735093313E-03,-107.898868511E-03,+46.294361942E-03
+105.536000E-06,+10.614078082E-03,-108.311085852E-03,+46.279051012E-03
+105.538000E-06,+10.481402989E-03,-107.820350913E-03,+46.240969981E-03
+105.540000E-06,+10.348374567E-03,-107.604427557E-03,+46.235866339E-03
+105.542000E-06,+10.225416026E-03,-108.684044404E-03,+46.299072998E-03
+105.544000E-06,+10.124893885E-03,-108.841079556E-03,+46.341079906E-03
+105.546000E-06,+10.027375042E-03,-108.978485337E-03,+46.301821111E-03
+105.548000E-06,+9.917489679E-03,-109.410332071E-03,+46.237829277E-03
+105.550000E-06,+9.792234498E-03,-110.156249154E-03,+46.235081163E-03
+105.552000E-06,+9.669982615E-03,-110.391801904E-03,+46.304569229E-03
+105.554000E-06,+9.563277214E-03,-109.449590837E-03,+46.344613198E-03
+105.556000E-06,+9.457455136E-03,-108.487750398E-03,+46.296717468E-03
+105.558000E-06,+9.348983089E-03,-107.545539353E-03,+46.217807292E-03
+105.560000E-06,+9.235211106E-03,-107.702574549E-03,+46.213096239E-03
+105.562000E-06,+9.123205768E-03,-107.329615996E-03,+46.296324883E-03
+105.564000E-06,+9.016500367E-03,-106.308887353E-03,+46.371309178E-03
+105.566000E-06,+8.914211580E-03,-106.858510496E-03,+46.336368850E-03
+105.568000E-06,+8.805032875E-03,-108.605526829E-03,+46.228407166E-03
+105.570000E-06,+8.697267487E-03,-109.940325798E-03,+46.208385183E-03
+105.572000E-06,+8.577488908E-03,-109.272926269E-03,+46.303784054E-03
+105.574000E-06,+8.469546855E-03,-108.742932564E-03,+46.372486942E-03
+105.576000E-06,+8.372204677E-03,-108.684044382E-03,+46.325376387E-03
+105.578000E-06,+8.272389194E-03,-108.546638602E-03,+46.224088699E-03
+105.580000E-06,+8.165860458E-03,-108.252197648E-03,+46.194252017E-03
+105.582000E-06,+8.052265138E-03,-107.113692618E-03,+46.285332421E-03
+105.584000E-06,+7.937786496E-03,-106.269628565E-03,+46.364635183E-03
+105.586000E-06,+7.833201071E-03,-107.957756738E-03,+46.327339327E-03
+105.588000E-06,+7.739922177E-03,-110.548837123E-03,+46.240969981E-03
+105.590000E-06,+7.639400036E-03,-109.371073239E-03,+46.202103776E-03
+105.592000E-06,+7.531457983E-03,-106.819251641E-03,+46.277873250E-03
+105.594000E-06,+7.418922651E-03,-107.172580845E-03,+46.355213073E-03
+105.596000E-06,+7.310803934E-03,-110.018843419E-03,+46.326161563E-03
+105.598000E-06,+7.207101831E-03,-110.411431298E-03,+46.238221865E-03
+105.600000E-06,+7.101456417E-03,-107.251098354E-03,+46.204459304E-03
+105.602000E-06,+6.995457675E-03,-104.875941369E-03,+46.270021491E-03
+105.604000E-06,+6.890695584E-03,-105.837781875E-03,+46.337546615E-03
+105.606000E-06,+6.777453594E-03,-107.800721564E-03,+46.323806036E-03
+105.608000E-06,+6.661738300E-03,-108.468121026E-03,+46.257458674E-03
+105.610000E-06,+6.547082994E-03,-108.527009208E-03,+46.226444228E-03
+105.612000E-06,+6.433841004E-03,-109.351443889E-03,+46.278265837E-03
+105.614000E-06,+6.318302374E-03,-110.293654935E-03,+46.324591213E-03
+105.616000E-06,+6.206120372E-03,-110.136619738E-03,+46.308102519E-03
+105.618000E-06,+6.090758407E-03,-108.585897368E-03,+46.266488197E-03
+105.620000E-06,+5.979813056E-03,-107.408133572E-03,+46.236258926E-03
+105.622000E-06,+5.863391104E-03,-107.270727814E-03,+46.271199254E-03
+105.624000E-06,+5.742375873E-03,-107.270727814E-03,+46.317917218E-03
+105.626000E-06,+5.619593996E-03,-107.682945155E-03,+46.307317343E-03
+105.628000E-06,+5.499108759E-03,-108.703673799E-03,+46.260991966E-03
+105.630000E-06,+5.376503546E-03,-110.077731578E-03,+46.243718097E-03
+105.632000E-06,+5.249835049E-03,-109.704773003E-03,+46.275125133E-03
+105.634000E-06,+5.121399906E-03,-108.664414966E-03,+46.315561691E-03
+105.636000E-06,+4.996498054E-03,-107.565168747E-03,+46.304176639E-03
+105.638000E-06,+4.873362848E-03,-106.328516747E-03,+46.266095609E-03
+105.640000E-06,+4.756587567E-03,-107.682945177E-03,+46.241755158E-03
+105.642000E-06,+4.630802392E-03,-109.822549434E-03,+46.277480661E-03
+105.644000E-06,+4.498657293E-03,-109.410332049E-03,+46.321450510E-03
+105.646000E-06,+4.380645360E-03,-107.525909936E-03,+46.302213700E-03
+105.648000E-06,+4.263516749E-03,-107.820350935E-03,+46.254710559E-03
+105.650000E-06,+4.142501518E-03,-109.959955215E-03,+46.248429153E-03
+105.652000E-06,+4.012299729E-03,-111.216236586E-03,+46.281406540E-03
+105.654000E-06,+3.873441376E-03,-110.254396102E-03,+46.319094982E-03
+105.656000E-06,+3.744652904E-03,-108.860708928E-03,+46.315561690E-03
+105.658000E-06,+3.624874325E-03,-108.409232822E-03,+46.270414076E-03
+105.660000E-06,+3.509865689E-03,-108.782191375E-03,+46.228407167E-03
+105.662000E-06,+3.390440439E-03,-108.291456436E-03,+46.253532797E-03
+105.664000E-06,+3.264125271E-03,-106.976286838E-03,+46.315561691E-03
+105.666000E-06,+3.136926780E-03,-107.761462753E-03,+46.334798499E-03
+105.668000E-06,+3.022094809E-03,-109.547737874E-03,+46.286902770E-03
+105.670000E-06,+2.912739440E-03,-110.058102162E-03,+46.233118222E-03
+105.672000E-06,+2.794020848E-03,-109.685143609E-03,+46.256673500E-03
+105.674000E-06,+2.667705679E-03,-108.801820746E-03,+46.315954279E-03
+105.676000E-06,+2.541743840E-03,-108.271827042E-03,+46.337546615E-03
+105.678000E-06,+2.422141926E-03,-109.037373541E-03,+46.292791589E-03
+105.680000E-06,+2.314553202E-03,-108.468121004E-03,+46.236651514E-03
+105.682000E-06,+2.207317808E-03,-106.995916232E-03,+46.246073626E-03
+105.684000E-06,+2.093722489E-03,-106.524810731E-03,+46.314383927E-03
+105.686000E-06,+1.973060586E-03,-109.096261768E-03,+46.337546615E-03
+105.688000E-06,+1.855225318E-03,-111.942524297E-03,+46.292791589E-03
+105.690000E-06,+1.747813259E-03,-109.410332004E-03,+46.236651514E-03
+105.692000E-06,+1.633157952E-03,-105.425564445E-03,+46.237829279E-03
+105.694000E-06,+1.513556037E-03,-107.251098465E-03,+46.291221239E-03
+105.696000E-06,+1.387240869E-03,-111.844377350E-03,+46.337154027E-03
+105.698000E-06,+1.266225638E-03,-112.178077003E-03,+46.309672870E-03
+105.700000E-06,+1.153513642E-03,-107.329615907E-03,+46.244503272E-03
+105.702000E-06,+1.043098285E-03,-104.444094634E-03,+46.235866339E-03
+105.704000E-06,+927.912985E-06,-106.740734155E-03,+46.290828651E-03
+105.706000E-06,+804.601114E-06,-110.274025586E-03,+46.326161565E-03
+105.708000E-06,+677.755952E-06,-110.450690086E-03,+46.308102519E-03
+105.710000E-06,+564.160633E-06,-108.899967716E-03,+46.244503272E-03
+105.712000E-06,+451.271972E-06,-108.271827042E-03,+46.227621992E-03
+105.714000E-06,+339.443299E-06,-109.449590882E-03,+46.270414078E-03
+105.716000E-06,+222.844682E-06,-109.901066988E-03,+46.309672872E-03
+105.718000E-06,+101.829451E-06,-108.978485314E-03,+46.303391464E-03
+105.720000E-06,-11.059210E-06,-108.016644875E-03,+46.257851262E-03
+105.722000E-06,-115.291307E-06,-107.349245390E-03,+46.232333047E-03
+105.724000E-06,-225.883328E-06,-107.408133595E-03,+46.276302897E-03
+105.726000E-06,-332.588729E-06,-108.114791890E-03,+46.318702394E-03
+105.728000E-06,-447.244036E-06,-109.586996662E-03,+46.304569227E-03
+105.730000E-06,-565.609298E-06,-110.058102162E-03,+46.257851262E-03
+105.732000E-06,-690.511150E-06,-109.685143609E-03,+46.240577394E-03
+105.734000E-06,-805.166457E-06,-108.664414966E-03,+46.277480661E-03
+105.736000E-06,-912.048522E-06,-107.152951406E-03,+46.313206163E-03
+105.738000E-06,-1.021757220E-03,-105.720005444E-03,+46.301035936E-03
+105.740000E-06,-1.138179173E-03,-106.917398701E-03,+46.257458675E-03
+105.742000E-06,-1.259194404E-03,-109.449590904E-03,+46.243325510E-03
+105.744000E-06,-1.374556369E-03,-109.233667481E-03,+46.291613827E-03
+105.746000E-06,-1.479141795E-03,-107.781092102E-03,+46.315169102E-03
+105.748000E-06,-1.593443772E-03,-107.997015504E-03,+46.290043474E-03
+105.750000E-06,-1.710572383E-03,-109.704773048E-03,+46.242147745E-03
+105.752000E-06,-1.831587614E-03,-110.627354677E-03,+46.241362570E-03
+105.754000E-06,-1.945712927E-03,-109.214038064E-03,+46.297110058E-03
+105.756000E-06,-2.060014904E-03,-107.761462708E-03,+46.326946740E-03
+105.758000E-06,-2.176966850E-03,-108.134421284E-03,+46.305354403E-03
+105.760000E-06,-2.288088865E-03,-108.899967761E-03,+46.246858800E-03
+105.762000E-06,-2.408220774E-03,-107.624056928E-03,+46.228014580E-03
+105.764000E-06,-2.528529346E-03,-106.328516747E-03,+46.278658425E-03
+105.766000E-06,-2.640004691E-03,-106.446293156E-03,+46.335583676E-03
+105.768000E-06,-2.761373251E-03,-108.271827087E-03,+46.315169101E-03
+105.770000E-06,-2.889278401E-03,-109.763661230E-03,+46.242540332E-03
+105.772000E-06,-3.019126860E-03,-110.352543117E-03,+46.221733173E-03
+105.774000E-06,-3.142968724E-03,-109.999213958E-03,+46.272377018E-03
+105.776000E-06,-3.260980658E-03,-109.115891094E-03,+46.332050384E-03
+105.778000E-06,-3.388179149E-03,-108.860708950E-03,+46.320272745E-03
+105.780000E-06,-3.519264261E-03,-108.154050655E-03,+46.237829277E-03
+105.782000E-06,-3.646992745E-03,-106.956657444E-03,+46.204459304E-03
+105.784000E-06,-3.769244628E-03,-106.524810731E-03,+46.281013953E-03
+105.786000E-06,-3.884606593E-03,-108.684044427E-03,+46.350109429E-03
+105.788000E-06,-4.015161711E-03,-111.334012995E-03,+46.333620734E-03
+105.790000E-06,-4.148013469E-03,-110.018843329E-03,+46.250392091E-03
+105.792000E-06,-4.270972010E-03,-107.447392337E-03,+46.206029655E-03
+105.794000E-06,-4.388807279E-03,-107.938127322E-03,+46.259029028E-03
+105.796000E-06,-4.508585858E-03,-111.216236631E-03,+46.344220611E-03
+105.798000E-06,-4.636137678E-03,-110.980683791E-03,+46.341472493E-03
+105.800000E-06,-4.758566226E-03,-107.447392315E-03,+46.243325508E-03
+105.802000E-06,-4.875164843E-03,-105.307788103E-03,+46.196607545E-03
+105.804000E-06,-4.979926933E-03,-106.308887398E-03,+46.260599380E-03
+105.806000E-06,-5.084335694E-03,-108.684044427E-03,+46.352857545E-03
+105.808000E-06,-5.207470901E-03,-109.547737852E-03,+46.348146488E-03
+105.810000E-06,-5.332019423E-03,-109.214038087E-03,+46.260599377E-03
+105.812000E-06,-5.451444673E-03,-108.880338344E-03,+46.201711188E-03
+105.814000E-06,-5.561506701E-03,-109.528108458E-03,+46.249999506E-03
+105.816000E-06,-5.671568728E-03,-109.626255427E-03,+46.334798500E-03
+105.818000E-06,-5.792937289E-03,-108.664414966E-03,+46.354035308E-03
+105.820000E-06,-5.919605786E-03,-108.114791867E-03,+46.261777141E-03
+105.822000E-06,-6.038147713E-03,-107.918497905E-03,+46.204459303E-03
+105.824000E-06,-6.154216336E-03,-107.211839610E-03,+46.258636440E-03
+105.826000E-06,-6.265161687E-03,-107.800721542E-03,+46.344220611E-03
+105.828000E-06,-6.376637031E-03,-109.410332094E-03,+46.346968725E-03
+105.830000E-06,-6.489525692E-03,-110.038472768E-03,+46.249606915E-03
+105.832000E-06,-6.605064322E-03,-109.547737829E-03,+46.191896489E-03
+105.834000E-06,-6.733322800E-03,-109.194408693E-03,+46.257066089E-03
+105.836000E-06,-6.846034796E-03,-108.055903663E-03,+46.338724380E-03
+105.838000E-06,-6.953800185E-03,-106.937028049E-03,+46.332442971E-03
+105.840000E-06,-7.066158852E-03,-107.624056973E-03,+46.236651513E-03
+105.842000E-06,-7.185407437E-03,-109.528108480E-03,+46.204066716E-03
+105.844000E-06,-7.308012650E-03,-109.508479041E-03,+46.275517722E-03
+105.846000E-06,-7.428497887E-03,-107.545539330E-03,+46.341079907E-03
+105.848000E-06,-7.536263275E-03,-108.644785617E-03,+46.318702393E-03
+105.850000E-06,-7.643498670E-03,-110.627354700E-03,+46.242932920E-03
+105.852000E-06,-7.760803945E-03,-109.783290579E-03,+46.216236942E-03
+105.854000E-06,-7.893125709E-03,-108.801820746E-03,+46.266095611E-03
+105.856000E-06,-8.012550959E-03,-109.233667503E-03,+46.328517093E-03
+105.858000E-06,-8.113779757E-03,-109.312185079E-03,+46.303391463E-03
+105.860000E-06,-8.205292005E-03,-108.212938837E-03,+46.221733172E-03
+105.862000E-06,-8.314294046E-03,-106.407034322E-03,+46.205244480E-03
+105.864000E-06,-8.435839271E-03,-106.034075815E-03,+46.278658425E-03
+105.866000E-06,-8.555087856E-03,-108.350344685E-03,+46.338724379E-03
+105.868000E-06,-8.660203275E-03,-109.920696405E-03,+46.301821111E-03
+105.870000E-06,-8.754718821E-03,-109.685143609E-03,+46.232333046E-03
+105.872000E-06,-8.865310843E-03,-108.389603405E-03,+46.220555409E-03
+105.874000E-06,-8.985796080E-03,-107.800721519E-03,+46.286117596E-03
+105.876000E-06,-9.101158045E-03,-108.703673799E-03,+46.328517092E-03
+105.878000E-06,-9.206980123E-03,-108.978485337E-03,+46.283762066E-03
+105.880000E-06,-9.310328897E-03,-108.173680049E-03,+46.218985057E-03
+105.882000E-06,-9.425867526E-03,-106.956657443E-03,+46.229977520E-03
+105.884000E-06,-9.544409453E-03,-106.524810731E-03,+46.309672872E-03
+105.886000E-06,-9.656944785E-03,-107.997015526E-03,+46.345398373E-03
+105.888000E-06,-9.763650186E-03,-111.098460245E-03,+46.299465584E-03
+105.890000E-06,-9.868412276E-03,-109.724402374E-03,+46.229192343E-03
+105.892000E-06,-9.974234354E-03,-107.133321989E-03,+46.239399631E-03
+105.894000E-06,-10.092599617E-03,-108.448491655E-03,+46.305354405E-03
+105.896000E-06,-10.216441482E-03,-111.294754207E-03,+46.336368851E-03
+105.898000E-06,-10.324736863E-03,-111.255495351E-03,+46.287295357E-03
+105.900000E-06,-10.425788998E-03,-107.624056883E-03,+46.222125760E-03
+105.902000E-06,-10.532317734E-03,-105.877040618E-03,+46.235866339E-03
+105.904000E-06,-10.642203097E-03,-107.211839655E-03,+46.313206164E-03
+105.906000E-06,-10.751205138E-03,-108.939226572E-03,+46.340294730E-03
+105.908000E-06,-10.858793861E-03,-109.979584586E-03,+46.298680408E-03
+105.910000E-06,-10.972389181E-03,-109.410332049E-03,+46.231940458E-03
+105.912000E-06,-11.086867823E-03,-108.625156178E-03,+46.248036565E-03
+105.914000E-06,-11.197636508E-03,-108.939226549E-03,+46.303784053E-03
+105.916000E-06,-11.295508681E-03,-109.410332071E-03,+46.327731916E-03
+105.918000E-06,-11.399034119E-03,-108.919597132E-03,+46.275125131E-03
+105.920000E-06,-11.507329501E-03,-108.154050655E-03,+46.215059177E-03
+105.922000E-06,-11.623574789E-03,-107.506280564E-03,+46.232333048E-03
+105.924000E-06,-11.737170108E-03,-107.152951428E-03,+46.310065460E-03
+105.926000E-06,-11.846525478E-03,-107.113692640E-03,+46.337154027E-03
+105.928000E-06,-11.951640897E-03,-108.487750443E-03,+46.292791589E-03
+105.930000E-06,-12.061172931E-03,-109.645884844E-03,+46.228407167E-03
+105.932000E-06,-12.175121580E-03,-110.470319503E-03,+46.231155284E-03
+105.934000E-06,-12.297020134E-03,-109.744031791E-03,+46.295932294E-03
+105.936000E-06,-12.411322111E-03,-107.839980284E-03,+46.321450509E-03
+105.938000E-06,-12.523150785E-03,-105.935928800E-03,+46.277088071E-03
+105.940000E-06,-12.637276097E-03,-107.074433875E-03,+46.215451765E-03
+105.942000E-06,-12.760411304E-03,-109.331814519E-03,+46.237829279E-03
+105.944000E-06,-12.879836553E-03,-108.939226526E-03,+46.319094983E-03
+105.946000E-06,-12.996081841E-03,-107.467021754E-03,+46.346576137E-03
+105.948000E-06,-13.115683756E-03,-108.095162496E-03,+46.282976890E-03
+105.950000E-06,-13.244472228E-03,-110.136619783E-03,+46.224088700E-03
+105.952000E-06,-13.378207308E-03,-110.548837079E-03,+46.241755159E-03
+105.954000E-06,-13.503815818E-03,-109.331814450E-03,+46.322235686E-03
+105.956000E-06,-13.622004416E-03,-108.605526784E-03,+46.341472494E-03
+105.958000E-06,-13.746729603E-03,-108.114791867E-03,+46.276695483E-03
+105.960000E-06,-13.877461386E-03,-108.742932587E-03,+46.204066715E-03
+105.962000E-06,-13.997769959E-03,-107.741833314E-03,+46.228014581E-03
+105.964000E-06,-14.109068638E-03,-106.760363481E-03,+46.331657797E-03
+105.966000E-06,-14.225490591E-03,-107.741833360E-03,+46.367775886E-03
+105.968000E-06,-14.351452430E-03,-109.822549435E-03,+46.288473121E-03
+105.970000E-06,-14.478650921E-03,-110.921795632E-03,+46.213488825E-03
+105.972000E-06,-14.597192848E-03,-109.665514192E-03,+46.234688576E-03
+105.974000E-06,-14.698421647E-03,-108.644785572E-03,+46.313206164E-03
+105.976000E-06,-14.802300415E-03,-108.527009208E-03,+46.343042846E-03
+105.978000E-06,-14.930382229E-03,-108.939226549E-03,+46.293576764E-03
+105.980000E-06,-15.054400758E-03,-108.860708950E-03,+46.209170358E-03
+105.982000E-06,-15.162519475E-03,-107.467021754E-03,+46.225659053E-03
+105.984000E-06,-15.263571609E-03,-106.995916254E-03,+46.312028400E-03
+105.986000E-06,-15.365153738E-03,-108.880338390E-03,+46.354035308E-03
+105.988000E-06,-15.491645571E-03,-111.765859730E-03,+46.295147116E-03
+105.990000E-06,-15.622907347E-03,-110.764760412E-03,+46.217414705E-03
+105.992000E-06,-15.743215920E-03,-107.820350867E-03,+46.224088701E-03
+105.994000E-06,-15.848331339E-03,-108.527009231E-03,+46.300643350E-03
+105.996000E-06,-15.956450057E-03,-111.157348427E-03,+46.352464957E-03
+105.998000E-06,-16.083825213E-03,-111.098460177E-03,+46.308887694E-03
+106.000000E-06,-16.213850337E-03,-108.154050609E-03,+46.222125760E-03
+106.002000E-06,-16.320379073E-03,-106.092963974E-03,+46.221733174E-03
+106.004000E-06,-16.406238054E-03,-107.643686390E-03,+46.302998878E-03
+106.006000E-06,-16.510646816E-03,-110.097360996E-03,+46.344613198E-03
+106.008000E-06,-16.629188743E-03,-111.235865980E-03,+46.310458046E-03
+106.010000E-06,-16.748083999E-03,-109.979584541E-03,+46.244503272E-03
+106.012000E-06,-16.856909375E-03,-108.271827019E-03,+46.230370108E-03
+106.014000E-06,-16.950718262E-03,-109.017744147E-03,+46.268058550E-03
+106.016000E-06,-17.054950359E-03,-111.216236609E-03,+46.312028399E-03
+106.018000E-06,-17.169605666E-03,-110.823648616E-03,+46.312028398E-03
+106.020000E-06,-17.279314364E-03,-108.114791821E-03,+46.256280910E-03
+106.022000E-06,-17.380719828E-03,-106.367775534E-03,+46.237436690E-03
+106.024000E-06,-17.477355348E-03,-107.270727837E-03,+46.279836189E-03
+106.026000E-06,-17.577170831E-03,-109.626255473E-03,+46.319094982E-03
+106.028000E-06,-17.686172871E-03,-110.764760458E-03,+46.332050383E-03
+106.030000E-06,-17.785281695E-03,-110.607725260E-03,+46.292006413E-03
+106.032000E-06,-17.887747147E-03,-110.018843351E-03,+46.242147745E-03
+106.034000E-06,-17.983499344E-03,-109.665514215E-03,+46.244110686E-03
+106.036000E-06,-18.085611466E-03,-108.389603405E-03,+46.283762068E-03
+106.038000E-06,-18.188783575E-03,-107.251098398E-03,+46.319487570E-03
+106.040000E-06,-18.290719033E-03,-108.075533102E-03,+46.293576765E-03
+106.042000E-06,-18.388767870E-03,-110.411431344E-03,+46.253532795E-03
+106.044000E-06,-18.488760017E-03,-110.313284306E-03,+46.253925384E-03
+106.046000E-06,-18.590342145E-03,-108.605526761E-03,+46.279443600E-03
+106.048000E-06,-18.688390982E-03,-108.782191375E-03,+46.315954279E-03
+106.050000E-06,-18.780963217E-03,-110.627354700E-03,+46.304176639E-03
+106.052000E-06,-18.876538750E-03,-111.432159942E-03,+46.266095609E-03
+106.054000E-06,-18.970170973E-03,-110.136619715E-03,+46.236258926E-03
+106.056000E-06,-19.070869778E-03,-108.841079534E-03,+46.262954907E-03
+106.058000E-06,-19.162735355E-03,-108.409232822E-03,+46.316739455E-03
+106.060000E-06,-19.247004355E-03,-108.507379814E-03,+46.321057921E-03
+106.062000E-06,-19.326680077E-03,-108.114791867E-03,+46.268451137E-03
+106.064000E-06,-19.416955673E-03,-107.094063223E-03,+46.244503273E-03
+106.066000E-06,-19.510057902E-03,-107.094063246E-03,+46.272377018E-03
+106.068000E-06,-19.599626839E-03,-109.037373564E-03,+46.328909681E-03
+106.070000E-06,-19.684955827E-03,-110.411431321E-03,+46.333620735E-03
+106.072000E-06,-19.764808213E-03,-109.881437571E-03,+46.275517719E-03
+106.074000E-06,-19.842717288E-03,-108.821450140E-03,+46.223303524E-03
+106.076000E-06,-19.922923004E-03,-108.546638602E-03,+46.255495737E-03
+106.078000E-06,-20.005955352E-03,-109.351443890E-03,+46.326946741E-03
+106.080000E-06,-20.094287638E-03,-109.057002912E-03,+46.339116966E-03
+106.082000E-06,-20.178379973E-03,-107.486651147E-03,+46.273554779E-03
+106.084000E-06,-20.261765651E-03,-106.721104693E-03,+46.228407167E-03
+106.086000E-06,-20.355044545E-03,-108.566268042E-03,+46.261777144E-03
+106.088000E-06,-20.446026799E-03,-110.764760481E-03,+46.335976264E-03
+106.090000E-06,-20.530295799E-03,-109.253296851E-03,+46.343042845E-03
+106.092000E-06,-20.619864736E-03,-107.486651147E-03,+46.265703020E-03
+106.094000E-06,-20.716500257E-03,-108.919597178E-03,+46.197000132E-03
+106.096000E-06,-20.815255752E-03,-111.078830829E-03,+46.243718099E-03
+106.098000E-06,-20.900584740E-03,-109.979584541E-03,+46.350502018E-03
+106.100000E-06,-20.971603897E-03,-107.035174996E-03,+46.345398373E-03
+106.102000E-06,-21.053222929E-03,-105.680746656E-03,+46.257458674E-03
+106.104000E-06,-21.146501823E-03,-106.642587141E-03,+46.206814831E-03
+106.106000E-06,-21.237484077E-03,-108.860708996E-03,+46.256280913E-03
+106.108000E-06,-21.326699685E-03,-109.842178806E-03,+46.341079907E-03
+106.110000E-06,-21.408318716E-03,-109.390702655E-03,+46.346576137E-03
+106.112000E-06,-21.487641109E-03,-109.174779299E-03,+46.255103146E-03
+106.114000E-06,-21.576680053E-03,-109.979584587E-03,+46.184437318E-03
+106.116000E-06,-21.669605617E-03,-110.509578291E-03,+46.233903401E-03
+106.118000E-06,-21.760411207E-03,-109.606626011E-03,+46.338331792E-03
+106.120000E-06,-21.837260295E-03,-107.957756670E-03,+46.346576137E-03
+106.122000E-06,-21.909692769E-03,-107.879239117E-03,+46.252355030E-03
+106.124000E-06,-21.992901782E-03,-107.624056951E-03,+46.195037193E-03
+106.126000E-06,-22.085120688E-03,-107.859609723E-03,+46.246466214E-03
+106.128000E-06,-22.161086453E-03,-109.410332095E-03,+46.342650259E-03
+106.130000E-06,-22.225922351E-03,-110.588095890E-03,+46.357961187E-03
+106.132000E-06,-22.295704856E-03,-110.313284306E-03,+46.262169729E-03
+106.134000E-06,-22.376263901E-03,-109.017744101E-03,+46.187970610E-03
+106.136000E-06,-22.455762958E-03,-107.741833314E-03,+46.237044104E-03
+106.138000E-06,-22.528725425E-03,-106.897769261E-03,+46.338724380E-03
+106.140000E-06,-22.593384658E-03,-108.173680095E-03,+46.354820483E-03
+106.142000E-06,-22.653273948E-03,-110.018843398E-03,+46.267273372E-03
+106.144000E-06,-22.707686635E-03,-109.429961442E-03,+46.202496363E-03
+106.146000E-06,-22.768812577E-03,-108.075533056E-03,+46.244503275E-03
+106.148000E-06,-22.837181766E-03,-108.311085852E-03,+46.334013325E-03
+106.150000E-06,-22.900251018E-03,-110.431060738E-03,+46.351287192E-03
+106.152000E-06,-22.962436947E-03,-111.412530548E-03,+46.272377015E-03
+106.154000E-06,-23.019676268E-03,-109.999213934E-03,+46.208777770E-03
+106.156000E-06,-23.079918887E-03,-108.546638579E-03,+46.237044104E-03
+106.158000E-06,-23.141928151E-03,-108.644785594E-03,+46.324591214E-03
+106.160000E-06,-23.195457516E-03,-108.958855943E-03,+46.336368850E-03
+106.162000E-06,-23.241566969E-03,-108.036274268E-03,+46.267665960E-03
+106.164000E-06,-23.291739707E-03,-106.524810708E-03,+46.219377645E-03
+106.166000E-06,-23.347565712E-03,-107.565168792E-03,+46.246858802E-03
+106.168000E-06,-23.411518286E-03,-110.352543163E-03,+46.328517093E-03
+106.170000E-06,-23.470347588E-03,-110.175878526E-03,+46.342257670E-03
+106.172000E-06,-23.522110308E-03,-107.898868465E-03,+46.268451136E-03
+106.174000E-06,-23.568043096E-03,-107.997015504E-03,+46.205637067E-03
+106.176000E-06,-23.619452486E-03,-109.979584610E-03,+46.242147747E-03
+106.178000E-06,-23.680401763E-03,-110.116990344E-03,+46.322628274E-03
+106.180000E-06,-23.735167780E-03,-108.036274245E-03,+46.324983800E-03
+106.182000E-06,-23.793820418E-03,-106.505181314E-03,+46.268843724E-03
+106.184000E-06,-23.845759802E-03,-106.603328330E-03,+46.222518348E-03
+106.186000E-06,-23.895402546E-03,-109.665514285E-03,+46.263740083E-03
+106.188000E-06,-23.953525190E-03,-112.021041874E-03,+46.344613199E-03
+106.190000E-06,-24.015357790E-03,-109.272926222E-03,+46.346968725E-03
+106.192000E-06,-24.077543719E-03,-106.505181291E-03,+46.266095608E-03
+106.194000E-06,-24.140966300E-03,-108.232568300E-03,+46.191503901E-03
+106.196000E-06,-24.200855589E-03,-111.275124814E-03,+46.234688576E-03
+106.198000E-06,-24.260214885E-03,-110.705872230E-03,+46.332835561E-03
+106.200000E-06,-24.313390921E-03,-107.408133525E-03,+46.343042845E-03
+106.202000E-06,-24.368156938E-03,-105.720005443E-03,+46.265703020E-03
+106.204000E-06,-24.424512936E-03,-107.192210262E-03,+46.202496363E-03
+106.206000E-06,-24.488465511E-03,-109.626255474E-03,+46.247251390E-03
+106.208000E-06,-24.547294813E-03,-110.764760458E-03,+46.348146490E-03
+106.210000E-06,-24.602767488E-03,-109.920696359E-03,+46.347753900E-03
+106.212000E-06,-24.662833443E-03,-109.645884821E-03,+46.260599377E-03
+106.214000E-06,-24.723606055E-03,-109.763661208E-03,+46.185222494E-03
+106.216000E-06,-24.786851971E-03,-110.332913723E-03,+46.233903401E-03
+106.218000E-06,-24.850451217E-03,-109.586996617E-03,+46.346576139E-03
+106.220000E-06,-24.906630550E-03,-108.369974011E-03,+46.353250132E-03
+106.222000E-06,-24.961749897E-03,-107.938127299E-03,+46.255888322E-03
+106.224000E-06,-25.029235763E-03,-107.898868511E-03,+46.195429781E-03
+106.226000E-06,-25.093541667E-03,-108.311085852E-03,+46.249214330E-03
+106.228000E-06,-25.152194304E-03,-109.469220276E-03,+46.354035310E-03
+106.230000E-06,-25.201483719E-03,-110.175878549E-03,+46.365027770E-03
+106.232000E-06,-25.252009787E-03,-109.842178783E-03,+46.260206789E-03
+106.234000E-06,-25.310309095E-03,-108.958855920E-03,+46.179333675E-03
+106.236000E-06,-25.362248479E-03,-107.467021753E-03,+46.238614456E-03
+106.238000E-06,-25.418074483E-03,-106.858510474E-03,+46.347361315E-03
+106.240000E-06,-25.467187234E-03,-108.036274315E-03,+46.358746363E-03
+106.242000E-06,-25.515239997E-03,-109.861808224E-03,+46.273162191E-03
+106.244000E-06,-25.571949325E-03,-108.998114707E-03,+46.197785308E-03
+106.246000E-06,-25.627422000E-03,-107.329615973E-03,+46.235473752E-03
+106.248000E-06,-25.675121434E-03,-107.663315762E-03,+46.332835561E-03
+106.250000E-06,-25.716814273E-03,-109.940325822E-03,+46.362279655E-03
+106.252000E-06,-25.768930321E-03,-111.765859708E-03,+46.287687945E-03
+106.254000E-06,-25.826346307E-03,-111.019942578E-03,+46.210740710E-03
+106.256000E-06,-25.888002242E-03,-109.096261677E-03,+46.231547872E-03
+106.258000E-06,-25.931638391E-03,-108.428862215E-03,+46.323806038E-03
+106.260000E-06,-25.963968007E-03,-109.057002935E-03,+46.352857544E-03
+106.262000E-06,-26.004954188E-03,-108.193309443E-03,+46.275517719E-03
+106.264000E-06,-26.064666813E-03,-106.819251663E-03,+46.200926011E-03
+106.266000E-06,-26.123142786E-03,-107.741833360E-03,+46.230370109E-03
+106.268000E-06,-26.168722245E-03,-109.685143656E-03,+46.321057923E-03
+106.270000E-06,-26.201405191E-03,-111.176977799E-03,+46.349716841E-03
+106.272000E-06,-26.241154719E-03,-110.391801881E-03,+46.305354403E-03
+106.274000E-06,-26.295744072E-03,-109.292555662E-03,+46.224481287E-03
+106.276000E-06,-26.354750039E-03,-108.880338344E-03,+46.222125761E-03
+106.278000E-06,-26.399269510E-03,-109.115891117E-03,+46.297502646E-03
+106.280000E-06,-26.429302487E-03,-109.155149905E-03,+46.343828022E-03
+106.282000E-06,-26.460042123E-03,-107.918497882E-03,+46.302213699E-03
+106.284000E-06,-26.513394823E-03,-106.367775534E-03,+46.235081162E-03
+106.286000E-06,-26.567454182E-03,-108.095162520E-03,+46.223696113E-03
+106.288000E-06,-26.602610431E-03,-111.118089640E-03,+46.283762068E-03
+106.290000E-06,-26.626460148E-03,-109.586996593E-03,+46.333620736E-03
+106.292000E-06,-26.657729777E-03,-106.976286813E-03,+46.320272745E-03
+106.294000E-06,-26.703839231E-03,-108.154050701E-03,+46.251569855E-03
+106.296000E-06,-26.761785210E-03,-110.568466519E-03,+46.225659052E-03
+106.298000E-06,-26.805068030E-03,-110.058102139E-03,+46.275517722E-03
+106.300000E-06,-26.831214386E-03,-107.192210169E-03,+46.329694857E-03
+106.302000E-06,-26.856477420E-03,-105.700376049E-03,+46.319880157E-03
+106.304000E-06,-26.896756942E-03,-106.917398702E-03,+46.254317971E-03
+106.306000E-06,-26.945339699E-03,-109.037373565E-03,+46.223303525E-03
+106.308000E-06,-26.982439259E-03,-109.861808200E-03,+46.253140209E-03
+106.310000E-06,-27.006642305E-03,-109.253296874E-03,+46.312813575E-03
+106.312000E-06,-27.034201978E-03,-108.605526783E-03,+46.323413449E-03
+106.314000E-06,-27.073598178E-03,-109.214038110E-03,+46.271591840E-03
+106.316000E-06,-27.109637750E-03,-108.762561958E-03,+46.231155283E-03
+106.318000E-06,-27.131367492E-03,-107.859609700E-03,+46.253925385E-03
+106.320000E-06,-27.136314100E-03,-107.467021776E-03,+46.307317344E-03
+106.322000E-06,-27.145323993E-03,-107.565168769E-03,+46.319880157E-03
+106.324000E-06,-27.171293685E-03,-107.584798163E-03,+46.284939830E-03
+106.326000E-06,-27.200796669E-03,-108.409232845E-03,+46.235866338E-03
+106.328000E-06,-27.216873144E-03,-110.038472792E-03,+46.237829279E-03
+106.330000E-06,-27.222349746E-03,-109.979584564E-03,+46.299465586E-03
+106.332000E-06,-27.227826347E-03,-108.428862192E-03,+46.319094982E-03
+106.334000E-06,-27.245846134E-03,-107.938127299E-03,+46.290436061E-03
+106.336000E-06,-27.266869218E-03,-108.998114754E-03,+46.250392092E-03
+106.338000E-06,-27.284359010E-03,-107.918497882E-03,+46.250784681E-03
+106.340000E-06,-27.286478985E-03,-107.467021776E-03,+46.276302897E-03
+106.342000E-06,-27.296372201E-03,-108.801820792E-03,+46.301821113E-03
+106.344000E-06,-27.308915386E-03,-109.135520511E-03,+46.296717469E-03
+106.346000E-06,-27.315451975E-03,-108.605526783E-03,+46.265310433E-03
+106.348000E-06,-27.318631937E-03,-108.664414988E-03,+46.252747620E-03
+106.350000E-06,-27.318985266E-03,-109.233667504E-03,+46.276302897E-03
+106.352000E-06,-27.318985266E-03,-110.136619761E-03,+46.307317344E-03
+106.354000E-06,-27.322695222E-03,-109.979584564E-03,+46.300250760E-03
+106.356000E-06,-27.319515260E-03,-109.253296874E-03,+46.276695484E-03
+106.358000E-06,-27.307855398E-03,-108.468121003E-03,+46.268058550E-03
+106.360000E-06,-27.297608853E-03,-108.507379814E-03,+46.259029027E-03
+106.362000E-06,-27.290188941E-03,-108.114791867E-03,+46.271591841E-03
+106.364000E-06,-27.281885706E-03,-106.819251662E-03,+46.290043474E-03
+106.366000E-06,-27.282062371E-03,-107.467021800E-03,+46.292399002E-03
+106.368000E-06,-27.279765731E-03,-109.508479088E-03,+46.275910308E-03
+106.370000E-06,-27.279412402E-03,-110.332913723E-03,+46.265310434E-03
+106.372000E-06,-27.276939098E-03,-109.586996616E-03,+46.283369480E-03
+106.374000E-06,-27.276585769E-03,-108.232568230E-03,+46.299858173E-03
+106.376000E-06,-27.262982597E-03,-108.468121026E-03,+46.290828650E-03
+106.378000E-06,-27.258565983E-03,-108.801820769E-03,+46.272769605E-03
+106.380000E-06,-27.260685958E-03,-108.978485337E-03,+46.245681037E-03
+106.382000E-06,-27.258565983E-03,-107.898868488E-03,+46.250392093E-03
+106.384000E-06,-27.247082785E-03,-107.192210216E-03,+46.292791590E-03
+106.386000E-06,-27.235599588E-03,-108.487750444E-03,+46.312420987E-03
+106.388000E-06,-27.236659576E-03,-110.882536868E-03,+46.284154654E-03
+106.390000E-06,-27.235776253E-03,-110.234766707E-03,+46.252355032E-03
+106.392000E-06,-27.231889632E-03,-107.898868464E-03,+46.264917847E-03
+106.394000E-06,-27.220229771E-03,-108.409232845E-03,+46.300250761E-03
+106.396000E-06,-27.212456530E-03,-110.588095913E-03,+46.313206162E-03
+106.398000E-06,-27.206626599E-03,-110.470319480E-03,+46.286902770E-03
+106.400000E-06,-27.198500028E-03,-107.663315691E-03,+46.239007042E-03
+106.402000E-06,-27.181363565E-03,-105.759264231E-03,+46.240969982E-03
+106.404000E-06,-27.161753797E-03,-106.779992921E-03,+46.297110058E-03
+106.406000E-06,-27.151860582E-03,-108.605526830E-03,+46.329694856E-03
+106.408000E-06,-27.152037246E-03,-108.841079556E-03,+46.292006413E-03
+106.410000E-06,-27.152213911E-03,-108.703673776E-03,+46.244895861E-03
+106.412000E-06,-27.142320695E-03,-109.783290625E-03,+46.258243852E-03
+106.414000E-06,-27.127304206E-03,-111.176977799E-03,+46.304961817E-03
+106.416000E-06,-27.120414288E-03,-110.116990320E-03,+46.319487569E-03
+106.418000E-06,-27.118470978E-03,-108.566267972E-03,+46.287687946E-03
+106.420000E-06,-27.109637749E-03,-107.682945132E-03,+46.239007042E-03
+106.422000E-06,-27.093561273E-03,-107.309986602E-03,+46.246466214E-03
+106.424000E-06,-27.079074778E-03,-107.133322034E-03,+46.311635812E-03
+106.426000E-06,-27.059995005E-03,-107.525909981E-03,+46.331657795E-03
+106.428000E-06,-27.041445225E-03,-109.371073307E-03,+46.281013950E-03
+106.430000E-06,-27.025545413E-03,-110.450690110E-03,+46.240577393E-03
+106.432000E-06,-27.008762279E-03,-109.606626010E-03,+46.252355033E-03
+106.434000E-06,-26.981909264E-03,-108.919597132E-03,+46.301428525E-03
+106.436000E-06,-26.957352889E-03,-107.329615973E-03,+46.316346866E-03
+106.438000E-06,-26.934563159E-03,-106.564069519E-03,+46.281799127E-03
+106.440000E-06,-26.908240138E-03,-107.997015527E-03,+46.240969981E-03
+106.442000E-06,-26.880150471E-03,-110.136619785E-03,+46.255103148E-03
+106.444000E-06,-26.843227576E-03,-109.174779275E-03,+46.301821113E-03
+106.446000E-06,-26.810014636E-03,-107.486651147E-03,+46.305354403E-03
+106.448000E-06,-26.783691615E-03,-108.095162497E-03,+46.271984428E-03
+106.450000E-06,-26.753305309E-03,-109.861808224E-03,+46.256280911E-03
+106.452000E-06,-26.723448997E-03,-111.196607193E-03,+46.279443600E-03
+106.454000E-06,-26.697479305E-03,-110.116990320E-03,+46.299465585E-03
+106.456000E-06,-26.672039607E-03,-109.115891094E-03,+46.288080534E-03
+106.458000E-06,-26.640416648E-03,-109.410332072E-03,+46.272377017E-03
+106.460000E-06,-26.600490455E-03,-109.606626034E-03,+46.262169730E-03
+106.462000E-06,-26.561977579E-03,-108.389603404E-03,+46.280228776E-03
+106.464000E-06,-26.531237943E-03,-106.976286836E-03,+46.296717469E-03
+106.466000E-06,-26.500321644E-03,-107.761462754E-03,+46.295932293E-03
+106.468000E-06,-26.472938635E-03,-109.822549436E-03,+46.279051012E-03
+106.470000E-06,-26.443612316E-03,-111.059201413E-03,+46.279443600E-03
+106.472000E-06,-26.415169320E-03,-110.097360927E-03,+46.299072997E-03
+106.474000E-06,-26.384429685E-03,-109.253296874E-03,+46.293576765E-03
+106.476000E-06,-26.352100068E-03,-109.567367246E-03,+46.273162192E-03
+106.478000E-06,-26.325777048E-03,-109.901066988E-03,+46.262169730E-03
+106.480000E-06,-26.302810653E-03,-108.841079533E-03,+46.280228776E-03
+106.482000E-06,-26.266594416E-03,-107.584798139E-03,+46.299465585E-03
+106.484000E-06,-26.224724913E-03,-107.015545648E-03,+46.288080534E-03
+106.486000E-06,-26.189745328E-03,-108.742932611E-03,+46.247643976E-03
+106.488000E-06,-26.154589078E-03,-112.158447679E-03,+46.255888324E-03
+106.490000E-06,-26.119256164E-03,-110.548837032E-03,+46.293576766E-03
+106.492000E-06,-26.076503338E-03,-107.094063176E-03,+46.315169102E-03
+106.494000E-06,-26.035163828E-03,-108.566268043E-03,+46.279051011E-03
+106.496000E-06,-26.004070864E-03,-112.825847187E-03,+46.257066087E-03
+106.498000E-06,-25.963261348E-03,-112.570664926E-03,+46.271199254E-03
+106.500000E-06,-25.910968634E-03,-107.643686250E-03,+46.298287821E-03
+106.502000E-06,-25.856025953E-03,-104.895570761E-03,+46.307317343E-03
+106.504000E-06,-25.804616563E-03,-107.211839680E-03,+46.275125132E-03
+106.506000E-06,-25.758683774E-03,-110.882536892E-03,+46.253925384E-03
+106.508000E-06,-25.713457644E-03,-111.078830783E-03,+46.273554781E-03
+106.510000E-06,-25.671941470E-03,-109.115891070E-03,+46.312420987E-03
+106.512000E-06,-25.624772029E-03,-109.253296898E-03,+46.314776514E-03
+106.514000E-06,-25.575482614E-03,-109.999213981E-03,+46.273162192E-03
+106.516000E-06,-25.528489838E-03,-110.234766730E-03,+46.242540333E-03
+106.518000E-06,-25.483087044E-03,-109.429961442E-03,+46.277480661E-03
+106.520000E-06,-25.434150957E-03,-107.663315715E-03,+46.313206163E-03
+106.522000E-06,-25.372318357E-03,-107.290357208E-03,+46.298287820E-03
+106.524000E-06,-25.316139024E-03,-106.995916254E-03,+46.268058549E-03
+106.526000E-06,-25.262256330E-03,-107.643686368E-03,+46.258636439E-03
+106.528000E-06,-25.204840344E-03,-109.115891141E-03,+46.290828651E-03
+106.530000E-06,-25.146894365E-03,-109.999213981E-03,+46.309280283E-03
+106.532000E-06,-25.091421690E-03,-109.822549389E-03,+46.281013951E-03
+106.534000E-06,-25.037538995E-03,-108.958855919E-03,+46.246466213E-03
+106.536000E-06,-24.971466446E-03,-107.329615972E-03,+46.247643977E-03
+106.538000E-06,-24.902390598E-03,-106.014446397E-03,+46.292399003E-03
+106.540000E-06,-24.829428130E-03,-107.368874831E-03,+46.312420987E-03
+106.542000E-06,-24.758408973E-03,-109.233667527E-03,+46.281406539E-03
+106.544000E-06,-24.695163057E-03,-108.919597132E-03,+46.249214328E-03
+106.546000E-06,-24.631740476E-03,-107.329615972E-03,+46.248036565E-03
+106.548000E-06,-24.560721318E-03,-107.938127323E-03,+46.286902771E-03
+106.550000E-06,-24.484932217E-03,-110.254396171E-03,+46.322628273E-03
+106.552000E-06,-24.411086426E-03,-110.980683814E-03,+46.299465584E-03
+106.554000E-06,-24.353670441E-03,-109.665514191E-03,+46.254317971E-03
+106.556000E-06,-24.287421227E-03,-108.644785571E-03,+46.240184806E-03
+106.558000E-06,-24.215872076E-03,-108.527009208E-03,+46.271984430E-03
+106.560000E-06,-24.131426410E-03,-109.076632330E-03,+46.309672872E-03
+106.562000E-06,-24.045214100E-03,-107.918497881E-03,+46.292399001E-03
+106.564000E-06,-23.971368309E-03,-106.230369753E-03,+46.259029027E-03
+106.566000E-06,-23.914128989E-03,-106.838881103E-03,+46.246466213E-03
+106.568000E-06,-23.839223210E-03,-108.742932611E-03,+46.267273374E-03
+106.570000E-06,-23.754070887E-03,-109.822549413E-03,+46.311635811E-03
+106.572000E-06,-23.671568532E-03,-109.940325776E-03,+46.317524630E-03
+106.574000E-06,-23.600726039E-03,-109.115891094E-03,+46.262562317E-03
+106.576000E-06,-23.535183484E-03,-108.860708950E-03,+46.224481288E-03
+106.578000E-06,-23.467697618E-03,-108.566267996E-03,+46.247643978E-03
+106.580000E-06,-23.376362034E-03,-108.389603428E-03,+46.301035937E-03
+106.582000E-06,-23.275486564E-03,-106.858510450E-03,+46.321843097E-03
+106.584000E-06,-23.197224159E-03,-106.092963996E-03,+46.293576765E-03
+106.586000E-06,-23.137158205E-03,-108.075533127E-03,+46.250784680E-03
+106.588000E-06,-23.074265618E-03,-110.431060740E-03,+46.245288449E-03
+106.590000E-06,-22.982223376E-03,-109.076632282E-03,+46.300250762E-03
+106.592000E-06,-22.888591153E-03,-106.642587070E-03,+46.335583675E-03
+106.594000E-06,-22.805205476E-03,-108.114791914E-03,+46.298287820E-03
+106.596000E-06,-22.739309591E-03,-111.255495422E-03,+46.234688574E-03
+106.598000E-06,-22.673237042E-03,-110.568466449E-03,+46.234688575E-03
+106.600000E-06,-22.584551427E-03,-107.525909910E-03,+46.279836189E-03
+106.602000E-06,-22.479082678E-03,-105.602229056E-03,+46.324591213E-03
+106.604000E-06,-22.379090531E-03,-106.622957748E-03,+46.302606287E-03
+106.606000E-06,-22.299944803E-03,-108.723303217E-03,+46.249214328E-03
+106.608000E-06,-22.226099013E-03,-109.685143633E-03,+46.228407168E-03
+106.610000E-06,-22.131583467E-03,-109.783290602E-03,+46.286902772E-03
+106.612000E-06,-22.022934755E-03,-109.508479041E-03,+46.342257671E-03
+106.614000E-06,-21.918879323E-03,-110.018843375E-03,+46.310458046E-03
+106.616000E-06,-21.826837082E-03,-110.097360950E-03,+46.233510810E-03
+106.618000E-06,-21.740094778E-03,-108.860708927E-03,+46.223303525E-03
+106.620000E-06,-21.636569339E-03,-107.997015480E-03,+46.270021490E-03
+106.622000E-06,-21.516967424E-03,-107.624056950E-03,+46.315169103E-03
+106.624000E-06,-21.402842111E-03,-106.897769261E-03,+46.309672871E-03
+106.626000E-06,-21.304616610E-03,-107.486651194E-03,+46.258636438E-03
+106.628000E-06,-21.208511083E-03,-108.958855967E-03,+46.243325510E-03
+106.630000E-06,-21.098802385E-03,-109.567367246E-03,+46.280621364E-03
+106.632000E-06,-20.988387028E-03,-109.076632306E-03,+46.316346866E-03
+106.634000E-06,-20.881858291E-03,-108.448491609E-03,+46.298680408E-03
+106.636000E-06,-20.775859549E-03,-107.133322010E-03,+46.262562318E-03
+106.638000E-06,-20.677280718E-03,-105.994817003E-03,+46.255103148E-03
+106.640000E-06,-20.568632007E-03,-106.407034368E-03,+46.279443600E-03
+106.642000E-06,-20.449736751E-03,-107.997015528E-03,+46.304961816E-03
+106.644000E-06,-20.333314798E-03,-108.487750420E-03,+46.299858172E-03
+106.646000E-06,-20.221132796E-03,-107.565168745E-03,+46.254710559E-03
+106.648000E-06,-20.109480787E-03,-108.801820793E-03,+46.264917847E-03
+106.650000E-06,-19.995355474E-03,-109.822549413E-03,+46.297502646E-03
+106.652000E-06,-19.875930224E-03,-109.115891093E-03,+46.299072997E-03
+106.654000E-06,-19.755798316E-03,-108.311085829E-03,+46.273947368E-03
+106.656000E-06,-19.639376364E-03,-108.899967762E-03,+46.253925384E-03
+106.658000E-06,-19.517301145E-03,-109.547737852E-03,+46.281799128E-03
+106.660000E-06,-19.396815908E-03,-108.664414965E-03,+46.305354404E-03
+106.662000E-06,-19.271737391E-03,-106.878139843E-03,+46.288865710E-03
+106.664000E-06,-19.145952217E-03,-106.505181337E-03,+46.266880785E-03
+106.666000E-06,-19.021403694E-03,-107.859609747E-03,+46.272377017E-03
+106.668000E-06,-18.906925052E-03,-109.979584611E-03,+46.298287821E-03
+106.670000E-06,-18.791386423E-03,-110.116990344E-03,+46.312813575E-03
+106.672000E-06,-18.674257812E-03,-108.860708926E-03,+46.289650886E-03
+106.674000E-06,-18.547059321E-03,-108.821450163E-03,+46.253140207E-03
+106.676000E-06,-18.428340730E-03,-109.253296898E-03,+46.242932922E-03
+106.678000E-06,-18.325875279E-03,-109.724402420E-03,+46.286117596E-03
+106.680000E-06,-18.216873238E-03,-109.096261700E-03,+46.311635811E-03
+106.682000E-06,-18.095504678E-03,-107.624056927E-03,+46.281406539E-03
+106.684000E-06,-17.970072832E-03,-107.427762989E-03,+46.254710559E-03
+106.686000E-06,-17.856654178E-03,-108.664415012E-03,+46.270806666E-03
+106.688000E-06,-17.749948777E-03,-110.627354702E-03,+46.301035937E-03
+106.690000E-06,-17.636530123E-03,-109.233667456E-03,+46.315954278E-03
+106.692000E-06,-17.515868220E-03,-106.662216464E-03,+46.273554780E-03
+106.694000E-06,-17.389376388E-03,-107.977386134E-03,+46.237044102E-03
+106.696000E-06,-17.275781069E-03,-110.823648687E-03,+46.268451138E-03
+106.698000E-06,-17.172785624E-03,-110.372172487E-03,+46.312028399E-03
+106.700000E-06,-17.058660311E-03,-106.956657395E-03,+46.309280283E-03
+106.702000E-06,-16.936585092E-03,-105.111494139E-03,+46.266880785E-03
+106.704000E-06,-16.812389899E-03,-106.976286908E-03,+46.236258926E-03
+106.706000E-06,-16.692964649E-03,-109.331814520E-03,+46.265703023E-03
+106.708000E-06,-16.579192665E-03,-109.901066988E-03,+46.314383927E-03
+106.710000E-06,-16.471073948E-03,-109.115891093E-03,+46.312420986E-03
+106.712000E-06,-16.353768673E-03,-108.998114731E-03,+46.270021488E-03
+106.714000E-06,-16.230103473E-03,-109.685143633E-03,+46.228407167E-03
+106.716000E-06,-16.103258311E-03,-109.508479041E-03,+46.250784681E-03
+106.718000E-06,-15.983479732E-03,-108.644785571E-03,+46.306924756E-03
+106.720000E-06,-15.864761140E-03,-108.252197647E-03,+46.314383926E-03
+106.722000E-06,-15.734912680E-03,-107.388504177E-03,+46.267665961E-03
+106.724000E-06,-15.603474239E-03,-106.858510473E-03,+46.233510811E-03
+106.726000E-06,-15.475745755E-03,-107.624056974E-03,+46.259814204E-03
+106.728000E-06,-15.352257220E-03,-108.841079580E-03,+46.310850636E-03
+106.730000E-06,-15.223115418E-03,-109.959955193E-03,+46.320272745E-03
+106.732000E-06,-15.096800250E-03,-110.921795632E-03,+46.271199252E-03
+106.734000E-06,-14.973488380E-03,-110.215137313E-03,+46.222910936E-03
+106.736000E-06,-14.851766490E-03,-108.311085805E-03,+46.228014581E-03
+106.738000E-06,-14.721564701E-03,-107.231469003E-03,+46.292791591E-03
+106.740000E-06,-14.585179652E-03,-108.212938884E-03,+46.323806037E-03
+106.742000E-06,-14.455507857E-03,-110.018843399E-03,+46.291221237E-03
+106.744000E-06,-14.328132702E-03,-109.292555661E-03,+46.242147745E-03
+106.746000E-06,-14.199697559E-03,-107.368874760E-03,+46.235866339E-03
+106.748000E-06,-14.063665839E-03,-108.487750444E-03,+46.282584304E-03
+106.750000E-06,-13.921627524E-03,-111.157348430E-03,+46.335976264E-03
+106.752000E-06,-13.791249070E-03,-111.510677518E-03,+46.328909679E-03
+106.754000E-06,-13.673767131E-03,-109.724402372E-03,+46.255495734E-03
+106.756000E-06,-13.544272000E-03,-108.369974010E-03,+46.212311062E-03
+106.758000E-06,-13.407886951E-03,-108.350344640E-03,+46.270806667E-03
+106.760000E-06,-13.260902028E-03,-108.644785595E-03,+46.340294731E-03
+106.762000E-06,-13.119923701E-03,-107.997015480E-03,+46.324198624E-03
+106.764000E-06,-12.984951968E-03,-106.524810707E-03,+46.251962443E-03
+106.766000E-06,-12.855633503E-03,-107.152951452E-03,+46.214666590E-03
+106.768000E-06,-12.713418523E-03,-109.469220301E-03,+46.262954908E-03
+106.770000E-06,-12.569260233E-03,-110.607725284E-03,+46.352857546E-03
+106.772000E-06,-12.436231811E-03,-110.175878525E-03,+46.348146488E-03
+106.774000E-06,-12.308503326E-03,-108.998114707E-03,+46.257851261E-03
+106.776000E-06,-12.177594879E-03,-108.428862215E-03,+46.190326137E-03
+106.778000E-06,-12.041209830E-03,-109.194408716E-03,+46.251177270E-03
+106.780000E-06,-11.909064731E-03,-108.625156177E-03,+46.348931666E-03
+106.782000E-06,-11.776389638E-03,-106.878139843E-03,+46.353250132E-03
+106.784000E-06,-11.649721141E-03,-106.230369776E-03,+46.269628900E-03
+106.786000E-06,-11.518989359E-03,-108.095162521E-03,+46.202888951E-03
+106.788000E-06,-11.388787570E-03,-110.843278081E-03,+46.249999506E-03
+106.790000E-06,-11.261235750E-03,-109.547737804E-03,+46.340294732E-03
+106.792000E-06,-11.126617346E-03,-106.564069471E-03,+46.360316715E-03
+106.794000E-06,-10.990938956E-03,-107.408133619E-03,+46.273554779E-03
+106.796000E-06,-10.861443825E-03,-110.745131112E-03,+46.206029655E-03
+106.798000E-06,-10.729122062E-03,-110.646984048E-03,+46.250392094E-03
+106.800000E-06,-10.598743608E-03,-107.682945084E-03,+46.334798500E-03
+106.802000E-06,-10.462535224E-03,-105.896670010E-03,+46.340294730E-03
+106.804000E-06,-10.319260257E-03,-106.937028096E-03,+46.265310433E-03
+106.806000E-06,-10.171392011E-03,-109.174779347E-03,+46.213488826E-03
+106.808000E-06,-10.039070248E-03,-110.431060716E-03,+46.257066089E-03
+106.810000E-06,-9.913991731E-03,-109.057002888E-03,+46.335583676E-03
+106.812000E-06,-9.780963309E-03,-107.467021752E-03,+46.337546614E-03
+106.814000E-06,-9.638041671E-03,-108.369974058E-03,+46.256673498E-03
+106.816000E-06,-9.492646729E-03,-110.862907475E-03,+46.201318600E-03
+106.818000E-06,-9.358204991E-03,-110.234766706E-03,+46.252747621E-03
+106.820000E-06,-9.236483102E-03,-107.486651122E-03,+46.326946741E-03
+106.822000E-06,-9.102748021E-03,-106.014446397E-03,+46.325376388E-03
+106.824000E-06,-8.960886371E-03,-106.956657490E-03,+46.257851262E-03
+106.826000E-06,-8.815668093E-03,-108.762562005E-03,+46.223696112E-03
+106.828000E-06,-8.678753051E-03,-109.822549413E-03,+46.272377018E-03
+106.830000E-06,-8.552967877E-03,-110.215137337E-03,+46.334798500E-03
+106.832000E-06,-8.431069323E-03,-109.842178783E-03,+46.320665333E-03
+106.834000E-06,-8.295920926E-03,-109.096261700E-03,+46.246073624E-03
+106.836000E-06,-8.156355915E-03,-107.486651146E-03,+46.213881414E-03
+106.838000E-06,-8.027567443E-03,-106.171481571E-03,+46.262954908E-03
+106.840000E-06,-7.904078908E-03,-106.564069543E-03,+46.317132043E-03
+106.842000E-06,-7.776173758E-03,-108.841079604E-03,+46.312813574E-03
+106.844000E-06,-7.635195430E-03,-109.155149905E-03,+46.259029026E-03
+106.846000E-06,-7.491213805E-03,-107.506280540E-03,+46.232333047E-03
+106.848000E-06,-7.364368643E-03,-107.545539375E-03,+46.265310435E-03
+106.850000E-06,-7.243706741E-03,-109.920696430E-03,+46.306139580E-03
+106.852000E-06,-7.114918269E-03,-110.941425026E-03,+46.313991338E-03
+106.854000E-06,-6.976236580E-03,-109.802919971E-03,+46.273162192E-03
+106.856000E-06,-6.840028196E-03,-108.114791843E-03,+46.237044102E-03
+106.858000E-06,-6.709296414E-03,-107.898868511E-03,+46.246466214E-03
+106.860000E-06,-6.578034638E-03,-108.448491633E-03,+46.292399003E-03
+106.862000E-06,-6.436702981E-03,-107.565168745E-03,+46.317917218E-03
+106.864000E-06,-6.289011399E-03,-106.603328306E-03,+46.298680408E-03
+106.866000E-06,-6.144323116E-03,-107.172580846E-03,+46.270806665E-03
+106.868000E-06,-6.012531346E-03,-109.331814521E-03,+46.253532796E-03
+106.870000E-06,-5.878796266E-03,-110.450690110E-03,+46.276302897E-03
+106.872000E-06,-5.733401324E-03,-109.331814449E-03,+46.310065459E-03
+106.874000E-06,-5.583943096E-03,-108.193309442E-03,+46.308887695E-03
+106.876000E-06,-5.439078148E-03,-108.193309466E-03,+46.269628901E-03
+106.878000E-06,-5.307286379E-03,-108.350344640E-03,+46.244895861E-03
+106.880000E-06,-5.169841342E-03,-108.232568253E-03,+46.266880786E-03
+106.882000E-06,-5.021443102E-03,-107.388504177E-03,+46.322628274E-03
+106.884000E-06,-4.864211634E-03,-106.995916254E-03,+46.332835559E-03
+106.886000E-06,-4.714576743E-03,-108.193309490E-03,+46.281013950E-03
+106.888000E-06,-4.576071719E-03,-109.881437619E-03,+46.229584931E-03
+106.890000E-06,-4.435270056E-03,-109.410332048E-03,+46.259029028E-03
+106.892000E-06,-4.277861923E-03,-108.212938836E-03,+46.324591214E-03
+106.894000E-06,-4.113210543E-03,-109.567367270E-03,+46.319487569E-03
+106.896000E-06,-3.963928981E-03,-111.981783089E-03,+46.262562317E-03
+106.898000E-06,-3.818180710E-03,-110.921795584E-03,+46.227229404E-03
+106.900000E-06,-3.665189191E-03,-107.565168697E-03,+46.256280912E-03
+106.902000E-06,-3.502481121E-03,-105.739634836E-03,+46.329694857E-03
+106.904000E-06,-3.341009703E-03,-106.779992922E-03,+46.334013323E-03
+106.906000E-06,-3.181128266E-03,-109.017744173E-03,+46.259029026E-03
+106.908000E-06,-3.028843406E-03,-109.724402420E-03,+46.209955534E-03
+106.910000E-06,-2.881328490E-03,-109.371073260E-03,+46.253925385E-03
+106.912000E-06,-2.734343567E-03,-108.625156177E-03,+46.343435435E-03
+106.914000E-06,-2.577465427E-03,-109.076632330E-03,+46.333228146E-03
+106.916000E-06,-2.419173972E-03,-109.704773027E-03,+46.239399628E-03
+106.918000E-06,-2.268302428E-03,-109.233667480E-03,+46.196214957E-03
+106.920000E-06,-2.123437480E-03,-108.193309442E-03,+46.263347496E-03
+106.922000E-06,-1.975569234E-03,-107.368874783E-03,+46.353250133E-03
+106.924000E-06,-1.816041126E-03,-107.408133595E-03,+46.334405910E-03
+106.926000E-06,-1.653686386E-03,-107.977386110E-03,+46.231155282E-03
+106.928000E-06,-1.497338241E-03,-109.429961490E-03,+46.184044731E-03
+106.930000E-06,-1.348056678E-03,-110.588095891E-03,+46.275517723E-03
+106.932000E-06,-1.199658439E-03,-110.450690086E-03,+46.366205535E-03
+106.934000E-06,-1.041366983E-03,-109.312185055E-03,+46.324983799E-03
+106.936000E-06,-874.242299E-06,-107.643686320E-03,+46.210348121E-03
+106.938000E-06,-713.477539E-06,-106.328516745E-03,+46.184044731E-03
+106.940000E-06,-559.956027E-06,-107.820350960E-03,+46.275910310E-03
+106.942000E-06,-407.317838E-06,-110.116990392E-03,+46.357961188E-03
+106.944000E-06,-247.259736E-06,-109.861808177E-03,+46.334798498E-03
+106.946000E-06,-79.958387E-06,-108.271827017E-03,+46.217414704E-03
+106.948000E-06,+85.752980E-06,-108.605526807E-03,+46.190326138E-03
+106.950000E-06,+238.744498E-06,-110.745131089E-03,+46.293184180E-03
+106.952000E-06,+397.389283E-06,-110.902166215E-03,+46.382301641E-03
+106.954000E-06,+558.330707E-06,-109.096261675E-03,+46.326946739E-03
+106.956000E-06,+723.158752E-06,-108.016644874E-03,+46.210348121E-03
+106.958000E-06,+892.226747E-06,-108.036274292E-03,+46.192289078E-03
+106.960000E-06,+1.055641475E-03,-108.880338368E-03,+46.290828652E-03
+106.962000E-06,+1.221882836E-03,-107.898868487E-03,+46.354427897E-03
+106.964000E-06,+1.391127495E-03,-107.054804435E-03,+46.303784051E-03
+106.966000E-06,+1.553305571E-03,-107.506280588E-03,+46.207600006E-03
+106.968000E-06,+1.711950356E-03,-109.920696430E-03,+46.203281541E-03
+106.970000E-06,+1.866531855E-03,-110.666613466E-03,+46.311635813E-03
+106.972000E-06,+2.019346709E-03,-108.527009160E-03,+46.368168474E-03
+106.974000E-06,+2.180641463E-03,-107.938127299E-03,+46.297110055E-03
+106.976000E-06,+2.335752956E-03,-109.822549438E-03,+46.198177895E-03
+106.978000E-06,+2.487331158E-03,-110.097360950E-03,+46.210348124E-03
+106.980000E-06,+2.642265986E-03,-108.173680024E-03,+46.307317345E-03
+106.982000E-06,+2.807624025E-03,-106.112593365E-03,+46.359138952E-03
+106.984000E-06,+2.979341988E-03,-106.544440149E-03,+46.293184176E-03
+106.986000E-06,+3.138163437E-03,-109.665514288E-03,+46.211525885E-03
+106.988000E-06,+3.280201752E-03,-111.746230315E-03,+46.234295988E-03
+106.990000E-06,+3.425066700E-03,-108.821450090E-03,+46.332442973E-03
+106.992000E-06,+3.586714783E-03,-106.308887327E-03,+46.367775886E-03
+106.994000E-06,+3.753132809E-03,-108.212938908E-03,+46.280228774E-03
+106.996000E-06,+3.912484252E-03,-111.412530598E-03,+46.195822368E-03
+106.998000E-06,+4.063355795E-03,-110.725501623E-03,+46.229584933E-03
+107.000000E-06,+4.218113960E-03,-106.721104620E-03,+46.323806038E-03
+107.002000E-06,+4.390891910E-03,-105.209641132E-03,+46.355605660E-03
+107.004000E-06,+4.569853121E-03,-107.133322083E-03,+46.289650885E-03
+107.006000E-06,+4.733267849E-03,-109.076632354E-03,+46.208385182E-03
+107.008000E-06,+4.872126201E-03,-109.999213981E-03,+46.231155284E-03
+107.010000E-06,+5.018934460E-03,-109.410332048E-03,+46.329302270E-03
+107.012000E-06,+5.180935872E-03,-109.449590859E-03,+46.367383298E-03
+107.014000E-06,+5.357247114E-03,-110.018843375E-03,+46.291221236E-03
+107.016000E-06,+5.522958481E-03,-109.959955170E-03,+46.213881413E-03
+107.018000E-06,+5.664643466E-03,-109.115891093E-03,+46.226444229E-03
+107.020000E-06,+5.809331750E-03,-108.448491609E-03,+46.312028400E-03
+107.022000E-06,+5.974689789E-03,-107.545539351E-03,+46.362279655E-03
+107.024000E-06,+6.150294373E-03,-107.290357208E-03,+46.307317342E-03
+107.026000E-06,+6.317065727E-03,-107.820350936E-03,+46.218985056E-03
+107.028000E-06,+6.460164029E-03,-109.135520535E-03,+46.207600008E-03
+107.030000E-06,+6.613685542E-03,-110.548837103E-03,+46.295539707E-03
+107.032000E-06,+6.785226841E-03,-110.038472745E-03,+46.371309178E-03
+107.034000E-06,+6.961538083E-03,-109.390702654E-03,+46.322628271E-03
+107.036000E-06,+7.129546089E-03,-107.938127274E-03,+46.212703649E-03
+107.038000E-06,+7.282714272E-03,-106.505181313E-03,+46.195429782E-03
+107.040000E-06,+7.435175797E-03,-107.152951452E-03,+46.282976893E-03
+107.042000E-06,+7.597707202E-03,-109.331814521E-03,+46.369738827E-03
+107.044000E-06,+7.776491749E-03,-109.488849647E-03,+46.336368849E-03
+107.046000E-06,+7.951213009E-03,-107.270727766E-03,+46.222910935E-03
+107.048000E-06,+8.102791211E-03,-107.368874807E-03,+46.185615083E-03
+107.050000E-06,+8.249952798E-03,-109.626255476E-03,+46.264917848E-03
+107.052000E-06,+8.411777545E-03,-110.764760459E-03,+46.370131415E-03
+107.054000E-06,+8.579432223E-03,-110.195507919E-03,+46.347753900E-03
+107.056000E-06,+8.735250375E-03,-108.311085804E-03,+46.229977517E-03
+107.058000E-06,+8.886828577E-03,-107.918497905E-03,+46.191896490E-03
+107.060000E-06,+9.040526753E-03,-108.448491633E-03,+46.268451139E-03
+107.062000E-06,+9.204471475E-03,-107.977386086E-03,+46.359531540E-03
+107.064000E-06,+9.373539470E-03,-106.524810707E-03,+46.346183548E-03
+107.066000E-06,+9.529534286E-03,-107.015545672E-03,+46.229977517E-03
+107.068000E-06,+9.672455923E-03,-109.449590908E-03,+46.183652143E-03
+107.070000E-06,+9.813787580E-03,-110.745131065E-03,+46.272769607E-03
+107.072000E-06,+9.965012453E-03,-109.783290577E-03,+46.371309179E-03
+107.074000E-06,+10.121360599E-03,-108.939226525E-03,+46.339509553E-03
+107.076000E-06,+10.279475390E-03,-108.154050654E-03,+46.209562945E-03
+107.078000E-06,+10.422927021E-03,-108.605526807E-03,+46.183652143E-03
+107.080000E-06,+10.560548722E-03,-107.997015480E-03,+46.278658426E-03
+107.082000E-06,+10.700113733E-03,-106.524810707E-03,+46.380338701E-03
+107.084000E-06,+10.859818505E-03,-105.778893647E-03,+46.340687317E-03
+107.086000E-06,+11.009983390E-03,-107.761462780E-03,+46.206814829E-03
+107.088000E-06,+11.144778458E-03,-110.254396173E-03,+46.183259555E-03
+107.090000E-06,+11.280103519E-03,-109.194408668E-03,+46.308887698E-03
+107.092000E-06,+11.426911778E-03,-106.799622243E-03,+46.398397746E-03
+107.094000E-06,+11.580256626E-03,-107.722203968E-03,+46.323413447E-03
+107.096000E-06,+11.733071480E-03,-110.509578340E-03,+46.195822367E-03
+107.098000E-06,+11.875816453E-03,-110.058102138E-03,+46.193074254E-03
+107.100000E-06,+12.018384761E-03,-106.917398605E-03,+46.304961818E-03
+107.102000E-06,+12.164839691E-03,-105.111494139E-03,+46.383871992E-03
+107.104000E-06,+12.325427786E-03,-106.151852226E-03,+46.310458045E-03
+107.106000E-06,+12.481775931E-03,-108.664415037E-03,+46.191503900E-03
+107.108000E-06,+12.623637582E-03,-109.410332072E-03,+46.189933551E-03
+107.110000E-06,+12.756136010E-03,-109.194408692E-03,+46.321057924E-03
+107.112000E-06,+12.892521059E-03,-108.605526783E-03,+46.394471866E-03
+107.114000E-06,+13.044452590E-03,-109.076632330E-03,+46.308887693E-03
+107.116000E-06,+13.198504096E-03,-109.155149905E-03,+46.182866965E-03
+107.118000E-06,+13.336479125E-03,-108.193309442E-03,+46.197000134E-03
+107.120000E-06,+13.462264300E-03,-107.368874783E-03,+46.311243225E-03
+107.122000E-06,+13.597766026E-03,-106.858510473E-03,+46.370916590E-03
+107.124000E-06,+13.743514297E-03,-106.524810731E-03,+46.297502643E-03
+107.126000E-06,+13.894209176E-03,-107.584798187E-03,+46.198177895E-03
+107.128000E-06,+14.033067529E-03,-109.802920044E-03,+46.213096239E-03
+107.130000E-06,+14.161502672E-03,-110.234766730E-03,+46.329694858E-03
+107.132000E-06,+14.291174467E-03,-108.193309417E-03,+46.365027770E-03
+107.134000E-06,+14.434802763E-03,-107.761462731E-03,+46.290828648E-03
+107.136000E-06,+14.580374370E-03,-108.703673800E-03,+46.211133298E-03
+107.138000E-06,+14.713579456E-03,-108.154050654E-03,+46.234295988E-03
+107.140000E-06,+14.836361333E-03,-107.094063222E-03,+46.315954280E-03
+107.142000E-06,+14.961616514E-03,-108.330715271E-03,+46.351679780E-03
+107.144000E-06,+15.094821600E-03,-108.939226549E-03,+46.294754528E-03
+107.146000E-06,+15.232796630E-03,-108.860708950E-03,+46.214666589E-03
+107.148000E-06,+15.355225178E-03,-108.841079556E-03,+46.237436691E-03
+107.150000E-06,+15.474120434E-03,-109.390702678E-03,+46.319094983E-03
+107.152000E-06,+15.592839025E-03,-110.293654936E-03,+46.341079906E-03
+107.154000E-06,+15.717740877E-03,-109.724402396E-03,+46.282191714E-03
+107.156000E-06,+15.838579444E-03,-108.939226525E-03,+46.226836815E-03
+107.158000E-06,+15.953764744E-03,-108.841079556E-03,+46.255888324E-03
+107.160000E-06,+16.069480038E-03,-108.841079556E-03,+46.310458048E-03
+107.162000E-06,+16.189081953E-03,-107.741833313E-03,+46.312028398E-03
+107.164000E-06,+16.306740557E-03,-106.760363480E-03,+46.275517720E-03
+107.166000E-06,+16.421572528E-03,-107.329616020E-03,+46.231940459E-03
+107.168000E-06,+16.527394606E-03,-109.488849696E-03,+46.251177269E-03
+107.170000E-06,+16.636926640E-03,-110.882536845E-03,+46.312420988E-03
+107.172000E-06,+16.747165332E-03,-110.077731532E-03,+46.331657795E-03
+107.174000E-06,+16.854930720E-03,-108.841079532E-03,+46.289258297E-03
+107.176000E-06,+16.963579431E-03,-108.684044382E-03,+46.239007041E-03
+107.178000E-06,+17.063748243E-03,-108.821450163E-03,+46.238221867E-03
+107.180000E-06,+17.161443751E-03,-108.841079556E-03,+46.293969355E-03
+107.182000E-06,+17.263909202E-03,-107.741833313E-03,+46.326554153E-03
+107.184000E-06,+17.370791268E-03,-106.622957699E-03,+46.294361941E-03
+107.186000E-06,+17.472020067E-03,-108.271827090E-03,+46.237044102E-03
+107.188000E-06,+17.564945631E-03,-111.000313257E-03,+46.232333048E-03
+107.190000E-06,+17.662994468E-03,-109.292555636E-03,+46.298680410E-03
+107.192000E-06,+17.764399932E-03,-106.937028023E-03,+46.349324253E-03
+107.194000E-06,+17.863685420E-03,-108.016644923E-03,+46.313991337E-03
+107.196000E-06,+17.947777756E-03,-110.823648689E-03,+46.228407166E-03
+107.198000E-06,+18.034696725E-03,-110.509578267E-03,+46.217022118E-03
+107.200000E-06,+18.137162176E-03,-107.113692567E-03,+46.285725008E-03
+107.202000E-06,+18.244220906E-03,-105.405935093E-03,+46.353250133E-03
+107.204000E-06,+18.345449705E-03,-106.465922574E-03,+46.331265207E-03
+107.206000E-06,+18.433428662E-03,-108.428862264E-03,+46.241755156E-03
+107.208000E-06,+18.510984408E-03,-108.821450163E-03,+46.210348123E-03
+107.210000E-06,+18.599670023E-03,-108.703673776E-03,+46.279051013E-03
+107.212000E-06,+18.698778847E-03,-109.783290626E-03,+46.360709304E-03
+107.214000E-06,+18.801597628E-03,-110.489948898E-03,+46.332442970E-03
+107.216000E-06,+18.888693261E-03,-110.018843351E-03,+46.222518347E-03
+107.218000E-06,+18.972255603E-03,-108.703673751E-03,+46.182866967E-03
+107.220000E-06,+19.064297845E-03,-107.290357184E-03,+46.267273376E-03
+107.222000E-06,+19.166233302E-03,-106.838881079E-03,+46.365027772E-03
+107.224000E-06,+19.264458804E-03,-107.624056975E-03,+46.352464955E-03
+107.226000E-06,+19.354557735E-03,-108.016644898E-03,+46.239007040E-03
+107.228000E-06,+19.441123374E-03,-109.155149929E-03,+46.184829907E-03
+107.230000E-06,+19.534755597E-03,-110.548837103E-03,+46.267273376E-03
+107.232000E-06,+19.626974503E-03,-110.038472744E-03,+46.373272118E-03
+107.234000E-06,+19.723786688E-03,-108.978485312E-03,+46.350894603E-03
+107.236000E-06,+19.822542183E-03,-107.604427532E-03,+46.230370105E-03
+107.238000E-06,+19.905397867E-03,-106.465922525E-03,+46.175407796E-03
+107.240000E-06,+19.985956911E-03,-107.565168794E-03,+46.268843728E-03
+107.242000E-06,+20.075172520E-03,-109.253296923E-03,+46.381909053E-03
+107.244000E-06,+20.182937908E-03,-108.782191351E-03,+46.365812945E-03
+107.246000E-06,+20.286993340E-03,-107.035175016E-03,+46.237829276E-03
+107.248000E-06,+20.377798930E-03,-107.761462755E-03,+46.181689203E-03
+107.250000E-06,+20.455708005E-03,-109.959955219E-03,+46.272377019E-03
+107.252000E-06,+20.535737056E-03,-110.666613466E-03,+46.387797872E-03
+107.254000E-06,+20.623716012E-03,-109.626255403E-03,+46.347361311E-03
+107.256000E-06,+20.717701564E-03,-108.232568229E-03,+46.213096236E-03
+107.258000E-06,+20.802500558E-03,-108.330715246E-03,+46.175800384E-03
+107.260000E-06,+20.875993019E-03,-108.782191375E-03,+46.258243853E-03
+107.262000E-06,+20.961675337E-03,-107.741833312E-03,+46.350109430E-03
+107.264000E-06,+21.051774268E-03,-106.210740358E-03,+46.334013322E-03
+107.266000E-06,+21.142226528E-03,-106.838881104E-03,+46.236651513E-03
+107.268000E-06,+21.221548920E-03,-109.155149954E-03,+46.195822369E-03
+107.270000E-06,+21.291861420E-03,-110.431060717E-03,+46.263347496E-03
+107.272000E-06,+21.358640627E-03,-109.331814448E-03,+46.355998249E-03
+107.274000E-06,+21.442379634E-03,-108.605526783E-03,+46.329302267E-03
+107.276000E-06,+21.531065249E-03,-108.939226550E-03,+46.233118221E-03
+107.278000E-06,+21.605264368E-03,-109.685143633E-03,+46.200926012E-03
+107.280000E-06,+21.666213645E-03,-109.233667480E-03,+46.264132672E-03
+107.282000E-06,+21.730519549E-03,-107.781092100E-03,+46.342257671E-03
+107.284000E-06,+21.810371936E-03,-106.485551919E-03,+46.335583674E-03
+107.286000E-06,+21.889870992E-03,-108.389603477E-03,+46.253532794E-03
+107.288000E-06,+21.956650200E-03,-111.706971553E-03,+46.214666590E-03
+107.290000E-06,+22.013006198E-03,-109.665514166E-03,+46.262954908E-03
+107.292000E-06,+22.078018760E-03,-105.190011664E-03,+46.333620736E-03
+107.294000E-06,+22.149391247E-03,-106.524810780E-03,+46.320665333E-03
+107.296000E-06,+22.218997088E-03,-111.196607268E-03,+46.262562317E-03
+107.298000E-06,+22.287012948E-03,-111.824747866E-03,+46.235473751E-03
+107.300000E-06,+22.346195579E-03,-106.878139768E-03,+46.257458676E-03
+107.302000E-06,+22.407851514E-03,-104.110394888E-03,+46.307709932E-03
+107.304000E-06,+22.484877267E-03,-106.426663812E-03,+46.322628273E-03
+107.306000E-06,+22.552893127E-03,-109.822549463E-03,+46.285332418E-03
+107.308000E-06,+22.605715833E-03,-110.391801905E-03,+46.252355032E-03
+107.310000E-06,+22.654121926E-03,-108.350344591E-03,+46.248429153E-03
+107.312000E-06,+22.713304557E-03,-107.781092124E-03,+46.300643350E-03
+107.314000E-06,+22.785207038E-03,-108.978485362E-03,+46.324591213E-03
+107.316000E-06,+22.854989543E-03,-109.567367246E-03,+46.293969353E-03
+107.318000E-06,+22.909402231E-03,-108.389603403E-03,+46.259029026E-03
+107.320000E-06,+22.962931596E-03,-107.663315738E-03,+46.243718097E-03
+107.322000E-06,+23.031477450E-03,-107.584798163E-03,+46.272377018E-03
+107.324000E-06,+23.112036494E-03,-107.584798163E-03,+46.317917218E-03
+107.326000E-06,+23.180405683E-03,-108.134421285E-03,+46.310065458E-03
+107.328000E-06,+23.235701694E-03,-109.312185104E-03,+46.255888323E-03
+107.330000E-06,+23.286934419E-03,-110.018843375E-03,+46.229192344E-03
+107.332000E-06,+23.336577164E-03,-109.822549389E-03,+46.264917847E-03
+107.334000E-06,+23.405829676E-03,-108.958855919E-03,+46.328124505E-03
+107.336000E-06,+23.472962213E-03,-107.604427532E-03,+46.319880157E-03
+107.338000E-06,+23.528258223E-03,-106.740734086E-03,+46.265310433E-03
+107.340000E-06,+23.573307689E-03,-107.467021801E-03,+46.219377645E-03
+107.342000E-06,+23.614647198E-03,-109.371073310E-03,+46.260599380E-03
+107.344000E-06,+23.671709855E-03,-108.664414964E-03,+46.330480033E-03
+107.346000E-06,+23.739725715E-03,-107.152951403E-03,+46.328517092E-03
+107.348000E-06,+23.794138402E-03,-108.330715271E-03,+46.255495734E-03
+107.350000E-06,+23.837774551E-03,-110.038472794E-03,+46.223303525E-03
+107.352000E-06,+23.883884004E-03,-110.254396124E-03,+46.275125134E-03
+107.354000E-06,+23.925576843E-03,-109.155149880E-03,+46.343435435E-03
+107.356000E-06,+23.978929544E-03,-107.486651145E-03,+46.324591212E-03
+107.358000E-06,+24.031575586E-03,-108.095162498E-03,+46.240969980E-03
+107.360000E-06,+24.078921691E-03,-108.487750421E-03,+46.210348123E-03
+107.362000E-06,+24.125561137E-03,-107.702574525E-03,+46.268058551E-03
+107.364000E-06,+24.170963932E-03,-106.760363480E-03,+46.348146490E-03
+107.366000E-06,+24.218663366E-03,-106.917398679E-03,+46.325376388E-03
+107.368000E-06,+24.270426086E-03,-108.468121052E-03,+46.240969980E-03
+107.370000E-06,+24.319008843E-03,-109.920696407E-03,+46.215844354E-03
+107.372000E-06,+24.354695086E-03,-109.959955170E-03,+46.282584305E-03
+107.374000E-06,+24.386141379E-03,-109.940325776E-03,+46.336368851E-03
+107.376000E-06,+24.428364212E-03,-109.390702654E-03,+46.309672870E-03
+107.378000E-06,+24.472177026E-03,-109.037373518E-03,+46.239007041E-03
+107.380000E-06,+24.523409751E-03,-108.448491609E-03,+46.218592470E-03
+107.382000E-06,+24.567045900E-03,-107.545539351E-03,+46.282976893E-03
+107.384000E-06,+24.598315529E-03,-106.603328306E-03,+46.344613198E-03
+107.386000E-06,+24.623048569E-03,-108.134421310E-03,+46.319094981E-03
+107.388000E-06,+24.665624731E-03,-110.568466522E-03,+46.251177267E-03
+107.390000E-06,+24.723217381E-03,-108.821450113E-03,+46.231155284E-03
+107.392000E-06,+24.776393417E-03,-106.465922500E-03,+46.292791591E-03
+107.394000E-06,+24.812609654E-03,-108.095162522E-03,+46.326554153E-03
+107.396000E-06,+24.842819295E-03,-110.431060742E-03,+46.299858172E-03
+107.398000E-06,+24.883628811E-03,-110.175878525E-03,+46.246073624E-03
+107.400000E-06,+24.940868133E-03,-107.074433779E-03,+46.230762696E-03
+107.402000E-06,+24.994044168E-03,-105.405935093E-03,+46.281799129E-03
+107.404000E-06,+25.047573534E-03,-107.015545697E-03,+46.324983801E-03
+107.406000E-06,+25.088913043E-03,-109.194408742E-03,+46.305354403E-03
+107.408000E-06,+25.119829343E-03,-109.469220253E-03,+46.257851262E-03
+107.410000E-06,+25.165585467E-03,-108.782191351E-03,+46.251569856E-03
+107.412000E-06,+25.216111534E-03,-108.684044382E-03,+46.292791591E-03
+107.414000E-06,+25.255861062E-03,-109.233667504E-03,+46.298680409E-03
+107.416000E-06,+25.285364046E-03,-109.449590860E-03,+46.279443599E-03
+107.418000E-06,+25.311157073E-03,-108.919597131E-03,+46.271199253E-03
+107.420000E-06,+25.342780031E-03,-107.741833312E-03,+46.262169730E-03
+107.422000E-06,+25.382706224E-03,-107.035175041E-03,+46.271984429E-03
+107.424000E-06,+25.418745797E-03,-107.231469027E-03,+46.281799128E-03
+107.426000E-06,+25.441712191E-03,-107.545539376E-03,+46.282976891E-03
+107.428000E-06,+25.448072115E-03,-109.233667529E-03,+46.277480660E-03
+107.430000E-06,+25.453548717E-03,-110.018843375E-03,+46.273947369E-03
+107.432000E-06,+25.470331851E-03,-109.685143608E-03,+46.270806665E-03
+107.434000E-06,+25.496124879E-03,-108.664414964E-03,+46.275910309E-03
+107.436000E-06,+25.515557981E-03,-107.152951403E-03,+46.282191715E-03
+107.438000E-06,+25.519091272E-03,-106.407034344E-03,+46.288473122E-03
+107.440000E-06,+25.520504589E-03,-107.977386136E-03,+46.275517720E-03
+107.442000E-06,+25.533047774E-03,-109.999214007E-03,+46.259814203E-03
+107.444000E-06,+25.557074156E-03,-109.567367222E-03,+46.268843726E-03
+107.446000E-06,+25.580040550E-03,-108.095162448E-03,+46.286902771E-03
+107.448000E-06,+25.585340487E-03,-108.723303194E-03,+46.289258298E-03
+107.450000E-06,+25.579510556E-03,-110.077731581E-03,+46.278265836E-03
+107.452000E-06,+25.576153929E-03,-108.880338319E-03,+46.260206791E-03
+107.454000E-06,+25.583220512E-03,-108.271827041E-03,+46.260599379E-03
+107.456000E-06,+25.596647019E-03,-109.174779323E-03,+46.291221239E-03
+107.458000E-06,+25.603360273E-03,-109.449590860E-03,+46.301035936E-03
+107.460000E-06,+25.604066931E-03,-108.232568228E-03,+46.266095609E-03
+107.462000E-06,+25.601593627E-03,-106.544440100E-03,+46.230762695E-03
+107.464000E-06,+25.606186906E-03,-106.328516769E-03,+46.251177269E-03
+107.466000E-06,+25.609366868E-03,-108.389603477E-03,+46.306924756E-03
+107.468000E-06,+25.602300285E-03,-110.058102188E-03,+46.328124504E-03
+107.470000E-06,+25.588873778E-03,-110.116990344E-03,+46.277873247E-03
+107.472000E-06,+25.583397176E-03,-109.272926267E-03,+46.231940459E-03
+107.474000E-06,+25.586577139E-03,-109.155149905E-03,+46.253925385E-03
+107.476000E-06,+25.584633828E-03,-109.292555685E-03,+46.304569229E-03
+107.478000E-06,+25.569440675E-03,-108.899967737E-03,+46.322235685E-03
+107.480000E-06,+25.550007572E-03,-107.604427532E-03,+46.266095609E-03
+107.482000E-06,+25.547534268E-03,-106.878139867E-03,+46.227621992E-03
+107.484000E-06,+25.557427484E-03,-106.799622292E-03,+46.259029028E-03
+107.486000E-06,+25.556367497E-03,-108.723303219E-03,+46.316346867E-03
+107.488000E-06,+25.542410995E-03,-110.784389878E-03,+46.326554152E-03
+107.490000E-06,+25.526864513E-03,-109.253296848E-03,+46.269236312E-03
+107.492000E-06,+25.523684551E-03,-106.937028023E-03,+46.230762695E-03
+107.494000E-06,+25.533401103E-03,-108.016644923E-03,+46.253925385E-03
+107.496000E-06,+25.528631159E-03,-110.686242909E-03,+46.307317344E-03
+107.498000E-06,+25.507961404E-03,-110.215137312E-03,+46.322628273E-03
+107.500000E-06,+25.494004903E-03,-107.349245339E-03,+46.274339956E-03
+107.502000E-06,+25.493651574E-03,-105.582599661E-03,+46.239792218E-03
+107.504000E-06,+25.493828239E-03,-106.485551968E-03,+46.271591842E-03
+107.506000E-06,+25.481461718E-03,-108.566268045E-03,+46.312420987E-03
+107.508000E-06,+25.445068816E-03,-109.802920020E-03,+46.306532167E-03
+107.510000E-06,+25.414152517E-03,-109.528108434E-03,+46.260991966E-03
+107.512000E-06,+25.396839389E-03,-109.057002912E-03,+46.249214329E-03
+107.514000E-06,+25.399842687E-03,-108.998114731E-03,+46.273162193E-03
+107.516000E-06,+25.406732605E-03,-108.998114731E-03,+46.293184178E-03
+107.518000E-06,+25.397722712E-03,-108.311085828E-03,+46.281799127E-03
+107.520000E-06,+25.386416179E-03,-107.525909957E-03,+46.249606916E-03
+107.522000E-06,+25.383766211E-03,-107.290357208E-03,+46.256280912E-03
+107.524000E-06,+25.389772807E-03,-107.133322034E-03,+46.288080535E-03
+107.526000E-06,+25.395602737E-03,-107.388504201E-03,+46.306139580E-03
+107.528000E-06,+25.386416179E-03,-108.527009233E-03,+46.283369479E-03
+107.530000E-06,+25.367689735E-03,-110.195507968E-03,+46.260599378E-03
+107.532000E-06,+25.349139955E-03,-110.548837079E-03,+46.266095610E-03
+107.534000E-06,+25.351789924E-03,-109.744031789E-03,+46.289258299E-03
+107.536000E-06,+25.359916494E-03,-108.114791841E-03,+46.292399002E-03
+107.538000E-06,+25.347373309E-03,-106.387404925E-03,+46.273162192E-03
+107.540000E-06,+25.324406915E-03,-107.133322059E-03,+46.256673499E-03
+107.542000E-06,+25.302853837E-03,-109.057002962E-03,+46.262954907E-03
+107.544000E-06,+25.295257261E-03,-108.625156176E-03,+46.288865711E-03
+107.546000E-06,+25.298260559E-03,-107.565168744E-03,+46.292399002E-03
+107.548000E-06,+25.291370640E-03,-107.977386111E-03,+46.273162192E-03
+107.550000E-06,+25.265577612E-03,-109.429961491E-03,+46.262169730E-03
+107.552000E-06,+25.229891369E-03,-109.763661208E-03,+46.274732545E-03
+107.554000E-06,+25.207984962E-03,-109.096261699E-03,+46.279443600E-03
+107.556000E-06,+25.200565051E-03,-108.036274267E-03,+46.277088072E-03
+107.558000E-06,+25.196148437E-03,-108.311085853E-03,+46.279443600E-03
+107.560000E-06,+25.182015271E-03,-108.782191375E-03,+46.279836188E-03
+107.562000E-06,+25.155338920E-03,-107.879239093E-03,+46.268843725E-03
+107.564000E-06,+25.128309241E-03,-106.779992873E-03,+46.278265836E-03
+107.566000E-06,+25.111349442E-03,-107.467021801E-03,+46.279836188E-03
+107.568000E-06,+25.098276264E-03,-109.233667529E-03,+46.296324881E-03
+107.570000E-06,+25.075663199E-03,-110.431060717E-03,+46.295932293E-03
+107.572000E-06,+25.041743601E-03,-109.744031789E-03,+46.279051012E-03
+107.574000E-06,+25.005174035E-03,-108.801820744E-03,+46.254710559E-03
+107.576000E-06,+24.977084368E-03,-108.821450163E-03,+46.248821741E-03
+107.578000E-06,+24.951468005E-03,-109.115891118E-03,+46.289650887E-03
+107.580000E-06,+24.934684871E-03,-108.468121002E-03,+46.317524630E-03
+107.582000E-06,+24.911718477E-03,-106.995916228E-03,+46.293184177E-03
+107.584000E-06,+24.879035531E-03,-106.524810731E-03,+46.248036564E-03
+107.586000E-06,+24.845115933E-03,-108.958855993E-03,+46.242147746E-03
+107.588000E-06,+24.816142944E-03,-111.098460226E-03,+46.299858174E-03
+107.590000E-06,+24.790349917E-03,-109.704772977E-03,+46.341079906E-03
+107.592000E-06,+24.762436914E-03,-107.133321984E-03,+46.301821111E-03
+107.594000E-06,+24.727987323E-03,-107.624056975E-03,+46.237829277E-03
+107.596000E-06,+24.688944453E-03,-110.489948948E-03,+46.232333048E-03
+107.598000E-06,+24.655554849E-03,-110.745131040E-03,+46.295932295E-03
+107.600000E-06,+24.636651740E-03,-107.152951352E-03,+46.337939203E-03
+107.602000E-06,+24.620928593E-03,-105.405935093E-03,+46.293184176E-03
+107.604000E-06,+24.595488895E-03,-107.015545697E-03,+46.231155282E-03
+107.606000E-06,+24.553796056E-03,-109.469220303E-03,+46.234295987E-03
+107.608000E-06,+24.508746590E-03,-110.195507943E-03,+46.304569229E-03
+107.610000E-06,+24.477123632E-03,-109.155149880E-03,+46.344613198E-03
+107.612000E-06,+24.451153940E-03,-107.761462706E-03,+46.310458046E-03
+107.614000E-06,+24.419530982E-03,-108.134421285E-03,+46.230762694E-03
+107.616000E-06,+24.373421529E-03,-109.999214007E-03,+46.220162822E-03
+107.618000E-06,+24.331552025E-03,-109.704773002E-03,+46.283369481E-03
+107.620000E-06,+24.301695713E-03,-107.977386061E-03,+46.330872620E-03
+107.622000E-06,+24.277139338E-03,-107.054804434E-03,+46.297895232E-03
+107.624000E-06,+24.238273132E-03,-107.781092149E-03,+46.248429152E-03
+107.626000E-06,+24.186157083E-03,-109.272926317E-03,+46.247643977E-03
+107.628000E-06,+24.134924358E-03,-110.431060717E-03,+46.297895234E-03
+107.630000E-06,+24.091464873E-03,-110.293654911E-03,+46.324198625E-03
+107.632000E-06,+24.054011985E-03,-109.429961441E-03,+46.293969353E-03
+107.634000E-06,+24.004899234E-03,-109.174779298E-03,+46.248036564E-03
+107.636000E-06,+23.946599925E-03,-108.055903660E-03,+46.261384555E-03
+107.638000E-06,+23.884767325E-03,-106.524810706E-03,+46.302606289E-03
+107.640000E-06,+23.837421220E-03,-107.290357233E-03,+46.313598750E-03
+107.642000E-06,+23.788485134E-03,-109.214038136E-03,+46.292399001E-03
+107.644000E-06,+23.734072446E-03,-108.919597131E-03,+46.267273373E-03
+107.646000E-06,+23.667823232E-03,-107.329615970E-03,+46.264132670E-03
+107.648000E-06,+23.602457341E-03,-107.525909982E-03,+46.288865711E-03
+107.650000E-06,+23.544864691E-03,-109.920696432E-03,+46.306139580E-03
+107.652000E-06,+23.488332028E-03,-110.941425027E-03,+46.297110057E-03
+107.654000E-06,+23.413249585E-03,-109.940325751E-03,+46.276302896E-03
+107.656000E-06,+23.335517174E-03,-108.271827015E-03,+46.268058550E-03
+107.658000E-06,+23.268914631E-03,-108.055903685E-03,+46.286510183E-03
+107.660000E-06,+23.212558633E-03,-108.605526808E-03,+46.292006414E-03
+107.662000E-06,+23.143836114E-03,-107.722203918E-03,+46.278658424E-03
+107.664000E-06,+23.065750374E-03,-106.622957699E-03,+46.271199253E-03
+107.666000E-06,+22.984131342E-03,-107.172580846E-03,+46.270414077E-03
+107.668000E-06,+22.898449025E-03,-109.331814523E-03,+46.284154655E-03
+107.670000E-06,+22.825839886E-03,-110.038472769E-03,+46.288865710E-03
+107.672000E-06,+22.747754146E-03,-109.272926267E-03,+46.278265836E-03
+107.674000E-06,+22.664898462E-03,-108.468121002E-03,+46.268451137E-03
+107.676000E-06,+22.586459393E-03,-108.919597156E-03,+46.259029027E-03
+107.678000E-06,+22.507490329E-03,-108.998114731E-03,+46.279836188E-03
+107.680000E-06,+22.419688037E-03,-108.448491608E-03,+46.296717469E-03
+107.682000E-06,+22.334359050E-03,-107.270727789E-03,+46.295932293E-03
+107.684000E-06,+22.254506664E-03,-107.113692640E-03,+46.290043474E-03
+107.686000E-06,+22.180307544E-03,-108.762562007E-03,+46.267273373E-03
+107.688000E-06,+22.098158518E-03,-110.372172536E-03,+46.266880786E-03
+107.690000E-06,+22.020956101E-03,-109.194408667E-03,+46.289258299E-03
+107.692000E-06,+21.940927050E-03,-107.349245364E-03,+46.300643349E-03
+107.694000E-06,+21.855421398E-03,-109.037373568E-03,+46.271591840E-03
+107.696000E-06,+21.774155695E-03,-111.098460226E-03,+46.256280911E-03
+107.698000E-06,+21.694833303E-03,-109.979584538E-03,+46.271199254E-03
+107.700000E-06,+21.624344139E-03,-106.760363429E-03,+46.301035937E-03
+107.702000E-06,+21.539015151E-03,-105.229270525E-03,+46.302213700E-03
+107.704000E-06,+21.462519392E-03,-106.995916304E-03,+46.277088072E-03
+107.706000E-06,+21.391323570E-03,-109.194408743E-03,+46.248821740E-03
+107.708000E-06,+21.314474482E-03,-109.744031814E-03,+46.267273374E-03
+107.710000E-06,+21.234268766E-03,-108.546638576E-03,+46.303391465E-03
+107.712000E-06,+21.147526462E-03,-108.919597156E-03,+46.308102519E-03
+107.714000E-06,+21.071030703E-03,-109.547737853E-03,+46.272377016E-03
+107.716000E-06,+20.999834881E-03,-109.076632305E-03,+46.250784680E-03
+107.718000E-06,+20.922985792E-03,-108.173680047E-03,+46.286902771E-03
+107.720000E-06,+20.847726685E-03,-107.643686344E-03,+46.319880158E-03
+107.722000E-06,+20.769110951E-03,-107.035175041E-03,+46.304569227E-03
+107.724000E-06,+20.682545311E-03,-106.681845905E-03,+46.266095609E-03
+107.726000E-06,+20.604812900E-03,-107.604427582E-03,+46.244503273E-03
+107.728000E-06,+20.537150370E-03,-108.978485362E-03,+46.277873249E-03
+107.730000E-06,+20.462067927E-03,-110.116990369E-03,+46.318702394E-03
+107.732000E-06,+20.368435704E-03,-109.842178782E-03,+46.290828649E-03
+107.734000E-06,+20.276040133E-03,-108.958855918E-03,+46.244895861E-03
+107.736000E-06,+20.189121164E-03,-107.467021751E-03,+46.244503274E-03
+107.738000E-06,+20.107855462E-03,-106.446293131E-03,+46.313991340E-03
+107.740000E-06,+20.022349809E-03,-107.565168795E-03,+46.348539077E-03
+107.742000E-06,+19.932427543E-03,-109.115891143E-03,+46.294361940E-03
+107.744000E-06,+19.844448586E-03,-108.899967737E-03,+46.231155282E-03
+107.746000E-06,+19.760532915E-03,-107.604427531E-03,+46.223303525E-03
+107.748000E-06,+19.668490674E-03,-108.389603453E-03,+46.300250762E-03
+107.750000E-06,+19.573975128E-03,-110.450690136E-03,+46.349716841E-03
+107.752000E-06,+19.481756222E-03,-111.000313208E-03,+46.302998875E-03
+107.754000E-06,+19.387417341E-03,-110.077731531E-03,+46.224088699E-03
+107.756000E-06,+19.298908391E-03,-108.428862189E-03,+46.219377646E-03
+107.758000E-06,+19.214992720E-03,-108.762561982E-03,+46.302606290E-03
+107.760000E-06,+19.132843695E-03,-108.978485337E-03,+46.344613198E-03
+107.762000E-06,+19.053344638E-03,-108.036274267E-03,+46.293969352E-03
+107.764000E-06,+18.976672214E-03,-107.349245389E-03,+46.231155282E-03
+107.766000E-06,+18.892933207E-03,-108.369974059E-03,+46.231547872E-03
+107.768000E-06,+18.803187605E-03,-110.175878575E-03,+46.301428526E-03
+107.770000E-06,+18.711498693E-03,-110.411431298E-03,+46.355213072E-03
+107.772000E-06,+18.620869768E-03,-108.212938809E-03,+46.303784050E-03
+107.774000E-06,+18.542784028E-03,-107.349245389E-03,+46.221340584E-03
+107.776000E-06,+18.459045021E-03,-109.331814523E-03,+46.213488827E-03
+107.778000E-06,+18.361879507E-03,-110.450690111E-03,+46.285332420E-03
+107.780000E-06,+18.262947347E-03,-108.644785544E-03,+46.336761439E-03
+107.782000E-06,+18.182564967E-03,-106.583698886E-03,+46.309672870E-03
+107.784000E-06,+18.107305860E-03,-106.603328330E-03,+46.249999503E-03
+107.786000E-06,+18.017560258E-03,-109.253296949E-03,+46.233903399E-03
+107.788000E-06,+17.925694681E-03,-111.137719014E-03,+46.287687948E-03
+107.790000E-06,+17.842485668E-03,-109.292555635E-03,+46.328517093E-03
+107.792000E-06,+17.760513307E-03,-106.799622241E-03,+46.308495106E-03
+107.794000E-06,+17.672357686E-03,-107.997015530E-03,+46.249999503E-03
+107.796000E-06,+17.574662178E-03,-111.510677594E-03,+46.244895862E-03
+107.798000E-06,+17.483149931E-03,-111.019942576E-03,+46.286510184E-03
+107.800000E-06,+17.403827539E-03,-107.035174964E-03,+46.311635811E-03
+107.802000E-06,+17.326095127E-03,-104.974088357E-03,+46.297895232E-03
+107.804000E-06,+17.238469500E-03,-106.956657517E-03,+46.268058549E-03
+107.806000E-06,+17.144483948E-03,-108.919597182E-03,+46.264132670E-03
+107.808000E-06,+17.049791738E-03,-109.155149905E-03,+46.288865711E-03
+107.810000E-06,+16.966229396E-03,-109.155149905E-03,+46.306139580E-03
+107.812000E-06,+16.883020383E-03,-108.880338344E-03,+46.302606288E-03
+107.814000E-06,+16.788504838E-03,-109.253296898E-03,+46.271591840E-03
+107.816000E-06,+16.686216051E-03,-109.174779298E-03,+46.250784680E-03
+107.818000E-06,+16.596647114E-03,-108.193309441E-03,+46.281406540E-03
+107.820000E-06,+16.518914703E-03,-107.781092124E-03,+46.294361942E-03
+107.822000E-06,+16.440122304E-03,-107.467021776E-03,+46.290043474E-03
+107.824000E-06,+16.343663448E-03,-106.878139866E-03,+46.281013951E-03
+107.826000E-06,+16.239784680E-03,-107.761462756E-03,+46.277088072E-03
+107.828000E-06,+16.141382514E-03,-109.822549440E-03,+46.279443600E-03
+107.830000E-06,+16.062413451E-03,-110.372172511E-03,+46.290828650E-03
+107.832000E-06,+15.981147748E-03,-109.312185054E-03,+46.289650886E-03
+107.834000E-06,+15.884335563E-03,-108.880338344E-03,+46.275517720E-03
+107.836000E-06,+15.780456795E-03,-107.741833312E-03,+46.257066087E-03
+107.838000E-06,+15.683291282E-03,-106.348146137E-03,+46.254710560E-03
+107.840000E-06,+15.603262231E-03,-107.270727840E-03,+46.287687947E-03
+107.842000E-06,+15.519346560E-03,-109.351443917E-03,+46.314383927E-03
+107.844000E-06,+15.422181046E-03,-109.076632305E-03,+46.306532167E-03
+107.846000E-06,+15.322012234E-03,-107.211839583E-03,+46.255495735E-03
+107.848000E-06,+15.229086670E-03,-107.094063247E-03,+46.240184806E-03
+107.850000E-06,+15.145877657E-03,-109.312185130E-03,+46.274732545E-03
+107.852000E-06,+15.057722036E-03,-111.000313233E-03,+46.321057922E-03
+107.854000E-06,+14.952606616E-03,-109.547737802E-03,+46.307709931E-03
+107.856000E-06,+14.852614469E-03,-108.212938834E-03,+46.255495735E-03
+107.858000E-06,+14.762338873E-03,-107.506280563E-03,+46.237436690E-03
+107.860000E-06,+14.680719842E-03,-108.252197672E-03,+46.271591842E-03
+107.862000E-06,+14.593977537E-03,-107.820350911E-03,+46.320665334E-03
+107.864000E-06,+14.492748738E-03,-106.642587092E-03,+46.321450509E-03
+107.866000E-06,+14.393286584E-03,-106.760363505E-03,+46.268451136E-03
+107.868000E-06,+14.306720945E-03,-109.272926343E-03,+46.228014580E-03
+107.870000E-06,+14.229341863E-03,-110.588095892E-03,+46.261777144E-03
+107.872000E-06,+14.135709640E-03,-109.626255402E-03,+46.338724380E-03
+107.874000E-06,+14.030947549E-03,-108.095162447E-03,+46.340687318E-03
+107.876000E-06,+13.936078675E-03,-108.036274292E-03,+46.262562317E-03
+107.878000E-06,+13.853929649E-03,-109.017744150E-03,+46.207600007E-03
+107.880000E-06,+13.772133953E-03,-108.605526782E-03,+46.239792219E-03
+107.882000E-06,+13.679031724E-03,-106.603328280E-03,+46.316739455E-03
+107.884000E-06,+13.571972994E-03,-106.191110989E-03,+46.348931665E-03
+107.886000E-06,+13.463147618E-03,-107.957756743E-03,+46.288865709E-03
+107.888000E-06,+13.375345327E-03,-110.548837130E-03,+46.227621991E-03
+107.890000E-06,+13.295492941E-03,-109.645884796E-03,+46.247643978E-03
+107.892000E-06,+13.195324128E-03,-107.408133544E-03,+46.301035937E-03
+107.894000E-06,+13.074838891E-03,-108.625156227E-03,+46.321843097E-03
+107.896000E-06,+12.959300261E-03,-111.451789388E-03,+46.282584302E-03
+107.898000E-06,+12.874501268E-03,-110.588095841E-03,+46.243718097E-03
+107.900000E-06,+12.801362136E-03,-107.113692564E-03,+46.233510811E-03
+107.902000E-06,+12.710733210E-03,-105.131123531E-03,+46.276695485E-03
+107.904000E-06,+12.600141189E-03,-106.564069569E-03,+46.321450510E-03
+107.906000E-06,+12.487075863E-03,-109.272926343E-03,+46.310458046E-03
+107.908000E-06,+12.388850362E-03,-110.175878550E-03,+46.253140207E-03
+107.910000E-06,+12.308821312E-03,-108.880338318E-03,+46.231547871E-03
+107.912000E-06,+12.213775772E-03,-108.546638602E-03,+46.270806666E-03
+107.914000E-06,+12.098943801E-03,-108.801820769E-03,+46.301428525E-03
+107.916000E-06,+11.980401874E-03,-109.115891118E-03,+46.304961816E-03
+107.918000E-06,+11.872813150E-03,-108.193309441E-03,+46.269236313E-03
+107.920000E-06,+11.775470972E-03,-107.506280563E-03,+46.236651514E-03
+107.922000E-06,+11.676892141E-03,-107.015545647E-03,+46.257458676E-03
+107.924000E-06,+11.554463593E-03,-107.094063247E-03,+46.307709932E-03
+107.926000E-06,+11.429915070E-03,-108.075533105E-03,+46.322628273E-03
+107.928000E-06,+11.314199776E-03,-110.136619788E-03,+46.285332418E-03
+107.930000E-06,+11.213324307E-03,-110.548837079E-03,+46.238614454E-03
+107.932000E-06,+11.116865451E-03,-108.644785544E-03,+46.246466214E-03
+107.934000E-06,+11.012103360E-03,-107.682945131E-03,+46.300643350E-03
+107.936000E-06,+10.896211401E-03,-108.546638627E-03,+46.319094982E-03
+107.938000E-06,+10.782616082E-03,-107.997015479E-03,+46.284939830E-03
+107.940000E-06,+10.678207321E-03,-107.761462731E-03,+46.227621991E-03
+107.942000E-06,+10.572561908E-03,-108.703673801E-03,+46.236651515E-03
+107.944000E-06,+10.471509773E-03,-108.978485337E-03,+46.307709933E-03
+107.946000E-06,+10.371164297E-03,-108.448491608E-03,+46.345005786E-03
+107.948000E-06,+10.258452300E-03,-108.782191376E-03,+46.296717468E-03
+107.950000E-06,+10.136553746E-03,-109.665514240E-03,+46.226051639E-03
+107.952000E-06,+10.018541813E-03,-109.920696382E-03,+46.233510812E-03
+107.954000E-06,+9.901236538E-03,-109.528108434E-03,+46.310065461E-03
+107.956000E-06,+9.787641219E-03,-109.057002911E-03,+46.342650258E-03
+107.958000E-06,+9.664682677E-03,-108.585897389E-03,+46.288080533E-03
+107.960000E-06,+9.539074167E-03,-108.389603427E-03,+46.211133297E-03
+107.962000E-06,+9.418235601E-03,-107.270727789E-03,+46.215059179E-03
+107.964000E-06,+9.296867040E-03,-106.426663737E-03,+46.315954280E-03
+107.966000E-06,+9.183978380E-03,-107.152951453E-03,+46.368561062E-03
+107.968000E-06,+9.061196503E-03,-109.194408743E-03,+46.299858171E-03
+107.970000E-06,+8.930641385E-03,-110.843278059E-03,+46.204066714E-03
+107.972000E-06,+8.796729640E-03,-109.802919970E-03,+46.211133299E-03
+107.974000E-06,+8.668647826E-03,-108.801820744E-03,+46.310065461E-03
+107.976000E-06,+8.543922639E-03,-108.546638602E-03,+46.365027771E-03
+107.978000E-06,+8.417077477E-03,-108.801820769E-03,+46.293969352E-03
+107.980000E-06,+8.282459074E-03,-108.703673776E-03,+46.189540960E-03
+107.982000E-06,+8.156673899E-03,-107.447392357E-03,+46.206422245E-03
+107.984000E-06,+8.036011997E-03,-106.995916253E-03,+46.320665336E-03
+107.986000E-06,+7.912170133E-03,-108.605526834E-03,+46.374842469E-03
+107.988000E-06,+7.791508231E-03,-111.039572046E-03,+46.295147115E-03
+107.990000E-06,+7.673849627E-03,-109.567367196E-03,+46.197785307E-03
+107.992000E-06,+7.547887788E-03,-106.976286808E-03,+46.207600008E-03
+107.994000E-06,+7.421925949E-03,-108.566268046E-03,+46.306924758E-03
+107.996000E-06,+7.298614078E-03,-111.314383608E-03,+46.367383298E-03
+107.998000E-06,+7.181838797E-03,-110.431060666E-03,+46.310850633E-03
+108.000000E-06,+7.069656794E-03,-107.094063170E-03,+46.213881413E-03
+108.002000E-06,+6.949348221E-03,-105.405935092E-03,+46.212311063E-03
+108.004000E-06,+6.827802996E-03,-107.015545698E-03,+46.307317345E-03
+108.006000E-06,+6.698837859E-03,-108.919597182E-03,+46.361887067E-03
+108.008000E-06,+6.573759343E-03,-109.292555685E-03,+46.312813573E-03
+108.010000E-06,+6.448150833E-03,-108.899967737E-03,+46.228014578E-03
+108.012000E-06,+6.323602311E-03,-109.528108460E-03,+46.230762696E-03
+108.014000E-06,+6.200467105E-03,-110.588095892E-03,+46.293184179E-03
+108.016000E-06,+6.072561955E-03,-110.038472744E-03,+46.329302268E-03
+108.018000E-06,+5.947660104E-03,-108.291456408E-03,+46.308495106E-03
+108.020000E-06,+5.833181462E-03,-107.231469002E-03,+46.241755157E-03
+108.022000E-06,+5.713932877E-03,-106.838881079E-03,+46.235473751E-03
+108.024000E-06,+5.582671100E-03,-106.937028073E-03,+46.285332420E-03
+108.026000E-06,+5.449819343E-03,-107.506280589E-03,+46.319880158E-03
+108.028000E-06,+5.321914193E-03,-109.096261750E-03,+46.288080534E-03
+108.030000E-06,+5.200898962E-03,-110.136619763E-03,+46.244503273E-03
+108.032000E-06,+5.073347142E-03,-109.979584563E-03,+46.244503274E-03
+108.034000E-06,+4.943498682E-03,-108.978485311E-03,+46.286510184E-03
+108.036000E-06,+4.813473558E-03,-107.467021750E-03,+46.303391464E-03
+108.038000E-06,+4.679738478E-03,-106.171481569E-03,+46.280228775E-03
+108.040000E-06,+4.554129968E-03,-107.113692666E-03,+46.246466213E-03
+108.042000E-06,+4.429758110E-03,-109.194408743E-03,+46.255888324E-03
+108.044000E-06,+4.310332860E-03,-109.331814473E-03,+46.293576766E-03
+108.046000E-06,+4.186667660E-03,-107.663315711E-03,+46.298680409E-03
+108.048000E-06,+4.054875890E-03,-107.427762989E-03,+46.273947368E-03
+108.050000E-06,+3.926970741E-03,-109.488849698E-03,+46.262169730E-03
+108.052000E-06,+3.799772250E-03,-110.607725285E-03,+46.277480661E-03
+108.054000E-06,+3.663917195E-03,-109.076632279E-03,+46.290828650E-03
+108.056000E-06,+3.528062140E-03,-108.016644873E-03,+46.286902770E-03
+108.058000E-06,+3.398567009E-03,-108.036274292E-03,+46.272377017E-03
+108.060000E-06,+3.276138462E-03,-108.330715247E-03,+46.248429152E-03
+108.062000E-06,+3.150883281E-03,-107.270727789E-03,+46.250784681E-03
+108.064000E-06,+3.023861454E-03,-106.426663737E-03,+46.292791591E-03
+108.066000E-06,+2.885533095E-03,-107.015545672E-03,+46.304176640E-03
+108.068000E-06,+2.753034667E-03,-109.312185130E-03,+46.274732544E-03
+108.070000E-06,+2.629016138E-03,-110.862907453E-03,+46.256673499E-03
+108.072000E-06,+2.498637685E-03,-110.215137311E-03,+46.265703022E-03
+108.074000E-06,+2.372145852E-03,-108.585897363E-03,+46.292006414E-03
+108.076000E-06,+2.237704113E-03,-108.782191376E-03,+46.298287821E-03
+108.078000E-06,+2.099552419E-03,-109.390702679E-03,+46.284939831E-03
+108.080000E-06,+1.973413915E-03,-108.919597131E-03,+46.260991966E-03
+108.082000E-06,+1.855225317E-03,-107.467021750E-03,+46.260599379E-03
+108.084000E-06,+1.724316870E-03,-106.858510473E-03,+46.288473123E-03
+108.086000E-06,+1.585281852E-03,-108.723303221E-03,+46.297895233E-03
+108.088000E-06,+1.449073468E-03,-111.608824563E-03,+46.290436062E-03
+108.090000E-06,+1.325761598E-03,-109.645884770E-03,+46.275517720E-03
+108.092000E-06,+1.201743069E-03,-105.327417440E-03,+46.254317971E-03
+108.094000E-06,+1.072424603E-03,-107.231469079E-03,+46.268058550E-03
+108.096000E-06,+930.032959E-06,-111.569565801E-03,+46.297895233E-03
+108.098000E-06,+795.767885E-06,-111.314383531E-03,+46.299072997E-03
+108.100000E-06,+681.465908E-06,-106.662216408E-03,+46.265703021E-03
+108.102000E-06,+563.630639E-06,-104.090765492E-03,+46.244503273E-03
+108.104000E-06,+444.912047E-06,-106.426663814E-03,+46.269628902E-03
+108.106000E-06,+317.536891E-06,-109.822549466E-03,+46.312028399E-03
+108.108000E-06,+196.344996E-06,-110.254396124E-03,+46.312028398E-03
+108.110000E-06,+86.106304E-06,-108.330715195E-03,+46.281013951E-03
+108.112000E-06,-28.902332E-06,-107.506280563E-03,+46.262954906E-03
+108.114000E-06,-148.504247E-06,-108.389603453E-03,+46.271984429E-03
+108.116000E-06,-273.582763E-06,-109.076632331E-03,+46.292791590E-03
+108.118000E-06,-394.421329E-06,-108.330715221E-03,+46.309280283E-03
+108.120000E-06,-503.423369E-06,-106.838881053E-03,+46.267273373E-03
+108.122000E-06,-610.835429E-06,-106.505181337E-03,+46.247251389E-03
+108.124000E-06,-728.140704E-06,-107.172580847E-03,+46.272769606E-03
+108.126000E-06,-851.805904E-06,-107.957756718E-03,+46.312420987E-03
+108.128000E-06,-973.704458E-06,-109.429961492E-03,+46.306532167E-03
+108.130000E-06,-1.076699902E-03,-110.175878550E-03,+46.266488197E-03
+108.132000E-06,-1.185701943E-03,-109.704773002E-03,+46.247251389E-03
+108.134000E-06,-1.304597199E-03,-109.076632305E-03,+46.272769606E-03
+108.136000E-06,-1.435858976E-03,-107.624056924E-03,+46.306924756E-03
+108.138000E-06,-1.557580865E-03,-106.053705182E-03,+46.297502645E-03
+108.140000E-06,-1.665346253E-03,-107.506280614E-03,+46.254317971E-03
+108.142000E-06,-1.775054951E-03,-109.665514266E-03,+46.237436690E-03
+108.144000E-06,-1.890240252E-03,-109.390702653E-03,+46.285332420E-03
+108.146000E-06,-2.008605514E-03,-107.800721492E-03,+46.317132042E-03
+108.148000E-06,-2.126087454E-03,-108.409232847E-03,+46.293184177E-03
+108.150000E-06,-2.240919425E-03,-109.901067015E-03,+46.248036564E-03
+108.152000E-06,-2.354161415E-03,-110.097360950E-03,+46.244895862E-03
+108.154000E-06,-2.475883305E-03,-109.135520485E-03,+46.278265837E-03
+108.156000E-06,-2.598841846E-03,-108.311085827E-03,+46.310458047E-03
+108.158000E-06,-2.711907171E-03,-108.899967763E-03,+46.297895232E-03
+108.160000E-06,-2.816139268E-03,-109.272926292E-03,+46.251569855E-03
+108.162000E-06,-2.918074725E-03,-108.350344614E-03,+46.237044103E-03
+108.164000E-06,-3.033436691E-03,-106.976286834E-03,+46.293576767E-03
+108.166000E-06,-3.155688574E-03,-107.074433853E-03,+46.334798499E-03
+108.168000E-06,-3.273700507E-03,-108.762562008E-03,+46.309280282E-03
+108.170000E-06,-3.388532478E-03,-110.646984098E-03,+46.244503272E-03
+108.172000E-06,-3.496827860E-03,-111.294754163E-03,+46.224873877E-03
+108.174000E-06,-3.605476571E-03,-109.979584537E-03,+46.267273375E-03
+108.176000E-06,-3.722958511E-03,-108.958855918E-03,+46.320272746E-03
+108.178000E-06,-3.847860363E-03,-108.978485337E-03,+46.318702393E-03
+108.180000E-06,-3.966225625E-03,-108.448491608E-03,+46.257066086E-03
+108.182000E-06,-4.078584292E-03,-107.133322008E-03,+46.226444228E-03
+108.184000E-06,-4.186526345E-03,-106.269628563E-03,+46.267273375E-03
+108.186000E-06,-4.298885012E-03,-108.369974086E-03,+46.320272746E-03
+108.188000E-06,-4.421843554E-03,-111.019942653E-03,+46.313206162E-03
+108.190000E-06,-4.543742108E-03,-109.567367195E-03,+46.261777142E-03
+108.192000E-06,-4.656630769E-03,-106.838881027E-03,+46.235473751E-03
+108.194000E-06,-4.765809473E-03,-107.859609750E-03,+46.257458676E-03
+108.196000E-06,-4.882054761E-03,-110.529207737E-03,+46.315954279E-03
+108.198000E-06,-5.003069992E-03,-109.645884795E-03,+46.326554152E-03
+108.200000E-06,-5.130798477E-03,-106.995916201E-03,+46.269236312E-03
+108.202000E-06,-5.255700329E-03,-105.680746653E-03,+46.228014579E-03
+108.204000E-06,-5.366469015E-03,-106.642587144E-03,+46.256280912E-03
+108.206000E-06,-5.479004346E-03,-108.585897440E-03,+46.313206163E-03
+108.208000E-06,-5.611856104E-03,-109.665514240E-03,+46.328909680E-03
+108.210000E-06,-5.737641279E-03,-108.958855918E-03,+46.291613825E-03
+108.212000E-06,-5.868196397E-03,-108.841079556E-03,+46.255888323E-03
+108.214000E-06,-5.999634837E-03,-108.978485337E-03,+46.240577394E-03
+108.216000E-06,-6.123653366E-03,-108.860708950E-03,+46.285725008E-03
+108.218000E-06,-6.242901951E-03,-108.703673776E-03,+46.322628273E-03
+108.220000E-06,-6.366567151E-03,-107.584798137E-03,+46.291221237E-03
+108.222000E-06,-6.483519097E-03,-107.290357208E-03,+46.244895861E-03
+108.224000E-06,-6.600647708E-03,-106.995916253E-03,+46.247251389E-03
+108.226000E-06,-6.719189635E-03,-107.643686369E-03,+46.300643350E-03
+108.228000E-06,-6.834198270E-03,-109.253296924E-03,+46.335583675E-03
+108.230000E-06,-6.948676912E-03,-110.156249157E-03,+46.295539704E-03
+108.232000E-06,-7.064392206E-03,-109.704773002E-03,+46.239792217E-03
+108.234000E-06,-7.185230773E-03,-109.214038085E-03,+46.229977520E-03
+108.236000E-06,-7.300592738E-03,-107.781092098E-03,+46.279051013E-03
+108.238000E-06,-7.420017988E-03,-106.073334576E-03,+46.324591213E-03
+108.240000E-06,-7.524073420E-03,-107.506280615E-03,+46.288865709E-03
+108.242000E-06,-7.625832213E-03,-109.665514266E-03,+46.230762695E-03
+108.244000E-06,-7.739957526E-03,-109.390702653E-03,+46.234295987E-03
+108.246000E-06,-7.857086136E-03,-107.938127272E-03,+46.279836189E-03
+108.248000E-06,-7.980574672E-03,-108.841079582E-03,+46.324591213E-03
+108.250000E-06,-8.092580009E-03,-110.234766757E-03,+46.299858172E-03
+108.252000E-06,-8.199108746E-03,-109.312185053E-03,+46.248821740E-03
+108.254000E-06,-8.316237356E-03,-109.155149905E-03,+46.233903399E-03
+108.256000E-06,-8.442375860E-03,-109.842178808E-03,+46.276695485E-03
+108.258000E-06,-8.562154439E-03,-109.802919995E-03,+46.321450510E-03
+108.260000E-06,-8.669743163E-03,-108.958855918E-03,+46.293969353E-03
+108.262000E-06,-8.770795297E-03,-107.192210188E-03,+46.242540333E-03
+108.264000E-06,-8.883507294E-03,-106.544440124E-03,+46.246858801E-03
+108.266000E-06,-9.005405848E-03,-108.271827092E-03,+46.297895234E-03
+108.268000E-06,-9.128364389E-03,-110.313284357E-03,+46.335191087E-03
+108.270000E-06,-9.241429714E-03,-109.881437569E-03,+46.298287820E-03
+108.272000E-06,-9.350608419E-03,-108.821450137E-03,+46.245681036E-03
+108.274000E-06,-9.466853707E-03,-109.096261724E-03,+46.239007042E-03
+108.276000E-06,-9.590342242E-03,-109.567367247E-03,+46.288473124E-03
+108.278000E-06,-9.720897360E-03,-109.351443866E-03,+46.328517093E-03
+108.280000E-06,-9.838732629E-03,-107.938127272E-03,+46.292006413E-03
+108.282000E-06,-9.945968023E-03,-107.467021776E-03,+46.236651514E-03
+108.284000E-06,-10.061859982E-03,-106.740734085E-03,+46.246073626E-03
+108.286000E-06,-10.191531778E-03,-108.428862266E-03,+46.292399003E-03
+108.288000E-06,-10.326680174E-03,-111.019942654E-03,+46.326161565E-03
+108.290000E-06,-10.448755393E-03,-109.842178756E-03,+46.305354403E-03
+108.292000E-06,-10.565177345E-03,-107.702574498E-03,+46.252355031E-03
+108.294000E-06,-10.690962520E-03,-108.801820795E-03,+46.239792218E-03
+108.296000E-06,-10.826817575E-03,-111.471418783E-03,+46.293969355E-03
+108.298000E-06,-10.952779414E-03,-111.137718963E-03,+46.326554153E-03
+108.300000E-06,-11.064784751E-03,-108.016644820E-03,+46.288865709E-03
+108.302000E-06,-11.179970052E-03,-106.073334575E-03,+46.236258926E-03
+108.304000E-06,-11.313175139E-03,-107.094063273E-03,+46.240577394E-03
+108.306000E-06,-11.446380225E-03,-108.644785621E-03,+46.297110058E-03
+108.308000E-06,-11.577995331E-03,-108.978485337E-03,+46.332442972E-03
+108.310000E-06,-11.694593947E-03,-108.585897389E-03,+46.300643347E-03
+108.312000E-06,-11.812782545E-03,-108.114791866E-03,+46.251569855E-03
+108.314000E-06,-11.943867657E-03,-109.155149931E-03,+46.239792218E-03
+108.316000E-06,-12.079192718E-03,-109.999213982E-03,+46.280228777E-03
+108.318000E-06,-12.203741241E-03,-108.998114705E-03,+46.319094982E-03
+108.320000E-06,-12.311859958E-03,-108.428862214E-03,+46.301821112E-03
+108.322000E-06,-12.419095352E-03,-107.957756692E-03,+46.246466212E-03
+108.324000E-06,-12.546293844E-03,-107.211839608E-03,+46.244503274E-03
+108.326000E-06,-12.680028924E-03,-107.800721544E-03,+46.289258299E-03
+108.328000E-06,-12.796980870E-03,-108.723303195E-03,+46.325768977E-03
+108.330000E-06,-12.897856340E-03,-109.940325802E-03,+46.294361941E-03
+108.332000E-06,-13.016574932E-03,-110.372172511E-03,+46.250784680E-03
+108.334000E-06,-13.140593461E-03,-109.724402395E-03,+46.242540334E-03
+108.336000E-06,-13.266201971E-03,-107.702574498E-03,+46.288865711E-03
+108.338000E-06,-13.383330581E-03,-105.778893620E-03,+46.323020861E-03
+108.340000E-06,-13.483146063E-03,-106.779992924E-03,+46.291221237E-03
+108.342000E-06,-13.583138210E-03,-109.567367299E-03,+46.250392092E-03
+108.344000E-06,-13.699560163E-03,-108.978485311E-03,+46.245288449E-03
+108.346000E-06,-13.815805451E-03,-107.054804408E-03,+46.286510184E-03
+108.348000E-06,-13.927987453E-03,-107.349245415E-03,+46.311635811E-03
+108.350000E-06,-14.030982898E-03,-109.488849699E-03,+46.289650886E-03
+108.352000E-06,-14.140161603E-03,-110.332913724E-03,+46.258636439E-03
+108.354000E-06,-14.255346903E-03,-109.037373492E-03,+46.260206791E-03
+108.356000E-06,-14.362582298E-03,-108.016644872E-03,+46.296717470E-03
+108.358000E-06,-14.464871084E-03,-108.311085853E-03,+46.326554153E-03
+108.360000E-06,-14.564156573E-03,-108.782191376E-03,+46.291613825E-03
+108.362000E-06,-14.658142125E-03,-108.154050653E-03,+46.250392092E-03
+108.364000E-06,-14.753894322E-03,-106.681845879E-03,+46.272769606E-03
+108.366000E-06,-14.854946457E-03,-106.760363505E-03,+46.320665334E-03
+108.368000E-06,-14.951758642E-03,-109.272926344E-03,+46.335191087E-03
+108.370000E-06,-15.044154212E-03,-110.450690112E-03,+46.281406538E-03
+108.372000E-06,-15.139729745E-03,-109.331814446E-03,+46.240577393E-03
+108.374000E-06,-15.233361968E-03,-108.468121001E-03,+46.252355033E-03
+108.376000E-06,-15.321694253E-03,-108.507379815E-03,+46.298680410E-03
+108.378000E-06,-15.414266488E-03,-108.939226550E-03,+46.326946741E-03
+108.380000E-06,-15.508782034E-03,-108.860708950E-03,+46.272377016E-03
+108.382000E-06,-15.594817680E-03,-107.604427530E-03,+46.225659052E-03
+108.384000E-06,-15.677143370E-03,-106.603328305E-03,+46.258636440E-03
+108.386000E-06,-15.755405775E-03,-108.271827092E-03,+46.327339329E-03
+108.388000E-06,-15.834374838E-03,-110.862907480E-03,+46.341865082E-03
+108.390000E-06,-15.917230522E-03,-109.135520459E-03,+46.273947367E-03
+108.392000E-06,-16.000616199E-03,-106.367775504E-03,+46.211918474E-03
+108.394000E-06,-16.084001877E-03,-107.663315789E-03,+46.242932923E-03
+108.396000E-06,-16.169860858E-03,-110.784389906E-03,+46.322628274E-03
+108.398000E-06,-16.253599865E-03,-110.646984047E-03,+46.357961188E-03
+108.400000E-06,-16.333275586E-03,-107.133321955E-03,+46.284547241E-03
+108.402000E-06,-16.414894618E-03,-105.268529311E-03,+46.210348122E-03
+108.404000E-06,-16.494393675E-03,-106.721104744E-03,+46.253532797E-03
+108.406000E-06,-16.579722663E-03,-109.292555738E-03,+46.337939204E-03
+108.408000E-06,-16.670881582E-03,-110.175878550E-03,+46.359924127E-03
+108.410000E-06,-16.752853942E-03,-109.017744098E-03,+46.292791588E-03
+108.412000E-06,-16.843306203E-03,-107.192210188E-03,+46.211525885E-03
+108.414000E-06,-16.932698476E-03,-108.330715273E-03,+46.228799757E-03
+108.416000E-06,-17.032867288E-03,-110.038472796E-03,+46.328909682E-03
+108.418000E-06,-17.130916125E-03,-109.567367221E-03,+46.367383298E-03
+108.420000E-06,-17.219778404E-03,-107.270727762E-03,+46.293969352E-03
+108.422000E-06,-17.304930727E-03,-105.582599659E-03,+46.195037192E-03
+108.424000E-06,-17.398386285E-03,-106.622957750E-03,+46.226444230E-03
+108.426000E-06,-17.498025103E-03,-108.311085880E-03,+46.337154029E-03
+108.428000E-06,-17.605790492E-03,-109.488849673E-03,+46.379553524E-03
+108.430000E-06,-17.697302739E-03,-109.351443866E-03,+46.295539703E-03
+108.432000E-06,-17.790051639E-03,-109.174779298E-03,+46.195037192E-03
+108.434000E-06,-17.884567184E-03,-108.742932563E-03,+46.215451767E-03
+108.436000E-06,-17.986679307E-03,-108.546638602E-03,+46.327339331E-03
+108.438000E-06,-18.091088068E-03,-107.290357182E-03,+46.378375760E-03
+108.440000E-06,-18.189490234E-03,-107.525909982E-03,+46.290043472E-03
+108.442000E-06,-18.285772425E-03,-109.096261751E-03,+46.194252016E-03
+108.444000E-06,-18.384351256E-03,-108.899967737E-03,+46.218199883E-03
+108.446000E-06,-18.484520067E-03,-107.329615969E-03,+46.324983803E-03
+108.448000E-06,-18.594758760E-03,-108.075533105E-03,+46.366990710E-03
+108.450000E-06,-18.694044249E-03,-109.999214009E-03,+46.293969352E-03
+108.452000E-06,-18.795273048E-03,-111.078830808E-03,+46.203281538E-03
+108.454000E-06,-18.901978449E-03,-109.822549362E-03,+46.222125762E-03
+108.456000E-06,-19.009390508E-03,-108.389603401E-03,+46.328124506E-03
+108.458000E-06,-19.113092611E-03,-108.487750421E-03,+46.381123876E-03
+108.460000E-06,-19.206371504E-03,-109.214038112E-03,+46.295932291E-03
+108.462000E-06,-19.303183689E-03,-108.075533053E-03,+46.203281538E-03
+108.464000E-06,-19.405649141E-03,-106.662216485E-03,+46.213881415E-03
+108.466000E-06,-19.512531206E-03,-107.309986628E-03,+46.329694858E-03
+108.468000E-06,-19.607576745E-03,-109.763661261E-03,+46.373272117E-03
+108.470000E-06,-19.692199074E-03,-111.059201415E-03,+46.302998874E-03
+108.472000E-06,-19.779294708E-03,-109.547737801E-03,+46.209955533E-03
+108.474000E-06,-19.874340247E-03,-108.625156176E-03,+46.211918475E-03
+108.476000E-06,-19.969209122E-03,-108.801820769E-03,+46.312813577E-03
+108.478000E-06,-20.058954724E-03,-109.253296899E-03,+46.381909052E-03
+108.480000E-06,-20.139337103E-03,-108.625156175E-03,+46.312813572E-03
+108.482000E-06,-20.222192787E-03,-107.427762962E-03,+46.213881412E-03
+108.484000E-06,-20.306815117E-03,-106.446293130E-03,+46.206814832E-03
+108.486000E-06,-20.403980631E-03,-107.977386138E-03,+46.301035939E-03
+108.488000E-06,-20.491782923E-03,-109.449590886E-03,+46.377590585E-03
+108.490000E-06,-20.566865365E-03,-108.389603401E-03,+46.328909678E-03
+108.492000E-06,-20.640357826E-03,-107.800721518E-03,+46.227229402E-03
+108.494000E-06,-20.723743504E-03,-109.802920048E-03,+46.189148374E-03
+108.496000E-06,-20.822145671E-03,-111.334012976E-03,+46.276302899E-03
+108.498000E-06,-20.915071235E-03,-109.999213930E-03,+46.363457420E-03
+108.500000E-06,-20.982203771E-03,-106.760363426E-03,+46.335583674E-03
+108.502000E-06,-21.048276321E-03,-105.366676304E-03,+46.242147744E-03
+108.504000E-06,-21.134488632E-03,-107.152951480E-03,+46.199355660E-03
+108.506000E-06,-21.233420792E-03,-109.214038138E-03,+46.269236315E-03
+108.508000E-06,-21.335002920E-03,-110.018843376E-03,+46.354035309E-03
+108.510000E-06,-21.420685237E-03,-109.410332046E-03,+46.342650257E-03
+108.512000E-06,-21.499124306E-03,-108.899967737E-03,+46.262562317E-03
+108.514000E-06,-21.581803325E-03,-109.528108460E-03,+46.207600007E-03
+108.516000E-06,-21.681265479E-03,-109.901066989E-03,+46.242540335E-03
+108.518000E-06,-21.783024272E-03,-109.253296872E-03,+46.336368853E-03
+108.520000E-06,-21.862523329E-03,-108.605526782E-03,+46.348931664E-03
+108.522000E-06,-21.935132467E-03,-107.702574524E-03,+46.277480658E-03
+108.524000E-06,-22.015868176E-03,-107.447392382E-03,+46.212311062E-03
+108.526000E-06,-22.104023797E-03,-107.702574550E-03,+46.240184807E-03
+108.528000E-06,-22.198009349E-03,-109.115891144E-03,+46.313991340E-03
+108.530000E-06,-22.279098387E-03,-110.136619763E-03,+46.343042846E-03
+108.532000E-06,-22.353297507E-03,-109.292555659E-03,+46.282584302E-03
+108.534000E-06,-22.428026620E-03,-108.055903659E-03,+46.207600006E-03
+108.536000E-06,-22.509115658E-03,-107.074433827E-03,+46.228407169E-03
+108.538000E-06,-22.598507932E-03,-106.544440124E-03,+46.312420988E-03
+108.540000E-06,-22.676593672E-03,-107.997015531E-03,+46.345790961E-03
+108.542000E-06,-22.745492854E-03,-109.724402448E-03,+46.296717468E-03
+108.544000E-06,-22.817042005E-03,-109.115891092E-03,+46.231547870E-03
+108.546000E-06,-22.885411194E-03,-107.486651143E-03,+46.223303525E-03
+108.548000E-06,-22.961906954E-03,-108.507379841E-03,+46.292006415E-03
+108.550000E-06,-23.040876017E-03,-110.332913751E-03,+46.343042846E-03
+108.552000E-06,-23.110128529E-03,-111.118089595E-03,+46.313206161E-03
+108.554000E-06,-23.175494420E-03,-109.685143581E-03,+46.253140207E-03
+108.556000E-06,-23.238033678E-03,-108.369974007E-03,+46.239792218E-03
+108.558000E-06,-23.300219607E-03,-108.762561983E-03,+46.293969355E-03
+108.560000E-06,-23.366115492E-03,-108.841079556E-03,+46.323806037E-03
+108.562000E-06,-23.425121458E-03,-107.741833311E-03,+46.291221237E-03
+108.564000E-06,-23.484304090E-03,-106.760363479E-03,+46.255888323E-03
+108.566000E-06,-23.546136690E-03,-108.154050706E-03,+46.251569856E-03
+108.568000E-06,-23.613269227E-03,-110.705872306E-03,+46.290043475E-03
+108.570000E-06,-23.683581726E-03,-110.489948872E-03,+46.317524630E-03
+108.572000E-06,-23.746827642E-03,-108.075533026E-03,+46.301428524E-03
+108.574000E-06,-23.799120355E-03,-108.154050679E-03,+46.254710559E-03
+108.576000E-06,-23.859892968E-03,-110.274025571E-03,+46.253925384E-03
+108.578000E-06,-23.924552201E-03,-110.843278034E-03,+46.293184178E-03
+108.580000E-06,-23.985854807E-03,-108.134421207E-03,+46.309672871E-03
+108.582000E-06,-24.037970855E-03,-106.092963968E-03,+46.292006413E-03
+108.584000E-06,-24.083903643E-03,-106.956657492E-03,+46.264525258E-03
+108.586000E-06,-24.137786338E-03,-109.999214036E-03,+46.266488198E-03
+108.588000E-06,-24.205272204E-03,-111.648083325E-03,+46.297502646E-03
+108.590000E-06,-24.269578108E-03,-108.939226471E-03,+46.310065459E-03
+108.592000E-06,-24.322047485E-03,-106.328516716E-03,+46.292006413E-03
+108.594000E-06,-24.366743621E-03,-108.350344693E-03,+46.250784680E-03
+108.596000E-06,-24.426632911E-03,-111.706971558E-03,+46.256280912E-03
+108.598000E-06,-24.495002100E-03,-110.489948846E-03,+46.301821113E-03
+108.600000E-06,-24.555598048E-03,-106.819251606E-03,+46.310850635E-03
+108.602000E-06,-24.601354172E-03,-104.954458962E-03,+46.286510182E-03
+108.604000E-06,-24.643930333E-03,-106.956657519E-03,+46.258243851E-03
+108.606000E-06,-24.696223046E-03,-109.057002964E-03,+46.262954907E-03
+108.608000E-06,-24.766005552E-03,-109.312185079E-03,+46.299858173E-03
+108.610000E-06,-24.833138089E-03,-108.625156175E-03,+46.321450509E-03
+108.612000E-06,-24.889670752E-03,-108.801820770E-03,+46.301821112E-03
+108.614000E-06,-24.931186926E-03,-109.665514241E-03,+46.265703021E-03
+108.616000E-06,-24.975706398E-03,-109.783290602E-03,+46.263740082E-03
+108.618000E-06,-25.030825744E-03,-108.684044356E-03,+46.291613826E-03
+108.620000E-06,-25.089831711E-03,-108.389603427E-03,+46.301035936E-03
+108.622000E-06,-25.144244398E-03,-107.820350911E-03,+46.290828650E-03
+108.624000E-06,-25.188057212E-03,-107.192210214E-03,+46.272769605E-03
+108.626000E-06,-25.229220057E-03,-107.800721544E-03,+46.275910309E-03
+108.628000E-06,-25.276389497E-03,-109.272926319E-03,+46.298680409E-03
+108.630000E-06,-25.329388869E-03,-110.431060718E-03,+46.304569228E-03
+108.632000E-06,-25.379384942E-03,-110.293654911E-03,+46.299465584E-03
+108.634000E-06,-25.418957806E-03,-109.292555659E-03,+46.273947368E-03
+108.636000E-06,-25.454644049E-03,-107.781092097E-03,+46.259421615E-03
+108.638000E-06,-25.492450268E-03,-106.760363478E-03,+46.279836188E-03
+108.640000E-06,-25.534319771E-03,-108.016644925E-03,+46.288473122E-03
+108.642000E-06,-25.580429224E-03,-109.999214009E-03,+46.283762067E-03
+108.644000E-06,-25.619648759E-03,-109.567367221E-03,+46.277480660E-03
+108.646000E-06,-25.655335002E-03,-107.408133542E-03,+46.271199253E-03
+108.648000E-06,-25.695614524E-03,-107.388504202E-03,+46.286902771E-03
+108.650000E-06,-25.739074009E-03,-109.626255480E-03,+46.294754529E-03
+108.652000E-06,-25.786596778E-03,-111.589195145E-03,+46.295539705E-03
+108.654000E-06,-25.847016062E-03,-110.313284278E-03,+46.279051011E-03
+108.656000E-06,-25.895598819E-03,-109.135520485E-03,+46.268451137E-03
+108.658000E-06,-25.932345049E-03,-109.135520511E-03,+46.281013952E-03
+108.660000E-06,-25.954074791E-03,-108.742932563E-03,+46.282976891E-03
+108.662000E-06,-25.991174351E-03,-107.997015479E-03,+46.269236313E-03
+108.664000E-06,-26.045587040E-03,-106.799622265E-03,+46.264525258E-03
+108.666000E-06,-26.097173094E-03,-107.467021802E-03,+46.269628902E-03
+108.668000E-06,-26.139395926E-03,-109.096261751E-03,+46.286902771E-03
+108.670000E-06,-26.172962195E-03,-110.411431325E-03,+46.297502645E-03
+108.672000E-06,-26.214125040E-03,-109.881437569E-03,+46.284939831E-03
+108.674000E-06,-26.268891057E-03,-108.409232794E-03,+46.266488198E-03
+108.676000E-06,-26.320477112E-03,-108.212938860E-03,+46.258636439E-03
+108.678000E-06,-26.361463292E-03,-108.075533079E-03,+46.290828651E-03
+108.680000E-06,-26.392379592E-03,-108.193309466E-03,+46.298287821E-03
+108.682000E-06,-26.427005848E-03,-107.251098394E-03,+46.279443599E-03
+108.684000E-06,-26.470995326E-03,-106.289257956E-03,+46.254710559E-03
+108.686000E-06,-26.516221456E-03,-107.957756745E-03,+46.259814203E-03
+108.688000E-06,-26.558974283E-03,-110.823648694E-03,+46.299465585E-03
+108.690000E-06,-26.585297303E-03,-109.959955143E-03,+46.321450509E-03
+108.692000E-06,-26.614270293E-03,-107.172580767E-03,+46.285332418E-03
+108.694000E-06,-26.660026417E-03,-107.898868538E-03,+46.235866338E-03
+108.696000E-06,-26.716735745E-03,-110.529207739E-03,+46.257066088E-03
+108.698000E-06,-26.762315204E-03,-111.019942602E-03,+46.315954279E-03
+108.700000E-06,-26.793761497E-03,-107.604427477E-03,+46.334798499E-03
+108.702000E-06,-26.819731189E-03,-105.602229052E-03,+46.278658423E-03
+108.704000E-06,-26.848880843E-03,-106.622957751E-03,+46.223696112E-03
+108.706000E-06,-26.879797143E-03,-108.860709003E-03,+46.247251390E-03
+108.708000E-06,-26.917073368E-03,-110.254396151E-03,+46.331265209E-03
+108.710000E-06,-26.944103047E-03,-109.449590833E-03,+46.356390836E-03
+108.712000E-06,-26.965832789E-03,-109.174779298E-03,+46.289650884E-03
+108.714000E-06,-26.989505842E-03,-109.704773028E-03,+46.211133297E-03
+108.716000E-06,-27.012295571E-03,-109.371073259E-03,+46.228799757E-03
+108.718000E-06,-27.033671984E-03,-108.762561956E-03,+46.326161566E-03
+108.720000E-06,-27.048688473E-03,-107.584798136E-03,+46.355998248E-03
+108.722000E-06,-27.064058290E-03,-106.878139866E-03,+46.275910306E-03
+108.724000E-06,-27.082078077E-03,-107.074433853E-03,+46.192681664E-03
+108.726000E-06,-27.096741236E-03,-108.350344667E-03,+46.223696114E-03
+108.728000E-06,-27.110874402E-03,-110.450690139E-03,+46.328517094E-03
+108.730000E-06,-27.122534263E-03,-110.450690085E-03,+46.367383298E-03
+108.732000E-06,-27.136314100E-03,-108.212938806E-03,+46.282976889E-03
+108.734000E-06,-27.150447266E-03,-107.898868511E-03,+46.182474378E-03
+108.736000E-06,-27.173236995E-03,-108.998114757E-03,+46.205637069E-03
+108.738000E-06,-27.193553421E-03,-108.055903659E-03,+46.323413451E-03
+108.740000E-06,-27.200973333E-03,-107.761462731E-03,+46.361494479E-03
+108.742000E-06,-27.211573207E-03,-108.428862241E-03,+46.284939829E-03
+108.744000E-06,-27.224116392E-03,-108.801820770E-03,+46.202103775E-03
+108.746000E-06,-27.244256153E-03,-108.566267995E-03,+46.216629531E-03
+108.748000E-06,-27.264219249E-03,-108.527009208E-03,+46.330087446E-03
+108.750000E-06,-27.271639161E-03,-109.626255454E-03,+46.381516464E-03
+108.752000E-06,-27.277292427E-03,-110.195507944E-03,+46.293184175E-03
+108.754000E-06,-27.295312214E-03,-109.979584563E-03,+46.186400257E-03
+108.756000E-06,-27.315098646E-03,-108.841079530E-03,+46.200533425E-03
+108.758000E-06,-27.322518558E-03,-108.134421259E-03,+46.319880160E-03
+108.760000E-06,-27.312095347E-03,-108.330715247E-03,+46.366598122E-03
+108.762000E-06,-27.298138846E-03,-107.957756692E-03,+46.288473120E-03
+108.764000E-06,-27.300082157E-03,-106.524810704E-03,+46.205244478E-03
+108.766000E-06,-27.317925279E-03,-107.427763015E-03,+46.228014581E-03
+108.768000E-06,-27.329055147E-03,-109.371073313E-03,+46.326161566E-03
+108.770000E-06,-27.324108538E-03,-110.313284331E-03,+46.358746363E-03
+108.772000E-06,-27.309622043E-03,-110.136619737E-03,+46.284547241E-03
+108.774000E-06,-27.302732125E-03,-108.723303142E-03,+46.199355659E-03
+108.776000E-06,-27.311918683E-03,-108.252197647E-03,+46.210740712E-03
+108.778000E-06,-27.324461868E-03,-108.762561983E-03,+46.312813577E-03
+108.780000E-06,-27.319868589E-03,-108.566267995E-03,+46.351679781E-03
+108.782000E-06,-27.300435486E-03,-107.152951400E-03,+46.292006412E-03
+108.784000E-06,-27.285418997E-03,-106.269628562E-03,+46.222518348E-03
+108.786000E-06,-27.287362308E-03,-108.644785649E-03,+46.224873877E-03
+108.788000E-06,-27.294075562E-03,-111.196607223E-03,+46.314383928E-03
+108.790000E-06,-27.290012276E-03,-110.274025491E-03,+46.351679781E-03
+108.792000E-06,-27.265809230E-03,-107.761462677E-03,+46.294754528E-03
+108.794000E-06,-27.242666171E-03,-108.527009235E-03,+46.220162820E-03
+108.796000E-06,-27.236129582E-03,-110.745131094E-03,+46.221733174E-03
+108.798000E-06,-27.247966109E-03,-110.764760434E-03,+46.300250762E-03
+108.800000E-06,-27.239839538E-03,-108.114791812E-03,+46.324983801E-03
+108.802000E-06,-27.216166485E-03,-106.367775529E-03,+46.280228775E-03
+108.804000E-06,-27.190726787E-03,-107.408133622E-03,+46.240577393E-03
+108.806000E-06,-27.182600217E-03,-108.546638628E-03,+46.249606917E-03
+108.808000E-06,-27.191786775E-03,-109.096261725E-03,+46.309280284E-03
+108.810000E-06,-27.189490135E-03,-108.468121001E-03,+46.328517092E-03
+108.812000E-06,-27.175356969E-03,-109.194408718E-03,+46.291613825E-03
+108.814000E-06,-27.153627227E-03,-110.411431325E-03,+46.236651514E-03
+108.816000E-06,-27.132250814E-03,-109.606626007E-03,+46.240577394E-03
+108.818000E-06,-27.124654238E-03,-108.095162446E-03,+46.302606289E-03
+108.820000E-06,-27.116527667E-03,-107.486651169E-03,+46.322235685E-03
+108.822000E-06,-27.096917900E-03,-107.290357208E-03,+46.285332418E-03
+108.824000E-06,-27.075718151E-03,-106.995916253E-03,+46.252355032E-03
+108.826000E-06,-27.065648271E-03,-107.781092151E-03,+46.262169731E-03
+108.828000E-06,-27.048511807E-03,-108.998114757E-03,+46.294361942E-03
+108.830000E-06,-27.026428736E-03,-109.842178809E-03,+46.304176640E-03
+108.832000E-06,-27.006288975E-03,-109.528108434E-03,+46.263740081E-03
+108.834000E-06,-26.988975847E-03,-109.194408692E-03,+46.246858801E-03
+108.836000E-06,-26.963359484E-03,-107.368874755E-03,+46.275517721E-03
+108.838000E-06,-26.934033165E-03,-106.426663736E-03,+46.321057922E-03
+108.840000E-06,-26.905590169E-03,-107.977386139E-03,+46.310458046E-03
+108.842000E-06,-26.883507098E-03,-109.586996667E-03,+46.272377016E-03
+108.844000E-06,-26.859834046E-03,-108.958855917E-03,+46.264525258E-03
+108.846000E-06,-26.833334360E-03,-107.604427530E-03,+46.286117595E-03
+108.848000E-06,-26.797824781E-03,-108.389603454E-03,+46.308495108E-03
+108.850000E-06,-26.758605246E-03,-110.725501700E-03,+46.305746991E-03
+108.852000E-06,-26.723978990E-03,-111.451789338E-03,+46.277480659E-03
+108.854000E-06,-26.701189261E-03,-110.274025491E-03,+46.259814203E-03
+108.856000E-06,-26.672569600E-03,-108.860708923E-03,+46.288080535E-03
+108.858000E-06,-26.624340172E-03,-108.409232821E-03,+46.317132042E-03
+108.860000E-06,-26.573460775E-03,-108.644785595E-03,+46.298680408E-03
+108.862000E-06,-26.528764639E-03,-108.684044382E-03,+46.259814202E-03
+108.864000E-06,-26.493608390E-03,-107.722203917E-03,+46.257458675E-03
+108.866000E-06,-26.460925444E-03,-107.584798163E-03,+46.304569229E-03
+108.868000E-06,-26.416052643E-03,-109.508479094E-03,+46.324983801E-03
+108.870000E-06,-26.364466588E-03,-110.745131067E-03,+46.299465584E-03
+108.872000E-06,-26.318357135E-03,-109.783290575E-03,+46.262562318E-03
+108.874000E-06,-26.279314265E-03,-108.939226524E-03,+46.252355032E-03
+108.876000E-06,-26.243628022E-03,-108.978485337E-03,+46.281799128E-03
+108.878000E-06,-26.204585151E-03,-109.272926292E-03,+46.310850635E-03
+108.880000E-06,-26.157592375E-03,-108.762561956E-03,+46.286902770E-03
+108.882000E-06,-26.110776264E-03,-107.447392355E-03,+46.255495735E-03
+108.884000E-06,-26.066610121E-03,-106.995916253E-03,+46.254317972E-03
+108.886000E-06,-26.027743916E-03,-109.155149959E-03,+46.284939832E-03
+108.888000E-06,-25.984637761E-03,-112.217335869E-03,+46.308495108E-03
+108.890000E-06,-25.939588295E-03,-109.999213902E-03,+46.294754529E-03
+108.892000E-06,-25.891888861E-03,-105.778893566E-03,+46.259421614E-03
+108.894000E-06,-25.843836097E-03,-107.427763042E-03,+46.251962444E-03
+108.896000E-06,-25.810623158E-03,-112.413629884E-03,+46.292791591E-03
+108.898000E-06,-25.772110282E-03,-112.256594575E-03,+46.320665334E-03
+108.900000E-06,-25.725117506E-03,-107.879239010E-03,+46.282584302E-03
+108.902000E-06,-25.678301394E-03,-105.209641103E-03,+46.246466212E-03
+108.904000E-06,-25.625478688E-03,-106.976286913E-03,+46.261384555E-03
+108.906000E-06,-25.582902526E-03,-110.156249211E-03,+46.297110058E-03
+108.908000E-06,-25.543152998E-03,-110.843278034E-03,+46.304569228E-03
+108.910000E-06,-25.503580134E-03,-109.371073232E-03,+46.269236313E-03
+108.912000E-06,-25.462770618E-03,-109.017744124E-03,+46.253140208E-03
+108.914000E-06,-25.418074481E-03,-109.959955196E-03,+46.262562319E-03
+108.916000E-06,-25.371611699E-03,-110.646984073E-03,+46.302606289E-03
+108.918000E-06,-25.323735600E-03,-109.901066962E-03,+46.316346866E-03
+108.920000E-06,-25.267026273E-03,-108.409232794E-03,+46.268058548E-03
+108.922000E-06,-25.207843642E-03,-107.663315737E-03,+46.233510811E-03
+108.924000E-06,-25.160850866E-03,-107.859609724E-03,+46.268058551E-03
+108.926000E-06,-25.115624736E-03,-108.723303196E-03,+46.320272746E-03
+108.928000E-06,-25.051848825E-03,-109.528108460E-03,+46.324198624E-03
+108.930000E-06,-24.982949643E-03,-110.588095893E-03,+46.257851262E-03
+108.932000E-06,-24.924826999E-03,-110.175878524E-03,+46.223696112E-03
+108.934000E-06,-24.868294336E-03,-109.135520485E-03,+46.272377018E-03
+108.936000E-06,-24.803105109E-03,-107.761462704E-03,+46.329302269E-03
+108.938000E-06,-24.732969275E-03,-106.622957697E-03,+46.319880157E-03
+108.940000E-06,-24.669723358E-03,-107.997015532E-03,+46.251569855E-03
+108.942000E-06,-24.611247385E-03,-109.999214010E-03,+46.222910937E-03
+108.944000E-06,-24.550828102E-03,-109.704773001E-03,+46.280621365E-03
+108.946000E-06,-24.487582186E-03,-108.252197620E-03,+46.324983801E-03
+108.948000E-06,-24.426456244E-03,-108.193309466E-03,+46.310850634E-03
+108.950000E-06,-24.359500372E-03,-110.136619791E-03,+46.250392091E-03
+108.952000E-06,-24.302791045E-03,-110.823648641E-03,+46.233903399E-03
+108.954000E-06,-24.250145003E-03,-109.233667452E-03,+46.271199254E-03
+108.956000E-06,-24.189195725E-03,-108.448491607E-03,+46.326161565E-03
+108.958000E-06,-24.119589884E-03,-108.644785595E-03,+46.313991338E-03
+108.960000E-06,-24.046450752E-03,-108.546638601E-03,+46.250784679E-03
+108.962000E-06,-23.972958290E-03,-107.839980304E-03,+46.211918474E-03
+108.964000E-06,-23.898229177E-03,-106.642587091E-03,+46.268058551E-03
+108.966000E-06,-23.823323399E-03,-107.172580847E-03,+46.331657797E-03
+108.968000E-06,-23.745944316E-03,-108.919597184E-03,+46.323020860E-03
+108.970000E-06,-23.665738601E-03,-110.391801932E-03,+46.257458674E-03
+108.972000E-06,-23.588889513E-03,-110.568466473E-03,+46.223696112E-03
+108.974000E-06,-23.505150506E-03,-110.018843349E-03,+46.269628903E-03
+108.976000E-06,-23.420351512E-03,-108.978485310E-03,+46.326161565E-03
+108.978000E-06,-23.344209082E-03,-108.978485337E-03,+46.311243222E-03
+108.980000E-06,-23.261883392E-03,-108.173680046E-03,+46.247643976E-03
+108.982000E-06,-23.176024410E-03,-106.956657439E-03,+46.225266464E-03
+108.984000E-06,-23.091048752E-03,-106.662216511E-03,+46.278265837E-03
+108.986000E-06,-23.002539802E-03,-108.703673830E-03,+46.335583676E-03
+108.988000E-06,-22.917210814E-03,-110.921795662E-03,+46.320665333E-03
+108.990000E-06,-22.832411820E-03,-109.547737800E-03,+46.262562317E-03
+108.992000E-06,-22.748849478E-03,-107.113692586E-03,+46.235473751E-03
+108.994000E-06,-22.659280540E-03,-108.585897442E-03,+46.271199254E-03
+108.996000E-06,-22.568828280E-03,-112.001412515E-03,+46.326161565E-03
+108.998000E-06,-22.479612671E-03,-111.216236536E-03,+46.319487569E-03
+109.000000E-06,-22.385627120E-03,-107.879239037E-03,+46.268058548E-03
+109.002000E-06,-22.288461605E-03,-105.504082058E-03,+46.233510811E-03
+109.004000E-06,-22.185996154E-03,-106.740734139E-03,+46.265310435E-03
+109.006000E-06,-22.085297349E-03,-109.292555740E-03,+46.319880158E-03
+109.008000E-06,-21.989898481E-03,-109.901066989E-03,+46.326946740E-03
+109.010000E-06,-21.893969619E-03,-108.978485310E-03,+46.274732543E-03
+109.012000E-06,-21.806520656E-03,-108.566267995E-03,+46.234295986E-03
+109.014000E-06,-21.711651781E-03,-109.488849674E-03,+46.251569857E-03
+109.016000E-06,-21.614309603E-03,-109.488849647E-03,+46.312420988E-03
+109.018000E-06,-21.521737368E-03,-108.644785568E-03,+46.328909680E-03
+109.020000E-06,-21.426161835E-03,-107.702574523E-03,+46.277873247E-03
+109.022000E-06,-21.323873048E-03,-107.035175040E-03,+46.220947996E-03
+109.024000E-06,-21.216990982E-03,-106.956657466E-03,+46.238614455E-03
+109.026000E-06,-21.109578923E-03,-107.781092151E-03,+46.316346868E-03
+109.028000E-06,-21.007113472E-03,-109.272926319E-03,+46.354427896E-03
+109.030000E-06,-20.904118027E-03,-110.431060719E-03,+46.297895231E-03
+109.032000E-06,-20.803419222E-03,-110.018843349E-03,+46.226051639E-03
+109.034000E-06,-20.691943877E-03,-109.253296872E-03,+46.228014581E-03
+109.036000E-06,-20.578878552E-03,-108.055903658E-03,+46.303784054E-03
+109.038000E-06,-20.475706443E-03,-106.937028046E-03,+46.347361313E-03
+109.040000E-06,-20.381367562E-03,-107.486651196E-03,+46.297110056E-03
+109.042000E-06,-20.283142060E-03,-109.508479094E-03,+46.217807292E-03
+109.044000E-06,-20.173080032E-03,-109.920696382E-03,+46.218592470E-03
+109.046000E-06,-20.054008111E-03,-108.428862187E-03,+46.291613828E-03
+109.048000E-06,-19.947479375E-03,-108.899967764E-03,+46.351287193E-03
+109.050000E-06,-19.846603905E-03,-110.097360977E-03,+46.328124503E-03
+109.052000E-06,-19.743785125E-03,-109.429961439E-03,+46.244110684E-03
+109.054000E-06,-19.636903060E-03,-108.762561956E-03,+46.202496364E-03
+109.056000E-06,-19.523307740E-03,-109.233667505E-03,+46.264132672E-03
+109.058000E-06,-19.408829098E-03,-109.999213983E-03,+46.353250134E-03
+109.060000E-06,-19.291877152E-03,-108.448491580E-03,+46.334405910E-03
+109.062000E-06,-19.178281833E-03,-106.838881052E-03,+46.239399628E-03
+109.064000E-06,-19.063979856E-03,-106.917398679E-03,+46.196214957E-03
+109.066000E-06,-18.948264562E-03,-108.880338397E-03,+46.257851265E-03
+109.068000E-06,-18.831135951E-03,-110.804019275E-03,+46.357961189E-03
+109.070000E-06,-18.718777284E-03,-110.902166214E-03,+46.359924126E-03
+109.072000E-06,-18.608361927E-03,-109.508479013E-03,+46.264917844E-03
+109.074000E-06,-18.491939975E-03,-109.037373517E-03,+46.196607544E-03
+109.076000E-06,-18.365978136E-03,-109.547737854E-03,+46.235473752E-03
+109.078000E-06,-18.256092773E-03,-109.626255427E-03,+46.349324255E-03
+109.080000E-06,-18.147444062E-03,-108.664414962E-03,+46.364635182E-03
+109.082000E-06,-18.025015514E-03,-107.015545619E-03,+46.265703020E-03
+109.084000E-06,-17.904353612E-03,-106.799622292E-03,+46.196607544E-03
+109.086000E-06,-17.790404964E-03,-108.723303223E-03,+46.232725637E-03
+109.088000E-06,-17.676102986E-03,-110.646984100E-03,+46.343435436E-03
+109.090000E-06,-17.552967780E-03,-109.371073232E-03,+46.366598122E-03
+109.092000E-06,-17.431069226E-03,-107.506280535E-03,+46.277088070E-03
+109.094000E-06,-17.314470609E-03,-108.507379842E-03,+46.195429780E-03
+109.096000E-06,-17.204761911E-03,-111.569565779E-03,+46.235081164E-03
+109.098000E-06,-17.094699883E-03,-111.294754136E-03,+46.332835561E-03
+109.100000E-06,-16.968384715E-03,-108.036274211E-03,+46.359531539E-03
+109.102000E-06,-16.838536255E-03,-106.210740355E-03,+46.270806663E-03
+109.104000E-06,-16.712221087E-03,-106.564069544E-03,+46.200140835E-03
+109.106000E-06,-16.595092476E-03,-108.703673830E-03,+46.233118224E-03
+109.108000E-06,-16.489093734E-03,-109.822549416E-03,+46.335191089E-03
+109.110000E-06,-16.365958528E-03,-109.390702653E-03,+46.368168474E-03
+109.112000E-06,-16.238936701E-03,-109.174779298E-03,+46.288473120E-03
+109.114000E-06,-16.120394774E-03,-109.704773028E-03,+46.191503900E-03
+109.116000E-06,-16.014219367E-03,-109.371073259E-03,+46.212311064E-03
+109.118000E-06,-15.905923985E-03,-108.899967737E-03,+46.326946743E-03
+109.120000E-06,-15.781022133E-03,-107.879239091E-03,+46.375627645E-03
+109.122000E-06,-15.646403730E-03,-106.779992871E-03,+46.295147115E-03
+109.124000E-06,-15.520618555E-03,-106.367775556E-03,+46.206029654E-03
+109.126000E-06,-15.401193306E-03,-107.565168797E-03,+46.222518350E-03
+109.128000E-06,-15.287421322E-03,-108.566268022E-03,+46.325376391E-03
+109.130000E-06,-15.165699432E-03,-109.920696410E-03,+46.372486941E-03
+109.132000E-06,-15.034084327E-03,-110.372172512E-03,+46.286510180E-03
+109.134000E-06,-14.903705874E-03,-109.999213956E-03,+46.188363197E-03
+109.136000E-06,-14.778627357E-03,-108.428862187E-03,+46.200926013E-03
+109.138000E-06,-14.657965456E-03,-106.564069490E-03,+46.311635813E-03
+109.140000E-06,-14.527940331E-03,-107.152951454E-03,+46.376412821E-03
+109.142000E-06,-14.391555282E-03,-109.331814527E-03,+46.314776512E-03
+109.144000E-06,-14.256936879E-03,-108.801820742E-03,+46.217022116E-03
+109.146000E-06,-14.131328369E-03,-107.172580793E-03,+46.201711189E-03
+109.148000E-06,-14.009429815E-03,-107.781092151E-03,+46.302998878E-03
+109.150000E-06,-13.882937983E-03,-109.959955224E-03,+46.375235058E-03
+109.152000E-06,-13.745846275E-03,-110.804019248E-03,+46.328517090E-03
+109.154000E-06,-13.613524512E-03,-109.508479013E-03,+46.216236940E-03
+109.156000E-06,-13.482086071E-03,-108.350344613E-03,+46.193074254E-03
+109.158000E-06,-13.351884282E-03,-108.075533079E-03,+46.290828652E-03
+109.160000E-06,-13.214439246E-03,-108.330715247E-03,+46.373664706E-03
+109.162000E-06,-13.072224266E-03,-107.820350911E-03,+46.328517090E-03
+109.164000E-06,-12.931952597E-03,-106.642587090E-03,+46.229977518E-03
+109.166000E-06,-12.796980865E-03,-107.722203971E-03,+46.200533424E-03
+109.168000E-06,-12.670135703E-03,-109.685143662E-03,+46.272377019E-03
+109.170000E-06,-12.528274052E-03,-110.627354680E-03,+46.359924128E-03
+109.172000E-06,-12.384115762E-03,-109.901066962E-03,+46.346183548E-03
+109.174000E-06,-12.246140732E-03,-108.409232793E-03,+46.243718095E-03
+109.176000E-06,-12.115232285E-03,-107.938127298E-03,+46.193859429E-03
+109.178000E-06,-11.985207161E-03,-108.448491635E-03,+46.262954908E-03
+109.180000E-06,-11.846525473E-03,-108.389603427E-03,+46.353250134E-03
+109.182000E-06,-11.701660524E-03,-107.270727787E-03,+46.350894604E-03
+109.184000E-06,-11.559798874E-03,-106.976286859E-03,+46.263740080E-03
+109.186000E-06,-11.425887129E-03,-108.330715274E-03,+46.204851891E-03
+109.188000E-06,-11.294272024E-03,-110.862907482E-03,+46.264132672E-03
+109.190000E-06,-11.151703715E-03,-109.547737799E-03,+46.350502018E-03
+109.192000E-06,-11.003835469E-03,-106.701475243E-03,+46.347753900E-03
+109.194000E-06,-10.862857141E-03,-107.702574578E-03,+46.263347492E-03
+109.196000E-06,-10.737778626E-03,-110.646984128E-03,+46.218592469E-03
+109.198000E-06,-10.608636824E-03,-110.352543091E-03,+46.263347496E-03
+109.200000E-06,-10.452642007E-03,-106.956657384E-03,+46.333620736E-03
+109.202000E-06,-10.285517323E-03,-105.248899916E-03,+46.331657795E-03
+109.204000E-06,-10.128462520E-03,-106.034075842E-03,+46.264132669E-03
+109.206000E-06,-9.995257434E-03,-108.369974088E-03,+46.224481288E-03
+109.208000E-06,-9.861522353E-03,-109.920696410E-03,+46.269628903E-03
+109.210000E-06,-9.709944151E-03,-109.135520484E-03,+46.339902143E-03
+109.212000E-06,-9.548472733E-03,-107.486651141E-03,+46.335191086E-03
+109.214000E-06,-9.389651284E-03,-108.232568280E-03,+46.270021488E-03
+109.216000E-06,-9.247436304E-03,-109.744031842E-03,+46.230762695E-03
+109.218000E-06,-9.111227920E-03,-110.077731557E-03,+46.278658425E-03
+109.220000E-06,-8.959473054E-03,-107.761462676E-03,+46.338331791E-03
+109.222000E-06,-8.799238287E-03,-106.191110961E-03,+46.310065458E-03
+109.224000E-06,-8.641830155E-03,-106.701475325E-03,+46.247251388E-03
+109.226000E-06,-8.492371928E-03,-108.585897443E-03,+46.236258927E-03
+109.228000E-06,-8.341500384E-03,-110.215137365E-03,+46.296324883E-03
+109.230000E-06,-8.187802207E-03,-109.312185052E-03,+46.337939203E-03
+109.232000E-06,-8.026330789E-03,-109.155149905E-03,+46.304176639E-03
+109.234000E-06,-7.857616124E-03,-109.017744124E-03,+46.243718096E-03
+109.236000E-06,-7.696674700E-03,-108.036274265E-03,+46.238614455E-03
+109.238000E-06,-7.541916536E-03,-106.249999141E-03,+46.296717470E-03
+109.240000E-06,-7.377971814E-03,-107.113692668E-03,+46.332442972E-03
+109.242000E-06,-7.206430515E-03,-109.194408746E-03,+46.295147116E-03
+109.244000E-06,-7.038952502E-03,-108.919597130E-03,+46.248036564E-03
+109.246000E-06,-6.867234539E-03,-107.604427529E-03,+46.247643977E-03
+109.248000E-06,-6.698519874E-03,-108.114791893E-03,+46.306139581E-03
+109.250000E-06,-6.532808506E-03,-110.136619791E-03,+46.336368851E-03
+109.252000E-06,-6.374870380E-03,-110.686242860E-03,+46.290043473E-03
+109.254000E-06,-6.221702197E-03,-109.626255400E-03,+46.230762695E-03
+109.256000E-06,-6.051750879E-03,-107.820350883E-03,+46.231547872E-03
+109.258000E-06,-5.881799562E-03,-108.271827067E-03,+46.301428526E-03
+109.260000E-06,-5.717148182E-03,-108.782191376E-03,+46.327731916E-03
+109.262000E-06,-5.566806633E-03,-108.016644871E-03,+46.283369478E-03
+109.264000E-06,-5.420881697E-03,-106.937028045E-03,+46.229977519E-03
+109.266000E-06,-5.267890178E-03,-107.486651196E-03,+46.242540334E-03
+109.268000E-06,-5.110128716E-03,-109.096261752E-03,+46.305746993E-03
+109.270000E-06,-4.959257173E-03,-110.411431326E-03,+46.339116967E-03
+109.272000E-06,-4.824285441E-03,-109.606626007E-03,+46.287687945E-03
+109.274000E-06,-4.686487076E-03,-108.507379787E-03,+46.224873875E-03
+109.276000E-06,-4.541798792E-03,-108.644785596E-03,+46.239007043E-03
+109.278000E-06,-4.388807273E-03,-108.684044382E-03,+46.302606290E-03
+109.280000E-06,-4.233519115E-03,-108.134421259E-03,+46.330480032E-03
+109.282000E-06,-4.087947509E-03,-106.956657439E-03,+46.281013950E-03
+109.284000E-06,-3.947499175E-03,-106.662216511E-03,+46.237829278E-03
+109.286000E-06,-3.798924271E-03,-108.428862269E-03,+46.249214329E-03
+109.288000E-06,-3.644166107E-03,-110.058102191E-03,+46.312028400E-03
+109.290000E-06,-3.477571416E-03,-108.880338316E-03,+46.337154027E-03
+109.292000E-06,-3.321753265E-03,-107.859609697E-03,+46.292791588E-03
+109.294000E-06,-3.181304931E-03,-109.528108488E-03,+46.228407167E-03
+109.296000E-06,-3.039089951E-03,-111.981783095E-03,+46.244895862E-03
+109.298000E-06,-2.880268502E-03,-110.097360895E-03,+46.306139581E-03
+109.300000E-06,-2.712967153E-03,-106.760363423E-03,+46.319880157E-03
+109.302000E-06,-2.549729089E-03,-105.504082084E-03,+46.279443599E-03
+109.304000E-06,-2.400800856E-03,-107.035175094E-03,+46.240577393E-03
+109.306000E-06,-2.255052585E-03,-108.919597185E-03,+46.255103148E-03
+109.308000E-06,-2.102061067E-03,-109.979584590E-03,+46.299072998E-03
+109.310000E-06,-1.940589649E-03,-109.685143607E-03,+46.315954278E-03
+109.312000E-06,-1.781768199E-03,-109.351443866E-03,+46.284547242E-03
+109.314000E-06,-1.627186700E-03,-109.174779298E-03,+46.241362569E-03
+109.316000E-06,-1.471898542E-03,-109.429961467E-03,+46.246858801E-03
+109.318000E-06,-1.316433719E-03,-108.644785568E-03,+46.297895234E-03
+109.320000E-06,-1.152312333E-03,-107.702574523E-03,+46.313206162E-03
+109.322000E-06,-988.190946E-06,-107.035175039E-03,+46.284154654E-03
+109.324000E-06,-830.429485E-06,-107.094063247E-03,+46.249606916E-03
+109.326000E-06,-672.314694E-06,-108.212938887E-03,+46.253532796E-03
+109.328000E-06,-504.130022E-06,-109.469220281E-03,+46.301428525E-03
+109.330000E-06,-330.822078E-06,-110.588095893E-03,+46.319094982E-03
+109.332000E-06,-171.823964E-06,-110.038472743E-03,+46.284939830E-03
+109.334000E-06,-23.602389E-06,-108.841079529E-03,+46.238614453E-03
+109.336000E-06,+129.565794E-06,-107.722203916E-03,+46.251962445E-03
+109.338000E-06,+286.090604E-06,-106.622957697E-03,+46.295932294E-03
+109.340000E-06,+445.442047E-06,-107.447392409E-03,+46.312813575E-03
+109.342000E-06,+603.910167E-06,-109.508479095E-03,+46.292399001E-03
+109.344000E-06,+754.781710E-06,-109.233667478E-03,+46.267273373E-03
+109.346000E-06,+907.066571E-06,-107.643686315E-03,+46.258636439E-03
+109.348000E-06,+1.067124672E-03,-108.252197674E-03,+46.288080535E-03
+109.350000E-06,+1.225769457E-03,-110.431060747E-03,+46.311635811E-03
+109.352000E-06,+1.377877652E-03,-111.137718989E-03,+46.295147117E-03
+109.354000E-06,+1.510552745E-03,-109.822549361E-03,+46.264917846E-03
+109.356000E-06,+1.655417693E-03,-108.801820742E-03,+46.247251389E-03
+109.358000E-06,+1.816005789E-03,-108.821450163E-03,+46.281013952E-03
+109.360000E-06,+1.985957106E-03,-108.978485337E-03,+46.308102520E-03
+109.362000E-06,+2.140891934E-03,-108.311085826E-03,+46.292006413E-03
+109.364000E-06,+2.282400255E-03,-106.701475270E-03,+46.261777142E-03
+109.366000E-06,+2.416135336E-03,-107.309986629E-03,+46.260599379E-03
+109.368000E-06,+2.567536873E-03,-110.175878606E-03,+46.282976892E-03
+109.370000E-06,+2.730244943E-03,-111.118089596E-03,+46.313598751E-03
+109.372000E-06,+2.889243057E-03,-108.723303114E-03,+46.309280283E-03
+109.374000E-06,+3.032694688E-03,-107.957756691E-03,+46.272377016E-03
+109.376000E-06,+3.165369781E-03,-109.822549443E-03,+46.250784680E-03
+109.378000E-06,+3.316594654E-03,-110.784389854E-03,+46.267665962E-03
+109.380000E-06,+3.478066072E-03,-109.096261670E-03,+46.297895233E-03
+109.382000E-06,+3.640597478E-03,-106.642587063E-03,+46.296324881E-03
+109.384000E-06,+3.791999015E-03,-106.603328331E-03,+46.270806665E-03
+109.386000E-06,+3.933154007E-03,-109.940325858E-03,+46.250784680E-03
+109.388000E-06,+4.078018955E-03,-111.785489107E-03,+46.275910309E-03
+109.390000E-06,+4.235957082E-03,-109.233667423E-03,+46.310065460E-03
+109.392000E-06,+4.399371810E-03,-106.505181282E-03,+46.306139579E-03
+109.394000E-06,+4.558369924E-03,-108.369974089E-03,+46.269236313E-03
+109.396000E-06,+4.694401643E-03,-110.882536876E-03,+46.242147745E-03
+109.398000E-06,+4.833436660E-03,-110.234766703E-03,+46.269236314E-03
x-axis,F1
Hertz,Volt
-82.000E+03,
-81.900E+03,
-81.800E+03,
-81.700E+03,
-81.600E+03,
-81.500E+03,
-81.400E+03,
-81.300E+03,
-81.200E+03,
-81.100E+03,
-81.000E+03,
-80.900E+03,
-80.800E+03,
-80.700E+03,
-80.600E+03,
-80.500E+03,
-80.400E+03,
-80.300E+03,
-80.200E+03,
-80.100E+03,
-80.000E+03,
-79.900E+03,
-79.800E+03,
-79.700E+03,
-79.600E+03,
-79.500E+03,
-79.400E+03,
-79.300E+03,
-79.200E+03,
-79.100E+03,
-79.000E+03,
-78.900E+03,
-78.800E+03,
-78.700E+03,
-78.600E+03,
-78.500E+03,
-78.400E+03,
-78.300E+03,
-78.200E+03,
-78.100E+03,
-78.000E+03,
-77.900E+03,
-77.800E+03,
-77.700E+03,
-77.600E+03,
-77.500E+03,
-77.400E+03,
-77.300E+03,
-77.200E+03,
-77.100E+03,
-77.000E+03,
-76.900E+03,
-76.800E+03,
-76.700E+03,
-76.600E+03,
-76.500E+03,
-76.400E+03,
-76.300E+03,
-76.200E+03,
-76.100E+03,
-76.000E+03,
-75.900E+03,
-75.800E+03,
-75.700E+03,
-75.600E+03,
-75.500E+03,
-75.400E+03,
-75.300E+03,
-75.200E+03,
-75.100E+03,
-75.000E+03,
-74.900E+03,
-74.800E+03,
-74.700E+03,
-74.600E+03,
-74.500E+03,
-74.400E+03,
-74.300E+03,
-74.200E+03,
-74.100E+03,
-74.000E+03,
-73.900E+03,
-73.800E+03,
-73.700E+03,
-73.600E+03,
-73.500E+03,
-73.400E+03,
-73.300E+03,
-73.200E+03,
-73.100E+03,
-73.000E+03,
-72.900E+03,
-72.800E+03,
-72.700E+03,
-72.600E+03,
-72.500E+03,
-72.400E+03,
-72.300E+03,
-72.200E+03,
-72.100E+03,
-72.000E+03,
-71.900E+03,
-71.800E+03,
-71.700E+03,
-71.600E+03,
-71.500E+03,
-71.400E+03,
-71.300E+03,
-71.200E+03,
-71.100E+03,
-71.000E+03,
-70.900E+03,
-70.800E+03,
-70.700E+03,
-70.600E+03,
-70.500E+03,
-70.400E+03,
-70.300E+03,
-70.200E+03,
-70.100E+03,
-70.000E+03,
-69.900E+03,
-69.800E+03,
-69.700E+03,
-69.600E+03,
-69.500E+03,
-69.400E+03,
-69.300E+03,
-69.200E+03,
-69.100E+03,
-69.000E+03,
-68.900E+03,
-68.800E+03,
-68.700E+03,
-68.600E+03,
-68.500E+03,
-68.400E+03,
-68.300E+03,
-68.200E+03,
-68.100E+03,
-68.000E+03,
-67.900E+03,
-67.800E+03,
-67.700E+03,
-67.600E+03,
-67.500E+03,
-67.400E+03,
-67.300E+03,
-67.200E+03,
-67.100E+03,
-67.000E+03,
-66.900E+03,
-66.800E+03,
-66.700E+03,
-66.600E+03,
-66.500E+03,
-66.400E+03,
-66.300E+03,
-66.200E+03,
-66.100E+03,
-66.000E+03,
-65.900E+03,
-65.800E+03,
-65.700E+03,
-65.600E+03,
-65.500E+03,
-65.400E+03,
-65.300E+03,
-65.200E+03,
-65.100E+03,
-65.000E+03,
-64.900E+03,
-64.800E+03,
-64.700E+03,
-64.600E+03,
-64.500E+03,
-64.400E+03,
-64.300E+03,
-64.200E+03,
-64.100E+03,
-64.000E+03,
-63.900E+03,
-63.800E+03,
-63.700E+03,
-63.600E+03,
-63.500E+03,
-63.400E+03,
-63.300E+03,
-63.200E+03,
-63.100E+03,
-63.000E+03,
-62.900E+03,
-62.800E+03,
-62.700E+03,
-62.600E+03,
-62.500E+03,
-62.400E+03,
-62.300E+03,
-62.200E+03,
-62.100E+03,
-62.000E+03,
-61.900E+03,
-61.800E+03,
-61.700E+03,
-61.600E+03,
-61.500E+03,
-61.400E+03,
-61.300E+03,
-61.200E+03,
-61.100E+03,
-61.000E+03,
-60.900E+03,
-60.800E+03,
-60.700E+03,
-60.600E+03,
-60.500E+03,
-60.400E+03,
-60.300E+03,
-60.200E+03,
-60.100E+03,
-60.000E+03,
-59.900E+03,
-59.800E+03,
-59.700E+03,
-59.600E+03,
-59.500E+03,
-59.400E+03,
-59.300E+03,
-59.200E+03,
-59.100E+03,
-59.000E+03,
-58.900E+03,
-58.800E+03,
-58.700E+03,
-58.600E+03,
-58.500E+03,
-58.400E+03,
-58.300E+03,
-58.200E+03,
-58.100E+03,
-58.000E+03,
-57.900E+03,
-57.800E+03,
-57.700E+03,
-57.600E+03,
-57.500E+03,
-57.400E+03,
-57.300E+03,
-57.200E+03,
-57.100E+03,
-57.000E+03,
-56.900E+03,
-56.800E+03,
-56.700E+03,
-56.600E+03,
-56.500E+03,
-56.400E+03,
-56.300E+03,
-56.200E+03,
-56.100E+03,
-56.000E+03,
-55.900E+03,
-55.800E+03,
-55.700E+03,
-55.600E+03,
-55.500E+03,
-55.400E+03,
-55.300E+03,
-55.200E+03,
-55.100E+03,
-55.000E+03,
-54.900E+03,
-54.800E+03,
-54.700E+03,
-54.600E+03,
-54.500E+03,
-54.400E+03,
-54.300E+03,
-54.200E+03,
-54.100E+03,
-54.000E+03,
-53.900E+03,
-53.800E+03,
-53.700E+03,
-53.600E+03,
-53.500E+03,
-53.400E+03,
-53.300E+03,
-53.200E+03,
-53.100E+03,
-53.000E+03,
-52.900E+03,
-52.800E+03,
-52.700E+03,
-52.600E+03,
-52.500E+03,
-52.400E+03,
-52.300E+03,
-52.200E+03,
-52.100E+03,
-52.000E+03,
-51.900E+03,
-51.800E+03,
-51.700E+03,
-51.600E+03,
-51.500E+03,
-51.400E+03,
-51.300E+03,
-51.200E+03,
-51.100E+03,
-51.000E+03,
-50.900E+03,
-50.800E+03,
-50.700E+03,
-50.600E+03,
-50.500E+03,
-50.400E+03,
-50.300E+03,
-50.200E+03,
-50.100E+03,
-50.000E+03,
-49.900E+03,
-49.800E+03,
-49.700E+03,
-49.600E+03,
-49.500E+03,
-49.400E+03,
-49.300E+03,
-49.200E+03,
-49.100E+03,
-49.000E+03,
-48.900E+03,
-48.800E+03,
-48.700E+03,
-48.600E+03,
-48.500E+03,
-48.400E+03,
-48.300E+03,
-48.200E+03,
-48.100E+03,
-48.000E+03,
-47.900E+03,
-47.800E+03,
-47.700E+03,
-47.600E+03,
-47.500E+03,
-47.400E+03,
-47.300E+03,
-47.200E+03,
-47.100E+03,
-47.000E+03,
-46.900E+03,
-46.800E+03,
-46.700E+03,
-46.600E+03,
-46.500E+03,
-46.400E+03,
-46.300E+03,
-46.200E+03,
-46.100E+03,
-46.000E+03,
-45.900E+03,
-45.800E+03,
-45.700E+03,
-45.600E+03,
-45.500E+03,
-45.400E+03,
-45.300E+03,
-45.200E+03,
-45.100E+03,
-45.000E+03,
-44.900E+03,
-44.800E+03,
-44.700E+03,
-44.600E+03,
-44.500E+03,
-44.400E+03,
-44.300E+03,
-44.200E+03,
-44.100E+03,
-44.000E+03,
-43.900E+03,
-43.800E+03,
-43.700E+03,
-43.600E+03,
-43.500E+03,
-43.400E+03,
-43.300E+03,
-43.200E+03,
-43.100E+03,
-43.000E+03,
-42.900E+03,
-42.800E+03,
-42.700E+03,
-42.600E+03,
-42.500E+03,
-42.400E+03,
-42.300E+03,
-42.200E+03,
-42.100E+03,
-42.000E+03,
-41.900E+03,
-41.800E+03,
-41.700E+03,
-41.600E+03,
-41.500E+03,
-41.400E+03,
-41.300E+03,
-41.200E+03,
-41.100E+03,
-41.000E+03,
-40.900E+03,
-40.800E+03,
-40.700E+03,
-40.600E+03,
-40.500E+03,
-40.400E+03,
-40.300E+03,
-40.200E+03,
-40.100E+03,
-40.000E+03,
-39.900E+03,
-39.800E+03,
-39.700E+03,
-39.600E+03,
-39.500E+03,
-39.400E+03,
-39.300E+03,
-39.200E+03,
-39.100E+03,
-39.000E+03,
-38.900E+03,
-38.800E+03,
-38.700E+03,
-38.600E+03,
-38.500E+03,
-38.400E+03,
-38.300E+03,
-38.200E+03,
-38.100E+03,
-38.000E+03,
-37.900E+03,
-37.800E+03,
-37.700E+03,
-37.600E+03,
-37.500E+03,
-37.400E+03,
-37.300E+03,
-37.200E+03,
-37.100E+03,
-37.000E+03,
-36.900E+03,
-36.800E+03,
-36.700E+03,
-36.600E+03,
-36.500E+03,
-36.400E+03,
-36.300E+03,
-36.200E+03,
-36.100E+03,
-36.000E+03,
-35.900E+03,
-35.800E+03,
-35.700E+03,
-35.600E+03,
-35.500E+03,
-35.400E+03,
-35.300E+03,
-35.200E+03,
-35.100E+03,
-35.000E+03,
-34.900E+03,
-34.800E+03,
-34.700E+03,
-34.600E+03,
-34.500E+03,
-34.400E+03,
-34.300E+03,
-34.200E+03,
-34.100E+03,
-34.000E+03,
-33.900E+03,
-33.800E+03,
-33.700E+03,
-33.600E+03,
-33.500E+03,
-33.400E+03,
-33.300E+03,
-33.200E+03,
-33.100E+03,
-33.000E+03,
-32.900E+03,
-32.800E+03,
-32.700E+03,
-32.600E+03,
-32.500E+03,
-32.400E+03,
-32.300E+03,
-32.200E+03,
-32.100E+03,
-32.000E+03,
-31.900E+03,
-31.800E+03,
-31.700E+03,
-31.600E+03,
-31.500E+03,
-31.400E+03,
-31.300E+03,
-31.200E+03,
-31.100E+03,
-31.000E+03,
-30.900E+03,
-30.800E+03,
-30.700E+03,
-30.600E+03,
-30.500E+03,
-30.400E+03,
-30.300E+03,
-30.200E+03,
-30.100E+03,
-30.000E+03,
-29.900E+03,
-29.800E+03,
-29.700E+03,
-29.600E+03,
-29.500E+03,
-29.400E+03,
-29.300E+03,
-29.200E+03,
-29.100E+03,
-29.000E+03,
-28.900E+03,
-28.800E+03,
-28.700E+03,
-28.600E+03,
-28.500E+03,
-28.400E+03,
-28.300E+03,
-28.200E+03,
-28.100E+03,
-28.000E+03,
-27.900E+03,
-27.800E+03,
-27.700E+03,
-27.600E+03,
-27.500E+03,
-27.400E+03,
-27.300E+03,
-27.200E+03,
-27.100E+03,
-27.000E+03,
-26.900E+03,
-26.800E+03,
-26.700E+03,
-26.600E+03,
-26.500E+03,
-26.400E+03,
-26.300E+03,
-26.200E+03,
-26.100E+03,
-26.000E+03,
-25.900E+03,
-25.800E+03,
-25.700E+03,
-25.600E+03,
-25.500E+03,
-25.400E+03,
-25.300E+03,
-25.200E+03,
-25.100E+03,
-25.000E+03,
-24.900E+03,
-24.800E+03,
-24.700E+03,
-24.600E+03,
-24.500E+03,
-24.400E+03,
-24.300E+03,
-24.200E+03,
-24.100E+03,
-24.000E+03,
-23.900E+03,
-23.800E+03,
-23.700E+03,
-23.600E+03,
-23.500E+03,
-23.400E+03,
-23.300E+03,
-23.200E+03,
-23.100E+03,
-23.000E+03,
-22.900E+03,
-22.800E+03,
-22.700E+03,
-22.600E+03,
-22.500E+03,
-22.400E+03,
-22.300E+03,
-22.200E+03,
-22.100E+03,
-22.000E+03,
-21.900E+03,
-21.800E+03,
-21.700E+03,
-21.600E+03,
-21.500E+03,
-21.400E+03,
-21.300E+03,
-21.200E+03,
-21.100E+03,
-21.000E+03,
-20.900E+03,
-20.800E+03,
-20.700E+03,
-20.600E+03,
-20.500E+03,
-20.400E+03,
-20.300E+03,
-20.200E+03,
-20.100E+03,
-20.000E+03,
-19.900E+03,
-19.800E+03,
-19.700E+03,
-19.600E+03,
-19.500E+03,
-19.400E+03,
-19.300E+03,
-19.200E+03,
-19.100E+03,
-19.000E+03,
-18.900E+03,
-18.800E+03,
-18.700E+03,
-18.600E+03,
-18.500E+03,
-18.400E+03,
-18.300E+03,
-18.200E+03,
-18.100E+03,
-18.000E+03,
-17.900E+03,
-17.800E+03,
-17.700E+03,
-17.600E+03,
-17.500E+03,
-17.400E+03,
-17.300E+03,
-17.200E+03,
-17.100E+03,
-17.000E+03,
-16.900E+03,
-16.800E+03,
-16.700E+03,
-16.600E+03,
-16.500E+03,
-16.400E+03,
-16.300E+03,
-16.200E+03,
-16.100E+03,
-16.000E+03,
-15.900E+03,
-15.800E+03,
-15.700E+03,
-15.600E+03,
-15.500E+03,
-15.400E+03,
-15.300E+03,
-15.200E+03,
-15.100E+03,
-15.000E+03,
-14.900E+03,
-14.800E+03,
-14.700E+03,
-14.600E+03,
-14.500E+03,
-14.400E+03,
-14.300E+03,
-14.200E+03,
-14.100E+03,
-14.000E+03,
-13.900E+03,
-13.800E+03,
-13.700E+03,
-13.600E+03,
-13.500E+03,
-13.400E+03,
-13.300E+03,
-13.200E+03,
-13.100E+03,
-13.000E+03,
-12.900E+03,
-12.800E+03,
-12.700E+03,
-12.600E+03,
-12.500E+03,
-12.400E+03,
-12.300E+03,
-12.200E+03,
-12.100E+03,
-12.000E+03,
-11.900E+03,
-11.800E+03,
-11.700E+03,
-11.600E+03,
-11.500E+03,
-11.400E+03,
-11.300E+03,
-11.200E+03,
-11.100E+03,
-11.000E+03,
-10.900E+03,
-10.800E+03,
-10.700E+03,
-10.600E+03,
-10.500E+03,
-10.400E+03,
-10.300E+03,
-10.200E+03,
-10.100E+03,
-10.000E+03,
-9.900E+03,
-9.800E+03,
-9.700E+03,
-9.600E+03,
-9.500E+03,
-9.400E+03,
-9.300E+03,
-9.200E+03,
-9.100E+03,
-9.000E+03,
-8.900E+03,
-8.800E+03,
-8.700E+03,
-8.600E+03,
-8.500E+03,
-8.400E+03,
-8.300E+03,
-8.200E+03,
-8.100E+03,
-8.000E+03,
-7.900E+03,
-7.800E+03,
-7.700E+03,
-7.600E+03,-188.551E-06
-7.500E+03,-185.867E-06
-7.400E+03,-183.183E-06
-7.300E+03,-180.499E-06
-7.200E+03,-177.815E-06
-7.100E+03,-175.131E-06
-7.000E+03,-172.447E-06
-6.900E+03,-169.763E-06
-6.800E+03,-167.079E-06
-6.700E+03,-164.395E-06
-6.600E+03,-161.711E-06
-6.500E+03,-159.027E-06
-6.400E+03,-156.343E-06
-6.300E+03,-153.659E-06
-6.200E+03,-150.975E-06
-6.100E+03,-148.291E-06
-6.000E+03,-145.607E-06
-5.900E+03,-142.923E-06
-5.800E+03,-140.239E-06
-5.700E+03,-137.555E-06
-5.600E+03,-134.871E-06
-5.500E+03,-132.187E-06
-5.400E+03,-129.503E-06
-5.300E+03,-126.819E-06
-5.200E+03,-124.135E-06
-5.100E+03,-121.451E-06
-5.000E+03,-118.767E-06
-4.900E+03,-116.083E-06
-4.800E+03,-113.399E-06
-4.700E+03,-110.715E-06
-4.600E+03,-108.031E-06
-4.500E+03,-105.347E-06
-4.400E+03,-102.663E-06
-4.300E+03,-99.979E-06
-4.200E+03,-97.295E-06
-4.100E+03,-94.611E-06
-4.000E+03,-91.927E-06
-3.900E+03,-89.243E-06
-3.800E+03,-86.559E-06
-3.700E+03,-83.875E-06
-3.600E+03,-81.191E-06
-3.500E+03,-78.507E-06
-3.400E+03,-75.823E-06
-3.300E+03,-73.139E-06
-3.200E+03,-70.455E-06
-3.100E+03,-67.771E-06
-3.000E+03,-65.087E-06
-2.900E+03,-62.403E-06
-2.800E+03,-59.719E-06
-2.700E+03,-57.035E-06
-2.600E+03,-54.351E-06
-2.500E+03,-51.667E-06
-2.400E+03,-48.983E-06
-2.300E+03,-46.299E-06
-2.200E+03,-43.615E-06
-2.100E+03,-40.931E-06
-2.000E+03,-38.247E-06
-1.900E+03,-35.563E-06
-1.800E+03,-32.879E-06
-1.700E+03,-30.195E-06
-1.600E+03,-27.511E-06
-1.500E+03,-24.827E-06
-1.400E+03,-22.143E-06
-1.300E+03,-19.459E-06
-1.200E+03,-16.775E-06
-1.100E+03,-14.091E-06
-1.000E+03,-11.407E-06
-900E+00,-8.723E-06
-800E+00,-6.039E-06
-700E+00,-3.355E-06
-600E+00,-671E-09
-500E+00,+2.013E-06
-400E+00,+4.697E-06
-300E+00,+7.381E-06
-200E+00,+10.065E-06
-100E+00,+12.749E-06
+0E+00,+15.433E-06
+100E+00,+18.117E-06
+200E+00,+20.801E-06
+300E+00,+23.485E-06
+400E+00,+26.169E-06
+500E+00,+28.853E-06
+600E+00,+31.537E-06
+700E+00,+34.221E-06
+800E+00,+36.905E-06
+900E+00,+39.589E-06
+1.000E+03,+42.273E-06
+1.100E+03,+44.957E-06
+1.200E+03,+47.641E-06
+1.300E+03,+50.325E-06
+1.400E+03,+53.009E-06
+1.500E+03,+55.693E-06
+1.600E+03,+58.377E-06
+1.700E+03,+61.061E-06
+1.800E+03,+63.745E-06
+1.900E+03,+66.429E-06
+2.000E+03,+69.113E-06
+2.100E+03,+71.797E-06
+2.200E+03,+74.481E-06
+2.300E+03,+77.165E-06
+2.400E+03,+79.849E-06
+2.500E+03,+82.533E-06
+2.600E+03,+85.217E-06
+2.700E+03,+87.901E-06
+2.800E+03,+90.585E-06
+2.900E+03,+93.269E-06
+3.000E+03,+95.953E-06
+3.100E+03,+98.637E-06
+3.200E+03,+101.321E-06
+3.300E+03,+104.005E-06
+3.400E+03,+106.689E-06
+3.500E+03,+109.373E-06
+3.600E+03,+112.057E-06
+3.700E+03,+114.741E-06
+3.800E+03,+117.425E-06
+3.900E+03,+120.109E-06
+4.000E+03,+122.793E-06
+4.100E+03,+125.477E-06
+4.200E+03,+128.161E-06
+4.300E+03,+130.845E-06
+4.400E+03,+133.529E-06
+4.500E+03,+136.213E-06
+4.600E+03,+138.897E-06
+4.700E+03,+141.581E-06
+4.800E+03,+144.265E-06
+4.900E+03,+146.949E-06
+5.000E+03,+149.633E-06
+5.100E+03,+152.317E-06
+5.200E+03,+155.001E-06
+5.300E+03,+157.685E-06
+5.400E+03,+160.369E-06
+5.500E+03,+163.053E-06
+5.600E+03,+165.737E-06
+5.700E+03,+168.421E-06
+5.800E+03,+171.105E-06
+5.900E+03,+173.789E-06
+6.000E+03,+176.473E-06
+6.100E+03,+179.157E-06
+6.200E+03,+181.841E-06
+6.300E+03,+184.525E-06
+6.400E+03,+187.209E-06
+6.500E+03,+189.893E-06
+6.600E+03,+192.577E-06
+6.700E+03,+195.261E-06
+6.800E+03,+197.945E-06
+6.900E+03,+200.629E-06
+7.000E+03,+203.313E-06
+7.100E+03,+205.997E-06
+7.200E+03,+208.681E-06
+7.300E+03,+211.365E-06
+7.400E+03,+214.049E-06
+7.500E+03,+216.733E-06
+7.600E+03,+219.417E-06
+7.700E+03,+222.101E-06
+7.800E+03,+224.785E-06
+7.900E+03,+227.469E-06
+8.000E+03,+230.153E-06
+8.100E+03,+232.837E-06
+8.200E+03,+235.521E-06
+8.300E+03,+238.205E-06
+8.400E+03,+240.889E-06
+8.500E+03,+243.573E-06
+8.600E+03,+246.257E-06
+8.700E+03,+248.941E-06
+8.800E+03,+251.625E-06
+8.900E+03,+254.309E-06
+9.000E+03,+256.993E-06
+9.100E+03,+259.677E-06
+9.200E+03,+262.361E-06
+9.300E+03,+265.045E-06
+9.400E+03,+267.729E-06
+9.500E+03,+270.413E-06
+9.600E+03,+273.097E-06
+9.700E+03,+275.781E-06
+9.800E+03,+278.465E-06
+9.900E+03,+281.149E-06
+10.000E+03,+283.833E-06
+10.100E+03,+286.517E-06
+10.200E+03,+289.201E-06
+10.300E+03,+291.885E-06
+10.400E+03,+294.569E-06
+10.500E+03,+297.253E-06
+10.600E+03,+299.937E-06
+10.700E+03,+302.621E-06
+10.800E+03,+305.305E-06
+10.900E+03,+307.989E-06
+11.000E+03,+310.673E-06
+11.100E+03,+313.357E-06
+11.200E+03,+316.041E-06
+11.300E+03,+318.725E-06
+11.400E+03,+321.409E-06
+11.500E+03,+324.093E-06
+11.600E+03,+326.777E-06
+11.700E+03,+329.461E-06
+11.800E+03,+332.145E-06
+11.900E+03,+334.829E-06
+12.000E+03,+337.513E-06
+12.100E+03,+340.197E-06
+12.200E+03,+342.881E-06
+12.300E+03,+345.565E-06
+12.400E+03,+348.249E-06
+12.500E+03,+350.933E-06
+12.600E+03,+353.617E-06
+12.700E+03,+356.301E-06
+12.800E+03,+358.985E-06
+12.900E+03,+361.669E-06
+13.000E+03,+364.353E-06
+13.100E+03,+367.037E-06
+13.200E+03,+369.721E-06
+13.300E+03,+372.405E-06
+13.400E+03,+375.089E-06
+13.500E+03,+377.773E-06
+13.600E+03,+380.457E-06
+13.700E+03,+383.141E-06
+13.800E+03,+385.825E-06
+13.900E+03,+388.509E-06
+14.000E+03,+391.193E-06
+14.100E+03,+393.877E-06
+14.200E+03,+396.561E-06
+14.300E+03,+399.245E-06
+14.400E+03,+401.929E-06
+14.500E+03,+404.613E-06
+14.600E+03,+407.297E-06
+14.700E+03,+409.981E-06
+14.800E+03,+412.665E-06
+14.900E+03,+415.349E-06
+15.000E+03,+418.033E-06
+15.100E+03,+420.717E-06
+15.200E+03,+423.401E-06
+15.300E+03,+426.451E-06
+15.400E+03,+430.023E-06
+15.500E+03,+433.595E-06
+15.600E+03,+437.167E-06
+15.700E+03,+440.739E-06
+15.800E+03,+444.311E-06
+15.900E+03,+447.883E-06
+16.000E+03,+451.455E-06
+16.100E+03,+455.027E-06
+16.200E+03,+458.599E-06
+16.300E+03,+462.171E-06
+16.400E+03,+465.743E-06
+16.500E+03,+469.315E-06
+16.600E+03,+472.887E-06
+16.700E+03,+476.459E-06
+16.800E+03,+480.031E-06
+16.900E+03,+483.603E-06
+17.000E+03,+487.175E-06
+17.100E+03,+490.747E-06
+17.200E+03,+494.319E-06
+17.300E+03,+497.891E-06
+17.400E+03,+501.463E-06
+17.500E+03,+505.035E-06
+17.600E+03,+508.607E-06
+17.700E+03,+512.179E-06
+17.800E+03,+515.751E-06
+17.900E+03,+519.323E-06
+18.000E+03,+522.895E-06
+18.100E+03,+526.467E-06
+18.200E+03,+530.039E-06
+18.300E+03,+533.611E-06
+18.400E+03,+537.183E-06
+18.500E+03,+540.755E-06
+18.600E+03,+544.327E-06
+18.700E+03,+547.899E-06
+18.800E+03,+551.471E-06
+18.900E+03,+555.043E-06
+19.000E+03,+558.615E-06
+19.100E+03,+562.187E-06
+19.200E+03,+565.759E-06
+19.300E+03,+569.331E-06
+19.400E+03,+572.903E-06
+19.500E+03,+576.475E-06
+19.600E+03,+580.047E-06
+19.700E+03,+583.619E-06
+19.800E+03,+587.191E-06
+19.900E+03,+590.763E-06
+20.000E+03,+594.335E-06
+20.100E+03,+597.907E-06
+20.200E+03,+601.479E-06
+20.300E+03,+605.051E-06
+20.400E+03,+608.623E-06
+20.500E+03,+612.195E-06
+20.600E+03,+615.767E-06
+20.700E+03,+619.339E-06
+20.800E+03,+622.911E-06
+20.900E+03,+626.483E-06
+21.000E+03,+630.055E-06
+21.100E+03,+633.627E-06
+21.200E+03,+637.199E-06
+21.300E+03,+640.771E-06
+21.400E+03,+644.343E-06
+21.500E+03,+647.915E-06
+21.600E+03,+651.487E-06
+21.700E+03,+655.059E-06
+21.800E+03,+658.631E-06
+21.900E+03,+662.203E-06
+22.000E+03,+665.775E-06
+22.100E+03,+669.347E-06
+22.200E+03,+672.919E-06
+22.300E+03,+676.491E-06
+22.400E+03,+680.063E-06
+22.500E+03,+683.635E-06
+22.600E+03,+687.207E-06
+22.700E+03,+690.779E-06
+22.800E+03,+694.351E-06
+22.900E+03,+697.923E-06
+23.000E+03,+701.495E-06
+23.100E+03,+705.067E-06
+23.200E+03,+708.639E-06
+23.300E+03,+712.211E-06
+23.400E+03,+715.783E-06
+23.500E+03,+719.355E-06
+23.600E+03,+722.927E-06
+23.700E+03,+726.499E-06
+23.800E+03,+730.071E-06
+23.900E+03,+733.643E-06
+24.000E+03,+737.215E-06
+24.100E+03,+740.787E-06
+24.200E+03,+744.359E-06
+24.300E+03,+747.931E-06
+24.400E+03,+751.503E-06
+24.500E+03,+755.075E-06
+24.600E+03,+758.647E-06
+24.700E+03,+762.219E-06
+24.800E+03,+765.791E-06
+24.900E+03,+769.363E-06
+25.000E+03,+772.935E-06
+25.100E+03,+776.507E-06
+25.200E+03,+780.079E-06
+25.300E+03,+783.651E-06
+25.400E+03,+787.223E-06
+25.500E+03,+790.795E-06
+25.600E+03,+794.367E-06
+25.700E+03,+797.939E-06
+25.800E+03,+801.511E-06
+25.900E+03,+805.083E-06
+26.000E+03,+808.655E-06
+26.100E+03,+812.227E-06
+26.200E+03,+815.799E-06
+26.300E+03,+819.371E-06
+26.400E+03,+822.943E-06
+26.500E+03,+826.515E-06
+26.600E+03,+830.087E-06
+26.700E+03,+833.659E-06
+26.800E+03,+837.231E-06
+26.900E+03,+840.803E-06
+27.000E+03,+844.375E-06
+27.100E+03,+847.947E-06
+27.200E+03,+851.519E-06
+27.300E+03,+855.091E-06
+27.400E+03,+858.663E-06
+27.500E+03,+862.235E-06
+27.600E+03,+865.807E-06
+27.700E+03,+869.379E-06
+27.800E+03,+872.951E-06
+27.900E+03,+876.523E-06
+28.000E+03,+880.095E-06
+28.100E+03,+883.667E-06
+28.200E+03,+887.239E-06
+28.300E+03,+890.811E-06
+28.400E+03,+894.383E-06
+28.500E+03,+897.955E-06
+28.600E+03,+901.527E-06
+28.700E+03,+905.099E-06
+28.800E+03,+908.671E-06
+28.900E+03,+912.243E-06
+29.000E+03,+915.815E-06
+29.100E+03,+919.387E-06
+29.200E+03,+922.959E-06
+29.300E+03,+926.531E-06
+29.400E+03,+930.103E-06
+29.500E+03,+933.675E-06
+29.600E+03,+937.247E-06
+29.700E+03,+940.819E-06
+29.800E+03,+944.391E-06
+29.900E+03,+947.963E-06
+30.000E+03,+951.535E-06
+30.100E+03,+955.107E-06
+30.200E+03,+958.679E-06
+30.300E+03,+962.251E-06
+30.400E+03,+965.823E-06
+30.500E+03,+969.395E-06
+30.600E+03,+970.844E-06
+30.700E+03,+971.840E-06
+30.800E+03,+972.836E-06
+30.900E+03,+973.832E-06
+31.000E+03,+974.828E-06
+31.100E+03,+975.824E-06
+31.200E+03,+976.820E-06
+31.300E+03,+977.816E-06
+31.400E+03,+978.812E-06
+31.500E+03,+979.808E-06
+31.600E+03,+980.804E-06
+31.700E+03,+981.800E-06
+31.800E+03,+982.796E-06
+31.900E+03,+983.792E-06
+32.000E+03,+984.788E-06
+32.100E+03,+985.784E-06
+32.200E+03,+986.780E-06
+32.300E+03,+987.776E-06
+32.400E+03,+988.772E-06
+32.500E+03,+989.768E-06
+32.600E+03,+990.764E-06
+32.700E+03,+991.760E-06
+32.800E+03,+992.756E-06
+32.900E+03,+993.752E-06
+33.000E+03,+994.748E-06
+33.100E+03,+995.744E-06
+33.200E+03,+996.740E-06
+33.300E+03,+997.736E-06
+33.400E+03,+998.732E-06
+33.500E+03,+999.728E-06
+33.600E+03,+1.000724E-03
+33.700E+03,+1.001720E-03
+33.800E+03,+1.002716E-03
+33.900E+03,+1.003712E-03
+34.000E+03,+1.004708E-03
+34.100E+03,+1.005704E-03
+34.200E+03,+1.006700E-03
+34.300E+03,+1.007696E-03
+34.400E+03,+1.008692E-03
+34.500E+03,+1.009688E-03
+34.600E+03,+1.010684E-03
+34.700E+03,+1.011680E-03
+34.800E+03,+1.012676E-03
+34.900E+03,+1.013672E-03
+35.000E+03,+1.014668E-03
+35.100E+03,+1.015664E-03
+35.200E+03,+1.016660E-03
+35.300E+03,+1.017656E-03
+35.400E+03,+1.018652E-03
+35.500E+03,+1.019648E-03
+35.600E+03,+1.020644E-03
+35.700E+03,+1.021640E-03
+35.800E+03,+1.022636E-03
+35.900E+03,+1.023632E-03
+36.000E+03,+1.024628E-03
+36.100E+03,+1.025624E-03
+36.200E+03,+1.026620E-03
+36.300E+03,+1.027616E-03
+36.400E+03,+1.028612E-03
+36.500E+03,+1.029608E-03
+36.600E+03,+1.030604E-03
+36.700E+03,+1.031600E-03
+36.800E+03,+1.032596E-03
+36.900E+03,+1.033592E-03
+37.000E+03,+1.034588E-03
+37.100E+03,+1.035584E-03
+37.200E+03,+1.036580E-03
+37.300E+03,+1.037576E-03
+37.400E+03,+1.038572E-03
+37.500E+03,+1.039568E-03
+37.600E+03,+1.040564E-03
+37.700E+03,+1.041560E-03
+37.800E+03,+1.042556E-03
+37.900E+03,+1.043552E-03
+38.000E+03,+1.044548E-03
+38.100E+03,+1.045544E-03
+38.200E+03,+1.046540E-03
+38.300E+03,+1.047536E-03
+38.400E+03,+1.048532E-03
+38.500E+03,+1.049528E-03
+38.600E+03,+1.050524E-03
+38.700E+03,+1.051520E-03
+38.800E+03,+1.052516E-03
+38.900E+03,+1.053512E-03
+39.000E+03,+1.054508E-03
+39.100E+03,+1.055504E-03
+39.200E+03,+1.056500E-03
+39.300E+03,+1.057496E-03
+39.400E+03,+1.058492E-03
+39.500E+03,+1.059488E-03
+39.600E+03,+1.060484E-03
+39.700E+03,+1.061480E-03
+39.800E+03,+1.062476E-03
+39.900E+03,+1.063472E-03
+40.000E+03,+1.064468E-03
+40.100E+03,+1.065464E-03
+40.200E+03,+1.066460E-03
+40.300E+03,+1.067456E-03
+40.400E+03,+1.068452E-03
+40.500E+03,+1.069448E-03
+40.600E+03,+1.070444E-03
+40.700E+03,+1.071440E-03
+40.800E+03,+1.072436E-03
+40.900E+03,+1.073432E-03
+41.000E+03,+1.074428E-03
+41.100E+03,+1.075424E-03
+41.200E+03,+1.076420E-03
+41.300E+03,+1.077416E-03
+41.400E+03,+1.078412E-03
+41.500E+03,+1.079408E-03
+41.600E+03,+1.080404E-03
+41.700E+03,+1.081400E-03
+41.800E+03,+1.082396E-03
+41.900E+03,+1.083392E-03
+42.000E+03,+1.084388E-03
+42.100E+03,+1.085384E-03
+42.200E+03,+1.086380E-03
+42.300E+03,+1.087376E-03
+42.400E+03,+1.088372E-03
+42.500E+03,+1.089368E-03
+42.600E+03,+1.090364E-03
+42.700E+03,+1.091360E-03
+42.800E+03,+1.092356E-03
+42.900E+03,+1.093352E-03
+43.000E+03,+1.094348E-03
+43.100E+03,+1.095344E-03
+43.200E+03,+1.096340E-03
+43.300E+03,+1.097336E-03
+43.400E+03,+1.098332E-03
+43.500E+03,+1.099328E-03
+43.600E+03,+1.100324E-03
+43.700E+03,+1.101320E-03
+43.800E+03,+1.102316E-03
+43.900E+03,+1.103312E-03
+44.000E+03,+1.104308E-03
+44.100E+03,+1.105304E-03
+44.200E+03,+1.106300E-03
+44.300E+03,+1.107296E-03
+44.400E+03,+1.108292E-03
+44.500E+03,+1.109288E-03
+44.600E+03,+1.110284E-03
+44.700E+03,+1.111280E-03
+44.800E+03,+1.112276E-03
+44.900E+03,+1.113272E-03
+45.000E+03,+1.114268E-03
+45.100E+03,+1.115264E-03
+45.200E+03,+1.116260E-03
+45.300E+03,+1.117256E-03
+45.400E+03,+1.118252E-03
+45.500E+03,+1.119248E-03
+45.600E+03,+1.120244E-03
+45.700E+03,+1.121240E-03
+45.800E+03,+1.121198E-03
+45.900E+03,+1.117802E-03
+46.000E+03,+1.114406E-03
+46.100E+03,+1.111010E-03
+46.200E+03,+1.107614E-03
+46.300E+03,+1.104218E-03
+46.400E+03,+1.100822E-03
+46.500E+03,+1.097426E-03
+46.600E+03,+1.094030E-03
+46.700E+03,+1.090634E-03
+46.800E+03,+1.087238E-03
+46.900E+03,+1.083842E-03
+47.000E+03,+1.080446E-03
+47.100E+03,+1.077050E-03
+47.200E+03,+1.073654E-03
+47.300E+03,+1.070258E-03
+47.400E+03,+1.066862E-03
+47.500E+03,+1.063466E-03
+47.600E+03,+1.060070E-03
+47.700E+03,+1.056674E-03
+47.800E+03,+1.053278E-03
+47.900E+03,+1.049882E-03
+48.000E+03,+1.046486E-03
+48.100E+03,+1.043090E-03
+48.200E+03,+1.039694E-03
+48.300E+03,+1.036298E-03
+48.400E+03,+1.032902E-03
+48.500E+03,+1.029506E-03
+48.600E+03,+1.026110E-03
+48.700E+03,+1.022714E-03
+48.800E+03,+1.019318E-03
+48.900E+03,+1.015922E-03
+49.000E+03,+1.012526E-03
+49.100E+03,+1.009130E-03
+49.200E+03,+1.005734E-03
+49.300E+03,+1.002338E-03
+49.400E+03,+998.942E-06
+49.500E+03,+995.546E-06
+49.600E+03,+992.150E-06
+49.700E+03,+988.754E-06
+49.800E+03,+985.358E-06
+49.900E+03,+981.962E-06
+50.000E+03,+978.566E-06
+50.100E+03,+975.170E-06
+50.200E+03,+971.774E-06
+50.300E+03,+968.378E-06
+50.400E+03,+964.982E-06
+50.500E+03,+961.586E-06
+50.600E+03,+958.190E-06
+50.700E+03,+954.794E-06
+50.800E+03,+951.398E-06
+50.900E+03,+948.002E-06
+51.000E+03,+944.606E-06
+51.100E+03,+941.210E-06
+51.200E+03,+937.814E-06
+51.300E+03,+934.418E-06
+51.400E+03,+931.022E-06
+51.500E+03,+927.626E-06
+51.600E+03,+924.230E-06
+51.700E+03,+920.834E-06
+51.800E+03,+917.438E-06
+51.900E+03,+914.042E-06
+52.000E+03,+910.646E-06
+52.100E+03,+907.250E-06
+52.200E+03,+903.854E-06
+52.300E+03,+900.458E-06
+52.400E+03,+897.062E-06
+52.500E+03,+893.666E-06
+52.600E+03,+890.270E-06
+52.700E+03,+886.874E-06
+52.800E+03,+883.478E-06
+52.900E+03,+880.082E-06
+53.000E+03,+876.686E-06
+53.100E+03,+873.290E-06
+53.200E+03,+869.894E-06
+53.300E+03,+866.498E-06
+53.400E+03,+863.102E-06
+53.500E+03,+859.706E-06
+53.600E+03,+856.310E-06
+53.700E+03,+852.914E-06
+53.800E+03,+849.518E-06
+53.900E+03,+846.122E-06
+54.000E+03,+842.726E-06
+54.100E+03,+839.330E-06
+54.200E+03,+835.934E-06
+54.300E+03,+832.538E-06
+54.400E+03,+829.142E-06
+54.500E+03,+825.746E-06
+54.600E+03,+822.350E-06
+54.700E+03,+818.954E-06
+54.800E+03,+815.558E-06
+54.900E+03,+812.162E-06
+55.000E+03,+808.766E-06
+55.100E+03,+805.370E-06
+55.200E+03,+801.974E-06
+55.300E+03,+798.578E-06
+55.400E+03,+795.182E-06
+55.500E+03,+791.786E-06
+55.600E+03,+788.390E-06
+55.700E+03,+784.994E-06
+55.800E+03,+781.598E-06
+55.900E+03,+778.202E-06
+56.000E+03,+774.806E-06
+56.100E+03,+771.410E-06
+56.200E+03,+768.014E-06
+56.300E+03,+764.618E-06
+56.400E+03,+761.222E-06
+56.500E+03,+757.826E-06
+56.600E+03,+754.430E-06
+56.700E+03,+751.034E-06
+56.800E+03,+747.638E-06
+56.900E+03,+744.242E-06
+57.000E+03,+740.846E-06
+57.100E+03,+737.450E-06
+57.200E+03,+734.054E-06
+57.300E+03,+730.658E-06
+57.400E+03,+727.262E-06
+57.500E+03,+723.866E-06
+57.600E+03,+720.470E-06
+57.700E+03,+717.074E-06
+57.800E+03,+713.678E-06
+57.900E+03,+710.282E-06
+58.000E+03,+706.886E-06
+58.100E+03,+703.490E-06
+58.200E+03,+700.094E-06
+58.300E+03,+696.698E-06
+58.400E+03,+693.302E-06
+58.500E+03,+689.906E-06
+58.600E+03,+686.510E-06
+58.700E+03,+683.114E-06
+58.800E+03,+679.718E-06
+58.900E+03,+676.322E-06
+59.000E+03,+672.926E-06
+59.100E+03,+669.530E-06
+59.200E+03,+666.134E-06
+59.300E+03,+662.738E-06
+59.400E+03,+659.342E-06
+59.500E+03,+655.946E-06
+59.600E+03,+652.550E-06
+59.700E+03,+649.154E-06
+59.800E+03,+645.758E-06
+59.900E+03,+642.362E-06
+60.000E+03,+638.966E-06
+60.100E+03,+635.570E-06
+60.200E+03,+632.174E-06
+60.300E+03,+628.778E-06
+60.400E+03,+625.382E-06
+60.500E+03,+621.986E-06
+60.600E+03,+618.590E-06
+60.700E+03,+615.194E-06
+60.800E+03,+611.798E-06
+60.900E+03,+608.402E-06
+61.000E+03,+605.006E-06
+61.100E+03,+603.680E-06
+61.200E+03,+603.476E-06
+61.300E+03,+603.272E-06
+61.400E+03,+603.068E-06
+61.500E+03,+602.864E-06
+61.600E+03,+602.660E-06
+61.700E+03,+602.456E-06
+61.800E+03,+602.252E-06
+61.900E+03,+602.048E-06
+62.000E+03,+601.844E-06
+62.100E+03,+601.640E-06
+62.200E+03,+601.436E-06
+62.300E+03,+601.232E-06
+62.400E+03,+601.028E-06
+62.500E+03,+600.824E-06
+62.600E+03,+600.620E-06
+62.700E+03,+600.416E-06
+62.800E+03,+600.212E-06
+62.900E+03,+600.008E-06
+63.000E+03,+599.804E-06
+63.100E+03,+599.600E-06
+63.200E+03,+599.396E-06
+63.300E+03,+599.192E-06
+63.400E+03,+598.988E-06
+63.500E+03,+598.784E-06
+63.600E+03,+598.580E-06
+63.700E+03,+598.376E-06
+63.800E+03,+598.172E-06
+63.900E+03,+597.968E-06
+64.000E+03,+597.764E-06
+64.100E+03,+597.560E-06
+64.200E+03,+597.356E-06
+64.300E+03,+597.152E-06
+64.400E+03,+596.948E-06
+64.500E+03,+596.744E-06
+64.600E+03,+596.540E-06
+64.700E+03,+596.336E-06
+64.800E+03,+596.132E-06
+64.900E+03,+595.928E-06
+65.000E+03,+595.724E-06
+65.100E+03,+595.520E-06
+65.200E+03,+595.316E-06
+65.300E+03,+595.112E-06
+65.400E+03,+594.908E-06
+65.500E+03,+594.704E-06
+65.600E+03,+594.500E-06
+65.700E+03,+594.296E-06
+65.800E+03,+594.092E-06
+65.900E+03,+593.888E-06
+66.000E+03,+593.684E-06
+66.100E+03,+593.480E-06
+66.200E+03,+593.276E-06
+66.300E+03,+593.072E-06
+66.400E+03,+592.868E-06
+66.500E+03,+592.664E-06
+66.600E+03,+592.460E-06
+66.700E+03,+592.256E-06
+66.800E+03,+592.052E-06
+66.900E+03,+591.848E-06
+67.000E+03,+591.644E-06
+67.100E+03,+591.440E-06
+67.200E+03,+591.236E-06
+67.300E+03,+591.032E-06
+67.400E+03,+590.828E-06
+67.500E+03,+590.624E-06
+67.600E+03,+590.420E-06
+67.700E+03,+590.216E-06
+67.800E+03,+590.012E-06
+67.900E+03,+589.808E-06
+68.000E+03,+589.604E-06
+68.100E+03,+589.400E-06
+68.200E+03,+589.196E-06
+68.300E+03,+588.992E-06
+68.400E+03,+588.788E-06
+68.500E+03,+588.584E-06
+68.600E+03,+588.380E-06
+68.700E+03,+588.176E-06
+68.800E+03,+587.972E-06
+68.900E+03,+587.768E-06
+69.000E+03,+587.564E-06
+69.100E+03,+587.360E-06
+69.200E+03,+587.156E-06
+69.300E+03,+586.952E-06
+69.400E+03,+586.748E-06
+69.500E+03,+586.544E-06
+69.600E+03,+586.340E-06
+69.700E+03,+586.136E-06
+69.800E+03,+585.932E-06
+69.900E+03,+585.728E-06
+70.000E+03,+585.524E-06
+70.100E+03,+585.320E-06
+70.200E+03,+585.116E-06
+70.300E+03,+584.912E-06
+70.400E+03,+584.708E-06
+70.500E+03,+584.504E-06
+70.600E+03,+584.300E-06
+70.700E+03,+584.096E-06
+70.800E+03,+583.892E-06
+70.900E+03,+583.688E-06
+71.000E+03,+583.484E-06
+71.100E+03,+583.280E-06
+71.200E+03,+583.076E-06
+71.300E+03,+582.872E-06
+71.400E+03,+582.668E-06
+71.500E+03,+582.464E-06
+71.600E+03,+582.260E-06
+71.700E+03,+582.056E-06
+71.800E+03,+581.852E-06
+71.900E+03,+581.648E-06
+72.000E+03,+581.444E-06
+72.100E+03,+581.240E-06
+72.200E+03,+581.036E-06
+72.300E+03,+580.832E-06
+72.400E+03,+580.628E-06
+72.500E+03,+580.424E-06
+72.600E+03,+580.220E-06
+72.700E+03,+580.016E-06
+72.800E+03,+579.812E-06
+72.900E+03,+579.608E-06
+73.000E+03,+579.404E-06
+73.100E+03,+579.200E-06
+73.200E+03,+578.996E-06
+73.300E+03,+578.792E-06
+73.400E+03,+578.588E-06
+73.500E+03,+578.384E-06
+73.600E+03,+578.180E-06
+73.700E+03,+577.976E-06
+73.800E+03,+577.772E-06
+73.900E+03,+577.568E-06
+74.000E+03,+577.364E-06
+74.100E+03,+577.160E-06
+74.200E+03,+576.956E-06
+74.300E+03,+576.752E-06
+74.400E+03,+576.548E-06
+74.500E+03,+576.344E-06
+74.600E+03,+576.140E-06
+74.700E+03,+575.936E-06
+74.800E+03,+575.732E-06
+74.900E+03,+575.528E-06
+75.000E+03,+575.324E-06
+75.100E+03,+575.120E-06
+75.200E+03,+574.916E-06
+75.300E+03,+574.712E-06
+75.400E+03,+574.508E-06
+75.500E+03,+574.304E-06
+75.600E+03,+574.100E-06
+75.700E+03,+573.896E-06
+75.800E+03,+573.692E-06
+75.900E+03,+573.488E-06
+76.000E+03,+573.284E-06
+76.100E+03,+573.080E-06
+76.200E+03,+572.876E-06
+76.300E+03,+572.907E-06
+76.400E+03,+576.595E-06
+76.500E+03,+580.283E-06
+76.600E+03,+583.971E-06
+76.700E+03,+587.659E-06
+76.800E+03,+591.347E-06
+76.900E+03,+595.035E-06
+77.000E+03,+598.723E-06
+77.100E+03,+602.411E-06
+77.200E+03,+606.099E-06
+77.300E+03,+609.787E-06
+77.400E+03,+613.475E-06
+77.500E+03,+617.163E-06
+77.600E+03,+620.851E-06
+77.700E+03,+624.539E-06
+77.800E+03,+628.227E-06
+77.900E+03,+631.915E-06
+78.000E+03,+635.603E-06
+78.100E+03,+639.291E-06
+78.200E+03,+642.979E-06
+78.300E+03,+646.667E-06
+78.400E+03,+650.355E-06
+78.500E+03,+654.043E-06
+78.600E+03,+657.731E-06
+78.700E+03,+661.419E-06
+78.800E+03,+665.107E-06
+78.900E+03,+668.795E-06
+79.000E+03,+672.483E-06
+79.100E+03,+676.171E-06
+79.200E+03,+679.859E-06
+79.300E+03,+683.547E-06
+79.400E+03,+687.235E-06
+79.500E+03,+690.923E-06
+79.600E+03,+694.611E-06
+79.700E+03,+698.299E-06
+79.800E+03,+701.987E-06
+79.900E+03,+705.675E-06
+80.000E+03,+709.363E-06
+80.100E+03,+713.051E-06
+80.200E+03,+716.739E-06
+80.300E+03,+720.427E-06
+80.400E+03,+724.115E-06
+80.500E+03,+727.803E-06
+80.600E+03,+731.491E-06
+80.700E+03,+735.179E-06
+80.800E+03,+738.867E-06
+80.900E+03,+742.555E-06
+81.000E+03,+746.243E-06
+81.100E+03,+749.931E-06
+81.200E+03,+753.619E-06
+81.300E+03,+757.307E-06
+81.400E+03,+760.995E-06
+81.500E+03,+764.683E-06
+81.600E+03,+768.371E-06
+81.700E+03,+772.059E-06
+81.800E+03,+775.747E-06
+81.900E+03,+779.435E-06
+82.000E+03,+783.123E-06
+82.100E+03,+786.811E-06
+82.200E+03,+790.499E-06
+82.300E+03,+794.187E-06
+82.400E+03,+797.875E-06
+82.500E+03,+801.563E-06
+82.600E+03,+805.251E-06
+82.700E+03,+808.939E-06
+82.800E+03,+812.627E-06
+82.900E+03,+816.315E-06
+83.000E+03,+820.003E-06
+83.100E+03,+823.691E-06
+83.200E+03,+827.379E-06
+83.300E+03,+831.067E-06
+83.400E+03,+834.755E-06
+83.500E+03,+838.443E-06
+83.600E+03,+842.131E-06
+83.700E+03,+845.819E-06
+83.800E+03,+849.507E-06
+83.900E+03,+853.195E-06
+84.000E+03,+856.883E-06
+84.100E+03,+860.571E-06
+84.200E+03,+864.259E-06
+84.300E+03,+867.947E-06
+84.400E+03,+871.635E-06
+84.500E+03,+875.323E-06
+84.600E+03,+879.011E-06
+84.700E+03,+882.699E-06
+84.800E+03,+886.387E-06
+84.900E+03,+890.075E-06
+85.000E+03,+893.763E-06
+85.100E+03,+897.451E-06
+85.200E+03,+901.139E-06
+85.300E+03,+904.827E-06
+85.400E+03,+908.515E-06
+85.500E+03,+912.203E-06
+85.600E+03,+915.891E-06
+85.700E+03,+919.579E-06
+85.800E+03,+923.267E-06
+85.900E+03,+926.955E-06
+86.000E+03,+930.643E-06
+86.100E+03,+934.331E-06
+86.200E+03,+938.019E-06
+86.300E+03,+941.707E-06
+86.400E+03,+945.395E-06
+86.500E+03,+949.083E-06
+86.600E+03,+952.771E-06
+86.700E+03,+956.459E-06
+86.800E+03,+960.147E-06
+86.900E+03,+963.835E-06
+87.000E+03,+967.523E-06
+87.100E+03,+971.211E-06
+87.200E+03,+974.899E-06
+87.300E+03,+978.587E-06
+87.400E+03,+982.275E-06
+87.500E+03,+985.963E-06
+87.600E+03,+989.651E-06
+87.700E+03,+993.339E-06
+87.800E+03,+997.027E-06
+87.900E+03,+1.000715E-03
+88.000E+03,+1.004403E-03
+88.100E+03,+1.008091E-03
+88.200E+03,+1.011779E-03
+88.300E+03,+1.015467E-03
+88.400E+03,+1.019155E-03
+88.500E+03,+1.022843E-03
+88.600E+03,+1.026531E-03
+88.700E+03,+1.030219E-03
+88.800E+03,+1.033907E-03
+88.900E+03,+1.037595E-03
+89.000E+03,+1.041283E-03
+89.100E+03,+1.044971E-03
+89.200E+03,+1.048659E-03
+89.300E+03,+1.052347E-03
+89.400E+03,+1.056035E-03
+89.500E+03,+1.059723E-03
+89.600E+03,+1.063411E-03
+89.700E+03,+1.067099E-03
+89.800E+03,+1.070787E-03
+89.900E+03,+1.074475E-03
+90.000E+03,+1.078163E-03
+90.100E+03,+1.081851E-03
+90.200E+03,+1.085539E-03
+90.300E+03,+1.089227E-03
+90.400E+03,+1.092915E-03
+90.500E+03,+1.096603E-03
+90.600E+03,+1.100291E-03
+90.700E+03,+1.103979E-03
+90.800E+03,+1.107667E-03
+90.900E+03,+1.111355E-03
+91.000E+03,+1.115043E-03
+91.100E+03,+1.118731E-03
+91.200E+03,+1.122419E-03
+91.300E+03,+1.126107E-03
+91.400E+03,+1.129795E-03
+91.500E+03,+1.133483E-03
+91.600E+03,+1.134642E-03
+91.700E+03,+1.132978E-03
+91.800E+03,+1.131314E-03
+91.900E+03,+1.129650E-03
+92.000E+03,+1.127986E-03
+92.100E+03,+1.126322E-03
+92.200E+03,+1.124658E-03
+92.300E+03,+1.122994E-03
+92.400E+03,+1.121330E-03
+92.500E+03,+1.119666E-03
+92.600E+03,+1.118002E-03
+92.700E+03,+1.116338E-03
+92.800E+03,+1.114674E-03
+92.900E+03,+1.113010E-03
+93.000E+03,+1.111346E-03
+93.100E+03,+1.109682E-03
+93.200E+03,+1.108018E-03
+93.300E+03,+1.106354E-03
+93.400E+03,+1.104690E-03
+93.500E+03,+1.103026E-03
+93.600E+03,+1.101362E-03
+93.700E+03,+1.099698E-03
+93.800E+03,+1.098034E-03
+93.900E+03,+1.096370E-03
+94.000E+03,+1.094706E-03
+94.100E+03,+1.093042E-03
+94.200E+03,+1.091378E-03
+94.300E+03,+1.089714E-03
+94.400E+03,+1.088050E-03
+94.500E+03,+1.086386E-03
+94.600E+03,+1.084722E-03
+94.700E+03,+1.083058E-03
+94.800E+03,+1.081394E-03
+94.900E+03,+1.079730E-03
+95.000E+03,+1.078066E-03
+95.100E+03,+1.076402E-03
+95.200E+03,+1.074738E-03
+95.300E+03,+1.073074E-03
+95.400E+03,+1.071410E-03
+95.500E+03,+1.069746E-03
+95.600E+03,+1.068082E-03
+95.700E+03,+1.066418E-03
+95.800E+03,+1.064754E-03
+95.900E+03,+1.063090E-03
+96.000E+03,+1.061426E-03
+96.100E+03,+1.059762E-03
+96.200E+03,+1.058098E-03
+96.300E+03,+1.056434E-03
+96.400E+03,+1.054770E-03
+96.500E+03,+1.053106E-03
+96.600E+03,+1.051442E-03
+96.700E+03,+1.049778E-03
+96.800E+03,+1.048114E-03
+96.900E+03,+1.046450E-03
+97.000E+03,+1.044786E-03
+97.100E+03,+1.043122E-03
+97.200E+03,+1.041458E-03
+97.300E+03,+1.039794E-03
+97.400E+03,+1.038130E-03
+97.500E+03,+1.036466E-03
+97.600E+03,+1.034802E-03
+97.700E+03,+1.033138E-03
+97.800E+03,+1.031474E-03
+97.900E+03,+1.029810E-03
+98.000E+03,+1.028146E-03
+98.100E+03,+1.026482E-03
+98.200E+03,+1.024818E-03
+98.300E+03,+1.023154E-03
+98.400E+03,+1.021490E-03
+98.500E+03,+1.019826E-03
+98.600E+03,+1.018162E-03
+98.700E+03,+1.016498E-03
+98.800E+03,+1.014834E-03
+98.900E+03,+1.013170E-03
+99.000E+03,+1.011506E-03
+99.100E+03,+1.009842E-03
+99.200E+03,+1.008178E-03
+99.300E+03,+1.006514E-03
+99.400E+03,+1.004850E-03
+99.500E+03,+1.003186E-03
+99.600E+03,+1.001522E-03
+99.700E+03,+999.858E-06
+99.800E+03,+998.194E-06
+99.900E+03,+996.530E-06
+100.000E+03,+994.866E-06
+100.100E+03,+993.202E-06
+100.200E+03,+991.538E-06
+100.300E+03,+989.874E-06
+100.400E+03,+988.210E-06
+100.500E+03,+986.546E-06
+100.600E+03,+984.882E-06
+100.700E+03,+983.218E-06
+100.800E+03,+981.554E-06
+100.900E+03,+979.890E-06
+101.000E+03,+978.226E-06
+101.100E+03,+976.562E-06
+101.200E+03,+974.898E-06
+101.300E+03,+973.234E-06
+101.400E+03,+971.570E-06
+101.500E+03,+969.906E-06
+101.600E+03,+968.242E-06
+101.700E+03,+966.578E-06
+101.800E+03,+964.914E-06
+101.900E+03,+963.250E-06
+102.000E+03,+961.586E-06
+102.100E+03,+959.922E-06
+102.200E+03,+958.258E-06
+102.300E+03,+956.594E-06
+102.400E+03,+954.930E-06
+102.500E+03,+953.266E-06
+102.600E+03,+951.602E-06
+102.700E+03,+949.938E-06
+102.800E+03,+948.274E-06
+102.900E+03,+946.610E-06
+103.000E+03,+944.946E-06
+103.100E+03,+943.282E-06
+103.200E+03,+941.618E-06
+103.300E+03,+939.954E-06
+103.400E+03,+938.290E-06
+103.500E+03,+936.626E-06
+103.600E+03,+934.962E-06
+103.700E+03,+933.298E-06
+103.800E+03,+931.634E-06
+103.900E+03,+929.970E-06
+104.000E+03,+928.306E-06
+104.100E+03,+926.642E-06
+104.200E+03,+924.978E-06
+104.300E+03,+923.314E-06
+104.400E+03,+921.650E-06
+104.500E+03,+919.986E-06
+104.600E+03,+918.322E-06
+104.700E+03,+916.658E-06
+104.800E+03,+914.994E-06
+104.900E+03,+913.330E-06
+105.000E+03,+911.666E-06
+105.100E+03,+910.002E-06
+105.200E+03,+908.338E-06
+105.300E+03,+906.674E-06
+105.400E+03,+905.010E-06
+105.500E+03,+903.346E-06
+105.600E+03,+901.682E-06
+105.700E+03,+900.018E-06
+105.800E+03,+898.354E-06
+105.900E+03,+896.690E-06
+106.000E+03,+895.026E-06
+106.100E+03,+893.362E-06
+106.200E+03,+891.698E-06
+106.300E+03,+890.034E-06
+106.400E+03,+888.370E-06
+106.500E+03,+886.706E-06
+106.600E+03,+885.042E-06
+106.700E+03,+883.378E-06
+106.800E+03,+881.714E-06
+106.900E+03,+878.715E-06
+107.000E+03,+875.543E-06
+107.100E+03,+872.371E-06
+107.200E+03,+869.199E-06
+107.300E+03,+866.027E-06
+107.400E+03,+862.855E-06
+107.500E+03,+859.683E-06
+107.600E+03,+856.511E-06
+107.700E+03,+853.339E-06
+107.800E+03,+850.167E-06
+107.900E+03,+846.995E-06
+108.000E+03,+843.823E-06
+108.100E+03,+840.651E-06
+108.200E+03,+837.479E-06
+108.300E+03,+834.307E-06
+108.400E+03,+831.135E-06
+108.500E+03,+827.963E-06
+108.600E+03,+824.791E-06
+108.700E+03,+821.619E-06
+108.800E+03,+818.447E-06
+108.900E+03,+815.275E-06
+109.000E+03,+812.103E-06
+109.100E+03,+808.931E-06
+109.200E+03,+805.759E-06
+109.300E+03,+802.587E-06
+109.400E+03,+799.415E-06
+109.500E+03,+796.243E-06
+109.600E+03,+793.071E-06
+109.700E+03,+789.899E-06
+109.800E+03,+786.727E-06
+109.900E+03,+783.555E-06
+110.000E+03,+780.383E-06
+110.100E+03,+777.211E-06
+110.200E+03,+774.039E-06
+110.300E+03,+770.867E-06
+110.400E+03,+767.695E-06
+110.500E+03,+764.523E-06
+110.600E+03,+761.351E-06
+110.700E+03,+758.179E-06
+110.800E+03,+755.007E-06
+110.900E+03,+751.835E-06
+111.000E+03,+748.663E-06
+111.100E+03,+745.491E-06
+111.200E+03,+742.319E-06
+111.300E+03,+739.147E-06
+111.400E+03,+735.975E-06
+111.500E+03,+732.803E-06
+111.600E+03,+729.631E-06
+111.700E+03,+726.459E-06
+111.800E+03,+723.287E-06
+111.900E+03,+720.115E-06
+112.000E+03,+716.943E-06
+112.100E+03,+713.771E-06
+112.200E+03,+710.599E-06
+112.300E+03,+707.427E-06
+112.400E+03,+704.255E-06
+112.500E+03,+701.083E-06
+112.600E+03,+697.911E-06
+112.700E+03,+694.739E-06
+112.800E+03,+691.567E-06
+112.900E+03,+688.395E-06
+113.000E+03,+685.223E-06
+113.100E+03,+682.051E-06
+113.200E+03,+678.879E-06
+113.300E+03,+675.707E-06
+113.400E+03,+672.535E-06
+113.500E+03,+669.363E-06
+113.600E+03,+666.191E-06
+113.700E+03,+663.019E-06
+113.800E+03,+659.847E-06
+113.900E+03,+656.675E-06
+114.000E+03,+653.503E-06
+114.100E+03,+650.331E-06
+114.200E+03,+647.159E-06
+114.300E+03,+643.987E-06
+114.400E+03,+640.815E-06
+114.500E+03,+637.643E-06
+114.600E+03,+634.471E-06
+114.700E+03,+631.299E-06
+114.800E+03,+628.127E-06
+114.900E+03,+624.955E-06
+115.000E+03,+621.783E-06
+115.100E+03,+618.611E-06
+115.200E+03,+615.439E-06
+115.300E+03,+612.267E-06
+115.400E+03,+609.095E-06
+115.500E+03,+605.923E-06
+115.600E+03,+602.751E-06
+115.700E+03,+599.579E-06
+115.800E+03,+596.407E-06
+115.900E+03,+593.235E-06
+116.000E+03,+590.063E-06
+116.100E+03,+586.891E-06
+116.200E+03,+583.719E-06
+116.300E+03,+580.547E-06
+116.400E+03,+577.375E-06
+116.500E+03,+574.203E-06
+116.600E+03,+571.031E-06
+116.700E+03,+567.859E-06
+116.800E+03,+564.687E-06
+116.900E+03,+561.515E-06
+117.000E+03,+558.343E-06
+117.100E+03,+555.171E-06
+117.200E+03,+551.999E-06
+117.300E+03,+548.827E-06
+117.400E+03,+545.655E-06
+117.500E+03,+542.483E-06
+117.600E+03,+539.311E-06
+117.700E+03,+536.139E-06
+117.800E+03,+532.967E-06
+117.900E+03,+529.795E-06
+118.000E+03,+526.623E-06
+118.100E+03,+523.451E-06
+118.200E+03,+520.279E-06
+118.300E+03,+517.107E-06
+118.400E+03,+513.935E-06
+118.500E+03,+510.763E-06
+118.600E+03,+507.591E-06
+118.700E+03,+504.419E-06
+118.800E+03,+501.247E-06
+118.900E+03,+498.075E-06
+119.000E+03,+494.903E-06
+119.100E+03,+491.731E-06
+119.200E+03,+488.559E-06
+119.300E+03,+485.387E-06
+119.400E+03,+482.215E-06
+119.500E+03,+479.043E-06
+119.600E+03,+475.871E-06
+119.700E+03,+472.699E-06
+119.800E+03,+469.527E-06
+119.900E+03,+466.355E-06
+120.000E+03,+463.183E-06
+120.100E+03,+460.011E-06
+120.200E+03,+456.839E-06
+120.300E+03,+453.667E-06
+120.400E+03,+450.495E-06
+120.500E+03,+447.323E-06
+120.600E+03,+444.151E-06
+120.700E+03,+440.979E-06
+120.800E+03,+437.807E-06
+120.900E+03,+434.635E-06
+121.000E+03,+431.463E-06
+121.100E+03,+428.291E-06
+121.200E+03,+425.119E-06
+121.300E+03,+421.947E-06
+121.400E+03,+418.775E-06
+121.500E+03,+415.603E-06
+121.600E+03,+412.431E-06
+121.700E+03,+409.259E-06
+121.800E+03,+406.087E-06
+121.900E+03,+402.915E-06
+122.000E+03,+399.743E-06
+122.100E+03,+398.968E-06
+122.200E+03,+403.868E-06
+122.300E+03,+408.768E-06
+122.400E+03,+413.668E-06
+122.500E+03,+418.568E-06
+122.600E+03,+423.468E-06
+122.700E+03,+428.368E-06
+122.800E+03,+433.268E-06
+122.900E+03,+438.168E-06
+123.000E+03,+443.068E-06
+123.100E+03,+447.968E-06
+123.200E+03,+452.868E-06
+123.300E+03,+457.768E-06
+123.400E+03,+462.668E-06
+123.500E+03,+467.568E-06
+123.600E+03,+472.468E-06
+123.700E+03,+477.368E-06
+123.800E+03,+482.268E-06
+123.900E+03,+487.168E-06
+124.000E+03,+492.068E-06
+124.100E+03,+496.968E-06
+124.200E+03,+501.868E-06
+124.300E+03,+506.768E-06
+124.400E+03,+511.668E-06
+124.500E+03,+516.568E-06
+124.600E+03,+521.468E-06
+124.700E+03,+526.368E-06
+124.800E+03,+531.268E-06
+124.900E+03,+536.168E-06
+125.000E+03,+541.068E-06
+125.100E+03,+545.968E-06
+125.200E+03,+550.868E-06
+125.300E+03,+555.768E-06
+125.400E+03,+560.668E-06
+125.500E+03,+565.568E-06
+125.600E+03,+570.468E-06
+125.700E+03,+575.368E-06
+125.800E+03,+580.268E-06
+125.900E+03,+585.168E-06
+126.000E+03,+590.068E-06
+126.100E+03,+594.968E-06
+126.200E+03,+599.868E-06
+126.300E+03,+604.768E-06
+126.400E+03,+609.668E-06
+126.500E+03,+614.568E-06
+126.600E+03,+619.468E-06
+126.700E+03,+624.368E-06
+126.800E+03,+629.268E-06
+126.900E+03,+634.168E-06
+127.000E+03,+639.068E-06
+127.100E+03,+643.968E-06
+127.200E+03,+648.868E-06
+127.300E+03,+653.768E-06
+127.400E+03,+658.668E-06
+127.500E+03,+663.568E-06
+127.600E+03,+668.468E-06
+127.700E+03,+673.368E-06
+127.800E+03,+678.268E-06
+127.900E+03,+683.168E-06
+128.000E+03,+688.068E-06
+128.100E+03,+692.968E-06
+128.200E+03,+697.868E-06
+128.300E+03,+702.768E-06
+128.400E+03,+707.668E-06
+128.500E+03,+712.568E-06
+128.600E+03,+717.468E-06
+128.700E+03,+722.368E-06
+128.800E+03,+727.268E-06
+128.900E+03,+732.168E-06
+129.000E+03,+737.068E-06
+129.100E+03,+741.968E-06
+129.200E+03,+746.868E-06
+129.300E+03,+751.768E-06
+129.400E+03,+756.668E-06
+129.500E+03,+761.568E-06
+129.600E+03,+766.468E-06
+129.700E+03,+771.368E-06
+129.800E+03,+776.268E-06
+129.900E+03,+781.168E-06
+130.000E+03,+786.068E-06
+130.100E+03,+790.968E-06
+130.200E+03,+795.868E-06
+130.300E+03,+800.768E-06
+130.400E+03,+805.668E-06
+130.500E+03,+810.568E-06
+130.600E+03,+815.468E-06
+130.700E+03,+820.368E-06
+130.800E+03,+825.268E-06
+130.900E+03,+830.168E-06
+131.000E+03,+835.068E-06
+131.100E+03,+839.968E-06
+131.200E+03,+844.868E-06
+131.300E+03,+849.768E-06
+131.400E+03,+854.668E-06
+131.500E+03,+859.568E-06
+131.600E+03,+864.468E-06
+131.700E+03,+869.368E-06
+131.800E+03,+874.268E-06
+131.900E+03,+879.168E-06
+132.000E+03,+884.068E-06
+132.100E+03,+888.968E-06
+132.200E+03,+893.868E-06
+132.300E+03,+898.768E-06
+132.400E+03,+903.668E-06
+132.500E+03,+908.568E-06
+132.600E+03,+913.468E-06
+132.700E+03,+918.368E-06
+132.800E+03,+923.268E-06
+132.900E+03,+928.168E-06
+133.000E+03,+933.068E-06
+133.100E+03,+937.968E-06
+133.200E+03,+942.868E-06
+133.300E+03,+947.768E-06
+133.400E+03,+952.668E-06
+133.500E+03,+957.568E-06
+133.600E+03,+962.468E-06
+133.700E+03,+967.368E-06
+133.800E+03,+972.268E-06
+133.900E+03,+977.168E-06
+134.000E+03,+982.068E-06
+134.100E+03,+986.968E-06
+134.200E+03,+991.868E-06
+134.300E+03,+996.768E-06
+134.400E+03,+1.001668E-03
+134.500E+03,+1.006568E-03
+134.600E+03,+1.011468E-03
+134.700E+03,+1.016368E-03
+134.800E+03,+1.021268E-03
+134.900E+03,+1.026168E-03
+135.000E+03,+1.031068E-03
+135.100E+03,+1.035968E-03
+135.200E+03,+1.040868E-03
+135.300E+03,+1.045768E-03
+135.400E+03,+1.050668E-03
+135.500E+03,+1.055568E-03
+135.600E+03,+1.060468E-03
+135.700E+03,+1.065368E-03
+135.800E+03,+1.070268E-03
+135.900E+03,+1.075168E-03
+136.000E+03,+1.080068E-03
+136.100E+03,+1.084968E-03
+136.200E+03,+1.089868E-03
+136.300E+03,+1.094768E-03
+136.400E+03,+1.099668E-03
+136.500E+03,+1.104568E-03
+136.600E+03,+1.109468E-03
+136.700E+03,+1.114368E-03
+136.800E+03,+1.119268E-03
+136.900E+03,+1.124168E-03
+137.000E+03,+1.129068E-03
+137.100E+03,+1.133968E-03
+137.200E+03,+1.138868E-03
+137.300E+03,+1.143768E-03
+137.400E+03,+1.145185E-03
+137.500E+03,+1.145173E-03
+137.600E+03,+1.145161E-03
+137.700E+03,+1.145149E-03
+137.800E+03,+1.145137E-03
+137.900E+03,+1.145125E-03
+138.000E+03,+1.145113E-03
+138.100E+03,+1.145101E-03
+138.200E+03,+1.145089E-03
+138.300E+03,+1.145077E-03
+138.400E+03,+1.145065E-03
+138.500E+03,+1.145053E-03
+138.600E+03,+1.145041E-03
+138.700E+03,+1.145029E-03
+138.800E+03,+1.145017E-03
+138.900E+03,+1.145005E-03
+139.000E+03,+1.144993E-03
+139.100E+03,+1.144981E-03
+139.200E+03,+1.144969E-03
+139.300E+03,+1.144957E-03
+139.400E+03,+1.144945E-03
+139.500E+03,+1.144933E-03
+139.600E+03,+1.144921E-03
+139.700E+03,+1.144909E-03
+139.800E+03,+1.144897E-03
+139.900E+03,+1.144885E-03
+140.000E+03,+1.144873E-03
+140.100E+03,+1.144861E-03
+140.200E+03,+1.144849E-03
+140.300E+03,+1.144837E-03
+140.400E+03,+1.144825E-03
+140.500E+03,+1.144813E-03
+140.600E+03,+1.144801E-03
+140.700E+03,+1.144789E-03
+140.800E+03,+1.144777E-03
+140.900E+03,+1.144765E-03
+141.000E+03,+1.144753E-03
+141.100E+03,+1.144741E-03
+141.200E+03,+1.144729E-03
+141.300E+03,+1.144717E-03
+141.400E+03,+1.144705E-03
+141.500E+03,+1.144693E-03
+141.600E+03,+1.144681E-03
+141.700E+03,+1.144669E-03
+141.800E+03,+1.144657E-03
+141.900E+03,+1.144645E-03
+142.000E+03,+1.144633E-03
+142.100E+03,+1.144621E-03
+142.200E+03,+1.144609E-03
+142.300E+03,+1.144597E-03
+142.400E+03,+1.144585E-03
+142.500E+03,+1.144573E-03
+142.600E+03,+1.144561E-03
+142.700E+03,+1.144549E-03
+142.800E+03,+1.144537E-03
+142.900E+03,+1.144525E-03
+143.000E+03,+1.144513E-03
+143.100E+03,+1.144501E-03
+143.200E+03,+1.144489E-03
+143.300E+03,+1.144477E-03
+143.400E+03,+1.144465E-03
+143.500E+03,+1.144453E-03
+143.600E+03,+1.144441E-03
+143.700E+03,+1.144429E-03
+143.800E+03,+1.144417E-03
+143.900E+03,+1.144405E-03
+144.000E+03,+1.144393E-03
+144.100E+03,+1.144381E-03
+144.200E+03,+1.144369E-03
+144.300E+03,+1.144357E-03
+144.400E+03,+1.144345E-03
+144.500E+03,+1.144333E-03
+144.600E+03,+1.144321E-03
+144.700E+03,+1.144309E-03
+144.800E+03,+1.144297E-03
+144.900E+03,+1.144285E-03
+145.000E+03,+1.144273E-03
+145.100E+03,+1.144261E-03
+145.200E+03,+1.144249E-03
+145.300E+03,+1.144237E-03
+145.400E+03,+1.144225E-03
+145.500E+03,+1.144213E-03
+145.600E+03,+1.144201E-03
+145.700E+03,+1.144189E-03
+145.800E+03,+1.144177E-03
+145.900E+03,+1.144165E-03
+146.000E+03,+1.144153E-03
+146.100E+03,+1.144141E-03
+146.200E+03,+1.144129E-03
+146.300E+03,+1.144117E-03
+146.400E+03,+1.144105E-03
+146.500E+03,+1.144093E-03
+146.600E+03,+1.144081E-03
+146.700E+03,+1.144069E-03
+146.800E+03,+1.144057E-03
+146.900E+03,+1.144045E-03
+147.000E+03,+1.144033E-03
+147.100E+03,+1.144021E-03
+147.200E+03,+1.144009E-03
+147.300E+03,+1.143997E-03
+147.400E+03,+1.143985E-03
+147.500E+03,+1.143973E-03
+147.600E+03,+1.143961E-03
+147.700E+03,+1.143949E-03
+147.800E+03,+1.143937E-03
+147.900E+03,+1.143925E-03
+148.000E+03,+1.143913E-03
+148.100E+03,+1.143901E-03
+148.200E+03,+1.143889E-03
+148.300E+03,+1.143877E-03
+148.400E+03,+1.143865E-03
+148.500E+03,+1.143853E-03
+148.600E+03,+1.143841E-03
+148.700E+03,+1.143829E-03
+148.800E+03,+1.143817E-03
+148.900E+03,+1.143805E-03
+149.000E+03,+1.143793E-03
+149.100E+03,+1.143781E-03
+149.200E+03,+1.143769E-03
+149.300E+03,+1.143757E-03
+149.400E+03,+1.143745E-03
+149.500E+03,+1.143733E-03
+149.600E+03,+1.143721E-03
+149.700E+03,+1.143709E-03
+149.800E+03,+1.143697E-03
+149.900E+03,+1.143685E-03
+150.000E+03,+1.143673E-03
+150.100E+03,+1.143661E-03
+150.200E+03,+1.143649E-03
+150.300E+03,+1.143637E-03
+150.400E+03,+1.143625E-03
+150.500E+03,+1.143613E-03
+150.600E+03,+1.143601E-03
+150.700E+03,+1.143589E-03
+150.800E+03,+1.143577E-03
+150.900E+03,+1.143565E-03
+151.000E+03,+1.143553E-03
+151.100E+03,+1.143541E-03
+151.200E+03,+1.143529E-03
+151.300E+03,+1.143517E-03
+151.400E+03,+1.143505E-03
+151.500E+03,+1.143493E-03
+151.600E+03,+1.143481E-03
+151.700E+03,+1.143469E-03
+151.800E+03,+1.143457E-03
+151.900E+03,+1.143445E-03
+152.000E+03,+1.143433E-03
+152.100E+03,+1.143421E-03
+152.200E+03,+1.143409E-03
+152.300E+03,+1.143397E-03
+152.400E+03,+1.143385E-03
+152.500E+03,+1.143373E-03
+152.600E+03,+1.142750E-03
+152.700E+03,+1.137694E-03
+152.800E+03,+1.132638E-03
+152.900E+03,+1.127582E-03
+153.000E+03,+1.122526E-03
+153.100E+03,+1.117470E-03
+153.200E+03,+1.112414E-03
+153.300E+03,+1.107358E-03
+153.400E+03,+1.102302E-03
+153.500E+03,+1.097246E-03
+153.600E+03,+1.092190E-03
+153.700E+03,+1.087134E-03
+153.800E+03,+1.082078E-03
+153.900E+03,+1.077022E-03
+154.000E+03,+1.071966E-03
+154.100E+03,+1.066910E-03
+154.200E+03,+1.061854E-03
+154.300E+03,+1.056798E-03
+154.400E+03,+1.051742E-03
+154.500E+03,+1.046686E-03
+154.600E+03,+1.041630E-03
+154.700E+03,+1.036574E-03
+154.800E+03,+1.031518E-03
+154.900E+03,+1.026462E-03
+155.000E+03,+1.021406E-03
+155.100E+03,+1.016350E-03
+155.200E+03,+1.011294E-03
+155.300E+03,+1.006238E-03
+155.400E+03,+1.001182E-03
+155.500E+03,+996.126E-06
+155.600E+03,+991.070E-06
+155.700E+03,+986.014E-06
+155.800E+03,+980.958E-06
+155.900E+03,+975.902E-06
+156.000E+03,+970.846E-06
+156.100E+03,+965.790E-06
+156.200E+03,+960.734E-06
+156.300E+03,+955.678E-06
+156.400E+03,+950.622E-06
+156.500E+03,+945.566E-06
+156.600E+03,+940.510E-06
+156.700E+03,+935.454E-06
+156.800E+03,+930.398E-06
+156.900E+03,+925.342E-06
+157.000E+03,+920.286E-06
+157.100E+03,+915.230E-06
+157.200E+03,+910.174E-06
+157.300E+03,+905.118E-06
+157.400E+03,+900.062E-06
+157.500E+03,+895.006E-06
+157.600E+03,+889.950E-06
+157.700E+03,+884.894E-06
+157.800E+03,+879.838E-06
+157.900E+03,+874.782E-06
+158.000E+03,+869.726E-06
+158.100E+03,+864.670E-06
+158.200E+03,+859.614E-06
+158.300E+03,+854.558E-06
+158.400E+03,+849.502E-06
+158.500E+03,+844.446E-06
+158.600E+03,+839.390E-06
+158.700E+03,+834.334E-06
+158.800E+03,+829.278E-06
+158.900E+03,+824.222E-06
+159.000E+03,+819.166E-06
+159.100E+03,+814.110E-06
+159.200E+03,+809.054E-06
+159.300E+03,+803.998E-06
+159.400E+03,+798.942E-06
+159.500E+03,+793.886E-06
+159.600E+03,+788.830E-06
+159.700E+03,+783.774E-06
+159.800E+03,+778.718E-06
+159.900E+03,+773.662E-06
+160.000E+03,+768.606E-06
+160.100E+03,+763.550E-06
+160.200E+03,+758.494E-06
+160.300E+03,+753.438E-06
+160.400E+03,+748.382E-06
+160.500E+03,+743.326E-06
+160.600E+03,+738.270E-06
+160.700E+03,+733.214E-06
+160.800E+03,+728.158E-06
+160.900E+03,+723.102E-06
+161.000E+03,+718.046E-06
+161.100E+03,+712.990E-06
+161.200E+03,+707.934E-06
+161.300E+03,+702.878E-06
+161.400E+03,+697.822E-06
+161.500E+03,+692.766E-06
+161.600E+03,+687.710E-06
+161.700E+03,+682.654E-06
+161.800E+03,+677.598E-06
+161.900E+03,+672.542E-06
+162.000E+03,+667.486E-06
+162.100E+03,+662.430E-06
+162.200E+03,+657.374E-06
+162.300E+03,+652.318E-06
+162.400E+03,+647.262E-06
+162.500E+03,+642.206E-06
+162.600E+03,+637.150E-06
+162.700E+03,+632.094E-06
+162.800E+03,+627.038E-06
+162.900E+03,+621.982E-06
+163.000E+03,+616.926E-06
+163.100E+03,+611.870E-06
+163.200E+03,+606.814E-06
+163.300E+03,+601.758E-06
+163.400E+03,+596.702E-06
+163.500E+03,+591.646E-06
+163.600E+03,+586.590E-06
+163.700E+03,+581.534E-06
+163.800E+03,+576.478E-06
+163.900E+03,+571.422E-06
+164.000E+03,+566.366E-06
+164.100E+03,+561.310E-06
+164.200E+03,+556.254E-06
+164.300E+03,+551.198E-06
+164.400E+03,+546.142E-06
+164.500E+03,+541.086E-06
+164.600E+03,+536.030E-06
+164.700E+03,+530.974E-06
+164.800E+03,+525.918E-06
+164.900E+03,+520.862E-06
+165.000E+03,+515.806E-06
+165.100E+03,+510.750E-06
+165.200E+03,+505.694E-06
+165.300E+03,+500.638E-06
+165.400E+03,+495.582E-06
+165.500E+03,+490.526E-06
+165.600E+03,+485.470E-06
+165.700E+03,+480.414E-06
+165.800E+03,+475.358E-06
+165.900E+03,+470.302E-06
+166.000E+03,+465.246E-06
+166.100E+03,+460.190E-06
+166.200E+03,+455.134E-06
+166.300E+03,+450.078E-06
+166.400E+03,+445.022E-06
+166.500E+03,+439.966E-06
+166.600E+03,+434.910E-06
+166.700E+03,+429.854E-06
+166.800E+03,+424.798E-06
+166.900E+03,+419.742E-06
+167.000E+03,+414.686E-06
+167.100E+03,+409.630E-06
+167.200E+03,+404.574E-06
+167.300E+03,+399.518E-06
+167.400E+03,+394.462E-06
+167.500E+03,+389.406E-06
+167.600E+03,+384.350E-06
+167.700E+03,+379.294E-06
+167.800E+03,+374.238E-06
+167.900E+03,+374.506E-06
+168.000E+03,+379.434E-06
+168.100E+03,+384.362E-06
+168.200E+03,+389.290E-06
+168.300E+03,+394.218E-06
+168.400E+03,+399.146E-06
+168.500E+03,+404.074E-06
+168.600E+03,+409.002E-06
+168.700E+03,+413.930E-06
+168.800E+03,+418.858E-06
+168.900E+03,+423.786E-06
+169.000E+03,+428.714E-06
+169.100E+03,+433.642E-06
+169.200E+03,+438.570E-06
+169.300E+03,+443.498E-06
+169.400E+03,+448.426E-06
+169.500E+03,+453.354E-06
+169.600E+03,+458.282E-06
+169.700E+03,+463.210E-06
+169.800E+03,+468.138E-06
+169.900E+03,+473.066E-06
+170.000E+03,+477.994E-06
+170.100E+03,+482.922E-06
+170.200E+03,+487.850E-06
+170.300E+03,+492.778E-06
+170.400E+03,+497.706E-06
+170.500E+03,+502.634E-06
+170.600E+03,+507.562E-06
+170.700E+03,+512.490E-06
+170.800E+03,+517.418E-06
+170.900E+03,+522.346E-06
+171.000E+03,+527.274E-06
+171.100E+03,+532.202E-06
+171.200E+03,+537.130E-06
+171.300E+03,+542.058E-06
+171.400E+03,+546.986E-06
+171.500E+03,+551.914E-06
+171.600E+03,+556.842E-06
+171.700E+03,+561.770E-06
+171.800E+03,+566.698E-06
+171.900E+03,+571.626E-06
+172.000E+03,+576.554E-06
+172.100E+03,+581.482E-06
+172.200E+03,+586.410E-06
+172.300E+03,+591.338E-06
+172.400E+03,+596.266E-06
+172.500E+03,+601.194E-06
+172.600E+03,+606.122E-06
+172.700E+03,+611.050E-06
+172.800E+03,+615.978E-06
+172.900E+03,+620.906E-06
+173.000E+03,+625.834E-06
+173.100E+03,+630.762E-06
+173.200E+03,+635.690E-06
+173.300E+03,+640.618E-06
+173.400E+03,+645.546E-06
+173.500E+03,+650.474E-06
+173.600E+03,+655.402E-06
+173.700E+03,+660.330E-06
+173.800E+03,+665.258E-06
+173.900E+03,+670.186E-06
+174.000E+03,+675.114E-06
+174.100E+03,+680.042E-06
+174.200E+03,+684.970E-06
+174.300E+03,+689.898E-06
+174.400E+03,+694.826E-06
+174.500E+03,+699.754E-06
+174.600E+03,+704.682E-06
+174.700E+03,+709.610E-06
+174.800E+03,+714.538E-06
+174.900E+03,+719.466E-06
+175.000E+03,+724.394E-06
+175.100E+03,+729.322E-06
+175.200E+03,+734.250E-06
+175.300E+03,+739.178E-06
+175.400E+03,+744.106E-06
+175.500E+03,+749.034E-06
+175.600E+03,+753.962E-06
+175.700E+03,+758.890E-06
+175.800E+03,+763.818E-06
+175.900E+03,+768.746E-06
+176.000E+03,+773.674E-06
+176.100E+03,+778.602E-06
+176.200E+03,+783.530E-06
+176.300E+03,+788.458E-06
+176.400E+03,+793.386E-06
+176.500E+03,+798.314E-06
+176.600E+03,+803.242E-06
+176.700E+03,+808.170E-06
+176.800E+03,+813.098E-06
+176.900E+03,+818.026E-06
+177.000E+03,+822.954E-06
+177.100E+03,+827.882E-06
+177.200E+03,+832.810E-06
+177.300E+03,+837.738E-06
+177.400E+03,+842.666E-06
+177.500E+03,+847.594E-06
+177.600E+03,+852.522E-06
+177.700E+03,+857.450E-06
+177.800E+03,+862.378E-06
+177.900E+03,+867.306E-06
+178.000E+03,+872.234E-06
+178.100E+03,+877.162E-06
+178.200E+03,+882.090E-06
+178.300E+03,+887.018E-06
+178.400E+03,+891.946E-06
+178.500E+03,+896.874E-06
+178.600E+03,+901.802E-06
+178.700E+03,+906.730E-06
+178.800E+03,+911.658E-06
+178.900E+03,+916.586E-06
+179.000E+03,+921.514E-06
+179.100E+03,+926.442E-06
+179.200E+03,+931.370E-06
+179.300E+03,+936.298E-06
+179.400E+03,+941.226E-06
+179.500E+03,+946.154E-06
+179.600E+03,+951.082E-06
+179.700E+03,+956.010E-06
+179.800E+03,+960.938E-06
+179.900E+03,+965.866E-06
+180.000E+03,+970.794E-06
+180.100E+03,+975.722E-06
+180.200E+03,+980.650E-06
+180.300E+03,+985.578E-06
+180.400E+03,+990.506E-06
+180.500E+03,+995.434E-06
+180.600E+03,+1.000362E-03
+180.700E+03,+1.005290E-03
+180.800E+03,+1.010218E-03
+180.900E+03,+1.015146E-03
+181.000E+03,+1.020074E-03
+181.100E+03,+1.025002E-03
+181.200E+03,+1.029930E-03
+181.300E+03,+1.034858E-03
+181.400E+03,+1.039786E-03
+181.500E+03,+1.044714E-03
+181.600E+03,+1.049642E-03
+181.700E+03,+1.054570E-03
+181.800E+03,+1.059498E-03
+181.900E+03,+1.064426E-03
+182.000E+03,+1.069354E-03
+182.100E+03,+1.074282E-03
+182.200E+03,+1.079210E-03
+182.300E+03,+1.084138E-03
+182.400E+03,+1.089066E-03
+182.500E+03,+1.093994E-03
+182.600E+03,+1.098922E-03
+182.700E+03,+1.103850E-03
+182.800E+03,+1.108778E-03
+182.900E+03,+1.113706E-03
+183.000E+03,+1.118634E-03
+183.100E+03,+1.123562E-03
+183.200E+03,+1.125813E-03
+183.300E+03,+1.127909E-03
+183.400E+03,+1.130005E-03
+183.500E+03,+1.132101E-03
+183.600E+03,+1.134197E-03
+183.700E+03,+1.136293E-03
+183.800E+03,+1.138389E-03
+183.900E+03,+1.140485E-03
+184.000E+03,+1.142581E-03
+184.100E+03,+1.144677E-03
+184.200E+03,+1.146773E-03
+184.300E+03,+1.148869E-03
+184.400E+03,+1.150965E-03
+184.500E+03,+1.153061E-03
+184.600E+03,+1.155157E-03
+184.700E+03,+1.157253E-03
+184.800E+03,+1.159349E-03
+184.900E+03,+1.161445E-03
+185.000E+03,+1.163541E-03
+185.100E+03,+1.165637E-03
+185.200E+03,+1.167733E-03
+185.300E+03,+1.169829E-03
+185.400E+03,+1.171925E-03
+185.500E+03,+1.174021E-03
+185.600E+03,+1.176117E-03
+185.700E+03,+1.178213E-03
+185.800E+03,+1.180309E-03
+185.900E+03,+1.182405E-03
+186.000E+03,+1.184501E-03
+186.100E+03,+1.186597E-03
+186.200E+03,+1.188693E-03
+186.300E+03,+1.190789E-03
+186.400E+03,+1.192885E-03
+186.500E+03,+1.194981E-03
+186.600E+03,+1.197077E-03
+186.700E+03,+1.199173E-03
+186.800E+03,+1.201269E-03
+186.900E+03,+1.203365E-03
+187.000E+03,+1.205461E-03
+187.100E+03,+1.207557E-03
+187.200E+03,+1.209653E-03
+187.300E+03,+1.211749E-03
+187.400E+03,+1.213845E-03
+187.500E+03,+1.215941E-03
+187.600E+03,+1.218037E-03
+187.700E+03,+1.220133E-03
+187.800E+03,+1.222229E-03
+187.900E+03,+1.224325E-03
+188.000E+03,+1.226421E-03
+188.100E+03,+1.228517E-03
+188.200E+03,+1.230613E-03
+188.300E+03,+1.232709E-03
+188.400E+03,+1.234805E-03
+188.500E+03,+1.236901E-03
+188.600E+03,+1.238997E-03
+188.700E+03,+1.241093E-03
+188.800E+03,+1.243189E-03
+188.900E+03,+1.245285E-03
+189.000E+03,+1.247381E-03
+189.100E+03,+1.249477E-03
+189.200E+03,+1.251573E-03
+189.300E+03,+1.253669E-03
+189.400E+03,+1.255765E-03
+189.500E+03,+1.257861E-03
+189.600E+03,+1.259957E-03
+189.700E+03,+1.262053E-03
+189.800E+03,+1.264149E-03
+189.900E+03,+1.266245E-03
+190.000E+03,+1.268341E-03
+190.100E+03,+1.270437E-03
+190.200E+03,+1.272533E-03
+190.300E+03,+1.274629E-03
+190.400E+03,+1.276725E-03
+190.500E+03,+1.278821E-03
+190.600E+03,+1.280917E-03
+190.700E+03,+1.283013E-03
+190.800E+03,+1.285109E-03
+190.900E+03,+1.287205E-03
+191.000E+03,+1.289301E-03
+191.100E+03,+1.291397E-03
+191.200E+03,+1.293493E-03
+191.300E+03,+1.295589E-03
+191.400E+03,+1.297685E-03
+191.500E+03,+1.299781E-03
+191.600E+03,+1.301877E-03
+191.700E+03,+1.303973E-03
+191.800E+03,+1.306069E-03
+191.900E+03,+1.308165E-03
+192.000E+03,+1.310261E-03
+192.100E+03,+1.312357E-03
+192.200E+03,+1.314453E-03
+192.300E+03,+1.316549E-03
+192.400E+03,+1.318645E-03
+192.500E+03,+1.320741E-03
+192.600E+03,+1.322837E-03
+192.700E+03,+1.324933E-03
+192.800E+03,+1.327029E-03
+192.900E+03,+1.329125E-03
+193.000E+03,+1.331221E-03
+193.100E+03,+1.333317E-03
+193.200E+03,+1.335413E-03
+193.300E+03,+1.337509E-03
+193.400E+03,+1.339605E-03
+193.500E+03,+1.341701E-03
+193.600E+03,+1.343797E-03
+193.700E+03,+1.345893E-03
+193.800E+03,+1.347989E-03
+193.900E+03,+1.350085E-03
+194.000E+03,+1.352181E-03
+194.100E+03,+1.354277E-03
+194.200E+03,+1.356373E-03
+194.300E+03,+1.358469E-03
+194.400E+03,+1.360565E-03
+194.500E+03,+1.362661E-03
+194.600E+03,+1.364757E-03
+194.700E+03,+1.366853E-03
+194.800E+03,+1.368949E-03
+194.900E+03,+1.371045E-03
+195.000E+03,+1.373141E-03
+195.100E+03,+1.375237E-03
+195.200E+03,+1.377333E-03
+195.300E+03,+1.379429E-03
+195.400E+03,+1.381525E-03
+195.500E+03,+1.383621E-03
+195.600E+03,+1.385717E-03
+195.700E+03,+1.387813E-03
+195.800E+03,+1.389909E-03
+195.900E+03,+1.392005E-03
+196.000E+03,+1.394101E-03
+196.100E+03,+1.396197E-03
+196.200E+03,+1.398293E-03
+196.300E+03,+1.400389E-03
+196.400E+03,+1.402485E-03
+196.500E+03,+1.404581E-03
+196.600E+03,+1.406677E-03
+196.700E+03,+1.408773E-03
+196.800E+03,+1.410869E-03
+196.900E+03,+1.412965E-03
+197.000E+03,+1.415061E-03
+197.100E+03,+1.417157E-03
+197.200E+03,+1.419253E-03
+197.300E+03,+1.421349E-03
+197.400E+03,+1.423445E-03
+197.500E+03,+1.425541E-03
+197.600E+03,+1.427637E-03
+197.700E+03,+1.429733E-03
+197.800E+03,+1.431829E-03
+197.900E+03,+1.433925E-03
+198.000E+03,+1.436021E-03
+198.100E+03,+1.438117E-03
+198.200E+03,+1.440213E-03
+198.300E+03,+1.442309E-03
+198.400E+03,+1.441653E-03
+198.500E+03,+1.436049E-03
+198.600E+03,+1.430445E-03
+198.700E+03,+1.424841E-03
+198.800E+03,+1.419237E-03
+198.900E+03,+1.413633E-03
+199.000E+03,+1.408029E-03
+199.100E+03,+1.402425E-03
+199.200E+03,+1.396821E-03
+199.300E+03,+1.391217E-03
+199.400E+03,+1.385613E-03
+199.500E+03,+1.380009E-03
+199.600E+03,+1.374405E-03
+199.700E+03,+1.368801E-03
+199.800E+03,+1.363197E-03
+199.900E+03,+1.357593E-03
+200.000E+03,+1.351989E-03
+200.100E+03,+1.346385E-03
+200.200E+03,+1.340781E-03
+200.300E+03,+1.335177E-03
+200.400E+03,+1.329573E-03
+200.500E+03,+1.323969E-03
+200.600E+03,+1.318365E-03
+200.700E+03,+1.312761E-03
+200.800E+03,+1.307157E-03
+200.900E+03,+1.301553E-03
+201.000E+03,+1.295949E-03
+201.100E+03,+1.290345E-03
+201.200E+03,+1.284741E-03
+201.300E+03,+1.279137E-03
+201.400E+03,+1.273533E-03
+201.500E+03,+1.267929E-03
+201.600E+03,+1.262325E-03
+201.700E+03,+1.256721E-03
+201.800E+03,+1.251117E-03
+201.900E+03,+1.245513E-03
+202.000E+03,+1.239909E-03
+202.100E+03,+1.234305E-03
+202.200E+03,+1.228701E-03
+202.300E+03,+1.223097E-03
+202.400E+03,+1.217493E-03
+202.500E+03,+1.211889E-03
+202.600E+03,+1.206285E-03
+202.700E+03,+1.200681E-03
+202.800E+03,+1.195077E-03
+202.900E+03,+1.189473E-03
+203.000E+03,+1.183869E-03
+203.100E+03,+1.178265E-03
+203.200E+03,+1.172661E-03
+203.300E+03,+1.167057E-03
+203.400E+03,+1.161453E-03
+203.500E+03,+1.155849E-03
+203.600E+03,+1.150245E-03
+203.700E+03,+1.144641E-03
+203.800E+03,+1.139037E-03
+203.900E+03,+1.133433E-03
+204.000E+03,+1.127829E-03
+204.100E+03,+1.122225E-03
+204.200E+03,+1.116621E-03
+204.300E+03,+1.111017E-03
+204.400E+03,+1.105413E-03
+204.500E+03,+1.099809E-03
+204.600E+03,+1.094205E-03
+204.700E+03,+1.088601E-03
+204.800E+03,+1.082997E-03
+204.900E+03,+1.077393E-03
+205.000E+03,+1.071789E-03
+205.100E+03,+1.066185E-03
+205.200E+03,+1.060581E-03
+205.300E+03,+1.054977E-03
+205.400E+03,+1.049373E-03
+205.500E+03,+1.043769E-03
+205.600E+03,+1.038165E-03
+205.700E+03,+1.032561E-03
+205.800E+03,+1.026957E-03
+205.900E+03,+1.021353E-03
+206.000E+03,+1.015749E-03
+206.100E+03,+1.010145E-03
+206.200E+03,+1.004541E-03
+206.300E+03,+998.937E-06
+206.400E+03,+993.333E-06
+206.500E+03,+987.729E-06
+206.600E+03,+982.125E-06
+206.700E+03,+976.521E-06
+206.800E+03,+970.917E-06
+206.900E+03,+965.313E-06
+207.000E+03,+959.709E-06
+207.100E+03,+954.105E-06
+207.200E+03,+948.501E-06
+207.300E+03,+942.897E-06
+207.400E+03,+937.293E-06
+207.500E+03,+931.689E-06
+207.600E+03,+926.085E-06
+207.700E+03,+920.481E-06
+207.800E+03,+914.877E-06
+207.900E+03,+909.273E-06
+208.000E+03,+903.669E-06
+208.100E+03,+898.065E-06
+208.200E+03,+892.461E-06
+208.300E+03,+886.857E-06
+208.400E+03,+881.253E-06
+208.500E+03,+875.649E-06
+208.600E+03,+870.045E-06
+208.700E+03,+864.441E-06
+208.800E+03,+858.837E-06
+208.900E+03,+853.233E-06
+209.000E+03,+847.629E-06
+209.100E+03,+842.025E-06
+209.200E+03,+836.421E-06
+209.300E+03,+830.817E-06
+209.400E+03,+825.213E-06
+209.500E+03,+819.609E-06
+209.600E+03,+814.005E-06
+209.700E+03,+808.401E-06
+209.800E+03,+802.797E-06
+209.900E+03,+797.193E-06
+210.000E+03,+791.589E-06
+210.100E+03,+785.985E-06
+210.200E+03,+780.381E-06
+210.300E+03,+774.777E-06
+210.400E+03,+769.173E-06
+210.500E+03,+763.569E-06
+210.600E+03,+757.965E-06
+210.700E+03,+752.361E-06
+210.800E+03,+746.757E-06
+210.900E+03,+741.153E-06
+211.000E+03,+735.549E-06
+211.100E+03,+729.945E-06
+211.200E+03,+724.341E-06
+211.300E+03,+718.737E-06
+211.400E+03,+713.133E-06
+211.500E+03,+707.529E-06
+211.600E+03,+701.925E-06
+211.700E+03,+696.321E-06
+211.800E+03,+690.717E-06
+211.900E+03,+685.113E-06
+212.000E+03,+679.509E-06
+212.100E+03,+673.905E-06
+212.200E+03,+668.301E-06
+212.300E+03,+662.697E-06
+212.400E+03,+657.093E-06
+212.500E+03,+651.489E-06
+212.600E+03,+645.885E-06
+212.700E+03,+640.281E-06
+212.800E+03,+634.677E-06
+212.900E+03,+629.073E-06
+213.000E+03,+623.469E-06
+213.100E+03,+617.865E-06
+213.200E+03,+612.261E-06
+213.300E+03,+606.657E-06
+213.400E+03,+601.053E-06
+213.500E+03,+595.449E-06
+213.600E+03,+589.845E-06
+213.700E+03,+590.976E-06
+213.800E+03,+594.124E-06
+213.900E+03,+597.272E-06
+214.000E+03,+600.420E-06
+214.100E+03,+603.568E-06
+214.200E+03,+606.716E-06
+214.300E+03,+609.864E-06
+214.400E+03,+613.012E-06
+214.500E+03,+616.160E-06
+214.600E+03,+619.308E-06
+214.700E+03,+622.456E-06
+214.800E+03,+625.604E-06
+214.900E+03,+628.752E-06
+215.000E+03,+631.900E-06
+215.100E+03,+635.048E-06
+215.200E+03,+638.196E-06
+215.300E+03,+641.344E-06
+215.400E+03,+644.492E-06
+215.500E+03,+647.640E-06
+215.600E+03,+650.788E-06
+215.700E+03,+653.936E-06
+215.800E+03,+657.084E-06
+215.900E+03,+660.232E-06
+216.000E+03,+663.380E-06
+216.100E+03,+666.528E-06
+216.200E+03,+669.676E-06
+216.300E+03,+672.824E-06
+216.400E+03,+675.972E-06
+216.500E+03,+679.120E-06
+216.600E+03,+682.268E-06
+216.700E+03,+685.416E-06
+216.800E+03,+688.564E-06
+216.900E+03,+691.712E-06
+217.000E+03,+694.860E-06
+217.100E+03,+698.008E-06
+217.200E+03,+701.156E-06
+217.300E+03,+704.304E-06
+217.400E+03,+707.452E-06
+217.500E+03,+710.600E-06
+217.600E+03,+713.748E-06
+217.700E+03,+716.896E-06
+217.800E+03,+720.044E-06
+217.900E+03,+723.192E-06
+218.000E+03,+726.340E-06
+218.100E+03,+729.488E-06
+218.200E+03,+732.636E-06
+218.300E+03,+735.784E-06
+218.400E+03,+738.932E-06
+218.500E+03,+742.080E-06
+218.600E+03,+745.228E-06
+218.700E+03,+748.376E-06
+218.800E+03,+751.524E-06
+218.900E+03,+754.672E-06
+219.000E+03,+757.820E-06
+219.100E+03,+760.968E-06
+219.200E+03,+764.116E-06
+219.300E+03,+767.264E-06
+219.400E+03,+770.412E-06
+219.500E+03,+773.560E-06
+219.600E+03,+776.708E-06
+219.700E+03,+779.856E-06
+219.800E+03,+783.004E-06
+219.900E+03,+786.152E-06
+220.000E+03,+789.300E-06
+220.100E+03,+792.448E-06
+220.200E+03,+795.596E-06
+220.300E+03,+798.744E-06
+220.400E+03,+801.892E-06
+220.500E+03,+805.040E-06
+220.600E+03,+808.188E-06
+220.700E+03,+811.336E-06
+220.800E+03,+814.484E-06
+220.900E+03,+817.632E-06
+221.000E+03,+820.780E-06
+221.100E+03,+823.928E-06
+221.200E+03,+827.076E-06
+221.300E+03,+830.224E-06
+221.400E+03,+833.372E-06
+221.500E+03,+836.520E-06
+221.600E+03,+839.668E-06
+221.700E+03,+842.816E-06
+221.800E+03,+845.964E-06
+221.900E+03,+849.112E-06
+222.000E+03,+852.260E-06
+222.100E+03,+855.408E-06
+222.200E+03,+858.556E-06
+222.300E+03,+861.704E-06
+222.400E+03,+864.852E-06
+222.500E+03,+868.000E-06
+222.600E+03,+871.148E-06
+222.700E+03,+874.296E-06
+222.800E+03,+877.444E-06
+222.900E+03,+880.592E-06
+223.000E+03,+883.740E-06
+223.100E+03,+886.888E-06
+223.200E+03,+890.036E-06
+223.300E+03,+893.184E-06
+223.400E+03,+896.332E-06
+223.500E+03,+899.480E-06
+223.600E+03,+902.628E-06
+223.700E+03,+905.776E-06
+223.800E+03,+908.924E-06
+223.900E+03,+912.072E-06
+224.000E+03,+915.220E-06
+224.100E+03,+918.368E-06
+224.200E+03,+921.516E-06
+224.300E+03,+924.664E-06
+224.400E+03,+927.812E-06
+224.500E+03,+930.960E-06
+224.600E+03,+934.108E-06
+224.700E+03,+937.256E-06
+224.800E+03,+940.404E-06
+224.900E+03,+943.552E-06
+225.000E+03,+946.700E-06
+225.100E+03,+949.848E-06
+225.200E+03,+952.996E-06
+225.300E+03,+956.144E-06
+225.400E+03,+959.292E-06
+225.500E+03,+962.440E-06
+225.600E+03,+965.588E-06
+225.700E+03,+968.736E-06
+225.800E+03,+971.884E-06
+225.900E+03,+975.032E-06
+226.000E+03,+978.180E-06
+226.100E+03,+981.328E-06
+226.200E+03,+984.476E-06
+226.300E+03,+987.624E-06
+226.400E+03,+990.772E-06
+226.500E+03,+993.920E-06
+226.600E+03,+997.068E-06
+226.700E+03,+1.000216E-03
+226.800E+03,+1.003364E-03
+226.900E+03,+1.006512E-03
+227.000E+03,+1.009660E-03
+227.100E+03,+1.012808E-03
+227.200E+03,+1.015956E-03
+227.300E+03,+1.019104E-03
+227.400E+03,+1.022252E-03
+227.500E+03,+1.025400E-03
+227.600E+03,+1.028548E-03
+227.700E+03,+1.031696E-03
+227.800E+03,+1.034844E-03
+227.900E+03,+1.037992E-03
+228.000E+03,+1.041140E-03
+228.100E+03,+1.044288E-03
+228.200E+03,+1.047436E-03
+228.300E+03,+1.050584E-03
+228.400E+03,+1.053732E-03
+228.500E+03,+1.056880E-03
+228.600E+03,+1.060028E-03
+228.700E+03,+1.063176E-03
+228.800E+03,+1.066324E-03
+228.900E+03,+1.069823E-03
+229.000E+03,+1.074907E-03
+229.100E+03,+1.079991E-03
+229.200E+03,+1.085075E-03
+229.300E+03,+1.090159E-03
+229.400E+03,+1.095243E-03
+229.500E+03,+1.100327E-03
+229.600E+03,+1.105411E-03
+229.700E+03,+1.110495E-03
+229.800E+03,+1.115579E-03
+229.900E+03,+1.120663E-03
+230.000E+03,+1.125747E-03
+230.100E+03,+1.130831E-03
+230.200E+03,+1.135915E-03
+230.300E+03,+1.140999E-03
+230.400E+03,+1.146083E-03
+230.500E+03,+1.151167E-03
+230.600E+03,+1.156251E-03
+230.700E+03,+1.161335E-03
+230.800E+03,+1.166419E-03
+230.900E+03,+1.171503E-03
+231.000E+03,+1.176587E-03
+231.100E+03,+1.181671E-03
+231.200E+03,+1.186755E-03
+231.300E+03,+1.191839E-03
+231.400E+03,+1.196923E-03
+231.500E+03,+1.202007E-03
+231.600E+03,+1.207091E-03
+231.700E+03,+1.212175E-03
+231.800E+03,+1.217259E-03
+231.900E+03,+1.222343E-03
+232.000E+03,+1.227427E-03
+232.100E+03,+1.232511E-03
+232.200E+03,+1.237595E-03
+232.300E+03,+1.242679E-03
+232.400E+03,+1.247763E-03
+232.500E+03,+1.252847E-03
+232.600E+03,+1.257931E-03
+232.700E+03,+1.263015E-03
+232.800E+03,+1.268099E-03
+232.900E+03,+1.273183E-03
+233.000E+03,+1.278267E-03
+233.100E+03,+1.283351E-03
+233.200E+03,+1.288435E-03
+233.300E+03,+1.293519E-03
+233.400E+03,+1.298603E-03
+233.500E+03,+1.303687E-03
+233.600E+03,+1.308771E-03
+233.700E+03,+1.313855E-03
+233.800E+03,+1.318939E-03
+233.900E+03,+1.324023E-03
+234.000E+03,+1.329107E-03
+234.100E+03,+1.334191E-03
+234.200E+03,+1.339275E-03
+234.300E+03,+1.344359E-03
+234.400E+03,+1.349443E-03
+234.500E+03,+1.354527E-03
+234.600E+03,+1.359611E-03
+234.700E+03,+1.364695E-03
+234.800E+03,+1.369779E-03
+234.900E+03,+1.374863E-03
+235.000E+03,+1.379947E-03
+235.100E+03,+1.385031E-03
+235.200E+03,+1.390115E-03
+235.300E+03,+1.395199E-03
+235.400E+03,+1.400283E-03
+235.500E+03,+1.405367E-03
+235.600E+03,+1.410451E-03
+235.700E+03,+1.415535E-03
+235.800E+03,+1.420619E-03
+235.900E+03,+1.425703E-03
+236.000E+03,+1.430787E-03
+236.100E+03,+1.435871E-03
+236.200E+03,+1.440955E-03
+236.300E+03,+1.446039E-03
+236.400E+03,+1.451123E-03
+236.500E+03,+1.456207E-03
+236.600E+03,+1.461291E-03
+236.700E+03,+1.466375E-03
+236.800E+03,+1.471459E-03
+236.900E+03,+1.476543E-03
+237.000E+03,+1.481627E-03
+237.100E+03,+1.486711E-03
+237.200E+03,+1.491795E-03
+237.300E+03,+1.496879E-03
+237.400E+03,+1.501963E-03
+237.500E+03,+1.507047E-03
+237.600E+03,+1.512131E-03
+237.700E+03,+1.517215E-03
+237.800E+03,+1.522299E-03
+237.900E+03,+1.527383E-03
+238.000E+03,+1.532467E-03
+238.100E+03,+1.537551E-03
+238.200E+03,+1.542635E-03
+238.300E+03,+1.547719E-03
+238.400E+03,+1.552803E-03
+238.500E+03,+1.557887E-03
+238.600E+03,+1.562971E-03
+238.700E+03,+1.568055E-03
+238.800E+03,+1.573139E-03
+238.900E+03,+1.578223E-03
+239.000E+03,+1.583307E-03
+239.100E+03,+1.588391E-03
+239.200E+03,+1.593475E-03
+239.300E+03,+1.598559E-03
+239.400E+03,+1.603643E-03
+239.500E+03,+1.608727E-03
+239.600E+03,+1.613811E-03
+239.700E+03,+1.618895E-03
+239.800E+03,+1.623979E-03
+239.900E+03,+1.629063E-03
+240.000E+03,+1.634147E-03
+240.100E+03,+1.639231E-03
+240.200E+03,+1.644315E-03
+240.300E+03,+1.649399E-03
+240.400E+03,+1.654483E-03
+240.500E+03,+1.659567E-03
+240.600E+03,+1.664651E-03
+240.700E+03,+1.669735E-03
+240.800E+03,+1.674819E-03
+240.900E+03,+1.679903E-03
+241.000E+03,+1.684987E-03
+241.100E+03,+1.690071E-03
+241.200E+03,+1.695155E-03
+241.300E+03,+1.700239E-03
+241.400E+03,+1.705323E-03
+241.500E+03,+1.710407E-03
+241.600E+03,+1.715491E-03
+241.700E+03,+1.720575E-03
+241.800E+03,+1.725659E-03
+241.900E+03,+1.730743E-03
+242.000E+03,+1.735827E-03
+242.100E+03,+1.740911E-03
+242.200E+03,+1.745995E-03
+242.300E+03,+1.751079E-03
+242.400E+03,+1.756163E-03
+242.500E+03,+1.761247E-03
+242.600E+03,+1.766331E-03
+242.700E+03,+1.771415E-03
+242.800E+03,+1.776499E-03
+242.900E+03,+1.781583E-03
+243.000E+03,+1.786667E-03
+243.100E+03,+1.791751E-03
+243.200E+03,+1.796835E-03
+243.300E+03,+1.801919E-03
+243.400E+03,+1.807003E-03
+243.500E+03,+1.812087E-03
+243.600E+03,+1.817171E-03
+243.700E+03,+1.822255E-03
+243.800E+03,+1.827339E-03
+243.900E+03,+1.832423E-03
+244.000E+03,+1.837507E-03
+244.100E+03,+1.842591E-03
+244.200E+03,+1.841764E-03
+244.300E+03,+1.836892E-03
+244.400E+03,+1.832020E-03
+244.500E+03,+1.827148E-03
+244.600E+03,+1.822276E-03
+244.700E+03,+1.817404E-03
+244.800E+03,+1.812532E-03
+244.900E+03,+1.807660E-03
+245.000E+03,+1.802788E-03
+245.100E+03,+1.797916E-03
+245.200E+03,+1.793044E-03
+245.300E+03,+1.788172E-03
+245.400E+03,+1.783300E-03
+245.500E+03,+1.778428E-03
+245.600E+03,+1.773556E-03
+245.700E+03,+1.768684E-03
+245.800E+03,+1.763812E-03
+245.900E+03,+1.758940E-03
+246.000E+03,+1.754068E-03
+246.100E+03,+1.749196E-03
+246.200E+03,+1.744324E-03
+246.300E+03,+1.739452E-03
+246.400E+03,+1.734580E-03
+246.500E+03,+1.729708E-03
+246.600E+03,+1.724836E-03
+246.700E+03,+1.719964E-03
+246.800E+03,+1.715092E-03
+246.900E+03,+1.710220E-03
+247.000E+03,+1.705348E-03
+247.100E+03,+1.700476E-03
+247.200E+03,+1.695604E-03
+247.300E+03,+1.690732E-03
+247.400E+03,+1.685860E-03
+247.500E+03,+1.680988E-03
+247.600E+03,+1.676116E-03
+247.700E+03,+1.671244E-03
+247.800E+03,+1.666372E-03
+247.900E+03,+1.661500E-03
+248.000E+03,+1.656628E-03
+248.100E+03,+1.651756E-03
+248.200E+03,+1.646884E-03
+248.300E+03,+1.642012E-03
+248.400E+03,+1.637140E-03
+248.500E+03,+1.632268E-03
+248.600E+03,+1.627396E-03
+248.700E+03,+1.622524E-03
+248.800E+03,+1.617652E-03
+248.900E+03,+1.612780E-03
+249.000E+03,+1.607908E-03
+249.100E+03,+1.603036E-03
+249.200E+03,+1.598164E-03
+249.300E+03,+1.593292E-03
+249.400E+03,+1.588420E-03
+249.500E+03,+1.583548E-03
+249.600E+03,+1.578676E-03
+249.700E+03,+1.573804E-03
+249.800E+03,+1.568932E-03
+249.900E+03,+1.564060E-03
+250.000E+03,+1.559188E-03
+250.100E+03,+1.554316E-03
+250.200E+03,+1.549444E-03
+250.300E+03,+1.544572E-03
+250.400E+03,+1.539700E-03
+250.500E+03,+1.534828E-03
+250.600E+03,+1.529956E-03
+250.700E+03,+1.525084E-03
+250.800E+03,+1.520212E-03
+250.900E+03,+1.515340E-03
+251.000E+03,+1.510468E-03
+251.100E+03,+1.505596E-03
+251.200E+03,+1.500724E-03
+251.300E+03,+1.495852E-03
+251.400E+03,+1.490980E-03
+251.500E+03,+1.486108E-03
+251.600E+03,+1.481236E-03
+251.700E+03,+1.476364E-03
+251.800E+03,+1.471492E-03
+251.900E+03,+1.466620E-03
+252.000E+03,+1.461748E-03
+252.100E+03,+1.456876E-03
+252.200E+03,+1.452004E-03
+252.300E+03,+1.447132E-03
+252.400E+03,+1.442260E-03
+252.500E+03,+1.437388E-03
+252.600E+03,+1.432516E-03
+252.700E+03,+1.427644E-03
+252.800E+03,+1.422772E-03
+252.900E+03,+1.417900E-03
+253.000E+03,+1.413028E-03
+253.100E+03,+1.408156E-03
+253.200E+03,+1.403284E-03
+253.300E+03,+1.398412E-03
+253.400E+03,+1.393540E-03
+253.500E+03,+1.388668E-03
+253.600E+03,+1.383796E-03
+253.700E+03,+1.378924E-03
+253.800E+03,+1.374052E-03
+253.900E+03,+1.369180E-03
+254.000E+03,+1.364308E-03
+254.100E+03,+1.359436E-03
+254.200E+03,+1.354564E-03
+254.300E+03,+1.349692E-03
+254.400E+03,+1.344820E-03
+254.500E+03,+1.339948E-03
+254.600E+03,+1.335076E-03
+254.700E+03,+1.330204E-03
+254.800E+03,+1.325332E-03
+254.900E+03,+1.320460E-03
+255.000E+03,+1.315588E-03
+255.100E+03,+1.310716E-03
+255.200E+03,+1.305844E-03
+255.300E+03,+1.300972E-03
+255.400E+03,+1.296100E-03
+255.500E+03,+1.291228E-03
+255.600E+03,+1.286356E-03
+255.700E+03,+1.281484E-03
+255.800E+03,+1.276612E-03
+255.900E+03,+1.271740E-03
+256.000E+03,+1.266868E-03
+256.100E+03,+1.261996E-03
+256.200E+03,+1.257124E-03
+256.300E+03,+1.252252E-03
+256.400E+03,+1.247380E-03
+256.500E+03,+1.242508E-03
+256.600E+03,+1.237636E-03
+256.700E+03,+1.232764E-03
+256.800E+03,+1.227892E-03
+256.900E+03,+1.223020E-03
+257.000E+03,+1.218148E-03
+257.100E+03,+1.213276E-03
+257.200E+03,+1.208404E-03
+257.300E+03,+1.203532E-03
+257.400E+03,+1.198660E-03
+257.500E+03,+1.193788E-03
+257.600E+03,+1.188916E-03
+257.700E+03,+1.184044E-03
+257.800E+03,+1.179172E-03
+257.900E+03,+1.174300E-03
+258.000E+03,+1.169428E-03
+258.100E+03,+1.164556E-03
+258.200E+03,+1.159684E-03
+258.300E+03,+1.154812E-03
+258.400E+03,+1.149940E-03
+258.500E+03,+1.145068E-03
+258.600E+03,+1.140196E-03
+258.700E+03,+1.135324E-03
+258.800E+03,+1.130452E-03
+258.900E+03,+1.125580E-03
+259.000E+03,+1.120708E-03
+259.100E+03,+1.115836E-03
+259.200E+03,+1.110964E-03
+259.300E+03,+1.106092E-03
+259.400E+03,+1.101241E-03
+259.500E+03,+1.099977E-03
+259.600E+03,+1.098713E-03
+259.700E+03,+1.097449E-03
+259.800E+03,+1.096185E-03
+259.900E+03,+1.094921E-03
+260.000E+03,+1.093657E-03
+260.100E+03,+1.092393E-03
+260.200E+03,+1.091129E-03
+260.300E+03,+1.089865E-03
+260.400E+03,+1.088601E-03
+260.500E+03,+1.087337E-03
+260.600E+03,+1.086073E-03
+260.700E+03,+1.084809E-03
+260.800E+03,+1.083545E-03
+260.900E+03,+1.082281E-03
+261.000E+03,+1.081017E-03
+261.100E+03,+1.079753E-03
+261.200E+03,+1.078489E-03
+261.300E+03,+1.077225E-03
+261.400E+03,+1.075961E-03
+261.500E+03,+1.074697E-03
+261.600E+03,+1.073433E-03
+261.700E+03,+1.072169E-03
+261.800E+03,+1.070905E-03
+261.900E+03,+1.069641E-03
+262.000E+03,+1.068377E-03
+262.100E+03,+1.067113E-03
+262.200E+03,+1.065849E-03
+262.300E+03,+1.064585E-03
+262.400E+03,+1.063321E-03
+262.500E+03,+1.062057E-03
+262.600E+03,+1.060793E-03
+262.700E+03,+1.059529E-03
+262.800E+03,+1.058265E-03
+262.900E+03,+1.057001E-03
+263.000E+03,+1.055737E-03
+263.100E+03,+1.054473E-03
+263.200E+03,+1.053209E-03
+263.300E+03,+1.051945E-03
+263.400E+03,+1.050681E-03
+263.500E+03,+1.049417E-03
+263.600E+03,+1.048153E-03
+263.700E+03,+1.046889E-03
+263.800E+03,+1.045625E-03
+263.900E+03,+1.044361E-03
+264.000E+03,+1.043097E-03
+264.100E+03,+1.041833E-03
+264.200E+03,+1.040569E-03
+264.300E+03,+1.039305E-03
+264.400E+03,+1.038041E-03
+264.500E+03,+1.036777E-03
+264.600E+03,+1.035513E-03
+264.700E+03,+1.034249E-03
+264.800E+03,+1.032985E-03
+264.900E+03,+1.031721E-03
+265.000E+03,+1.030457E-03
+265.100E+03,+1.029193E-03
+265.200E+03,+1.027929E-03
+265.300E+03,+1.026665E-03
+265.400E+03,+1.025401E-03
+265.500E+03,+1.024137E-03
+265.600E+03,+1.022873E-03
+265.700E+03,+1.021609E-03
+265.800E+03,+1.020345E-03
+265.900E+03,+1.019081E-03
+266.000E+03,+1.017817E-03
+266.100E+03,+1.016553E-03
+266.200E+03,+1.015289E-03
+266.300E+03,+1.014025E-03
+266.400E+03,+1.012761E-03
+266.500E+03,+1.011497E-03
+266.600E+03,+1.010233E-03
+266.700E+03,+1.008969E-03
+266.800E+03,+1.007705E-03
+266.900E+03,+1.006441E-03
+267.000E+03,+1.005177E-03
+267.100E+03,+1.003913E-03
+267.200E+03,+1.002649E-03
+267.300E+03,+1.001385E-03
+267.400E+03,+1.000121E-03
+267.500E+03,+998.857E-06
+267.600E+03,+997.593E-06
+267.700E+03,+996.329E-06
+267.800E+03,+995.065E-06
+267.900E+03,+993.801E-06
+268.000E+03,+992.537E-06
+268.100E+03,+991.273E-06
+268.200E+03,+990.009E-06
+268.300E+03,+988.745E-06
+268.400E+03,+987.481E-06
+268.500E+03,+986.217E-06
+268.600E+03,+984.953E-06
+268.700E+03,+983.689E-06
+268.800E+03,+982.425E-06
+268.900E+03,+981.161E-06
+269.000E+03,+979.897E-06
+269.100E+03,+978.633E-06
+269.200E+03,+977.369E-06
+269.300E+03,+976.105E-06
+269.400E+03,+974.841E-06
+269.500E+03,+973.577E-06
+269.600E+03,+972.313E-06
+269.700E+03,+971.049E-06
+269.800E+03,+969.785E-06
+269.900E+03,+968.521E-06
+270.000E+03,+967.257E-06
+270.100E+03,+965.993E-06
+270.200E+03,+964.729E-06
+270.300E+03,+963.465E-06
+270.400E+03,+962.201E-06
+270.500E+03,+960.937E-06
+270.600E+03,+959.673E-06
+270.700E+03,+958.409E-06
+270.800E+03,+957.145E-06
+270.900E+03,+955.881E-06
+271.000E+03,+954.617E-06
+271.100E+03,+953.353E-06
+271.200E+03,+952.089E-06
+271.300E+03,+950.825E-06
+271.400E+03,+949.561E-06
+271.500E+03,+948.297E-06
+271.600E+03,+947.033E-06
+271.700E+03,+945.769E-06
+271.800E+03,+944.505E-06
+271.900E+03,+943.241E-06
+272.000E+03,+941.977E-06
+272.100E+03,+940.713E-06
+272.200E+03,+939.449E-06
+272.300E+03,+938.185E-06
+272.400E+03,+936.921E-06
+272.500E+03,+935.657E-06
+272.600E+03,+934.393E-06
+272.700E+03,+933.129E-06
+272.800E+03,+931.865E-06
+272.900E+03,+930.601E-06
+273.000E+03,+929.337E-06
+273.100E+03,+928.073E-06
+273.200E+03,+926.809E-06
+273.300E+03,+925.545E-06
+273.400E+03,+924.281E-06
+273.500E+03,+923.017E-06
+273.600E+03,+921.753E-06
+273.700E+03,+920.489E-06
+273.800E+03,+919.225E-06
+273.900E+03,+917.961E-06
+274.000E+03,+916.697E-06
+274.100E+03,+915.433E-06
+274.200E+03,+914.169E-06
+274.300E+03,+912.905E-06
+274.400E+03,+911.641E-06
+274.500E+03,+910.377E-06
+274.600E+03,+909.113E-06
+274.700E+03,+912.428E-06
+274.800E+03,+922.120E-06
+274.900E+03,+931.812E-06
+275.000E+03,+941.504E-06
+275.100E+03,+951.196E-06
+275.200E+03,+960.888E-06
+275.300E+03,+970.580E-06
+275.400E+03,+980.272E-06
+275.500E+03,+989.964E-06
+275.600E+03,+999.656E-06
+275.700E+03,+1.009348E-03
+275.800E+03,+1.019040E-03
+275.900E+03,+1.028732E-03
+276.000E+03,+1.038424E-03
+276.100E+03,+1.048116E-03
+276.200E+03,+1.057808E-03
+276.300E+03,+1.067500E-03
+276.400E+03,+1.077192E-03
+276.500E+03,+1.086884E-03
+276.600E+03,+1.096576E-03
+276.700E+03,+1.106268E-03
+276.800E+03,+1.115960E-03
+276.900E+03,+1.125652E-03
+277.000E+03,+1.135344E-03
+277.100E+03,+1.145036E-03
+277.200E+03,+1.154728E-03
+277.300E+03,+1.164420E-03
+277.400E+03,+1.174112E-03
+277.500E+03,+1.183804E-03
+277.600E+03,+1.193496E-03
+277.700E+03,+1.203188E-03
+277.800E+03,+1.212880E-03
+277.900E+03,+1.222572E-03
+278.000E+03,+1.232264E-03
+278.100E+03,+1.241956E-03
+278.200E+03,+1.251648E-03
+278.300E+03,+1.261340E-03
+278.400E+03,+1.271032E-03
+278.500E+03,+1.280724E-03
+278.600E+03,+1.290416E-03
+278.700E+03,+1.300108E-03
+278.800E+03,+1.309800E-03
+278.900E+03,+1.319492E-03
+279.000E+03,+1.329184E-03
+279.100E+03,+1.338876E-03
+279.200E+03,+1.348568E-03
+279.300E+03,+1.358260E-03
+279.400E+03,+1.367952E-03
+279.500E+03,+1.377644E-03
+279.600E+03,+1.387336E-03
+279.700E+03,+1.397028E-03
+279.800E+03,+1.406720E-03
+279.900E+03,+1.416412E-03
+280.000E+03,+1.426104E-03
+280.100E+03,+1.435796E-03
+280.200E+03,+1.445488E-03
+280.300E+03,+1.455180E-03
+280.400E+03,+1.464872E-03
+280.500E+03,+1.474564E-03
+280.600E+03,+1.484256E-03
+280.700E+03,+1.493948E-03
+280.800E+03,+1.503640E-03
+280.900E+03,+1.513332E-03
+281.000E+03,+1.523024E-03
+281.100E+03,+1.532716E-03
+281.200E+03,+1.542408E-03
+281.300E+03,+1.552100E-03
+281.400E+03,+1.561792E-03
+281.500E+03,+1.571484E-03
+281.600E+03,+1.581176E-03
+281.700E+03,+1.590868E-03
+281.800E+03,+1.600560E-03
+281.900E+03,+1.610252E-03
+282.000E+03,+1.619944E-03
+282.100E+03,+1.629636E-03
+282.200E+03,+1.639328E-03
+282.300E+03,+1.649020E-03
+282.400E+03,+1.658712E-03
+282.500E+03,+1.668404E-03
+282.600E+03,+1.678096E-03
+282.700E+03,+1.687788E-03
+282.800E+03,+1.697480E-03
+282.900E+03,+1.707172E-03
+283.000E+03,+1.716864E-03
+283.100E+03,+1.726556E-03
+283.200E+03,+1.736248E-03
+283.300E+03,+1.745940E-03
+283.400E+03,+1.755632E-03
+283.500E+03,+1.765324E-03
+283.600E+03,+1.775016E-03
+283.700E+03,+1.784708E-03
+283.800E+03,+1.794400E-03
+283.900E+03,+1.804092E-03
+284.000E+03,+1.813784E-03
+284.100E+03,+1.823476E-03
+284.200E+03,+1.833168E-03
+284.300E+03,+1.842860E-03
+284.400E+03,+1.852552E-03
+284.500E+03,+1.862244E-03
+284.600E+03,+1.871936E-03
+284.700E+03,+1.881628E-03
+284.800E+03,+1.891320E-03
+284.900E+03,+1.901012E-03
+285.000E+03,+1.910704E-03
+285.100E+03,+1.920396E-03
+285.200E+03,+1.930088E-03
+285.300E+03,+1.939780E-03
+285.400E+03,+1.949472E-03
+285.500E+03,+1.959164E-03
+285.600E+03,+1.968856E-03
+285.700E+03,+1.978548E-03
+285.800E+03,+1.988240E-03
+285.900E+03,+1.997932E-03
+286.000E+03,+2.007624E-03
+286.100E+03,+2.017316E-03
+286.200E+03,+2.027008E-03
+286.300E+03,+2.036700E-03
+286.400E+03,+2.046392E-03
+286.500E+03,+2.056084E-03
+286.600E+03,+2.065776E-03
+286.700E+03,+2.075468E-03
+286.800E+03,+2.085160E-03
+286.900E+03,+2.094852E-03
+287.000E+03,+2.104544E-03
+287.100E+03,+2.114236E-03
+287.200E+03,+2.123928E-03
+287.300E+03,+2.133620E-03
+287.400E+03,+2.143312E-03
+287.500E+03,+2.153004E-03
+287.600E+03,+2.162696E-03
+287.700E+03,+2.172388E-03
+287.800E+03,+2.182080E-03
+287.900E+03,+2.191772E-03
+288.000E+03,+2.201464E-03
+288.100E+03,+2.211156E-03
+288.200E+03,+2.220848E-03
+288.300E+03,+2.230540E-03
+288.400E+03,+2.240232E-03
+288.500E+03,+2.249924E-03
+288.600E+03,+2.259616E-03
+288.700E+03,+2.269308E-03
+288.800E+03,+2.279000E-03
+288.900E+03,+2.288692E-03
+289.000E+03,+2.298384E-03
+289.100E+03,+2.308076E-03
+289.200E+03,+2.317768E-03
+289.300E+03,+2.327460E-03
+289.400E+03,+2.337152E-03
+289.500E+03,+2.346844E-03
+289.600E+03,+2.356536E-03
+289.700E+03,+2.366228E-03
+289.800E+03,+2.375920E-03
+289.900E+03,+2.385612E-03
+290.000E+03,+2.385091E-03
+290.100E+03,+2.382479E-03
+290.200E+03,+2.379867E-03
+290.300E+03,+2.377255E-03
+290.400E+03,+2.374643E-03
+290.500E+03,+2.372031E-03
+290.600E+03,+2.369419E-03
+290.700E+03,+2.366807E-03
+290.800E+03,+2.364195E-03
+290.900E+03,+2.361583E-03
+291.000E+03,+2.358971E-03
+291.100E+03,+2.356359E-03
+291.200E+03,+2.353747E-03
+291.300E+03,+2.351135E-03
+291.400E+03,+2.348523E-03
+291.500E+03,+2.345911E-03
+291.600E+03,+2.343299E-03
+291.700E+03,+2.340687E-03
+291.800E+03,+2.338075E-03
+291.900E+03,+2.335463E-03
+292.000E+03,+2.332851E-03
+292.100E+03,+2.330239E-03
+292.200E+03,+2.327627E-03
+292.300E+03,+2.325015E-03
+292.400E+03,+2.322403E-03
+292.500E+03,+2.319791E-03
+292.600E+03,+2.317179E-03
+292.700E+03,+2.314567E-03
+292.800E+03,+2.311955E-03
+292.900E+03,+2.309343E-03
+293.000E+03,+2.306731E-03
+293.100E+03,+2.304119E-03
+293.200E+03,+2.301507E-03
+293.300E+03,+2.298895E-03
+293.400E+03,+2.296283E-03
+293.500E+03,+2.293671E-03
+293.600E+03,+2.291059E-03
+293.700E+03,+2.288447E-03
+293.800E+03,+2.285835E-03
+293.900E+03,+2.283223E-03
+294.000E+03,+2.280611E-03
+294.100E+03,+2.277999E-03
+294.200E+03,+2.275387E-03
+294.300E+03,+2.272775E-03
+294.400E+03,+2.270163E-03
+294.500E+03,+2.267551E-03
+294.600E+03,+2.264939E-03
+294.700E+03,+2.262327E-03
+294.800E+03,+2.259715E-03
+294.900E+03,+2.257103E-03
+295.000E+03,+2.254491E-03
+295.100E+03,+2.251879E-03
+295.200E+03,+2.249267E-03
+295.300E+03,+2.246655E-03
+295.400E+03,+2.244043E-03
+295.500E+03,+2.241431E-03
+295.600E+03,+2.238819E-03
+295.700E+03,+2.236207E-03
+295.800E+03,+2.233595E-03
+295.900E+03,+2.230983E-03
+296.000E+03,+2.228371E-03
+296.100E+03,+2.225759E-03
+296.200E+03,+2.223147E-03
+296.300E+03,+2.220535E-03
+296.400E+03,+2.217923E-03
+296.500E+03,+2.215311E-03
+296.600E+03,+2.212699E-03
+296.700E+03,+2.210087E-03
+296.800E+03,+2.207475E-03
+296.900E+03,+2.204863E-03
+297.000E+03,+2.202251E-03
+297.100E+03,+2.199639E-03
+297.200E+03,+2.197027E-03
+297.300E+03,+2.194415E-03
+297.400E+03,+2.191803E-03
+297.500E+03,+2.189191E-03
+297.600E+03,+2.186579E-03
+297.700E+03,+2.183967E-03
+297.800E+03,+2.181355E-03
+297.900E+03,+2.178743E-03
+298.000E+03,+2.176131E-03
+298.100E+03,+2.173519E-03
+298.200E+03,+2.170907E-03
+298.300E+03,+2.168295E-03
+298.400E+03,+2.165683E-03
+298.500E+03,+2.163071E-03
+298.600E+03,+2.160459E-03
+298.700E+03,+2.157847E-03
+298.800E+03,+2.155235E-03
+298.900E+03,+2.152623E-03
+299.000E+03,+2.150011E-03
+299.100E+03,+2.147399E-03
+299.200E+03,+2.144787E-03
+299.300E+03,+2.142175E-03
+299.400E+03,+2.139563E-03
+299.500E+03,+2.136951E-03
+299.600E+03,+2.134339E-03
+299.700E+03,+2.131727E-03
+299.800E+03,+2.129115E-03
+299.900E+03,+2.126503E-03
+300.000E+03,+2.123891E-03
+300.100E+03,+2.121279E-03
+300.200E+03,+2.118667E-03
+300.300E+03,+2.116055E-03
+300.400E+03,+2.113443E-03
+300.500E+03,+2.110831E-03
+300.600E+03,+2.108219E-03
+300.700E+03,+2.105607E-03
+300.800E+03,+2.102995E-03
+300.900E+03,+2.100383E-03
+301.000E+03,+2.097771E-03
+301.100E+03,+2.095159E-03
+301.200E+03,+2.092547E-03
+301.300E+03,+2.089935E-03
+301.400E+03,+2.087323E-03
+301.500E+03,+2.084711E-03
+301.600E+03,+2.082099E-03
+301.700E+03,+2.079487E-03
+301.800E+03,+2.076875E-03
+301.900E+03,+2.074263E-03
+302.000E+03,+2.071651E-03
+302.100E+03,+2.069039E-03
+302.200E+03,+2.066427E-03
+302.300E+03,+2.063815E-03
+302.400E+03,+2.061203E-03
+302.500E+03,+2.058591E-03
+302.600E+03,+2.055979E-03
+302.700E+03,+2.053367E-03
+302.800E+03,+2.050755E-03
+302.900E+03,+2.048143E-03
+303.000E+03,+2.045531E-03
+303.100E+03,+2.042919E-03
+303.200E+03,+2.040307E-03
+303.300E+03,+2.037695E-03
+303.400E+03,+2.035083E-03
+303.500E+03,+2.032471E-03
+303.600E+03,+2.029859E-03
+303.700E+03,+2.027247E-03
+303.800E+03,+2.024635E-03
+303.900E+03,+2.022023E-03
+304.000E+03,+2.019411E-03
+304.100E+03,+2.016799E-03
+304.200E+03,+2.014187E-03
+304.300E+03,+2.011575E-03
+304.400E+03,+2.008963E-03
+304.500E+03,+2.006351E-03
+304.600E+03,+2.003739E-03
+304.700E+03,+2.001127E-03
+304.800E+03,+1.998515E-03
+304.900E+03,+1.995903E-03
+305.000E+03,+1.993291E-03
+305.100E+03,+1.990679E-03
+305.200E+03,+1.986475E-03
+305.300E+03,+1.977291E-03
+305.400E+03,+1.968107E-03
+305.500E+03,+1.958923E-03
+305.600E+03,+1.949739E-03
+305.700E+03,+1.940555E-03
+305.800E+03,+1.931371E-03
+305.900E+03,+1.922187E-03
+306.000E+03,+1.913003E-03
+306.100E+03,+1.903819E-03
+306.200E+03,+1.894635E-03
+306.300E+03,+1.885451E-03
+306.400E+03,+1.876267E-03
+306.500E+03,+1.867083E-03
+306.600E+03,+1.857899E-03
+306.700E+03,+1.848715E-03
+306.800E+03,+1.839531E-03
+306.900E+03,+1.830347E-03
+307.000E+03,+1.821163E-03
+307.100E+03,+1.811979E-03
+307.200E+03,+1.802795E-03
+307.300E+03,+1.793611E-03
+307.400E+03,+1.784427E-03
+307.500E+03,+1.775243E-03
+307.600E+03,+1.766059E-03
+307.700E+03,+1.756875E-03
+307.800E+03,+1.747691E-03
+307.900E+03,+1.738507E-03
+308.000E+03,+1.729323E-03
+308.100E+03,+1.720139E-03
+308.200E+03,+1.710955E-03
+308.300E+03,+1.701771E-03
+308.400E+03,+1.692587E-03
+308.500E+03,+1.683403E-03
+308.600E+03,+1.674219E-03
+308.700E+03,+1.665035E-03
+308.800E+03,+1.655851E-03
+308.900E+03,+1.646667E-03
+309.000E+03,+1.637483E-03
+309.100E+03,+1.628299E-03
+309.200E+03,+1.619115E-03
+309.300E+03,+1.609931E-03
+309.400E+03,+1.600747E-03
+309.500E+03,+1.591563E-03
+309.600E+03,+1.582379E-03
+309.700E+03,+1.573195E-03
+309.800E+03,+1.564011E-03
+309.900E+03,+1.554827E-03
+310.000E+03,+1.545643E-03
+310.100E+03,+1.536459E-03
+310.200E+03,+1.527275E-03
+310.300E+03,+1.518091E-03
+310.400E+03,+1.508907E-03
+310.500E+03,+1.499723E-03
+310.600E+03,+1.490539E-03
+310.700E+03,+1.481355E-03
+310.800E+03,+1.472171E-03
+310.900E+03,+1.462987E-03
+311.000E+03,+1.453803E-03
+311.100E+03,+1.444619E-03
+311.200E+03,+1.435435E-03
+311.300E+03,+1.426251E-03
+311.400E+03,+1.417067E-03
+311.500E+03,+1.407883E-03
+311.600E+03,+1.398699E-03
+311.700E+03,+1.389515E-03
+311.800E+03,+1.380331E-03
+311.900E+03,+1.371147E-03
+312.000E+03,+1.361963E-03
+312.100E+03,+1.352779E-03
+312.200E+03,+1.343595E-03
+312.300E+03,+1.334411E-03
+312.400E+03,+1.325227E-03
+312.500E+03,+1.316043E-03
+312.600E+03,+1.306859E-03
+312.700E+03,+1.297675E-03
+312.800E+03,+1.288491E-03
+312.900E+03,+1.279307E-03
+313.000E+03,+1.270123E-03
+313.100E+03,+1.260939E-03
+313.200E+03,+1.251755E-03
+313.300E+03,+1.242571E-03
+313.400E+03,+1.233387E-03
+313.500E+03,+1.224203E-03
+313.600E+03,+1.215019E-03
+313.700E+03,+1.205835E-03
+313.800E+03,+1.196651E-03
+313.900E+03,+1.187467E-03
+314.000E+03,+1.178283E-03
+314.100E+03,+1.169099E-03
+314.200E+03,+1.159915E-03
+314.300E+03,+1.150731E-03
+314.400E+03,+1.141547E-03
+314.500E+03,+1.132363E-03
+314.600E+03,+1.123179E-03
+314.700E+03,+1.113995E-03
+314.800E+03,+1.104811E-03
+314.900E+03,+1.095627E-03
+315.000E+03,+1.086443E-03
+315.100E+03,+1.077259E-03
+315.200E+03,+1.068075E-03
+315.300E+03,+1.058891E-03
+315.400E+03,+1.049707E-03
+315.500E+03,+1.040523E-03
+315.600E+03,+1.031339E-03
+315.700E+03,+1.022155E-03
+315.800E+03,+1.012971E-03
+315.900E+03,+1.003787E-03
+316.000E+03,+994.603E-06
+316.100E+03,+985.419E-06
+316.200E+03,+976.235E-06
+316.300E+03,+967.051E-06
+316.400E+03,+957.867E-06
+316.500E+03,+948.683E-06
+316.600E+03,+939.499E-06
+316.700E+03,+930.315E-06
+316.800E+03,+921.131E-06
+316.900E+03,+911.947E-06
+317.000E+03,+902.763E-06
+317.100E+03,+893.579E-06
+317.200E+03,+884.395E-06
+317.300E+03,+875.211E-06
+317.400E+03,+866.027E-06
+317.500E+03,+856.843E-06
+317.600E+03,+847.659E-06
+317.700E+03,+838.475E-06
+317.800E+03,+829.291E-06
+317.900E+03,+820.107E-06
+318.000E+03,+810.923E-06
+318.100E+03,+801.739E-06
+318.200E+03,+792.555E-06
+318.300E+03,+783.371E-06
+318.400E+03,+774.187E-06
+318.500E+03,+765.003E-06
+318.600E+03,+755.819E-06
+318.700E+03,+746.635E-06
+318.800E+03,+737.451E-06
+318.900E+03,+728.267E-06
+319.000E+03,+719.083E-06
+319.100E+03,+709.899E-06
+319.200E+03,+700.715E-06
+319.300E+03,+691.531E-06
+319.400E+03,+682.347E-06
+319.500E+03,+673.163E-06
+319.600E+03,+663.979E-06
+319.700E+03,+654.795E-06
+319.800E+03,+645.611E-06
+319.900E+03,+636.427E-06
+320.000E+03,+627.243E-06
+320.100E+03,+618.059E-06
+320.200E+03,+608.875E-06
+320.300E+03,+599.691E-06
+320.400E+03,+590.507E-06
+320.500E+03,+599.290E-06
+320.600E+03,+617.566E-06
+320.700E+03,+635.842E-06
+320.800E+03,+654.118E-06
+320.900E+03,+672.394E-06
+321.000E+03,+690.670E-06
+321.100E+03,+708.946E-06
+321.200E+03,+727.222E-06
+321.300E+03,+745.498E-06
+321.400E+03,+763.774E-06
+321.500E+03,+782.050E-06
+321.600E+03,+800.326E-06
+321.700E+03,+818.602E-06
+321.800E+03,+836.878E-06
+321.900E+03,+855.154E-06
+322.000E+03,+873.430E-06
+322.100E+03,+891.706E-06
+322.200E+03,+909.982E-06
+322.300E+03,+928.258E-06
+322.400E+03,+946.534E-06
+322.500E+03,+964.810E-06
+322.600E+03,+983.086E-06
+322.700E+03,+1.001362E-03
+322.800E+03,+1.019638E-03
+322.900E+03,+1.037914E-03
+323.000E+03,+1.056190E-03
+323.100E+03,+1.074466E-03
+323.200E+03,+1.092742E-03
+323.300E+03,+1.111018E-03
+323.400E+03,+1.129294E-03
+323.500E+03,+1.147570E-03
+323.600E+03,+1.165846E-03
+323.700E+03,+1.184122E-03
+323.800E+03,+1.202398E-03
+323.900E+03,+1.220674E-03
+324.000E+03,+1.238950E-03
+324.100E+03,+1.257226E-03
+324.200E+03,+1.275502E-03
+324.300E+03,+1.293778E-03
+324.400E+03,+1.312054E-03
+324.500E+03,+1.330330E-03
+324.600E+03,+1.348606E-03
+324.700E+03,+1.366882E-03
+324.800E+03,+1.385158E-03
+324.900E+03,+1.403434E-03
+325.000E+03,+1.421710E-03
+325.100E+03,+1.439986E-03
+325.200E+03,+1.458262E-03
+325.300E+03,+1.476538E-03
+325.400E+03,+1.494814E-03
+325.500E+03,+1.513090E-03
+325.600E+03,+1.531366E-03
+325.700E+03,+1.549642E-03
+325.800E+03,+1.567918E-03
+325.900E+03,+1.586194E-03
+326.000E+03,+1.604470E-03
+326.100E+03,+1.622746E-03
+326.200E+03,+1.641022E-03
+326.300E+03,+1.659298E-03
+326.400E+03,+1.677574E-03
+326.500E+03,+1.695850E-03
+326.600E+03,+1.714126E-03
+326.700E+03,+1.732402E-03
+326.800E+03,+1.750678E-03
+326.900E+03,+1.768954E-03
+327.000E+03,+1.787230E-03
+327.100E+03,+1.805506E-03
+327.200E+03,+1.823782E-03
+327.300E+03,+1.842058E-03
+327.400E+03,+1.860334E-03
+327.500E+03,+1.878610E-03
+327.600E+03,+1.896886E-03
+327.700E+03,+1.915162E-03
+327.800E+03,+1.933438E-03
+327.900E+03,+1.951714E-03
+328.000E+03,+1.969990E-03
+328.100E+03,+1.988266E-03
+328.200E+03,+2.006542E-03
+328.300E+03,+2.024818E-03
+328.400E+03,+2.043094E-03
+328.500E+03,+2.061370E-03
+328.600E+03,+2.079646E-03
+328.700E+03,+2.097922E-03
+328.800E+03,+2.116198E-03
+328.900E+03,+2.134474E-03
+329.000E+03,+2.152750E-03
+329.100E+03,+2.171026E-03
+329.200E+03,+2.189302E-03
+329.300E+03,+2.207578E-03
+329.400E+03,+2.225854E-03
+329.500E+03,+2.244130E-03
+329.600E+03,+2.262406E-03
+329.700E+03,+2.280682E-03
+329.800E+03,+2.298958E-03
+329.900E+03,+2.317234E-03
+330.000E+03,+2.335510E-03
+330.100E+03,+2.353786E-03
+330.200E+03,+2.372062E-03
+330.300E+03,+2.390338E-03
+330.400E+03,+2.408614E-03
+330.500E+03,+2.426890E-03
+330.600E+03,+2.445166E-03
+330.700E+03,+2.463442E-03
+330.800E+03,+2.481718E-03
+330.900E+03,+2.499994E-03
+331.000E+03,+2.518270E-03
+331.100E+03,+2.536546E-03
+331.200E+03,+2.554822E-03
+331.300E+03,+2.573098E-03
+331.400E+03,+2.591374E-03
+331.500E+03,+2.609650E-03
+331.600E+03,+2.627926E-03
+331.700E+03,+2.646202E-03
+331.800E+03,+2.664478E-03
+331.900E+03,+2.682754E-03
+332.000E+03,+2.701030E-03
+332.100E+03,+2.719306E-03
+332.200E+03,+2.737582E-03
+332.300E+03,+2.755858E-03
+332.400E+03,+2.774134E-03
+332.500E+03,+2.792410E-03
+332.600E+03,+2.810686E-03
+332.700E+03,+2.828962E-03
+332.800E+03,+2.847238E-03
+332.900E+03,+2.865514E-03
+333.000E+03,+2.883790E-03
+333.100E+03,+2.902066E-03
+333.200E+03,+2.920342E-03
+333.300E+03,+2.938618E-03
+333.400E+03,+2.956894E-03
+333.500E+03,+2.975170E-03
+333.600E+03,+2.993446E-03
+333.700E+03,+3.011722E-03
+333.800E+03,+3.029998E-03
+333.900E+03,+3.048274E-03
+334.000E+03,+3.066550E-03
+334.100E+03,+3.084826E-03
+334.200E+03,+3.103102E-03
+334.300E+03,+3.121378E-03
+334.400E+03,+3.139654E-03
+334.500E+03,+3.157930E-03
+334.600E+03,+3.176206E-03
+334.700E+03,+3.194482E-03
+334.800E+03,+3.212758E-03
+334.900E+03,+3.231034E-03
+335.000E+03,+3.249310E-03
+335.100E+03,+3.267586E-03
+335.200E+03,+3.285862E-03
+335.300E+03,+3.304138E-03
+335.400E+03,+3.322414E-03
+335.500E+03,+3.340690E-03
+335.600E+03,+3.358966E-03
+335.700E+03,+3.376291E-03
+335.800E+03,+3.380235E-03
+335.900E+03,+3.384179E-03
+336.000E+03,+3.388123E-03
+336.100E+03,+3.392067E-03
+336.200E+03,+3.396011E-03
+336.300E+03,+3.399955E-03
+336.400E+03,+3.403899E-03
+336.500E+03,+3.407843E-03
+336.600E+03,+3.411787E-03
+336.700E+03,+3.415731E-03
+336.800E+03,+3.419675E-03
+336.900E+03,+3.423619E-03
+337.000E+03,+3.427563E-03
+337.100E+03,+3.431507E-03
+337.200E+03,+3.435451E-03
+337.300E+03,+3.439395E-03
+337.400E+03,+3.443339E-03
+337.500E+03,+3.447283E-03
+337.600E+03,+3.451227E-03
+337.700E+03,+3.455171E-03
+337.800E+03,+3.459115E-03
+337.900E+03,+3.463059E-03
+338.000E+03,+3.467003E-03
+338.100E+03,+3.470947E-03
+338.200E+03,+3.474891E-03
+338.300E+03,+3.478835E-03
+338.400E+03,+3.482779E-03
+338.500E+03,+3.486723E-03
+338.600E+03,+3.490667E-03
+338.700E+03,+3.494611E-03
+338.800E+03,+3.498555E-03
+338.900E+03,+3.502499E-03
+339.000E+03,+3.506443E-03
+339.100E+03,+3.510387E-03
+339.200E+03,+3.514331E-03
+339.300E+03,+3.518275E-03
+339.400E+03,+3.522219E-03
+339.500E+03,+3.526163E-03
+339.600E+03,+3.530107E-03
+339.700E+03,+3.534051E-03
+339.800E+03,+3.537995E-03
+339.900E+03,+3.541939E-03
+340.000E+03,+3.545883E-03
+340.100E+03,+3.549827E-03
+340.200E+03,+3.553771E-03
+340.300E+03,+3.557715E-03
+340.400E+03,+3.561659E-03
+340.500E+03,+3.565603E-03
+340.600E+03,+3.569547E-03
+340.700E+03,+3.573491E-03
+340.800E+03,+3.577435E-03
+340.900E+03,+3.581379E-03
+341.000E+03,+3.585323E-03
+341.100E+03,+3.589267E-03
+341.200E+03,+3.593211E-03
+341.300E+03,+3.597155E-03
+341.400E+03,+3.601099E-03
+341.500E+03,+3.605043E-03
+341.600E+03,+3.608987E-03
+341.700E+03,+3.612931E-03
+341.800E+03,+3.616875E-03
+341.900E+03,+3.620819E-03
+342.000E+03,+3.624763E-03
+342.100E+03,+3.628707E-03
+342.200E+03,+3.632651E-03
+342.300E+03,+3.636595E-03
+342.400E+03,+3.640539E-03
+342.500E+03,+3.644483E-03
+342.600E+03,+3.648427E-03
+342.700E+03,+3.652371E-03
+342.800E+03,+3.656315E-03
+342.900E+03,+3.660259E-03
+343.000E+03,+3.664203E-03
+343.100E+03,+3.668147E-03
+343.200E+03,+3.672091E-03
+343.300E+03,+3.676035E-03
+343.400E+03,+3.679979E-03
+343.500E+03,+3.683923E-03
+343.600E+03,+3.687867E-03
+343.700E+03,+3.691811E-03
+343.800E+03,+3.695755E-03
+343.900E+03,+3.699699E-03
+344.000E+03,+3.703643E-03
+344.100E+03,+3.707587E-03
+344.200E+03,+3.711531E-03
+344.300E+03,+3.715475E-03
+344.400E+03,+3.719419E-03
+344.500E+03,+3.723363E-03
+344.600E+03,+3.727307E-03
+344.700E+03,+3.731251E-03
+344.800E+03,+3.735195E-03
+344.900E+03,+3.739139E-03
+345.000E+03,+3.743083E-03
+345.100E+03,+3.747027E-03
+345.200E+03,+3.750971E-03
+345.300E+03,+3.754915E-03
+345.400E+03,+3.758859E-03
+345.500E+03,+3.762803E-03
+345.600E+03,+3.766747E-03
+345.700E+03,+3.770691E-03
+345.800E+03,+3.774635E-03
+345.900E+03,+3.778579E-03
+346.000E+03,+3.782523E-03
+346.100E+03,+3.786467E-03
+346.200E+03,+3.790411E-03
+346.300E+03,+3.794355E-03
+346.400E+03,+3.798299E-03
+346.500E+03,+3.802243E-03
+346.600E+03,+3.806187E-03
+346.700E+03,+3.810131E-03
+346.800E+03,+3.814075E-03
+346.900E+03,+3.818019E-03
+347.000E+03,+3.821963E-03
+347.100E+03,+3.825907E-03
+347.200E+03,+3.829851E-03
+347.300E+03,+3.833795E-03
+347.400E+03,+3.837739E-03
+347.500E+03,+3.841683E-03
+347.600E+03,+3.845627E-03
+347.700E+03,+3.849571E-03
+347.800E+03,+3.853515E-03
+347.900E+03,+3.857459E-03
+348.000E+03,+3.861403E-03
+348.100E+03,+3.865347E-03
+348.200E+03,+3.869291E-03
+348.300E+03,+3.873235E-03
+348.400E+03,+3.877179E-03
+348.500E+03,+3.881123E-03
+348.600E+03,+3.885067E-03
+348.700E+03,+3.889011E-03
+348.800E+03,+3.892955E-03
+348.900E+03,+3.896899E-03
+349.000E+03,+3.900843E-03
+349.100E+03,+3.904787E-03
+349.200E+03,+3.908731E-03
+349.300E+03,+3.912675E-03
+349.400E+03,+3.916619E-03
+349.500E+03,+3.920563E-03
+349.600E+03,+3.924507E-03
+349.700E+03,+3.928451E-03
+349.800E+03,+3.932395E-03
+349.900E+03,+3.936339E-03
+350.000E+03,+3.940283E-03
+350.100E+03,+3.944227E-03
+350.200E+03,+3.948171E-03
+350.300E+03,+3.952115E-03
+350.400E+03,+3.956059E-03
+350.500E+03,+3.960003E-03
+350.600E+03,+3.963947E-03
+350.700E+03,+3.967891E-03
+350.800E+03,+3.971835E-03
+350.900E+03,+3.975779E-03
+351.000E+03,+3.967260E-03
+351.100E+03,+3.945160E-03
+351.200E+03,+3.923060E-03
+351.300E+03,+3.900960E-03
+351.400E+03,+3.878860E-03
+351.500E+03,+3.856760E-03
+351.600E+03,+3.834660E-03
+351.700E+03,+3.812560E-03
+351.800E+03,+3.790460E-03
+351.900E+03,+3.768360E-03
+352.000E+03,+3.746260E-03
+352.100E+03,+3.724160E-03
+352.200E+03,+3.702060E-03
+352.300E+03,+3.679960E-03
+352.400E+03,+3.657860E-03
+352.500E+03,+3.635760E-03
+352.600E+03,+3.613660E-03
+352.700E+03,+3.591560E-03
+352.800E+03,+3.569460E-03
+352.900E+03,+3.547360E-03
+353.000E+03,+3.525260E-03
+353.100E+03,+3.503160E-03
+353.200E+03,+3.481060E-03
+353.300E+03,+3.458960E-03
+353.400E+03,+3.436860E-03
+353.500E+03,+3.414760E-03
+353.600E+03,+3.392660E-03
+353.700E+03,+3.370560E-03
+353.800E+03,+3.348460E-03
+353.900E+03,+3.326360E-03
+354.000E+03,+3.304260E-03
+354.100E+03,+3.282160E-03
+354.200E+03,+3.260060E-03
+354.300E+03,+3.237960E-03
+354.400E+03,+3.215860E-03
+354.500E+03,+3.193760E-03
+354.600E+03,+3.171660E-03
+354.700E+03,+3.149560E-03
+354.800E+03,+3.127460E-03
+354.900E+03,+3.105360E-03
+355.000E+03,+3.083260E-03
+355.100E+03,+3.061160E-03
+355.200E+03,+3.039060E-03
+355.300E+03,+3.016960E-03
+355.400E+03,+2.994860E-03
+355.500E+03,+2.972760E-03
+355.600E+03,+2.950660E-03
+355.700E+03,+2.928560E-03
+355.800E+03,+2.906460E-03
+355.900E+03,+2.884360E-03
+356.000E+03,+2.862260E-03
+356.100E+03,+2.840160E-03
+356.200E+03,+2.818060E-03
+356.300E+03,+2.795960E-03
+356.400E+03,+2.773860E-03
+356.500E+03,+2.751760E-03
+356.600E+03,+2.729660E-03
+356.700E+03,+2.707560E-03
+356.800E+03,+2.685460E-03
+356.900E+03,+2.663360E-03
+357.000E+03,+2.641260E-03
+357.100E+03,+2.619160E-03
+357.200E+03,+2.597060E-03
+357.300E+03,+2.574960E-03
+357.400E+03,+2.552860E-03
+357.500E+03,+2.530760E-03
+357.600E+03,+2.508660E-03
+357.700E+03,+2.486560E-03
+357.800E+03,+2.464460E-03
+357.900E+03,+2.442360E-03
+358.000E+03,+2.420260E-03
+358.100E+03,+2.398160E-03
+358.200E+03,+2.376060E-03
+358.300E+03,+2.353960E-03
+358.400E+03,+2.331860E-03
+358.500E+03,+2.309760E-03
+358.600E+03,+2.287660E-03
+358.700E+03,+2.265560E-03
+358.800E+03,+2.243460E-03
+358.900E+03,+2.221360E-03
+359.000E+03,+2.199260E-03
+359.100E+03,+2.177160E-03
+359.200E+03,+2.155060E-03
+359.300E+03,+2.132960E-03
+359.400E+03,+2.110860E-03
+359.500E+03,+2.088760E-03
+359.600E+03,+2.066660E-03
+359.700E+03,+2.044560E-03
+359.800E+03,+2.022460E-03
+359.900E+03,+2.000360E-03
+360.000E+03,+1.978260E-03
+360.100E+03,+1.956160E-03
+360.200E+03,+1.934060E-03
+360.300E+03,+1.911960E-03
+360.400E+03,+1.889860E-03
+360.500E+03,+1.867760E-03
+360.600E+03,+1.845660E-03
+360.700E+03,+1.823560E-03
+360.800E+03,+1.801460E-03
+360.900E+03,+1.779360E-03
+361.000E+03,+1.757260E-03
+361.100E+03,+1.735160E-03
+361.200E+03,+1.713060E-03
+361.300E+03,+1.690960E-03
+361.400E+03,+1.668860E-03
+361.500E+03,+1.646760E-03
+361.600E+03,+1.624660E-03
+361.700E+03,+1.602560E-03
+361.800E+03,+1.580460E-03
+361.900E+03,+1.558360E-03
+362.000E+03,+1.536260E-03
+362.100E+03,+1.514160E-03
+362.200E+03,+1.492060E-03
+362.300E+03,+1.469960E-03
+362.400E+03,+1.447860E-03
+362.500E+03,+1.425760E-03
+362.600E+03,+1.403660E-03
+362.700E+03,+1.381560E-03
+362.800E+03,+1.359460E-03
+362.900E+03,+1.337360E-03
+363.000E+03,+1.315260E-03
+363.100E+03,+1.293160E-03
+363.200E+03,+1.271060E-03
+363.300E+03,+1.248960E-03
+363.400E+03,+1.226860E-03
+363.500E+03,+1.204760E-03
+363.600E+03,+1.182660E-03
+363.700E+03,+1.160560E-03
+363.800E+03,+1.138460E-03
+363.900E+03,+1.116360E-03
+364.000E+03,+1.094260E-03
+364.100E+03,+1.072160E-03
+364.200E+03,+1.050060E-03
+364.300E+03,+1.027960E-03
+364.400E+03,+1.005860E-03
+364.500E+03,+983.760E-06
+364.600E+03,+961.660E-06
+364.700E+03,+939.560E-06
+364.800E+03,+917.460E-06
+364.900E+03,+895.360E-06
+365.000E+03,+873.260E-06
+365.100E+03,+851.160E-06
+365.200E+03,+829.060E-06
+365.300E+03,+806.960E-06
+365.400E+03,+784.860E-06
+365.500E+03,+762.760E-06
+365.600E+03,+740.660E-06
+365.700E+03,+718.560E-06
+365.800E+03,+696.460E-06
+365.900E+03,+674.360E-06
+366.000E+03,+652.260E-06
+366.100E+03,+630.160E-06
+366.200E+03,+608.060E-06
+366.300E+03,+639.323E-06
+366.400E+03,+677.139E-06
+366.500E+03,+714.955E-06
+366.600E+03,+752.771E-06
+366.700E+03,+790.587E-06
+366.800E+03,+828.403E-06
+366.900E+03,+866.219E-06
+367.000E+03,+904.035E-06
+367.100E+03,+941.851E-06
+367.200E+03,+979.667E-06
+367.300E+03,+1.017483E-03
+367.400E+03,+1.055299E-03
+367.500E+03,+1.093115E-03
+367.600E+03,+1.130931E-03
+367.700E+03,+1.168747E-03
+367.800E+03,+1.206563E-03
+367.900E+03,+1.244379E-03
+368.000E+03,+1.282195E-03
+368.100E+03,+1.320011E-03
+368.200E+03,+1.357827E-03
+368.300E+03,+1.395643E-03
+368.400E+03,+1.433459E-03
+368.500E+03,+1.471275E-03
+368.600E+03,+1.509091E-03
+368.700E+03,+1.546907E-03
+368.800E+03,+1.584723E-03
+368.900E+03,+1.622539E-03
+369.000E+03,+1.660355E-03
+369.100E+03,+1.698171E-03
+369.200E+03,+1.735987E-03
+369.300E+03,+1.773803E-03
+369.400E+03,+1.811619E-03
+369.500E+03,+1.849435E-03
+369.600E+03,+1.887251E-03
+369.700E+03,+1.925067E-03
+369.800E+03,+1.962883E-03
+369.900E+03,+2.000699E-03
+370.000E+03,+2.038515E-03
+370.100E+03,+2.076331E-03
+370.200E+03,+2.114147E-03
+370.300E+03,+2.151963E-03
+370.400E+03,+2.189779E-03
+370.500E+03,+2.227595E-03
+370.600E+03,+2.265411E-03
+370.700E+03,+2.303227E-03
+370.800E+03,+2.341043E-03
+370.900E+03,+2.378859E-03
+371.000E+03,+2.416675E-03
+371.100E+03,+2.454491E-03
+371.200E+03,+2.492307E-03
+371.300E+03,+2.530123E-03
+371.400E+03,+2.567939E-03
+371.500E+03,+2.605755E-03
+371.600E+03,+2.643571E-03
+371.700E+03,+2.681387E-03
+371.800E+03,+2.719203E-03
+371.900E+03,+2.757019E-03
+372.000E+03,+2.794835E-03
+372.100E+03,+2.832651E-03
+372.200E+03,+2.870467E-03
+372.300E+03,+2.908283E-03
+372.400E+03,+2.946099E-03
+372.500E+03,+2.983915E-03
+372.600E+03,+3.021731E-03
+372.700E+03,+3.059547E-03
+372.800E+03,+3.097363E-03
+372.900E+03,+3.135179E-03
+373.000E+03,+3.172995E-03
+373.100E+03,+3.210811E-03
+373.200E+03,+3.248627E-03
+373.300E+03,+3.286443E-03
+373.400E+03,+3.324259E-03
+373.500E+03,+3.362075E-03
+373.600E+03,+3.399891E-03
+373.700E+03,+3.437707E-03
+373.800E+03,+3.475523E-03
+373.900E+03,+3.513339E-03
+374.000E+03,+3.551155E-03
+374.100E+03,+3.588971E-03
+374.200E+03,+3.626787E-03
+374.300E+03,+3.664603E-03
+374.400E+03,+3.702419E-03
+374.500E+03,+3.740235E-03
+374.600E+03,+3.778051E-03
+374.700E+03,+3.815867E-03
+374.800E+03,+3.853683E-03
+374.900E+03,+3.891499E-03
+375.000E+03,+3.929315E-03
+375.100E+03,+3.967131E-03
+375.200E+03,+4.004947E-03
+375.300E+03,+4.042763E-03
+375.400E+03,+4.080579E-03
+375.500E+03,+4.118395E-03
+375.600E+03,+4.156211E-03
+375.700E+03,+4.194027E-03
+375.800E+03,+4.231843E-03
+375.900E+03,+4.269659E-03
+376.000E+03,+4.307475E-03
+376.100E+03,+4.345291E-03
+376.200E+03,+4.383107E-03
+376.300E+03,+4.420923E-03
+376.400E+03,+4.458739E-03
+376.500E+03,+4.496555E-03
+376.600E+03,+4.534371E-03
+376.700E+03,+4.572187E-03
+376.800E+03,+4.610003E-03
+376.900E+03,+4.647819E-03
+377.000E+03,+4.685635E-03
+377.100E+03,+4.723451E-03
+377.200E+03,+4.761267E-03
+377.300E+03,+4.799083E-03
+377.400E+03,+4.836899E-03
+377.500E+03,+4.874715E-03
+377.600E+03,+4.912531E-03
+377.700E+03,+4.950347E-03
+377.800E+03,+4.988163E-03
+377.900E+03,+5.025979E-03
+378.000E+03,+5.063795E-03
+378.100E+03,+5.101611E-03
+378.200E+03,+5.139427E-03
+378.300E+03,+5.177243E-03
+378.400E+03,+5.215059E-03
+378.500E+03,+5.252875E-03
+378.600E+03,+5.290691E-03
+378.700E+03,+5.328507E-03
+378.800E+03,+5.366323E-03
+378.900E+03,+5.404139E-03
+379.000E+03,+5.441955E-03
+379.100E+03,+5.479771E-03
+379.200E+03,+5.517587E-03
+379.300E+03,+5.555403E-03
+379.400E+03,+5.593219E-03
+379.500E+03,+5.631035E-03
+379.600E+03,+5.668851E-03
+379.700E+03,+5.706667E-03
+379.800E+03,+5.744483E-03
+379.900E+03,+5.782299E-03
+380.000E+03,+5.820115E-03
+380.100E+03,+5.857931E-03
+380.200E+03,+5.895747E-03
+380.300E+03,+5.933563E-03
+380.400E+03,+5.971379E-03
+380.500E+03,+6.009195E-03
+380.600E+03,+6.047011E-03
+380.700E+03,+6.084827E-03
+380.800E+03,+6.122643E-03
+380.900E+03,+6.160459E-03
+381.000E+03,+6.198275E-03
+381.100E+03,+6.236091E-03
+381.200E+03,+6.273907E-03
+381.300E+03,+6.311723E-03
+381.400E+03,+6.349539E-03
+381.500E+03,+6.390865E-03
+381.600E+03,+6.440277E-03
+381.700E+03,+6.489689E-03
+381.800E+03,+6.539101E-03
+381.900E+03,+6.588513E-03
+382.000E+03,+6.637925E-03
+382.100E+03,+6.687337E-03
+382.200E+03,+6.736749E-03
+382.300E+03,+6.786161E-03
+382.400E+03,+6.835573E-03
+382.500E+03,+6.884985E-03
+382.600E+03,+6.934397E-03
+382.700E+03,+6.983809E-03
+382.800E+03,+7.033221E-03
+382.900E+03,+7.082633E-03
+383.000E+03,+7.132045E-03
+383.100E+03,+7.181457E-03
+383.200E+03,+7.230869E-03
+383.300E+03,+7.280281E-03
+383.400E+03,+7.329693E-03
+383.500E+03,+7.379105E-03
+383.600E+03,+7.428517E-03
+383.700E+03,+7.477929E-03
+383.800E+03,+7.527341E-03
+383.900E+03,+7.576753E-03
+384.000E+03,+7.626165E-03
+384.100E+03,+7.675577E-03
+384.200E+03,+7.724989E-03
+384.300E+03,+7.774401E-03
+384.400E+03,+7.823813E-03
+384.500E+03,+7.873225E-03
+384.600E+03,+7.922637E-03
+384.700E+03,+7.972049E-03
+384.800E+03,+8.021461E-03
+384.900E+03,+8.070873E-03
+385.000E+03,+8.120285E-03
+385.100E+03,+8.169697E-03
+385.200E+03,+8.219109E-03
+385.300E+03,+8.268521E-03
+385.400E+03,+8.317933E-03
+385.500E+03,+8.367345E-03
+385.600E+03,+8.416757E-03
+385.700E+03,+8.466169E-03
+385.800E+03,+8.515581E-03
+385.900E+03,+8.564993E-03
+386.000E+03,+8.614405E-03
+386.100E+03,+8.663817E-03
+386.200E+03,+8.713229E-03
+386.300E+03,+8.762641E-03
+386.400E+03,+8.812053E-03
+386.500E+03,+8.861465E-03
+386.600E+03,+8.910877E-03
+386.700E+03,+8.960289E-03
+386.800E+03,+9.009701E-03
+386.900E+03,+9.059113E-03
+387.000E+03,+9.108525E-03
+387.100E+03,+9.157937E-03
+387.200E+03,+9.207349E-03
+387.300E+03,+9.256761E-03
+387.400E+03,+9.306173E-03
+387.500E+03,+9.355585E-03
+387.600E+03,+9.404997E-03
+387.700E+03,+9.454409E-03
+387.800E+03,+9.503821E-03
+387.900E+03,+9.553233E-03
+388.000E+03,+9.602645E-03
+388.100E+03,+9.652057E-03
+388.200E+03,+9.701469E-03
+388.300E+03,+9.750881E-03
+388.400E+03,+9.800293E-03
+388.500E+03,+9.849705E-03
+388.600E+03,+9.899117E-03
+388.700E+03,+9.948529E-03
+388.800E+03,+9.997941E-03
+388.900E+03,+10.047353E-03
+389.000E+03,+10.096765E-03
+389.100E+03,+10.146177E-03
+389.200E+03,+10.195589E-03
+389.300E+03,+10.245001E-03
+389.400E+03,+10.294413E-03
+389.500E+03,+10.343825E-03
+389.600E+03,+10.393237E-03
+389.700E+03,+10.442649E-03
+389.800E+03,+10.492061E-03
+389.900E+03,+10.541473E-03
+390.000E+03,+10.590885E-03
+390.100E+03,+10.640297E-03
+390.200E+03,+10.689709E-03
+390.300E+03,+10.739121E-03
+390.400E+03,+10.788533E-03
+390.500E+03,+10.837945E-03
+390.600E+03,+10.887357E-03
+390.700E+03,+10.936769E-03
+390.800E+03,+10.986181E-03
+390.900E+03,+11.035593E-03
+391.000E+03,+11.085005E-03
+391.100E+03,+11.134417E-03
+391.200E+03,+11.183829E-03
+391.300E+03,+11.233241E-03
+391.400E+03,+11.282653E-03
+391.500E+03,+11.332065E-03
+391.600E+03,+11.381477E-03
+391.700E+03,+11.430889E-03
+391.800E+03,+11.480301E-03
+391.900E+03,+11.529713E-03
+392.000E+03,+11.579125E-03
+392.100E+03,+11.628537E-03
+392.200E+03,+11.677949E-03
+392.300E+03,+11.727361E-03
+392.400E+03,+11.776773E-03
+392.500E+03,+11.826185E-03
+392.600E+03,+11.875597E-03
+392.700E+03,+11.925009E-03
+392.800E+03,+11.974421E-03
+392.900E+03,+12.023833E-03
+393.000E+03,+12.073245E-03
+393.100E+03,+12.122657E-03
+393.200E+03,+12.172069E-03
+393.300E+03,+12.221481E-03
+393.400E+03,+12.270893E-03
+393.500E+03,+12.320305E-03
+393.600E+03,+12.369717E-03
+393.700E+03,+12.419129E-03
+393.800E+03,+12.468541E-03
+393.900E+03,+12.517953E-03
+394.000E+03,+12.567365E-03
+394.100E+03,+12.616777E-03
+394.200E+03,+12.666189E-03
+394.300E+03,+12.715601E-03
+394.400E+03,+12.765013E-03
+394.500E+03,+12.814425E-03
+394.600E+03,+12.863837E-03
+394.700E+03,+12.913249E-03
+394.800E+03,+12.962661E-03
+394.900E+03,+13.012073E-03
+395.000E+03,+13.061485E-03
+395.100E+03,+13.110897E-03
+395.200E+03,+13.160309E-03
+395.300E+03,+13.209721E-03
+395.400E+03,+13.259133E-03
+395.500E+03,+13.308545E-03
+395.600E+03,+13.357957E-03
+395.700E+03,+13.407369E-03
+395.800E+03,+13.456781E-03
+395.900E+03,+13.506193E-03
+396.000E+03,+13.555605E-03
+396.100E+03,+13.605017E-03
+396.200E+03,+13.654429E-03
+396.300E+03,+13.703841E-03
+396.400E+03,+13.753253E-03
+396.500E+03,+13.802665E-03
+396.600E+03,+13.852077E-03
+396.700E+03,+13.901489E-03
+396.800E+03,+13.936613E-03
+396.900E+03,+13.966037E-03
+397.000E+03,+13.995461E-03
+397.100E+03,+14.024885E-03
+397.200E+03,+14.054309E-03
+397.300E+03,+14.083733E-03
+397.400E+03,+14.113157E-03
+397.500E+03,+14.142581E-03
+397.600E+03,+14.172005E-03
+397.700E+03,+14.201429E-03
+397.800E+03,+14.230853E-03
+397.900E+03,+14.260277E-03
+398.000E+03,+14.289701E-03
+398.100E+03,+14.319125E-03
+398.200E+03,+14.348549E-03
+398.300E+03,+14.377973E-03
+398.400E+03,+14.407397E-03
+398.500E+03,+14.436821E-03
+398.600E+03,+14.466245E-03
+398.700E+03,+14.495669E-03
+398.800E+03,+14.525093E-03
+398.900E+03,+14.554517E-03
+399.000E+03,+14.583941E-03
+399.100E+03,+14.613365E-03
+399.200E+03,+14.642789E-03
+399.300E+03,+14.672213E-03
+399.400E+03,+14.701637E-03
+399.500E+03,+14.731061E-03
+399.600E+03,+14.760485E-03
+399.700E+03,+14.789909E-03
+399.800E+03,+14.819333E-03
+399.900E+03,+14.848757E-03
+400.000E+03,+14.878181E-03
+400.100E+03,+14.907605E-03
+400.200E+03,+14.937029E-03
+400.300E+03,+14.966453E-03
+400.400E+03,+14.995877E-03
+400.500E+03,+15.025301E-03
+400.600E+03,+15.054725E-03
+400.700E+03,+15.084149E-03
+400.800E+03,+15.113573E-03
+400.900E+03,+15.142997E-03
+401.000E+03,+15.172421E-03
+401.100E+03,+15.201845E-03
+401.200E+03,+15.231269E-03
+401.300E+03,+15.260693E-03
+401.400E+03,+15.290117E-03
+401.500E+03,+15.319541E-03
+401.600E+03,+15.348965E-03
+401.700E+03,+15.378389E-03
+401.800E+03,+15.407813E-03
+401.900E+03,+15.437237E-03
+402.000E+03,+15.466661E-03
+402.100E+03,+15.496085E-03
+402.200E+03,+15.525509E-03
+402.300E+03,+15.554933E-03
+402.400E+03,+15.584357E-03
+402.500E+03,+15.613781E-03
+402.600E+03,+15.643205E-03
+402.700E+03,+15.672629E-03
+402.800E+03,+15.702053E-03
+402.900E+03,+15.731477E-03
+403.000E+03,+15.760901E-03
+403.100E+03,+15.790325E-03
+403.200E+03,+15.819749E-03
+403.300E+03,+15.849173E-03
+403.400E+03,+15.878597E-03
+403.500E+03,+15.908021E-03
+403.600E+03,+15.937445E-03
+403.700E+03,+15.966869E-03
+403.800E+03,+15.996293E-03
+403.900E+03,+16.025717E-03
+404.000E+03,+16.055141E-03
+404.100E+03,+16.084565E-03
+404.200E+03,+16.113989E-03
+404.300E+03,+16.143413E-03
+404.400E+03,+16.172837E-03
+404.500E+03,+16.202261E-03
+404.600E+03,+16.231685E-03
+404.700E+03,+16.261109E-03
+404.800E+03,+16.290533E-03
+404.900E+03,+16.319957E-03
+405.000E+03,+16.349381E-03
+405.100E+03,+16.378805E-03
+405.200E+03,+16.408229E-03
+405.300E+03,+16.437653E-03
+405.400E+03,+16.467077E-03
+405.500E+03,+16.496501E-03
+405.600E+03,+16.525925E-03
+405.700E+03,+16.555349E-03
+405.800E+03,+16.584773E-03
+405.900E+03,+16.614197E-03
+406.000E+03,+16.643621E-03
+406.100E+03,+16.673045E-03
+406.200E+03,+16.702469E-03
+406.300E+03,+16.731893E-03
+406.400E+03,+16.761317E-03
+406.500E+03,+16.790741E-03
+406.600E+03,+16.820165E-03
+406.700E+03,+16.849589E-03
+406.800E+03,+16.879013E-03
+406.900E+03,+16.908437E-03
+407.000E+03,+16.937861E-03
+407.100E+03,+16.967285E-03
+407.200E+03,+16.996709E-03
+407.300E+03,+17.026133E-03
+407.400E+03,+17.055557E-03
+407.500E+03,+17.084981E-03
+407.600E+03,+17.114405E-03
+407.700E+03,+17.143829E-03
+407.800E+03,+17.173253E-03
+407.900E+03,+17.202677E-03
+408.000E+03,+17.232101E-03
+408.100E+03,+17.261525E-03
+408.200E+03,+17.290949E-03
+408.300E+03,+17.320373E-03
+408.400E+03,+17.349797E-03
+408.500E+03,+17.379221E-03
+408.600E+03,+17.408645E-03
+408.700E+03,+17.438069E-03
+408.800E+03,+17.467493E-03
+408.900E+03,+17.496917E-03
+409.000E+03,+17.526341E-03
+409.100E+03,+17.555765E-03
+409.200E+03,+17.585189E-03
+409.300E+03,+17.614613E-03
+409.400E+03,+17.644037E-03
+409.500E+03,+17.673461E-03
+409.600E+03,+17.702885E-03
+409.700E+03,+17.732309E-03
+409.800E+03,+17.761733E-03
+409.900E+03,+17.791157E-03
+410.000E+03,+17.820581E-03
+410.100E+03,+17.850005E-03
+410.200E+03,+17.879429E-03
+410.300E+03,+17.908853E-03
+410.400E+03,+17.938277E-03
+410.500E+03,+17.967701E-03
+410.600E+03,+17.997125E-03
+410.700E+03,+18.026549E-03
+410.800E+03,+18.055973E-03
+410.900E+03,+18.085397E-03
+411.000E+03,+18.114821E-03
+411.100E+03,+18.144245E-03
+411.200E+03,+18.173669E-03
+411.300E+03,+18.203093E-03
+411.400E+03,+18.232517E-03
+411.500E+03,+18.261941E-03
+411.600E+03,+18.291365E-03
+411.700E+03,+18.320789E-03
+411.800E+03,+18.350213E-03
+411.900E+03,+18.379637E-03
+412.000E+03,+18.404610E-03
+412.100E+03,+18.398978E-03
+412.200E+03,+18.393346E-03
+412.300E+03,+18.387714E-03
+412.400E+03,+18.382082E-03
+412.500E+03,+18.376450E-03
+412.600E+03,+18.370818E-03
+412.700E+03,+18.365186E-03
+412.800E+03,+18.359554E-03
+412.900E+03,+18.353922E-03
+413.000E+03,+18.348290E-03
+413.100E+03,+18.342658E-03
+413.200E+03,+18.337026E-03
+413.300E+03,+18.331394E-03
+413.400E+03,+18.325762E-03
+413.500E+03,+18.320130E-03
+413.600E+03,+18.314498E-03
+413.700E+03,+18.308866E-03
+413.800E+03,+18.303234E-03
+413.900E+03,+18.297602E-03
+414.000E+03,+18.291970E-03
+414.100E+03,+18.286338E-03
+414.200E+03,+18.280706E-03
+414.300E+03,+18.275074E-03
+414.400E+03,+18.269442E-03
+414.500E+03,+18.263810E-03
+414.600E+03,+18.258178E-03
+414.700E+03,+18.252546E-03
+414.800E+03,+18.246914E-03
+414.900E+03,+18.241282E-03
+415.000E+03,+18.235650E-03
+415.100E+03,+18.230018E-03
+415.200E+03,+18.224386E-03
+415.300E+03,+18.218754E-03
+415.400E+03,+18.213122E-03
+415.500E+03,+18.207490E-03
+415.600E+03,+18.201858E-03
+415.700E+03,+18.196226E-03
+415.800E+03,+18.190594E-03
+415.900E+03,+18.184962E-03
+416.000E+03,+18.179330E-03
+416.100E+03,+18.173698E-03
+416.200E+03,+18.168066E-03
+416.300E+03,+18.162434E-03
+416.400E+03,+18.156802E-03
+416.500E+03,+18.151170E-03
+416.600E+03,+18.145538E-03
+416.700E+03,+18.139906E-03
+416.800E+03,+18.134274E-03
+416.900E+03,+18.128642E-03
+417.000E+03,+18.123010E-03
+417.100E+03,+18.117378E-03
+417.200E+03,+18.111746E-03
+417.300E+03,+18.106114E-03
+417.400E+03,+18.100482E-03
+417.500E+03,+18.094850E-03
+417.600E+03,+18.089218E-03
+417.700E+03,+18.083586E-03
+417.800E+03,+18.077954E-03
+417.900E+03,+18.072322E-03
+418.000E+03,+18.066690E-03
+418.100E+03,+18.061058E-03
+418.200E+03,+18.055426E-03
+418.300E+03,+18.049794E-03
+418.400E+03,+18.044162E-03
+418.500E+03,+18.038530E-03
+418.600E+03,+18.032898E-03
+418.700E+03,+18.027266E-03
+418.800E+03,+18.021634E-03
+418.900E+03,+18.016002E-03
+419.000E+03,+18.010370E-03
+419.100E+03,+18.004738E-03
+419.200E+03,+17.999106E-03
+419.300E+03,+17.993474E-03
+419.400E+03,+17.987842E-03
+419.500E+03,+17.982210E-03
+419.600E+03,+17.976578E-03
+419.700E+03,+17.970946E-03
+419.800E+03,+17.965314E-03
+419.900E+03,+17.959682E-03
+420.000E+03,+17.954050E-03
+420.100E+03,+17.948418E-03
+420.200E+03,+17.942786E-03
+420.300E+03,+17.937154E-03
+420.400E+03,+17.931522E-03
+420.500E+03,+17.925890E-03
+420.600E+03,+17.920258E-03
+420.700E+03,+17.914626E-03
+420.800E+03,+17.908994E-03
+420.900E+03,+17.903362E-03
+421.000E+03,+17.897730E-03
+421.100E+03,+17.892098E-03
+421.200E+03,+17.886466E-03
+421.300E+03,+17.880834E-03
+421.400E+03,+17.875202E-03
+421.500E+03,+17.869570E-03
+421.600E+03,+17.863938E-03
+421.700E+03,+17.858306E-03
+421.800E+03,+17.852674E-03
+421.900E+03,+17.847042E-03
+422.000E+03,+17.841410E-03
+422.100E+03,+17.835778E-03
+422.200E+03,+17.830146E-03
+422.300E+03,+17.824514E-03
+422.400E+03,+17.818882E-03
+422.500E+03,+17.813250E-03
+422.600E+03,+17.807618E-03
+422.700E+03,+17.801986E-03
+422.800E+03,+17.796354E-03
+422.900E+03,+17.790722E-03
+423.000E+03,+17.785090E-03
+423.100E+03,+17.779458E-03
+423.200E+03,+17.773826E-03
+423.300E+03,+17.768194E-03
+423.400E+03,+17.762562E-03
+423.500E+03,+17.756930E-03
+423.600E+03,+17.751298E-03
+423.700E+03,+17.745666E-03
+423.800E+03,+17.740034E-03
+423.900E+03,+17.734402E-03
+424.000E+03,+17.728770E-03
+424.100E+03,+17.723138E-03
+424.200E+03,+17.717506E-03
+424.300E+03,+17.711874E-03
+424.400E+03,+17.706242E-03
+424.500E+03,+17.700610E-03
+424.600E+03,+17.694978E-03
+424.700E+03,+17.689346E-03
+424.800E+03,+17.683714E-03
+424.900E+03,+17.678082E-03
+425.000E+03,+17.672450E-03
+425.100E+03,+17.666818E-03
+425.200E+03,+17.661186E-03
+425.300E+03,+17.655554E-03
+425.400E+03,+17.649922E-03
+425.500E+03,+17.644290E-03
+425.600E+03,+17.638658E-03
+425.700E+03,+17.633026E-03
+425.800E+03,+17.627394E-03
+425.900E+03,+17.621762E-03
+426.000E+03,+17.616130E-03
+426.100E+03,+17.610498E-03
+426.200E+03,+17.604866E-03
+426.300E+03,+17.599234E-03
+426.400E+03,+17.593602E-03
+426.500E+03,+17.587970E-03
+426.600E+03,+17.582338E-03
+426.700E+03,+17.576706E-03
+426.800E+03,+17.571074E-03
+426.900E+03,+17.565442E-03
+427.000E+03,+17.559810E-03
+427.100E+03,+17.554178E-03
+427.200E+03,+17.548546E-03
+427.300E+03,+17.525731E-03
+427.400E+03,+17.488223E-03
+427.500E+03,+17.450715E-03
+427.600E+03,+17.413207E-03
+427.700E+03,+17.375699E-03
+427.800E+03,+17.338191E-03
+427.900E+03,+17.300683E-03
+428.000E+03,+17.263175E-03
+428.100E+03,+17.225667E-03
+428.200E+03,+17.188159E-03
+428.300E+03,+17.150651E-03
+428.400E+03,+17.113143E-03
+428.500E+03,+17.075635E-03
+428.600E+03,+17.038127E-03
+428.700E+03,+17.000619E-03
+428.800E+03,+16.963111E-03
+428.900E+03,+16.925603E-03
+429.000E+03,+16.888095E-03
+429.100E+03,+16.850587E-03
+429.200E+03,+16.813079E-03
+429.300E+03,+16.775571E-03
+429.400E+03,+16.738063E-03
+429.500E+03,+16.700555E-03
+429.600E+03,+16.663047E-03
+429.700E+03,+16.625539E-03
+429.800E+03,+16.588031E-03
+429.900E+03,+16.550523E-03
+430.000E+03,+16.513015E-03
+430.100E+03,+16.475507E-03
+430.200E+03,+16.437999E-03
+430.300E+03,+16.400491E-03
+430.400E+03,+16.362983E-03
+430.500E+03,+16.325475E-03
+430.600E+03,+16.287967E-03
+430.700E+03,+16.250459E-03
+430.800E+03,+16.212951E-03
+430.900E+03,+16.175443E-03
+431.000E+03,+16.137935E-03
+431.100E+03,+16.100427E-03
+431.200E+03,+16.062919E-03
+431.300E+03,+16.025411E-03
+431.400E+03,+15.987903E-03
+431.500E+03,+15.950395E-03
+431.600E+03,+15.912887E-03
+431.700E+03,+15.875379E-03
+431.800E+03,+15.837871E-03
+431.900E+03,+15.800363E-03
+432.000E+03,+15.762855E-03
+432.100E+03,+15.725347E-03
+432.200E+03,+15.687839E-03
+432.300E+03,+15.650331E-03
+432.400E+03,+15.612823E-03
+432.500E+03,+15.575315E-03
+432.600E+03,+15.537807E-03
+432.700E+03,+15.500299E-03
+432.800E+03,+15.462791E-03
+432.900E+03,+15.425283E-03
+433.000E+03,+15.387775E-03
+433.100E+03,+15.350267E-03
+433.200E+03,+15.312759E-03
+433.300E+03,+15.275251E-03
+433.400E+03,+15.237743E-03
+433.500E+03,+15.200235E-03
+433.600E+03,+15.162727E-03
+433.700E+03,+15.125219E-03
+433.800E+03,+15.087711E-03
+433.900E+03,+15.050203E-03
+434.000E+03,+15.012695E-03
+434.100E+03,+14.975187E-03
+434.200E+03,+14.937679E-03
+434.300E+03,+14.900171E-03
+434.400E+03,+14.862663E-03
+434.500E+03,+14.825155E-03
+434.600E+03,+14.787647E-03
+434.700E+03,+14.750139E-03
+434.800E+03,+14.712631E-03
+434.900E+03,+14.675123E-03
+435.000E+03,+14.637615E-03
+435.100E+03,+14.600107E-03
+435.200E+03,+14.562599E-03
+435.300E+03,+14.525091E-03
+435.400E+03,+14.487583E-03
+435.500E+03,+14.450075E-03
+435.600E+03,+14.412567E-03
+435.700E+03,+14.375059E-03
+435.800E+03,+14.337551E-03
+435.900E+03,+14.300043E-03
+436.000E+03,+14.262535E-03
+436.100E+03,+14.225027E-03
+436.200E+03,+14.187519E-03
+436.300E+03,+14.150011E-03
+436.400E+03,+14.112503E-03
+436.500E+03,+14.074995E-03
+436.600E+03,+14.037487E-03
+436.700E+03,+13.999979E-03
+436.800E+03,+13.962471E-03
+436.900E+03,+13.924963E-03
+437.000E+03,+13.887455E-03
+437.100E+03,+13.849947E-03
+437.200E+03,+13.812439E-03
+437.300E+03,+13.774931E-03
+437.400E+03,+13.737423E-03
+437.500E+03,+13.699915E-03
+437.600E+03,+13.662407E-03
+437.700E+03,+13.624899E-03
+437.800E+03,+13.587391E-03
+437.900E+03,+13.549883E-03
+438.000E+03,+13.512375E-03
+438.100E+03,+13.474867E-03
+438.200E+03,+13.437359E-03
+438.300E+03,+13.399851E-03
+438.400E+03,+13.362343E-03
+438.500E+03,+13.324835E-03
+438.600E+03,+13.287327E-03
+438.700E+03,+13.249819E-03
+438.800E+03,+13.212311E-03
+438.900E+03,+13.174803E-03
+439.000E+03,+13.137295E-03
+439.100E+03,+13.099787E-03
+439.200E+03,+13.062279E-03
+439.300E+03,+13.024771E-03
+439.400E+03,+12.987263E-03
+439.500E+03,+12.949755E-03
+439.600E+03,+12.912247E-03
+439.700E+03,+12.874739E-03
+439.800E+03,+12.837231E-03
+439.900E+03,+12.799723E-03
+440.000E+03,+12.762215E-03
+440.100E+03,+12.724707E-03
+440.200E+03,+12.687199E-03
+440.300E+03,+12.649691E-03
+440.400E+03,+12.612183E-03
+440.500E+03,+12.574675E-03
+440.600E+03,+12.537167E-03
+440.700E+03,+12.499659E-03
+440.800E+03,+12.462151E-03
+440.900E+03,+12.424643E-03
+441.000E+03,+12.387135E-03
+441.100E+03,+12.349627E-03
+441.200E+03,+12.312119E-03
+441.300E+03,+12.274611E-03
+441.400E+03,+12.237103E-03
+441.500E+03,+12.199595E-03
+441.600E+03,+12.162087E-03
+441.700E+03,+12.124579E-03
+441.800E+03,+12.087071E-03
+441.900E+03,+12.049563E-03
+442.000E+03,+12.012055E-03
+442.100E+03,+11.974547E-03
+442.200E+03,+11.937039E-03
+442.300E+03,+11.899531E-03
+442.400E+03,+11.862023E-03
+442.500E+03,+11.824515E-03
+442.600E+03,+11.775000E-03
+442.700E+03,+11.724868E-03
+442.800E+03,+11.674736E-03
+442.900E+03,+11.624604E-03
+443.000E+03,+11.574472E-03
+443.100E+03,+11.524340E-03
+443.200E+03,+11.474208E-03
+443.300E+03,+11.424076E-03
+443.400E+03,+11.373944E-03
+443.500E+03,+11.323812E-03
+443.600E+03,+11.273680E-03
+443.700E+03,+11.223548E-03
+443.800E+03,+11.173416E-03
+443.900E+03,+11.123284E-03
+444.000E+03,+11.073152E-03
+444.100E+03,+11.023020E-03
+444.200E+03,+10.972888E-03
+444.300E+03,+10.922756E-03
+444.400E+03,+10.872624E-03
+444.500E+03,+10.822492E-03
+444.600E+03,+10.772360E-03
+444.700E+03,+10.722228E-03
+444.800E+03,+10.672096E-03
+444.900E+03,+10.621964E-03
+445.000E+03,+10.571832E-03
+445.100E+03,+10.521700E-03
+445.200E+03,+10.471568E-03
+445.300E+03,+10.421436E-03
+445.400E+03,+10.371304E-03
+445.500E+03,+10.321172E-03
+445.600E+03,+10.271040E-03
+445.700E+03,+10.220908E-03
+445.800E+03,+10.170776E-03
+445.900E+03,+10.120644E-03
+446.000E+03,+10.070512E-03
+446.100E+03,+10.020380E-03
+446.200E+03,+9.970248E-03
+446.300E+03,+9.920116E-03
+446.400E+03,+9.869984E-03
+446.500E+03,+9.819852E-03
+446.600E+03,+9.769720E-03
+446.700E+03,+9.719588E-03
+446.800E+03,+9.669456E-03
+446.900E+03,+9.619324E-03
+447.000E+03,+9.569192E-03
+447.100E+03,+9.519060E-03
+447.200E+03,+9.468928E-03
+447.300E+03,+9.418796E-03
+447.400E+03,+9.368664E-03
+447.500E+03,+9.318532E-03
+447.600E+03,+9.268400E-03
+447.700E+03,+9.218268E-03
+447.800E+03,+9.168136E-03
+447.900E+03,+9.118004E-03
+448.000E+03,+9.067872E-03
+448.100E+03,+9.017740E-03
+448.200E+03,+8.967608E-03
+448.300E+03,+8.917476E-03
+448.400E+03,+8.867344E-03
+448.500E+03,+8.817212E-03
+448.600E+03,+8.767080E-03
+448.700E+03,+8.716948E-03
+448.800E+03,+8.666816E-03
+448.900E+03,+8.616684E-03
+449.000E+03,+8.566552E-03
+449.100E+03,+8.516420E-03
+449.200E+03,+8.466288E-03
+449.300E+03,+8.416156E-03
+449.400E+03,+8.366024E-03
+449.500E+03,+8.315892E-03
+449.600E+03,+8.265760E-03
+449.700E+03,+8.215628E-03
+449.800E+03,+8.165496E-03
+449.900E+03,+8.115364E-03
+450.000E+03,+8.065232E-03
+450.100E+03,+8.015100E-03
+450.200E+03,+7.964968E-03
+450.300E+03,+7.914836E-03
+450.400E+03,+7.864704E-03
+450.500E+03,+7.814572E-03
+450.600E+03,+7.764440E-03
+450.700E+03,+7.714308E-03
+450.800E+03,+7.664176E-03
+450.900E+03,+7.614044E-03
+451.000E+03,+7.563912E-03
+451.100E+03,+7.513780E-03
+451.200E+03,+7.463648E-03
+451.300E+03,+7.413516E-03
+451.400E+03,+7.363384E-03
+451.500E+03,+7.313252E-03
+451.600E+03,+7.263120E-03
+451.700E+03,+7.212988E-03
+451.800E+03,+7.162856E-03
+451.900E+03,+7.112724E-03
+452.000E+03,+7.062592E-03
+452.100E+03,+7.012460E-03
+452.200E+03,+6.962328E-03
+452.300E+03,+6.912196E-03
+452.400E+03,+6.862064E-03
+452.500E+03,+6.811932E-03
+452.600E+03,+6.761800E-03
+452.700E+03,+6.711668E-03
+452.800E+03,+6.661536E-03
+452.900E+03,+6.611404E-03
+453.000E+03,+6.561272E-03
+453.100E+03,+6.511140E-03
+453.200E+03,+6.461008E-03
+453.300E+03,+6.410876E-03
+453.400E+03,+6.360744E-03
+453.500E+03,+6.310612E-03
+453.600E+03,+6.260480E-03
+453.700E+03,+6.210348E-03
+453.800E+03,+6.160216E-03
+453.900E+03,+6.110084E-03
+454.000E+03,+6.059952E-03
+454.100E+03,+6.009820E-03
+454.200E+03,+5.959688E-03
+454.300E+03,+5.909556E-03
+454.400E+03,+5.859424E-03
+454.500E+03,+5.809292E-03
+454.600E+03,+5.759160E-03
+454.700E+03,+5.709028E-03
+454.800E+03,+5.658896E-03
+454.900E+03,+5.608764E-03
+455.000E+03,+5.558632E-03
+455.100E+03,+5.508500E-03
+455.200E+03,+5.458368E-03
+455.300E+03,+5.408236E-03
+455.400E+03,+5.358104E-03
+455.500E+03,+5.307972E-03
+455.600E+03,+5.257840E-03
+455.700E+03,+5.207708E-03
+455.800E+03,+5.157576E-03
+455.900E+03,+5.107444E-03
+456.000E+03,+5.057312E-03
+456.100E+03,+5.007180E-03
+456.200E+03,+4.957048E-03
+456.300E+03,+4.906916E-03
+456.400E+03,+4.856784E-03
+456.500E+03,+4.806652E-03
+456.600E+03,+4.756520E-03
+456.700E+03,+4.706388E-03
+456.800E+03,+4.656256E-03
+456.900E+03,+4.606124E-03
+457.000E+03,+4.555992E-03
+457.100E+03,+4.505860E-03
+457.200E+03,+4.455728E-03
+457.300E+03,+4.405596E-03
+457.400E+03,+4.355464E-03
+457.500E+03,+4.305332E-03
+457.600E+03,+4.255200E-03
+457.700E+03,+4.205068E-03
+457.800E+03,+4.167636E-03
+457.900E+03,+4.152464E-03
+458.000E+03,+4.137292E-03
+458.100E+03,+4.122120E-03
+458.200E+03,+4.106948E-03
+458.300E+03,+4.091776E-03
+458.400E+03,+4.076604E-03
+458.500E+03,+4.061432E-03
+458.600E+03,+4.046260E-03
+458.700E+03,+4.031088E-03
+458.800E+03,+4.015916E-03
+458.900E+03,+4.000744E-03
+459.000E+03,+3.985572E-03
+459.100E+03,+3.970400E-03
+459.200E+03,+3.955228E-03
+459.300E+03,+3.940056E-03
+459.400E+03,+3.924884E-03
+459.500E+03,+3.909712E-03
+459.600E+03,+3.894540E-03
+459.700E+03,+3.879368E-03
+459.800E+03,+3.864196E-03
+459.900E+03,+3.849024E-03
+460.000E+03,+3.833852E-03
+460.100E+03,+3.818680E-03
+460.200E+03,+3.803508E-03
+460.300E+03,+3.788336E-03
+460.400E+03,+3.773164E-03
+460.500E+03,+3.757992E-03
+460.600E+03,+3.742820E-03
+460.700E+03,+3.727648E-03
+460.800E+03,+3.712476E-03
+460.900E+03,+3.697304E-03
+461.000E+03,+3.682132E-03
+461.100E+03,+3.666960E-03
+461.200E+03,+3.651788E-03
+461.300E+03,+3.636616E-03
+461.400E+03,+3.621444E-03
+461.500E+03,+3.606272E-03
+461.600E+03,+3.591100E-03
+461.700E+03,+3.575928E-03
+461.800E+03,+3.560756E-03
+461.900E+03,+3.545584E-03
+462.000E+03,+3.530412E-03
+462.100E+03,+3.515240E-03
+462.200E+03,+3.500068E-03
+462.300E+03,+3.484896E-03
+462.400E+03,+3.469724E-03
+462.500E+03,+3.454552E-03
+462.600E+03,+3.439380E-03
+462.700E+03,+3.424208E-03
+462.800E+03,+3.409036E-03
+462.900E+03,+3.393864E-03
+463.000E+03,+3.378692E-03
+463.100E+03,+3.363520E-03
+463.200E+03,+3.348348E-03
+463.300E+03,+3.333176E-03
+463.400E+03,+3.318004E-03
+463.500E+03,+3.302832E-03
+463.600E+03,+3.287660E-03
+463.700E+03,+3.272488E-03
+463.800E+03,+3.257316E-03
+463.900E+03,+3.242144E-03
+464.000E+03,+3.226972E-03
+464.100E+03,+3.211800E-03
+464.200E+03,+3.196628E-03
+464.300E+03,+3.181456E-03
+464.400E+03,+3.166284E-03
+464.500E+03,+3.151112E-03
+464.600E+03,+3.135940E-03
+464.700E+03,+3.120768E-03
+464.800E+03,+3.105596E-03
+464.900E+03,+3.090424E-03
+465.000E+03,+3.075252E-03
+465.100E+03,+3.060080E-03
+465.200E+03,+3.044908E-03
+465.300E+03,+3.029736E-03
+465.400E+03,+3.014564E-03
+465.500E+03,+2.999392E-03
+465.600E+03,+2.984220E-03
+465.700E+03,+2.969048E-03
+465.800E+03,+2.953876E-03
+465.900E+03,+2.938704E-03
+466.000E+03,+2.923532E-03
+466.100E+03,+2.908360E-03
+466.200E+03,+2.893188E-03
+466.300E+03,+2.878016E-03
+466.400E+03,+2.862844E-03
+466.500E+03,+2.847672E-03
+466.600E+03,+2.832500E-03
+466.700E+03,+2.817328E-03
+466.800E+03,+2.802156E-03
+466.900E+03,+2.786984E-03
+467.000E+03,+2.771812E-03
+467.100E+03,+2.756640E-03
+467.200E+03,+2.741468E-03
+467.300E+03,+2.726296E-03
+467.400E+03,+2.711124E-03
+467.500E+03,+2.695952E-03
+467.600E+03,+2.680780E-03
+467.700E+03,+2.665608E-03
+467.800E+03,+2.650436E-03
+467.900E+03,+2.635264E-03
+468.000E+03,+2.620092E-03
+468.100E+03,+2.604920E-03
+468.200E+03,+2.589748E-03
+468.300E+03,+2.574576E-03
+468.400E+03,+2.559404E-03
+468.500E+03,+2.544232E-03
+468.600E+03,+2.529060E-03
+468.700E+03,+2.513888E-03
+468.800E+03,+2.498716E-03
+468.900E+03,+2.483544E-03
+469.000E+03,+2.468372E-03
+469.100E+03,+2.453200E-03
+469.200E+03,+2.438028E-03
+469.300E+03,+2.422856E-03
+469.400E+03,+2.407684E-03
+469.500E+03,+2.392512E-03
+469.600E+03,+2.377340E-03
+469.700E+03,+2.362168E-03
+469.800E+03,+2.346996E-03
+469.900E+03,+2.331824E-03
+470.000E+03,+2.316652E-03
+470.100E+03,+2.301480E-03
+470.200E+03,+2.286308E-03
+470.300E+03,+2.271136E-03
+470.400E+03,+2.255964E-03
+470.500E+03,+2.240792E-03
+470.600E+03,+2.225620E-03
+470.700E+03,+2.210448E-03
+470.800E+03,+2.195276E-03
+470.900E+03,+2.180104E-03
+471.000E+03,+2.164932E-03
+471.100E+03,+2.149760E-03
+471.200E+03,+2.134588E-03
+471.300E+03,+2.119416E-03
+471.400E+03,+2.104244E-03
+471.500E+03,+2.089072E-03
+471.600E+03,+2.073900E-03
+471.700E+03,+2.058728E-03
+471.800E+03,+2.043556E-03
+471.900E+03,+2.028384E-03
+472.000E+03,+2.013212E-03
+472.100E+03,+1.998040E-03
+472.200E+03,+1.982868E-03
+472.300E+03,+1.967696E-03
+472.400E+03,+1.952524E-03
+472.500E+03,+1.937352E-03
+472.600E+03,+1.922180E-03
+472.700E+03,+1.907008E-03
+472.800E+03,+1.891836E-03
+472.900E+03,+1.876664E-03
+473.000E+03,+1.861492E-03
+473.100E+03,+1.868903E-03
+473.200E+03,+1.882855E-03
+473.300E+03,+1.896807E-03
+473.400E+03,+1.910759E-03
+473.500E+03,+1.924711E-03
+473.600E+03,+1.938663E-03
+473.700E+03,+1.952615E-03
+473.800E+03,+1.966567E-03
+473.900E+03,+1.980519E-03
+474.000E+03,+1.994471E-03
+474.100E+03,+2.008423E-03
+474.200E+03,+2.022375E-03
+474.300E+03,+2.036327E-03
+474.400E+03,+2.050279E-03
+474.500E+03,+2.064231E-03
+474.600E+03,+2.078183E-03
+474.700E+03,+2.092135E-03
+474.800E+03,+2.106087E-03
+474.900E+03,+2.120039E-03
+475.000E+03,+2.133991E-03
+475.100E+03,+2.147943E-03
+475.200E+03,+2.161895E-03
+475.300E+03,+2.175847E-03
+475.400E+03,+2.189799E-03
+475.500E+03,+2.203751E-03
+475.600E+03,+2.217703E-03
+475.700E+03,+2.231655E-03
+475.800E+03,+2.245607E-03
+475.900E+03,+2.259559E-03
+476.000E+03,+2.273511E-03
+476.100E+03,+2.287463E-03
+476.200E+03,+2.301415E-03
+476.300E+03,+2.315367E-03
+476.400E+03,+2.329319E-03
+476.500E+03,+2.343271E-03
+476.600E+03,+2.357223E-03
+476.700E+03,+2.371175E-03
+476.800E+03,+2.385127E-03
+476.900E+03,+2.399079E-03
+477.000E+03,+2.413031E-03
+477.100E+03,+2.426983E-03
+477.200E+03,+2.440935E-03
+477.300E+03,+2.454887E-03
+477.400E+03,+2.468839E-03
+477.500E+03,+2.482791E-03
+477.600E+03,+2.496743E-03
+477.700E+03,+2.510695E-03
+477.800E+03,+2.524647E-03
+477.900E+03,+2.538599E-03
+478.000E+03,+2.552551E-03
+478.100E+03,+2.566503E-03
+478.200E+03,+2.580455E-03
+478.300E+03,+2.594407E-03
+478.400E+03,+2.608359E-03
+478.500E+03,+2.622311E-03
+478.600E+03,+2.636263E-03
+478.700E+03,+2.650215E-03
+478.800E+03,+2.664167E-03
+478.900E+03,+2.678119E-03
+479.000E+03,+2.692071E-03
+479.100E+03,+2.706023E-03
+479.200E+03,+2.719975E-03
+479.300E+03,+2.733927E-03
+479.400E+03,+2.747879E-03
+479.500E+03,+2.761831E-03
+479.600E+03,+2.775783E-03
+479.700E+03,+2.789735E-03
+479.800E+03,+2.803687E-03
+479.900E+03,+2.817639E-03
+480.000E+03,+2.831591E-03
+480.100E+03,+2.845543E-03
+480.200E+03,+2.859495E-03
+480.300E+03,+2.873447E-03
+480.400E+03,+2.887399E-03
+480.500E+03,+2.901351E-03
+480.600E+03,+2.915303E-03
+480.700E+03,+2.929255E-03
+480.800E+03,+2.943207E-03
+480.900E+03,+2.957159E-03
+481.000E+03,+2.971111E-03
+481.100E+03,+2.985063E-03
+481.200E+03,+2.999015E-03
+481.300E+03,+3.012967E-03
+481.400E+03,+3.026919E-03
+481.500E+03,+3.040871E-03
+481.600E+03,+3.054823E-03
+481.700E+03,+3.068775E-03
+481.800E+03,+3.082727E-03
+481.900E+03,+3.096679E-03
+482.000E+03,+3.110631E-03
+482.100E+03,+3.124583E-03
+482.200E+03,+3.138535E-03
+482.300E+03,+3.152487E-03
+482.400E+03,+3.166439E-03
+482.500E+03,+3.180391E-03
+482.600E+03,+3.194343E-03
+482.700E+03,+3.208295E-03
+482.800E+03,+3.222247E-03
+482.900E+03,+3.236199E-03
+483.000E+03,+3.250151E-03
+483.100E+03,+3.264103E-03
+483.200E+03,+3.278055E-03
+483.300E+03,+3.292007E-03
+483.400E+03,+3.305959E-03
+483.500E+03,+3.319911E-03
+483.600E+03,+3.333863E-03
+483.700E+03,+3.347815E-03
+483.800E+03,+3.361767E-03
+483.900E+03,+3.375719E-03
+484.000E+03,+3.389671E-03
+484.100E+03,+3.403623E-03
+484.200E+03,+3.417575E-03
+484.300E+03,+3.431527E-03
+484.400E+03,+3.445479E-03
+484.500E+03,+3.459431E-03
+484.600E+03,+3.473383E-03
+484.700E+03,+3.487335E-03
+484.800E+03,+3.501287E-03
+484.900E+03,+3.515239E-03
+485.000E+03,+3.529191E-03
+485.100E+03,+3.543143E-03
+485.200E+03,+3.557095E-03
+485.300E+03,+3.571047E-03
+485.400E+03,+3.584999E-03
+485.500E+03,+3.598951E-03
+485.600E+03,+3.612903E-03
+485.700E+03,+3.626855E-03
+485.800E+03,+3.640807E-03
+485.900E+03,+3.654759E-03
+486.000E+03,+3.668711E-03
+486.100E+03,+3.682663E-03
+486.200E+03,+3.696615E-03
+486.300E+03,+3.710567E-03
+486.400E+03,+3.724519E-03
+486.500E+03,+3.738471E-03
+486.600E+03,+3.752423E-03
+486.700E+03,+3.766375E-03
+486.800E+03,+3.780327E-03
+486.900E+03,+3.794279E-03
+487.000E+03,+3.808231E-03
+487.100E+03,+3.822183E-03
+487.200E+03,+3.836135E-03
+487.300E+03,+3.850087E-03
+487.400E+03,+3.864039E-03
+487.500E+03,+3.877991E-03
+487.600E+03,+3.891943E-03
+487.700E+03,+3.905895E-03
+487.800E+03,+3.919847E-03
+487.900E+03,+3.933799E-03
+488.000E+03,+3.947751E-03
+488.100E+03,+3.961703E-03
+488.200E+03,+3.975655E-03
+488.300E+03,+3.985242E-03
+488.400E+03,+3.975918E-03
+488.500E+03,+3.966594E-03
+488.600E+03,+3.957270E-03
+488.700E+03,+3.947946E-03
+488.800E+03,+3.938622E-03
+488.900E+03,+3.929298E-03
+489.000E+03,+3.919974E-03
+489.100E+03,+3.910650E-03
+489.200E+03,+3.901326E-03
+489.300E+03,+3.892002E-03
+489.400E+03,+3.882678E-03
+489.500E+03,+3.873354E-03
+489.600E+03,+3.864030E-03
+489.700E+03,+3.854706E-03
+489.800E+03,+3.845382E-03
+489.900E+03,+3.836058E-03
+490.000E+03,+3.826734E-03
+490.100E+03,+3.817410E-03
+490.200E+03,+3.808086E-03
+490.300E+03,+3.798762E-03
+490.400E+03,+3.789438E-03
+490.500E+03,+3.780114E-03
+490.600E+03,+3.770790E-03
+490.700E+03,+3.761466E-03
+490.800E+03,+3.752142E-03
+490.900E+03,+3.742818E-03
+491.000E+03,+3.733494E-03
+491.100E+03,+3.724170E-03
+491.200E+03,+3.714846E-03
+491.300E+03,+3.705522E-03
+491.400E+03,+3.696198E-03
+491.500E+03,+3.686874E-03
+491.600E+03,+3.677550E-03
+491.700E+03,+3.668226E-03
+491.800E+03,+3.658902E-03
+491.900E+03,+3.649578E-03
+492.000E+03,+3.640254E-03
+492.100E+03,+3.630930E-03
+492.200E+03,+3.621606E-03
+492.300E+03,+3.612282E-03
+492.400E+03,+3.602958E-03
+492.500E+03,+3.593634E-03
+492.600E+03,+3.584310E-03
+492.700E+03,+3.574986E-03
+492.800E+03,+3.565662E-03
+492.900E+03,+3.556338E-03
+493.000E+03,+3.547014E-03
+493.100E+03,+3.537690E-03
+493.200E+03,+3.528366E-03
+493.300E+03,+3.519042E-03
+493.400E+03,+3.509718E-03
+493.500E+03,+3.500394E-03
+493.600E+03,+3.491070E-03
+493.700E+03,+3.481746E-03
+493.800E+03,+3.472422E-03
+493.900E+03,+3.463098E-03
+494.000E+03,+3.453774E-03
+494.100E+03,+3.444450E-03
+494.200E+03,+3.435126E-03
+494.300E+03,+3.425802E-03
+494.400E+03,+3.416478E-03
+494.500E+03,+3.407154E-03
+494.600E+03,+3.397830E-03
+494.700E+03,+3.388506E-03
+494.800E+03,+3.379182E-03
+494.900E+03,+3.369858E-03
+495.000E+03,+3.360534E-03
+495.100E+03,+3.351210E-03
+495.200E+03,+3.341886E-03
+495.300E+03,+3.332562E-03
+495.400E+03,+3.323238E-03
+495.500E+03,+3.313914E-03
+495.600E+03,+3.304590E-03
+495.700E+03,+3.295266E-03
+495.800E+03,+3.285942E-03
+495.900E+03,+3.276618E-03
+496.000E+03,+3.267294E-03
+496.100E+03,+3.257970E-03
+496.200E+03,+3.248646E-03
+496.300E+03,+3.239322E-03
+496.400E+03,+3.229998E-03
+496.500E+03,+3.220674E-03
+496.600E+03,+3.211350E-03
+496.700E+03,+3.202026E-03
+496.800E+03,+3.192702E-03
+496.900E+03,+3.183378E-03
+497.000E+03,+3.174054E-03
+497.100E+03,+3.164730E-03
+497.200E+03,+3.155406E-03
+497.300E+03,+3.146082E-03
+497.400E+03,+3.136758E-03
+497.500E+03,+3.127434E-03
+497.600E+03,+3.118110E-03
+497.700E+03,+3.108786E-03
+497.800E+03,+3.099462E-03
+497.900E+03,+3.090138E-03
+498.000E+03,+3.080814E-03
+498.100E+03,+3.071490E-03
+498.200E+03,+3.062166E-03
+498.300E+03,+3.052842E-03
+498.400E+03,+3.043518E-03
+498.500E+03,+3.034194E-03
+498.600E+03,+3.024870E-03
+498.700E+03,+3.015546E-03
+498.800E+03,+3.006222E-03
+498.900E+03,+2.996898E-03
+499.000E+03,+2.987574E-03
+499.100E+03,+2.978250E-03
+499.200E+03,+2.968926E-03
+499.300E+03,+2.959602E-03
+499.400E+03,+2.950278E-03
+499.500E+03,+2.940954E-03
+499.600E+03,+2.931630E-03
+499.700E+03,+2.922306E-03
+499.800E+03,+2.912982E-03
+499.900E+03,+2.903658E-03
+500.000E+03,+2.894334E-03
+500.100E+03,+2.885010E-03
+500.200E+03,+2.875686E-03
+500.300E+03,+2.866362E-03
+500.400E+03,+2.857038E-03
+500.500E+03,+2.847714E-03
+500.600E+03,+2.838390E-03
+500.700E+03,+2.829066E-03
+500.800E+03,+2.819742E-03
+500.900E+03,+2.810418E-03
+501.000E+03,+2.801094E-03
+501.100E+03,+2.791770E-03
+501.200E+03,+2.782446E-03
+501.300E+03,+2.773122E-03
+501.400E+03,+2.763798E-03
+501.500E+03,+2.754474E-03
+501.600E+03,+2.745150E-03
+501.700E+03,+2.735826E-03
+501.800E+03,+2.726502E-03
+501.900E+03,+2.717178E-03
+502.000E+03,+2.707854E-03
+502.100E+03,+2.698530E-03
+502.200E+03,+2.689206E-03
+502.300E+03,+2.679882E-03
+502.400E+03,+2.670558E-03
+502.500E+03,+2.661234E-03
+502.600E+03,+2.651910E-03
+502.700E+03,+2.642586E-03
+502.800E+03,+2.633262E-03
+502.900E+03,+2.623938E-03
+503.000E+03,+2.614614E-03
+503.100E+03,+2.605290E-03
+503.200E+03,+2.595966E-03
+503.300E+03,+2.586642E-03
+503.400E+03,+2.577318E-03
+503.500E+03,+2.567994E-03
+503.600E+03,+2.555771E-03
+503.700E+03,+2.541611E-03
+503.800E+03,+2.527451E-03
+503.900E+03,+2.513291E-03
+504.000E+03,+2.499131E-03
+504.100E+03,+2.484971E-03
+504.200E+03,+2.470811E-03
+504.300E+03,+2.456651E-03
+504.400E+03,+2.442491E-03
+504.500E+03,+2.428331E-03
+504.600E+03,+2.414171E-03
+504.700E+03,+2.400011E-03
+504.800E+03,+2.385851E-03
+504.900E+03,+2.371691E-03
+505.000E+03,+2.357531E-03
+505.100E+03,+2.343371E-03
+505.200E+03,+2.329211E-03
+505.300E+03,+2.315051E-03
+505.400E+03,+2.300891E-03
+505.500E+03,+2.286731E-03
+505.600E+03,+2.272571E-03
+505.700E+03,+2.258411E-03
+505.800E+03,+2.244251E-03
+505.900E+03,+2.230091E-03
+506.000E+03,+2.215931E-03
+506.100E+03,+2.201771E-03
+506.200E+03,+2.187611E-03
+506.300E+03,+2.173451E-03
+506.400E+03,+2.159291E-03
+506.500E+03,+2.145131E-03
+506.600E+03,+2.130971E-03
+506.700E+03,+2.116811E-03
+506.800E+03,+2.102651E-03
+506.900E+03,+2.088491E-03
+507.000E+03,+2.074331E-03
+507.100E+03,+2.060171E-03
+507.200E+03,+2.046011E-03
+507.300E+03,+2.031851E-03
+507.400E+03,+2.017691E-03
+507.500E+03,+2.003531E-03
+507.600E+03,+1.989371E-03
+507.700E+03,+1.975211E-03
+507.800E+03,+1.961051E-03
+507.900E+03,+1.946891E-03
+508.000E+03,+1.932731E-03
+508.100E+03,+1.918571E-03
+508.200E+03,+1.904411E-03
+508.300E+03,+1.890251E-03
+508.400E+03,+1.876091E-03
+508.500E+03,+1.861931E-03
+508.600E+03,+1.847771E-03
+508.700E+03,+1.833611E-03
+508.800E+03,+1.819451E-03
+508.900E+03,+1.805291E-03
+509.000E+03,+1.791131E-03
+509.100E+03,+1.776971E-03
+509.200E+03,+1.762811E-03
+509.300E+03,+1.748651E-03
+509.400E+03,+1.734491E-03
+509.500E+03,+1.720331E-03
+509.600E+03,+1.706171E-03
+509.700E+03,+1.692011E-03
+509.800E+03,+1.677851E-03
+509.900E+03,+1.663691E-03
+510.000E+03,+1.649531E-03
+510.100E+03,+1.635371E-03
+510.200E+03,+1.621211E-03
+510.300E+03,+1.607051E-03
+510.400E+03,+1.592891E-03
+510.500E+03,+1.578731E-03
+510.600E+03,+1.564571E-03
+510.700E+03,+1.550411E-03
+510.800E+03,+1.536251E-03
+510.900E+03,+1.522091E-03
+511.000E+03,+1.507931E-03
+511.100E+03,+1.493771E-03
+511.200E+03,+1.479611E-03
+511.300E+03,+1.465451E-03
+511.400E+03,+1.451291E-03
+511.500E+03,+1.437131E-03
+511.600E+03,+1.422971E-03
+511.700E+03,+1.408811E-03
+511.800E+03,+1.394651E-03
+511.900E+03,+1.380491E-03
+512.000E+03,+1.366331E-03
+512.100E+03,+1.352171E-03
+512.200E+03,+1.338011E-03
+512.300E+03,+1.323851E-03
+512.400E+03,+1.309691E-03
+512.500E+03,+1.295531E-03
+512.600E+03,+1.281371E-03
+512.700E+03,+1.267211E-03
+512.800E+03,+1.253051E-03
+512.900E+03,+1.238891E-03
+513.000E+03,+1.224731E-03
+513.100E+03,+1.210571E-03
+513.200E+03,+1.196411E-03
+513.300E+03,+1.182251E-03
+513.400E+03,+1.168091E-03
+513.500E+03,+1.153931E-03
+513.600E+03,+1.139771E-03
+513.700E+03,+1.125611E-03
+513.800E+03,+1.111451E-03
+513.900E+03,+1.097291E-03
+514.000E+03,+1.083131E-03
+514.100E+03,+1.068971E-03
+514.200E+03,+1.054811E-03
+514.300E+03,+1.040651E-03
+514.400E+03,+1.026491E-03
+514.500E+03,+1.012331E-03
+514.600E+03,+998.171E-06
+514.700E+03,+984.011E-06
+514.800E+03,+969.851E-06
+514.900E+03,+955.691E-06
+515.000E+03,+941.531E-06
+515.100E+03,+927.371E-06
+515.200E+03,+913.211E-06
+515.300E+03,+899.051E-06
+515.400E+03,+884.891E-06
+515.500E+03,+870.731E-06
+515.600E+03,+856.571E-06
+515.700E+03,+842.411E-06
+515.800E+03,+828.251E-06
+515.900E+03,+814.091E-06
+516.000E+03,+799.931E-06
+516.100E+03,+785.771E-06
+516.200E+03,+771.611E-06
+516.300E+03,+757.451E-06
+516.400E+03,+743.291E-06
+516.500E+03,+729.131E-06
+516.600E+03,+714.971E-06
+516.700E+03,+700.811E-06
+516.800E+03,+686.651E-06
+516.900E+03,+672.491E-06
+517.000E+03,+658.331E-06
+517.100E+03,+644.171E-06
+517.200E+03,+630.011E-06
+517.300E+03,+615.851E-06
+517.400E+03,+601.691E-06
+517.500E+03,+587.531E-06
+517.600E+03,+573.371E-06
+517.700E+03,+559.211E-06
+517.800E+03,+545.051E-06
+517.900E+03,+530.891E-06
+518.000E+03,+516.731E-06
+518.100E+03,+502.571E-06
+518.200E+03,+488.411E-06
+518.300E+03,+474.251E-06
+518.400E+03,+460.091E-06
+518.500E+03,+445.931E-06
+518.600E+03,+431.771E-06
+518.700E+03,+417.611E-06
+518.800E+03,+403.754E-06
+518.900E+03,+415.458E-06
+519.000E+03,+427.162E-06
+519.100E+03,+438.866E-06
+519.200E+03,+450.570E-06
+519.300E+03,+462.274E-06
+519.400E+03,+473.978E-06
+519.500E+03,+485.682E-06
+519.600E+03,+497.386E-06
+519.700E+03,+509.090E-06
+519.800E+03,+520.794E-06
+519.900E+03,+532.498E-06
+520.000E+03,+544.202E-06
+520.100E+03,+555.906E-06
+520.200E+03,+567.610E-06
+520.300E+03,+579.314E-06
+520.400E+03,+591.018E-06
+520.500E+03,+602.722E-06
+520.600E+03,+614.426E-06
+520.700E+03,+626.130E-06
+520.800E+03,+637.834E-06
+520.900E+03,+649.538E-06
+521.000E+03,+661.242E-06
+521.100E+03,+672.946E-06
+521.200E+03,+684.650E-06
+521.300E+03,+696.354E-06
+521.400E+03,+708.058E-06
+521.500E+03,+719.762E-06
+521.600E+03,+731.466E-06
+521.700E+03,+743.170E-06
+521.800E+03,+754.874E-06
+521.900E+03,+766.578E-06
+522.000E+03,+778.282E-06
+522.100E+03,+789.986E-06
+522.200E+03,+801.690E-06
+522.300E+03,+813.394E-06
+522.400E+03,+825.098E-06
+522.500E+03,+836.802E-06
+522.600E+03,+848.506E-06
+522.700E+03,+860.210E-06
+522.800E+03,+871.914E-06
+522.900E+03,+883.618E-06
+523.000E+03,+895.322E-06
+523.100E+03,+907.026E-06
+523.200E+03,+918.730E-06
+523.300E+03,+930.434E-06
+523.400E+03,+942.138E-06
+523.500E+03,+953.842E-06
+523.600E+03,+965.546E-06
+523.700E+03,+977.250E-06
+523.800E+03,+988.954E-06
+523.900E+03,+1.000658E-03
+524.000E+03,+1.012362E-03
+524.100E+03,+1.024066E-03
+524.200E+03,+1.035770E-03
+524.300E+03,+1.047474E-03
+524.400E+03,+1.059178E-03
+524.500E+03,+1.070882E-03
+524.600E+03,+1.082586E-03
+524.700E+03,+1.094290E-03
+524.800E+03,+1.105994E-03
+524.900E+03,+1.117698E-03
+525.000E+03,+1.129402E-03
+525.100E+03,+1.141106E-03
+525.200E+03,+1.152810E-03
+525.300E+03,+1.164514E-03
+525.400E+03,+1.176218E-03
+525.500E+03,+1.187922E-03
+525.600E+03,+1.199626E-03
+525.700E+03,+1.211330E-03
+525.800E+03,+1.223034E-03
+525.900E+03,+1.234738E-03
+526.000E+03,+1.246442E-03
+526.100E+03,+1.258146E-03
+526.200E+03,+1.269850E-03
+526.300E+03,+1.281554E-03
+526.400E+03,+1.293258E-03
+526.500E+03,+1.304962E-03
+526.600E+03,+1.316666E-03
+526.700E+03,+1.328370E-03
+526.800E+03,+1.340074E-03
+526.900E+03,+1.351778E-03
+527.000E+03,+1.363482E-03
+527.100E+03,+1.375186E-03
+527.200E+03,+1.386890E-03
+527.300E+03,+1.398594E-03
+527.400E+03,+1.410298E-03
+527.500E+03,+1.422002E-03
+527.600E+03,+1.433706E-03
+527.700E+03,+1.445410E-03
+527.800E+03,+1.457114E-03
+527.900E+03,+1.468818E-03
+528.000E+03,+1.480522E-03
+528.100E+03,+1.492226E-03
+528.200E+03,+1.503930E-03
+528.300E+03,+1.515634E-03
+528.400E+03,+1.527338E-03
+528.500E+03,+1.539042E-03
+528.600E+03,+1.550746E-03
+528.700E+03,+1.562450E-03
+528.800E+03,+1.574154E-03
+528.900E+03,+1.585858E-03
+529.000E+03,+1.597562E-03
+529.100E+03,+1.609266E-03
+529.200E+03,+1.620970E-03
+529.300E+03,+1.632674E-03
+529.400E+03,+1.644378E-03
+529.500E+03,+1.656082E-03
+529.600E+03,+1.667786E-03
+529.700E+03,+1.679490E-03
+529.800E+03,+1.691194E-03
+529.900E+03,+1.702898E-03
+530.000E+03,+1.714602E-03
+530.100E+03,+1.726306E-03
+530.200E+03,+1.738010E-03
+530.300E+03,+1.749714E-03
+530.400E+03,+1.761418E-03
+530.500E+03,+1.773122E-03
+530.600E+03,+1.784826E-03
+530.700E+03,+1.796530E-03
+530.800E+03,+1.808234E-03
+530.900E+03,+1.819938E-03
+531.000E+03,+1.831642E-03
+531.100E+03,+1.843346E-03
+531.200E+03,+1.855050E-03
+531.300E+03,+1.866754E-03
+531.400E+03,+1.878458E-03
+531.500E+03,+1.890162E-03
+531.600E+03,+1.901866E-03
+531.700E+03,+1.913570E-03
+531.800E+03,+1.925274E-03
+531.900E+03,+1.936978E-03
+532.000E+03,+1.948682E-03
+532.100E+03,+1.960386E-03
+532.200E+03,+1.972090E-03
+532.300E+03,+1.983794E-03
+532.400E+03,+1.995498E-03
+532.500E+03,+2.007202E-03
+532.600E+03,+2.018906E-03
+532.700E+03,+2.030610E-03
+532.800E+03,+2.042314E-03
+532.900E+03,+2.054018E-03
+533.000E+03,+2.065722E-03
+533.100E+03,+2.077426E-03
+533.200E+03,+2.089130E-03
+533.300E+03,+2.100834E-03
+533.400E+03,+2.112538E-03
+533.500E+03,+2.124242E-03
+533.600E+03,+2.135946E-03
+533.700E+03,+2.147650E-03
+533.800E+03,+2.159354E-03
+533.900E+03,+2.171058E-03
+534.000E+03,+2.182762E-03
+534.100E+03,+2.188971E-03
+534.200E+03,+2.187711E-03
+534.300E+03,+2.186451E-03
+534.400E+03,+2.185191E-03
+534.500E+03,+2.183931E-03
+534.600E+03,+2.182671E-03
+534.700E+03,+2.181411E-03
+534.800E+03,+2.180151E-03
+534.900E+03,+2.178891E-03
+535.000E+03,+2.177631E-03
+535.100E+03,+2.176371E-03
+535.200E+03,+2.175111E-03
+535.300E+03,+2.173851E-03
+535.400E+03,+2.172591E-03
+535.500E+03,+2.171331E-03
+535.600E+03,+2.170071E-03
+535.700E+03,+2.168811E-03
+535.800E+03,+2.167551E-03
+535.900E+03,+2.166291E-03
+536.000E+03,+2.165031E-03
+536.100E+03,+2.163771E-03
+536.200E+03,+2.162511E-03
+536.300E+03,+2.161251E-03
+536.400E+03,+2.159991E-03
+536.500E+03,+2.158731E-03
+536.600E+03,+2.157471E-03
+536.700E+03,+2.156211E-03
+536.800E+03,+2.154951E-03
+536.900E+03,+2.153691E-03
+537.000E+03,+2.152431E-03
+537.100E+03,+2.151171E-03
+537.200E+03,+2.149911E-03
+537.300E+03,+2.148651E-03
+537.400E+03,+2.147391E-03
+537.500E+03,+2.146131E-03
+537.600E+03,+2.144871E-03
+537.700E+03,+2.143611E-03
+537.800E+03,+2.142351E-03
+537.900E+03,+2.141091E-03
+538.000E+03,+2.139831E-03
+538.100E+03,+2.138571E-03
+538.200E+03,+2.137311E-03
+538.300E+03,+2.136051E-03
+538.400E+03,+2.134791E-03
+538.500E+03,+2.133531E-03
+538.600E+03,+2.132271E-03
+538.700E+03,+2.131011E-03
+538.800E+03,+2.129751E-03
+538.900E+03,+2.128491E-03
+539.000E+03,+2.127231E-03
+539.100E+03,+2.125971E-03
+539.200E+03,+2.124711E-03
+539.300E+03,+2.123451E-03
+539.400E+03,+2.122191E-03
+539.500E+03,+2.120931E-03
+539.600E+03,+2.119671E-03
+539.700E+03,+2.118411E-03
+539.800E+03,+2.117151E-03
+539.900E+03,+2.115891E-03
+540.000E+03,+2.114631E-03
+540.100E+03,+2.113371E-03
+540.200E+03,+2.112111E-03
+540.300E+03,+2.110851E-03
+540.400E+03,+2.109591E-03
+540.500E+03,+2.108331E-03
+540.600E+03,+2.107071E-03
+540.700E+03,+2.105811E-03
+540.800E+03,+2.104551E-03
+540.900E+03,+2.103291E-03
+541.000E+03,+2.102031E-03
+541.100E+03,+2.100771E-03
+541.200E+03,+2.099511E-03
+541.300E+03,+2.098251E-03
+541.400E+03,+2.096991E-03
+541.500E+03,+2.095731E-03
+541.600E+03,+2.094471E-03
+541.700E+03,+2.093211E-03
+541.800E+03,+2.091951E-03
+541.900E+03,+2.090691E-03
+542.000E+03,+2.089431E-03
+542.100E+03,+2.088171E-03
+542.200E+03,+2.086911E-03
+542.300E+03,+2.085651E-03
+542.400E+03,+2.084391E-03
+542.500E+03,+2.083131E-03
+542.600E+03,+2.081871E-03
+542.700E+03,+2.080611E-03
+542.800E+03,+2.079351E-03
+542.900E+03,+2.078091E-03
+543.000E+03,+2.076831E-03
+543.100E+03,+2.075571E-03
+543.200E+03,+2.074311E-03
+543.300E+03,+2.073051E-03
+543.400E+03,+2.071791E-03
+543.500E+03,+2.070531E-03
+543.600E+03,+2.069271E-03
+543.700E+03,+2.068011E-03
+543.800E+03,+2.066751E-03
+543.900E+03,+2.065491E-03
+544.000E+03,+2.064231E-03
+544.100E+03,+2.062971E-03
+544.200E+03,+2.061711E-03
+544.300E+03,+2.060451E-03
+544.400E+03,+2.059191E-03
+544.500E+03,+2.057931E-03
+544.600E+03,+2.056671E-03
+544.700E+03,+2.055411E-03
+544.800E+03,+2.054151E-03
+544.900E+03,+2.052891E-03
+545.000E+03,+2.051631E-03
+545.100E+03,+2.050371E-03
+545.200E+03,+2.049111E-03
+545.300E+03,+2.047851E-03
+545.400E+03,+2.046591E-03
+545.500E+03,+2.045331E-03
+545.600E+03,+2.044071E-03
+545.700E+03,+2.042811E-03
+545.800E+03,+2.041551E-03
+545.900E+03,+2.040291E-03
+546.000E+03,+2.039031E-03
+546.100E+03,+2.037771E-03
+546.200E+03,+2.036511E-03
+546.300E+03,+2.035251E-03
+546.400E+03,+2.033991E-03
+546.500E+03,+2.032731E-03
+546.600E+03,+2.031471E-03
+546.700E+03,+2.030211E-03
+546.800E+03,+2.028951E-03
+546.900E+03,+2.027691E-03
+547.000E+03,+2.026431E-03
+547.100E+03,+2.025171E-03
+547.200E+03,+2.023911E-03
+547.300E+03,+2.022651E-03
+547.400E+03,+2.021391E-03
+547.500E+03,+2.020131E-03
+547.600E+03,+2.018871E-03
+547.700E+03,+2.017611E-03
+547.800E+03,+2.016351E-03
+547.900E+03,+2.015091E-03
+548.000E+03,+2.013831E-03
+548.100E+03,+2.012571E-03
+548.200E+03,+2.011311E-03
+548.300E+03,+2.010051E-03
+548.400E+03,+2.008791E-03
+548.500E+03,+2.007531E-03
+548.600E+03,+2.006271E-03
+548.700E+03,+2.005011E-03
+548.800E+03,+2.003751E-03
+548.900E+03,+2.002491E-03
+549.000E+03,+2.001231E-03
+549.100E+03,+1.999971E-03
+549.200E+03,+1.998711E-03
+549.300E+03,+1.997451E-03
+549.400E+03,+1.988684E-03
+549.500E+03,+1.978444E-03
+549.600E+03,+1.968204E-03
+549.700E+03,+1.957964E-03
+549.800E+03,+1.947724E-03
+549.900E+03,+1.937484E-03
+550.000E+03,+1.927244E-03
+550.100E+03,+1.917004E-03
+550.200E+03,+1.906764E-03
+550.300E+03,+1.896524E-03
+550.400E+03,+1.886284E-03
+550.500E+03,+1.876044E-03
+550.600E+03,+1.865804E-03
+550.700E+03,+1.855564E-03
+550.800E+03,+1.845324E-03
+550.900E+03,+1.835084E-03
+551.000E+03,+1.824844E-03
+551.100E+03,+1.814604E-03
+551.200E+03,+1.804364E-03
+551.300E+03,+1.794124E-03
+551.400E+03,+1.783884E-03
+551.500E+03,+1.773644E-03
+551.600E+03,+1.763404E-03
+551.700E+03,+1.753164E-03
+551.800E+03,+1.742924E-03
+551.900E+03,+1.732684E-03
+552.000E+03,+1.722444E-03
+552.100E+03,+1.712204E-03
+552.200E+03,+1.701964E-03
+552.300E+03,+1.691724E-03
+552.400E+03,+1.681484E-03
+552.500E+03,+1.671244E-03
+552.600E+03,+1.661004E-03
+552.700E+03,+1.650764E-03
+552.800E+03,+1.640524E-03
+552.900E+03,+1.630284E-03
+553.000E+03,+1.620044E-03
+553.100E+03,+1.609804E-03
+553.200E+03,+1.599564E-03
+553.300E+03,+1.589324E-03
+553.400E+03,+1.579084E-03
+553.500E+03,+1.568844E-03
+553.600E+03,+1.558604E-03
+553.700E+03,+1.548364E-03
+553.800E+03,+1.538124E-03
+553.900E+03,+1.527884E-03
+554.000E+03,+1.517644E-03
+554.100E+03,+1.507404E-03
+554.200E+03,+1.497164E-03
+554.300E+03,+1.486924E-03
+554.400E+03,+1.476684E-03
+554.500E+03,+1.466444E-03
+554.600E+03,+1.456204E-03
+554.700E+03,+1.445964E-03
+554.800E+03,+1.435724E-03
+554.900E+03,+1.425484E-03
+555.000E+03,+1.415244E-03
+555.100E+03,+1.405004E-03
+555.200E+03,+1.394764E-03
+555.300E+03,+1.384524E-03
+555.400E+03,+1.374284E-03
+555.500E+03,+1.364044E-03
+555.600E+03,+1.353804E-03
+555.700E+03,+1.343564E-03
+555.800E+03,+1.333324E-03
+555.900E+03,+1.323084E-03
+556.000E+03,+1.312844E-03
+556.100E+03,+1.302604E-03
+556.200E+03,+1.292364E-03
+556.300E+03,+1.282124E-03
+556.400E+03,+1.271884E-03
+556.500E+03,+1.261644E-03
+556.600E+03,+1.251404E-03
+556.700E+03,+1.241164E-03
+556.800E+03,+1.230924E-03
+556.900E+03,+1.220684E-03
+557.000E+03,+1.210444E-03
+557.100E+03,+1.200204E-03
+557.200E+03,+1.189964E-03
+557.300E+03,+1.179724E-03
+557.400E+03,+1.169484E-03
+557.500E+03,+1.159244E-03
+557.600E+03,+1.149004E-03
+557.700E+03,+1.138764E-03
+557.800E+03,+1.128524E-03
+557.900E+03,+1.118284E-03
+558.000E+03,+1.108044E-03
+558.100E+03,+1.097804E-03
+558.200E+03,+1.087564E-03
+558.300E+03,+1.077324E-03
+558.400E+03,+1.067084E-03
+558.500E+03,+1.056844E-03
+558.600E+03,+1.046604E-03
+558.700E+03,+1.036364E-03
+558.800E+03,+1.026124E-03
+558.900E+03,+1.015884E-03
+559.000E+03,+1.005644E-03
+559.100E+03,+995.404E-06
+559.200E+03,+985.164E-06
+559.300E+03,+974.924E-06
+559.400E+03,+964.684E-06
+559.500E+03,+954.444E-06
+559.600E+03,+944.204E-06
+559.700E+03,+933.964E-06
+559.800E+03,+923.724E-06
+559.900E+03,+913.484E-06
+560.000E+03,+903.244E-06
+560.100E+03,+893.004E-06
+560.200E+03,+882.764E-06
+560.300E+03,+872.524E-06
+560.400E+03,+862.284E-06
+560.500E+03,+852.044E-06
+560.600E+03,+841.804E-06
+560.700E+03,+831.564E-06
+560.800E+03,+821.324E-06
+560.900E+03,+811.084E-06
+561.000E+03,+800.844E-06
+561.100E+03,+790.604E-06
+561.200E+03,+780.364E-06
+561.300E+03,+770.124E-06
+561.400E+03,+759.884E-06
+561.500E+03,+749.644E-06
+561.600E+03,+739.404E-06
+561.700E+03,+729.164E-06
+561.800E+03,+718.924E-06
+561.900E+03,+708.684E-06
+562.000E+03,+698.444E-06
+562.100E+03,+688.204E-06
+562.200E+03,+677.964E-06
+562.300E+03,+667.724E-06
+562.400E+03,+657.484E-06
+562.500E+03,+647.244E-06
+562.600E+03,+637.004E-06
+562.700E+03,+626.764E-06
+562.800E+03,+616.524E-06
+562.900E+03,+606.284E-06
+563.000E+03,+596.044E-06
+563.100E+03,+585.804E-06
+563.200E+03,+575.564E-06
+563.300E+03,+565.324E-06
+563.400E+03,+555.084E-06
+563.500E+03,+544.844E-06
+563.600E+03,+534.604E-06
+563.700E+03,+524.364E-06
+563.800E+03,+514.124E-06
+563.900E+03,+503.884E-06
+564.000E+03,+493.644E-06
+564.100E+03,+483.404E-06
+564.200E+03,+473.164E-06
+564.300E+03,+462.924E-06
+564.400E+03,+452.684E-06
+564.500E+03,+442.444E-06
+564.600E+03,+436.104E-06
+564.700E+03,+441.584E-06
+564.800E+03,+447.064E-06
+564.900E+03,+452.544E-06
+565.000E+03,+458.024E-06
+565.100E+03,+463.504E-06
+565.200E+03,+468.984E-06
+565.300E+03,+474.464E-06
+565.400E+03,+479.944E-06
+565.500E+03,+485.424E-06
+565.600E+03,+490.904E-06
+565.700E+03,+496.384E-06
+565.800E+03,+501.864E-06
+565.900E+03,+507.344E-06
+566.000E+03,+512.824E-06
+566.100E+03,+518.304E-06
+566.200E+03,+523.784E-06
+566.300E+03,+529.264E-06
+566.400E+03,+534.744E-06
+566.500E+03,+540.224E-06
+566.600E+03,+545.704E-06
+566.700E+03,+551.184E-06
+566.800E+03,+556.664E-06
+566.900E+03,+562.144E-06
+567.000E+03,+567.624E-06
+567.100E+03,+573.104E-06
+567.200E+03,+578.584E-06
+567.300E+03,+584.064E-06
+567.400E+03,+589.544E-06
+567.500E+03,+595.024E-06
+567.600E+03,+600.504E-06
+567.700E+03,+605.984E-06
+567.800E+03,+611.464E-06
+567.900E+03,+616.944E-06
+568.000E+03,+622.424E-06
+568.100E+03,+627.904E-06
+568.200E+03,+633.384E-06
+568.300E+03,+638.864E-06
+568.400E+03,+644.344E-06
+568.500E+03,+649.824E-06
+568.600E+03,+655.304E-06
+568.700E+03,+660.784E-06
+568.800E+03,+666.264E-06
+568.900E+03,+671.744E-06
+569.000E+03,+677.224E-06
+569.100E+03,+682.704E-06
+569.200E+03,+688.184E-06
+569.300E+03,+693.664E-06
+569.400E+03,+699.144E-06
+569.500E+03,+704.624E-06
+569.600E+03,+710.104E-06
+569.700E+03,+715.584E-06
+569.800E+03,+721.064E-06
+569.900E+03,+726.544E-06
+570.000E+03,+732.024E-06
+570.100E+03,+737.504E-06
+570.200E+03,+742.984E-06
+570.300E+03,+748.464E-06
+570.400E+03,+753.944E-06
+570.500E+03,+759.424E-06
+570.600E+03,+764.904E-06
+570.700E+03,+770.384E-06
+570.800E+03,+775.864E-06
+570.900E+03,+781.344E-06
+571.000E+03,+786.824E-06
+571.100E+03,+792.304E-06
+571.200E+03,+797.784E-06
+571.300E+03,+803.264E-06
+571.400E+03,+808.744E-06
+571.500E+03,+814.224E-06
+571.600E+03,+819.704E-06
+571.700E+03,+825.184E-06
+571.800E+03,+830.664E-06
+571.900E+03,+836.144E-06
+572.000E+03,+841.624E-06
+572.100E+03,+847.104E-06
+572.200E+03,+852.584E-06
+572.300E+03,+858.064E-06
+572.400E+03,+863.544E-06
+572.500E+03,+869.024E-06
+572.600E+03,+874.504E-06
+572.700E+03,+879.984E-06
+572.800E+03,+885.464E-06
+572.900E+03,+890.944E-06
+573.000E+03,+896.424E-06
+573.100E+03,+901.904E-06
+573.200E+03,+907.384E-06
+573.300E+03,+912.864E-06
+573.400E+03,+918.344E-06
+573.500E+03,+923.824E-06
+573.600E+03,+929.304E-06
+573.700E+03,+934.784E-06
+573.800E+03,+940.264E-06
+573.900E+03,+945.744E-06
+574.000E+03,+951.224E-06
+574.100E+03,+956.704E-06
+574.200E+03,+962.184E-06
+574.300E+03,+967.664E-06
+574.400E+03,+973.144E-06
+574.500E+03,+978.624E-06
+574.600E+03,+984.104E-06
+574.700E+03,+989.584E-06
+574.800E+03,+995.064E-06
+574.900E+03,+1.000544E-03
+575.000E+03,+1.006024E-03
+575.100E+03,+1.011504E-03
+575.200E+03,+1.016984E-03
+575.300E+03,+1.022464E-03
+575.400E+03,+1.027944E-03
+575.500E+03,+1.033424E-03
+575.600E+03,+1.038904E-03
+575.700E+03,+1.044384E-03
+575.800E+03,+1.049864E-03
+575.900E+03,+1.055344E-03
+576.000E+03,+1.060824E-03
+576.100E+03,+1.066304E-03
+576.200E+03,+1.071784E-03
+576.300E+03,+1.077264E-03
+576.400E+03,+1.082744E-03
+576.500E+03,+1.088224E-03
+576.600E+03,+1.093704E-03
+576.700E+03,+1.099184E-03
+576.800E+03,+1.104664E-03
+576.900E+03,+1.110144E-03
+577.000E+03,+1.115624E-03
+577.100E+03,+1.121104E-03
+577.200E+03,+1.126584E-03
+577.300E+03,+1.132064E-03
+577.400E+03,+1.137544E-03
+577.500E+03,+1.143024E-03
+577.600E+03,+1.148504E-03
+577.700E+03,+1.153984E-03
+577.800E+03,+1.159464E-03
+577.900E+03,+1.164944E-03
+578.000E+03,+1.170424E-03
+578.100E+03,+1.175904E-03
+578.200E+03,+1.181384E-03
+578.300E+03,+1.186864E-03
+578.400E+03,+1.192344E-03
+578.500E+03,+1.197824E-03
+578.600E+03,+1.203304E-03
+578.700E+03,+1.208784E-03
+578.800E+03,+1.214264E-03
+578.900E+03,+1.219744E-03
+579.000E+03,+1.225224E-03
+579.100E+03,+1.230704E-03
+579.200E+03,+1.236184E-03
+579.300E+03,+1.241664E-03
+579.400E+03,+1.247144E-03
+579.500E+03,+1.252624E-03
+579.600E+03,+1.258104E-03
+579.700E+03,+1.263584E-03
+579.800E+03,+1.269064E-03
+579.900E+03,+1.272246E-03
+580.000E+03,+1.274246E-03
+580.100E+03,+1.276246E-03
+580.200E+03,+1.278246E-03
+580.300E+03,+1.280246E-03
+580.400E+03,+1.282246E-03
+580.500E+03,+1.284246E-03
+580.600E+03,+1.286246E-03
+580.700E+03,+1.288246E-03
+580.800E+03,+1.290246E-03
+580.900E+03,+1.292246E-03
+581.000E+03,+1.294246E-03
+581.100E+03,+1.296246E-03
+581.200E+03,+1.298246E-03
+581.300E+03,+1.300246E-03
+581.400E+03,+1.302246E-03
+581.500E+03,+1.304246E-03
+581.600E+03,+1.306246E-03
+581.700E+03,+1.308246E-03
+581.800E+03,+1.310246E-03
+581.900E+03,+1.312246E-03
+582.000E+03,+1.314246E-03
+582.100E+03,+1.316246E-03
+582.200E+03,+1.318246E-03
+582.300E+03,+1.320246E-03
+582.400E+03,+1.322246E-03
+582.500E+03,+1.324246E-03
+582.600E+03,+1.326246E-03
+582.700E+03,+1.328246E-03
+582.800E+03,+1.330246E-03
+582.900E+03,+1.332246E-03
+583.000E+03,+1.334246E-03
+583.100E+03,+1.336246E-03
+583.200E+03,+1.338246E-03
+583.300E+03,+1.340246E-03
+583.400E+03,+1.342246E-03
+583.500E+03,+1.344246E-03
+583.600E+03,+1.346246E-03
+583.700E+03,+1.348246E-03
+583.800E+03,+1.350246E-03
+583.900E+03,+1.352246E-03
+584.000E+03,+1.354246E-03
+584.100E+03,+1.356246E-03
+584.200E+03,+1.358246E-03
+584.300E+03,+1.360246E-03
+584.400E+03,+1.362246E-03
+584.500E+03,+1.364246E-03
+584.600E+03,+1.366246E-03
+584.700E+03,+1.368246E-03
+584.800E+03,+1.370246E-03
+584.900E+03,+1.372246E-03
+585.000E+03,+1.374246E-03
+585.100E+03,+1.376246E-03
+585.200E+03,+1.378246E-03
+585.300E+03,+1.380246E-03
+585.400E+03,+1.382246E-03
+585.500E+03,+1.384246E-03
+585.600E+03,+1.386246E-03
+585.700E+03,+1.388246E-03
+585.800E+03,+1.390246E-03
+585.900E+03,+1.392246E-03
+586.000E+03,+1.394246E-03
+586.100E+03,+1.396246E-03
+586.200E+03,+1.398246E-03
+586.300E+03,+1.400246E-03
+586.400E+03,+1.402246E-03
+586.500E+03,+1.404246E-03
+586.600E+03,+1.406246E-03
+586.700E+03,+1.408246E-03
+586.800E+03,+1.410246E-03
+586.900E+03,+1.412246E-03
+587.000E+03,+1.414246E-03
+587.100E+03,+1.416246E-03
+587.200E+03,+1.418246E-03
+587.300E+03,+1.420246E-03
+587.400E+03,+1.422246E-03
+587.500E+03,+1.424246E-03
+587.600E+03,+1.426246E-03
+587.700E+03,+1.428246E-03
+587.800E+03,+1.430246E-03
+587.900E+03,+1.432246E-03
+588.000E+03,+1.434246E-03
+588.100E+03,+1.436246E-03
+588.200E+03,+1.438246E-03
+588.300E+03,+1.440246E-03
+588.400E+03,+1.442246E-03
+588.500E+03,+1.444246E-03
+588.600E+03,+1.446246E-03
+588.700E+03,+1.448246E-03
+588.800E+03,+1.450246E-03
+588.900E+03,+1.452246E-03
+589.000E+03,+1.454246E-03
+589.100E+03,+1.456246E-03
+589.200E+03,+1.458246E-03
+589.300E+03,+1.460246E-03
+589.400E+03,+1.462246E-03
+589.500E+03,+1.464246E-03
+589.600E+03,+1.466246E-03
+589.700E+03,+1.468246E-03
+589.800E+03,+1.470246E-03
+589.900E+03,+1.472246E-03
+590.000E+03,+1.474246E-03
+590.100E+03,+1.476246E-03
+590.200E+03,+1.478246E-03
+590.300E+03,+1.480246E-03
+590.400E+03,+1.482246E-03
+590.500E+03,+1.484246E-03
+590.600E+03,+1.486246E-03
+590.700E+03,+1.488246E-03
+590.800E+03,+1.490246E-03
+590.900E+03,+1.492246E-03
+591.000E+03,+1.494246E-03
+591.100E+03,+1.496246E-03
+591.200E+03,+1.498246E-03
+591.300E+03,+1.500246E-03
+591.400E+03,+1.502246E-03
+591.500E+03,+1.504246E-03
+591.600E+03,+1.506246E-03
+591.700E+03,+1.508246E-03
+591.800E+03,+1.510246E-03
+591.900E+03,+1.512246E-03
+592.000E+03,+1.514246E-03
+592.100E+03,+1.516246E-03
+592.200E+03,+1.518246E-03
+592.300E+03,+1.520246E-03
+592.400E+03,+1.522246E-03
+592.500E+03,+1.524246E-03
+592.600E+03,+1.526246E-03
+592.700E+03,+1.528246E-03
+592.800E+03,+1.530246E-03
+592.900E+03,+1.532246E-03
+593.000E+03,+1.534246E-03
+593.100E+03,+1.536246E-03
+593.200E+03,+1.538246E-03
+593.300E+03,+1.540246E-03
+593.400E+03,+1.542246E-03
+593.500E+03,+1.544246E-03
+593.600E+03,+1.546246E-03
+593.700E+03,+1.548246E-03
+593.800E+03,+1.550246E-03
+593.900E+03,+1.552246E-03
+594.000E+03,+1.554246E-03
+594.100E+03,+1.556246E-03
+594.200E+03,+1.558246E-03
+594.300E+03,+1.560246E-03
+594.400E+03,+1.562246E-03
+594.500E+03,+1.564246E-03
+594.600E+03,+1.566246E-03
+594.700E+03,+1.568246E-03
+594.800E+03,+1.570246E-03
+594.900E+03,+1.572246E-03
+595.000E+03,+1.574246E-03
+595.100E+03,+1.575667E-03
+595.200E+03,+1.569643E-03
+595.300E+03,+1.563619E-03
+595.400E+03,+1.557595E-03
+595.500E+03,+1.551571E-03
+595.600E+03,+1.545547E-03
+595.700E+03,+1.539523E-03
+595.800E+03,+1.533499E-03
+595.900E+03,+1.527475E-03
+596.000E+03,+1.521451E-03
+596.100E+03,+1.515427E-03
+596.200E+03,+1.509403E-03
+596.300E+03,+1.503379E-03
+596.400E+03,+1.497355E-03
+596.500E+03,+1.491331E-03
+596.600E+03,+1.485307E-03
+596.700E+03,+1.479283E-03
+596.800E+03,+1.473259E-03
+596.900E+03,+1.467235E-03
+597.000E+03,+1.461211E-03
+597.100E+03,+1.455187E-03
+597.200E+03,+1.449163E-03
+597.300E+03,+1.443139E-03
+597.400E+03,+1.437115E-03
+597.500E+03,+1.431091E-03
+597.600E+03,+1.425067E-03
+597.700E+03,+1.419043E-03
+597.800E+03,+1.413019E-03
+597.900E+03,+1.406995E-03
+598.000E+03,+1.400971E-03
+598.100E+03,+1.394947E-03
+598.200E+03,+1.388923E-03
+598.300E+03,+1.382899E-03
+598.400E+03,+1.376875E-03
+598.500E+03,+1.370851E-03
+598.600E+03,+1.364827E-03
+598.700E+03,+1.358803E-03
+598.800E+03,+1.352779E-03
+598.900E+03,+1.346755E-03
+599.000E+03,+1.340731E-03
+599.100E+03,+1.334707E-03
+599.200E+03,+1.328683E-03
+599.300E+03,+1.322659E-03
+599.400E+03,+1.316635E-03
+599.500E+03,+1.310611E-03
+599.600E+03,+1.304587E-03
+599.700E+03,+1.298563E-03
+599.800E+03,+1.292539E-03
+599.900E+03,+1.286515E-03
+600.000E+03,+1.280491E-03
+600.100E+03,+1.274467E-03
+600.200E+03,+1.268443E-03
+600.300E+03,+1.262419E-03
+600.400E+03,+1.256395E-03
+600.500E+03,+1.250371E-03
+600.600E+03,+1.244347E-03
+600.700E+03,+1.238323E-03
+600.800E+03,+1.232299E-03
+600.900E+03,+1.226275E-03
+601.000E+03,+1.220251E-03
+601.100E+03,+1.214227E-03
+601.200E+03,+1.208203E-03
+601.300E+03,+1.202179E-03
+601.400E+03,+1.196155E-03
+601.500E+03,+1.190131E-03
+601.600E+03,+1.184107E-03
+601.700E+03,+1.178083E-03
+601.800E+03,+1.172059E-03
+601.900E+03,+1.166035E-03
+602.000E+03,+1.160011E-03
+602.100E+03,+1.153987E-03
+602.200E+03,+1.147963E-03
+602.300E+03,+1.141939E-03
+602.400E+03,+1.135915E-03
+602.500E+03,+1.129891E-03
+602.600E+03,+1.123867E-03
+602.700E+03,+1.117843E-03
+602.800E+03,+1.111819E-03
+602.900E+03,+1.105795E-03
+603.000E+03,+1.099771E-03
+603.100E+03,+1.093747E-03
+603.200E+03,+1.087723E-03
+603.300E+03,+1.081699E-03
+603.400E+03,+1.075675E-03
+603.500E+03,+1.069651E-03
+603.600E+03,+1.063627E-03
+603.700E+03,+1.057603E-03
+603.800E+03,+1.051579E-03
+603.900E+03,+1.045555E-03
+604.000E+03,+1.039531E-03
+604.100E+03,+1.033507E-03
+604.200E+03,+1.027483E-03
+604.300E+03,+1.021459E-03
+604.400E+03,+1.015435E-03
+604.500E+03,+1.009411E-03
+604.600E+03,+1.003387E-03
+604.700E+03,+997.363E-06
+604.800E+03,+991.339E-06
+604.900E+03,+985.315E-06
+605.000E+03,+979.291E-06
+605.100E+03,+973.267E-06
+605.200E+03,+967.243E-06
+605.300E+03,+961.219E-06
+605.400E+03,+955.195E-06
+605.500E+03,+949.171E-06
+605.600E+03,+943.147E-06
+605.700E+03,+937.123E-06
+605.800E+03,+931.099E-06
+605.900E+03,+925.075E-06
+606.000E+03,+919.051E-06
+606.100E+03,+913.027E-06
+606.200E+03,+907.003E-06
+606.300E+03,+900.979E-06
+606.400E+03,+894.955E-06
+606.500E+03,+888.931E-06
+606.600E+03,+882.907E-06
+606.700E+03,+876.883E-06
+606.800E+03,+870.859E-06
+606.900E+03,+864.835E-06
+607.000E+03,+858.811E-06
+607.100E+03,+852.787E-06
+607.200E+03,+846.763E-06
+607.300E+03,+840.739E-06
+607.400E+03,+834.715E-06
+607.500E+03,+828.691E-06
+607.600E+03,+822.667E-06
+607.700E+03,+816.643E-06
+607.800E+03,+810.619E-06
+607.900E+03,+804.595E-06
+608.000E+03,+798.571E-06
+608.100E+03,+792.547E-06
+608.200E+03,+786.523E-06
+608.300E+03,+780.499E-06
+608.400E+03,+774.475E-06
+608.500E+03,+768.451E-06
+608.600E+03,+762.427E-06
+608.700E+03,+756.403E-06
+608.800E+03,+750.379E-06
+608.900E+03,+744.355E-06
+609.000E+03,+738.331E-06
+609.100E+03,+732.307E-06
+609.200E+03,+726.283E-06
+609.300E+03,+720.259E-06
+609.400E+03,+714.235E-06
+609.500E+03,+708.211E-06
+609.600E+03,+702.187E-06
+609.700E+03,+696.163E-06
+609.800E+03,+690.139E-06
+609.900E+03,+684.115E-06
+610.000E+03,+678.091E-06
+610.100E+03,+672.067E-06
+610.200E+03,+666.043E-06
+610.300E+03,+660.019E-06
+610.400E+03,+657.197E-06
+610.500E+03,+657.785E-06
+610.600E+03,+658.373E-06
+610.700E+03,+658.961E-06
+610.800E+03,+659.549E-06
+610.900E+03,+660.137E-06
+611.000E+03,+660.725E-06
+611.100E+03,+661.313E-06
+611.200E+03,+661.901E-06
+611.300E+03,+662.489E-06
+611.400E+03,+663.077E-06
+611.500E+03,+663.665E-06
+611.600E+03,+664.253E-06
+611.700E+03,+664.841E-06
+611.800E+03,+665.429E-06
+611.900E+03,+666.017E-06
+612.000E+03,+666.605E-06
+612.100E+03,+667.193E-06
+612.200E+03,+667.781E-06
+612.300E+03,+668.369E-06
+612.400E+03,+668.957E-06
+612.500E+03,+669.545E-06
+612.600E+03,+670.133E-06
+612.700E+03,+670.721E-06
+612.800E+03,+671.309E-06
+612.900E+03,+671.897E-06
+613.000E+03,+672.485E-06
+613.100E+03,+673.073E-06
+613.200E+03,+673.661E-06
+613.300E+03,+674.249E-06
+613.400E+03,+674.837E-06
+613.500E+03,+675.425E-06
+613.600E+03,+676.013E-06
+613.700E+03,+676.601E-06
+613.800E+03,+677.189E-06
+613.900E+03,+677.777E-06
+614.000E+03,+678.365E-06
+614.100E+03,+678.953E-06
+614.200E+03,+679.541E-06
+614.300E+03,+680.129E-06
+614.400E+03,+680.717E-06
+614.500E+03,+681.305E-06
+614.600E+03,+681.893E-06
+614.700E+03,+682.481E-06
+614.800E+03,+683.069E-06
+614.900E+03,+683.657E-06
+615.000E+03,+684.245E-06
+615.100E+03,+684.833E-06
+615.200E+03,+685.421E-06
+615.300E+03,+686.009E-06
+615.400E+03,+686.597E-06
+615.500E+03,+687.185E-06
+615.600E+03,+687.773E-06
+615.700E+03,+688.361E-06
+615.800E+03,+688.949E-06
+615.900E+03,+689.537E-06
+616.000E+03,+690.125E-06
+616.100E+03,+690.713E-06
+616.200E+03,+691.301E-06
+616.300E+03,+691.889E-06
+616.400E+03,+692.477E-06
+616.500E+03,+693.065E-06
+616.600E+03,+693.653E-06
+616.700E+03,+694.241E-06
+616.800E+03,+694.829E-06
+616.900E+03,+695.417E-06
+617.000E+03,+696.005E-06
+617.100E+03,+696.593E-06
+617.200E+03,+697.181E-06
+617.300E+03,+697.769E-06
+617.400E+03,+698.357E-06
+617.500E+03,+698.945E-06
+617.600E+03,+699.533E-06
+617.700E+03,+700.121E-06
+617.800E+03,+700.709E-06
+617.900E+03,+701.297E-06
+618.000E+03,+701.885E-06
+618.100E+03,+702.473E-06
+618.200E+03,+703.061E-06
+618.300E+03,+703.649E-06
+618.400E+03,+704.237E-06
+618.500E+03,+704.825E-06
+618.600E+03,+705.413E-06
+618.700E+03,+706.001E-06
+618.800E+03,+706.589E-06
+618.900E+03,+707.177E-06
+619.000E+03,+707.765E-06
+619.100E+03,+708.353E-06
+619.200E+03,+708.941E-06
+619.300E+03,+709.529E-06
+619.400E+03,+710.117E-06
+619.500E+03,+710.705E-06
+619.600E+03,+711.293E-06
+619.700E+03,+711.881E-06
+619.800E+03,+712.469E-06
+619.900E+03,+713.057E-06
+620.000E+03,+713.645E-06
+620.100E+03,+714.233E-06
+620.200E+03,+714.821E-06
+620.300E+03,+715.409E-06
+620.400E+03,+715.997E-06
+620.500E+03,+716.585E-06
+620.600E+03,+717.173E-06
+620.700E+03,+717.761E-06
+620.800E+03,+718.349E-06
+620.900E+03,+718.937E-06
+621.000E+03,+719.525E-06
+621.100E+03,+720.113E-06
+621.200E+03,+720.701E-06
+621.300E+03,+721.289E-06
+621.400E+03,+721.877E-06
+621.500E+03,+722.465E-06
+621.600E+03,+723.053E-06
+621.700E+03,+723.641E-06
+621.800E+03,+724.229E-06
+621.900E+03,+724.817E-06
+622.000E+03,+725.405E-06
+622.100E+03,+725.993E-06
+622.200E+03,+726.581E-06
+622.300E+03,+727.169E-06
+622.400E+03,+727.757E-06
+622.500E+03,+728.345E-06
+622.600E+03,+728.933E-06
+622.700E+03,+729.521E-06
+622.800E+03,+730.109E-06
+622.900E+03,+730.697E-06
+623.000E+03,+731.285E-06
+623.100E+03,+731.873E-06
+623.200E+03,+732.461E-06
+623.300E+03,+733.049E-06
+623.400E+03,+733.637E-06
+623.500E+03,+734.225E-06
+623.600E+03,+734.813E-06
+623.700E+03,+735.401E-06
+623.800E+03,+735.989E-06
+623.900E+03,+736.577E-06
+624.000E+03,+737.165E-06
+624.100E+03,+737.753E-06
+624.200E+03,+738.341E-06
+624.300E+03,+738.929E-06
+624.400E+03,+739.517E-06
+624.500E+03,+740.105E-06
+624.600E+03,+740.693E-06
+624.700E+03,+741.281E-06
+624.800E+03,+741.869E-06
+624.900E+03,+742.457E-06
+625.000E+03,+743.045E-06
+625.100E+03,+743.633E-06
+625.200E+03,+744.221E-06
+625.300E+03,+744.809E-06
+625.400E+03,+745.397E-06
+625.500E+03,+745.985E-06
+625.600E+03,+746.573E-06
+625.700E+03,+749.679E-06
+625.800E+03,+753.075E-06
+625.900E+03,+756.471E-06
+626.000E+03,+759.867E-06
+626.100E+03,+763.263E-06
+626.200E+03,+766.659E-06
+626.300E+03,+770.055E-06
+626.400E+03,+773.451E-06
+626.500E+03,+776.847E-06
+626.600E+03,+780.243E-06
+626.700E+03,+783.639E-06
+626.800E+03,+787.035E-06
+626.900E+03,+790.431E-06
+627.000E+03,+793.827E-06
+627.100E+03,+797.223E-06
+627.200E+03,+800.619E-06
+627.300E+03,+804.015E-06
+627.400E+03,+807.411E-06
+627.500E+03,+810.807E-06
+627.600E+03,+814.203E-06
+627.700E+03,+817.599E-06
+627.800E+03,+820.995E-06
+627.900E+03,+824.391E-06
+628.000E+03,+827.787E-06
+628.100E+03,+831.183E-06
+628.200E+03,+834.579E-06
+628.300E+03,+837.975E-06
+628.400E+03,+841.371E-06
+628.500E+03,+844.767E-06
+628.600E+03,+848.163E-06
+628.700E+03,+851.559E-06
+628.800E+03,+854.955E-06
+628.900E+03,+858.351E-06
+629.000E+03,+861.747E-06
+629.100E+03,+865.143E-06
+629.200E+03,+868.539E-06
+629.300E+03,+871.935E-06
+629.400E+03,+875.331E-06
+629.500E+03,+878.727E-06
+629.600E+03,+882.123E-06
+629.700E+03,+885.519E-06
+629.800E+03,+888.915E-06
+629.900E+03,+892.311E-06
+630.000E+03,+895.707E-06
+630.100E+03,+899.103E-06
+630.200E+03,+902.499E-06
+630.300E+03,+905.895E-06
+630.400E+03,+909.291E-06
+630.500E+03,+912.687E-06
+630.600E+03,+916.083E-06
+630.700E+03,+919.479E-06
+630.800E+03,+922.875E-06
+630.900E+03,+926.271E-06
+631.000E+03,+929.667E-06
+631.100E+03,+933.063E-06
+631.200E+03,+936.459E-06
+631.300E+03,+939.855E-06
+631.400E+03,+943.251E-06
+631.500E+03,+946.647E-06
+631.600E+03,+950.043E-06
+631.700E+03,+953.439E-06
+631.800E+03,+956.835E-06
+631.900E+03,+960.231E-06
+632.000E+03,+963.627E-06
+632.100E+03,+967.023E-06
+632.200E+03,+970.419E-06
+632.300E+03,+973.815E-06
+632.400E+03,+977.211E-06
+632.500E+03,+980.607E-06
+632.600E+03,+984.003E-06
+632.700E+03,+987.399E-06
+632.800E+03,+990.795E-06
+632.900E+03,+994.191E-06
+633.000E+03,+997.587E-06
+633.100E+03,+1.000983E-03
+633.200E+03,+1.004379E-03
+633.300E+03,+1.007775E-03
+633.400E+03,+1.011171E-03
+633.500E+03,+1.014567E-03
+633.600E+03,+1.017963E-03
+633.700E+03,+1.021359E-03
+633.800E+03,+1.024755E-03
+633.900E+03,+1.028151E-03
+634.000E+03,+1.031547E-03
+634.100E+03,+1.034943E-03
+634.200E+03,+1.038339E-03
+634.300E+03,+1.041735E-03
+634.400E+03,+1.045131E-03
+634.500E+03,+1.048527E-03
+634.600E+03,+1.051923E-03
+634.700E+03,+1.055319E-03
+634.800E+03,+1.058715E-03
+634.900E+03,+1.062111E-03
+635.000E+03,+1.065507E-03
+635.100E+03,+1.068903E-03
+635.200E+03,+1.072299E-03
+635.300E+03,+1.075695E-03
+635.400E+03,+1.079091E-03
+635.500E+03,+1.082487E-03
+635.600E+03,+1.085883E-03
+635.700E+03,+1.089279E-03
+635.800E+03,+1.092675E-03
+635.900E+03,+1.096071E-03
+636.000E+03,+1.099467E-03
+636.100E+03,+1.102863E-03
+636.200E+03,+1.106259E-03
+636.300E+03,+1.109655E-03
+636.400E+03,+1.113051E-03
+636.500E+03,+1.116447E-03
+636.600E+03,+1.119843E-03
+636.700E+03,+1.123239E-03
+636.800E+03,+1.126635E-03
+636.900E+03,+1.130031E-03
+637.000E+03,+1.133427E-03
+637.100E+03,+1.136823E-03
+637.200E+03,+1.140219E-03
+637.300E+03,+1.143615E-03
+637.400E+03,+1.147011E-03
+637.500E+03,+1.150407E-03
+637.600E+03,+1.153803E-03
+637.700E+03,+1.157199E-03
+637.800E+03,+1.160595E-03
+637.900E+03,+1.163991E-03
+638.000E+03,+1.167387E-03
+638.100E+03,+1.170783E-03
+638.200E+03,+1.174179E-03
+638.300E+03,+1.177575E-03
+638.400E+03,+1.180971E-03
+638.500E+03,+1.184367E-03
+638.600E+03,+1.187763E-03
+638.700E+03,+1.191159E-03
+638.800E+03,+1.194555E-03
+638.900E+03,+1.197951E-03
+639.000E+03,+1.201347E-03
+639.100E+03,+1.204743E-03
+639.200E+03,+1.208139E-03
+639.300E+03,+1.211535E-03
+639.400E+03,+1.214931E-03
+639.500E+03,+1.218327E-03
+639.600E+03,+1.221723E-03
+639.700E+03,+1.225119E-03
+639.800E+03,+1.228515E-03
+639.900E+03,+1.231911E-03
+640.000E+03,+1.235307E-03
+640.100E+03,+1.238703E-03
+640.200E+03,+1.242099E-03
+640.300E+03,+1.245495E-03
+640.400E+03,+1.248891E-03
+640.500E+03,+1.252287E-03
+640.600E+03,+1.255683E-03
+640.700E+03,+1.259079E-03
+640.800E+03,+1.262475E-03
+640.900E+03,+1.263831E-03
+641.000E+03,+1.260619E-03
+641.100E+03,+1.257407E-03
+641.200E+03,+1.254195E-03
+641.300E+03,+1.250983E-03
+641.400E+03,+1.247771E-03
+641.500E+03,+1.244559E-03
+641.600E+03,+1.241347E-03
+641.700E+03,+1.238135E-03
+641.800E+03,+1.234923E-03
+641.900E+03,+1.231711E-03
+642.000E+03,+1.228499E-03
+642.100E+03,+1.225287E-03
+642.200E+03,+1.222075E-03
+642.300E+03,+1.218863E-03
+642.400E+03,+1.215651E-03
+642.500E+03,+1.212439E-03
+642.600E+03,+1.209227E-03
+642.700E+03,+1.206015E-03
+642.800E+03,+1.202803E-03
+642.900E+03,+1.199591E-03
+643.000E+03,+1.196379E-03
+643.100E+03,+1.193167E-03
+643.200E+03,+1.189955E-03
+643.300E+03,+1.186743E-03
+643.400E+03,+1.183531E-03
+643.500E+03,+1.180319E-03
+643.600E+03,+1.177107E-03
+643.700E+03,+1.173895E-03
+643.800E+03,+1.170683E-03
+643.900E+03,+1.167471E-03
+644.000E+03,+1.164259E-03
+644.100E+03,+1.161047E-03
+644.200E+03,+1.157835E-03
+644.300E+03,+1.154623E-03
+644.400E+03,+1.151411E-03
+644.500E+03,+1.148199E-03
+644.600E+03,+1.144987E-03
+644.700E+03,+1.141775E-03
+644.800E+03,+1.138563E-03
+644.900E+03,+1.135351E-03
+645.000E+03,+1.132139E-03
+645.100E+03,+1.128927E-03
+645.200E+03,+1.125715E-03
+645.300E+03,+1.122503E-03
+645.400E+03,+1.119291E-03
+645.500E+03,+1.116079E-03
+645.600E+03,+1.112867E-03
+645.700E+03,+1.109655E-03
+645.800E+03,+1.106443E-03
+645.900E+03,+1.103231E-03
+646.000E+03,+1.100019E-03
+646.100E+03,+1.096807E-03
+646.200E+03,+1.093595E-03
+646.300E+03,+1.090383E-03
+646.400E+03,+1.087171E-03
+646.500E+03,+1.083959E-03
+646.600E+03,+1.080747E-03
+646.700E+03,+1.077535E-03
+646.800E+03,+1.074323E-03
+646.900E+03,+1.071111E-03
+647.000E+03,+1.067899E-03
+647.100E+03,+1.064687E-03
+647.200E+03,+1.061475E-03
+647.300E+03,+1.058263E-03
+647.400E+03,+1.055051E-03
+647.500E+03,+1.051839E-03
+647.600E+03,+1.048627E-03
+647.700E+03,+1.045415E-03
+647.800E+03,+1.042203E-03
+647.900E+03,+1.038991E-03
+648.000E+03,+1.035779E-03
+648.100E+03,+1.032567E-03
+648.200E+03,+1.029355E-03
+648.300E+03,+1.026143E-03
+648.400E+03,+1.022931E-03
+648.500E+03,+1.019719E-03
+648.600E+03,+1.016507E-03
+648.700E+03,+1.013295E-03
+648.800E+03,+1.010083E-03
+648.900E+03,+1.006871E-03
+649.000E+03,+1.003659E-03
+649.100E+03,+1.000447E-03
+649.200E+03,+997.235E-06
+649.300E+03,+994.023E-06
+649.400E+03,+990.811E-06
+649.500E+03,+987.599E-06
+649.600E+03,+984.387E-06
+649.700E+03,+981.175E-06
+649.800E+03,+977.963E-06
+649.900E+03,+974.751E-06
+650.000E+03,+971.539E-06
+650.100E+03,+968.327E-06
+650.200E+03,+965.115E-06
+650.300E+03,+961.903E-06
+650.400E+03,+958.691E-06
+650.500E+03,+955.479E-06
+650.600E+03,+952.267E-06
+650.700E+03,+949.055E-06
+650.800E+03,+945.843E-06
+650.900E+03,+942.631E-06
+651.000E+03,+939.419E-06
+651.100E+03,+936.207E-06
+651.200E+03,+932.995E-06
+651.300E+03,+929.783E-06
+651.400E+03,+926.571E-06
+651.500E+03,+923.359E-06
+651.600E+03,+920.147E-06
+651.700E+03,+916.935E-06
+651.800E+03,+913.723E-06
+651.900E+03,+910.511E-06
+652.000E+03,+907.299E-06
+652.100E+03,+904.087E-06
+652.200E+03,+900.875E-06
+652.300E+03,+897.663E-06
+652.400E+03,+894.451E-06
+652.500E+03,+891.239E-06
+652.600E+03,+888.027E-06
+652.700E+03,+884.815E-06
+652.800E+03,+881.603E-06
+652.900E+03,+878.391E-06
+653.000E+03,+875.179E-06
+653.100E+03,+871.967E-06
+653.200E+03,+868.755E-06
+653.300E+03,+865.543E-06
+653.400E+03,+862.331E-06
+653.500E+03,+859.119E-06
+653.600E+03,+855.907E-06
+653.700E+03,+852.695E-06
+653.800E+03,+849.483E-06
+653.900E+03,+846.271E-06
+654.000E+03,+843.059E-06
+654.100E+03,+839.847E-06
+654.200E+03,+836.635E-06
+654.300E+03,+833.423E-06
+654.400E+03,+830.211E-06
+654.500E+03,+826.999E-06
+654.600E+03,+823.787E-06
+654.700E+03,+820.575E-06
+654.800E+03,+817.363E-06
+654.900E+03,+814.151E-06
+655.000E+03,+810.939E-06
+655.100E+03,+807.727E-06
+655.200E+03,+804.515E-06
+655.300E+03,+801.303E-06
+655.400E+03,+798.091E-06
+655.500E+03,+794.879E-06
+655.600E+03,+791.667E-06
+655.700E+03,+788.455E-06
+655.800E+03,+785.243E-06
+655.900E+03,+782.031E-06
+656.000E+03,+778.819E-06
+656.100E+03,+775.607E-06
+656.200E+03,+773.194E-06
+656.300E+03,+771.090E-06
+656.400E+03,+768.986E-06
+656.500E+03,+766.882E-06
+656.600E+03,+764.778E-06
+656.700E+03,+762.674E-06
+656.800E+03,+760.570E-06
+656.900E+03,+758.466E-06
+657.000E+03,+756.362E-06
+657.100E+03,+754.258E-06
+657.200E+03,+752.154E-06
+657.300E+03,+750.050E-06
+657.400E+03,+747.946E-06
+657.500E+03,+745.842E-06
+657.600E+03,+743.738E-06
+657.700E+03,+741.634E-06
+657.800E+03,+739.530E-06
+657.900E+03,+737.426E-06
+658.000E+03,+735.322E-06
+658.100E+03,+733.218E-06
+658.200E+03,+731.114E-06
+658.300E+03,+729.010E-06
+658.400E+03,+726.906E-06
+658.500E+03,+724.802E-06
+658.600E+03,+722.698E-06
+658.700E+03,+720.594E-06
+658.800E+03,+718.490E-06
+658.900E+03,+716.386E-06
+659.000E+03,+714.282E-06
+659.100E+03,+712.178E-06
+659.200E+03,+710.074E-06
+659.300E+03,+707.970E-06
+659.400E+03,+705.866E-06
+659.500E+03,+703.762E-06
+659.600E+03,+701.658E-06
+659.700E+03,+699.554E-06
+659.800E+03,+697.450E-06
+659.900E+03,+695.346E-06
+660.000E+03,+693.242E-06
+660.100E+03,+691.138E-06
+660.200E+03,+689.034E-06
+660.300E+03,+686.930E-06
+660.400E+03,+684.826E-06
+660.500E+03,+682.722E-06
+660.600E+03,+680.618E-06
+660.700E+03,+678.514E-06
+660.800E+03,+676.410E-06
+660.900E+03,+674.306E-06
+661.000E+03,+672.202E-06
+661.100E+03,+670.098E-06
+661.200E+03,+667.994E-06
+661.300E+03,+665.890E-06
+661.400E+03,+663.786E-06
+661.500E+03,+661.682E-06
+661.600E+03,+659.578E-06
+661.700E+03,+657.474E-06
+661.800E+03,+655.370E-06
+661.900E+03,+653.266E-06
+662.000E+03,+651.162E-06
+662.100E+03,+649.058E-06
+662.200E+03,+646.954E-06
+662.300E+03,+644.850E-06
+662.400E+03,+642.746E-06
+662.500E+03,+640.642E-06
+662.600E+03,+638.538E-06
+662.700E+03,+636.434E-06
+662.800E+03,+634.330E-06
+662.900E+03,+632.226E-06
+663.000E+03,+630.122E-06
+663.100E+03,+628.018E-06
+663.200E+03,+625.914E-06
+663.300E+03,+623.810E-06
+663.400E+03,+621.706E-06
+663.500E+03,+619.602E-06
+663.600E+03,+617.498E-06
+663.700E+03,+615.394E-06
+663.800E+03,+613.290E-06
+663.900E+03,+611.186E-06
+664.000E+03,+609.082E-06
+664.100E+03,+606.978E-06
+664.200E+03,+604.874E-06
+664.300E+03,+602.770E-06
+664.400E+03,+600.666E-06
+664.500E+03,+598.562E-06
+664.600E+03,+596.458E-06
+664.700E+03,+594.354E-06
+664.800E+03,+592.250E-06
+664.900E+03,+590.146E-06
+665.000E+03,+588.042E-06
+665.100E+03,+585.938E-06
+665.200E+03,+583.834E-06
+665.300E+03,+581.730E-06
+665.400E+03,+579.626E-06
+665.500E+03,+577.522E-06
+665.600E+03,+575.418E-06
+665.700E+03,+573.314E-06
+665.800E+03,+571.210E-06
+665.900E+03,+569.106E-06
+666.000E+03,+567.002E-06
+666.100E+03,+564.898E-06
+666.200E+03,+562.794E-06
+666.300E+03,+560.690E-06
+666.400E+03,+558.586E-06
+666.500E+03,+556.482E-06
+666.600E+03,+554.378E-06
+666.700E+03,+552.274E-06
+666.800E+03,+550.170E-06
+666.900E+03,+548.066E-06
+667.000E+03,+545.962E-06
+667.100E+03,+543.858E-06
+667.200E+03,+541.754E-06
+667.300E+03,+539.650E-06
+667.400E+03,+537.546E-06
+667.500E+03,+535.442E-06
+667.600E+03,+533.338E-06
+667.700E+03,+531.234E-06
+667.800E+03,+529.130E-06
+667.900E+03,+527.026E-06
+668.000E+03,+524.922E-06
+668.100E+03,+522.818E-06
+668.200E+03,+520.714E-06
+668.300E+03,+518.610E-06
+668.400E+03,+516.506E-06
+668.500E+03,+514.402E-06
+668.600E+03,+512.298E-06
+668.700E+03,+510.194E-06
+668.800E+03,+508.090E-06
+668.900E+03,+505.986E-06
+669.000E+03,+503.882E-06
+669.100E+03,+501.778E-06
+669.200E+03,+499.674E-06
+669.300E+03,+497.570E-06
+669.400E+03,+495.466E-06
+669.500E+03,+493.362E-06
+669.600E+03,+491.258E-06
+669.700E+03,+489.154E-06
+669.800E+03,+487.050E-06
+669.900E+03,+484.946E-06
+670.000E+03,+482.842E-06
+670.100E+03,+480.738E-06
+670.200E+03,+478.634E-06
+670.300E+03,+476.530E-06
+670.400E+03,+474.426E-06
+670.500E+03,+472.322E-06
+670.600E+03,+470.218E-06
+670.700E+03,+468.114E-06
+670.800E+03,+466.010E-06
+670.900E+03,+463.906E-06
+671.000E+03,+461.802E-06
+671.100E+03,+459.698E-06
+671.200E+03,+457.594E-06
+671.300E+03,+455.490E-06
+671.400E+03,+454.165E-06
+671.500E+03,+457.929E-06
+671.600E+03,+461.693E-06
+671.700E+03,+465.457E-06
+671.800E+03,+469.221E-06
+671.900E+03,+472.985E-06
+672.000E+03,+476.749E-06
+672.100E+03,+480.513E-06
+672.200E+03,+484.277E-06
+672.300E+03,+488.041E-06
+672.400E+03,+491.805E-06
+672.500E+03,+495.569E-06
+672.600E+03,+499.333E-06
+672.700E+03,+503.097E-06
+672.800E+03,+506.861E-06
+672.900E+03,+510.625E-06
+673.000E+03,+514.389E-06
+673.100E+03,+518.153E-06
+673.200E+03,+521.917E-06
+673.300E+03,+525.681E-06
+673.400E+03,+529.445E-06
+673.500E+03,+533.209E-06
+673.600E+03,+536.973E-06
+673.700E+03,+540.737E-06
+673.800E+03,+544.501E-06
+673.900E+03,+548.265E-06
+674.000E+03,+552.029E-06
+674.100E+03,+555.793E-06
+674.200E+03,+559.557E-06
+674.300E+03,+563.321E-06
+674.400E+03,+567.085E-06
+674.500E+03,+570.849E-06
+674.600E+03,+574.613E-06
+674.700E+03,+578.377E-06
+674.800E+03,+582.141E-06
+674.900E+03,+585.905E-06
+675.000E+03,+589.669E-06
+675.100E+03,+593.433E-06
+675.200E+03,+597.197E-06
+675.300E+03,+600.961E-06
+675.400E+03,+604.725E-06
+675.500E+03,+608.489E-06
+675.600E+03,+612.253E-06
+675.700E+03,+616.017E-06
+675.800E+03,+619.781E-06
+675.900E+03,+623.545E-06
+676.000E+03,+627.309E-06
+676.100E+03,+631.073E-06
+676.200E+03,+634.837E-06
+676.300E+03,+638.601E-06
+676.400E+03,+642.365E-06
+676.500E+03,+646.129E-06
+676.600E+03,+649.893E-06
+676.700E+03,+653.657E-06
+676.800E+03,+657.421E-06
+676.900E+03,+661.185E-06
+677.000E+03,+664.949E-06
+677.100E+03,+668.713E-06
+677.200E+03,+672.477E-06
+677.300E+03,+676.241E-06
+677.400E+03,+680.005E-06
+677.500E+03,+683.769E-06
+677.600E+03,+687.533E-06
+677.700E+03,+691.297E-06
+677.800E+03,+695.061E-06
+677.900E+03,+698.825E-06
+678.000E+03,+702.589E-06
+678.100E+03,+706.353E-06
+678.200E+03,+710.117E-06
+678.300E+03,+713.881E-06
+678.400E+03,+717.645E-06
+678.500E+03,+721.409E-06
+678.600E+03,+725.173E-06
+678.700E+03,+728.937E-06
+678.800E+03,+732.701E-06
+678.900E+03,+736.465E-06
+679.000E+03,+740.229E-06
+679.100E+03,+743.993E-06
+679.200E+03,+747.757E-06
+679.300E+03,+751.521E-06
+679.400E+03,+755.285E-06
+679.500E+03,+759.049E-06
+679.600E+03,+762.813E-06
+679.700E+03,+766.577E-06
+679.800E+03,+770.341E-06
+679.900E+03,+774.105E-06
+680.000E+03,+777.869E-06
+680.100E+03,+781.633E-06
+680.200E+03,+785.397E-06
+680.300E+03,+789.161E-06
+680.400E+03,+792.925E-06
+680.500E+03,+796.689E-06
+680.600E+03,+800.453E-06
+680.700E+03,+804.217E-06
+680.800E+03,+807.981E-06
+680.900E+03,+811.745E-06
+681.000E+03,+815.509E-06
+681.100E+03,+819.273E-06
+681.200E+03,+823.037E-06
+681.300E+03,+826.801E-06
+681.400E+03,+830.565E-06
+681.500E+03,+834.329E-06
+681.600E+03,+838.093E-06
+681.700E+03,+841.857E-06
+681.800E+03,+845.621E-06
+681.900E+03,+849.385E-06
+682.000E+03,+853.149E-06
+682.100E+03,+856.913E-06
+682.200E+03,+860.677E-06
+682.300E+03,+864.441E-06
+682.400E+03,+868.205E-06
+682.500E+03,+871.969E-06
+682.600E+03,+875.733E-06
+682.700E+03,+879.497E-06
+682.800E+03,+883.261E-06
+682.900E+03,+887.025E-06
+683.000E+03,+890.789E-06
+683.100E+03,+894.553E-06
+683.200E+03,+898.317E-06
+683.300E+03,+902.081E-06
+683.400E+03,+905.845E-06
+683.500E+03,+909.609E-06
+683.600E+03,+913.373E-06
+683.700E+03,+917.137E-06
+683.800E+03,+920.901E-06
+683.900E+03,+924.665E-06
+684.000E+03,+928.429E-06
+684.100E+03,+932.193E-06
+684.200E+03,+935.957E-06
+684.300E+03,+939.721E-06
+684.400E+03,+943.485E-06
+684.500E+03,+947.249E-06
+684.600E+03,+951.013E-06
+684.700E+03,+954.777E-06
+684.800E+03,+958.541E-06
+684.900E+03,+962.305E-06
+685.000E+03,+966.069E-06
+685.100E+03,+969.833E-06
+685.200E+03,+973.597E-06
+685.300E+03,+977.361E-06
+685.400E+03,+981.125E-06
+685.500E+03,+984.889E-06
+685.600E+03,+988.653E-06
+685.700E+03,+992.417E-06
+685.800E+03,+996.181E-06
+685.900E+03,+999.945E-06
+686.000E+03,+1.003709E-03
+686.100E+03,+1.007473E-03
+686.200E+03,+1.011237E-03
+686.300E+03,+1.015001E-03
+686.400E+03,+1.018765E-03
+686.500E+03,+1.022529E-03
+686.600E+03,+1.026293E-03
+686.700E+03,+1.027354E-03
+686.800E+03,+1.026158E-03
+686.900E+03,+1.024962E-03
+687.000E+03,+1.023766E-03
+687.100E+03,+1.022570E-03
+687.200E+03,+1.021374E-03
+687.300E+03,+1.020178E-03
+687.400E+03,+1.018982E-03
+687.500E+03,+1.017786E-03
+687.600E+03,+1.016590E-03
+687.700E+03,+1.015394E-03
+687.800E+03,+1.014198E-03
+687.900E+03,+1.013002E-03
+688.000E+03,+1.011806E-03
+688.100E+03,+1.010610E-03
+688.200E+03,+1.009414E-03
+688.300E+03,+1.008218E-03
+688.400E+03,+1.007022E-03
+688.500E+03,+1.005826E-03
+688.600E+03,+1.004630E-03
+688.700E+03,+1.003434E-03
+688.800E+03,+1.002238E-03
+688.900E+03,+1.001042E-03
+689.000E+03,+999.846E-06
+689.100E+03,+998.650E-06
+689.200E+03,+997.454E-06
+689.300E+03,+996.258E-06
+689.400E+03,+995.062E-06
+689.500E+03,+993.866E-06
+689.600E+03,+992.670E-06
+689.700E+03,+991.474E-06
+689.800E+03,+990.278E-06
+689.900E+03,+989.082E-06
+690.000E+03,+987.886E-06
+690.100E+03,+986.690E-06
+690.200E+03,+985.494E-06
+690.300E+03,+984.298E-06
+690.400E+03,+983.102E-06
+690.500E+03,+981.906E-06
+690.600E+03,+980.710E-06
+690.700E+03,+979.514E-06
+690.800E+03,+978.318E-06
+690.900E+03,+977.122E-06
+691.000E+03,+975.926E-06
+691.100E+03,+974.730E-06
+691.200E+03,+973.534E-06
+691.300E+03,+972.338E-06
+691.400E+03,+971.142E-06
+691.500E+03,+969.946E-06
+691.600E+03,+968.750E-06
+691.700E+03,+967.554E-06
+691.800E+03,+966.358E-06
+691.900E+03,+965.162E-06
+692.000E+03,+963.966E-06
+692.100E+03,+962.770E-06
+692.200E+03,+961.574E-06
+692.300E+03,+960.378E-06
+692.400E+03,+959.182E-06
+692.500E+03,+957.986E-06
+692.600E+03,+956.790E-06
+692.700E+03,+955.594E-06
+692.800E+03,+954.398E-06
+692.900E+03,+953.202E-06
+693.000E+03,+952.006E-06
+693.100E+03,+950.810E-06
+693.200E+03,+949.614E-06
+693.300E+03,+948.418E-06
+693.400E+03,+947.222E-06
+693.500E+03,+946.026E-06
+693.600E+03,+944.830E-06
+693.700E+03,+943.634E-06
+693.800E+03,+942.438E-06
+693.900E+03,+941.242E-06
+694.000E+03,+940.046E-06
+694.100E+03,+938.850E-06
+694.200E+03,+937.654E-06
+694.300E+03,+936.458E-06
+694.400E+03,+935.262E-06
+694.500E+03,+934.066E-06
+694.600E+03,+932.870E-06
+694.700E+03,+931.674E-06
+694.800E+03,+930.478E-06
+694.900E+03,+929.282E-06
+695.000E+03,+928.086E-06
+695.100E+03,+926.890E-06
+695.200E+03,+925.694E-06
+695.300E+03,+924.498E-06
+695.400E+03,+923.302E-06
+695.500E+03,+922.106E-06
+695.600E+03,+920.910E-06
+695.700E+03,+919.714E-06
+695.800E+03,+918.518E-06
+695.900E+03,+917.322E-06
+696.000E+03,+916.126E-06
+696.100E+03,+914.930E-06
+696.200E+03,+913.734E-06
+696.300E+03,+912.538E-06
+696.400E+03,+911.342E-06
+696.500E+03,+910.146E-06
+696.600E+03,+908.950E-06
+696.700E+03,+907.754E-06
+696.800E+03,+906.558E-06
+696.900E+03,+905.362E-06
+697.000E+03,+904.166E-06
+697.100E+03,+902.970E-06
+697.200E+03,+901.774E-06
+697.300E+03,+900.578E-06
+697.400E+03,+899.382E-06
+697.500E+03,+898.186E-06
+697.600E+03,+896.990E-06
+697.700E+03,+895.794E-06
+697.800E+03,+894.598E-06
+697.900E+03,+893.402E-06
+698.000E+03,+892.206E-06
+698.100E+03,+891.010E-06
+698.200E+03,+889.814E-06
+698.300E+03,+888.618E-06
+698.400E+03,+887.422E-06
+698.500E+03,+886.226E-06
+698.600E+03,+885.030E-06
+698.700E+03,+883.834E-06
+698.800E+03,+882.638E-06
+698.900E+03,+881.442E-06
+699.000E+03,+880.246E-06
+699.100E+03,+879.050E-06
+699.200E+03,+877.854E-06
+699.300E+03,+876.658E-06
+699.400E+03,+875.462E-06
+699.500E+03,+874.266E-06
+699.600E+03,+873.070E-06
+699.700E+03,+871.874E-06
+699.800E+03,+870.678E-06
+699.900E+03,+869.482E-06
+700.000E+03,+868.286E-06
+700.100E+03,+867.090E-06
+700.200E+03,+865.894E-06
+700.300E+03,+864.698E-06
+700.400E+03,+863.502E-06
+700.500E+03,+862.306E-06
+700.600E+03,+861.110E-06
+700.700E+03,+859.914E-06
+700.800E+03,+858.718E-06
+700.900E+03,+857.522E-06
+701.000E+03,+856.326E-06
+701.100E+03,+855.130E-06
+701.200E+03,+853.934E-06
+701.300E+03,+852.738E-06
+701.400E+03,+851.542E-06
+701.500E+03,+850.346E-06
+701.600E+03,+849.150E-06
+701.700E+03,+847.954E-06
+701.800E+03,+846.758E-06
+701.900E+03,+845.562E-06
+702.000E+03,+842.265E-06
+702.100E+03,+838.873E-06
+702.200E+03,+835.481E-06
+702.300E+03,+832.089E-06
+702.400E+03,+828.697E-06
+702.500E+03,+825.305E-06
+702.600E+03,+821.913E-06
+702.700E+03,+818.521E-06
+702.800E+03,+815.129E-06
+702.900E+03,+811.737E-06
+703.000E+03,+808.345E-06
+703.100E+03,+804.953E-06
+703.200E+03,+801.561E-06
+703.300E+03,+798.169E-06
+703.400E+03,+794.777E-06
+703.500E+03,+791.385E-06
+703.600E+03,+787.993E-06
+703.700E+03,+784.601E-06
+703.800E+03,+781.209E-06
+703.900E+03,+777.817E-06
+704.000E+03,+774.425E-06
+704.100E+03,+771.033E-06
+704.200E+03,+767.641E-06
+704.300E+03,+764.249E-06
+704.400E+03,+760.857E-06
+704.500E+03,+757.465E-06
+704.600E+03,+754.073E-06
+704.700E+03,+750.681E-06
+704.800E+03,+747.289E-06
+704.900E+03,+743.897E-06
+705.000E+03,+740.505E-06
+705.100E+03,+737.113E-06
+705.200E+03,+733.721E-06
+705.300E+03,+730.329E-06
+705.400E+03,+726.937E-06
+705.500E+03,+723.545E-06
+705.600E+03,+720.153E-06
+705.700E+03,+716.761E-06
+705.800E+03,+713.369E-06
+705.900E+03,+709.977E-06
+706.000E+03,+706.585E-06
+706.100E+03,+703.193E-06
+706.200E+03,+699.801E-06
+706.300E+03,+696.409E-06
+706.400E+03,+693.017E-06
+706.500E+03,+689.625E-06
+706.600E+03,+686.233E-06
+706.700E+03,+682.841E-06
+706.800E+03,+679.449E-06
+706.900E+03,+676.057E-06
+707.000E+03,+672.665E-06
+707.100E+03,+669.273E-06
+707.200E+03,+665.881E-06
+707.300E+03,+662.489E-06
+707.400E+03,+659.097E-06
+707.500E+03,+655.705E-06
+707.600E+03,+652.313E-06
+707.700E+03,+648.921E-06
+707.800E+03,+645.529E-06
+707.900E+03,+642.137E-06
+708.000E+03,+638.745E-06
+708.100E+03,+635.353E-06
+708.200E+03,+631.961E-06
+708.300E+03,+628.569E-06
+708.400E+03,+625.177E-06
+708.500E+03,+621.785E-06
+708.600E+03,+618.393E-06
+708.700E+03,+615.001E-06
+708.800E+03,+611.609E-06
+708.900E+03,+608.217E-06
+709.000E+03,+604.825E-06
+709.100E+03,+601.433E-06
+709.200E+03,+598.041E-06
+709.300E+03,+594.649E-06
+709.400E+03,+591.257E-06
+709.500E+03,+587.865E-06
+709.600E+03,+584.473E-06
+709.700E+03,+581.081E-06
+709.800E+03,+577.689E-06
+709.900E+03,+574.297E-06
+710.000E+03,+570.905E-06
+710.100E+03,+567.513E-06
+710.200E+03,+564.121E-06
+710.300E+03,+560.729E-06
+710.400E+03,+557.337E-06
+710.500E+03,+553.945E-06
+710.600E+03,+550.553E-06
+710.700E+03,+547.161E-06
+710.800E+03,+543.769E-06
+710.900E+03,+540.377E-06
+711.000E+03,+536.985E-06
+711.100E+03,+533.593E-06
+711.200E+03,+530.201E-06
+711.300E+03,+526.809E-06
+711.400E+03,+523.417E-06
+711.500E+03,+520.025E-06
+711.600E+03,+516.633E-06
+711.700E+03,+513.241E-06
+711.800E+03,+509.849E-06
+711.900E+03,+506.457E-06
+712.000E+03,+503.065E-06
+712.100E+03,+499.673E-06
+712.200E+03,+496.281E-06
+712.300E+03,+492.889E-06
+712.400E+03,+489.497E-06
+712.500E+03,+486.105E-06
+712.600E+03,+482.713E-06
+712.700E+03,+479.321E-06
+712.800E+03,+475.929E-06
+712.900E+03,+472.537E-06
+713.000E+03,+469.145E-06
+713.100E+03,+465.753E-06
+713.200E+03,+462.361E-06
+713.300E+03,+458.969E-06
+713.400E+03,+455.577E-06
+713.500E+03,+452.185E-06
+713.600E+03,+448.793E-06
+713.700E+03,+445.401E-06
+713.800E+03,+442.009E-06
+713.900E+03,+438.617E-06
+714.000E+03,+435.225E-06
+714.100E+03,+431.833E-06
+714.200E+03,+428.441E-06
+714.300E+03,+425.049E-06
+714.400E+03,+421.657E-06
+714.500E+03,+418.265E-06
+714.600E+03,+414.873E-06
+714.700E+03,+411.481E-06
+714.800E+03,+408.089E-06
+714.900E+03,+404.697E-06
+715.000E+03,+401.305E-06
+715.100E+03,+397.913E-06
+715.200E+03,+394.521E-06
+715.300E+03,+391.129E-06
+715.400E+03,+387.737E-06
+715.500E+03,+384.345E-06
+715.600E+03,+380.953E-06
+715.700E+03,+377.561E-06
+715.800E+03,+374.169E-06
+715.900E+03,+370.777E-06
+716.000E+03,+367.385E-06
+716.100E+03,+363.993E-06
+716.200E+03,+360.601E-06
+716.300E+03,+357.209E-06
+716.400E+03,+353.817E-06
+716.500E+03,+350.425E-06
+716.600E+03,+347.033E-06
+716.700E+03,+343.641E-06
+716.800E+03,+340.249E-06
+716.900E+03,+336.857E-06
+717.000E+03,+333.465E-06
+717.100E+03,+330.073E-06
+717.200E+03,+328.950E-06
+717.300E+03,+331.706E-06
+717.400E+03,+334.462E-06
+717.500E+03,+337.218E-06
+717.600E+03,+339.974E-06
+717.700E+03,+342.730E-06
+717.800E+03,+345.486E-06
+717.900E+03,+348.242E-06
+718.000E+03,+350.998E-06
+718.100E+03,+353.754E-06
+718.200E+03,+356.510E-06
+718.300E+03,+359.266E-06
+718.400E+03,+362.022E-06
+718.500E+03,+364.778E-06
+718.600E+03,+367.534E-06
+718.700E+03,+370.290E-06
+718.800E+03,+373.046E-06
+718.900E+03,+375.802E-06
+719.000E+03,+378.558E-06
+719.100E+03,+381.314E-06
+719.200E+03,+384.070E-06
+719.300E+03,+386.826E-06
+719.400E+03,+389.582E-06
+719.500E+03,+392.338E-06
+719.600E+03,+395.094E-06
+719.700E+03,+397.850E-06
+719.800E+03,+400.606E-06
+719.900E+03,+403.362E-06
+720.000E+03,+406.118E-06
+720.100E+03,+408.874E-06
+720.200E+03,+411.630E-06
+720.300E+03,+414.386E-06
+720.400E+03,+417.142E-06
+720.500E+03,+419.898E-06
+720.600E+03,+422.654E-06
+720.700E+03,+425.410E-06
+720.800E+03,+428.166E-06
+720.900E+03,+430.922E-06
+721.000E+03,+433.678E-06
+721.100E+03,+436.434E-06
+721.200E+03,+439.190E-06
+721.300E+03,+441.946E-06
+721.400E+03,+444.702E-06
+721.500E+03,+447.458E-06
+721.600E+03,+450.214E-06
+721.700E+03,+452.970E-06
+721.800E+03,+455.726E-06
+721.900E+03,+458.482E-06
+722.000E+03,+461.238E-06
+722.100E+03,+463.994E-06
+722.200E+03,+466.750E-06
+722.300E+03,+469.506E-06
+722.400E+03,+472.262E-06
+722.500E+03,+475.018E-06
+722.600E+03,+477.774E-06
+722.700E+03,+480.530E-06
+722.800E+03,+483.286E-06
+722.900E+03,+486.042E-06
+723.000E+03,+488.798E-06
+723.100E+03,+491.554E-06
+723.200E+03,+494.310E-06
+723.300E+03,+497.066E-06
+723.400E+03,+499.822E-06
+723.500E+03,+502.578E-06
+723.600E+03,+505.334E-06
+723.700E+03,+508.090E-06
+723.800E+03,+510.846E-06
+723.900E+03,+513.602E-06
+724.000E+03,+516.358E-06
+724.100E+03,+519.114E-06
+724.200E+03,+521.870E-06
+724.300E+03,+524.626E-06
+724.400E+03,+527.382E-06
+724.500E+03,+530.138E-06
+724.600E+03,+532.894E-06
+724.700E+03,+535.650E-06
+724.800E+03,+538.406E-06
+724.900E+03,+541.162E-06
+725.000E+03,+543.918E-06
+725.100E+03,+546.674E-06
+725.200E+03,+549.430E-06
+725.300E+03,+552.186E-06
+725.400E+03,+554.942E-06
+725.500E+03,+557.698E-06
+725.600E+03,+560.454E-06
+725.700E+03,+563.210E-06
+725.800E+03,+565.966E-06
+725.900E+03,+568.722E-06
+726.000E+03,+571.478E-06
+726.100E+03,+574.234E-06
+726.200E+03,+576.990E-06
+726.300E+03,+579.746E-06
+726.400E+03,+582.502E-06
+726.500E+03,+585.258E-06
+726.600E+03,+588.014E-06
+726.700E+03,+590.770E-06
+726.800E+03,+593.526E-06
+726.900E+03,+596.282E-06
+727.000E+03,+599.038E-06
+727.100E+03,+601.794E-06
+727.200E+03,+604.550E-06
+727.300E+03,+607.306E-06
+727.400E+03,+610.062E-06
+727.500E+03,+612.818E-06
+727.600E+03,+615.574E-06
+727.700E+03,+618.330E-06
+727.800E+03,+621.086E-06
+727.900E+03,+623.842E-06
+728.000E+03,+626.598E-06
+728.100E+03,+629.354E-06
+728.200E+03,+632.110E-06
+728.300E+03,+634.866E-06
+728.400E+03,+637.622E-06
+728.500E+03,+640.378E-06
+728.600E+03,+643.134E-06
+728.700E+03,+645.890E-06
+728.800E+03,+648.646E-06
+728.900E+03,+651.402E-06
+729.000E+03,+654.158E-06
+729.100E+03,+656.914E-06
+729.200E+03,+659.670E-06
+729.300E+03,+662.426E-06
+729.400E+03,+665.182E-06
+729.500E+03,+667.938E-06
+729.600E+03,+670.694E-06
+729.700E+03,+673.450E-06
+729.800E+03,+676.206E-06
+729.900E+03,+678.962E-06
+730.000E+03,+681.718E-06
+730.100E+03,+684.474E-06
+730.200E+03,+687.230E-06
+730.300E+03,+689.986E-06
+730.400E+03,+692.742E-06
+730.500E+03,+695.498E-06
+730.600E+03,+698.254E-06
+730.700E+03,+701.010E-06
+730.800E+03,+703.766E-06
+730.900E+03,+706.522E-06
+731.000E+03,+709.278E-06
+731.100E+03,+712.034E-06
+731.200E+03,+714.790E-06
+731.300E+03,+717.546E-06
+731.400E+03,+720.302E-06
+731.500E+03,+723.058E-06
+731.600E+03,+725.814E-06
+731.700E+03,+728.570E-06
+731.800E+03,+731.326E-06
+731.900E+03,+734.082E-06
+732.000E+03,+736.838E-06
+732.100E+03,+739.594E-06
+732.200E+03,+742.350E-06
+732.300E+03,+745.106E-06
+732.400E+03,+747.862E-06
+732.500E+03,+748.612E-06
+732.600E+03,+748.800E-06
+732.700E+03,+748.988E-06
+732.800E+03,+749.176E-06
+732.900E+03,+749.364E-06
+733.000E+03,+749.552E-06
+733.100E+03,+749.740E-06
+733.200E+03,+749.928E-06
+733.300E+03,+750.116E-06
+733.400E+03,+750.304E-06
+733.500E+03,+750.492E-06
+733.600E+03,+750.680E-06
+733.700E+03,+750.868E-06
+733.800E+03,+751.056E-06
+733.900E+03,+751.244E-06
+734.000E+03,+751.432E-06
+734.100E+03,+751.620E-06
+734.200E+03,+751.808E-06
+734.300E+03,+751.996E-06
+734.400E+03,+752.184E-06
+734.500E+03,+752.372E-06
+734.600E+03,+752.560E-06
+734.700E+03,+752.748E-06
+734.800E+03,+752.936E-06
+734.900E+03,+753.124E-06
+735.000E+03,+753.312E-06
+735.100E+03,+753.500E-06
+735.200E+03,+753.688E-06
+735.300E+03,+753.876E-06
+735.400E+03,+754.064E-06
+735.500E+03,+754.252E-06
+735.600E+03,+754.440E-06
+735.700E+03,+754.628E-06
+735.800E+03,+754.816E-06
+735.900E+03,+755.004E-06
+736.000E+03,+755.192E-06
+736.100E+03,+755.380E-06
+736.200E+03,+755.568E-06
+736.300E+03,+755.756E-06
+736.400E+03,+755.944E-06
+736.500E+03,+756.132E-06
+736.600E+03,+756.320E-06
+736.700E+03,+756.508E-06
+736.800E+03,+756.696E-06
+736.900E+03,+756.884E-06
+737.000E+03,+757.072E-06
+737.100E+03,+757.260E-06
+737.200E+03,+757.448E-06
+737.300E+03,+757.636E-06
+737.400E+03,+757.824E-06
+737.500E+03,+758.012E-06
+737.600E+03,+758.200E-06
+737.700E+03,+758.388E-06
+737.800E+03,+758.576E-06
+737.900E+03,+758.764E-06
+738.000E+03,+758.952E-06
+738.100E+03,+759.140E-06
+738.200E+03,+759.328E-06
+738.300E+03,+759.516E-06
+738.400E+03,+759.704E-06
+738.500E+03,+759.892E-06
+738.600E+03,+760.080E-06
+738.700E+03,+760.268E-06
+738.800E+03,+760.456E-06
+738.900E+03,+760.644E-06
+739.000E+03,+760.832E-06
+739.100E+03,+761.020E-06
+739.200E+03,+761.208E-06
+739.300E+03,+761.396E-06
+739.400E+03,+761.584E-06
+739.500E+03,+761.772E-06
+739.600E+03,+761.960E-06
+739.700E+03,+762.148E-06
+739.800E+03,+762.336E-06
+739.900E+03,+762.524E-06
+740.000E+03,+762.712E-06
+740.100E+03,+762.900E-06
+740.200E+03,+763.088E-06
+740.300E+03,+763.276E-06
+740.400E+03,+763.464E-06
+740.500E+03,+763.652E-06
+740.600E+03,+763.840E-06
+740.700E+03,+764.028E-06
+740.800E+03,+764.216E-06
+740.900E+03,+764.404E-06
+741.000E+03,+764.592E-06
+741.100E+03,+764.780E-06
+741.200E+03,+764.968E-06
+741.300E+03,+765.156E-06
+741.400E+03,+765.344E-06
+741.500E+03,+765.532E-06
+741.600E+03,+765.720E-06
+741.700E+03,+765.908E-06
+741.800E+03,+766.096E-06
+741.900E+03,+766.284E-06
+742.000E+03,+766.472E-06
+742.100E+03,+766.660E-06
+742.200E+03,+766.848E-06
+742.300E+03,+767.036E-06
+742.400E+03,+767.224E-06
+742.500E+03,+767.412E-06
+742.600E+03,+767.600E-06
+742.700E+03,+767.788E-06
+742.800E+03,+767.976E-06
+742.900E+03,+768.164E-06
+743.000E+03,+768.352E-06
+743.100E+03,+768.540E-06
+743.200E+03,+768.728E-06
+743.300E+03,+768.916E-06
+743.400E+03,+769.104E-06
+743.500E+03,+769.292E-06
+743.600E+03,+769.480E-06
+743.700E+03,+769.668E-06
+743.800E+03,+769.856E-06
+743.900E+03,+770.044E-06
+744.000E+03,+770.232E-06
+744.100E+03,+770.420E-06
+744.200E+03,+770.608E-06
+744.300E+03,+770.796E-06
+744.400E+03,+770.984E-06
+744.500E+03,+771.172E-06
+744.600E+03,+771.360E-06
+744.700E+03,+771.548E-06
+744.800E+03,+771.736E-06
+744.900E+03,+771.924E-06
+745.000E+03,+772.112E-06
+745.100E+03,+772.300E-06
+745.200E+03,+772.488E-06
+745.300E+03,+772.676E-06
+745.400E+03,+772.864E-06
+745.500E+03,+773.052E-06
+745.600E+03,+773.240E-06
+745.700E+03,+773.428E-06
+745.800E+03,+773.616E-06
+745.900E+03,+773.804E-06
+746.000E+03,+773.992E-06
+746.100E+03,+774.180E-06
+746.200E+03,+774.368E-06
+746.300E+03,+774.556E-06
+746.400E+03,+774.744E-06
+746.500E+03,+774.932E-06
+746.600E+03,+775.120E-06
+746.700E+03,+775.308E-06
+746.800E+03,+775.496E-06
+746.900E+03,+775.684E-06
+747.000E+03,+775.872E-06
+747.100E+03,+776.060E-06
+747.200E+03,+776.248E-06
+747.300E+03,+776.436E-06
+747.400E+03,+776.624E-06
+747.500E+03,+776.812E-06
+747.600E+03,+777.000E-06
+747.700E+03,+776.709E-06
+747.800E+03,+774.417E-06
+747.900E+03,+772.125E-06
+748.000E+03,+769.833E-06
+748.100E+03,+767.541E-06
+748.200E+03,+765.249E-06
+748.300E+03,+762.957E-06
+748.400E+03,+760.665E-06
+748.500E+03,+758.373E-06
+748.600E+03,+756.081E-06
+748.700E+03,+753.789E-06
+748.800E+03,+751.497E-06
+748.900E+03,+749.205E-06
+749.000E+03,+746.913E-06
+749.100E+03,+744.621E-06
+749.200E+03,+742.329E-06
+749.300E+03,+740.037E-06
+749.400E+03,+737.745E-06
+749.500E+03,+735.453E-06
+749.600E+03,+733.161E-06
+749.700E+03,+730.869E-06
+749.800E+03,+728.577E-06
+749.900E+03,+726.285E-06
+750.000E+03,+723.993E-06
+750.100E+03,+721.701E-06
+750.200E+03,+719.409E-06
+750.300E+03,+717.117E-06
+750.400E+03,+714.825E-06
+750.500E+03,+712.533E-06
+750.600E+03,+710.241E-06
+750.700E+03,+707.949E-06
+750.800E+03,+705.657E-06
+750.900E+03,+703.365E-06
+751.000E+03,+701.073E-06
+751.100E+03,+698.781E-06
+751.200E+03,+696.489E-06
+751.300E+03,+694.197E-06
+751.400E+03,+691.905E-06
+751.500E+03,+689.613E-06
+751.600E+03,+687.321E-06
+751.700E+03,+685.029E-06
+751.800E+03,+682.737E-06
+751.900E+03,+680.445E-06
+752.000E+03,+678.153E-06
+752.100E+03,+675.861E-06
+752.200E+03,+673.569E-06
+752.300E+03,+671.277E-06
+752.400E+03,+668.985E-06
+752.500E+03,+666.693E-06
+752.600E+03,+664.401E-06
+752.700E+03,+662.109E-06
+752.800E+03,+659.817E-06
+752.900E+03,+657.525E-06
+753.000E+03,+655.233E-06
+753.100E+03,+652.941E-06
+753.200E+03,+650.649E-06
+753.300E+03,+648.357E-06
+753.400E+03,+646.065E-06
+753.500E+03,+643.773E-06
+753.600E+03,+641.481E-06
+753.700E+03,+639.189E-06
+753.800E+03,+636.897E-06
+753.900E+03,+634.605E-06
+754.000E+03,+632.313E-06
+754.100E+03,+630.021E-06
+754.200E+03,+627.729E-06
+754.300E+03,+625.437E-06
+754.400E+03,+623.145E-06
+754.500E+03,+620.853E-06
+754.600E+03,+618.561E-06
+754.700E+03,+616.269E-06
+754.800E+03,+613.977E-06
+754.900E+03,+611.685E-06
+755.000E+03,+609.393E-06
+755.100E+03,+607.101E-06
+755.200E+03,+604.809E-06
+755.300E+03,+602.517E-06
+755.400E+03,+600.225E-06
+755.500E+03,+597.933E-06
+755.600E+03,+595.641E-06
+755.700E+03,+593.349E-06
+755.800E+03,+591.057E-06
+755.900E+03,+588.765E-06
+756.000E+03,+586.473E-06
+756.100E+03,+584.181E-06
+756.200E+03,+581.889E-06
+756.300E+03,+579.597E-06
+756.400E+03,+577.305E-06
+756.500E+03,+575.013E-06
+756.600E+03,+572.721E-06
+756.700E+03,+570.429E-06
+756.800E+03,+568.137E-06
+756.900E+03,+565.845E-06
+757.000E+03,+563.553E-06
+757.100E+03,+561.261E-06
+757.200E+03,+558.969E-06
+757.300E+03,+556.677E-06
+757.400E+03,+554.385E-06
+757.500E+03,+552.093E-06
+757.600E+03,+549.801E-06
+757.700E+03,+547.509E-06
+757.800E+03,+545.217E-06
+757.900E+03,+542.925E-06
+758.000E+03,+540.633E-06
+758.100E+03,+538.341E-06
+758.200E+03,+536.049E-06
+758.300E+03,+533.757E-06
+758.400E+03,+531.465E-06
+758.500E+03,+529.173E-06
+758.600E+03,+526.881E-06
+758.700E+03,+524.589E-06
+758.800E+03,+522.297E-06
+758.900E+03,+520.005E-06
+759.000E+03,+517.713E-06
+759.100E+03,+515.421E-06
+759.200E+03,+513.129E-06
+759.300E+03,+510.837E-06
+759.400E+03,+508.545E-06
+759.500E+03,+506.253E-06
+759.600E+03,+503.961E-06
+759.700E+03,+501.669E-06
+759.800E+03,+499.377E-06
+759.900E+03,+497.085E-06
+760.000E+03,+494.793E-06
+760.100E+03,+492.501E-06
+760.200E+03,+490.209E-06
+760.300E+03,+487.917E-06
+760.400E+03,+485.625E-06
+760.500E+03,+483.333E-06
+760.600E+03,+481.041E-06
+760.700E+03,+478.749E-06
+760.800E+03,+476.457E-06
+760.900E+03,+474.165E-06
+761.000E+03,+471.873E-06
+761.100E+03,+469.581E-06
+761.200E+03,+467.289E-06
+761.300E+03,+464.997E-06
+761.400E+03,+462.705E-06
+761.500E+03,+460.413E-06
+761.600E+03,+458.121E-06
+761.700E+03,+455.829E-06
+761.800E+03,+453.537E-06
+761.900E+03,+451.245E-06
+762.000E+03,+448.953E-06
+762.100E+03,+446.661E-06
+762.200E+03,+444.369E-06
+762.300E+03,+442.077E-06
+762.400E+03,+439.785E-06
+762.500E+03,+437.493E-06
+762.600E+03,+435.201E-06
+762.700E+03,+432.909E-06
+762.800E+03,+430.617E-06
+762.900E+03,+428.325E-06
+763.000E+03,+428.195E-06
+763.100E+03,+429.475E-06
+763.200E+03,+430.755E-06
+763.300E+03,+432.035E-06
+763.400E+03,+433.315E-06
+763.500E+03,+434.595E-06
+763.600E+03,+435.875E-06
+763.700E+03,+437.155E-06
+763.800E+03,+438.435E-06
+763.900E+03,+439.715E-06
+764.000E+03,+440.995E-06
+764.100E+03,+442.275E-06
+764.200E+03,+443.555E-06
+764.300E+03,+444.835E-06
+764.400E+03,+446.115E-06
+764.500E+03,+447.395E-06
+764.600E+03,+448.675E-06
+764.700E+03,+449.955E-06
+764.800E+03,+451.235E-06
+764.900E+03,+452.515E-06
+765.000E+03,+453.795E-06
+765.100E+03,+455.075E-06
+765.200E+03,+456.355E-06
+765.300E+03,+457.635E-06
+765.400E+03,+458.915E-06
+765.500E+03,+460.195E-06
+765.600E+03,+461.475E-06
+765.700E+03,+462.755E-06
+765.800E+03,+464.035E-06
+765.900E+03,+465.315E-06
+766.000E+03,+466.595E-06
+766.100E+03,+467.875E-06
+766.200E+03,+469.155E-06
+766.300E+03,+470.435E-06
+766.400E+03,+471.715E-06
+766.500E+03,+472.995E-06
+766.600E+03,+474.275E-06
+766.700E+03,+475.555E-06
+766.800E+03,+476.835E-06
+766.900E+03,+478.115E-06
+767.000E+03,+479.395E-06
+767.100E+03,+480.675E-06
+767.200E+03,+481.955E-06
+767.300E+03,+483.235E-06
+767.400E+03,+484.515E-06
+767.500E+03,+485.795E-06
+767.600E+03,+487.075E-06
+767.700E+03,+488.355E-06
+767.800E+03,+489.635E-06
+767.900E+03,+490.915E-06
+768.000E+03,+492.195E-06
+768.100E+03,+493.475E-06
+768.200E+03,+494.755E-06
+768.300E+03,+496.035E-06
+768.400E+03,+497.315E-06
+768.500E+03,+498.595E-06
+768.600E+03,+499.875E-06
+768.700E+03,+501.155E-06
+768.800E+03,+502.435E-06
+768.900E+03,+503.715E-06
+769.000E+03,+504.995E-06
+769.100E+03,+506.275E-06
+769.200E+03,+507.555E-06
+769.300E+03,+508.835E-06
+769.400E+03,+510.115E-06
+769.500E+03,+511.395E-06
+769.600E+03,+512.675E-06
+769.700E+03,+513.955E-06
+769.800E+03,+515.235E-06
+769.900E+03,+516.515E-06
+770.000E+03,+517.795E-06
+770.100E+03,+519.075E-06
+770.200E+03,+520.355E-06
+770.300E+03,+521.635E-06
+770.400E+03,+522.915E-06
+770.500E+03,+524.195E-06
+770.600E+03,+525.475E-06
+770.700E+03,+526.755E-06
+770.800E+03,+528.035E-06
+770.900E+03,+529.315E-06
+771.000E+03,+530.595E-06
+771.100E+03,+531.875E-06
+771.200E+03,+533.155E-06
+771.300E+03,+534.435E-06
+771.400E+03,+535.715E-06
+771.500E+03,+536.995E-06
+771.600E+03,+538.275E-06
+771.700E+03,+539.555E-06
+771.800E+03,+540.835E-06
+771.900E+03,+542.115E-06
+772.000E+03,+543.395E-06
+772.100E+03,+544.675E-06
+772.200E+03,+545.955E-06
+772.300E+03,+547.235E-06
+772.400E+03,+548.515E-06
+772.500E+03,+549.795E-06
+772.600E+03,+551.075E-06
+772.700E+03,+552.355E-06
+772.800E+03,+553.635E-06
+772.900E+03,+554.915E-06
+773.000E+03,+556.195E-06
+773.100E+03,+557.475E-06
+773.200E+03,+558.755E-06
+773.300E+03,+560.035E-06
+773.400E+03,+561.315E-06
+773.500E+03,+562.595E-06
+773.600E+03,+563.875E-06
+773.700E+03,+565.155E-06
+773.800E+03,+566.435E-06
+773.900E+03,+567.715E-06
+774.000E+03,+568.995E-06
+774.100E+03,+570.275E-06
+774.200E+03,+571.555E-06
+774.300E+03,+572.835E-06
+774.400E+03,+574.115E-06
+774.500E+03,+575.395E-06
+774.600E+03,+576.675E-06
+774.700E+03,+577.955E-06
+774.800E+03,+579.235E-06
+774.900E+03,+580.515E-06
+775.000E+03,+581.795E-06
+775.100E+03,+583.075E-06
+775.200E+03,+584.355E-06
+775.300E+03,+585.635E-06
+775.400E+03,+586.915E-06
+775.500E+03,+588.195E-06
+775.600E+03,+589.475E-06
+775.700E+03,+590.755E-06
+775.800E+03,+592.035E-06
+775.900E+03,+593.315E-06
+776.000E+03,+594.595E-06
+776.100E+03,+595.875E-06
+776.200E+03,+597.155E-06
+776.300E+03,+598.435E-06
+776.400E+03,+599.715E-06
+776.500E+03,+600.995E-06
+776.600E+03,+602.275E-06
+776.700E+03,+603.555E-06
+776.800E+03,+604.835E-06
+776.900E+03,+606.115E-06
+777.000E+03,+607.395E-06
+777.100E+03,+608.675E-06
+777.200E+03,+609.955E-06
+777.300E+03,+611.235E-06
+777.400E+03,+612.515E-06
+777.500E+03,+613.795E-06
+777.600E+03,+615.075E-06
+777.700E+03,+616.355E-06
+777.800E+03,+617.635E-06
+777.900E+03,+618.915E-06
+778.000E+03,+620.195E-06
+778.100E+03,+621.475E-06
+778.200E+03,+622.745E-06
+778.300E+03,+623.413E-06
+778.400E+03,+624.081E-06
+778.500E+03,+624.749E-06
+778.600E+03,+625.417E-06
+778.700E+03,+626.085E-06
+778.800E+03,+626.753E-06
+778.900E+03,+627.421E-06
+779.000E+03,+628.089E-06
+779.100E+03,+628.757E-06
+779.200E+03,+629.425E-06
+779.300E+03,+630.093E-06
+779.400E+03,+630.761E-06
+779.500E+03,+631.429E-06
+779.600E+03,+632.097E-06
+779.700E+03,+632.765E-06
+779.800E+03,+633.433E-06
+779.900E+03,+634.101E-06
+780.000E+03,+634.769E-06
+780.100E+03,+635.437E-06
+780.200E+03,+636.105E-06
+780.300E+03,+636.773E-06
+780.400E+03,+637.441E-06
+780.500E+03,+638.109E-06
+780.600E+03,+638.777E-06
+780.700E+03,+639.445E-06
+780.800E+03,+640.113E-06
+780.900E+03,+640.781E-06
+781.000E+03,+641.449E-06
+781.100E+03,+642.117E-06
+781.200E+03,+642.785E-06
+781.300E+03,+643.453E-06
+781.400E+03,+644.121E-06
+781.500E+03,+644.789E-06
+781.600E+03,+645.457E-06
+781.700E+03,+646.125E-06
+781.800E+03,+646.793E-06
+781.900E+03,+647.461E-06
+782.000E+03,+648.129E-06
+782.100E+03,+648.797E-06
+782.200E+03,+649.465E-06
+782.300E+03,+650.133E-06
+782.400E+03,+650.801E-06
+782.500E+03,+651.469E-06
+782.600E+03,+652.137E-06
+782.700E+03,+652.805E-06
+782.800E+03,+653.473E-06
+782.900E+03,+654.141E-06
+783.000E+03,+654.809E-06
+783.100E+03,+655.477E-06
+783.200E+03,+656.145E-06
+783.300E+03,+656.813E-06
+783.400E+03,+657.481E-06
+783.500E+03,+658.149E-06
+783.600E+03,+658.817E-06
+783.700E+03,+659.485E-06
+783.800E+03,+660.153E-06
+783.900E+03,+660.821E-06
+784.000E+03,+661.489E-06
+784.100E+03,+662.157E-06
+784.200E+03,+662.825E-06
+784.300E+03,+663.493E-06
+784.400E+03,+664.161E-06
+784.500E+03,+664.829E-06
+784.600E+03,+665.497E-06
+784.700E+03,+666.165E-06
+784.800E+03,+666.833E-06
+784.900E+03,+667.501E-06
+785.000E+03,+668.169E-06
+785.100E+03,+668.837E-06
+785.200E+03,+669.505E-06
+785.300E+03,+670.173E-06
+785.400E+03,+670.841E-06
+785.500E+03,+671.509E-06
+785.600E+03,+672.177E-06
+785.700E+03,+672.845E-06
+785.800E+03,+673.513E-06
+785.900E+03,+674.181E-06
+786.000E+03,+674.849E-06
+786.100E+03,+675.517E-06
+786.200E+03,+676.185E-06
+786.300E+03,+676.853E-06
+786.400E+03,+677.521E-06
+786.500E+03,+678.189E-06
+786.600E+03,+678.857E-06
+786.700E+03,+679.525E-06
+786.800E+03,+680.193E-06
+786.900E+03,+680.861E-06
+787.000E+03,+681.529E-06
+787.100E+03,+682.197E-06
+787.200E+03,+682.865E-06
+787.300E+03,+683.533E-06
+787.400E+03,+684.201E-06
+787.500E+03,+684.869E-06
+787.600E+03,+685.537E-06
+787.700E+03,+686.205E-06
+787.800E+03,+686.873E-06
+787.900E+03,+687.541E-06
+788.000E+03,+688.209E-06
+788.100E+03,+688.877E-06
+788.200E+03,+689.545E-06
+788.300E+03,+690.213E-06
+788.400E+03,+690.881E-06
+788.500E+03,+691.549E-06
+788.600E+03,+692.217E-06
+788.700E+03,+692.885E-06
+788.800E+03,+693.553E-06
+788.900E+03,+694.221E-06
+789.000E+03,+694.889E-06
+789.100E+03,+695.557E-06
+789.200E+03,+696.225E-06
+789.300E+03,+696.893E-06
+789.400E+03,+697.561E-06
+789.500E+03,+698.229E-06
+789.600E+03,+698.897E-06
+789.700E+03,+699.565E-06
+789.800E+03,+700.233E-06
+789.900E+03,+700.901E-06
+790.000E+03,+701.569E-06
+790.100E+03,+702.237E-06
+790.200E+03,+702.905E-06
+790.300E+03,+703.573E-06
+790.400E+03,+704.241E-06
+790.500E+03,+704.909E-06
+790.600E+03,+705.577E-06
+790.700E+03,+706.245E-06
+790.800E+03,+706.913E-06
+790.900E+03,+707.581E-06
+791.000E+03,+708.249E-06
+791.100E+03,+708.917E-06
+791.200E+03,+709.585E-06
+791.300E+03,+710.253E-06
+791.400E+03,+710.921E-06
+791.500E+03,+711.589E-06
+791.600E+03,+712.257E-06
+791.700E+03,+712.925E-06
+791.800E+03,+713.593E-06
+791.900E+03,+714.261E-06
+792.000E+03,+714.929E-06
+792.100E+03,+715.597E-06
+792.200E+03,+716.265E-06
+792.300E+03,+716.933E-06
+792.400E+03,+717.601E-06
+792.500E+03,+718.269E-06
+792.600E+03,+718.937E-06
+792.700E+03,+719.605E-06
+792.800E+03,+720.273E-06
+792.900E+03,+720.941E-06
+793.000E+03,+721.609E-06
+793.100E+03,+722.277E-06
+793.200E+03,+722.945E-06
+793.300E+03,+723.613E-06
+793.400E+03,+724.281E-06
+793.500E+03,+725.005E-06
+793.600E+03,+725.805E-06
+793.700E+03,+726.605E-06
+793.800E+03,+727.405E-06
+793.900E+03,+728.205E-06
+794.000E+03,+729.005E-06
+794.100E+03,+729.805E-06
+794.200E+03,+730.605E-06
+794.300E+03,+731.405E-06
+794.400E+03,+732.205E-06
+794.500E+03,+733.005E-06
+794.600E+03,+733.805E-06
+794.700E+03,+734.605E-06
+794.800E+03,+735.405E-06
+794.900E+03,+736.205E-06
+795.000E+03,+737.005E-06
+795.100E+03,+737.805E-06
+795.200E+03,+738.605E-06
+795.300E+03,+739.405E-06
+795.400E+03,+740.205E-06
+795.500E+03,+741.005E-06
+795.600E+03,+741.805E-06
+795.700E+03,+742.605E-06
+795.800E+03,+743.405E-06
+795.900E+03,+744.205E-06
+796.000E+03,+745.005E-06
+796.100E+03,+745.805E-06
+796.200E+03,+746.605E-06
+796.300E+03,+747.405E-06
+796.400E+03,+748.205E-06
+796.500E+03,+749.005E-06
+796.600E+03,+749.805E-06
+796.700E+03,+750.605E-06
+796.800E+03,+751.405E-06
+796.900E+03,+752.205E-06
+797.000E+03,+753.005E-06
+797.100E+03,+753.805E-06
+797.200E+03,+754.605E-06
+797.300E+03,+755.405E-06
+797.400E+03,+756.205E-06
+797.500E+03,+757.005E-06
+797.600E+03,+757.805E-06
+797.700E+03,+758.605E-06
+797.800E+03,+759.405E-06
+797.900E+03,+760.205E-06
+798.000E+03,+761.005E-06
+798.100E+03,+761.805E-06
+798.200E+03,+762.605E-06
+798.300E+03,+763.405E-06
+798.400E+03,+764.205E-06
+798.500E+03,+765.005E-06
+798.600E+03,+765.805E-06
+798.700E+03,+766.605E-06
+798.800E+03,+767.405E-06
+798.900E+03,+768.205E-06
+799.000E+03,+769.005E-06
+799.100E+03,+769.805E-06
+799.200E+03,+770.605E-06
+799.300E+03,+771.405E-06
+799.400E+03,+772.205E-06
+799.500E+03,+773.005E-06
+799.600E+03,+773.805E-06
+799.700E+03,+774.605E-06
+799.800E+03,+775.405E-06
+799.900E+03,+776.205E-06
+800.000E+03,+777.005E-06
+800.100E+03,+777.805E-06
+800.200E+03,+778.605E-06
+800.300E+03,+779.405E-06
+800.400E+03,+780.205E-06
+800.500E+03,+781.005E-06
+800.600E+03,+781.805E-06
+800.700E+03,+782.605E-06
+800.800E+03,+783.405E-06
+800.900E+03,+784.205E-06
+801.000E+03,+785.005E-06
+801.100E+03,+785.805E-06
+801.200E+03,+786.605E-06
+801.300E+03,+787.405E-06
+801.400E+03,+788.205E-06
+801.500E+03,+789.005E-06
+801.600E+03,+789.805E-06
+801.700E+03,+790.605E-06
+801.800E+03,+791.405E-06
+801.900E+03,+792.205E-06
+802.000E+03,+793.005E-06
+802.100E+03,+793.805E-06
+802.200E+03,+794.605E-06
+802.300E+03,+795.405E-06
+802.400E+03,+796.205E-06
+802.500E+03,+797.005E-06
+802.600E+03,+797.805E-06
+802.700E+03,+798.605E-06
+802.800E+03,+799.405E-06
+802.900E+03,+800.205E-06
+803.000E+03,+801.005E-06
+803.100E+03,+801.805E-06
+803.200E+03,+802.605E-06
+803.300E+03,+803.405E-06
+803.400E+03,+804.205E-06
+803.500E+03,+805.005E-06
+803.600E+03,+805.805E-06
+803.700E+03,+806.605E-06
+803.800E+03,+807.405E-06
+803.900E+03,+808.205E-06
+804.000E+03,+809.005E-06
+804.100E+03,+809.805E-06
+804.200E+03,+810.605E-06
+804.300E+03,+811.405E-06
+804.400E+03,+812.205E-06
+804.500E+03,+813.005E-06
+804.600E+03,+813.805E-06
+804.700E+03,+814.605E-06
+804.800E+03,+815.405E-06
+804.900E+03,+816.205E-06
+805.000E+03,+817.005E-06
+805.100E+03,+817.805E-06
+805.200E+03,+818.605E-06
+805.300E+03,+819.405E-06
+805.400E+03,+820.205E-06
+805.500E+03,+821.005E-06
+805.600E+03,+821.805E-06
+805.700E+03,+822.605E-06
+805.800E+03,+823.405E-06
+805.900E+03,+824.205E-06
+806.000E+03,+825.005E-06
+806.100E+03,+825.805E-06
+806.200E+03,+826.605E-06
+806.300E+03,+827.405E-06
+806.400E+03,+828.205E-06
+806.500E+03,+829.005E-06
+806.600E+03,+829.805E-06
+806.700E+03,+830.605E-06
+806.800E+03,+831.405E-06
+806.900E+03,+832.205E-06
+807.000E+03,+833.005E-06
+807.100E+03,+833.805E-06
+807.200E+03,+834.605E-06
+807.300E+03,+835.405E-06
+807.400E+03,+836.205E-06
+807.500E+03,+837.005E-06
+807.600E+03,+837.805E-06
+807.700E+03,+838.605E-06
+807.800E+03,+839.405E-06
+807.900E+03,+840.205E-06
+808.000E+03,+841.005E-06
+808.100E+03,+841.805E-06
+808.200E+03,+842.605E-06
+808.300E+03,+843.405E-06
+808.400E+03,+844.205E-06
+808.500E+03,+845.005E-06
+808.600E+03,+845.805E-06
+808.700E+03,+846.605E-06
+808.800E+03,+849.867E-06
+808.900E+03,+853.591E-06
+809.000E+03,+857.315E-06
+809.100E+03,+861.039E-06
+809.200E+03,+864.763E-06
+809.300E+03,+868.487E-06
+809.400E+03,+872.211E-06
+809.500E+03,+875.935E-06
+809.600E+03,+879.659E-06
+809.700E+03,+883.383E-06
+809.800E+03,+887.107E-06
+809.900E+03,+890.831E-06
+810.000E+03,+894.555E-06
+810.100E+03,+898.279E-06
+810.200E+03,+902.003E-06
+810.300E+03,+905.727E-06
+810.400E+03,+909.451E-06
+810.500E+03,+913.175E-06
+810.600E+03,+916.899E-06
+810.700E+03,+920.623E-06
+810.800E+03,+924.347E-06
+810.900E+03,+928.071E-06
+811.000E+03,+931.795E-06
+811.100E+03,+935.519E-06
+811.200E+03,+939.243E-06
+811.300E+03,+942.967E-06
+811.400E+03,+946.691E-06
+811.500E+03,+950.415E-06
+811.600E+03,+954.139E-06
+811.700E+03,+957.863E-06
+811.800E+03,+961.587E-06
+811.900E+03,+965.311E-06
+812.000E+03,+969.035E-06
+812.100E+03,+972.759E-06
+812.200E+03,+976.483E-06
+812.300E+03,+980.207E-06
+812.400E+03,+983.931E-06
+812.500E+03,+987.655E-06
+812.600E+03,+991.379E-06
+812.700E+03,+995.103E-06
+812.800E+03,+998.827E-06
+812.900E+03,+1.002551E-03
+813.000E+03,+1.006275E-03
+813.100E+03,+1.009999E-03
+813.200E+03,+1.013723E-03
+813.300E+03,+1.017447E-03
+813.400E+03,+1.021171E-03
+813.500E+03,+1.024895E-03
+813.600E+03,+1.028619E-03
+813.700E+03,+1.032343E-03
+813.800E+03,+1.036067E-03
+813.900E+03,+1.039791E-03
+814.000E+03,+1.043515E-03
+814.100E+03,+1.047239E-03
+814.200E+03,+1.050963E-03
+814.300E+03,+1.054687E-03
+814.400E+03,+1.058411E-03
+814.500E+03,+1.062135E-03
+814.600E+03,+1.065859E-03
+814.700E+03,+1.069583E-03
+814.800E+03,+1.073307E-03
+814.900E+03,+1.077031E-03
+815.000E+03,+1.080755E-03
+815.100E+03,+1.084479E-03
+815.200E+03,+1.088203E-03
+815.300E+03,+1.091927E-03
+815.400E+03,+1.095651E-03
+815.500E+03,+1.099375E-03
+815.600E+03,+1.103099E-03
+815.700E+03,+1.106823E-03
+815.800E+03,+1.110547E-03
+815.900E+03,+1.114271E-03
+816.000E+03,+1.117995E-03
+816.100E+03,+1.121719E-03
+816.200E+03,+1.125443E-03
+816.300E+03,+1.129167E-03
+816.400E+03,+1.132891E-03
+816.500E+03,+1.136615E-03
+816.600E+03,+1.140339E-03
+816.700E+03,+1.144063E-03
+816.800E+03,+1.147787E-03
+816.900E+03,+1.151511E-03
+817.000E+03,+1.155235E-03
+817.100E+03,+1.158959E-03
+817.200E+03,+1.162683E-03
+817.300E+03,+1.166407E-03
+817.400E+03,+1.170131E-03
+817.500E+03,+1.173855E-03
+817.600E+03,+1.177579E-03
+817.700E+03,+1.181303E-03
+817.800E+03,+1.185027E-03
+817.900E+03,+1.188751E-03
+818.000E+03,+1.192475E-03
+818.100E+03,+1.196199E-03
+818.200E+03,+1.199923E-03
+818.300E+03,+1.203647E-03
+818.400E+03,+1.207371E-03
+818.500E+03,+1.211095E-03
+818.600E+03,+1.214819E-03
+818.700E+03,+1.218543E-03
+818.800E+03,+1.222267E-03
+818.900E+03,+1.225991E-03
+819.000E+03,+1.229715E-03
+819.100E+03,+1.233439E-03
+819.200E+03,+1.237163E-03
+819.300E+03,+1.240887E-03
+819.400E+03,+1.244611E-03
+819.500E+03,+1.248335E-03
+819.600E+03,+1.252059E-03
+819.700E+03,+1.255783E-03
+819.800E+03,+1.259507E-03
+819.900E+03,+1.263231E-03
+820.000E+03,+1.266955E-03
+820.100E+03,+1.270679E-03
+820.200E+03,+1.274403E-03
+820.300E+03,+1.278127E-03
+820.400E+03,+1.281851E-03
+820.500E+03,+1.285575E-03
+820.600E+03,+1.289299E-03
+820.700E+03,+1.293023E-03
+820.800E+03,+1.296747E-03
+820.900E+03,+1.300471E-03
+821.000E+03,+1.304195E-03
+821.100E+03,+1.307919E-03
+821.200E+03,+1.311643E-03
+821.300E+03,+1.315367E-03
+821.400E+03,+1.319091E-03
+821.500E+03,+1.322815E-03
+821.600E+03,+1.326539E-03
+821.700E+03,+1.330263E-03
+821.800E+03,+1.333987E-03
+821.900E+03,+1.337711E-03
+822.000E+03,+1.341435E-03
+822.100E+03,+1.345159E-03
+822.200E+03,+1.348883E-03
+822.300E+03,+1.352607E-03
+822.400E+03,+1.356331E-03
+822.500E+03,+1.360055E-03
+822.600E+03,+1.363779E-03
+822.700E+03,+1.367503E-03
+822.800E+03,+1.371227E-03
+822.900E+03,+1.374951E-03
+823.000E+03,+1.378675E-03
+823.100E+03,+1.382399E-03
+823.200E+03,+1.386123E-03
+823.300E+03,+1.389847E-03
+823.400E+03,+1.393571E-03
+823.500E+03,+1.397295E-03
+823.600E+03,+1.401019E-03
+823.700E+03,+1.404743E-03
+823.800E+03,+1.408467E-03
+823.900E+03,+1.412191E-03
+824.000E+03,+1.415363E-03
+824.100E+03,+1.416915E-03
+824.200E+03,+1.418467E-03
+824.300E+03,+1.420019E-03
+824.400E+03,+1.421571E-03
+824.500E+03,+1.423123E-03
+824.600E+03,+1.424675E-03
+824.700E+03,+1.426227E-03
+824.800E+03,+1.427779E-03
+824.900E+03,+1.429331E-03
+825.000E+03,+1.430883E-03
+825.100E+03,+1.432435E-03
+825.200E+03,+1.433987E-03
+825.300E+03,+1.435539E-03
+825.400E+03,+1.437091E-03
+825.500E+03,+1.438643E-03
+825.600E+03,+1.440195E-03
+825.700E+03,+1.441747E-03
+825.800E+03,+1.443299E-03
+825.900E+03,+1.444851E-03
+826.000E+03,+1.446403E-03
+826.100E+03,+1.447955E-03
+826.200E+03,+1.449507E-03
+826.300E+03,+1.451059E-03
+826.400E+03,+1.452611E-03
+826.500E+03,+1.454163E-03
+826.600E+03,+1.455715E-03
+826.700E+03,+1.457267E-03
+826.800E+03,+1.458819E-03
+826.900E+03,+1.460371E-03
+827.000E+03,+1.461923E-03
+827.100E+03,+1.463475E-03
+827.200E+03,+1.465027E-03
+827.300E+03,+1.466579E-03
+827.400E+03,+1.468131E-03
+827.500E+03,+1.469683E-03
+827.600E+03,+1.471235E-03
+827.700E+03,+1.472787E-03
+827.800E+03,+1.474339E-03
+827.900E+03,+1.475891E-03
+828.000E+03,+1.477443E-03
+828.100E+03,+1.478995E-03
+828.200E+03,+1.480547E-03
+828.300E+03,+1.482099E-03
+828.400E+03,+1.483651E-03
+828.500E+03,+1.485203E-03
+828.600E+03,+1.486755E-03
+828.700E+03,+1.488307E-03
+828.800E+03,+1.489859E-03
+828.900E+03,+1.491411E-03
+829.000E+03,+1.492963E-03
+829.100E+03,+1.494515E-03
+829.200E+03,+1.496067E-03
+829.300E+03,+1.497619E-03
+829.400E+03,+1.499171E-03
+829.500E+03,+1.500723E-03
+829.600E+03,+1.502275E-03
+829.700E+03,+1.503827E-03
+829.800E+03,+1.505379E-03
+829.900E+03,+1.506931E-03
+830.000E+03,+1.508483E-03
+830.100E+03,+1.510035E-03
+830.200E+03,+1.511587E-03
+830.300E+03,+1.513139E-03
+830.400E+03,+1.514691E-03
+830.500E+03,+1.516243E-03
+830.600E+03,+1.517795E-03
+830.700E+03,+1.519347E-03
+830.800E+03,+1.520899E-03
+830.900E+03,+1.522451E-03
+831.000E+03,+1.524003E-03
+831.100E+03,+1.525555E-03
+831.200E+03,+1.527107E-03
+831.300E+03,+1.528659E-03
+831.400E+03,+1.530211E-03
+831.500E+03,+1.531763E-03
+831.600E+03,+1.533315E-03
+831.700E+03,+1.534867E-03
+831.800E+03,+1.536419E-03
+831.900E+03,+1.537971E-03
+832.000E+03,+1.539523E-03
+832.100E+03,+1.541075E-03
+832.200E+03,+1.542627E-03
+832.300E+03,+1.544179E-03
+832.400E+03,+1.545731E-03
+832.500E+03,+1.547283E-03
+832.600E+03,+1.548835E-03
+832.700E+03,+1.550387E-03
+832.800E+03,+1.551939E-03
+832.900E+03,+1.553491E-03
+833.000E+03,+1.555043E-03
+833.100E+03,+1.556595E-03
+833.200E+03,+1.558147E-03
+833.300E+03,+1.559699E-03
+833.400E+03,+1.561251E-03
+833.500E+03,+1.562803E-03
+833.600E+03,+1.564355E-03
+833.700E+03,+1.565907E-03
+833.800E+03,+1.567459E-03
+833.900E+03,+1.569011E-03
+834.000E+03,+1.570563E-03
+834.100E+03,+1.572115E-03
+834.200E+03,+1.573667E-03
+834.300E+03,+1.575219E-03
+834.400E+03,+1.576771E-03
+834.500E+03,+1.578323E-03
+834.600E+03,+1.579875E-03
+834.700E+03,+1.581427E-03
+834.800E+03,+1.582979E-03
+834.900E+03,+1.584531E-03
+835.000E+03,+1.586083E-03
+835.100E+03,+1.587635E-03
+835.200E+03,+1.589187E-03
+835.300E+03,+1.590739E-03
+835.400E+03,+1.592291E-03
+835.500E+03,+1.593843E-03
+835.600E+03,+1.595395E-03
+835.700E+03,+1.596947E-03
+835.800E+03,+1.598499E-03
+835.900E+03,+1.600051E-03
+836.000E+03,+1.601603E-03
+836.100E+03,+1.603155E-03
+836.200E+03,+1.604707E-03
+836.300E+03,+1.606259E-03
+836.400E+03,+1.607811E-03
+836.500E+03,+1.609363E-03
+836.600E+03,+1.610915E-03
+836.700E+03,+1.612467E-03
+836.800E+03,+1.614019E-03
+836.900E+03,+1.615571E-03
+837.000E+03,+1.617123E-03
+837.100E+03,+1.618675E-03
+837.200E+03,+1.620227E-03
+837.300E+03,+1.621779E-03
+837.400E+03,+1.623331E-03
+837.500E+03,+1.624883E-03
+837.600E+03,+1.626435E-03
+837.700E+03,+1.627987E-03
+837.800E+03,+1.629539E-03
+837.900E+03,+1.631091E-03
+838.000E+03,+1.632643E-03
+838.100E+03,+1.634195E-03
+838.200E+03,+1.635747E-03
+838.300E+03,+1.637299E-03
+838.400E+03,+1.638851E-03
+838.500E+03,+1.640403E-03
+838.600E+03,+1.641955E-03
+838.700E+03,+1.643507E-03
+838.800E+03,+1.645059E-03
+838.900E+03,+1.646611E-03
+839.000E+03,+1.648163E-03
+839.100E+03,+1.649715E-03
+839.200E+03,+1.651267E-03
+839.300E+03,+1.649731E-03
+839.400E+03,+1.646647E-03
+839.500E+03,+1.643563E-03
+839.600E+03,+1.640479E-03
+839.700E+03,+1.637395E-03
+839.800E+03,+1.634311E-03
+839.900E+03,+1.631227E-03
+840.000E+03,+1.628143E-03
+840.100E+03,+1.625059E-03
+840.200E+03,+1.621975E-03
+840.300E+03,+1.618891E-03
+840.400E+03,+1.615807E-03
+840.500E+03,+1.612723E-03
+840.600E+03,+1.609639E-03
+840.700E+03,+1.606555E-03
+840.800E+03,+1.603471E-03
+840.900E+03,+1.600387E-03
+841.000E+03,+1.597303E-03
+841.100E+03,+1.594219E-03
+841.200E+03,+1.591135E-03
+841.300E+03,+1.588051E-03
+841.400E+03,+1.584967E-03
+841.500E+03,+1.581883E-03
+841.600E+03,+1.578799E-03
+841.700E+03,+1.575715E-03
+841.800E+03,+1.572631E-03
+841.900E+03,+1.569547E-03
+842.000E+03,+1.566463E-03
+842.100E+03,+1.563379E-03
+842.200E+03,+1.560295E-03
+842.300E+03,+1.557211E-03
+842.400E+03,+1.554127E-03
+842.500E+03,+1.551043E-03
+842.600E+03,+1.547959E-03
+842.700E+03,+1.544875E-03
+842.800E+03,+1.541791E-03
+842.900E+03,+1.538707E-03
+843.000E+03,+1.535623E-03
+843.100E+03,+1.532539E-03
+843.200E+03,+1.529455E-03
+843.300E+03,+1.526371E-03
+843.400E+03,+1.523287E-03
+843.500E+03,+1.520203E-03
+843.600E+03,+1.517119E-03
+843.700E+03,+1.514035E-03
+843.800E+03,+1.510951E-03
+843.900E+03,+1.507867E-03
+844.000E+03,+1.504783E-03
+844.100E+03,+1.501699E-03
+844.200E+03,+1.498615E-03
+844.300E+03,+1.495531E-03
+844.400E+03,+1.492447E-03
+844.500E+03,+1.489363E-03
+844.600E+03,+1.486279E-03
+844.700E+03,+1.483195E-03
+844.800E+03,+1.480111E-03
+844.900E+03,+1.477027E-03
+845.000E+03,+1.473943E-03
+845.100E+03,+1.470859E-03
+845.200E+03,+1.467775E-03
+845.300E+03,+1.464691E-03
+845.400E+03,+1.461607E-03
+845.500E+03,+1.458523E-03
+845.600E+03,+1.455439E-03
+845.700E+03,+1.452355E-03
+845.800E+03,+1.449271E-03
+845.900E+03,+1.446187E-03
+846.000E+03,+1.443103E-03
+846.100E+03,+1.440019E-03
+846.200E+03,+1.436935E-03
+846.300E+03,+1.433851E-03
+846.400E+03,+1.430767E-03
+846.500E+03,+1.427683E-03
+846.600E+03,+1.424599E-03
+846.700E+03,+1.421515E-03
+846.800E+03,+1.418431E-03
+846.900E+03,+1.415347E-03
+847.000E+03,+1.412263E-03
+847.100E+03,+1.409179E-03
+847.200E+03,+1.406095E-03
+847.300E+03,+1.403011E-03
+847.400E+03,+1.399927E-03
+847.500E+03,+1.396843E-03
+847.600E+03,+1.393759E-03
+847.700E+03,+1.390675E-03
+847.800E+03,+1.387591E-03
+847.900E+03,+1.384507E-03
+848.000E+03,+1.381423E-03
+848.100E+03,+1.378339E-03
+848.200E+03,+1.375255E-03
+848.300E+03,+1.372171E-03
+848.400E+03,+1.369087E-03
+848.500E+03,+1.366003E-03
+848.600E+03,+1.362919E-03
+848.700E+03,+1.359835E-03
+848.800E+03,+1.356751E-03
+848.900E+03,+1.353667E-03
+849.000E+03,+1.350583E-03
+849.100E+03,+1.347500E-03
+849.200E+03,+1.344416E-03
+849.300E+03,+1.341332E-03
+849.400E+03,+1.338248E-03
+849.500E+03,+1.335164E-03
+849.600E+03,+1.332080E-03
+849.700E+03,+1.328996E-03
+849.800E+03,+1.325912E-03
+849.900E+03,+1.322828E-03
+850.000E+03,+1.319744E-03
+850.100E+03,+1.316660E-03
+850.200E+03,+1.313576E-03
+850.300E+03,+1.310492E-03
+850.400E+03,+1.307408E-03
+850.500E+03,+1.304324E-03
+850.600E+03,+1.301240E-03
+850.700E+03,+1.298156E-03
+850.800E+03,+1.295072E-03
+850.900E+03,+1.291988E-03
+851.000E+03,+1.288904E-03
+851.100E+03,+1.285820E-03
+851.200E+03,+1.282736E-03
+851.300E+03,+1.279652E-03
+851.400E+03,+1.276568E-03
+851.500E+03,+1.273484E-03
+851.600E+03,+1.270400E-03
+851.700E+03,+1.267316E-03
+851.800E+03,+1.264232E-03
+851.900E+03,+1.261148E-03
+852.000E+03,+1.258064E-03
+852.100E+03,+1.254980E-03
+852.200E+03,+1.251896E-03
+852.300E+03,+1.248812E-03
+852.400E+03,+1.245728E-03
+852.500E+03,+1.242644E-03
+852.600E+03,+1.239560E-03
+852.700E+03,+1.236476E-03
+852.800E+03,+1.233392E-03
+852.900E+03,+1.230308E-03
+853.000E+03,+1.227224E-03
+853.100E+03,+1.224140E-03
+853.200E+03,+1.221056E-03
+853.300E+03,+1.217972E-03
+853.400E+03,+1.214888E-03
+853.500E+03,+1.211804E-03
+853.600E+03,+1.208720E-03
+853.700E+03,+1.205636E-03
+853.800E+03,+1.202552E-03
+853.900E+03,+1.199468E-03
+854.000E+03,+1.196384E-03
+854.100E+03,+1.193300E-03
+854.200E+03,+1.190216E-03
+854.300E+03,+1.187132E-03
+854.400E+03,+1.184048E-03
+854.500E+03,+1.180753E-03
+854.600E+03,+1.174973E-03
+854.700E+03,+1.169193E-03
+854.800E+03,+1.163413E-03
+854.900E+03,+1.157633E-03
+855.000E+03,+1.151853E-03
+855.100E+03,+1.146073E-03
+855.200E+03,+1.140293E-03
+855.300E+03,+1.134513E-03
+855.400E+03,+1.128733E-03
+855.500E+03,+1.122953E-03
+855.600E+03,+1.117173E-03
+855.700E+03,+1.111393E-03
+855.800E+03,+1.105613E-03
+855.900E+03,+1.099833E-03
+856.000E+03,+1.094053E-03
+856.100E+03,+1.088273E-03
+856.200E+03,+1.082493E-03
+856.300E+03,+1.076713E-03
+856.400E+03,+1.070933E-03
+856.500E+03,+1.065153E-03
+856.600E+03,+1.059373E-03
+856.700E+03,+1.053593E-03
+856.800E+03,+1.047813E-03
+856.900E+03,+1.042033E-03
+857.000E+03,+1.036253E-03
+857.100E+03,+1.030473E-03
+857.200E+03,+1.024693E-03
+857.300E+03,+1.018913E-03
+857.400E+03,+1.013133E-03
+857.500E+03,+1.007353E-03
+857.600E+03,+1.001573E-03
+857.700E+03,+995.793E-06
+857.800E+03,+990.013E-06
+857.900E+03,+984.233E-06
+858.000E+03,+978.453E-06
+858.100E+03,+972.673E-06
+858.200E+03,+966.893E-06
+858.300E+03,+961.113E-06
+858.400E+03,+955.333E-06
+858.500E+03,+949.553E-06
+858.600E+03,+943.773E-06
+858.700E+03,+937.993E-06
+858.800E+03,+932.213E-06
+858.900E+03,+926.433E-06
+859.000E+03,+920.653E-06
+859.100E+03,+914.873E-06
+859.200E+03,+909.093E-06
+859.300E+03,+903.313E-06
+859.400E+03,+897.533E-06
+859.500E+03,+891.753E-06
+859.600E+03,+885.973E-06
+859.700E+03,+880.193E-06
+859.800E+03,+874.413E-06
+859.900E+03,+868.633E-06
+860.000E+03,+862.853E-06
+860.100E+03,+857.073E-06
+860.200E+03,+851.293E-06
+860.300E+03,+845.513E-06
+860.400E+03,+839.733E-06
+860.500E+03,+833.953E-06
+860.600E+03,+828.173E-06
+860.700E+03,+822.393E-06
+860.800E+03,+816.613E-06
+860.900E+03,+810.833E-06
+861.000E+03,+805.053E-06
+861.100E+03,+799.273E-06
+861.200E+03,+793.493E-06
+861.300E+03,+787.713E-06
+861.400E+03,+781.933E-06
+861.500E+03,+776.153E-06
+861.600E+03,+770.373E-06
+861.700E+03,+764.593E-06
+861.800E+03,+758.813E-06
+861.900E+03,+753.033E-06
+862.000E+03,+747.253E-06
+862.100E+03,+741.473E-06
+862.200E+03,+735.693E-06
+862.300E+03,+729.913E-06
+862.400E+03,+724.133E-06
+862.500E+03,+718.353E-06
+862.600E+03,+712.573E-06
+862.700E+03,+706.793E-06
+862.800E+03,+701.013E-06
+862.900E+03,+695.233E-06
+863.000E+03,+689.453E-06
+863.100E+03,+683.673E-06
+863.200E+03,+677.893E-06
+863.300E+03,+672.113E-06
+863.400E+03,+666.333E-06
+863.500E+03,+660.553E-06
+863.600E+03,+654.773E-06
+863.700E+03,+648.993E-06
+863.800E+03,+643.213E-06
+863.900E+03,+637.433E-06
+864.000E+03,+631.653E-06
+864.100E+03,+625.873E-06
+864.200E+03,+620.093E-06
+864.300E+03,+614.313E-06
+864.400E+03,+608.533E-06
+864.500E+03,+602.753E-06
+864.600E+03,+596.973E-06
+864.700E+03,+591.193E-06
+864.800E+03,+585.413E-06
+864.900E+03,+579.633E-06
+865.000E+03,+573.853E-06
+865.100E+03,+568.073E-06
+865.200E+03,+562.293E-06
+865.300E+03,+556.513E-06
+865.400E+03,+550.733E-06
+865.500E+03,+544.953E-06
+865.600E+03,+539.173E-06
+865.700E+03,+533.393E-06
+865.800E+03,+527.613E-06
+865.900E+03,+521.833E-06
+866.000E+03,+516.053E-06
+866.100E+03,+510.273E-06
+866.200E+03,+504.493E-06
+866.300E+03,+498.713E-06
+866.400E+03,+492.933E-06
+866.500E+03,+487.153E-06
+866.600E+03,+481.373E-06
+866.700E+03,+475.593E-06
+866.800E+03,+469.813E-06
+866.900E+03,+464.033E-06
+867.000E+03,+458.253E-06
+867.100E+03,+452.473E-06
+867.200E+03,+446.693E-06
+867.300E+03,+440.913E-06
+867.400E+03,+435.133E-06
+867.500E+03,+429.353E-06
+867.600E+03,+423.573E-06
+867.700E+03,+417.793E-06
+867.800E+03,+412.013E-06
+867.900E+03,+406.233E-06
+868.000E+03,+400.453E-06
+868.100E+03,+394.673E-06
+868.200E+03,+388.893E-06
+868.300E+03,+383.113E-06
+868.400E+03,+377.333E-06
+868.500E+03,+371.553E-06
+868.600E+03,+365.773E-06
+868.700E+03,+359.993E-06
+868.800E+03,+354.213E-06
+868.900E+03,+348.433E-06
+869.000E+03,+342.653E-06
+869.100E+03,+336.873E-06
+869.200E+03,+331.093E-06
+869.300E+03,+325.313E-06
+869.400E+03,+319.533E-06
+869.500E+03,+313.753E-06
+869.600E+03,+307.973E-06
+869.700E+03,+302.193E-06
+869.800E+03,+299.929E-06
+869.900E+03,+301.321E-06
+870.000E+03,+302.713E-06
+870.100E+03,+304.105E-06
+870.200E+03,+305.497E-06
+870.300E+03,+306.889E-06
+870.400E+03,+308.281E-06
+870.500E+03,+309.673E-06
+870.600E+03,+311.065E-06
+870.700E+03,+312.457E-06
+870.800E+03,+313.849E-06
+870.900E+03,+315.241E-06
+871.000E+03,+316.633E-06
+871.100E+03,+318.025E-06
+871.200E+03,+319.417E-06
+871.300E+03,+320.809E-06
+871.400E+03,+322.201E-06
+871.500E+03,+323.593E-06
+871.600E+03,+324.985E-06
+871.700E+03,+326.377E-06
+871.800E+03,+327.769E-06
+871.900E+03,+329.161E-06
+872.000E+03,+330.553E-06
+872.100E+03,+331.945E-06
+872.200E+03,+333.337E-06
+872.300E+03,+334.729E-06
+872.400E+03,+336.121E-06
+872.500E+03,+337.513E-06
+872.600E+03,+338.905E-06
+872.700E+03,+340.297E-06
+872.800E+03,+341.689E-06
+872.900E+03,+343.081E-06
+873.000E+03,+344.473E-06
+873.100E+03,+345.865E-06
+873.200E+03,+347.257E-06
+873.300E+03,+348.649E-06
+873.400E+03,+350.041E-06
+873.500E+03,+351.433E-06
+873.600E+03,+352.825E-06
+873.700E+03,+354.217E-06
+873.800E+03,+355.609E-06
+873.900E+03,+357.001E-06
+874.000E+03,+358.393E-06
+874.100E+03,+359.785E-06
+874.200E+03,+361.177E-06
+874.300E+03,+362.569E-06
+874.400E+03,+363.961E-06
+874.500E+03,+365.353E-06
+874.600E+03,+366.745E-06
+874.700E+03,+368.137E-06
+874.800E+03,+369.529E-06
+874.900E+03,+370.921E-06
+875.000E+03,+372.313E-06
+875.100E+03,+373.705E-06
+875.200E+03,+375.097E-06
+875.300E+03,+376.489E-06
+875.400E+03,+377.881E-06
+875.500E+03,+379.273E-06
+875.600E+03,+380.665E-06
+875.700E+03,+382.057E-06
+875.800E+03,+383.449E-06
+875.900E+03,+384.841E-06
+876.000E+03,+386.233E-06
+876.100E+03,+387.625E-06
+876.200E+03,+389.017E-06
+876.300E+03,+390.409E-06
+876.400E+03,+391.801E-06
+876.500E+03,+393.193E-06
+876.600E+03,+394.585E-06
+876.700E+03,+395.977E-06
+876.800E+03,+397.369E-06
+876.900E+03,+398.761E-06
+877.000E+03,+400.153E-06
+877.100E+03,+401.545E-06
+877.200E+03,+402.937E-06
+877.300E+03,+404.329E-06
+877.400E+03,+405.721E-06
+877.500E+03,+407.113E-06
+877.600E+03,+408.505E-06
+877.700E+03,+409.897E-06
+877.800E+03,+411.289E-06
+877.900E+03,+412.681E-06
+878.000E+03,+414.073E-06
+878.100E+03,+415.465E-06
+878.200E+03,+416.857E-06
+878.300E+03,+418.249E-06
+878.400E+03,+419.641E-06
+878.500E+03,+421.033E-06
+878.600E+03,+422.425E-06
+878.700E+03,+423.817E-06
+878.800E+03,+425.209E-06
+878.900E+03,+426.601E-06
+879.000E+03,+427.993E-06
+879.100E+03,+429.385E-06
+879.200E+03,+430.777E-06
+879.300E+03,+432.169E-06
+879.400E+03,+433.561E-06
+879.500E+03,+434.953E-06
+879.600E+03,+436.345E-06
+879.700E+03,+437.737E-06
+879.800E+03,+439.129E-06
+879.900E+03,+440.521E-06
+880.000E+03,+441.913E-06
+880.100E+03,+443.305E-06
+880.200E+03,+444.697E-06
+880.300E+03,+446.089E-06
+880.400E+03,+447.481E-06
+880.500E+03,+448.873E-06
+880.600E+03,+450.265E-06
+880.700E+03,+451.657E-06
+880.800E+03,+453.049E-06
+880.900E+03,+454.441E-06
+881.000E+03,+455.833E-06
+881.100E+03,+457.225E-06
+881.200E+03,+458.617E-06
+881.300E+03,+460.009E-06
+881.400E+03,+461.401E-06
+881.500E+03,+462.793E-06
+881.600E+03,+464.185E-06
+881.700E+03,+465.577E-06
+881.800E+03,+466.969E-06
+881.900E+03,+468.361E-06
+882.000E+03,+469.753E-06
+882.100E+03,+471.145E-06
+882.200E+03,+472.537E-06
+882.300E+03,+473.929E-06
+882.400E+03,+475.321E-06
+882.500E+03,+476.713E-06
+882.600E+03,+478.105E-06
+882.700E+03,+479.497E-06
+882.800E+03,+480.889E-06
+882.900E+03,+482.281E-06
+883.000E+03,+483.673E-06
+883.100E+03,+485.065E-06
+883.200E+03,+486.457E-06
+883.300E+03,+487.849E-06
+883.400E+03,+489.241E-06
+883.500E+03,+490.633E-06
+883.600E+03,+492.025E-06
+883.700E+03,+493.417E-06
+883.800E+03,+494.809E-06
+883.900E+03,+496.201E-06
+884.000E+03,+497.593E-06
+884.100E+03,+498.985E-06
+884.200E+03,+500.377E-06
+884.300E+03,+501.769E-06
+884.400E+03,+503.161E-06
+884.500E+03,+504.553E-06
+884.600E+03,+505.945E-06
+884.700E+03,+507.337E-06
+884.800E+03,+508.729E-06
+884.900E+03,+510.121E-06
+885.000E+03,+511.513E-06
+885.100E+03,+512.389E-06
+885.200E+03,+513.209E-06
+885.300E+03,+514.029E-06
+885.400E+03,+514.849E-06
+885.500E+03,+515.669E-06
+885.600E+03,+516.489E-06
+885.700E+03,+517.309E-06
+885.800E+03,+518.129E-06
+885.900E+03,+518.949E-06
+886.000E+03,+519.769E-06
+886.100E+03,+520.589E-06
+886.200E+03,+521.409E-06
+886.300E+03,+522.229E-06
+886.400E+03,+523.049E-06
+886.500E+03,+523.869E-06
+886.600E+03,+524.689E-06
+886.700E+03,+525.509E-06
+886.800E+03,+526.329E-06
+886.900E+03,+527.149E-06
+887.000E+03,+527.969E-06
+887.100E+03,+528.789E-06
+887.200E+03,+529.609E-06
+887.300E+03,+530.429E-06
+887.400E+03,+531.249E-06
+887.500E+03,+532.069E-06
+887.600E+03,+532.889E-06
+887.700E+03,+533.709E-06
+887.800E+03,+534.529E-06
+887.900E+03,+535.349E-06
+888.000E+03,+536.169E-06
+888.100E+03,+536.989E-06
+888.200E+03,+537.809E-06
+888.300E+03,+538.629E-06
+888.400E+03,+539.449E-06
+888.500E+03,+540.269E-06
+888.600E+03,+541.089E-06
+888.700E+03,+541.909E-06
+888.800E+03,+542.729E-06
+888.900E+03,+543.549E-06
+889.000E+03,+544.369E-06
+889.100E+03,+545.189E-06
+889.200E+03,+546.009E-06
+889.300E+03,+546.829E-06
+889.400E+03,+547.649E-06
+889.500E+03,+548.469E-06
+889.600E+03,+549.289E-06
+889.700E+03,+550.109E-06
+889.800E+03,+550.929E-06
+889.900E+03,+551.749E-06
+890.000E+03,+552.569E-06
+890.100E+03,+553.389E-06
+890.200E+03,+554.209E-06
+890.300E+03,+555.029E-06
+890.400E+03,+555.849E-06
+890.500E+03,+556.669E-06
+890.600E+03,+557.489E-06
+890.700E+03,+558.309E-06
+890.800E+03,+559.129E-06
+890.900E+03,+559.949E-06
+891.000E+03,+560.769E-06
+891.100E+03,+561.589E-06
+891.200E+03,+562.409E-06
+891.300E+03,+563.229E-06
+891.400E+03,+564.049E-06
+891.500E+03,+564.869E-06
+891.600E+03,+565.689E-06
+891.700E+03,+566.509E-06
+891.800E+03,+567.329E-06
+891.900E+03,+568.149E-06
+892.000E+03,+568.969E-06
+892.100E+03,+569.789E-06
+892.200E+03,+570.609E-06
+892.300E+03,+571.429E-06
+892.400E+03,+572.249E-06
+892.500E+03,+573.069E-06
+892.600E+03,+573.889E-06
+892.700E+03,+574.709E-06
+892.800E+03,+575.529E-06
+892.900E+03,+576.349E-06
+893.000E+03,+577.169E-06
+893.100E+03,+577.989E-06
+893.200E+03,+578.809E-06
+893.300E+03,+579.629E-06
+893.400E+03,+580.449E-06
+893.500E+03,+581.269E-06
+893.600E+03,+582.089E-06
+893.700E+03,+582.909E-06
+893.800E+03,+583.729E-06
+893.900E+03,+584.549E-06
+894.000E+03,+585.369E-06
+894.100E+03,+586.189E-06
+894.200E+03,+587.009E-06
+894.300E+03,+587.829E-06
+894.400E+03,+588.649E-06
+894.500E+03,+589.469E-06
+894.600E+03,+590.289E-06
+894.700E+03,+591.109E-06
+894.800E+03,+591.929E-06
+894.900E+03,+592.749E-06
+895.000E+03,+593.569E-06
+895.100E+03,+594.389E-06
+895.200E+03,+595.209E-06
+895.300E+03,+596.029E-06
+895.400E+03,+596.849E-06
+895.500E+03,+597.669E-06
+895.600E+03,+598.489E-06
+895.700E+03,+599.309E-06
+895.800E+03,+600.129E-06
+895.900E+03,+600.949E-06
+896.000E+03,+601.769E-06
+896.100E+03,+602.589E-06
+896.200E+03,+603.409E-06
+896.300E+03,+604.229E-06
+896.400E+03,+605.049E-06
+896.500E+03,+605.869E-06
+896.600E+03,+606.689E-06
+896.700E+03,+607.509E-06
+896.800E+03,+608.329E-06
+896.900E+03,+609.149E-06
+897.000E+03,+609.969E-06
+897.100E+03,+610.789E-06
+897.200E+03,+611.609E-06
+897.300E+03,+612.429E-06
+897.400E+03,+613.249E-06
+897.500E+03,+614.069E-06
+897.600E+03,+614.889E-06
+897.700E+03,+615.709E-06
+897.800E+03,+616.529E-06
+897.900E+03,+617.349E-06
+898.000E+03,+618.169E-06
+898.100E+03,+618.989E-06
+898.200E+03,+619.809E-06
+898.300E+03,+620.629E-06
+898.400E+03,+621.449E-06
+898.500E+03,+622.269E-06
+898.600E+03,+623.089E-06
+898.700E+03,+623.909E-06
+898.800E+03,+624.729E-06
+898.900E+03,+625.549E-06
+899.000E+03,+626.369E-06
+899.100E+03,+627.189E-06
+899.200E+03,+628.009E-06
+899.300E+03,+628.829E-06
+899.400E+03,+629.649E-06
+899.500E+03,+630.469E-06
+899.600E+03,+631.289E-06
+899.700E+03,+632.109E-06
+899.800E+03,+632.929E-06
+899.900E+03,+633.749E-06
+900.000E+03,+634.569E-06
+900.100E+03,+635.389E-06
+900.200E+03,+636.209E-06
+900.300E+03,+635.875E-06
+900.400E+03,+633.027E-06
+900.500E+03,+630.179E-06
+900.600E+03,+627.331E-06
+900.700E+03,+624.483E-06
+900.800E+03,+621.635E-06
+900.900E+03,+618.787E-06
+901.000E+03,+615.939E-06
+901.100E+03,+613.091E-06
+901.200E+03,+610.243E-06
+901.300E+03,+607.395E-06
+901.400E+03,+604.547E-06
+901.500E+03,+601.699E-06
+901.600E+03,+598.851E-06
+901.700E+03,+596.003E-06
+901.800E+03,+593.155E-06
+901.900E+03,+590.307E-06
+902.000E+03,+587.459E-06
+902.100E+03,+584.611E-06
+902.200E+03,+581.763E-06
+902.300E+03,+578.915E-06
+902.400E+03,+576.067E-06
+902.500E+03,+573.219E-06
+902.600E+03,+570.371E-06
+902.700E+03,+567.523E-06
+902.800E+03,+564.675E-06
+902.900E+03,+561.827E-06
+903.000E+03,+558.979E-06
+903.100E+03,+556.131E-06
+903.200E+03,+553.283E-06
+903.300E+03,+550.435E-06
+903.400E+03,+547.587E-06
+903.500E+03,+544.739E-06
+903.600E+03,+541.891E-06
+903.700E+03,+539.043E-06
+903.800E+03,+536.195E-06
+903.900E+03,+533.347E-06
+904.000E+03,+530.499E-06
+904.100E+03,+527.651E-06
+904.200E+03,+524.803E-06
+904.300E+03,+521.955E-06
+904.400E+03,+519.107E-06
+904.500E+03,+516.259E-06
+904.600E+03,+513.411E-06
+904.700E+03,+510.563E-06
+904.800E+03,+507.715E-06
+904.900E+03,+504.867E-06
+905.000E+03,+502.019E-06
+905.100E+03,+499.171E-06
+905.200E+03,+496.323E-06
+905.300E+03,+493.475E-06
+905.400E+03,+490.627E-06
+905.500E+03,+487.779E-06
+905.600E+03,+484.931E-06
+905.700E+03,+482.083E-06
+905.800E+03,+479.235E-06
+905.900E+03,+476.387E-06
+906.000E+03,+473.539E-06
+906.100E+03,+470.691E-06
+906.200E+03,+467.843E-06
+906.300E+03,+464.995E-06
+906.400E+03,+462.147E-06
+906.500E+03,+459.299E-06
+906.600E+03,+456.451E-06
+906.700E+03,+453.603E-06
+906.800E+03,+450.755E-06
+906.900E+03,+447.907E-06
+907.000E+03,+445.059E-06
+907.100E+03,+442.211E-06
+907.200E+03,+439.363E-06
+907.300E+03,+436.515E-06
+907.400E+03,+433.667E-06
+907.500E+03,+430.819E-06
+907.600E+03,+427.971E-06
+907.700E+03,+425.123E-06
+907.800E+03,+422.275E-06
+907.900E+03,+419.427E-06
+908.000E+03,+416.579E-06
+908.100E+03,+413.731E-06
+908.200E+03,+410.883E-06
+908.300E+03,+408.035E-06
+908.400E+03,+405.187E-06
+908.500E+03,+402.339E-06
+908.600E+03,+399.491E-06
+908.700E+03,+396.643E-06
+908.800E+03,+393.795E-06
+908.900E+03,+390.947E-06
+909.000E+03,+388.099E-06
+909.100E+03,+385.251E-06
+909.200E+03,+382.403E-06
+909.300E+03,+379.555E-06
+909.400E+03,+376.707E-06
+909.500E+03,+373.859E-06
+909.600E+03,+371.011E-06
+909.700E+03,+368.163E-06
+909.800E+03,+365.315E-06
+909.900E+03,+362.467E-06
+910.000E+03,+359.619E-06
+910.100E+03,+356.771E-06
+910.200E+03,+353.923E-06
+910.300E+03,+351.075E-06
+910.400E+03,+348.227E-06
+910.500E+03,+345.379E-06
+910.600E+03,+342.531E-06
+910.700E+03,+339.683E-06
+910.800E+03,+336.835E-06
+910.900E+03,+333.987E-06
+911.000E+03,+331.139E-06
+911.100E+03,+328.291E-06
+911.200E+03,+325.443E-06
+911.300E+03,+322.595E-06
+911.400E+03,+319.747E-06
+911.500E+03,+316.899E-06
+911.600E+03,+314.051E-06
+911.700E+03,+311.203E-06
+911.800E+03,+308.355E-06
+911.900E+03,+305.507E-06
+912.000E+03,+302.659E-06
+912.100E+03,+299.811E-06
+912.200E+03,+296.963E-06
+912.300E+03,+294.115E-06
+912.400E+03,+291.267E-06
+912.500E+03,+288.419E-06
+912.600E+03,+285.571E-06
+912.700E+03,+282.723E-06
+912.800E+03,+279.875E-06
+912.900E+03,+277.027E-06
+913.000E+03,+274.179E-06
+913.100E+03,+271.331E-06
+913.200E+03,+268.483E-06
+913.300E+03,+265.635E-06
+913.400E+03,+262.787E-06
+913.500E+03,+259.939E-06
+913.600E+03,+257.091E-06
+913.700E+03,+254.243E-06
+913.800E+03,+251.395E-06
+913.900E+03,+248.547E-06
+914.000E+03,+245.699E-06
+914.100E+03,+242.851E-06
+914.200E+03,+240.003E-06
+914.300E+03,+237.155E-06
+914.400E+03,+234.307E-06
+914.500E+03,+231.459E-06
+914.600E+03,+228.611E-06
+914.700E+03,+225.763E-06
+914.800E+03,+222.915E-06
+914.900E+03,+220.067E-06
+915.000E+03,+217.219E-06
+915.100E+03,+214.371E-06
+915.200E+03,+211.523E-06
+915.300E+03,+208.675E-06
+915.400E+03,+205.827E-06
+915.500E+03,+202.979E-06
+915.600E+03,+202.913E-06
+915.700E+03,+203.893E-06
+915.800E+03,+204.873E-06
+915.900E+03,+205.853E-06
+916.000E+03,+206.833E-06
+916.100E+03,+207.813E-06
+916.200E+03,+208.793E-06
+916.300E+03,+209.773E-06
+916.400E+03,+210.753E-06
+916.500E+03,+211.733E-06
+916.600E+03,+212.713E-06
+916.700E+03,+213.693E-06
+916.800E+03,+214.673E-06
+916.900E+03,+215.653E-06
+917.000E+03,+216.633E-06
+917.100E+03,+217.613E-06
+917.200E+03,+218.593E-06
+917.300E+03,+219.573E-06
+917.400E+03,+220.553E-06
+917.500E+03,+221.533E-06
+917.600E+03,+222.513E-06
+917.700E+03,+223.493E-06
+917.800E+03,+224.473E-06
+917.900E+03,+225.453E-06
